num_evs,num_tasks,ev_range,maze_loop_percentage,maze_size,bms,timesteps,num_tasks_finished,ev_distance,drone_distance
10,25,1700,90,35,0,83,10,178.0,0.0
10,34,2600,90,36,1,93,24,430.0,283.70423132273487
10,28,2800,90,38,1,81,24,416.0,305.29509993937955
10,26,2800,90,39,0,135,19,508.0,0.0
10,28,2400,90,46,1,89,13,296.0,241.67382032853607
10,39,1900,90,38,0,141,13,308.0,0.0
10,38,1900,90,42,0,91,15,264.0,0.0
10,20,2400,90,49,1,65,7,128.0,76.52148827082286
10,40,2800,90,35,1,77,37,532.0,538.7744811212079
10,24,2000,90,40,0,73,11,168.0,0.0
10,36,2000,90,44,1,73,15,264.0,420.58054313734664
10,29,1900,90,45,0,63,7,124.0,0.0
10,29,1800,90,38,1,69,12,260.0,222.13322923408086
10,35,2000,90,46,1,73,6,216.0,114.35713201722406
10,30,2200,90,41,0,155,14,390.0,0.0
10,40,2600,90,42,0,143,25,588.0,0.0
10,36,1900,90,45,0,67,12,234.0,0.0
10,29,2200,90,47,1,83,13,246.0,214.0639746486498
10,30,1900,90,43,1,75,11,214.0,201.47498853812823
10,34,2400,90,38,0,171,23,532.0,0.0
10,20,2600,90,35,0,89,18,402.0,0.0
10,39,2200,90,38,1,83,23,366.0,360.6939155195116
10,25,1700,90,37,0,57,9,196.0,0.0
10,33,1500,90,44,0,87,6,116.0,0.0
10,20,2200,90,46,1,81,11,276.0,149.78093311830997
10,28,2700,90,48,1,107,17,416.0,388.9831690555686
10,21,3000,90,47,1,69,17,420.0,299.5545474990041
10,34,1800,90,35,0,69,19,312.0,0.0
10,28,2700,90,39,0,51,20,352.0,0.0
10,40,2400,90,40,1,135,26,516.0,449.70761181561005
10,22,2700,90,44,0,51,12,286.0,0.0
10,30,2000,90,42,1,109,13,304.0,277.65795184509716
10,40,3000,90,47,1,161,23,610.0,401.7905459084305
10,37,2400,90,41,0,129,18,324.0,0.0
10,38,1900,90,41,1,37,12,162.0,242.2846870913187
10,33,2100,90,49,0,123,18,400.0,0.0
10,25,2700,90,38,1,65,21,332.0,271.74950960894927
10,36,2800,90,48,1,111,25,522.0,582.1865922257682
10,29,1500,90,37,0,57,9,166.0,0.0
10,31,1600,90,44,0,61,11,218.0,0.0
10,32,2300,90,39,1,83,21,438.0,397.705942348829
10,36,2900,90,37,0,165,32,730.0,0.0
10,26,2400,90,38,1,85,23,464.0,380.53635492038916
10,21,1800,90,39,0,57,5,110.0,0.0
10,39,2400,90,42,0,75,16,378.0,0.0
10,32,2900,90,41,0,111,25,596.0,0.0
10,39,2100,90,46,1,67,14,254.0,205.86954495622348
10,32,3000,90,38,0,165,28,634.0,0.0
10,39,2700,90,41,1,71,27,406.0,661.6307068898514
10,20,2000,90,43,1,39,7,132.0,72.01414776632518
10,32,1900,90,50,1,67,10,242.0,277.6968985172915
10,37,2400,90,47,0,115,13,238.0,0.0
10,21,1700,90,38,0,97,11,224.0,0.0
10,39,2100,90,45,0,73,11,218.0,0.0
10,37,1600,90,47,1,39,4,94.0,63.709627801950695
10,24,2900,90,45,1,105,15,446.0,332.1946625139092
10,21,2700,90,46,1,105,12,368.0,258.0044934434208
10,25,2500,90,46,0,95,10,360.0,0.0
10,26,2900,90,39,0,157,21,458.0,0.0
10,26,2700,90,49,1,99,12,320.0,184.2975854449403
10,30,2400,90,40,0,71,17,340.0,0.0
10,37,1800,90,44,1,51,8,88.0,155.41963355828594
10,21,2000,90,50,1,61,6,130.0,124.85405314068308
10,37,2500,90,48,0,87,14,298.0,0.0
10,24,1900,90,48,1,61,10,172.0,198.94153719618217
10,31,2500,90,50,0,187,11,324.0,0.0
10,36,2900,90,50,1,159,25,606.0,616.4562705873477
10,32,2100,90,41,0,79,14,302.0,0.0
10,33,1800,90,40,0,35,8,158.0,0.0
10,25,2600,90,41,1,103,18,470.0,465.6985452408568
10,30,3000,90,41,1,119,20,552.0,402.40791308692457
10,24,2800,90,45,1,73,15,368.0,282.7182384573109
10,22,2400,90,35,0,89,17,332.0,0.0
10,28,3000,90,44,0,161,23,642.0,0.0
10,27,2900,90,36,0,55,25,450.0,0.0
10,30,1800,90,42,1,67,13,180.0,236.9983686182535
10,27,1600,90,37,0,31,9,146.0,0.0
10,25,1600,90,38,1,61,7,134.0,46.084653754077664
10,22,2900,90,35,1,73,21,414.0,313.6255151026743
10,29,3000,90,48,1,159,19,546.0,393.0013435153211
10,36,2200,90,39,1,81,19,250.0,426.2910519106332
10,37,2200,90,49,1,69,12,252.0,132.3222771367693
10,35,2900,90,50,0,143,25,612.0,0.0
10,24,1500,90,42,0,41,4,102.0,0.0
10,31,1500,90,49,0,25,2,50.0,0.0
10,34,2900,90,40,0,161,29,658.0,0.0
10,35,2200,90,39,0,83,14,274.0,0.0
10,27,2900,90,36,0,107,22,452.0,0.0
10,22,2300,90,45,1,67,10,230.0,253.27117771208216
10,29,2400,90,42,1,89,16,336.0,277.2192237469232
10,32,2600,90,36,1,111,31,580.0,470.59725189622264
10,37,2500,90,45,0,97,20,484.0,0.0
10,36,2900,90,48,1,167,28,538.0,674.1805317776068
10,26,2800,90,36,0,99,22,488.0,0.0
10,35,1700,90,43,0,115,13,234.0,0.0
10,29,2400,90,43,1,77,20,376.0,474.81242566464294
10,39,2100,90,40,1,71,18,204.0,255.70270699668956
10,34,1700,90,46,1,31,4,86.0,42.21702824889785
10,20,1900,90,48,0,37,4,100.0,0.0
10,21,2600,85,38,1,99,12,374.0,227.72768715101694
10,38,3000,90,50,0,173,16,580.0,0.0
10,25,2700,85,47,1,103,12,346.0,154.95994162621818
10,20,2400,85,38,0,91,15,332.0,0.0
10,38,2100,85,50,0,81,14,310.0,0.0
10,36,2100,85,39,1,83,13,286.0,209.20191909007409
10,36,2400,85,43,0,111,18,458.0,0.0
10,36,2200,85,45,1,79,14,294.0,294.0926253975568
10,29,2500,85,40,1,61,16,260.0,283.8703792759833
10,23,2500,85,41,0,129,13,372.0,0.0
10,34,2900,85,37,1,103,31,476.0,453.63480907943733
10,38,2500,85,49,0,99,20,542.0,0.0
10,26,2300,85,47,1,79,12,166.0,194.94847371346137
10,24,1700,85,39,1,65,9,188.0,301.69800098150677
10,31,1900,85,42,0,73,8,204.0,0.0
10,21,2300,85,49,0,45,4,150.0,0.0
10,37,2500,85,46,0,89,20,416.0,0.0
10,28,1600,85,38,1,25,4,50.0,38.46617745661157
10,22,2100,85,42,0,75,9,166.0,0.0
10,36,1700,85,46,1,47,12,122.0,110.5055626971315
10,39,2900,85,36,0,207,39,832.0,0.0
10,22,2100,85,50,0,83,9,228.0,0.0
10,23,2200,85,50,1,171,7,244.0,112.19296089611206
10,27,1500,85,41,0,29,8,102.0,0.0
10,30,2600,85,49,1,57,10,208.0,140.6441165839066
10,29,2200,85,36,1,81,19,344.0,266.051063259188
10,27,2500,85,38,0,139,21,442.0,0.0
10,30,2400,85,43,1,87,15,368.0,268.085306205816
10,35,2600,85,39,1,55,24,346.0,410.82332103284796
10,23,1700,85,46,1,99,9,246.0,138.84232673087413
10,20,2700,85,43,0,101,14,384.0,0.0
10,27,1900,85,47,0,67,5,124.0,0.0
10,30,2200,85,36,0,85,14,338.0,0.0
10,20,2400,85,35,0,47,16,372.0,0.0
10,26,1600,85,35,0,57,8,126.0,0.0
10,31,1900,85,42,1,65,14,204.0,213.38715660314676
10,35,1800,85,42,1,63,13,232.0,258.18691153432263
10,22,2900,85,45,1,107,13,424.0,321.5897185220705
10,25,1800,85,45,0,99,11,254.0,0.0
10,31,1600,85,50,1,45,10,104.0,238.06225061966907
10,20,2500,85,39,1,81,11,294.0,324.3446748454687
10,39,2600,85,43,0,145,19,380.0,0.0
10,24,1900,85,47,0,55,4,124.0,0.0
10,36,2500,85,49,0,135,22,530.0,0.0
10,33,1700,85,50,1,29,6,58.0,100.54666406229495
10,26,1700,85,49,0,63,5,96.0,0.0
10,27,2400,85,50,1,83,12,244.0,354.0128807147826
10,40,2700,85,39,0,203,33,838.0,0.0
10,40,3000,85,45,1,173,27,758.0,491.0516030360983
10,24,2700,85,41,0,103,17,410.0,0.0
10,26,1900,85,48,1,37,2,70.0,49.043173294396595
10,21,2400,85,45,1,47,8,238.0,162.34663594401118
10,24,1800,85,47,0,35,7,152.0,0.0
10,35,2900,85,49,1,107,18,448.0,238.2298463016641
10,30,1900,85,39,0,73,12,278.0,0.0
10,22,1800,85,40,0,49,6,74.0,0.0
10,38,2600,85,35,0,145,32,606.0,0.0
10,25,1600,85,44,1,83,11,158.0,255.81119750987693
10,28,3000,85,36,1,61,26,454.0,346.7426144236904
10,38,2800,85,38,0,103,27,644.0,0.0
10,37,2900,85,40,1,109,35,824.0,682.8106791607042
10,27,1600,85,44,1,89,8,190.0,209.02011914206813
10,26,2800,85,45,0,105,19,526.0,0.0
10,30,2400,85,45,0,95,11,216.0,0.0
10,20,2700,85,47,1,105,11,378.0,189.2453549486709
10,27,2600,85,47,1,87,17,430.0,399.5205772910947
10,37,2700,85,41,0,137,28,678.0,0.0
10,40,1700,85,46,0,93,10,206.0,0.0
10,25,3000,85,40,0,101,23,556.0,0.0
10,40,1600,85,42,1,57,14,174.0,288.09180983434493
10,36,3000,85,49,1,109,24,438.0,335.01314643751743
10,35,2400,85,37,1,97,24,478.0,419.5699413239605
10,24,2100,85,49,1,75,5,144.0,58.324222934705354
10,26,2800,85,39,0,101,20,468.0,0.0
10,30,2900,85,49,0,137,17,466.0,0.0
10,26,2000,85,36,0,73,12,270.0,0.0
10,35,1900,85,43,1,57,11,114.0,194.28708360343512
10,39,3000,85,43,1,213,27,716.0,544.87560785733
10,25,2100,85,46,0,75,12,334.0,0.0
10,20,2900,85,48,0,95,12,382.0,0.0
10,20,2700,85,50,1,53,11,276.0,413.48501318080497
10,25,1600,85,38,0,53,7,118.0,0.0
10,26,1600,85,47,1,61,7,94.0,104.63539813475299
10,21,2200,85,36,0,85,15,296.0,0.0
10,26,2700,85,45,1,65,12,306.0,297.33909847538877
10,23,2200,85,36,1,57,18,314.0,272.0158717283682
10,25,2900,85,46,1,107,16,362.0,269.3265392414615
10,27,2700,85,46,0,145,17,584.0,0.0
10,38,2300,85,46,0,75,15,314.0,0.0
10,30,2200,85,35,1,65,21,354.0,323.94684944072395
10,33,2000,85,48,1,73,16,222.0,452.8517389554983
10,26,1500,85,39,0,59,6,120.0,0.0
10,25,1800,85,49,0,53,8,146.0,0.0
10,26,2700,85,49,1,87,6,230.0,109.2114146033124
10,21,2100,85,36,0,75,14,302.0,0.0
10,20,2500,85,41,1,75,13,322.0,200.19635450783215
10,20,2800,85,50,0,55,10,242.0,0.0
10,34,2200,85,39,1,83,17,412.0,325.91332284523844
10,28,2400,85,36,1,67,19,322.0,266.53811755698854
10,23,2900,85,50,0,111,14,398.0,0.0
10,26,2700,80,44,0,107,17,466.0,0.0
10,39,2400,80,45,1,79,25,422.0,506.27319682794064
10,30,2100,85,49,0,63,9,172.0,0.0
10,24,2900,80,36,1,89,21,424.0,394.6075712981695
10,22,2600,80,36,1,59,16,398.0,237.6031760564308
10,20,1800,80,36,0,35,6,70.0,0.0
10,28,2600,80,40,1,73,23,382.0,403.20951901588353
10,21,2800,80,36,1,91,20,422.0,237.25883018461974
10,36,2900,80,43,0,169,26,606.0,0.0
10,36,2200,80,48,0,125,13,236.0,0.0
10,36,2500,80,37,0,91,25,450.0,0.0
10,32,2400,80,38,0,91,26,532.0,0.0
10,29,1700,80,43,0,51,8,146.0,0.0
10,31,1900,80,43,1,105,10,238.0,179.54887997216935
10,38,2200,80,35,0,113,23,494.0,0.0
10,26,2100,80,40,1,53,13,218.0,192.00355450826623
10,20,1900,80,46,1,37,3,74.0,39.44473840150929
10,39,1900,80,41,1,55,12,148.0,157.05970593266156
10,39,2600,80,39,0,99,26,438.0,0.0
10,27,2100,80,48,1,41,10,138.0,253.29575576153718
10,21,1900,80,37,0,61,10,186.0,0.0
10,21,2100,80,48,0,41,9,180.0,0.0
10,31,2600,80,46,1,71,18,278.0,316.1555051835829
10,27,1800,80,47,1,57,6,176.0,84.23628956234101
10,25,2500,80,35,1,93,21,454.0,315.44269983819794
10,29,1700,80,44,1,33,7,140.0,222.00861683892657
10,32,3000,80,35,1,71,31,498.0,447.0595545855921
10,24,2300,80,46,0,45,9,216.0,0.0
10,22,3000,80,47,0,57,13,312.0,0.0
10,22,3000,80,40,0,91,17,398.0,0.0
10,33,2700,80,50,0,103,12,362.0,0.0
10,31,1800,80,37,1,155,15,302.0,176.7441140019242
10,29,2100,80,41,1,59,7,150.0,131.5597304480525
10,39,2100,80,44,1,73,19,302.0,461.3439672637959
10,37,2900,80,45,0,55,15,398.0,0.0
10,34,2400,80,48,0,93,15,270.0,0.0
10,38,1900,80,49,0,83,7,150.0,0.0
10,39,2400,80,50,1,85,13,316.0,325.6721109561353
10,29,2500,80,41,0,97,16,368.0,0.0
10,31,1700,80,36,1,51,14,196.0,149.94800011601063
10,26,2800,80,40,0,103,16,472.0,0.0
10,35,1600,80,35,0,63,10,256.0,0.0
10,39,2400,80,48,1,83,19,266.0,343.0795171109179
10,21,2200,80,39,1,41,10,204.0,228.21013239241609
10,24,2500,80,46,0,75,11,262.0,0.0
10,24,2300,80,36,1,59,11,266.0,126.33764922594116
10,37,2000,80,37,0,77,15,312.0,0.0
10,28,2400,80,39,1,57,15,326.0,323.7857323930939
10,34,2200,80,35,1,61,22,306.0,306.80716460478044
10,36,1800,80,39,0,61,10,144.0,0.0
10,33,2100,80,40,0,105,17,334.0,0.0
10,31,3000,80,36,1,73,28,492.0,359.0972620819263
10,28,2500,80,43,0,125,14,390.0,0.0
10,25,1800,80,39,1,43,7,142.0,213.7973999972065
10,27,2300,80,36,1,57,20,262.0,221.83771083543303
10,30,1700,80,49,1,39,10,144.0,109.92949582616593
10,22,2900,80,40,0,103,19,448.0,0.0
10,35,2400,80,35,1,129,30,502.0,356.4706753326184
10,34,2600,80,48,0,91,16,316.0,0.0
10,23,2700,80,41,1,139,17,384.0,343.042494058619
10,30,1500,80,41,1,43,8,160.0,190.0705530802848
10,30,2800,80,49,0,147,17,504.0,0.0
10,35,1600,80,45,0,29,3,58.0,0.0
10,21,2400,80,40,0,89,11,324.0,0.0
10,20,1500,80,49,0,27,3,28.0,0.0
10,35,1900,80,39,0,109,13,314.0,0.0
10,31,1700,80,37,0,55,12,228.0,0.0
10,34,1500,80,41,1,47,10,124.0,217.56497385586505
10,22,2600,80,38,0,87,16,380.0,0.0
10,26,2800,80,37,0,103,22,534.0,0.0
10,34,2500,80,46,1,95,18,378.0,240.73010454056748
10,20,2900,80,50,1,111,10,330.0,315.4973316287799
10,21,2500,80,47,1,49,10,252.0,151.513174374094
10,21,2700,80,40,0,97,13,418.0,0.0
10,31,2900,80,41,1,79,22,364.0,499.34412676913183
10,40,2400,80,46,1,135,21,520.0,282.62419728953273
10,30,2000,80,47,0,37,5,146.0,0.0
10,32,2900,80,37,1,113,29,568.0,437.9628257069898
10,37,2600,80,48,0,83,15,366.0,0.0
10,35,2300,80,45,1,45,16,290.0,417.74745610755167
10,22,2900,80,37,0,103,20,510.0,0.0
10,39,1600,80,44,1,41,6,56.0,77.43025875928859
10,30,2200,80,41,1,67,12,244.0,241.32481090594072
10,24,2200,80,40,1,121,19,382.0,259.64427006243284
10,27,1800,80,44,0,63,7,64.0,0.0
10,30,1500,80,45,0,29,4,70.0,0.0
10,37,2400,80,38,0,91,25,512.0,0.0
10,32,2200,80,49,0,103,14,246.0,0.0
10,37,2800,80,45,1,101,23,548.0,495.7719668330371
10,22,2000,80,39,0,71,8,170.0,0.0
10,33,1800,80,35,0,71,16,292.0,0.0
10,25,2300,80,35,0,85,18,430.0,0.0
10,24,2600,80,44,1,93,17,414.0,372.53162490716994
10,24,2300,80,48,1,45,7,168.0,150.3568363686945
10,23,2400,80,40,1,89,19,380.0,290.96068593884695
10,28,2500,80,39,0,99,15,410.0,0.0
10,37,2100,80,44,1,123,21,358.0,359.75127458813705
10,35,2100,80,38,1,125,15,314.0,275.90350541729805
10,40,1900,80,38,0,139,22,472.0,0.0
10,27,2200,80,36,1,53,15,324.0,196.34887417952314
10,20,1800,80,39,0,65,6,128.0,0.0
10,20,2700,75,38,1,87,19,466.0,313.7059690186357
10,31,1900,75,37,0,103,18,312.0,0.0
10,27,2600,75,39,1,97,18,410.0,345.1869577540231
10,28,1500,75,35,1,75,13,196.0,145.36428110870278
10,26,2400,75,41,1,57,11,216.0,201.03324498409847
10,36,2000,75,40,0,75,10,250.0,0.0
10,36,2300,75,47,0,125,14,418.0,0.0
10,38,1900,75,37,0,93,13,260.0,0.0
10,22,2600,75,36,0,85,17,374.0,0.0
10,21,1700,75,42,1,41,5,76.0,110.37686097153141
10,40,2100,75,38,1,75,23,298.0,298.12229108751694
10,31,2600,75,37,0,135,26,532.0,0.0
10,22,2500,75,35,1,99,21,512.0,350.6092009931455
10,29,1500,75,49,0,21,1,22.0,0.0
10,38,2300,75,39,0,131,22,594.0,0.0
10,37,2800,75,47,1,199,20,526.0,269.19405304813296
10,38,2400,75,48,1,135,15,356.0,335.019819466296
10,29,2200,75,45,0,85,8,230.0,0.0
10,30,2200,75,48,1,51,10,156.0,226.61875854177384
10,38,2500,75,35,1,63,28,388.0,348.9397437799226
10,21,2600,75,42,1,49,8,224.0,92.81178592128154
10,31,1800,75,48,0,65,6,162.0,0.0
10,26,2800,75,38,0,157,22,510.0,0.0
10,37,1800,75,36,1,69,14,282.0,168.7258413953548
10,22,2500,75,36,1,93,15,418.0,165.50883305348788
10,20,1900,75,37,0,31,6,106.0,0.0
10,31,2200,75,50,0,87,11,232.0,0.0
10,23,1900,75,46,0,19,1,20.0,0.0
10,23,2500,75,38,1,127,18,418.0,257.4368977598039
10,36,2500,75,38,0,137,24,574.0,0.0
10,23,2600,75,47,1,93,15,324.0,185.63424952368845
10,34,1600,75,46,0,57,6,84.0,0.0
10,20,2700,75,47,1,59,10,224.0,135.2435989047218
10,37,3000,75,48,1,61,16,286.0,289.53101488406077
10,21,2600,75,50,0,95,11,238.0,0.0
10,33,1900,75,35,0,99,15,334.0,0.0
10,38,1800,75,42,1,45,12,176.0,234.66054165237298
10,40,2800,75,42,0,167,33,768.0,0.0
10,32,2900,75,38,0,111,32,604.0,0.0
10,21,2500,75,35,0,93,18,488.0,0.0
10,25,2200,75,35,1,61,18,272.0,178.26023329070816
10,27,2100,75,46,1,81,9,230.0,158.9006816678981
10,33,3000,75,42,0,115,20,616.0,0.0
10,39,2700,75,41,1,209,28,570.0,529.9067441205369
10,20,2000,75,50,1,45,4,86.0,72.87894689386778
10,29,2500,75,35,1,49,24,326.0,277.9304328307068
10,30,2100,75,49,0,39,6,112.0,0.0
10,28,2300,75,41,0,83,15,296.0,0.0
10,39,1700,75,37,1,37,8,106.0,111.15921671291017
10,24,2100,75,37,0,67,9,204.0,0.0
10,21,1800,75,41,0,57,4,82.0,0.0
10,27,1900,75,45,1,89,6,156.0,107.51298007859886
10,33,3000,75,43,1,117,23,708.0,354.48919625825033
10,33,2500,75,48,0,91,13,332.0,0.0
10,27,2800,75,47,1,75,14,288.0,227.79957392654592
10,27,1700,75,37,0,93,14,290.0,0.0
10,38,3000,75,42,0,109,27,636.0,0.0
10,36,2600,75,37,0,95,24,520.0,0.0
10,28,1700,75,36,1,53,12,218.0,105.91192366874171
10,20,2300,75,46,1,41,6,136.0,71.76091243398285
10,20,2500,75,47,0,89,10,284.0,0.0
10,20,2200,75,46,1,71,7,182.0,80.58920423268934
10,24,2100,75,50,1,37,6,70.0,139.55100052036948
10,33,1500,75,37,1,51,7,118.0,74.37604012939279
10,22,2500,75,39,0,89,14,336.0,0.0
10,31,2600,75,39,1,101,17,466.0,385.64535502179416
10,28,3000,75,45,0,215,22,748.0,0.0
10,25,2500,75,42,0,97,13,436.0,0.0
10,26,2200,75,49,1,107,11,302.0,99.40966529904563
10,24,2600,75,50,0,89,5,140.0,0.0
10,24,2300,75,35,1,55,15,258.0,230.4703432553028
10,24,2500,75,38,0,99,12,362.0,0.0
10,20,2500,75,40,1,63,15,272.0,250.30660866668754
10,26,2300,75,46,0,43,6,142.0,0.0
10,30,1600,75,47,1,19,1,20.0,10.074009447944972
10,28,2500,75,48,1,89,13,390.0,366.68900352062633
10,38,1600,75,49,0,53,5,110.0,0.0
10,27,3000,75,35,0,113,25,516.0,0.0
10,35,2300,75,37,0,161,25,544.0,0.0
10,23,1500,75,44,1,45,5,120.0,179.3365773502588
10,21,2800,75,38,1,157,18,488.0,352.0246168637958
10,33,2300,75,44,1,93,20,412.0,477.6968522375003
10,40,1600,75,42,0,31,7,120.0,0.0
10,36,2900,75,35,1,113,32,592.0,513.0196854126037
10,25,1500,75,41,1,57,7,146.0,136.44964535670053
10,20,2600,75,44,0,51,9,238.0,0.0
10,24,2200,75,36,0,43,15,300.0,0.0
10,24,2600,75,45,0,89,8,270.0,0.0
10,26,1700,75,41,1,59,13,228.0,346.4055354516277
10,25,3000,75,38,1,65,20,380.0,334.6820295635908
10,25,1800,75,44,0,93,5,116.0,0.0
10,26,2500,75,43,0,97,16,438.0,0.0
10,32,2900,75,40,0,105,19,570.0,0.0
10,20,1700,75,43,1,49,6,92.0,165.58584745497527
10,29,1700,75,50,1,25,3,66.0,103.94069037938394
10,35,2600,75,39,0,103,24,454.0,0.0
10,26,3000,75,48,0,117,16,580.0,0.0
10,37,2700,75,37,1,109,35,596.0,505.099143576024
10,25,1900,70,37,1,65,9,196.0,73.46846095264576
10,20,1600,75,47,1,29,2,48.0,35.352927616626694
10,25,1900,75,40,0,37,7,118.0,0.0
10,40,2300,70,39,0,77,17,354.0,0.0
10,31,2600,70,43,0,95,15,386.0,0.0
10,26,2800,70,39,0,101,20,512.0,0.0
10,27,2000,70,36,1,39,10,146.0,95.41848761682438
10,37,3000,70,48,1,109,20,416.0,409.66379404033165
10,37,1600,70,39,0,53,9,146.0,0.0
10,33,1900,70,42,0,89,9,112.0,0.0
10,21,1800,70,50,1,91,6,132.0,162.06783742559642
10,26,2500,70,46,1,67,12,268.0,186.13228539095255
10,27,1800,70,35,0,35,9,142.0,0.0
10,40,2500,70,46,1,75,14,346.0,170.02136822168342
10,31,3000,70,35,1,115,29,594.0,533.4433709635673
10,27,1700,70,39,1,59,11,204.0,251.48049318624066
10,37,2600,70,40,0,149,23,640.0,0.0
10,22,2200,70,43,0,41,11,186.0,0.0
10,39,2300,70,40,0,85,18,360.0,0.0
10,40,3000,70,50,1,119,24,588.0,537.52813926406
10,25,2500,70,39,1,49,12,298.0,359.19692048669395
10,24,2100,70,38,0,83,12,252.0,0.0
10,30,2500,70,49,1,95,13,334.0,208.6267175410711
10,35,1800,70,46,0,63,5,98.0,0.0
10,40,2900,70,45,1,101,17,506.0,383.8709331845354
10,33,2200,70,48,0,87,9,244.0,0.0
10,21,2300,70,43,1,69,8,198.0,115.99486430262198
10,28,3000,70,39,0,111,26,624.0,0.0
10,30,2400,70,43,1,107,18,380.0,347.56534977122413
10,29,1700,70,46,0,33,7,92.0,0.0
10,25,1700,70,46,1,31,3,86.0,42.535306633187574
10,23,2500,70,38,1,91,9,280.0,161.44711735077604
10,36,2000,70,46,0,47,7,158.0,0.0
10,29,2500,70,43,0,129,19,444.0,0.0
10,31,1900,70,37,0,75,13,344.0,0.0
10,22,1700,70,43,1,57,7,150.0,165.26156617961274
10,22,2000,70,48,1,47,5,88.0,81.30939201846809
10,22,2600,70,48,0,87,9,258.0,0.0
10,34,1700,70,46,0,57,7,172.0,0.0
10,39,2500,70,48,1,115,18,364.0,488.1170202783678
10,33,1800,70,48,1,71,4,134.0,137.03638631717772
10,36,2600,70,46,0,93,14,336.0,0.0
10,24,2800,70,50,0,51,10,260.0,0.0
10,35,1600,70,47,1,39,8,108.0,112.02756497894944
10,35,2300,70,46,0,85,11,166.0,0.0
10,21,2600,70,42,0,147,16,494.0,0.0
10,23,2200,70,49,1,43,6,146.0,82.59546671274241
10,33,2100,70,44,1,67,10,174.0,235.57345654991386
10,39,2700,70,37,1,151,33,518.0,520.650581209187
10,20,2500,70,36,0,83,14,418.0,0.0
10,30,2400,70,42,1,113,19,462.0,356.61217257881503
10,36,1900,70,41,1,69,6,162.0,173.27734219090783
10,38,1900,70,47,0,53,8,128.0,0.0
10,25,2300,70,43,1,67,10,176.0,262.9911735320007
10,37,2500,70,42,1,141,23,476.0,378.0890364388267
10,34,3000,70,44,0,159,27,762.0,0.0
10,40,2900,70,50,0,143,17,554.0,0.0
10,36,1700,70,39,1,91,12,272.0,264.0111474301601
10,31,2600,70,35,0,143,23,488.0,0.0
10,39,3000,70,39,1,99,35,594.0,645.805708083626
10,34,2800,70,49,0,157,16,596.0,0.0
10,39,2600,70,36,1,101,34,614.0,521.5458521053462
10,32,1800,70,46,0,63,6,150.0,0.0
10,21,2100,70,39,1,73,8,138.0,214.289343839816
10,23,1500,70,38,0,29,5,90.0,0.0
10,38,2500,70,46,1,93,13,260.0,194.7749151261437
10,36,2600,70,48,0,149,13,528.0,0.0
10,23,2000,70,48,0,29,4,56.0,0.0
10,25,2900,70,40,0,101,16,484.0,0.0
10,31,1500,70,48,1,51,7,100.0,217.77554709928333
10,25,2300,70,35,0,83,17,278.0,0.0
10,34,2900,70,35,0,109,29,614.0,0.0
10,36,1500,70,42,1,37,4,88.0,78.93057223919637
10,32,3000,70,45,1,167,27,792.0,613.9102599819437
10,29,2000,70,37,1,57,11,136.0,151.09225166111116
10,30,1600,70,50,1,31,2,52.0,68.12874193769352
10,32,1700,70,48,0,57,5,112.0,0.0
10,31,2400,70,37,0,91,20,384.0,0.0
10,24,1700,70,41,0,33,8,144.0,0.0
10,31,1900,70,41,1,45,12,192.0,262.3620672025559
10,22,1900,70,40,1,35,7,158.0,114.54408614244366
10,21,1600,70,46,0,27,3,56.0,0.0
10,21,2900,70,35,0,87,20,458.0,0.0
10,27,2800,70,49,1,151,16,426.0,246.60087552738736
10,26,2200,70,41,1,61,13,208.0,306.2392082804739
10,24,2000,70,42,1,55,7,128.0,138.82023009519264
10,30,2000,70,44,0,67,12,228.0,0.0
10,29,2200,70,41,0,77,12,254.0,0.0
10,26,1900,70,36,1,45,9,144.0,83.5285436133688
10,34,2300,70,37,1,85,20,442.0,316.65936493968
10,20,2800,70,50,1,55,8,218.0,164.46985338428487
10,25,2900,70,42,0,115,20,634.0,0.0
10,29,2200,70,35,0,73,16,254.0,0.0
10,39,1500,70,43,1,29,7,140.0,38.45909319741346
10,37,2900,70,47,0,167,19,488.0,0.0
10,20,2700,70,45,0,47,7,180.0,0.0
10,24,2000,70,40,1,75,6,208.0,94.82956959317842
10,21,1800,70,36,0,71,8,152.0,0.0
10,36,2800,70,40,1,161,30,624.0,529.8849865173403
10,31,2100,65,43,1,41,8,118.0,119.4947741221595
10,25,2300,70,44,0,43,7,184.0,0.0
10,35,2200,65,37,0,43,15,276.0,0.0
10,24,1800,70,45,0,59,4,60.0,0.0
10,30,2900,70,46,1,97,15,340.0,285.3429442389678
10,36,2500,65,43,1,117,12,350.0,224.12326124966694
10,22,3000,65,39,0,113,16,594.0,0.0
10,34,1600,65,37,1,29,2,56.0,14.794747810878341
10,38,2800,65,41,0,153,28,744.0,0.0
10,21,2200,65,45,0,85,8,266.0,0.0
10,38,2400,65,48,1,115,22,364.0,651.0229736163361
10,27,2800,65,42,1,63,17,364.0,244.0650027242227
10,36,2100,65,39,1,63,17,258.0,395.7579874769563
10,32,2900,65,44,0,219,23,546.0,0.0
10,23,1700,65,50,1,31,4,80.0,70.99996448518873
10,24,3000,65,50,0,59,9,276.0,0.0
10,28,1900,65,41,1,35,4,104.0,114.20563910674959
10,30,1800,65,39,1,33,5,118.0,144.02504920693585
10,24,2400,65,40,0,85,10,318.0,0.0
10,22,2500,65,50,0,143,13,360.0,0.0
10,37,1600,65,45,0,73,4,74.0,0.0
10,34,1900,65,44,1,39,6,138.0,181.69635756256952
10,20,2200,65,49,0,69,6,140.0,0.0
10,23,2900,65,41,1,113,14,426.0,330.27308865190855
10,33,2400,65,43,0,85,13,296.0,0.0
10,35,1700,65,42,1,39,6,94.0,123.1382049873084
10,22,2300,65,40,0,85,12,276.0,0.0
10,31,2100,65,49,0,95,9,250.0,0.0
10,39,2600,65,42,1,93,27,532.0,544.7501436681813
10,24,2700,65,44,0,79,11,294.0,0.0
10,28,2300,65,48,1,69,7,148.0,215.3615243802737
10,39,3000,65,40,0,167,30,764.0,0.0
10,36,2800,65,47,1,85,22,422.0,345.25547035138896
10,30,1700,65,37,1,57,14,170.0,156.3261820407038
10,36,1500,65,37,0,55,10,168.0,0.0
10,22,2700,65,43,0,99,12,278.0,0.0
10,30,2400,65,44,0,93,11,346.0,0.0
10,22,2700,65,37,1,59,20,438.0,359.36973671530745
10,40,2200,65,50,1,119,18,338.0,491.4339807398365
10,25,2200,65,50,1,107,7,204.0,145.37892300548438
10,35,1500,65,40,0,47,3,64.0,0.0
10,26,2800,65,41,1,109,18,616.0,380.50387730129796
10,28,1600,65,41,0,57,4,90.0,0.0
10,29,2200,65,49,0,75,12,198.0,0.0
10,32,1500,65,48,1,41,7,98.0,165.94057234874438
10,21,1500,65,48,1,57,4,96.0,119.43570803471749
10,34,1600,65,50,0,0,0,0.0,0.0
10,21,1800,65,45,1,45,5,100.0,163.24093688726794
10,33,1800,65,43,1,63,10,136.0,118.57373762610482
10,34,1500,65,44,0,59,7,168.0,0.0
10,25,1500,65,42,1,21,2,22.0,45.65449807536865
10,21,1800,65,49,0,61,5,98.0,0.0
10,26,1700,65,48,0,61,9,174.0,0.0
10,35,2700,65,49,1,91,12,218.0,238.0796490625307
10,27,1700,65,42,0,67,9,118.0,0.0
10,20,1600,65,35,0,53,5,98.0,0.0
10,23,2000,65,36,0,79,8,190.0,0.0
10,40,3000,65,45,1,171,29,726.0,537.9569503855398
10,23,2200,65,42,0,41,4,110.0,0.0
10,38,2200,65,37,1,85,20,388.0,378.2674031353003
10,30,2100,65,48,1,59,10,224.0,330.3259958900359
10,29,2600,65,49,1,75,15,312.0,247.51588618693447
10,39,2000,65,35,0,117,24,520.0,0.0
10,39,2200,65,37,0,83,21,420.0,0.0
10,27,2400,65,41,0,127,15,382.0,0.0
10,21,2900,65,47,1,61,12,332.0,222.84487846695282
10,40,1900,65,49,1,47,9,142.0,93.0447334952246
10,36,2700,65,48,1,97,16,296.0,459.0182251875029
10,25,2600,65,49,0,83,11,282.0,0.0
10,39,2900,65,45,1,123,25,572.0,589.0801911326624
10,28,2600,65,45,0,51,8,210.0,0.0
10,35,2300,65,46,1,121,10,284.0,131.965328195984
10,40,1700,65,39,0,51,8,162.0,0.0
10,23,2200,65,40,1,57,9,194.0,158.90419981391116
10,21,2900,65,45,1,101,12,296.0,279.796863498125
10,36,2700,65,44,0,101,16,484.0,0.0
10,32,1600,65,35,0,55,7,136.0,0.0
10,21,1900,65,38,1,51,9,156.0,120.25097010476496
10,39,2500,65,41,1,71,26,388.0,582.9744154942653
10,24,2700,65,42,0,81,16,362.0,0.0
10,28,1900,65,38,1,69,9,212.0,115.0809118800959
10,35,2000,65,36,1,77,13,192.0,127.94729883677523
10,31,2600,65,44,0,97,15,420.0,0.0
10,31,2700,65,40,0,105,20,422.0,0.0
10,25,1700,65,43,0,53,7,116.0,0.0
10,39,2700,65,49,0,159,19,514.0,0.0
10,31,2600,65,41,1,121,20,358.0,340.7438193464791
10,37,2200,65,41,0,115,16,338.0,0.0
10,29,2600,65,50,1,83,9,232.0,221.7611324947718
10,22,2000,65,39,0,75,11,220.0,0.0
10,32,2300,65,40,0,67,15,330.0,0.0
10,25,3000,65,39,0,109,19,516.0,0.0
10,26,2900,65,45,1,161,19,508.0,433.06025406920895
10,26,2900,65,46,1,107,20,488.0,291.0177115071735
10,24,2500,65,35,0,135,17,536.0,0.0
10,20,1900,65,49,1,33,3,54.0,16.11752277366804
10,39,2900,65,38,1,157,28,612.0,520.7284675153936
10,30,2700,65,47,1,145,16,434.0,240.7951104124542
10,20,1600,65,38,1,31,6,128.0,101.09640495770638
10,39,2500,60,35,0,131,26,614.0,0.0
10,37,2100,65,49,0,75,8,144.0,0.0
10,30,1600,65,49,1,27,2,52.0,28.806859237046123
10,24,2300,60,38,1,83,10,200.0,120.20706119413367
10,28,2600,65,47,0,95,7,238.0,0.0
10,34,2000,60,35,1,51,20,290.0,284.9695608351267
10,36,2500,65,50,0,137,15,454.0,0.0
10,28,2700,60,40,0,103,15,410.0,0.0
10,32,1700,60,44,0,59,8,146.0,0.0
10,22,2900,60,42,1,111,16,382.0,205.43219154913362
10,38,1700,60,44,0,65,6,142.0,0.0
10,23,2500,60,36,1,87,11,296.0,137.63101838160054
10,28,2900,60,50,1,75,13,262.0,410.70701309048866
10,36,1700,60,42,0,63,9,128.0,0.0
10,20,2400,60,38,1,95,10,300.0,133.39449938103664
10,34,2300,60,38,0,89,13,304.0,0.0
10,34,1700,60,41,1,55,6,130.0,152.4345406877561
10,21,2800,60,38,1,69,17,346.0,307.7231000003779
10,36,1800,60,47,0,71,8,162.0,0.0
10,35,1900,60,42,1,67,8,168.0,138.74977561673913
10,34,1500,60,46,0,47,6,96.0,0.0
10,35,2300,60,38,1,81,19,312.0,227.22757909644065
10,23,1600,60,39,1,59,6,104.0,127.07778800552902
10,25,1900,60,50,0,33,5,100.0,0.0
10,40,2200,60,39,0,87,18,346.0,0.0
10,27,1900,60,39,0,77,11,204.0,0.0
10,27,2100,60,42,1,81,11,168.0,130.14207439375133
10,39,1700,60,46,0,61,8,190.0,0.0
10,33,2500,60,46,0,97,14,324.0,0.0
10,21,2600,60,43,0,99,13,402.0,0.0
10,30,2500,60,47,1,83,9,278.0,164.56100177131734
10,21,2700,60,50,1,103,7,240.0,208.93347615473465
10,35,2400,60,48,1,61,14,254.0,345.30274639087907
10,37,2900,60,38,0,163,30,652.0,0.0
10,34,2000,60,40,1,53,13,186.0,191.53151922921955
10,23,2500,60,43,0,91,10,368.0,0.0
10,36,2700,60,42,0,141,17,416.0,0.0
10,33,1600,60,45,1,31,5,118.0,135.44098650495698
10,21,1600,60,47,0,29,4,56.0,0.0
10,23,1700,60,46,1,49,6,96.0,68.44665251579468
10,31,2800,60,41,1,101,21,528.0,438.6844571725928
10,23,3000,60,39,0,57,21,428.0,0.0
10,21,1600,60,41,1,29,4,88.0,46.43719759389991
10,25,2200,60,36,1,81,16,266.0,157.5922979166729
10,33,2100,60,45,1,75,12,220.0,213.92959288193805
10,24,2300,60,40,0,83,13,314.0,0.0
10,25,2800,60,46,0,103,11,300.0,0.0
10,35,2800,60,46,0,97,17,352.0,0.0
10,40,2200,60,43,0,157,14,390.0,0.0
10,33,1500,60,50,1,27,1,28.0,28.09365887079963
10,28,2200,60,38,1,45,11,178.0,95.31512264704918
10,38,2800,60,41,1,161,31,780.0,547.5342650929437
10,25,3000,60,35,1,175,24,702.0,386.6540462320699
10,39,1800,60,42,0,33,6,98.0,0.0
10,30,1500,60,44,0,29,2,54.0,0.0
10,38,2200,60,40,1,119,11,300.0,163.7496342863259
10,21,2600,60,43,0,65,12,230.0,0.0
10,24,1600,60,39,0,59,3,86.0,0.0
10,20,2100,60,35,1,111,7,242.0,46.245380867902185
10,22,2100,60,40,1,69,7,184.0,94.86712952548527
10,29,1700,60,36,0,63,9,190.0,0.0
10,28,2900,60,35,1,113,21,520.0,276.98950109404063
10,35,2200,60,47,0,113,14,306.0,0.0
10,37,1700,60,47,0,55,3,80.0,0.0
10,35,1500,60,50,0,27,2,28.0,0.0
10,26,1700,60,49,1,31,2,56.0,33.71229328163929
10,26,2800,60,35,0,107,23,596.0,0.0
10,22,2400,60,46,1,43,4,112.0,77.89914077356882
10,22,2600,60,35,1,87,17,414.0,244.91766174269102
10,28,2800,60,40,1,109,16,412.0,193.62992344103986
10,32,1500,60,41,0,29,3,30.0,0.0
10,22,2900,60,39,1,115,19,516.0,330.1637433220822
10,20,1600,60,37,0,55,7,136.0,0.0
10,39,2900,60,46,0,211,24,672.0,0.0
10,20,1800,60,41,1,33,7,128.0,128.83583392091757
10,24,1500,60,36,1,29,4,76.0,17.68004640907316
10,31,2300,60,36,0,89,15,344.0,0.0
10,37,3000,60,39,1,171,30,650.0,489.086698633107
10,36,2000,60,40,0,59,5,124.0,0.0
10,26,1900,60,36,1,53,12,202.0,129.18457884704637
10,22,1500,60,38,0,27,5,104.0,0.0
10,32,2300,60,47,0,85,12,300.0,0.0
10,29,2300,60,35,1,115,18,404.0,219.3818257021679
10,20,2100,60,42,1,41,8,196.0,206.62914651231478
10,29,1600,60,43,0,53,9,122.0,0.0
10,35,2800,60,46,1,149,20,446.0,320.2419148470881
10,30,2900,60,37,1,61,20,366.0,358.62428930442474
10,25,1500,60,42,0,29,3,46.0,0.0
10,26,2800,60,49,0,95,13,384.0,0.0
10,33,2900,60,39,0,147,22,754.0,0.0
10,35,2600,60,49,1,57,12,204.0,99.87308392284726
10,25,2400,60,41,0,73,12,248.0,0.0
10,30,2900,60,47,1,113,14,344.0,139.1805711839476
10,20,2400,60,49,0,43,8,166.0,0.0
10,24,1500,60,45,0,51,3,52.0,0.0
10,33,2200,60,50,1,79,8,260.0,206.45405812864198
10,24,1900,60,39,1,99,13,282.0,292.71850619649354
10,36,2500,60,37,1,95,25,526.0,519.0761253247861
10,22,1700,60,49,1,33,6,102.0,60.399694940692534
10,22,1700,60,46,0,35,3,66.0,0.0
10,22,1900,60,50,0,87,5,114.0,0.0
10,27,2900,60,41,0,109,21,636.0,0.0
10,34,1700,60,40,1,53,8,118.0,99.55508708323127
10,23,2100,55,37,0,97,9,208.0,0.0
10,38,1500,55,35,1,29,6,86.0,52.048683327651034
10,25,2500,55,43,1,71,7,150.0,131.54442665729417
10,24,2300,55,45,0,85,14,280.0,0.0
10,21,2000,60,47,0,39,4,78.0,0.0
10,31,2600,55,48,1,47,5,126.0,133.9367260818581
10,30,2300,55,50,0,73,6,188.0,0.0
10,39,2300,55,38,1,87,19,350.0,272.34551557274284
10,33,3000,55,41,1,93,21,498.0,508.09981791141024
10,34,1500,55,43,0,29,3,50.0,0.0
10,27,2700,55,41,1,59,11,266.0,148.63335245831013
10,38,2300,55,45,0,129,12,320.0,0.0
10,39,1600,55,46,0,111,7,172.0,0.0
10,21,2900,55,36,1,161,15,492.0,164.24491829034724
10,23,2800,55,36,0,55,16,322.0,0.0
10,35,2800,55,41,1,161,24,580.0,611.7137335810645
10,33,1900,55,37,1,83,13,238.0,176.84687328196503
10,33,2200,55,50,1,97,11,178.0,195.56069011307972
10,30,2700,55,46,0,147,10,262.0,0.0
10,40,2000,55,50,0,75,9,214.0,0.0
10,29,2000,55,35,0,111,10,232.0,0.0
10,23,2500,55,36,0,83,12,362.0,0.0
10,32,2600,55,40,0,151,14,448.0,0.0
10,22,2600,55,40,1,99,11,322.0,128.92463740871239
10,37,2300,55,37,1,117,24,490.0,396.18342091697514
10,34,2200,55,38,1,59,15,236.0,285.5720682105346
10,30,1600,55,49,0,55,5,84.0,0.0
10,40,1800,55,41,1,37,8,104.0,142.55818134502843
10,32,2900,55,38,1,113,28,640.0,484.56388131490417
10,30,2100,55,37,0,119,14,396.0,0.0
10,25,2800,55,36,1,67,21,418.0,244.57777891908498
10,27,2400,55,45,0,85,17,348.0,0.0
10,37,2000,55,45,1,153,10,310.0,172.85836465984738
10,23,2100,55,46,0,73,4,132.0,0.0
10,33,2800,55,39,0,131,18,588.0,0.0
10,22,2100,55,38,1,67,7,144.0,77.65411805925793
10,21,1900,55,48,0,65,5,124.0,0.0
10,28,2500,55,45,0,133,13,370.0,0.0
10,20,1700,55,40,0,33,3,58.0,0.0
10,22,2100,55,50,1,19,1,20.0,20.218761090421303
10,24,2500,55,44,1,57,13,288.0,392.9352672846804
10,20,2700,55,47,1,79,10,290.0,174.5138076052845
10,37,2400,55,48,0,61,6,122.0,0.0
10,36,1600,55,38,1,31,8,104.0,57.49992603317205
10,33,2900,55,46,1,107,14,470.0,216.0676162412366
10,22,2200,55,44,0,81,9,204.0,0.0
10,20,2700,55,45,0,51,7,162.0,0.0
10,20,2300,55,44,1,83,9,182.0,241.11008374125151
10,27,1600,55,49,1,0,0,0.0,0.0
10,38,1900,55,45,0,103,9,174.0,0.0
10,22,1700,55,43,0,31,6,108.0,0.0
10,36,2500,55,40,1,101,20,406.0,190.25119973879828
10,22,3000,55,40,1,63,18,492.0,312.3842480911834
10,21,2700,55,38,1,83,17,408.0,327.6814662596785
10,20,2700,55,49,0,89,6,150.0,0.0
10,40,2300,55,49,1,115,8,238.0,76.36805367912682
10,38,2100,55,50,0,81,9,196.0,0.0
10,25,2500,55,50,0,0,0,0.0,0.0
10,34,2000,55,44,1,75,8,202.0,224.5011481887447
10,40,2500,55,38,0,179,21,552.0,0.0
10,40,1600,55,50,0,63,7,92.0,0.0
10,25,2900,55,47,0,109,11,362.0,0.0
10,23,2200,55,42,1,59,7,124.0,64.0204944196448
10,23,2400,55,40,1,89,16,350.0,263.06811145280886
10,27,2800,55,47,0,85,10,282.0,0.0
10,24,2700,55,48,1,93,7,260.0,217.46935922764382
10,35,2000,55,45,1,113,15,260.0,334.8952416751383
10,23,2100,55,48,0,67,5,162.0,0.0
10,29,1900,55,37,0,87,10,226.0,0.0
10,33,2300,55,39,0,91,11,274.0,0.0
10,23,3000,55,41,1,107,18,388.0,395.2003370954734
10,23,2100,55,50,0,37,4,74.0,0.0
10,31,2500,55,49,1,63,12,192.0,156.3381676218462
10,26,1500,55,40,1,55,7,148.0,93.0498171954025
10,22,2500,55,39,0,49,12,294.0,0.0
10,20,2000,55,45,1,39,7,108.0,108.6131995486971
10,38,2700,55,37,1,99,31,668.0,560.474306828999
10,23,2000,55,50,0,61,5,122.0,0.0
10,29,2500,55,43,0,89,18,412.0,0.0
10,33,2800,55,46,0,105,12,286.0,0.0
10,34,1500,55,48,1,55,8,122.0,187.24164315551286
10,25,2700,55,39,0,103,16,500.0,0.0
10,30,2700,55,37,1,145,20,472.0,361.8846936993435
10,29,3000,55,42,1,111,23,458.0,407.54875230993866
10,40,2100,55,36,0,113,14,266.0,0.0
10,24,2000,55,37,1,67,13,236.0,235.1948330687574
10,28,2500,55,37,0,95,12,326.0,0.0
10,34,1900,55,43,1,65,12,242.0,144.46546327110715
10,20,1500,55,44,0,49,4,78.0,0.0
10,28,2300,55,48,1,83,11,268.0,354.8269901025943
10,34,2000,55,46,0,49,10,156.0,0.0
10,39,1700,55,44,0,55,8,144.0,0.0
10,28,1500,55,42,0,25,2,26.0,0.0
10,25,1900,55,48,1,71,4,132.0,113.3299887643135
10,29,2000,55,49,1,75,7,216.0,106.83091861850937
10,32,1700,55,41,1,25,2,34.0,63.975223265013575
10,30,2700,55,48,1,109,16,368.0,358.2136843956809
10,20,2300,55,48,0,45,3,80.0,0.0
10,32,1700,55,35,0,59,7,152.0,0.0
10,25,2100,50,37,1,63,5,136.0,47.903298111624885
10,39,2900,55,37,0,111,29,682.0,0.0
10,40,2100,50,42,1,73,12,300.0,212.69491223466918
10,22,1800,50,43,0,65,8,170.0,0.0
10,29,2300,50,40,1,45,6,168.0,76.14059017740557
10,31,1800,50,44,0,63,6,124.0,0.0
10,34,2400,55,50,1,87,4,124.0,133.91420959460888
10,33,2600,50,40,1,93,19,406.0,327.79681270769294
10,25,2000,50,36,1,67,6,136.0,49.267881543219225
10,22,2600,50,48,0,49,6,160.0,0.0
10,33,2500,50,44,0,99,10,322.0,0.0
10,33,2600,50,41,0,93,7,210.0,0.0
10,28,1500,50,37,0,29,7,138.0,0.0
10,39,2400,50,37,1,127,27,474.0,503.77225909710387
10,20,2000,50,48,1,67,4,76.0,100.80565401572038
10,28,2300,50,41,1,75,9,154.0,217.22651919694465
10,32,2600,50,50,1,71,11,232.0,323.6069023520267
10,27,2500,50,38,0,95,15,338.0,0.0
10,40,1900,50,49,0,33,4,78.0,0.0
10,25,2500,50,48,0,91,13,432.0,0.0
10,26,1900,50,36,1,73,11,248.0,108.96884792718367
10,28,1600,50,37,0,53,5,102.0,0.0
10,38,2600,50,38,1,99,23,460.0,398.3613771482247
10,32,2300,50,46,0,155,7,234.0,0.0
10,22,1500,50,45,1,27,2,28.0,65.6734474189157
10,21,1600,50,45,0,25,1,26.0,0.0
10,37,2200,50,50,1,75,5,162.0,134.44621189299536
10,40,2900,50,39,1,91,26,456.0,676.0481634169938
10,38,2600,50,38,0,141,18,458.0,0.0
10,27,2600,50,45,0,91,7,270.0,0.0
10,40,3000,50,44,0,157,21,562.0,0.0
10,30,2800,50,49,0,89,8,176.0,0.0
10,32,2200,50,48,1,83,4,84.0,100.96001473799876
10,28,2400,50,49,1,85,8,264.0,89.48135430002856
10,22,2100,50,40,1,41,3,78.0,30.981472767435342
10,30,1700,50,40,1,59,6,132.0,73.25539405869486
10,31,1600,50,37,0,59,4,90.0,0.0
10,32,2300,50,50,0,81,5,124.0,0.0
10,38,2900,50,49,0,111,16,378.0,0.0
10,21,2700,50,47,1,63,9,210.0,178.41931071804456
10,29,3000,50,48,0,111,15,438.0,0.0
10,25,2600,50,48,1,97,14,380.0,343.38911743462825
10,35,2300,50,39,0,125,17,412.0,0.0
10,36,1800,50,45,1,101,5,130.0,145.52856137504148
10,33,1600,50,39,0,29,6,86.0,0.0
10,36,2400,50,42,1,89,11,350.0,220.7670483959577
10,28,2800,50,40,0,109,17,424.0,0.0
10,33,3000,50,39,1,169,23,568.0,454.25162398576094
10,32,1600,50,45,1,43,7,74.0,133.36722206479257
10,37,2600,50,45,1,69,16,314.0,382.4128078443885
10,34,2600,50,35,1,101,19,340.0,219.87103585043272
10,26,2400,50,42,0,47,7,110.0,0.0
10,32,2900,50,50,0,171,13,432.0,0.0
10,37,1800,50,44,0,63,6,114.0,0.0
10,40,1900,50,47,1,59,13,170.0,152.30401968727315
10,22,1900,50,50,0,21,2,44.0,0.0
10,27,2000,50,41,1,73,9,208.0,149.7252157353578
10,29,3000,50,50,1,113,10,280.0,224.13632993374125
10,34,2000,50,49,0,39,3,40.0,0.0
10,24,2300,50,48,0,87,8,158.0,0.0
10,20,2700,50,39,1,103,15,436.0,233.6495389620829
10,37,2900,50,44,1,101,18,344.0,515.7416535960956
10,38,2100,50,46,0,145,8,216.0,0.0
10,28,2800,50,46,0,87,10,358.0,0.0
10,36,1600,50,39,1,57,6,140.0,175.51947328618917
10,38,2800,50,45,1,79,14,436.0,261.5233302171294
10,21,2000,50,40,0,29,2,30.0,0.0
10,32,1500,50,46,0,23,5,48.0,0.0
10,30,2500,50,37,1,95,18,364.0,427.56963552541254
10,26,1900,50,35,0,99,8,226.0,0.0
10,21,2800,50,41,0,53,10,216.0,0.0
10,34,2400,50,50,1,67,8,190.0,249.27358586175686
10,21,1500,50,47,1,29,3,54.0,50.99198661001423
10,29,2200,50,50,0,121,8,204.0,0.0
10,36,2700,50,48,1,83,14,270.0,343.0123379091878
10,34,2400,50,36,1,53,14,190.0,174.65250397707368
10,39,1600,50,37,1,47,9,120.0,103.74595818826617
10,39,2300,50,47,0,85,11,246.0,0.0
10,36,2000,50,40,0,79,10,188.0,0.0
10,24,2100,50,48,0,35,9,128.0,0.0
10,29,1900,50,37,0,53,9,176.0,0.0
10,35,2100,50,36,0,109,21,354.0,0.0
10,34,1700,50,37,0,33,9,136.0,0.0
10,31,2500,50,44,1,137,15,388.0,273.5179303904048
10,33,1500,50,35,0,27,4,84.0,0.0
10,31,1500,50,48,1,113,5,114.0,175.3539854749528
10,20,2900,50,41,1,81,11,362.0,386.4354190474569
10,22,2600,50,48,1,99,9,294.0,273.29420086190055
10,38,2800,50,40,1,103,26,678.0,499.5750410957639
10,38,2100,50,40,0,83,14,244.0,0.0
10,39,3000,50,40,0,159,29,708.0,0.0
10,30,2200,50,42,1,89,13,254.0,247.3923155993042
10,20,2100,50,43,1,55,6,122.0,23.272090422228416
10,40,2600,50,42,1,77,17,362.0,457.6564175626554
10,33,1600,50,47,0,51,4,78.0,0.0
10,38,2900,50,48,0,109,12,306.0,0.0
10,34,1600,50,35,0,29,4,80.0,0.0
10,33,3000,50,36,0,107,27,440.0,0.0
10,29,2800,50,38,1,107,17,542.0,338.3886804586553
10,39,1700,50,44,1,25,2,26.0,72.67077680793388
10,33,1600,50,47,0,23,1,24.0,0.0
9,37,2000,90,45,1,71,10,190.0,188.9925347580388
10,33,2900,50,50,1,63,10,318.0,340.3601865083554
9,21,1800,90,44,0,27,3,46.0,0.0
9,39,2800,90,36,0,145,36,692.0,0.0
9,36,3000,90,40,0,163,30,800.0,0.0
9,33,2800,90,35,1,61,27,398.0,312.63848982477083
9,35,1700,90,43,1,63,10,194.0,173.86014231546153
9,22,2500,90,49,1,67,14,274.0,196.78756575269347
9,36,2400,90,48,1,87,13,228.0,252.17835677422298
9,32,2400,90,50,0,141,13,310.0,0.0
9,29,1800,90,37,1,91,19,272.0,405.9459312929108
9,22,2900,90,37,0,109,18,366.0,0.0
9,38,2700,90,46,0,147,21,548.0,0.0
9,26,2600,90,39,0,97,20,504.0,0.0
9,25,1800,90,47,0,63,7,178.0,0.0
9,33,2900,90,48,1,101,26,542.0,595.2868711973789
9,30,2400,90,46,1,93,16,298.0,177.36740072202917
9,28,1700,90,41,0,55,8,184.0,0.0
9,26,2700,90,39,0,103,19,470.0,0.0
9,32,2200,90,42,1,119,12,366.0,178.3737409911714
9,28,2800,90,43,1,101,16,320.0,306.07518592171436
9,27,1700,90,42,0,51,5,90.0,0.0
9,23,2800,90,44,1,93,15,320.0,342.8309300142069
9,23,2000,90,44,1,101,10,204.0,270.79060096819563
9,33,2400,90,36,0,89,24,488.0,0.0
9,31,2400,90,39,1,127,22,380.0,456.9492878607852
9,26,2200,90,41,0,77,11,248.0,0.0
9,20,1600,90,40,1,63,5,144.0,86.42030468528641
9,20,3000,90,40,1,107,18,460.0,313.31059914007534
9,40,2800,90,41,0,109,33,628.0,0.0
9,35,1700,90,35,0,33,9,128.0,0.0
9,30,2800,90,49,0,137,14,476.0,0.0
9,27,1600,90,38,1,29,5,54.0,30.75903126510934
9,22,2900,90,38,1,75,20,390.0,306.8696681483934
9,35,1700,90,36,0,65,11,244.0,0.0
9,23,2900,90,44,1,63,14,392.0,324.2045285501307
9,27,2400,90,43,0,139,15,382.0,0.0
9,21,1900,90,42,0,31,5,76.0,0.0
9,36,2300,90,38,1,119,25,478.0,517.4143792571103
9,25,2200,90,45,1,75,7,222.0,79.48734259531992
9,22,1700,90,45,0,57,4,84.0,0.0
9,32,1700,90,50,1,67,7,110.0,193.8530701014349
9,36,1700,90,49,0,71,5,128.0,0.0
9,21,2300,90,47,1,99,15,306.0,226.15297344767455
9,22,2200,90,48,0,73,9,180.0,0.0
9,24,2100,90,42,1,71,8,184.0,93.34685165908249
9,36,2600,90,47,0,97,22,552.0,0.0
9,23,2300,90,49,1,81,13,386.0,161.9112948311334
9,22,1900,90,39,1,49,12,194.0,298.3534402019802
9,32,1500,90,47,0,29,5,114.0,0.0
9,37,2300,90,49,0,89,11,346.0,0.0
9,38,2500,90,49,1,69,17,218.0,202.42822585686037
9,38,1900,90,41,0,69,13,242.0,0.0
9,37,2800,90,35,0,107,33,526.0,0.0
9,20,2300,90,35,1,71,17,338.0,281.0638544521987
9,38,1700,90,42,1,45,11,168.0,228.97399823148868
9,21,1500,90,46,0,39,3,64.0,0.0
9,28,2800,90,46,0,105,22,522.0,0.0
9,39,2800,90,50,1,107,26,608.0,649.3025472388257
9,22,2600,90,37,1,101,18,482.0,340.5249919113766
9,33,2000,90,40,0,79,12,302.0,0.0
9,39,1700,90,44,1,73,10,204.0,176.14886590087957
9,20,2500,90,48,0,189,6,244.0,0.0
9,29,2100,90,49,1,43,8,144.0,139.55732649777494
9,32,2500,90,40,1,69,24,324.0,330.67892781110123
9,28,1800,90,39,0,45,5,114.0,0.0
9,30,2700,90,50,0,91,16,390.0,0.0
9,33,2600,90,50,1,141,17,402.0,593.710735279898
9,30,1800,90,40,1,53,6,122.0,62.79015150267375
9,22,1900,90,50,0,25,2,44.0,0.0
9,39,2100,90,38,0,83,21,376.0,0.0
9,31,2000,90,38,0,115,14,290.0,0.0
9,21,2900,90,50,0,149,9,314.0,0.0
9,20,2400,90,48,1,51,9,208.0,244.8207658462013
9,40,2800,90,44,0,109,26,708.0,0.0
9,34,2100,90,44,1,71,15,268.0,299.25141678020555
9,37,1700,90,48,1,63,12,156.0,255.0562629199918
9,22,2300,90,43,1,65,11,228.0,341.3481038459505
9,21,2000,90,41,1,131,7,150.0,141.90146457990573
9,36,2500,90,42,0,147,20,588.0,0.0
9,35,1500,90,42,1,49,8,112.0,156.22259364451452
9,38,2100,90,42,1,73,15,160.0,308.1052932694935
9,23,2800,90,49,0,143,7,294.0,0.0
9,26,1700,90,39,0,61,8,146.0,0.0
9,28,2200,90,48,0,73,6,160.0,0.0
9,33,1900,90,35,1,57,20,276.0,171.94695755789684
9,22,2000,90,39,1,53,13,170.0,277.86459448843766
9,28,2600,90,41,1,93,17,368.0,355.6863826720699
9,38,2100,90,42,0,71,14,302.0,0.0
9,32,2200,90,47,0,77,9,182.0,0.0
9,22,2900,90,50,1,57,13,248.0,316.10838762669
9,21,1700,90,49,0,59,3,88.0,0.0
9,24,2700,90,43,0,99,17,492.0,0.0
9,28,2600,90,37,1,191,24,518.0,446.1769152752754
9,25,1600,90,37,1,59,12,198.0,186.1291694567423
9,26,1700,90,41,1,33,7,114.0,116.3170805747664
9,35,2200,90,41,0,81,18,350.0,0.0
9,27,1800,90,43,0,59,8,192.0,0.0
9,24,1900,90,50,0,61,5,170.0,0.0
9,22,2600,90,45,1,91,17,382.0,490.470240310418
9,36,3000,85,37,0,165,31,702.0,0.0
9,25,1700,85,37,0,95,7,182.0,0.0
9,31,2300,90,50,0,45,5,156.0,0.0
9,32,2800,85,38,0,163,27,670.0,0.0
9,24,2700,85,43,1,105,16,344.0,289.30996398282787
9,30,2300,85,43,1,89,11,300.0,186.92422287161742
9,33,1600,85,50,1,51,7,116.0,153.00866604628675
9,32,1900,85,36,1,57,20,248.0,253.54584428274964
9,33,2900,85,40,1,107,26,500.0,363.4965231425461
9,25,2800,85,40,0,151,18,440.0,0.0
9,40,2900,85,42,1,105,34,590.0,625.0968534376174
9,39,2500,85,42,0,137,16,442.0,0.0
9,25,2300,85,41,1,75,11,250.0,218.97312584762608
9,24,2300,85,41,0,71,11,230.0,0.0
9,36,2800,85,49,0,111,20,452.0,0.0
9,27,2100,85,37,1,47,12,194.0,190.7989237358401
9,31,2400,85,37,1,89,21,444.0,388.0851530657397
9,37,2000,85,38,1,73,17,260.0,224.74532604530233
9,23,2200,85,43,0,83,10,312.0,0.0
9,25,1500,85,42,0,57,6,96.0,0.0
9,23,3000,85,43,1,129,20,496.0,522.0165851670943
9,30,2300,85,35,0,83,22,414.0,0.0
9,34,2100,85,35,0,123,21,414.0,0.0
9,29,2900,85,37,1,71,24,434.0,244.98109362460045
9,31,1600,85,50,0,83,9,146.0,0.0
9,36,1600,85,45,0,115,9,178.0,0.0
9,23,3000,85,38,0,59,17,380.0,0.0
9,35,2800,85,46,1,143,24,606.0,399.49177853349033
9,22,1700,85,36,0,65,8,138.0,0.0
9,35,1600,85,36,1,59,14,184.0,112.60187675183558
9,20,1600,85,40,1,23,3,44.0,36.398809229624305
9,32,1800,85,36,1,103,8,212.0,104.36155675059022
9,31,1800,85,36,0,71,15,344.0,0.0
9,37,2500,85,50,1,95,24,448.0,520.7152110466556
9,21,2900,85,36,0,107,19,546.0,0.0
9,28,1500,85,46,0,55,6,106.0,0.0
9,33,2300,85,40,1,83,13,352.0,265.62672450229843
9,27,2700,85,42,1,59,17,388.0,229.76989260573848
9,39,2900,85,46,0,167,20,618.0,0.0
9,32,2800,85,48,0,155,14,354.0,0.0
9,38,2100,85,50,1,47,11,120.0,278.39907606842877
9,26,2700,85,41,1,99,20,460.0,425.6480400630733
9,35,2500,85,35,1,93,29,576.0,374.59207671992357
9,32,1500,85,39,1,87,12,202.0,285.5838960727007
9,33,2000,85,47,0,75,9,212.0,0.0
9,30,1600,85,46,1,63,5,112.0,44.3667529002871
9,29,3000,85,46,0,113,21,524.0,0.0
9,22,2100,85,41,0,69,11,208.0,0.0
9,26,2300,85,47,0,85,11,284.0,0.0
9,20,1500,85,37,1,45,4,84.0,54.800835235425524
9,36,1800,85,35,0,91,14,278.0,0.0
9,20,1600,85,37,0,59,13,184.0,0.0
9,37,1500,85,36,1,65,16,166.0,157.89438924773228
9,40,2500,85,40,1,65,32,304.0,460.6836087133804
9,21,2400,85,45,1,43,9,162.0,196.15247529108865
9,20,1900,85,37,0,37,7,154.0,0.0
9,39,1800,85,47,0,51,7,156.0,0.0
9,23,2100,85,42,1,67,10,194.0,204.31711313190263
9,27,1900,85,43,1,55,10,134.0,189.99496123785897
9,29,2000,85,47,0,71,11,144.0,0.0
9,23,2000,85,41,0,39,7,156.0,0.0
9,23,2700,85,36,1,75,20,456.0,354.80389295892587
9,34,2700,85,45,0,155,22,528.0,0.0
9,31,2100,85,50,1,77,8,138.0,187.0282325843888
9,25,2200,85,38,1,83,18,398.0,320.08674431764933
9,39,2800,85,41,0,101,30,646.0,0.0
9,26,2100,85,46,1,77,14,282.0,156.38245974983676
9,30,2300,85,47,0,87,8,204.0,0.0
9,29,2300,85,35,0,117,16,356.0,0.0
9,27,1800,85,35,1,61,10,160.0,130.23660224931132
9,23,2400,85,36,1,91,17,300.0,244.3580960377474
9,20,1800,85,46,0,55,6,150.0,0.0
9,40,2200,85,42,1,81,18,340.0,285.11172045537114
9,40,2800,85,38,0,163,32,732.0,0.0
9,22,1700,85,46,0,33,3,94.0,0.0
9,20,1700,85,35,1,47,12,140.0,160.99689112480536
9,25,3000,85,36,0,59,22,430.0,0.0
9,26,1500,85,35,0,55,6,84.0,0.0
9,40,2000,85,46,1,41,6,82.0,78.24062253283078
9,28,2000,85,42,1,113,19,312.0,256.56091291338316
9,26,1500,85,43,0,27,4,48.0,0.0
9,24,2900,85,40,1,63,21,422.0,433.5742629274565
9,39,3000,85,47,1,91,22,458.0,316.64301868149727
9,34,1600,85,49,0,31,5,88.0,0.0
9,34,1700,85,43,0,89,13,240.0,0.0
9,38,3000,85,36,1,69,38,522.0,576.1060698984218
9,30,2500,85,37,0,95,21,502.0,0.0
9,39,1500,85,39,0,55,7,134.0,0.0
9,31,1700,85,42,0,59,8,92.0,0.0
9,28,2600,85,41,1,95,16,472.0,243.16812354447364
9,30,2200,85,48,1,83,10,220.0,291.63607890676093
9,36,2900,85,48,1,283,25,622.0,619.1223537048168
9,22,1900,85,36,0,65,8,154.0,0.0
9,39,2000,85,39,0,69,14,278.0,0.0
9,36,2600,85,43,1,197,18,430.0,415.2792754639603
9,22,2900,85,42,0,169,17,516.0,0.0
9,23,2500,85,43,0,95,12,260.0,0.0
9,38,2500,85,44,1,105,15,336.0,415.24747242096475
9,22,1900,85,36,0,97,9,198.0,0.0
9,37,2000,85,41,1,53,11,160.0,214.7410348545655
9,37,2500,85,50,1,99,13,274.0,277.87464738688357
9,27,1900,80,45,1,67,9,200.0,241.553977722614
9,26,1600,80,45,0,55,9,140.0,0.0
9,28,2700,80,45,1,89,17,360.0,348.2393218075318
9,40,2100,80,41,1,55,16,298.0,375.58471516766974
9,32,1800,80,41,0,91,10,216.0,0.0
9,33,2800,80,48,0,205,17,604.0,0.0
9,38,3000,80,38,0,175,34,828.0,0.0
9,32,1900,80,50,1,37,4,74.0,65.39380218385476
9,33,2700,80,35,1,83,30,480.0,501.09308566456235
9,29,1800,80,41,0,67,6,168.0,0.0
9,36,2400,80,44,1,83,15,264.0,283.9697318964244
9,36,1600,80,41,0,55,9,128.0,0.0
9,34,1500,80,40,1,57,8,130.0,133.1944351580114
9,35,2500,80,40,0,141,23,714.0,0.0
9,24,1500,80,37,1,53,10,150.0,160.9251330317758
9,26,2700,80,48,1,77,14,370.0,375.4436261791682
9,35,1600,80,40,0,59,10,128.0,0.0
9,28,2800,80,45,1,91,22,460.0,466.47814000421647
9,29,1800,80,45,0,67,11,164.0,0.0
9,36,2700,80,35,1,159,31,606.0,459.94895415614144
9,35,1900,80,36,1,105,15,280.0,140.79822480961235
9,31,2200,80,36,0,85,17,422.0,0.0
9,38,1900,80,43,0,71,15,278.0,0.0
9,40,2100,80,48,0,71,13,304.0,0.0
9,26,2800,80,43,0,153,18,608.0,0.0
9,35,2600,80,48,1,179,18,538.0,445.2493481588499
9,23,2000,80,36,1,73,11,156.0,107.34574347296828
9,27,1500,80,36,1,41,9,106.0,78.34876972550046
9,24,2700,80,40,0,97,14,216.0,0.0
9,29,1500,80,40,1,55,7,110.0,105.54305175234943
9,26,2200,80,41,0,43,12,182.0,0.0
9,22,2500,80,41,0,97,10,248.0,0.0
9,38,2100,80,42,1,59,17,260.0,324.0231670094577
9,29,2800,80,40,1,103,27,498.0,434.719968933974
9,37,1500,80,39,0,55,9,110.0,0.0
9,27,1700,80,42,1,41,5,102.0,96.52281564957852
9,20,1800,80,46,0,71,4,94.0,0.0
9,27,2100,80,47,0,33,7,134.0,0.0
9,30,2500,80,48,0,95,11,356.0,0.0
9,28,2000,80,50,1,39,2,62.0,34.80388106605538
9,28,2600,80,39,0,99,19,558.0,0.0
9,23,1500,80,35,1,55,7,146.0,63.52592986951063
9,36,1800,80,45,1,45,13,120.0,204.5937498254727
9,40,2000,80,46,1,61,10,212.0,164.34812093637896
9,21,1700,80,42,0,59,6,118.0,0.0
9,20,2300,80,50,0,73,5,148.0,0.0
9,36,2400,80,43,1,123,17,370.0,238.78013563808003
9,39,1500,80,37,0,55,12,186.0,0.0
9,34,1700,80,37,0,29,7,86.0,0.0
9,20,2800,80,42,1,57,12,344.0,238.11814110607256
9,21,1900,80,44,1,37,6,98.0,99.6274814923136
9,26,2800,80,40,1,117,19,462.0,405.55595232130867
9,34,2300,80,46,0,129,17,372.0,0.0
9,28,1800,80,49,0,59,4,86.0,0.0
9,25,2900,80,39,1,65,20,370.0,501.7974852102075
9,29,2900,80,40,1,109,20,462.0,320.20710789441887
9,32,2800,80,47,0,105,24,368.0,0.0
9,24,1800,80,44,0,29,4,68.0,0.0
9,35,1800,80,45,1,45,7,84.0,172.87216585568535
9,35,1500,80,43,1,57,5,104.0,60.0313621652307
9,36,1600,80,47,0,55,9,144.0,0.0
9,31,2900,80,35,0,109,30,644.0,0.0
9,34,1900,80,36,0,73,12,210.0,0.0
9,36,1600,80,38,1,55,5,118.0,48.84418745267366
9,21,2300,80,43,1,39,7,128.0,123.52024920008817
9,26,1800,80,42,1,71,13,286.0,246.52456928990958
9,39,1800,80,43,0,103,12,238.0,0.0
9,20,3000,80,35,1,59,18,348.0,259.3528034470811
9,20,2700,80,47,0,155,13,428.0,0.0
9,26,2300,80,40,1,125,16,340.0,227.6633721848555
9,29,2800,80,42,0,109,18,548.0,0.0
9,34,2200,80,35,0,85,23,504.0,0.0
9,32,1700,80,35,1,65,15,200.0,215.93762727177528
9,38,2600,80,35,0,135,32,640.0,0.0
9,26,1900,80,50,0,37,6,68.0,0.0
9,35,2800,80,45,1,159,25,560.0,463.74112239767317
9,28,2000,80,50,1,51,6,130.0,107.67523840199563
9,33,2900,80,48,0,165,20,536.0,0.0
9,34,2600,80,35,0,101,27,558.0,0.0
9,30,1900,80,49,1,37,3,74.0,37.17167226159074
9,23,2000,80,46,1,45,10,212.0,90.46953230554284
9,34,2800,80,35,1,105,32,492.0,355.84943322050157
9,25,2400,80,46,1,67,8,180.0,191.7554201795834
9,33,2200,80,49,0,131,12,332.0,0.0
9,36,1900,80,46,0,65,10,164.0,0.0
9,37,1600,80,43,1,45,7,104.0,89.82827094708233
9,20,2400,80,49,0,45,5,122.0,0.0
9,34,3000,80,37,0,163,24,542.0,0.0
9,29,2300,80,41,0,69,11,266.0,0.0
9,37,1700,80,44,0,31,6,82.0,0.0
9,22,3000,80,41,1,107,16,462.0,368.316667592283
9,38,2700,80,47,1,145,22,470.0,445.36851955351125
9,37,2000,80,38,0,77,16,284.0,0.0
9,31,2400,80,45,1,71,13,254.0,199.80426263483687
9,38,1700,80,42,0,81,7,154.0,0.0
9,22,2200,80,43,0,77,8,258.0,0.0
9,29,1600,80,42,1,43,6,68.0,125.29577979086699
9,25,2900,80,48,1,99,16,504.0,446.16837654381465
9,39,1800,75,39,1,69,13,236.0,322.4480311947646
9,31,1800,80,49,1,57,3,76.0,54.560550055380645
9,39,1900,80,48,0,123,16,284.0,0.0
9,26,2200,75,39,1,71,10,216.0,279.8677759236976
9,35,2200,75,35,0,107,19,460.0,0.0
9,20,2600,75,38,0,151,17,432.0,0.0
9,27,3000,75,36,1,95,25,538.0,405.2273691638378
9,34,2100,75,46,0,41,9,120.0,0.0
9,26,1900,75,35,0,105,11,238.0,0.0
9,22,1600,75,39,1,57,4,88.0,95.50388904699746
9,34,2000,75,44,1,117,16,228.0,451.160986205315
9,40,1900,75,36,1,85,16,290.0,143.71167604011939
9,27,2100,75,39,1,75,11,256.0,312.06472605933084
9,22,2300,75,41,0,81,13,270.0,0.0
9,27,1800,75,48,0,33,4,114.0,0.0
9,35,2200,75,43,1,59,18,240.0,339.0827269724199
9,21,2000,75,40,0,69,7,186.0,0.0
9,39,3000,75,47,0,171,24,682.0,0.0
9,23,2400,75,46,1,47,8,192.0,90.53934753400101
9,36,2500,75,35,0,91,25,500.0,0.0
9,28,1900,75,37,0,73,8,200.0,0.0
9,29,2700,75,40,0,151,21,462.0,0.0
9,40,2500,75,41,1,141,29,556.0,547.4352950417012
9,35,1600,75,43,1,53,6,80.0,72.56738517243926
9,24,2400,75,41,1,87,16,282.0,268.74545275633415
9,28,2800,75,36,1,77,27,454.0,320.8005438450681
9,23,1800,75,37,0,67,6,122.0,0.0
9,24,2200,75,42,0,63,7,192.0,0.0
9,25,1500,75,43,1,75,7,126.0,89.09681796185566
9,33,2600,75,42,0,103,16,370.0,0.0
9,21,1800,75,45,0,35,6,76.0,0.0
9,21,2600,75,36,0,93,17,424.0,0.0
9,27,1900,75,50,1,71,4,128.0,126.98011209864993
9,40,2200,75,41,0,83,15,312.0,0.0
9,32,2700,75,44,0,99,15,458.0,0.0
9,38,2700,75,47,1,95,24,440.0,360.2631153011037
9,27,2900,75,49,1,81,18,408.0,299.9545254805077
9,21,2700,75,49,1,105,11,238.0,125.94414983037751
9,20,2800,75,46,0,103,16,422.0,0.0
9,36,2200,75,35,1,127,19,554.0,195.47641027750262
9,30,2600,75,37,1,101,23,472.0,465.2766277770418
9,24,3000,75,39,1,113,20,374.0,448.51156524693806
9,30,2200,75,50,1,55,3,96.0,58.587597378113685
9,27,2500,75,47,0,93,11,268.0,0.0
9,39,1500,75,39,0,51,6,100.0,0.0
9,32,2100,75,48,0,63,8,174.0,0.0
9,35,2800,75,36,0,109,31,664.0,0.0
9,37,2400,75,41,1,119,22,470.0,398.45015515535283
9,40,1800,75,44,0,67,15,278.0,0.0
9,40,2800,75,35,1,151,37,700.0,543.508787264557
9,27,2000,75,37,1,113,11,210.0,104.4036632039512
9,40,1700,75,47,1,47,9,112.0,125.87186572447078
9,37,2300,75,38,0,85,20,432.0,0.0
9,34,2600,75,37,1,93,28,454.0,516.3541988680998
9,37,2800,75,45,0,211,16,474.0,0.0
9,40,2700,75,44,0,147,26,716.0,0.0
9,20,3000,75,39,1,117,20,492.0,496.39414475184003
9,36,1700,75,35,0,59,12,204.0,0.0
9,36,2300,75,38,0,173,23,652.0,0.0
9,30,2100,75,46,1,41,7,146.0,97.4180217013295
9,20,1900,75,49,0,51,5,78.0,0.0
9,24,3000,75,37,0,111,22,464.0,0.0
9,28,1600,75,49,1,0,0,0.0,0.0
9,34,1700,75,39,1,63,16,172.0,313.51530915632117
9,35,2100,75,45,1,69,12,150.0,146.63031040005785
9,35,2100,75,41,0,81,13,262.0,0.0
9,40,2700,75,43,0,151,25,678.0,0.0
9,39,2200,75,45,1,61,18,254.0,295.8242633748611
9,34,1600,75,40,0,29,3,80.0,0.0
9,29,2800,75,36,0,155,26,552.0,0.0
9,22,2100,75,39,1,65,10,152.0,273.23857710685945
9,37,2000,75,36,1,73,12,224.0,140.51510229664132
9,36,2200,75,39,0,85,14,390.0,0.0
9,31,2000,75,50,1,63,6,120.0,119.25137928019974
9,33,2400,75,47,1,83,12,288.0,184.92015124167094
9,33,2900,75,41,1,111,24,570.0,567.9218615516482
9,40,1500,75,43,0,79,5,138.0,0.0
9,26,2800,75,44,0,103,19,500.0,0.0
9,39,1500,75,38,0,49,8,136.0,0.0
9,21,2700,75,39,1,99,18,484.0,469.8819118010199
9,37,2500,75,39,1,141,24,492.0,443.85903116567056
9,33,2700,75,38,0,107,23,500.0,0.0
9,36,2000,75,40,1,79,13,228.0,229.29557717522263
9,37,2600,75,43,0,149,22,612.0,0.0
9,20,2500,75,38,0,145,13,280.0,0.0
9,40,2600,75,37,1,97,25,544.0,460.098470124235
9,32,1900,75,43,0,37,8,132.0,0.0
9,20,1900,75,45,1,37,10,140.0,179.84544316949228
9,37,1500,75,49,1,47,5,106.0,78.62048032807753
9,21,1800,75,38,1,43,5,96.0,49.002128420684826
9,34,1600,75,40,0,119,8,152.0,0.0
9,20,1600,75,35,0,29,4,74.0,0.0
9,32,1800,75,40,0,63,4,64.0,0.0
9,28,2400,75,45,1,105,18,318.0,347.06393188212104
9,39,2200,75,46,1,161,17,376.0,290.08951028301726
9,27,2600,75,50,0,87,9,228.0,0.0
9,25,2600,75,35,1,99,23,518.0,381.8821738196831
9,37,1800,75,37,1,67,11,212.0,153.97504342649097
9,39,2700,75,36,0,203,26,720.0,0.0
9,40,3000,75,41,0,177,30,732.0,0.0
9,36,2100,75,42,1,81,14,338.0,225.07934960235465
9,25,2700,70,44,1,103,13,346.0,360.90662401520603
9,40,2600,75,46,0,163,19,508.0,0.0
9,21,2100,70,35,1,73,6,198.0,65.48639243533208
9,35,2800,70,37,1,105,26,530.0,460.99036249307755
9,26,2400,70,38,0,47,10,250.0,0.0
9,23,1700,70,45,0,31,2,64.0,0.0
9,33,2700,70,45,0,149,22,432.0,0.0
9,35,1700,70,40,0,131,17,306.0,0.0
9,40,1900,70,50,1,101,10,228.0,185.9611853147983
9,20,1600,70,36,0,31,5,110.0,0.0
9,20,2600,70,38,1,99,15,374.0,258.63773786285276
9,39,2900,70,36,0,113,35,750.0,0.0
9,31,1800,70,38,1,103,12,240.0,144.898862661792
9,22,2500,70,37,1,69,14,224.0,207.5979135879031
9,38,1500,70,37,0,73,8,140.0,0.0
9,33,2600,70,35,1,145,27,462.0,391.66382861327213
9,29,3000,70,35,0,171,28,724.0,0.0
9,27,2200,70,38,1,127,19,434.0,239.76650673181518
9,30,2200,70,41,0,77,8,146.0,0.0
9,20,2000,70,39,0,37,6,104.0,0.0
9,40,2700,70,40,1,101,27,572.0,441.3292836851822
9,38,1800,70,46,0,71,5,144.0,0.0
9,34,1500,70,49,1,27,2,48.0,28.043386949542484
9,37,3000,70,35,1,221,35,728.0,593.9870693986022
9,34,1600,70,42,1,67,14,180.0,212.14260405980653
9,20,2800,70,43,0,99,12,364.0,0.0
9,39,2700,70,46,1,105,14,302.0,254.02880726613108
9,20,1800,70,41,0,35,4,100.0,0.0
9,28,2400,70,47,0,133,11,266.0,0.0
9,28,2600,70,41,1,139,14,292.0,173.4063037220815
9,28,2400,70,39,1,129,16,438.0,410.87564592964435
9,27,1900,70,41,0,103,10,222.0,0.0
9,24,1500,70,42,0,57,4,86.0,0.0
9,25,2500,70,43,1,61,15,222.0,280.57928343410697
9,24,1700,70,48,1,49,3,74.0,78.28414916977806
9,22,2600,70,49,0,95,7,192.0,0.0
9,26,2100,70,49,0,77,6,158.0,0.0
9,31,1500,70,40,0,39,6,68.0,0.0
9,29,2200,70,42,0,85,9,234.0,0.0
9,30,2600,70,44,1,69,21,330.0,373.0915422386648
9,33,2400,70,44,1,93,18,312.0,400.45310701655995
9,21,1700,70,50,1,33,3,72.0,63.95386345900475
9,32,2200,70,42,1,59,13,224.0,144.40985053205137
9,28,3000,70,47,0,109,16,516.0,0.0
9,27,1800,70,40,1,87,8,188.0,93.15450143470107
9,37,1700,70,42,0,99,13,226.0,0.0
9,25,1600,70,38,0,31,6,116.0,0.0
9,23,1700,70,39,1,43,7,98.0,170.1582300536564
9,21,1700,70,43,0,75,9,172.0,0.0
9,32,2400,70,44,0,91,18,512.0,0.0
9,31,2800,70,42,1,69,13,332.0,199.93452727769352
9,34,2800,70,36,0,109,26,580.0,0.0
9,24,1500,70,42,1,29,3,68.0,82.54944210470268
9,26,2500,70,37,0,83,19,414.0,0.0
9,40,1500,70,38,1,59,9,172.0,92.51292853623775
9,27,2100,70,38,0,65,8,182.0,0.0
9,24,2000,70,43,1,115,10,262.0,180.11967822290677
9,27,1700,70,47,1,95,11,242.0,107.68926772191152
9,37,1500,70,44,1,69,7,146.0,206.67292072626296
9,21,2200,70,40,0,79,9,262.0,0.0
9,39,2200,70,42,1,65,18,206.0,287.96772932628755
9,28,1900,70,43,0,95,11,284.0,0.0
9,28,2800,70,38,1,107,24,538.0,453.90053677400425
9,27,1800,70,39,0,35,7,138.0,0.0
9,30,2600,70,45,0,91,10,232.0,0.0
9,28,2900,70,39,0,113,18,490.0,0.0
9,34,1900,70,38,1,63,20,266.0,355.07703488664964
9,39,1900,70,37,0,107,22,432.0,0.0
9,20,2000,70,41,0,77,8,220.0,0.0
9,24,2400,70,47,1,83,10,198.0,78.84950124072274
9,22,2300,70,48,1,133,6,176.0,183.15086118854248
9,26,3000,70,45,1,219,17,550.0,402.4720765909229
9,32,2800,70,36,0,101,21,520.0,0.0
9,31,2700,70,39,1,95,24,432.0,501.5130340889894
9,21,1700,70,39,0,61,9,150.0,0.0
9,28,2700,70,42,0,103,16,388.0,0.0
9,38,2900,70,43,1,99,26,556.0,450.192426743751
9,40,2200,70,38,1,69,12,324.0,234.97125849875
9,35,1700,70,40,0,57,7,90.0,0.0
9,38,2000,70,36,1,65,15,230.0,169.24910716486332
9,37,1700,70,35,1,49,14,222.0,163.2773533324023
9,26,2300,70,35,0,75,16,318.0,0.0
9,20,1500,70,41,0,25,3,52.0,0.0
9,39,1700,70,46,0,95,13,260.0,0.0
9,20,2800,70,44,1,99,9,272.0,197.56792221558774
9,23,2000,70,48,1,65,6,138.0,101.30686079358574
9,21,1500,70,38,0,29,4,82.0,0.0
9,30,2400,70,41,1,91,18,406.0,424.21449512131966
9,34,3000,70,38,1,109,27,518.0,511.9159243336257
9,21,2800,70,43,0,55,9,242.0,0.0
9,24,1600,70,47,0,61,5,90.0,0.0
9,38,2900,70,47,0,157,26,742.0,0.0
9,23,2900,70,48,1,111,12,344.0,274.6376331384912
9,24,1900,70,36,1,37,6,130.0,82.4231954887349
9,34,2600,70,37,0,99,26,566.0,0.0
9,30,3000,70,38,1,111,29,684.0,419.3880581096744
9,25,1900,70,40,0,107,7,176.0,0.0
9,23,2200,70,39,1,75,9,216.0,226.75143086883944
9,33,2600,70,40,1,99,18,514.0,327.943430978987
9,27,3000,70,46,0,151,16,558.0,0.0
9,30,1900,65,38,1,95,19,310.0,367.961217478614
9,33,1500,65,44,0,7,1,8.0,0.0
9,38,1700,65,38,1,63,8,152.0,90.53687754309495
9,39,2900,70,50,0,151,19,376.0,0.0
9,34,2400,65,36,0,121,23,442.0,0.0
9,34,2000,65,46,1,65,7,130.0,103.42862657340326
9,28,1500,65,47,0,29,3,54.0,0.0
9,34,2200,65,37,0,129,19,484.0,0.0
9,35,1900,65,40,1,71,11,264.0,112.37173042427706
9,27,2500,65,43,1,45,8,198.0,132.60116376518832
9,21,3000,65,40,0,59,16,364.0,0.0
9,28,2400,65,46,0,85,7,218.0,0.0
9,22,1600,65,44,1,45,5,104.0,97.44537980786475
9,21,2500,65,48,1,63,9,186.0,141.57908348738616
9,34,2800,65,35,1,109,23,504.0,345.69167621823414
9,34,3000,65,35,0,153,33,724.0,0.0
9,40,1900,65,39,0,75,12,248.0,0.0
9,28,1500,65,41,1,29,3,30.0,43.20037043836351
9,28,1900,65,49,0,83,7,150.0,0.0
9,33,2800,65,50,1,111,16,456.0,434.21610233406705
9,28,1800,65,50,0,35,4,86.0,0.0
9,34,2800,65,36,0,105,25,490.0,0.0
9,22,2300,65,39,1,81,12,280.0,296.5515572726072
9,31,1500,65,44,0,59,2,60.0,0.0
9,23,2200,65,42,0,77,9,206.0,0.0
9,28,1800,65,49,1,37,7,100.0,96.05061707314593
9,26,2100,65,49,1,57,4,92.0,113.63344532869547
9,36,2600,65,47,1,89,20,384.0,425.4915085021968
9,29,1900,65,38,1,47,10,122.0,88.61023588918546
9,32,2500,65,39,0,99,19,434.0,0.0
9,24,2700,65,36,1,93,15,310.0,220.41027357354886
9,22,2900,65,40,0,103,17,440.0,0.0
9,33,2500,65,47,0,93,13,288.0,0.0
9,27,2600,65,48,1,103,11,312.0,304.45740958077636
9,27,2300,65,50,0,109,3,110.0,0.0
9,34,2100,65,35,0,73,12,256.0,0.0
9,23,2000,65,36,1,51,9,162.0,124.40986911253532
9,25,2300,65,38,0,115,10,302.0,0.0
9,28,1800,65,41,0,29,8,58.0,0.0
9,27,2100,65,43,1,79,9,198.0,119.10313933521617
9,25,3000,65,48,1,109,17,364.0,356.62821801129235
9,36,2900,65,50,1,109,22,428.0,521.4744200097681
9,28,2000,65,37,0,77,11,266.0,0.0
9,33,2100,65,38,1,147,18,382.0,195.05439897863354
9,39,2200,65,36,1,63,17,236.0,147.55758474827954
9,21,2800,65,37,1,65,16,356.0,240.206541124133
9,23,2400,65,43,0,127,11,362.0,0.0
9,27,2400,65,45,0,89,8,170.0,0.0
9,29,2700,65,42,0,151,17,476.0,0.0
9,31,2000,65,39,1,59,12,150.0,319.98474954792465
9,24,1700,65,35,1,103,12,214.0,151.31342695591945
9,27,2600,65,41,0,93,16,446.0,0.0
9,30,2700,65,43,0,145,16,410.0,0.0
9,22,2700,65,43,0,107,14,408.0,0.0
9,29,2800,65,48,1,119,17,378.0,384.50203179781107
9,33,2200,65,44,0,125,13,316.0,0.0
9,24,2100,65,48,1,71,9,214.0,200.90275227989864
9,36,1900,65,43,0,71,9,170.0,0.0
9,25,2400,65,39,1,85,16,328.0,473.0688567137989
9,28,2800,65,42,0,83,16,304.0,0.0
9,21,2900,65,39,1,57,12,336.0,372.56762853005057
9,27,2300,65,50,1,61,9,158.0,241.10851830199226
9,29,2900,65,42,1,83,22,420.0,313.8297662496177
9,38,1900,65,46,0,73,5,146.0,0.0
9,34,1500,65,36,1,53,8,140.0,55.231412322525856
9,34,2800,65,40,0,139,24,652.0,0.0
9,33,2900,65,44,0,109,19,604.0,0.0
9,31,2200,65,44,1,83,12,386.0,468.9337893605064
9,27,2100,65,38,1,119,20,326.0,315.60234578287947
9,28,2900,65,41,0,109,19,502.0,0.0
9,25,2200,65,49,0,43,5,84.0,0.0
9,28,1500,65,35,0,53,7,134.0,0.0
9,38,2600,65,46,1,123,16,312.0,254.9873736480937
9,38,2000,65,47,0,57,8,134.0,0.0
9,33,2000,65,41,0,139,11,282.0,0.0
9,24,2800,65,35,1,103,21,488.0,247.96529713657358
9,38,2800,65,46,1,125,22,394.0,461.245022711776
9,24,2600,65,49,1,83,9,292.0,137.25825120590548
9,22,2000,65,44,0,59,2,60.0,0.0
9,26,2500,65,49,1,59,9,188.0,127.21494260536792
9,23,2900,65,48,0,95,12,408.0,0.0
9,24,2500,65,39,1,63,15,322.0,297.2724091670463
9,30,2700,65,42,0,193,12,450.0,0.0
9,31,2800,65,45,1,143,17,472.0,407.34407754679813
9,24,2400,65,40,0,171,13,464.0,0.0
9,23,2200,65,39,0,79,13,312.0,0.0
9,21,2800,65,36,0,141,16,506.0,0.0
9,20,2400,65,47,1,45,5,130.0,52.083098574006485
9,28,2900,65,38,1,115,25,598.0,478.0264801484702
9,26,2600,65,39,0,101,16,362.0,0.0
9,39,2900,65,41,0,115,30,644.0,0.0
9,38,2800,65,41,1,113,19,528.0,435.44107189664743
9,27,2300,65,48,1,81,7,192.0,222.94236902103077
9,28,1700,65,47,1,47,8,118.0,109.49907987442903
9,36,2700,65,50,0,107,14,486.0,0.0
9,33,1700,65,46,0,33,4,72.0,0.0
9,32,2400,65,45,0,87,14,250.0,0.0
9,40,2300,65,47,1,85,10,206.0,115.35138966652033
9,37,2700,65,49,1,145,17,462.0,222.67706264939002
9,21,2200,65,40,0,75,7,218.0,0.0
9,32,1800,65,49,1,53,5,88.0,44.05839501638771
9,40,2300,60,37,0,129,15,354.0,0.0
9,22,2500,60,40,0,87,16,396.0,0.0
9,27,2000,60,43,1,63,10,144.0,46.80070225284893
9,20,1500,60,46,0,45,4,70.0,0.0
9,28,1600,60,41,1,69,12,174.0,220.66442780226313
9,22,1800,60,47,1,9,1,10.0,14.58191901358583
9,30,2000,60,46,1,49,5,104.0,48.44131535206556
9,34,2400,60,40,1,93,17,300.0,205.31811705293487
9,36,2800,60,39,0,109,20,582.0,0.0
9,27,2400,60,39,0,93,15,466.0,0.0
9,40,1600,60,38,1,45,6,70.0,60.0661082835714
9,20,1900,60,44,1,35,4,66.0,69.50830108443742
9,33,2400,60,46,0,91,12,246.0,0.0
9,23,2800,60,38,1,201,16,538.0,291.8659554306878
9,36,2000,60,49,0,101,11,164.0,0.0
9,33,2500,60,36,0,97,23,468.0,0.0
9,29,1700,60,45,0,33,5,114.0,0.0
9,33,2800,60,48,1,85,15,334.0,295.1992108744496
9,38,2600,60,45,1,79,22,368.0,414.41656473269893
9,37,3000,60,45,0,117,15,400.0,0.0
9,35,1800,60,48,0,33,4,86.0,0.0
9,25,2500,60,48,1,73,11,242.0,267.0414023506986
9,20,2600,60,48,1,51,8,284.0,249.14010895436604
9,28,1700,60,46,0,59,7,124.0,0.0
9,21,2400,60,42,1,77,8,230.0,149.8333336831985
9,34,2100,60,39,0,41,16,222.0,0.0
9,22,2500,60,40,1,57,12,272.0,149.5483658358502
9,21,2600,60,38,0,97,14,366.0,0.0
9,23,2800,60,40,0,155,12,428.0,0.0
9,28,2900,60,42,1,107,19,460.0,347.7968816789316
9,31,2300,60,45,1,49,8,246.0,149.9858724619577
9,31,1500,60,48,0,27,2,48.0,0.0
9,38,2200,60,35,0,113,18,338.0,0.0
9,22,1800,60,35,1,61,9,158.0,77.46534013874019
9,26,2300,60,39,1,75,10,220.0,245.3099246887559
9,34,2500,60,43,1,143,19,430.0,429.7686599768097
9,22,2200,60,47,0,43,4,150.0,0.0
9,34,2200,60,49,1,83,8,154.0,95.71830790179186
9,29,2200,60,50,0,81,8,228.0,0.0
9,30,1800,60,35,0,71,11,218.0,0.0
9,40,2900,60,42,1,103,34,558.0,582.9282768623939
9,23,1600,60,43,0,25,2,50.0,0.0
9,32,2300,60,40,1,171,18,396.0,314.01258911123426
9,37,2100,60,40,0,113,13,308.0,0.0
9,27,3000,60,40,1,133,17,532.0,288.53233095118475
9,24,1500,60,41,0,45,5,72.0,0.0
9,38,2800,60,37,1,107,30,608.0,404.64673623081467
9,29,1500,60,39,0,47,5,86.0,0.0
9,24,2900,60,44,0,111,17,404.0,0.0
9,23,2300,60,42,1,39,10,216.0,170.74473328202825
9,40,2000,60,44,1,87,14,224.0,259.421936431863
9,32,2200,60,43,1,71,11,172.0,146.73708314856114
9,23,2800,60,45,0,55,11,340.0,0.0
9,23,2400,60,40,1,39,8,166.0,84.6049129898952
9,39,1700,60,37,0,61,7,130.0,0.0
9,26,2400,60,45,0,81,8,230.0,0.0
9,20,2800,60,44,0,95,13,264.0,0.0
9,21,2800,60,47,1,103,14,410.0,216.75674995303686
9,35,2300,60,49,1,57,9,188.0,126.22952885703049
9,23,3000,60,49,0,111,10,392.0,0.0
9,27,2300,60,35,1,63,18,334.0,270.5986518845078
9,34,2200,60,39,1,67,14,226.0,325.9423646648996
9,21,2800,60,39,1,105,19,402.0,391.22342008643653
9,31,2000,60,41,1,55,9,130.0,201.68874319458956
9,31,2700,60,47,0,99,16,336.0,0.0
9,32,2400,60,46,0,113,6,152.0,0.0
9,24,1800,60,50,0,69,6,106.0,0.0
9,26,3000,60,36,1,107,22,562.0,417.69302403873945
9,22,2800,60,43,0,47,12,210.0,0.0
9,37,2800,60,46,0,151,23,586.0,0.0
9,24,2800,60,43,1,215,17,594.0,326.7409581707514
9,27,2900,60,50,1,139,12,322.0,283.848716370716
9,20,2000,60,36,1,97,10,204.0,97.24744672478143
9,36,1500,60,50,0,55,5,86.0,0.0
9,39,2300,60,36,0,135,25,620.0,0.0
9,32,2100,60,46,0,37,7,134.0,0.0
9,24,1700,60,48,1,69,4,70.0,100.68927731506366
9,39,2400,60,50,0,125,14,352.0,0.0
9,26,2500,60,50,1,63,9,188.0,225.62707564566293
9,24,1500,60,46,1,35,6,70.0,76.91197431966958
9,30,2800,60,50,0,55,9,268.0,0.0
9,29,2200,60,37,0,117,12,316.0,0.0
9,38,3000,60,40,1,165,25,524.0,312.886219899641
9,30,2300,60,48,1,101,8,200.0,263.3234861612903
9,35,2300,60,49,0,87,12,198.0,0.0
9,28,2400,60,45,1,71,8,152.0,191.42779516903974
9,33,2800,60,49,0,105,13,350.0,0.0
9,26,2800,60,50,0,95,10,294.0,0.0
9,22,2800,60,35,1,93,16,450.0,254.15547428123045
9,38,2900,60,35,1,111,35,562.0,535.407588735841
9,29,2100,60,35,1,79,18,308.0,321.24241258268495
9,26,2700,60,42,0,105,16,394.0,0.0
9,23,1700,60,37,0,61,9,138.0,0.0
9,29,2500,60,38,0,97,19,378.0,0.0
9,25,3000,60,49,0,59,5,170.0,0.0
9,20,2800,60,41,1,103,17,436.0,315.9484800248992
9,31,2900,60,45,0,143,14,548.0,0.0
9,23,2900,60,44,1,91,19,364.0,444.18235146658617
9,31,2000,60,39,0,39,10,180.0,0.0
9,21,2900,55,37,1,169,20,650.0,380.80130134617156
9,29,2700,60,50,1,105,10,252.0,186.78859882440625
9,21,2200,55,43,1,77,9,256.0,224.39730529013673
9,38,1600,55,44,0,117,13,212.0,0.0
9,32,2800,55,37,1,139,22,614.0,376.72739217824443
9,39,2200,55,40,0,117,11,324.0,0.0
9,26,2800,55,37,1,149,19,528.0,382.0694383665869
9,26,1900,55,43,1,59,4,60.0,37.43354896004045
9,31,1900,55,41,0,101,8,208.0,0.0
9,20,2000,55,47,0,27,4,52.0,0.0
9,26,1500,55,36,1,79,4,84.0,26.296686247644868
9,27,1700,55,50,0,27,3,44.0,0.0
9,22,1700,55,40,1,33,3,64.0,38.835317914996175
9,20,1500,55,35,0,25,2,26.0,0.0
9,37,2100,55,41,0,107,16,338.0,0.0
9,28,2000,55,41,1,51,7,130.0,190.78046404022146
9,31,2200,55,48,0,113,12,312.0,0.0
9,34,1800,55,50,1,67,10,156.0,240.11321394474774
9,40,2300,55,45,1,79,10,280.0,128.0162208899735
9,40,2400,55,47,0,93,10,238.0,0.0
9,22,1700,55,46,1,67,4,98.0,81.2723681972456
9,31,1500,55,45,0,35,2,36.0,0.0
9,33,2600,55,39,0,93,22,412.0,0.0
9,29,2600,55,35,1,103,19,402.0,292.96510289305365
9,23,1500,55,38,0,23,2,24.0,0.0
9,36,2700,55,42,1,109,13,258.0,239.46287747163097
9,35,1600,55,41,1,43,10,116.0,131.66381387888094
9,27,2900,55,39,0,111,18,512.0,0.0
9,35,2800,55,41,0,55,16,336.0,0.0
9,22,1500,55,35,1,103,11,230.0,126.37012129385806
9,22,2600,55,38,0,69,14,374.0,0.0
9,26,2300,55,37,0,81,15,302.0,0.0
9,28,2700,55,48,1,93,9,338.0,269.26707654879954
9,21,2600,55,45,1,99,7,180.0,196.82881649338069
9,39,2500,55,46,1,81,12,300.0,158.28399456767366
9,21,2600,55,44,0,135,12,484.0,0.0
9,40,2200,55,36,1,85,24,384.0,257.6230089253039
9,39,2900,55,40,1,103,31,526.0,520.9189796250986
9,22,1800,55,39,0,55,8,148.0,0.0
9,34,2900,55,38,0,139,24,638.0,0.0
9,29,2900,55,47,0,103,17,584.0,0.0
9,26,2300,55,35,1,85,14,308.0,161.56745789928883
9,40,1900,55,49,0,57,4,92.0,0.0
9,27,1600,55,49,1,51,2,52.0,14.310183191966694
9,29,1600,55,36,0,83,10,166.0,0.0
9,23,2400,55,37,1,85,13,300.0,140.15381939120573
9,22,2300,55,45,0,45,7,156.0,0.0
9,26,1500,55,44,0,53,4,70.0,0.0
9,31,2000,55,50,0,69,3,92.0,0.0
9,29,2600,55,48,1,97,11,240.0,264.9684887155741
9,26,2700,55,49,1,87,9,288.0,93.21381021691462
9,36,3000,55,48,1,115,19,510.0,604.0558942091707
9,37,2200,55,38,0,125,17,332.0,0.0
9,39,2200,55,37,1,41,13,264.0,196.14963440896142
9,32,2000,55,40,1,79,7,250.0,55.44360038358209
9,32,2600,55,40,0,99,15,362.0,0.0
9,33,2700,55,47,0,147,14,476.0,0.0
9,33,1500,55,48,0,25,4,50.0,0.0
9,22,2900,55,50,1,73,9,334.0,316.89448931463863
9,33,3000,55,37,1,117,28,556.0,534.636487151762
9,25,1800,55,39,1,33,4,92.0,108.31328485603107
9,30,1800,55,42,1,35,8,174.0,147.17658625896448
9,24,1500,55,45,0,47,2,48.0,0.0
9,28,2700,55,47,0,153,16,420.0,0.0
9,37,2300,55,50,1,77,6,170.0,161.44767239428802
9,35,3000,55,50,0,113,19,566.0,0.0
9,33,1700,55,42,1,69,9,158.0,178.29614549576004
9,27,2500,55,43,1,99,10,284.0,172.99425483842836
9,24,2400,55,43,0,81,9,152.0,0.0
9,37,1700,55,46,0,55,4,86.0,0.0
9,24,1600,55,50,0,45,4,78.0,0.0
9,33,2500,55,45,1,97,16,328.0,325.1076957796154
9,25,2600,55,50,0,147,8,278.0,0.0
9,20,1800,55,37,1,35,4,88.0,54.57505011135757
9,32,2700,55,40,0,99,20,454.0,0.0
9,32,2300,55,36,1,95,21,422.0,349.0525813909324
9,37,2100,55,41,1,53,8,160.0,127.73433528479391
9,34,2400,55,46,0,61,12,294.0,0.0
9,40,1500,55,43,0,71,5,102.0,0.0
9,38,2800,55,40,0,137,19,386.0,0.0
9,32,1900,55,44,0,73,8,172.0,0.0
9,31,2400,55,50,1,83,14,282.0,362.8312171674909
9,38,1600,55,44,0,51,6,98.0,0.0
9,26,1900,55,48,1,35,5,128.0,163.079358354613
9,24,1800,55,46,1,19,1,20.0,21.877820231157383
9,27,2000,55,44,1,39,5,100.0,155.50521277344106
9,23,1500,55,49,0,55,3,56.0,0.0
9,24,2700,55,42,1,99,13,334.0,173.24741825443738
9,30,2700,55,37,0,97,18,428.0,0.0
9,32,1800,55,45,0,87,16,238.0,0.0
9,28,2200,55,40,1,87,12,350.0,141.2954208589798
9,21,1500,55,46,0,29,2,56.0,0.0
9,31,1900,55,50,1,47,4,102.0,104.1370411524561
9,38,1600,55,46,1,43,4,44.0,39.25899113043444
9,28,2400,55,36,1,91,19,374.0,186.3616538028096
9,33,2500,55,38,0,145,17,430.0,0.0
9,28,1900,55,37,0,59,7,110.0,0.0
9,27,2400,55,40,1,139,14,442.0,176.25884422883198
9,26,2500,55,42,0,91,10,244.0,0.0
9,28,2200,55,37,1,59,13,196.0,203.64703951121416
9,23,1700,55,38,0,29,1,30.0,0.0
9,39,2500,50,35,0,99,14,336.0,0.0
9,40,1900,50,35,1,71,15,246.0,228.67662359389706
9,21,2800,50,36,1,111,17,502.0,277.30080591922564
9,22,1800,50,46,0,59,3,94.0,0.0
9,29,1600,50,46,1,37,3,58.0,26.52014955515484
9,39,1700,50,50,1,65,6,116.0,115.8589695784049
9,40,2600,50,35,1,115,29,436.0,482.0409085814212
9,25,2600,50,49,0,47,2,88.0,0.0
9,25,2500,50,43,1,93,10,286.0,218.36933048344267
9,35,1600,50,44,0,31,3,90.0,0.0
9,39,2900,50,45,0,103,21,468.0,0.0
9,26,2100,50,47,1,53,7,128.0,70.36869231290343
9,21,1600,50,47,0,31,3,88.0,0.0
9,34,1900,50,36,0,97,11,242.0,0.0
9,22,3000,50,48,0,55,8,198.0,0.0
9,29,2200,50,43,0,77,9,232.0,0.0
9,28,2500,50,44,1,89,11,218.0,306.80023476095516
9,34,1500,50,43,1,57,6,116.0,72.77477957932078
9,35,2000,50,41,1,105,8,174.0,96.09231146056871
9,40,2800,50,39,1,105,30,502.0,756.1252838699787
9,40,1800,50,35,0,89,6,162.0,0.0
9,25,1800,50,47,0,31,2,32.0,0.0
9,26,2200,50,39,1,71,13,318.0,280.45746526068
9,21,2300,50,36,0,79,9,228.0,0.0
9,38,1500,50,42,1,39,3,48.0,74.0027851398263
9,40,2100,50,48,1,149,13,266.0,352.7258691175534
9,21,2200,50,35,0,81,9,216.0,0.0
9,24,2100,50,49,0,63,4,96.0,0.0
9,25,2300,50,40,0,83,12,270.0,0.0
9,20,1700,50,45,1,35,4,68.0,84.63578576800185
9,32,2500,50,38,0,175,17,452.0,0.0
9,29,2400,50,46,1,75,9,172.0,187.8236650432336
9,22,2000,50,39,1,59,8,152.0,108.088599193436
9,32,1900,50,41,1,111,6,214.0,151.5668181393578
9,20,2100,50,41,0,75,8,154.0,0.0
9,33,2400,50,39,0,69,13,254.0,0.0
9,34,2900,50,48,0,159,11,334.0,0.0
9,27,2500,50,47,1,137,11,384.0,180.49376137130704
9,37,2100,50,48,0,75,12,228.0,0.0
9,34,2900,50,43,1,165,21,540.0,376.15097583365474
9,25,2200,50,50,1,77,6,140.0,83.00657285355149
9,26,2400,50,36,0,95,11,314.0,0.0
9,24,1500,50,38,1,0,0,0.0,0.0
9,37,1700,50,38,0,91,13,204.0,0.0
9,31,2000,50,44,0,93,5,130.0,0.0
9,39,3000,50,49,1,113,23,456.0,349.9652115632168
9,28,1900,50,40,1,37,3,76.0,62.40402413025842
9,38,1600,50,49,0,89,9,170.0,0.0
9,25,2000,50,50,1,39,5,100.0,92.19975850377647
9,30,2900,50,40,0,57,12,262.0,0.0
9,36,2000,50,44,1,85,8,158.0,206.13670831297495
9,36,2600,50,47,0,83,8,182.0,0.0
9,35,1600,50,38,1,35,5,94.0,41.018394655723974
9,26,2600,50,47,1,95,6,238.0,117.6105255420602
9,28,1700,50,45,0,67,5,124.0,0.0
9,21,2500,50,50,0,49,3,90.0,0.0
9,40,1500,50,36,1,103,8,134.0,63.56734714880061
9,28,1700,50,42,1,61,8,150.0,206.59113022923697
9,35,1800,50,44,0,65,9,100.0,0.0
9,34,2600,50,45,1,95,15,406.0,352.92205001871037
9,24,2600,50,46,0,79,4,80.0,0.0
9,21,2900,50,49,0,103,9,346.0,0.0
9,27,3000,50,48,1,91,12,326.0,205.4376915009791
9,23,2100,50,35,1,91,10,266.0,149.49744757914752
9,32,2400,50,40,0,93,10,328.0,0.0
9,22,2000,50,41,0,69,11,200.0,0.0
9,25,2000,50,45,1,51,7,74.0,68.48113261188541
9,33,2400,50,48,1,47,9,220.0,183.95739094802553
9,21,2900,50,47,0,155,11,466.0,0.0
9,25,2100,50,49,0,69,9,226.0,0.0
9,39,2200,50,36,0,131,25,442.0,0.0
9,35,1500,50,38,1,35,7,88.0,92.96782527437544
9,31,3000,50,40,1,113,21,388.0,346.82176968579415
9,27,2900,50,39,1,217,17,552.0,563.9737949102308
9,39,1700,50,44,0,63,5,120.0,0.0
9,34,2700,50,44,1,75,17,266.0,289.41972399977965
9,40,2300,50,46,0,145,14,220.0,0.0
9,33,2800,50,35,0,155,22,640.0,0.0
9,36,2700,50,39,1,95,19,496.0,384.7415525601651
9,23,1600,50,40,0,23,3,38.0,0.0
9,20,3000,50,43,0,113,12,292.0,0.0
9,39,2400,50,43,1,183,19,482.0,378.58551380383216
9,38,1600,50,48,1,45,4,76.0,155.12754009939553
9,22,2500,50,48,0,47,3,90.0,0.0
9,22,2200,50,39,0,85,7,186.0,0.0
9,22,1500,50,36,0,25,3,66.0,0.0
9,38,2500,50,42,1,93,22,436.0,432.09747117610976
9,22,1700,50,45,1,21,1,22.0,26.945507939311792
9,38,2700,50,46,1,77,12,214.0,175.8119990718494
9,38,1500,50,49,0,47,4,68.0,0.0
9,32,2400,50,50,1,41,3,84.0,69.9718151865062
9,35,2300,50,35,0,79,17,340.0,0.0
9,40,2500,50,36,1,89,11,290.0,108.65594191104294
9,30,2500,50,41,0,145,16,480.0,0.0
9,21,2900,50,46,1,103,11,312.0,213.95657325004822
9,39,2700,50,45,0,149,15,384.0,0.0
9,26,1600,50,50,1,29,2,38.0,64.08711262236667
9,34,1800,50,50,0,35,4,102.0,0.0
8,28,2100,90,36,1,117,20,386.0,247.62808594540067
9,39,2000,50,49,0,65,6,176.0,0.0
8,20,2000,90,38,0,107,11,248.0,0.0
8,30,2800,90,41,1,111,24,470.0,459.34017272995305
9,30,3000,50,50,1,109,15,426.0,331.9595409514374
8,21,2300,90,42,1,61,8,126.0,149.77580875456627
8,22,1800,90,46,0,69,6,128.0,0.0
8,29,2700,90,41,0,103,26,522.0,0.0
8,20,2400,90,37,0,47,17,244.0,0.0
8,29,2700,90,45,0,103,19,444.0,0.0
8,20,2100,90,47,1,123,8,214.0,124.18527684851436
8,25,2200,90,48,1,43,6,86.0,125.37691814780663
8,37,2500,90,48,1,91,22,482.0,470.1260061402206
8,24,2200,90,50,0,41,10,186.0,0.0
8,38,2000,90,44,0,75,12,300.0,0.0
8,30,1500,90,42,1,47,9,120.0,195.51496922864894
8,25,1600,90,41,1,61,5,82.0,131.41735812333678
8,30,1800,90,44,0,125,12,244.0,0.0
8,38,2900,90,35,0,167,37,696.0,0.0
8,34,2400,90,40,0,121,27,474.0,0.0
8,31,2100,90,35,0,135,19,352.0,0.0
8,37,2200,90,45,1,79,15,254.0,302.2045723248951
8,28,1500,90,49,1,29,1,30.0,14.48528137423857
8,25,1700,90,35,0,93,9,222.0,0.0
8,31,2900,90,38,1,73,27,410.0,473.4190925398529
8,32,1700,90,48,1,47,10,90.0,236.103062126097
8,33,2200,90,49,1,53,12,206.0,127.68081926042483
8,32,1500,90,35,0,77,9,194.0,0.0
8,37,2000,90,36,1,73,20,298.0,306.3684131702163
8,30,1800,90,40,1,39,12,116.0,171.94040855565478
8,23,1800,90,47,0,33,2,66.0,0.0
8,24,2200,90,43,0,71,13,204.0,0.0
8,39,1600,90,46,1,41,7,110.0,103.687141873345
8,29,2700,90,41,1,157,28,626.0,599.0322064319811
8,26,2500,90,41,1,93,17,402.0,291.5308997028837
8,23,2400,90,50,0,91,11,292.0,0.0
8,29,2800,90,46,0,161,20,646.0,0.0
8,37,2700,90,46,0,107,19,438.0,0.0
8,24,2100,90,37,0,117,12,344.0,0.0
8,24,3000,90,44,1,111,18,376.0,478.8281190531327
8,23,2100,90,35,0,113,14,316.0,0.0
8,25,2100,90,35,1,79,15,246.0,190.42905914682203
8,39,3000,90,37,0,113,30,544.0,0.0
8,31,3000,90,38,1,177,30,646.0,566.0241347466152
8,25,2900,90,39,1,91,22,408.0,407.32737690318214
8,27,1700,90,43,1,49,10,108.0,151.60739042816695
8,28,2400,90,47,0,93,14,302.0,0.0
8,38,1700,90,36,1,101,11,268.0,134.00668076819218
8,28,1900,90,50,0,69,6,154.0,0.0
8,40,2100,90,39,0,105,20,388.0,0.0
8,38,2000,90,37,1,67,20,292.0,148.62496450843247
8,20,1500,90,43,1,45,8,106.0,123.96628142861302
8,22,2800,90,45,0,107,14,352.0,0.0
8,34,2200,90,43,0,117,12,318.0,0.0
8,23,1600,90,37,1,43,6,64.0,41.98444812976307
8,38,2800,90,43,0,211,31,812.0,0.0
8,24,3000,90,42,0,161,18,424.0,0.0
8,36,2100,90,49,1,77,6,160.0,91.32836113132628
8,29,2200,90,44,0,81,15,232.0,0.0
8,30,2100,90,46,1,83,9,206.0,124.53614794277564
8,22,2500,90,48,1,99,12,270.0,284.0810517722562
8,24,2200,90,37,0,73,12,216.0,0.0
8,26,2800,90,38,1,105,23,472.0,390.7295306248981
8,25,2500,90,38,0,129,20,422.0,0.0
8,36,2900,90,40,1,157,29,514.0,551.3717994755856
8,24,1500,90,40,0,49,8,124.0,0.0
8,27,1500,90,45,1,29,3,30.0,46.772510176571785
8,38,3000,90,48,0,227,27,758.0,0.0
8,34,3000,90,48,1,173,23,606.0,572.2064025792657
8,24,2900,90,38,0,167,22,500.0,0.0
8,23,2400,90,35,1,87,20,360.0,228.09384097778798
8,34,2400,90,38,0,131,25,550.0,0.0
8,39,1800,90,41,0,63,10,180.0,0.0
8,28,2900,90,46,1,113,21,508.0,424.35553865429256
8,37,2700,90,46,1,109,19,358.0,302.2483060406878
8,29,2700,90,47,0,151,20,644.0,0.0
8,23,2300,90,35,0,83,20,390.0,0.0
8,25,2900,90,48,1,77,16,292.0,429.2850386484469
8,35,2300,90,43,1,125,19,398.0,295.0361346860878
8,27,1800,90,45,0,59,4,60.0,0.0
8,40,1900,90,46,1,75,15,198.0,166.00409143435806
8,30,1700,90,36,1,57,11,126.0,91.84909174586426
8,20,2600,90,49,0,95,14,312.0,0.0
8,39,2100,90,48,1,77,11,242.0,379.64259385497076
8,22,1500,90,44,0,53,3,54.0,0.0
8,21,2300,90,36,0,89,16,462.0,0.0
8,25,2000,90,39,1,61,8,162.0,194.23596296726555
8,22,2300,90,38,0,91,14,326.0,0.0
8,24,2400,90,41,0,89,11,286.0,0.0
8,33,2900,90,42,1,113,30,584.0,505.1877902683544
8,35,3000,90,49,1,165,30,656.0,447.6699221753038
8,33,2800,90,43,0,161,28,706.0,0.0
8,32,2200,90,41,0,81,14,364.0,0.0
8,38,1700,90,40,1,49,20,234.0,216.893101811988
8,33,2200,90,40,1,81,10,222.0,68.1233328696868
8,35,2100,90,40,0,77,16,318.0,0.0
8,28,1800,90,36,1,63,15,218.0,126.06553332168427
8,31,2200,90,35,0,123,24,518.0,0.0
8,21,2300,90,35,0,109,14,262.0,0.0
8,33,1900,90,43,1,61,10,170.0,108.68234344877814
8,23,2000,85,39,0,81,11,264.0,0.0
8,35,2100,85,40,1,77,15,274.0,165.94432276488962
8,20,1800,90,43,0,55,8,112.0,0.0
8,24,2200,90,44,1,71,11,224.0,305.6782906261451
8,40,2600,85,35,0,145,35,686.0,0.0
8,31,2600,85,35,1,101,28,512.0,465.41021520862654
8,33,1700,85,47,1,47,7,106.0,106.9720552117866
8,31,1800,85,43,1,57,13,200.0,248.78200112778111
8,28,2100,85,43,1,85,14,264.0,217.4967579705228
8,40,1700,85,45,0,83,9,204.0,0.0
8,29,1800,85,36,1,101,16,274.0,137.0878011890282
8,35,2400,85,35,1,129,16,416.0,212.72866870214958
8,38,2200,85,48,0,81,7,184.0,0.0
8,22,2800,85,49,0,55,8,258.0,0.0
8,23,2900,85,46,0,103,13,470.0,0.0
8,29,2600,85,49,0,129,17,340.0,0.0
8,27,3000,85,42,1,105,22,530.0,494.33831883803043
8,35,2400,85,43,0,173,19,418.0,0.0
8,30,3000,85,43,0,115,23,610.0,0.0
8,35,2800,85,44,1,161,22,566.0,596.9201015301574
8,28,2600,85,50,1,69,13,318.0,420.9007490761263
8,35,1900,85,46,0,71,10,140.0,0.0
8,31,2700,85,44,1,145,15,420.0,475.0647418657505
8,25,1900,85,37,1,73,13,224.0,182.24655729788898
8,31,1500,85,39,0,47,5,76.0,0.0
8,21,2100,85,42,1,47,7,150.0,131.8650096301859
8,23,2800,85,48,0,107,16,410.0,0.0
8,27,2100,85,49,1,51,8,168.0,118.07267725405913
8,20,2700,85,48,0,79,10,346.0,0.0
8,30,1800,85,47,0,97,9,200.0,0.0
8,35,2300,85,37,1,163,18,394.0,261.2794159081043
8,23,2500,85,47,1,97,12,254.0,189.8070708809471
8,31,2900,85,39,1,135,27,512.0,616.1926978926997
8,26,2600,85,47,0,91,12,310.0,0.0
8,28,3000,85,45,0,155,20,538.0,0.0
8,36,2400,85,50,0,93,9,248.0,0.0
8,20,2200,85,50,1,73,5,134.0,111.32364297727158
8,30,2500,85,46,0,99,13,328.0,0.0
8,35,1700,85,46,1,31,3,58.0,47.46362900752655
8,37,1800,85,39,0,77,12,196.0,0.0
8,22,3000,85,35,1,105,21,464.0,367.7003418054366
8,24,3000,85,37,1,109,21,468.0,439.9517032432947
8,30,2300,85,40,0,89,15,344.0,0.0
8,21,1800,85,37,1,67,9,208.0,110.11186707405164
8,30,2400,85,43,1,169,20,560.0,373.11730413329656
8,38,2900,85,47,0,211,21,602.0,0.0
8,28,1700,85,49,0,29,2,58.0,0.0
8,33,1800,85,45,1,71,9,140.0,218.48981697008665
8,29,1500,85,40,1,67,8,126.0,102.80508308537334
8,24,2700,85,41,0,93,18,338.0,0.0
8,29,1800,85,43,0,67,8,130.0,0.0
8,26,1500,85,49,0,27,3,56.0,0.0
8,24,2800,85,49,0,105,17,384.0,0.0
8,30,3000,85,49,1,83,23,390.0,289.27191380088954
8,24,2300,85,42,0,87,13,306.0,0.0
8,24,2700,85,48,0,95,10,288.0,0.0
8,26,1700,85,43,1,27,1,28.0,17.976603466589967
8,39,1700,85,49,1,41,7,102.0,84.10889854448008
8,38,2300,85,37,1,135,22,464.0,366.92042227428254
8,34,1500,85,45,1,83,7,114.0,145.9213655210376
8,40,1700,85,43,0,85,9,154.0,0.0
8,21,2100,85,37,1,75,12,226.0,251.99460429588385
8,31,2000,85,38,0,71,13,278.0,0.0
8,20,1800,85,44,1,47,4,78.0,120.19193528216533
8,36,2600,85,41,1,155,31,670.0,470.05314301342656
8,21,2500,85,44,0,141,12,336.0,0.0
8,39,3000,85,42,0,333,29,872.0,0.0
8,22,2100,85,50,0,81,9,154.0,0.0
8,39,2100,85,38,0,101,22,394.0,0.0
8,40,2700,85,38,1,81,34,400.0,557.9095300812486
8,26,1500,85,38,1,55,8,128.0,76.16043931208083
8,38,2200,85,42,1,75,14,230.0,238.54857643975816
8,27,2400,85,40,0,93,12,262.0,0.0
8,32,2800,85,36,0,151,28,608.0,0.0
8,23,2100,85,47,1,29,3,76.0,36.92189517612066
8,40,2500,85,37,1,79,35,438.0,540.9712021386146
8,40,2900,85,35,1,85,37,460.0,433.3592708771411
8,34,2600,85,39,0,129,24,562.0,0.0
8,22,2200,85,43,0,65,9,136.0,0.0
8,28,2000,85,41,1,47,9,152.0,139.56898497819887
8,36,2700,85,43,0,155,21,560.0,0.0
8,21,2500,85,39,0,49,14,222.0,0.0
8,37,1800,85,40,0,67,9,258.0,0.0
8,29,2500,85,41,1,127,18,382.0,461.7540322215239
8,22,2100,85,42,1,53,14,194.0,272.2024331364842
8,33,2600,85,43,0,143,23,552.0,0.0
8,28,2200,85,39,1,77,19,314.0,408.36840374505755
8,20,1600,85,40,0,41,5,68.0,0.0
8,35,1700,85,46,1,97,10,202.0,107.61751828172524
8,40,2400,85,37,0,141,29,702.0,0.0
8,39,1600,85,38,1,57,18,204.0,248.87091336445795
8,29,2200,85,45,0,119,13,334.0,0.0
8,31,2300,85,47,0,117,12,266.0,0.0
8,31,3000,85,43,1,219,25,624.0,454.39921044510817
8,39,1600,85,49,1,55,6,56.0,115.0199276933073
8,39,3000,85,48,0,215,28,812.0,0.0
8,30,3000,85,36,1,107,29,400.0,455.64751026174315
8,29,2800,85,41,1,111,23,432.0,481.27858986928004
8,21,2100,85,39,0,79,11,264.0,0.0
8,30,1700,85,39,0,95,13,216.0,0.0
8,34,1500,80,47,1,53,5,130.0,81.60683591266678
8,21,1700,85,46,0,31,2,62.0,0.0
8,40,2700,85,43,1,107,29,516.0,541.382452608289
8,22,1600,80,38,1,59,8,144.0,162.4447157641114
8,20,1700,80,40,0,23,1,24.0,0.0
8,31,2400,80,40,0,121,17,378.0,0.0
8,34,1700,80,47,1,67,14,208.0,174.26668859079746
8,28,2400,80,41,1,71,19,336.0,476.4753621012618
8,26,1900,80,44,0,71,5,140.0,0.0
8,35,2000,80,45,0,69,7,174.0,0.0
8,34,2700,80,43,1,101,26,422.0,419.1856937980742
8,40,1800,80,38,1,63,16,220.0,173.55880637941593
8,38,3000,80,43,0,155,23,550.0,0.0
8,32,1700,80,48,1,51,4,84.0,86.4350067980671
8,29,1600,80,48,0,45,6,104.0,0.0
8,28,2900,80,42,0,143,22,606.0,0.0
8,32,2600,80,44,1,137,19,376.0,418.3206457041438
8,37,1500,80,46,0,55,7,106.0,0.0
8,31,2100,80,42,0,117,13,314.0,0.0
8,33,2500,80,44,1,81,16,338.0,466.37616483305305
8,28,1800,80,38,1,59,5,96.0,59.99946096324414
8,31,2600,80,44,0,133,14,310.0,0.0
8,22,2500,80,47,1,69,13,254.0,204.9104722717552
8,31,2700,80,38,1,257,25,562.0,471.5714253387504
8,20,2100,80,48,1,63,8,144.0,109.62725888202313
8,32,2300,80,36,0,109,19,450.0,0.0
8,25,2300,80,39,0,45,5,84.0,0.0
8,27,2400,80,45,0,131,13,330.0,0.0
8,23,1900,80,50,0,57,4,86.0,0.0
8,32,2500,80,45,1,85,12,198.0,226.6692408675752
8,38,1600,80,39,1,89,12,170.0,255.99292965189073
8,29,1700,80,37,0,63,8,180.0,0.0
8,40,2300,80,42,1,75,20,318.0,377.692813379653
8,40,2500,80,43,0,127,24,510.0,0.0
8,23,2300,80,45,1,79,14,250.0,267.0657282581817
8,20,2700,80,49,0,95,12,276.0,0.0
8,29,1500,80,43,0,61,3,62.0,0.0
8,34,2100,80,48,1,81,11,194.0,341.69616470992446
8,20,2800,80,37,1,99,18,386.0,317.80095041304236
8,23,2500,80,41,1,87,13,276.0,318.5618035644577
8,33,2000,80,41,0,73,12,252.0,0.0
8,25,2000,80,35,1,67,17,266.0,253.26269688388876
8,26,1500,80,36,1,41,7,68.0,60.97803858536193
8,21,2100,80,46,0,41,7,194.0,0.0
8,37,2900,80,49,0,155,20,672.0,0.0
8,21,1900,80,35,1,69,9,172.0,65.4216208591761
8,34,1800,80,43,1,65,6,130.0,113.71484755366957
8,37,1700,80,44,0,121,9,178.0,0.0
8,25,1600,80,48,0,29,4,54.0,0.0
8,28,1900,80,46,1,49,6,118.0,125.89610274275474
8,31,2900,80,46,0,109,13,360.0,0.0
8,39,2300,80,47,0,89,12,282.0,0.0
8,24,1800,80,37,1,69,6,112.0,65.30119994247518
8,24,1600,80,38,1,31,7,110.0,64.81609303494272
8,32,2500,80,35,0,231,26,572.0,0.0
8,39,1700,80,46,1,65,9,126.0,109.6635440807487
8,32,2600,80,47,1,103,19,370.0,330.3453219480177
8,35,2800,80,47,0,137,21,600.0,0.0
8,20,3000,80,48,0,109,11,366.0,0.0
8,27,2100,80,36,1,57,16,246.0,267.8755188597382
8,38,2200,80,43,0,117,17,356.0,0.0
8,24,3000,80,39,0,111,17,528.0,0.0
8,39,2400,80,41,1,89,23,434.0,493.4266658638544
8,22,3000,80,35,0,59,20,358.0,0.0
8,34,1500,80,50,0,27,3,34.0,0.0
8,27,1900,80,48,0,65,3,102.0,0.0
8,25,2300,80,42,1,91,21,526.0,419.35248448274325
8,34,2200,80,47,1,75,14,246.0,199.9978473010209
8,26,2800,80,37,0,153,21,586.0,0.0
8,35,3000,80,39,1,109,34,578.0,635.9790087642999
8,40,1500,80,42,1,55,7,90.0,128.70503256608836
8,28,2200,80,42,1,73,12,202.0,208.9316249259231
8,25,2900,80,46,0,163,15,444.0,0.0
8,38,1800,80,46,0,71,12,284.0,0.0
8,25,3000,80,36,0,111,22,430.0,0.0
8,36,2600,80,45,1,141,18,472.0,313.0533154235515
8,37,2900,80,42,0,271,32,932.0,0.0
8,25,2600,80,47,1,75,15,326.0,278.04354012745625
8,23,2000,80,42,1,63,6,134.0,78.97702699618253
8,25,2000,80,50,1,59,6,110.0,167.06087783538936
8,40,2400,80,44,0,123,21,514.0,0.0
8,38,2900,80,49,0,165,22,626.0,0.0
8,25,2300,80,43,1,119,15,408.0,322.59413093384927
8,24,2700,80,42,0,91,16,282.0,0.0
8,35,3000,80,43,1,157,24,544.0,288.2228365977705
8,21,3000,80,38,0,149,18,436.0,0.0
8,35,2100,80,38,1,69,15,192.0,223.01355782892333
8,33,2500,80,41,0,139,20,540.0,0.0
8,28,2900,80,41,0,113,20,510.0,0.0
8,40,1700,80,43,1,49,6,106.0,95.96868296928061
8,40,1800,80,43,0,67,12,230.0,0.0
8,33,2200,80,45,1,121,15,332.0,349.5616245495771
8,20,2300,80,45,0,115,7,194.0,0.0
8,40,2100,80,50,1,73,3,114.0,59.10293781345932
8,33,2400,80,35,0,133,23,396.0,0.0
8,37,2700,80,39,1,209,27,558.0,473.4374461920172
8,33,1700,80,41,1,59,10,146.0,161.90575837382622
8,33,2900,80,35,0,207,33,712.0,0.0
8,24,1500,80,44,0,29,2,30.0,0.0
8,25,1700,80,48,1,57,6,104.0,141.46765335588813
8,25,2400,75,36,1,77,19,318.0,289.54165215323735
8,33,1600,75,38,1,75,13,136.0,108.41792521364597
8,39,2800,75,40,0,211,33,880.0,0.0
8,28,1800,75,38,1,47,16,186.0,224.12924226545567
8,38,2400,80,50,1,75,17,228.0,385.66382738755
8,31,2200,75,47,0,83,10,250.0,0.0
8,24,2400,80,48,0,111,10,160.0,0.0
8,34,1900,75,35,0,103,15,388.0,0.0
8,22,3000,75,35,0,109,21,454.0,0.0
8,26,1700,75,37,1,51,8,106.0,87.39017357404109
8,35,2100,75,41,0,71,8,220.0,0.0
8,27,1700,75,42,0,95,8,182.0,0.0
8,36,1900,75,48,1,75,7,150.0,195.25676982413296
8,33,2100,75,48,1,89,7,164.0,158.6960478890073
8,21,1900,75,37,1,41,12,192.0,150.05129602488057
8,31,2200,75,36,0,117,15,400.0,0.0
8,24,2100,75,39,0,77,13,254.0,0.0
8,21,1700,75,41,1,81,7,170.0,134.04247001537632
8,28,2000,75,43,1,59,10,196.0,129.86994968924876
8,32,1800,75,43,0,51,5,108.0,0.0
8,25,1500,75,48,0,55,3,56.0,0.0
8,21,2700,75,42,1,57,10,148.0,166.03980115147127
8,39,2000,75,43,1,79,9,228.0,117.78584012035823
8,34,2100,75,36,1,81,24,362.0,351.8619860597919
8,38,1500,75,44,0,67,5,116.0,0.0
8,31,1600,75,48,0,57,4,82.0,0.0
8,20,2000,75,47,0,73,3,106.0,0.0
8,38,1600,75,41,1,101,7,140.0,124.95637571241357
8,23,2700,75,49,1,69,14,274.0,165.44251786751178
8,25,1500,75,35,0,57,9,114.0,0.0
8,30,2500,75,41,1,91,18,358.0,472.79009310982804
8,27,1500,75,46,1,29,3,80.0,55.68426243705497
8,35,2300,75,50,0,103,7,230.0,0.0
8,22,1700,75,35,1,53,6,112.0,95.7187850101551
8,35,2400,75,39,0,129,20,452.0,0.0
8,30,2200,75,38,0,115,13,298.0,0.0
8,31,1600,75,48,0,59,7,120.0,0.0
8,20,2500,75,50,1,45,7,122.0,86.82811046712881
8,36,2600,75,46,0,151,20,482.0,0.0
8,35,2000,75,45,1,57,7,162.0,163.50165413259114
8,37,1900,75,39,1,69,12,228.0,244.73897152368568
8,36,2800,75,38,1,161,31,672.0,532.4003866485962
8,36,2600,75,43,0,137,25,610.0,0.0
8,39,2000,75,40,0,117,15,346.0,0.0
8,36,1800,75,42,1,85,10,182.0,163.28657623462018
8,39,2200,75,45,1,103,18,308.0,432.3008365471029
8,30,1700,75,47,0,65,8,152.0,0.0
8,40,1900,75,36,0,149,24,544.0,0.0
8,30,2100,75,50,0,105,8,212.0,0.0
8,35,2200,75,40,1,125,18,384.0,277.14247601698844
8,25,1700,75,41,0,29,5,72.0,0.0
8,40,1500,75,38,1,41,7,64.0,54.16066209536656
8,39,2000,75,43,0,73,13,228.0,0.0
8,22,2800,75,43,1,103,15,478.0,394.42024834861365
8,36,2300,75,47,0,65,11,222.0,0.0
8,24,1600,75,49,1,47,5,98.0,97.56570017064543
8,21,1500,75,49,1,0,0,0.0,0.0
8,34,1700,75,36,0,75,14,222.0,0.0
8,24,2600,75,37,1,97,17,448.0,363.69780627424166
8,25,2900,75,39,0,153,19,570.0,0.0
8,40,2500,75,45,1,143,21,460.0,262.41341147043823
8,20,2100,75,46,1,73,8,214.0,117.01343492325292
8,37,1700,75,47,0,57,8,118.0,0.0
8,33,1900,75,50,0,63,8,158.0,0.0
8,26,1500,75,39,0,49,8,106.0,0.0
8,21,2700,75,42,1,97,15,218.0,217.30630823217777
8,33,1900,75,43,1,105,13,294.0,280.8149783171299
8,27,1900,75,44,0,37,4,90.0,0.0
8,33,2700,75,46,0,97,12,326.0,0.0
8,27,2400,75,47,1,55,14,200.0,219.41134895023515
8,32,2800,75,47,1,69,11,234.0,242.58185181655466
8,27,2500,75,35,1,95,19,436.0,365.99133088751574
8,36,1900,75,37,0,65,15,266.0,0.0
8,31,2500,75,35,0,143,22,486.0,0.0
8,32,2900,75,40,0,167,30,688.0,0.0
8,32,3000,75,50,0,115,21,492.0,0.0
8,20,2800,75,48,1,105,11,314.0,282.8474647251555
8,22,2000,75,37,0,73,12,208.0,0.0
8,21,2400,75,39,1,91,13,286.0,311.6397374585994
8,26,2500,75,45,1,59,12,248.0,226.55484651641314
8,36,2100,75,41,1,81,18,294.0,303.8270122623482
8,34,1700,75,45,0,57,5,134.0,0.0
8,20,2300,75,40,1,79,12,306.0,133.0328097315937
8,32,2200,75,44,0,109,10,262.0,0.0
8,26,2200,75,40,1,83,16,278.0,238.01932594687443
8,34,2600,75,47,1,57,12,194.0,199.9038202091256
8,21,2000,75,49,0,73,7,178.0,0.0
8,35,1800,75,35,0,95,15,232.0,0.0
8,36,2600,75,36,1,147,26,488.0,339.08155051234786
8,35,2400,75,50,0,79,11,172.0,0.0
8,31,2400,75,45,0,89,10,250.0,0.0
8,21,2600,75,50,1,51,10,276.0,382.7930609223287
8,25,2600,75,39,1,91,14,298.0,218.02750572930768
8,30,2000,75,45,1,75,8,160.0,133.175759815402
8,25,2000,75,38,0,73,8,142.0,0.0
8,30,2200,75,37,1,87,20,308.0,300.9796055065311
8,24,1600,75,47,0,15,1,16.0,0.0
8,32,2200,75,42,1,77,16,282.0,374.8428872355291
8,23,2300,75,50,0,131,14,342.0,0.0
8,26,1900,75,42,0,103,12,254.0,0.0
8,35,2200,75,42,0,121,16,366.0,0.0
8,22,2000,75,43,1,89,9,196.0,129.07763107399217
8,28,2200,70,44,0,79,10,188.0,0.0
8,37,2800,70,43,1,145,26,416.0,402.0439444554068
8,24,3000,70,50,1,103,14,408.0,373.0257003892204
8,27,2300,70,44,0,87,10,272.0,0.0
8,28,2600,70,38,1,71,22,376.0,405.7768452558245
8,40,2200,70,38,1,75,24,296.0,376.4932889755227
8,27,2000,70,42,0,95,8,170.0,0.0
8,31,3000,70,36,0,167,27,792.0,0.0
8,39,1600,70,44,1,61,9,156.0,265.5750787203041
8,22,2000,70,45,1,37,2,74.0,69.60286825332072
8,24,1800,70,42,1,33,4,96.0,73.3252067397765
8,37,1700,70,44,0,131,10,248.0,0.0
8,35,2600,70,47,0,101,18,306.0,0.0
8,23,2200,70,46,0,85,4,152.0,0.0
8,40,2000,70,48,1,101,4,102.0,126.61221554924556
8,21,2700,70,36,1,73,17,326.0,278.4713020114434
8,39,1900,70,50,0,51,6,86.0,0.0
8,24,1700,70,43,1,63,8,138.0,125.56862334706399
8,36,2300,70,38,1,101,24,354.0,252.2213642682376
8,31,1900,70,46,0,103,10,230.0,0.0
8,29,1600,70,49,0,61,6,94.0,0.0
8,39,1700,70,35,0,57,6,144.0,0.0
8,35,2300,70,39,0,127,12,314.0,0.0
8,22,1900,70,49,1,39,7,116.0,111.25823340920304
8,36,2100,70,38,0,155,16,382.0,0.0
8,31,1900,70,40,1,67,10,230.0,163.5692809214153
8,40,1800,70,44,1,105,7,208.0,214.523553154052
8,27,2000,70,43,0,39,7,150.0,0.0
8,27,2000,70,36,1,73,12,294.0,167.11438263513747
8,38,2500,70,44,0,97,18,382.0,0.0
8,38,1600,70,36,0,57,12,182.0,0.0
8,31,2500,70,48,1,95,15,306.0,358.30521171926944
8,34,2300,70,38,1,69,18,310.0,294.4784358591793
8,32,2400,70,42,1,131,16,372.0,276.28873624224053
8,38,1700,70,37,1,67,13,208.0,155.0284544080588
8,21,2200,70,47,0,69,5,138.0,0.0
8,37,2900,70,48,1,111,20,508.0,570.8443183910322
8,30,2100,70,36,1,65,17,238.0,207.33675481736176
8,39,1900,70,49,0,69,7,184.0,0.0
8,40,2800,70,48,0,205,20,492.0,0.0
8,39,2000,70,35,0,79,14,330.0,0.0
8,27,2600,70,47,0,101,14,384.0,0.0
8,34,3000,70,39,1,85,30,434.0,765.4628184103093
8,31,2000,70,39,1,53,6,152.0,196.8397889347889
8,20,1900,70,43,0,29,3,58.0,0.0
8,36,2500,70,39,0,143,27,692.0,0.0
8,26,2300,70,39,0,85,11,368.0,0.0
8,32,2000,70,40,0,71,12,212.0,0.0
8,24,2800,70,44,1,97,14,414.0,231.39379649342857
8,28,1500,70,44,0,23,3,44.0,0.0
8,32,2400,70,45,1,79,15,276.0,307.4309726399325
8,24,1500,70,43,1,59,2,60.0,16.17950761015932
8,35,1700,70,42,1,99,6,150.0,116.79694846533411
8,23,1500,70,38,0,29,3,56.0,0.0
8,29,2400,70,39,1,135,17,420.0,373.96452055299414
8,35,2800,70,46,0,107,16,522.0,0.0
8,39,2200,70,39,0,127,17,430.0,0.0
8,33,2200,70,48,1,135,13,256.0,288.1123405750511
8,28,2500,70,50,1,53,11,190.0,211.02784529557127
8,38,2200,70,50,0,87,8,168.0,0.0
8,34,2500,70,36,0,97,17,442.0,0.0
8,29,2400,70,37,0,93,21,438.0,0.0
8,31,1900,70,37,0,71,10,162.0,0.0
8,28,2000,70,39,1,55,5,120.0,114.9531865993716
8,34,2500,70,40,1,73,19,288.0,338.0546861237663
8,26,2000,70,44,1,45,4,72.0,109.17149841905692
8,39,2800,70,42,1,105,27,558.0,419.4976885462308
8,20,1900,70,35,1,63,11,232.0,96.75586856007956
8,20,2900,70,43,0,163,14,462.0,0.0
8,26,2400,70,45,0,89,10,280.0,0.0
8,21,2300,70,43,0,43,7,160.0,0.0
8,27,1600,70,45,1,29,3,70.0,48.74287314424819
8,25,1900,70,46,0,93,7,140.0,0.0
8,36,1600,70,47,1,49,3,74.0,36.32054226211771
8,37,2400,70,38,0,87,21,480.0,0.0
8,34,3000,70,35,0,225,32,684.0,0.0
8,23,1700,70,38,1,33,7,112.0,85.18742294458815
8,32,2900,70,38,1,79,28,442.0,459.67274153120695
8,27,2300,70,44,1,107,17,326.0,428.1744164554251
8,28,2500,70,50,1,83,11,234.0,258.57377131812996
8,32,2600,70,49,0,99,18,338.0,0.0
8,40,2900,70,36,1,223,38,640.0,608.7335139699003
8,24,2300,70,44,0,131,9,344.0,0.0
8,37,2900,70,42,1,111,31,564.0,591.7333333137002
8,39,2500,70,44,0,125,15,406.0,0.0
8,23,2400,70,44,0,87,11,330.0,0.0
8,31,1500,70,40,0,51,4,80.0,0.0
8,37,2800,70,49,1,161,18,524.0,150.8557024532593
8,30,2500,70,37,1,113,22,448.0,371.3492595476084
8,39,2500,70,46,0,97,14,420.0,0.0
8,20,1500,70,45,0,19,1,20.0,0.0
8,22,1500,70,46,1,51,5,120.0,58.381724764045416
8,27,1500,70,50,1,53,5,100.0,114.38898342406081
8,32,1800,70,48,1,47,5,120.0,159.84245887579203
8,35,3000,70,49,0,111,14,438.0,0.0
8,24,2500,70,36,1,131,21,488.0,338.7553696355983
8,30,2500,70,42,1,95,14,316.0,185.97106563264302
8,29,3000,70,44,0,169,18,538.0,0.0
8,38,2100,70,43,0,123,15,354.0,0.0
8,29,2800,70,50,0,99,12,338.0,0.0
8,29,1600,65,49,1,29,3,86.0,36.32587713446438
8,24,2500,65,48,0,115,12,254.0,0.0
8,23,1600,65,42,0,0,0,0.0,0.0
8,35,1500,65,35,1,53,11,122.0,119.34803014437144
8,21,2900,65,48,1,61,10,152.0,184.89794894726322
8,38,2300,65,44,1,83,13,288.0,296.2952081513098
8,40,2000,65,40,1,65,15,204.0,176.60437821826173
8,26,1500,65,47,0,51,4,78.0,0.0
8,37,1800,65,50,0,61,7,168.0,0.0
8,34,2500,65,36,1,137,25,504.0,272.19199698008293
8,38,2000,65,42,0,39,13,254.0,0.0
8,20,2400,65,46,0,81,9,202.0,0.0
8,27,2800,65,42,0,99,16,314.0,0.0
8,29,1800,65,47,0,63,8,88.0,0.0
8,26,2900,65,49,1,111,14,504.0,244.72668781487462
8,31,2000,65,49,1,39,4,154.0,70.94968843375221
8,31,2200,65,35,0,79,11,186.0,0.0
8,38,2100,65,38,1,113,20,362.0,377.22009863563306
8,36,3000,65,40,1,161,30,712.0,625.4568909530303
8,31,2500,65,41,0,89,13,314.0,0.0
8,24,2300,65,41,0,83,10,248.0,0.0
8,20,2500,65,36,0,85,11,212.0,0.0
8,39,2500,65,43,1,123,21,408.0,322.5821644077753
8,27,2700,65,43,1,139,18,474.0,447.1319176622422
8,30,1500,65,44,1,39,2,40.0,71.73533055733691
8,29,2400,65,38,1,95,17,358.0,245.59637243861562
8,39,2200,65,38,0,123,19,392.0,0.0
8,36,2900,65,48,0,103,19,472.0,0.0
8,37,2100,65,35,0,113,18,400.0,0.0
8,30,3000,65,36,1,151,27,552.0,391.4206013252901
8,36,2100,65,35,0,81,16,362.0,0.0
8,25,1700,65,40,1,49,5,80.0,120.12852465124278
8,20,1600,65,49,1,33,4,58.0,55.22282835285149
8,22,1600,65,46,1,49,4,76.0,76.95625605933353
8,32,2100,65,46,0,143,12,280.0,0.0
8,29,2800,65,35,0,159,27,646.0,0.0
8,22,2500,65,38,1,87,17,348.0,323.2612881281351
8,33,1800,65,39,1,47,7,106.0,177.63321355210155
8,29,2900,65,40,0,153,22,606.0,0.0
8,25,2500,65,42,0,135,14,310.0,0.0
8,26,1500,65,49,0,27,2,54.0,0.0
8,27,1600,65,50,1,45,5,96.0,147.801803594388
8,37,1800,65,39,1,103,18,310.0,509.78346251322637
8,31,2400,65,43,0,119,9,228.0,0.0
8,26,2600,65,46,1,97,14,376.0,284.12309361229916
8,24,1700,65,35,1,83,12,186.0,82.20542934004278
8,22,1700,65,45,0,55,4,120.0,0.0
8,38,2400,65,48,1,111,14,294.0,270.5342478172269
8,34,2400,65,49,0,131,8,240.0,0.0
8,35,2700,65,44,0,105,17,386.0,0.0
8,27,2200,65,44,1,91,14,244.0,330.5178785440737
8,32,2300,65,35,1,125,21,402.0,263.69263876640963
8,27,1900,65,39,0,101,9,192.0,0.0
8,35,2700,65,46,0,195,16,540.0,0.0
8,24,2100,65,47,0,71,4,108.0,0.0
8,24,2800,65,50,1,75,10,274.0,370.653335209434
8,30,2300,65,47,1,103,12,180.0,171.33259813382236
8,27,1800,65,50,0,33,4,64.0,0.0
8,27,2000,65,36,1,77,11,218.0,111.53871459753505
8,36,2100,65,37,1,95,16,234.0,170.2831725367893
8,35,1500,65,44,0,35,5,56.0,0.0
8,24,2600,65,48,0,129,12,392.0,0.0
8,40,2000,65,46,1,79,14,266.0,188.62457362417925
8,20,2400,65,40,1,83,6,192.0,77.78938129112508
8,22,1500,65,44,0,23,3,44.0,0.0
8,30,1800,65,35,0,71,12,264.0,0.0
8,32,2700,65,40,0,161,26,784.0,0.0
8,27,1700,65,41,1,27,4,78.0,59.5494611630321
8,23,2100,65,37,1,37,6,104.0,80.71691509742566
8,37,2600,65,47,1,95,17,370.0,197.87372040663575
8,26,1900,65,50,0,19,2,34.0,0.0
8,23,2300,65,50,0,45,7,168.0,0.0
8,31,1500,65,37,0,57,8,142.0,0.0
8,24,1800,65,41,1,63,9,150.0,113.09563265615687
8,24,2000,65,39,0,99,12,294.0,0.0
8,31,1900,65,39,1,97,11,202.0,198.15327492781336
8,28,2900,65,46,1,109,21,544.0,280.36839849298326
8,24,2200,65,50,1,41,3,88.0,66.41454518787361
8,36,2000,65,49,0,39,2,68.0,0.0
8,26,2600,65,39,1,75,12,286.0,258.79098044187594
8,30,1700,65,38,1,65,12,152.0,115.9557623268943
8,27,1500,65,43,0,49,7,80.0,0.0
8,39,2700,65,42,0,101,18,404.0,0.0
8,23,1600,65,49,0,25,2,26.0,0.0
8,28,2400,65,45,0,113,13,302.0,0.0
8,28,2900,65,42,1,101,19,482.0,417.35845878182886
8,27,2400,65,38,1,87,20,398.0,362.6525343062967
8,26,1900,65,42,1,87,10,194.0,185.15243038566555
8,40,2000,65,40,0,77,11,254.0,0.0
8,22,2600,65,40,0,89,11,266.0,0.0
8,23,2400,65,42,1,61,10,206.0,149.85224752391665
8,37,2700,65,49,1,75,18,280.0,281.83712275815685
8,34,1800,65,49,0,101,7,180.0,0.0
8,20,2500,65,38,1,83,11,262.0,130.76672942935878
8,27,2200,65,36,0,115,12,306.0,0.0
8,20,2600,65,36,1,85,13,248.0,195.6250247450025
8,38,2500,65,46,1,65,12,180.0,148.64813898485153
8,26,1800,65,39,0,69,7,200.0,0.0
8,37,2700,65,49,0,161,13,496.0,0.0
8,40,2200,65,50,0,129,13,304.0,0.0
8,32,2500,60,42,1,181,24,640.0,416.2752909878044
8,21,1900,60,45,1,63,7,164.0,152.43311675311145
8,21,2400,60,47,0,77,8,156.0,0.0
8,27,2000,60,46,1,45,11,172.0,137.0344410238639
8,39,2100,60,49,1,135,9,214.0,77.77673033440355
8,30,3000,60,50,0,135,12,396.0,0.0
8,33,2200,60,50,0,85,9,230.0,0.0
8,33,2000,60,35,0,121,8,194.0,0.0
8,37,2800,60,42,1,89,18,418.0,309.18728209089653
8,25,2100,60,35,0,107,14,236.0,0.0
8,20,1500,60,37,0,29,4,30.0,0.0
8,26,3000,60,37,1,163,20,552.0,415.7770667259366
8,36,1800,60,40,0,87,8,118.0,0.0
8,21,3000,60,38,0,115,15,526.0,0.0
8,22,2600,60,45,1,89,11,174.0,281.32985640173257
8,26,1800,60,47,1,71,6,170.0,94.95030297026682
8,28,1500,60,36,1,41,9,106.0,107.4177323580455
8,33,2100,60,40,0,75,7,204.0,0.0
8,27,2500,60,36,1,61,15,346.0,216.6994768533288
8,33,2500,60,48,0,87,7,230.0,0.0
8,39,2200,60,46,1,119,17,342.0,250.12014710775927
8,24,2300,60,45,1,61,7,92.0,137.76080759650853
8,39,1700,60,37,0,81,10,200.0,0.0
8,33,2100,60,43,1,71,15,238.0,218.2431880937356
8,40,2400,60,49,0,75,9,204.0,0.0
8,24,2300,60,39,1,65,17,260.0,382.3316750056058
8,34,1900,60,45,0,63,8,132.0,0.0
8,40,1700,60,38,0,33,8,92.0,0.0
8,30,2500,60,42,0,99,13,368.0,0.0
8,25,3000,60,39,1,165,20,494.0,443.2054661986798
8,38,2200,60,43,1,101,17,356.0,349.74105194981877
8,37,1700,60,46,1,49,8,82.0,97.7590427170308
8,30,2300,60,36,0,71,17,298.0,0.0
8,26,2400,60,38,0,95,15,312.0,0.0
8,36,2200,60,36,0,83,16,324.0,0.0
8,28,2600,60,39,1,131,20,456.0,407.0147921670555
8,35,1700,60,44,0,31,2,50.0,0.0
8,26,1600,60,47,1,31,2,32.0,20.781989345202014
8,40,3000,60,48,1,115,22,480.0,486.132289956622
8,21,1900,60,41,1,75,5,170.0,103.66305691914813
8,38,2600,60,43,0,73,21,410.0,0.0
8,29,1500,60,37,0,57,8,156.0,0.0
8,36,2600,60,43,0,151,13,300.0,0.0
8,31,2300,60,47,1,75,11,180.0,136.96007988097583
8,32,2000,60,47,1,73,7,156.0,104.04670513592423
8,30,2200,60,50,0,59,9,102.0,0.0
8,33,2600,60,47,1,83,13,238.0,244.23762711608643
8,23,2200,60,49,0,37,4,78.0,0.0
8,40,3000,60,41,1,175,31,602.0,677.2104787105577
8,27,1700,60,38,0,95,13,244.0,0.0
8,33,2100,60,39,1,81,21,324.0,437.6533119313599
8,37,2100,60,44,1,69,15,162.0,284.5399062389735
8,34,1800,60,44,1,65,4,74.0,66.68818736794077
8,23,2900,60,50,0,159,12,452.0,0.0
8,31,1500,60,43,0,45,3,74.0,0.0
8,27,2000,60,49,0,39,1,40.0,0.0
8,39,1800,60,35,0,127,15,310.0,0.0
8,28,2500,60,40,1,133,17,416.0,277.36573889839383
8,24,2000,60,40,1,61,7,92.0,101.40779062384794
8,36,1700,60,42,1,59,9,152.0,121.76147709265261
8,27,1800,60,42,0,127,9,226.0,0.0
8,33,2100,60,43,0,117,11,192.0,0.0
8,36,2800,60,49,1,149,18,464.0,276.4270314161882
8,27,2300,60,35,1,111,16,366.0,192.47576830319474
8,35,1500,60,35,1,91,10,124.0,106.51732763042335
8,38,1600,60,39,0,77,5,104.0,0.0
8,28,1700,60,39,0,67,6,118.0,0.0
8,30,1800,60,48,0,51,4,94.0,0.0
8,35,2300,60,49,0,85,13,334.0,0.0
8,35,1800,60,45,1,101,8,130.0,123.41896597610526
8,39,2600,60,36,1,99,34,542.0,412.996434469285
8,21,2600,60,38,0,91,15,458.0,0.0
8,37,1800,60,44,0,65,11,228.0,0.0
8,36,2700,60,44,1,93,21,390.0,452.1248777083487
8,39,2900,60,47,0,107,22,544.0,0.0
8,29,3000,60,41,1,79,16,382.0,297.8025844151224
8,39,2200,60,48,1,67,13,210.0,222.97123982057587
8,35,2900,60,37,0,109,25,610.0,0.0
8,40,2000,60,39,0,37,9,166.0,0.0
8,34,1800,60,42,1,65,8,136.0,142.08093270307498
8,30,2400,60,43,1,61,8,168.0,197.43168419314696
8,20,2900,60,43,0,107,13,408.0,0.0
8,32,1800,60,47,0,69,6,70.0,0.0
8,36,1700,60,50,1,31,4,88.0,140.84931890558425
8,36,1600,60,35,1,41,6,96.0,67.9363747173137
8,38,2800,60,46,1,93,17,352.0,416.74462701619956
8,32,2800,60,40,0,155,17,562.0,0.0
8,37,3000,60,43,0,145,24,776.0,0.0
8,35,3000,60,45,0,111,20,436.0,0.0
8,26,1500,60,43,1,13,1,14.0,17.17809977423471
8,36,2700,60,49,1,137,22,542.0,491.0162016259182
8,24,2100,60,38,0,39,8,146.0,0.0
8,20,2900,60,44,1,53,9,160.0,161.45761505589178
8,34,2900,60,40,0,157,27,698.0,0.0
8,21,2600,60,40,0,129,10,312.0,0.0
8,37,2700,60,43,0,105,20,484.0,0.0
8,33,2100,60,44,1,41,8,156.0,149.27030969182803
8,34,1900,60,49,1,135,8,164.0,69.21624411404115
8,21,1800,60,48,1,37,3,38.0,78.53733265949522
8,30,1900,60,49,0,57,5,128.0,0.0
8,35,3000,55,37,1,143,27,526.0,448.16751229699037
8,35,1900,55,44,0,71,10,242.0,0.0
8,31,2900,55,40,1,215,15,544.0,281.09894180894565
8,32,2900,55,37,0,161,25,564.0,0.0
8,39,2900,55,42,0,171,21,532.0,0.0
8,35,2400,55,49,1,89,7,184.0,110.32049125773308
8,26,1600,55,47,0,83,4,96.0,0.0
8,26,2300,55,36,0,119,14,382.0,0.0
8,22,1500,55,47,1,0,0,0.0,0.0
8,29,2100,55,36,0,81,15,356.0,0.0
8,24,2600,55,42,1,97,12,338.0,222.41101237550532
8,32,2000,55,44,1,39,6,112.0,188.5024597223899
8,40,2200,55,45,1,115,12,250.0,289.16269576230206
8,26,1600,55,36,0,49,5,102.0,0.0
8,34,2500,55,39,1,85,24,426.0,527.5196757979448
8,35,3000,55,43,0,267,26,672.0,0.0
8,33,1800,55,48,1,53,3,86.0,112.7166819737031
8,25,2600,55,49,0,123,12,260.0,0.0
8,35,3000,55,36,1,89,31,492.0,364.54376827838024
8,25,2100,55,39,0,41,7,106.0,0.0
8,29,1800,55,35,0,101,7,128.0,0.0
8,29,2000,55,50,0,59,4,94.0,0.0
8,39,2300,55,50,1,67,9,200.0,237.3204002984893
8,32,2300,55,46,0,63,8,202.0,0.0
8,25,2900,55,49,1,101,10,298.0,195.17450213694866
8,37,1900,55,44,1,49,11,144.0,217.78321332728765
8,34,1900,55,38,0,29,3,30.0,0.0
8,20,2400,55,41,1,61,7,158.0,175.97921002368622
8,21,1600,55,43,1,25,4,48.0,26.17950761015932
8,22,2600,55,49,0,95,7,218.0,0.0
8,20,1900,55,39,0,69,6,136.0,0.0
8,40,2400,55,49,1,119,21,376.0,286.2718857734956
8,27,1500,55,50,0,81,5,82.0,0.0
8,23,2400,55,44,1,75,10,248.0,186.47712777442945
8,30,2600,55,48,1,151,12,358.0,216.15707963986716
8,27,2500,55,36,0,99,16,276.0,0.0
8,24,2000,55,38,1,47,9,134.0,138.16839302447974
8,33,3000,55,39,1,123,27,418.0,634.1692426915172
8,30,2700,55,45,0,155,13,372.0,0.0
8,28,1800,55,50,0,29,2,30.0,0.0
8,37,1500,55,48,1,19,1,20.0,28.881782052577815
8,39,1500,55,45,0,49,7,116.0,0.0
8,31,3000,55,36,0,103,25,482.0,0.0
8,33,2600,55,37,0,101,14,400.0,0.0
8,32,2600,55,37,1,85,25,358.0,476.0882033789696
8,34,2000,55,43,1,75,15,198.0,255.11342379509153
8,22,2900,55,44,1,139,16,428.0,275.55045132499424
8,39,2500,55,42,0,125,16,506.0,0.0
8,33,1500,55,44,1,17,2,24.0,25.617882284704564
8,25,1700,55,42,1,19,2,20.0,27.581955037717755
8,21,1500,55,41,1,49,3,50.0,49.36927131416358
8,32,2500,55,46,0,91,7,140.0,0.0
8,24,1600,55,49,1,31,1,32.0,26.51466533120972
8,34,2100,55,42,0,105,14,320.0,0.0
8,33,2500,55,50,0,119,9,326.0,0.0
8,39,2800,55,50,0,165,23,624.0,0.0
8,20,2100,55,35,0,39,12,156.0,0.0
8,30,1900,55,40,1,69,11,184.0,181.32798549364853
8,23,2600,55,41,1,115,17,428.0,231.3025498970517
8,40,2800,55,42,0,161,23,668.0,0.0
8,40,1800,55,42,0,61,6,156.0,0.0
8,40,2600,55,43,1,99,20,420.0,381.6515256632161
8,23,2700,55,36,0,145,17,556.0,0.0
8,24,1800,55,47,1,39,4,40.0,68.27157857780355
8,23,2100,55,42,1,47,7,130.0,121.03910231364964
8,27,2800,55,48,0,163,12,376.0,0.0
8,31,2600,55,50,1,81,7,184.0,180.85773486397778
8,25,2900,55,48,0,161,14,418.0,0.0
8,26,2200,55,36,0,119,12,288.0,0.0
8,22,2400,55,41,0,65,5,142.0,0.0
8,36,2200,55,46,1,77,12,216.0,215.06802729500015
8,23,2400,55,50,1,65,5,66.0,104.26656255338955
8,22,2400,55,44,1,89,8,236.0,226.09950238634758
8,20,1600,55,36,1,59,5,122.0,53.63614483024548
8,25,2700,55,39,0,99,10,314.0,0.0
8,30,2400,55,48,0,121,8,156.0,0.0
8,23,2700,55,38,1,101,20,408.0,354.7043207505312
8,20,2800,55,43,1,103,15,386.0,320.06656074672617
8,27,1900,55,49,0,59,5,60.0,0.0
8,25,2700,55,39,1,91,19,324.0,336.1943382931597
8,36,2500,55,39,0,97,21,508.0,0.0
8,39,2500,55,35,1,99,34,558.0,551.1930278446474
8,36,2500,55,44,0,167,15,464.0,0.0
8,27,2900,55,37,1,81,18,290.0,357.0817308354228
8,20,1500,55,45,1,29,2,56.0,58.56536666762912
8,36,1800,55,45,0,33,6,102.0,0.0
8,28,2600,55,46,0,51,10,242.0,0.0
8,29,2800,55,40,0,145,20,474.0,0.0
8,28,2200,55,36,0,83,11,228.0,0.0
8,22,1900,55,43,0,59,6,98.0,0.0
8,22,2200,55,45,1,81,4,146.0,114.98523135398406
8,33,2700,55,47,1,95,15,346.0,244.1393738003057
8,31,2700,55,44,0,97,13,358.0,0.0
8,29,2500,55,47,1,91,15,210.0,206.27506692120596
8,34,2500,55,50,1,79,14,226.0,391.12210447010443
8,22,1900,55,41,0,37,4,94.0,0.0
8,36,1500,55,45,1,29,3,58.0,76.24050202889845
8,29,1500,55,48,0,29,5,80.0,0.0
8,35,2100,50,36,1,83,19,472.0,176.63857078667579
8,20,2800,50,38,0,103,14,448.0,0.0
8,24,2200,55,50,0,73,5,110.0,0.0
8,20,2100,55,49,1,39,3,74.0,14.955267343395219
8,34,2000,50,38,1,49,11,154.0,126.06647506394775
8,38,2000,50,39,1,43,11,118.0,214.18028048359415
8,30,1800,50,39,0,61,7,112.0,0.0
8,40,2100,50,49,1,81,6,144.0,93.60070218641872
8,34,1600,50,42,0,23,4,70.0,0.0
8,32,2700,50,45,0,101,10,296.0,0.0
8,38,2300,50,50,1,131,14,246.0,316.11149044444625
8,20,2300,50,36,0,79,9,190.0,0.0
8,27,2100,50,38,0,39,5,132.0,0.0
8,23,3000,50,37,0,115,17,656.0,0.0
8,26,3000,50,41,1,97,20,394.0,438.04391179505
8,22,2300,50,41,1,75,8,190.0,118.80567303562236
8,23,2100,50,41,0,79,6,190.0,0.0
8,39,2000,50,44,1,59,9,134.0,181.7788296777849
8,40,2200,50,50,1,87,10,170.0,282.71312900116936
8,27,1700,50,35,0,33,5,64.0,0.0
8,27,2100,50,42,1,59,9,158.0,143.90898040709516
8,32,2400,50,46,1,89,15,338.0,168.5317537567272
8,38,2700,50,41,0,145,22,370.0,0.0
8,34,2400,50,44,1,99,15,368.0,455.24500625434797
8,29,2600,50,46,1,59,7,142.0,79.3057922001751
8,20,2700,50,46,0,91,8,224.0,0.0
8,31,1500,50,49,0,29,1,30.0,0.0
8,38,1600,50,36,0,91,7,116.0,0.0
8,30,2000,50,44,0,47,6,114.0,0.0
8,21,2300,50,47,1,35,2,72.0,22.710238201539333
8,20,2500,50,42,0,77,8,200.0,0.0
8,35,2300,50,43,1,83,17,286.0,228.7461388859973
8,29,1600,50,49,1,81,3,82.0,48.67259053966431
8,20,1800,50,39,1,35,5,68.0,91.1954119072446
8,25,2300,50,48,0,89,5,148.0,0.0
8,34,1500,50,46,1,57,5,104.0,111.0860145713528
8,32,2000,50,50,0,77,6,154.0,0.0
8,31,1800,50,37,1,79,10,184.0,122.23110070698849
8,23,3000,50,42,0,99,16,456.0,0.0
8,32,1900,50,43,1,67,11,218.0,145.9225809896409
8,34,1500,50,36,1,39,6,100.0,40.78595926826896
8,40,2400,50,49,0,105,10,246.0,0.0
8,21,2200,50,38,0,43,5,164.0,0.0
8,40,2400,50,36,0,143,22,498.0,0.0
8,22,2200,50,36,1,59,9,174.0,82.87633150381087
8,26,1700,50,37,1,21,2,26.0,42.15149243268926
8,30,1800,50,35,1,45,13,196.0,137.47551072569135
8,32,2500,50,41,0,139,15,460.0,0.0
8,29,1600,50,45,0,29,1,30.0,0.0
8,29,2600,50,39,0,147,17,442.0,0.0
8,26,1500,50,41,1,29,1,30.0,26.743794120609873
8,37,2300,50,46,0,211,14,420.0,0.0
8,26,2100,50,35,0,109,9,268.0,0.0
8,26,1600,50,48,1,79,4,80.0,73.48969981789395
8,22,1900,50,37,1,65,10,174.0,79.94395875118286
8,20,2200,50,44,1,39,4,118.0,154.13196663688817
8,31,2500,50,38,1,77,21,338.0,372.9865000982571
8,38,2100,50,39,0,59,12,156.0,0.0
8,22,2000,50,35,1,79,7,176.0,79.95627437528259
8,31,2100,50,49,0,67,4,110.0,0.0
8,31,2900,50,39,0,173,22,642.0,0.0
8,24,2100,50,40,0,75,6,144.0,0.0
8,31,2900,50,47,0,113,14,356.0,0.0
8,39,2300,50,40,1,61,16,224.0,228.89258071738232
8,27,1800,50,46,1,57,3,82.0,31.54558765876998
8,24,2300,50,46,1,49,10,218.0,132.52900069159472
8,40,1600,50,48,0,61,5,94.0,0.0
8,26,1800,50,43,0,57,5,98.0,0.0
8,39,2000,50,47,0,79,9,210.0,0.0
8,21,2900,50,47,1,115,10,272.0,90.61527171967349
8,37,2200,50,45,0,129,12,278.0,0.0
8,22,2500,50,41,1,125,11,316.0,201.85356706582675
8,29,2900,50,45,1,141,18,498.0,407.40403812540774
8,24,2700,50,44,0,53,8,298.0,0.0
8,21,2900,50,39,1,147,18,584.0,433.3472079457803
8,26,2900,50,35,0,161,22,592.0,0.0
8,24,2000,50,37,0,37,4,100.0,0.0
8,27,2600,50,43,1,137,15,352.0,369.23645722503403
8,37,2800,50,42,0,205,14,406.0,0.0
8,36,3000,50,47,1,87,19,328.0,308.22390145244447
8,31,2000,50,45,1,85,9,174.0,195.51619874172098
8,20,2800,50,36,1,67,13,316.0,169.2192517870916
8,38,1900,50,43,0,105,8,184.0,0.0
8,38,3000,50,50,0,149,14,422.0,0.0
8,36,2800,50,36,0,153,19,454.0,0.0
8,22,2500,50,41,0,81,10,286.0,0.0
8,33,1700,50,41,1,51,4,66.0,89.34856652107531
8,22,2100,50,43,1,57,6,158.0,91.18942762773773
8,22,1700,50,48,1,33,3,64.0,74.39161971745054
8,33,2900,50,39,0,105,25,416.0,0.0
8,38,1700,50,41,0,65,8,186.0,0.0
8,26,3000,50,41,1,159,20,486.0,345.14486062558495
8,37,2500,50,43,1,81,12,154.0,178.4574707653551
8,28,2300,50,36,1,75,17,320.0,239.49648343213426
8,35,2400,50,50,0,87,9,244.0,0.0
8,30,1900,50,49,0,87,8,192.0,0.0
8,25,1600,50,35,0,51,5,94.0,0.0
8,37,1500,50,44,1,43,4,64.0,85.49581023650867
8,40,2700,50,40,0,195,21,444.0,0.0
8,33,1800,50,42,1,107,11,186.0,142.00393138919242
8,23,2500,50,48,1,55,5,156.0,109.3344463615654
8,31,3000,50,50,0,111,11,418.0,0.0
7,27,1900,90,39,1,87,15,238.0,341.3341052592149
7,27,2100,90,46,1,73,8,192.0,144.81518315736753
7,22,2400,90,40,0,125,10,270.0,0.0
7,36,2700,90,48,0,159,18,514.0,0.0
7,37,1900,90,36,1,93,24,286.0,321.9062071279835
7,37,2100,90,48,0,71,11,220.0,0.0
7,36,2400,90,38,0,129,22,486.0,0.0
7,28,3000,90,43,1,103,22,406.0,354.24647261954544
7,32,2300,90,41,1,89,16,248.0,310.687497217557
7,27,2800,90,42,0,145,17,414.0,0.0
7,38,2700,90,43,1,151,32,604.0,548.9200412925156
7,36,2300,90,45,1,95,11,230.0,236.27590066442843
7,27,2300,90,44,0,79,10,184.0,0.0
7,35,2900,90,50,1,109,20,384.0,483.70331514737296
7,39,2100,90,47,0,81,12,234.0,0.0
7,24,2500,90,36,1,69,23,314.0,228.19986482201026
7,23,2000,90,35,0,61,12,208.0,0.0
7,33,1700,90,40,0,59,15,232.0,0.0
7,29,2900,90,43,1,111,23,512.0,478.6179725589494
7,28,2800,90,39,0,147,24,530.0,0.0
7,23,1500,90,49,0,27,2,28.0,0.0
7,35,2000,90,45,1,105,13,270.0,214.8961556043142
7,34,1900,90,36,1,67,19,256.0,153.85556260610753
7,23,2400,90,39,0,45,8,160.0,0.0
7,25,1800,90,38,0,33,7,132.0,0.0
7,21,2200,90,41,1,51,11,218.0,314.79052678129284
7,28,1500,90,46,1,33,7,86.0,93.71566004294363
7,34,2000,90,48,0,77,12,252.0,0.0
7,34,2300,90,49,1,73,18,290.0,317.56366968674905
7,24,2800,90,43,0,103,17,390.0,0.0
7,36,1700,90,37,1,41,19,182.0,262.47275405348705
7,31,2500,90,44,1,129,15,442.0,311.28166217814584
7,36,2000,90,47,1,121,10,240.0,88.745139923629
7,23,2300,90,40,0,87,10,214.0,0.0
7,21,2700,90,45,0,101,11,338.0,0.0
7,32,1600,90,49,0,73,8,136.0,0.0
7,22,1800,90,35,0,63,13,170.0,0.0
7,20,2500,90,35,1,85,16,350.0,237.08036391797222
7,36,1900,90,43,1,33,5,66.0,100.84592833052359
7,33,2700,90,44,1,93,29,406.0,752.3845599362136
7,32,2700,90,44,0,203,22,620.0,0.0
7,25,1500,90,48,0,57,5,78.0,0.0
7,38,1700,90,40,1,121,13,216.0,119.27500786712024
7,20,2500,90,37,0,143,17,416.0,0.0
7,33,2100,90,42,1,73,11,242.0,243.46041274157352
7,24,2000,90,47,0,71,7,160.0,0.0
7,32,2700,90,38,1,111,23,390.0,387.981443444142
7,40,1500,90,48,0,53,8,102.0,0.0
7,25,2500,90,45,1,127,10,234.0,280.49666737760396
7,35,1900,90,43,0,107,11,196.0,0.0
7,28,2900,90,37,0,159,27,590.0,0.0
7,36,1900,90,36,1,81,19,210.0,144.32129393804047
7,20,2800,90,38,0,147,17,502.0,0.0
7,22,2900,90,44,1,105,20,334.0,459.1800831281889
7,35,2400,90,46,1,89,9,250.0,64.71794773245156
7,26,2300,90,37,0,89,20,398.0,0.0
7,34,1800,90,44,1,61,8,116.0,222.37581834539486
7,20,2900,90,38,0,111,18,510.0,0.0
7,37,2500,90,39,1,97,28,356.0,585.9590798968645
7,22,1800,90,35,1,105,9,164.0,80.47084443998202
7,26,2600,90,38,0,85,20,378.0,0.0
7,28,1800,90,44,0,35,3,100.0,0.0
7,21,2800,90,38,0,141,19,372.0,0.0
7,35,2800,90,40,1,89,29,388.0,436.9429361342591
7,21,2600,90,36,1,87,17,370.0,214.45884563114444
7,37,2900,90,38,1,109,35,498.0,488.7203674968364
7,25,1800,90,37,0,107,15,378.0,0.0
7,25,1700,90,41,0,99,7,164.0,0.0
7,40,2100,90,36,1,123,29,438.0,397.6161814413757
7,31,2700,90,38,0,105,22,472.0,0.0
7,25,1800,90,47,0,51,4,88.0,0.0
7,34,2100,90,49,1,71,11,160.0,179.84461416133837
7,36,2100,90,44,1,83,10,196.0,257.1678753334541
7,25,1800,90,35,1,55,7,116.0,115.71019011186641
7,28,1900,90,38,0,103,10,226.0,0.0
7,38,2700,90,37,0,199,25,748.0,0.0
7,25,2200,90,44,1,65,10,242.0,305.74410934323697
7,28,2700,90,48,0,141,17,512.0,0.0
7,22,3000,90,48,0,167,15,578.0,0.0
7,28,1700,90,37,1,59,12,208.0,194.07751357313796
7,21,1800,90,50,1,85,6,180.0,173.95163972885447
7,20,2200,90,44,0,77,8,236.0,0.0
7,29,2000,90,35,1,105,19,276.0,181.91079391464197
7,27,1900,90,36,0,69,17,324.0,0.0
7,34,2800,90,37,0,141,27,536.0,0.0
7,21,2400,90,40,1,95,12,352.0,190.91131184131874
7,33,2900,90,46,0,215,20,588.0,0.0
7,35,2700,90,45,1,147,25,548.0,611.0060623057374
7,21,2700,90,50,1,91,8,280.0,182.61683314001118
7,40,3000,90,47,0,161,22,520.0,0.0
7,33,1800,90,39,1,61,14,196.0,300.9005828666471
7,28,2600,90,42,0,151,22,530.0,0.0
7,30,2600,90,44,0,147,15,400.0,0.0
7,30,1600,90,46,1,45,5,66.0,62.57567020316283
7,29,1700,90,36,1,55,12,190.0,135.6738417083045
7,23,2500,90,50,1,87,9,236.0,146.2807252013074
7,27,2400,90,40,0,133,18,428.0,0.0
7,28,2300,85,35,1,85,15,284.0,196.60678869513364
7,21,2100,85,37,0,41,10,166.0,0.0
7,23,2600,90,44,1,179,16,430.0,280.2131632947508
7,22,3000,90,50,0,159,14,424.0,0.0
7,22,1900,85,46,1,73,5,136.0,27.412708598365352
7,22,2500,85,44,0,91,15,314.0,0.0
7,25,1500,90,49,0,29,3,42.0,0.0
7,31,2400,85,36,1,119,21,388.0,229.8236626056423
7,25,3000,85,42,1,125,21,436.0,415.55404064499277
7,29,1700,85,42,1,61,5,102.0,87.86554309212066
7,26,2600,85,43,0,89,16,348.0,0.0
7,28,1700,85,46,0,59,7,154.0,0.0
7,21,2200,85,42,0,41,9,218.0,0.0
7,38,2000,85,49,1,47,6,136.0,102.08699834187063
7,33,1500,85,38,1,49,8,124.0,76.7182787119015
7,31,1900,85,39,1,51,7,116.0,108.16722181303255
7,36,1700,85,44,0,133,11,186.0,0.0
7,28,2600,85,44,0,115,17,484.0,0.0
7,33,2900,85,46,0,219,22,614.0,0.0
7,28,2600,85,44,1,79,13,266.0,317.9956455648711
7,20,2800,85,44,1,89,12,292.0,232.5666886970815
7,25,2300,85,50,0,115,11,320.0,0.0
7,29,2600,85,35,0,127,26,610.0,0.0
7,31,3000,85,38,0,193,31,706.0,0.0
7,36,2600,85,36,1,151,32,586.0,487.3002685446126
7,22,2400,85,43,0,89,17,346.0,0.0
7,32,1500,85,49,1,79,5,100.0,33.74553240290029
7,28,1500,85,50,0,19,1,20.0,0.0
7,33,2800,85,47,1,105,18,326.0,296.68886089816067
7,32,2800,85,39,1,145,23,506.0,481.2872878002149
7,30,1900,85,36,0,105,15,278.0,0.0
7,27,2800,85,37,1,97,24,404.0,394.4190788017735
7,23,1800,85,44,0,39,5,70.0,0.0
7,28,1500,85,46,0,17,3,34.0,0.0
7,36,1700,85,42,1,67,12,260.0,171.92111491907417
7,20,2000,85,46,1,73,7,122.0,158.13057610423786
7,34,2100,85,44,0,113,17,376.0,0.0
7,20,1700,85,35,0,31,1,32.0,0.0
7,22,2300,85,37,0,111,14,298.0,0.0
7,40,2600,85,41,1,103,30,396.0,501.76447767274374
7,28,2100,85,41,1,73,9,156.0,133.5003881350841
7,26,2200,85,41,1,91,15,242.0,309.94517281331713
7,25,1600,85,39,0,31,7,112.0,0.0
7,29,2600,85,50,1,159,15,334.0,302.61387038046456
7,24,2800,85,38,0,143,19,564.0,0.0
7,21,2200,85,35,1,51,13,222.0,176.19438352244896
7,35,2100,85,41,0,119,15,346.0,0.0
7,24,2700,85,43,0,141,16,504.0,0.0
7,37,2200,85,47,1,67,10,232.0,93.87401082274467
7,26,1700,85,50,1,33,3,98.0,90.1895680865754
7,34,2900,85,48,0,153,19,686.0,0.0
7,27,2300,85,46,1,87,13,292.0,217.0779731295254
7,21,2800,85,35,0,101,18,426.0,0.0
7,28,2700,85,35,0,143,21,556.0,0.0
7,40,2200,85,41,1,81,25,366.0,559.2152433117722
7,28,2800,85,43,0,93,20,396.0,0.0
7,33,2700,85,47,1,107,15,432.0,269.50042829365066
7,33,2200,85,45,1,125,13,336.0,373.2067203150206
7,20,3000,85,49,0,165,14,514.0,0.0
7,34,2300,85,43,1,89,16,312.0,259.21102568424516
7,20,2100,85,35,0,79,13,290.0,0.0
7,33,2800,85,38,0,179,28,602.0,0.0
7,24,2200,85,37,1,57,15,280.0,237.8007246068457
7,22,2200,85,37,0,121,13,322.0,0.0
7,39,2500,85,49,0,149,12,406.0,0.0
7,21,2900,85,40,1,101,20,460.0,342.3246594719372
7,38,2800,85,49,1,113,29,498.0,417.6041605473772
7,30,2900,85,37,0,161,29,638.0,0.0
7,27,2500,85,43,1,49,13,270.0,209.80137419200912
7,20,3000,85,37,1,65,19,314.0,342.90276359867386
7,39,2000,85,41,1,93,14,206.0,204.71749693623423
7,29,2400,85,44,0,89,12,258.0,0.0
7,36,2200,85,46,1,113,16,286.0,165.99986246486532
7,28,2000,85,48,0,109,11,250.0,0.0
7,28,2500,85,49,0,91,11,306.0,0.0
7,37,2900,85,35,0,149,33,578.0,0.0
7,40,1500,85,37,1,71,14,134.0,146.62575990627684
7,20,1900,85,36,0,37,6,144.0,0.0
7,28,2100,85,48,1,103,9,212.0,232.01246484105792
7,20,2500,85,41,0,143,15,448.0,0.0
7,28,2100,85,47,1,79,9,166.0,136.9619769810404
7,37,2900,85,50,1,115,18,460.0,376.47220549632107
7,22,2900,85,43,1,103,17,500.0,388.9488367132812
7,30,1900,85,50,0,93,8,162.0,0.0
7,27,2900,85,49,1,105,19,336.0,302.08951559002975
7,33,1900,85,47,0,97,6,132.0,0.0
7,32,2600,85,36,1,111,25,460.0,446.6161122273107
7,21,2000,85,41,0,77,7,208.0,0.0
7,38,2500,85,45,0,139,19,502.0,0.0
7,30,2600,85,45,1,135,17,346.0,392.33946449854443
7,32,2300,85,40,1,101,13,318.0,190.92590122662543
7,38,1500,85,46,0,59,4,82.0,0.0
7,35,1600,85,36,1,59,19,238.0,232.99673460050755
7,30,2500,85,39,1,75,22,400.0,448.50310616248294
7,20,1600,85,46,0,83,4,84.0,0.0
7,27,2700,85,48,0,129,17,370.0,0.0
7,30,2300,85,41,0,91,15,378.0,0.0
7,24,2300,85,49,1,83,16,312.0,231.78502599649744
7,30,2000,85,40,0,89,15,280.0,0.0
7,23,2900,85,36,0,105,21,580.0,0.0
7,34,1500,85,35,1,21,4,62.0,47.29604946365049
7,38,1600,85,44,0,59,13,178.0,0.0
7,37,1800,80,39,1,67,13,222.0,330.91479152617353
7,28,2500,85,39,1,113,22,382.0,559.6666089500468
7,35,3000,80,35,1,117,33,588.0,561.1662591093362
7,22,2400,80,50,0,87,7,172.0,0.0
7,21,2600,80,35,1,89,21,412.0,257.0109429289582
7,39,2900,80,40,0,215,29,952.0,0.0
7,39,2500,80,39,0,137,28,622.0,0.0
7,40,2400,80,40,0,127,23,468.0,0.0
7,38,2600,80,40,1,147,25,492.0,222.4331322504401
7,25,2100,80,49,0,73,8,116.0,0.0
7,24,1900,80,42,1,71,11,224.0,195.02529232396148
7,20,2300,80,50,1,43,4,140.0,99.50811614282111
7,32,1700,80,35,1,57,13,144.0,146.8654417031913
7,36,2900,80,39,0,217,33,802.0,0.0
7,29,1700,80,39,0,93,9,208.0,0.0
7,24,3000,80,40,1,105,20,508.0,325.2834898543427
7,25,2700,80,36,0,147,20,538.0,0.0
7,20,2700,80,38,1,91,14,340.0,154.10142877599057
7,26,2300,80,50,0,145,8,234.0,0.0
7,37,2800,80,38,1,141,32,428.0,584.1936544343222
7,22,1800,80,38,1,59,4,94.0,60.707295366696236
7,32,3000,80,42,0,107,25,538.0,0.0
7,30,1700,80,50,0,81,8,144.0,0.0
7,29,1500,80,46,1,29,4,52.0,31.92083209433369
7,34,2800,80,38,1,153,33,560.0,553.3576004594739
7,23,2900,80,49,0,57,12,214.0,0.0
7,27,2700,80,38,1,159,19,388.0,371.22946399745723
7,26,2500,80,41,0,49,12,276.0,0.0
7,23,2300,80,40,0,85,13,288.0,0.0
7,25,1700,80,45,0,25,4,52.0,0.0
7,28,2400,80,50,0,83,10,216.0,0.0
7,22,2400,80,42,1,75,16,302.0,335.87892572089214
7,22,2500,80,49,1,81,12,284.0,178.45793117494114
7,26,2200,80,36,0,111,15,310.0,0.0
7,26,1500,80,39,1,81,11,176.0,226.76450145369128
7,25,2200,80,41,0,87,11,268.0,0.0
7,20,2200,80,39,1,81,8,220.0,216.8061672144459
7,23,2800,80,45,1,157,15,436.0,383.7671638153697
7,21,2800,80,49,1,103,17,388.0,237.7691192908285
7,34,2500,80,49,0,135,21,560.0,0.0
7,27,2700,80,39,1,159,20,418.0,408.212808179094
7,37,2400,80,44,0,129,18,510.0,0.0
7,28,2100,80,46,1,137,10,274.0,92.68321278613207
7,27,1800,80,45,0,105,8,162.0,0.0
7,37,1800,80,50,0,85,6,120.0,0.0
7,40,1700,80,49,0,49,6,146.0,0.0
7,37,2300,80,45,1,121,20,340.0,308.8253112086099
7,28,1700,80,36,1,63,16,242.0,148.81024077037975
7,37,1700,80,36,0,99,11,188.0,0.0
7,36,2900,80,43,1,101,32,506.0,726.7699278812505
7,20,2100,80,44,1,67,4,90.0,87.36465198581655
7,25,2200,80,47,0,119,7,182.0,0.0
7,24,3000,80,46,0,115,11,404.0,0.0
7,32,1900,80,47,1,45,4,82.0,43.20521182599714
7,27,2300,80,37,0,105,21,454.0,0.0
7,32,2200,80,42,1,65,17,256.0,213.2001366884491
7,39,2200,80,48,0,105,12,226.0,0.0
7,33,1900,80,36,0,71,13,184.0,0.0
7,20,2000,80,42,0,71,5,108.0,0.0
7,28,1500,80,49,1,57,4,108.0,53.22490386786621
7,26,2900,80,50,1,113,12,318.0,382.0442538955047
7,38,2400,80,38,1,137,28,528.0,522.557044354886
7,20,1500,80,42,1,71,6,98.0,102.39767820529967
7,22,2800,80,37,1,103,19,486.0,267.2373672148418
7,39,2400,80,42,1,89,24,470.0,406.11341675382374
7,33,1700,80,47,1,75,11,152.0,124.89515382389202
7,38,3000,80,48,0,221,25,740.0,0.0
7,37,1800,80,41,0,63,12,180.0,0.0
7,39,2400,80,41,0,135,21,358.0,0.0
7,36,2200,80,48,0,117,11,244.0,0.0
7,29,1900,80,35,0,105,12,230.0,0.0
7,40,2500,80,35,0,135,32,568.0,0.0
7,38,1500,80,35,1,55,12,166.0,74.32052802784796
7,20,2700,80,43,1,87,8,236.0,101.73105863211521
7,27,2100,80,36,0,39,9,176.0,0.0
7,32,2800,80,43,0,161,19,476.0,0.0
7,34,1500,80,49,0,29,3,52.0,0.0
7,32,2600,80,45,1,99,15,408.0,311.69846794991213
7,37,1800,80,45,0,69,14,224.0,0.0
7,30,2100,80,48,1,83,7,170.0,181.6838023260802
7,34,2900,80,49,1,93,15,274.0,201.00898350494904
7,27,1600,80,38,1,89,9,198.0,82.22910528694096
7,35,2900,80,37,1,139,35,544.0,534.2359556213117
7,39,2300,80,37,1,103,32,414.0,400.48870795845676
7,36,1600,80,42,0,83,8,138.0,0.0
7,33,2700,80,44,0,93,15,292.0,0.0
7,32,1900,80,47,1,61,6,134.0,87.12862999505026
7,20,2200,80,49,0,71,7,142.0,0.0
7,40,3000,80,46,0,261,26,824.0,0.0
7,40,1800,80,36,0,67,15,234.0,0.0
7,20,2000,80,40,1,81,9,196.0,158.71470395773034
7,21,2900,80,41,1,127,17,362.0,218.5711705072212
7,37,2900,80,36,1,97,37,486.0,575.9020582550944
7,33,1800,80,38,1,87,13,228.0,135.76053622309772
7,20,1600,80,36,1,63,8,146.0,50.92873084778093
7,22,2900,80,49,0,111,12,358.0,0.0
7,35,2200,80,46,0,79,13,236.0,0.0
7,36,2600,80,40,0,147,24,642.0,0.0
7,28,2400,80,47,0,79,9,242.0,0.0
7,26,2700,80,47,1,81,12,240.0,144.6193959991117
7,28,2500,80,49,0,89,13,296.0,0.0
7,30,2300,75,45,0,85,14,324.0,0.0
7,33,1700,75,48,1,49,4,96.0,111.42132883667436
7,26,2700,75,41,0,199,19,562.0,0.0
7,20,2300,75,45,0,123,12,254.0,0.0
7,40,2100,75,41,1,87,18,260.0,317.98241814372955
7,26,1600,75,47,1,69,7,132.0,130.03837937364963
7,33,1900,75,47,1,69,5,106.0,73.4702056728266
7,32,3000,75,46,0,111,22,498.0,0.0
7,24,2500,75,50,1,87,9,298.0,290.8753820993191
7,31,2800,75,35,1,109,30,500.0,468.23373993955073
7,37,2500,75,37,1,97,20,320.0,312.247679482381
7,24,1800,75,36,0,103,10,204.0,0.0
7,30,1800,75,41,0,63,7,150.0,0.0
7,29,2400,75,47,0,129,11,246.0,0.0
7,21,1800,75,41,0,61,10,208.0,0.0
7,36,2100,75,50,1,63,12,186.0,245.77088745705413
7,33,2600,75,36,1,123,28,420.0,456.5203052971344
7,22,2900,75,43,0,143,15,412.0,0.0
7,38,2500,75,36,1,139,29,566.0,435.1649747423626
7,33,2900,75,41,0,115,27,572.0,0.0
7,37,2400,75,48,1,95,19,420.0,414.0839973013937
7,23,2200,75,40,1,81,9,248.0,130.42942119179625
7,39,2200,75,38,0,123,17,416.0,0.0
7,36,2700,75,48,0,101,19,346.0,0.0
7,34,2100,75,39,1,67,20,260.0,419.3835925566958
7,32,2100,75,38,0,123,18,386.0,0.0
7,38,1600,75,40,1,61,7,118.0,75.51836266496383
7,28,2500,75,37,1,91,22,424.0,316.7021443370834
7,36,2100,75,48,0,101,11,260.0,0.0
7,27,2800,75,39,0,161,21,570.0,0.0
7,37,2500,75,43,0,133,20,402.0,0.0
7,22,2000,75,39,1,73,10,264.0,237.91925749484787
7,34,2800,75,39,1,101,30,468.0,706.824137685028
7,27,2800,75,40,0,147,17,514.0,0.0
7,31,2300,75,42,1,67,15,232.0,188.84291313566388
7,39,2000,75,49,0,71,13,252.0,0.0
7,35,2900,75,37,1,89,34,484.0,582.4912524104572
7,25,2600,75,41,1,147,22,452.0,415.79471082378205
7,36,1700,75,41,0,81,5,108.0,0.0
7,24,1600,75,35,0,59,7,154.0,0.0
7,20,1500,75,48,0,85,4,86.0,0.0
7,32,1600,75,45,1,95,8,152.0,178.69913865359118
7,25,2600,75,41,1,99,19,470.0,400.6435118697885
7,21,2600,75,43,1,67,16,300.0,364.9028877814394
7,29,1900,75,45,1,107,10,260.0,283.502178322581
7,33,1700,75,44,0,55,5,114.0,0.0
7,21,1600,75,40,0,31,5,32.0,0.0
7,20,1800,75,45,1,95,5,124.0,20.002531730032
7,38,2000,75,41,0,73,10,182.0,0.0
7,20,2100,75,47,0,81,8,230.0,0.0
7,31,2400,75,39,0,85,15,346.0,0.0
7,26,2000,75,43,1,73,10,164.0,113.70161818648903
7,20,2500,75,40,0,127,14,330.0,0.0
7,39,2100,75,47,1,87,11,170.0,178.65527024857104
7,20,3000,75,49,1,87,16,320.0,231.74864229220944
7,31,2600,75,43,1,101,25,466.0,563.6761958358085
7,39,2300,75,49,0,83,9,166.0,0.0
7,20,2600,75,36,1,91,17,378.0,178.1827559741004
7,25,2100,75,43,0,65,5,132.0,0.0
7,38,2900,75,39,1,281,31,804.0,733.2418618603044
7,39,2000,75,44,1,75,19,268.0,446.79761728927326
7,29,2700,75,43,0,151,20,514.0,0.0
7,24,2900,75,47,0,97,14,370.0,0.0
7,22,1900,75,38,0,107,8,176.0,0.0
7,32,2500,75,37,1,95,24,458.0,405.94672784783046
7,25,1900,75,40,1,85,5,156.0,82.16832608091771
7,24,1900,75,42,0,99,13,294.0,0.0
7,40,2900,75,39,0,167,29,794.0,0.0
7,35,2900,75,37,0,169,25,534.0,0.0
7,39,3000,75,44,1,205,33,700.0,635.6155178066872
7,36,2200,75,48,1,71,14,282.0,445.57695931949013
7,33,3000,75,40,0,165,28,630.0,0.0
7,23,1700,75,44,1,95,4,130.0,92.97416960868001
7,22,2600,75,45,0,89,12,332.0,0.0
7,20,2600,75,38,0,85,14,292.0,0.0
7,39,2600,75,47,1,89,14,264.0,173.00922642305318
7,26,2500,75,48,0,99,15,266.0,0.0
7,31,2600,75,48,1,75,14,272.0,364.84280866534743
7,29,2000,75,36,1,73,14,268.0,135.79844515484783
7,32,2200,75,40,0,79,8,180.0,0.0
7,39,2900,75,46,1,167,28,692.0,594.99038034786
7,34,2700,75,41,0,135,19,430.0,0.0
7,29,2000,75,45,0,59,9,134.0,0.0
7,36,2600,75,46,1,85,17,256.0,291.18773101988324
7,38,1700,75,49,1,63,9,130.0,92.24601478389656
7,21,2700,75,35,0,155,20,592.0,0.0
7,24,2900,75,37,1,107,23,440.0,400.3441614804229
7,25,2700,75,38,0,157,22,590.0,0.0
7,32,3000,75,39,1,87,30,510.0,601.3507092483214
7,39,2800,75,42,0,251,28,818.0,0.0
7,29,2100,75,50,0,79,6,112.0,0.0
7,35,2100,75,47,1,153,15,282.0,214.20971272315768
7,35,2800,75,35,1,109,27,372.0,360.8664178545224
7,20,2900,75,43,1,109,14,360.0,285.4151077844781
7,29,2500,75,37,0,139,21,438.0,0.0
7,29,1700,75,41,0,33,4,84.0,0.0
7,20,3000,75,45,0,113,15,494.0,0.0
7,38,2700,75,50,1,151,15,520.0,507.258084771721
7,23,2500,75,35,1,95,14,286.0,215.46556040695162
7,27,2900,70,35,0,113,20,492.0,0.0
7,20,2200,70,35,1,75,12,254.0,158.06509318711653
7,25,1800,70,38,1,97,13,206.0,111.45826896981447
7,31,1800,70,44,1,61,7,122.0,193.38289286117094
7,22,2600,75,50,0,151,13,478.0,0.0
7,29,2600,70,42,0,101,14,418.0,0.0
7,37,3000,70,41,0,165,23,558.0,0.0
7,36,3000,70,35,0,177,33,676.0,0.0
7,30,2500,70,35,1,97,24,410.0,425.9994286140428
7,36,2400,70,42,1,105,15,332.0,182.99690082050626
7,22,2600,70,46,1,97,5,210.0,93.93716929052624
7,27,2400,70,37,0,77,15,326.0,0.0
7,38,2400,70,48,1,93,17,234.0,486.4317307995959
7,27,1600,70,45,0,57,9,160.0,0.0
7,36,2900,70,43,0,225,28,652.0,0.0
7,31,1600,70,35,0,71,7,124.0,0.0
7,23,2900,70,36,1,59,18,370.0,317.49888465979865
7,22,2000,70,36,1,59,8,186.0,83.66108252928029
7,34,2300,70,37,1,83,23,364.0,401.76856677103683
7,34,2900,70,47,0,167,20,586.0,0.0
7,29,2300,70,42,0,91,12,316.0,0.0
7,34,2100,70,44,1,89,16,254.0,429.5138406830723
7,21,2700,70,36,0,97,15,310.0,0.0
7,40,2900,70,41,0,215,28,644.0,0.0
7,23,1500,70,45,0,59,6,110.0,0.0
7,28,2700,70,47,1,147,14,326.0,207.2036473555265
7,34,2100,70,48,1,73,9,206.0,289.9569606126843
7,31,2500,70,45,0,91,11,244.0,0.0
7,25,2500,70,46,1,123,13,332.0,226.16075936036898
7,38,2700,70,36,1,91,29,400.0,496.0551309580168
7,28,2200,70,36,0,81,16,348.0,0.0
7,26,1900,70,40,0,69,9,202.0,0.0
7,25,1800,70,38,0,71,8,172.0,0.0
7,32,1600,70,43,1,49,7,96.0,104.36426704076274
7,28,2300,70,50,1,73,12,180.0,319.11233597448484
7,34,2300,70,50,1,47,6,132.0,136.44660845484364
7,40,2000,70,39,0,145,11,234.0,0.0
7,27,1600,70,46,0,81,5,140.0,0.0
7,28,3000,70,45,1,161,22,524.0,522.5415340450356
7,38,2800,70,48,1,113,28,506.0,680.3534886583041
7,35,2100,70,43,1,45,10,156.0,108.10710874798436
7,33,1700,70,50,1,57,6,140.0,142.5980441168087
7,35,1900,70,41,0,107,12,246.0,0.0
7,25,1700,70,49,0,33,2,68.0,0.0
7,39,1900,70,47,0,61,7,130.0,0.0
7,25,1700,70,40,1,41,5,86.0,80.42837502495965
7,30,1800,70,44,0,101,9,162.0,0.0
7,36,1800,70,49,0,81,6,118.0,0.0
7,22,1700,70,41,0,53,6,96.0,0.0
7,24,2600,70,45,1,81,16,268.0,378.4049145243242
7,32,2600,70,46,1,137,17,384.0,286.6342710110199
7,26,2700,70,45,1,105,13,348.0,282.01513999700404
7,26,1600,70,37,1,59,11,146.0,125.14825829739605
7,21,2700,70,40,1,139,15,440.0,225.57877542260977
7,37,2200,70,46,0,147,13,232.0,0.0
7,24,2000,70,49,1,49,4,86.0,44.40983169763915
7,34,2300,70,48,0,89,10,326.0,0.0
7,36,3000,70,42,0,173,29,764.0,0.0
7,35,1900,70,47,0,121,12,228.0,0.0
7,20,2400,70,39,1,85,10,338.0,249.29176736761096
7,25,1900,70,42,0,67,10,164.0,0.0
7,36,2100,70,39,1,77,17,326.0,287.37690031509885
7,34,2100,70,44,0,139,11,216.0,0.0
7,31,2000,70,46,1,57,8,130.0,43.47197013067516
7,38,2000,70,46,1,71,14,160.0,236.02455542115766
7,25,2300,70,42,0,89,13,312.0,0.0
7,34,1700,70,44,1,69,5,70.0,113.47536958877467
7,20,2200,70,47,0,81,8,194.0,0.0
7,31,1500,70,35,1,99,8,130.0,123.74127854616098
7,31,2700,70,40,1,177,21,410.0,213.1185651481125
7,24,2600,70,38,0,199,18,550.0,0.0
7,39,2200,70,35,1,77,20,334.0,271.80572047497924
7,35,1600,70,44,0,53,7,134.0,0.0
7,36,1500,70,41,0,53,5,76.0,0.0
7,35,1500,70,50,0,51,4,52.0,0.0
7,23,2000,70,45,1,39,4,102.0,95.9176227208613
7,34,1700,70,39,1,51,4,106.0,133.69588259503746
7,39,2200,70,36,0,127,18,424.0,0.0
7,34,1700,70,36,1,57,12,152.0,95.72956221019426
7,32,2100,70,44,1,81,10,212.0,231.55910902947738
7,40,2400,70,35,0,137,21,520.0,0.0
7,40,2100,70,37,0,111,22,352.0,0.0
7,35,2700,70,44,0,97,16,444.0,0.0
7,33,2200,70,40,1,87,12,252.0,152.44659855758403
7,21,1800,70,48,0,57,6,122.0,0.0
7,24,2200,70,49,1,79,7,206.0,118.03266062839931
7,34,2700,70,48,1,137,23,580.0,476.8527063137992
7,34,1900,70,48,0,129,8,192.0,0.0
7,28,3000,70,35,0,225,23,484.0,0.0
7,26,2600,70,50,0,99,8,214.0,0.0
7,34,1500,70,43,1,97,11,148.0,138.24416616635716
7,27,1500,70,49,1,37,4,68.0,46.048286564473315
7,33,1900,70,49,0,61,5,96.0,0.0
7,38,1600,70,36,0,81,7,144.0,0.0
7,35,1700,70,43,1,81,9,174.0,180.6317414140022
7,39,2200,70,39,1,115,22,352.0,359.01911861184317
7,27,2100,70,44,1,111,9,172.0,253.0507185486702
7,26,2500,70,48,0,135,8,290.0,0.0
7,27,2900,70,36,0,205,26,762.0,0.0
7,33,1900,70,39,0,63,10,212.0,0.0
7,40,2700,70,50,1,131,21,372.0,494.99355630114553
7,38,2600,65,39,1,85,29,360.0,457.12635611419284
7,24,2100,65,38,1,85,14,286.0,236.53040247172555
7,25,2300,65,42,0,127,12,268.0,0.0
7,37,1600,65,50,1,9,2,10.0,16.70573018360362
7,22,2200,65,50,0,69,4,70.0,0.0
7,20,2000,65,42,1,77,4,150.0,48.0292181858238
7,25,2900,65,35,0,113,20,506.0,0.0
7,27,2700,65,40,0,97,18,336.0,0.0
7,23,1800,65,35,0,53,6,160.0,0.0
7,21,1800,65,37,0,83,7,156.0,0.0
7,23,2100,65,41,1,75,9,226.0,113.64545294477028
7,26,2200,65,44,1,57,7,102.0,182.79116952185484
7,25,1700,65,37,1,75,12,164.0,146.78690515675225
7,24,2800,65,49,1,103,9,338.0,128.47961791244944
7,34,1800,65,37,0,129,13,288.0,0.0
7,22,2900,65,46,0,109,15,318.0,0.0
7,40,2200,65,40,1,83,17,344.0,261.4238592970226
7,39,2300,65,36,1,81,20,252.0,225.22416867282078
7,28,1800,65,40,0,35,5,92.0,0.0
7,20,2000,65,50,1,57,5,122.0,166.4569962501399
7,33,1700,65,39,0,85,8,176.0,0.0
7,28,2600,65,48,0,135,12,310.0,0.0
7,39,2000,65,49,0,85,6,126.0,0.0
7,39,1900,65,50,1,81,10,152.0,229.10550230198427
7,40,2800,65,36,0,151,29,614.0,0.0
7,35,2500,65,36,1,91,30,494.0,449.7365301620359
7,31,2100,65,44,1,89,12,202.0,267.1260805924892
7,33,2200,65,40,0,119,10,202.0,0.0
7,37,2400,65,40,0,131,17,486.0,0.0
7,40,2500,65,40,1,95,26,400.0,364.59592077952476
7,37,2900,65,49,1,115,24,502.0,384.9300020956277
7,40,2400,65,40,1,87,22,336.0,350.4577319456351
7,28,1600,65,46,0,29,3,56.0,0.0
7,38,1500,65,38,0,75,10,140.0,0.0
7,23,1800,65,36,1,63,10,156.0,45.08943418136736
7,22,2200,65,46,0,77,7,158.0,0.0
7,29,2800,65,45,0,109,16,464.0,0.0
7,35,1800,65,40,1,99,14,212.0,197.99681325248463
7,34,1500,65,44,1,25,1,26.0,34.62290740517855
7,40,2800,65,42,0,133,22,548.0,0.0
7,21,2800,65,40,1,73,14,216.0,248.35134975952775
7,33,3000,65,49,1,97,16,364.0,344.1052114298032
7,37,3000,65,47,1,107,20,442.0,353.1139215343492
7,21,2800,65,50,0,145,11,398.0,0.0
7,38,2700,65,36,0,155,17,538.0,0.0
7,36,2900,65,47,0,109,20,562.0,0.0
7,25,1800,65,37,1,65,11,194.0,140.940453083175
7,33,1700,65,35,1,39,9,118.0,63.969910719072324
7,23,2900,65,39,0,115,19,426.0,0.0
7,34,3000,65,40,1,133,27,474.0,484.7866238421422
7,40,1500,65,45,0,23,3,60.0,0.0
7,28,1600,65,49,1,29,4,90.0,63.72603635203523
7,20,2700,65,50,0,97,12,224.0,0.0
7,33,2700,65,47,0,149,17,410.0,0.0
7,36,2400,65,38,0,129,15,432.0,0.0
7,35,2800,65,40,1,153,29,510.0,450.4193104346872
7,22,2200,65,40,1,115,11,324.0,210.51683147027825
7,32,3000,65,50,0,121,19,550.0,0.0
7,27,2300,65,42,1,43,9,160.0,125.21212424060198
7,35,2800,65,42,1,161,30,568.0,528.9188745885224
7,23,1500,65,41,0,25,4,70.0,0.0
7,21,2800,65,40,1,77,13,354.0,198.6860486643804
7,40,1700,65,38,1,67,12,152.0,140.65001627555745
7,26,1500,65,44,1,45,3,46.0,55.226077767721314
7,20,2600,65,49,0,97,7,166.0,0.0
7,33,2000,65,50,0,69,6,136.0,0.0
7,30,2200,65,44,0,109,9,192.0,0.0
7,32,2200,65,50,0,149,9,260.0,0.0
7,36,2100,65,42,1,111,13,246.0,280.96165321898013
7,32,2400,65,43,1,99,15,292.0,291.5781701727401
7,29,1800,65,37,1,95,13,212.0,129.8486912252078
7,34,1600,65,45,0,61,7,120.0,0.0
7,30,1700,65,42,0,59,6,114.0,0.0
7,33,3000,65,44,0,169,21,706.0,0.0
7,31,2800,65,49,1,87,17,222.0,279.87679987798265
7,21,2400,65,35,0,87,12,252.0,0.0
7,25,3000,65,41,0,141,20,516.0,0.0
7,34,2400,65,38,0,133,20,462.0,0.0
7,23,1700,65,42,1,57,2,58.0,51.49333223336288
7,36,2900,65,47,0,137,14,312.0,0.0
7,30,2300,65,46,1,77,12,270.0,247.99926322659388
7,23,2000,65,40,0,57,7,166.0,0.0
7,21,2900,65,43,1,87,17,296.0,313.2090498723011
7,29,2800,65,35,0,153,27,588.0,0.0
7,32,2800,65,35,0,161,28,596.0,0.0
7,20,2300,65,37,1,83,11,270.0,216.19031091017035
7,36,2400,65,35,1,91,30,504.0,448.4604657347212
7,29,1500,65,49,1,45,4,72.0,47.70614598973279
7,20,2900,65,38,1,61,18,380.0,331.5132686327529
7,39,1800,65,44,0,57,6,108.0,0.0
7,21,2500,65,35,1,57,16,310.0,178.6736758425043
7,28,2000,65,40,0,67,8,160.0,0.0
7,34,2500,65,43,1,93,17,260.0,293.7186156349734
7,40,1700,65,47,0,53,8,142.0,0.0
7,32,2600,65,49,1,95,23,428.0,351.3107004286935
7,23,2500,65,36,0,97,15,300.0,0.0
7,31,1900,65,37,0,105,12,212.0,0.0
7,22,2900,60,44,1,107,14,418.0,294.0308690093895
7,33,1500,60,45,0,55,3,78.0,0.0
7,38,2300,65,43,0,129,14,420.0,0.0
7,39,2500,65,47,1,75,11,180.0,198.91947836881914
7,33,2900,65,49,1,153,18,468.0,256.4104229019483
7,39,2800,60,43,1,99,21,524.0,490.58952428024116
7,32,2200,60,40,1,101,9,216.0,196.72972771335037
7,22,2900,60,43,0,111,14,264.0,0.0
7,32,2100,60,41,1,93,11,174.0,143.89842931440955
7,40,1900,60,48,0,75,11,230.0,0.0
7,27,2300,60,45,1,87,11,286.0,252.23068718024518
7,20,2400,60,41,0,77,7,184.0,0.0
7,32,2900,60,37,0,219,23,726.0,0.0
7,29,2300,60,37,0,115,15,358.0,0.0
7,22,3000,60,40,1,175,15,416.0,179.91197568304258
7,35,2800,60,44,1,153,17,472.0,430.2077435302421
7,22,1500,60,44,0,27,1,28.0,0.0
7,30,2400,60,42,1,179,20,380.0,264.1578415866281
7,24,2000,60,50,1,75,6,116.0,62.82688329327844
7,21,2100,60,48,0,53,3,54.0,0.0
7,25,1900,60,38,1,55,11,174.0,178.308760849519
7,32,2300,60,40,0,85,13,282.0,0.0
7,33,2200,60,44,1,75,12,286.0,233.16815411429985
7,28,2400,60,44,0,71,10,228.0,0.0
7,35,1500,60,48,0,27,3,54.0,0.0
7,23,2900,60,47,0,151,13,372.0,0.0
7,26,1500,60,50,1,25,1,26.0,35.67829700911453
7,38,2800,60,39,1,135,34,510.0,679.1305934297768
7,24,2400,60,44,0,79,10,234.0,0.0
7,20,2900,60,47,1,107,9,254.0,145.03835046291624
7,39,2500,60,45,1,95,19,398.0,427.42292221643845
7,25,2100,60,47,1,39,2,40.0,23.81961619730103
7,34,1800,60,49,0,63,3,98.0,0.0
7,40,2400,60,35,0,133,18,390.0,0.0
7,25,2000,60,36,1,47,12,194.0,134.63293264995912
7,32,2900,60,49,0,161,7,268.0,0.0
7,33,1900,60,39,0,97,14,230.0,0.0
7,20,1600,60,39,1,45,4,76.0,97.69659110911374
7,32,2300,60,42,0,73,10,272.0,0.0
7,33,2900,60,48,0,109,19,552.0,0.0
7,27,1500,60,36,0,57,5,88.0,0.0
7,32,2800,60,37,1,101,22,386.0,358.21877644040245
7,31,1600,60,47,1,25,2,26.0,35.224606451100314
7,21,2700,60,36,1,81,16,340.0,204.7419392672389
7,26,2600,60,39,0,155,19,610.0,0.0
7,26,2200,60,39,1,79,8,194.0,184.52914360127315
7,22,2200,60,47,0,79,3,112.0,0.0
7,25,1900,60,49,1,47,2,48.0,23.169623121089813
7,23,2200,60,42,1,77,8,164.0,97.17175038173097
7,24,1500,60,47,0,75,5,102.0,0.0
7,36,2200,60,49,0,187,14,414.0,0.0
7,31,3000,60,38,0,163,15,514.0,0.0
7,39,2100,60,39,1,73,9,174.0,198.57003224579807
7,35,2500,60,43,1,85,22,340.0,363.0797360703491
7,23,2900,60,42,0,145,17,506.0,0.0
7,30,3000,60,47,0,111,15,490.0,0.0
7,28,1500,60,47,1,111,7,112.0,82.15395213997742
7,28,2800,60,36,1,163,18,532.0,214.86844246574634
7,39,2100,60,43,0,111,16,340.0,0.0
7,31,2400,60,45,1,73,16,314.0,300.10340002282004
7,22,2700,60,40,1,145,16,388.0,311.04725434543025
7,31,2900,60,46,0,115,11,476.0,0.0
7,23,2700,60,48,1,71,8,196.0,247.85644596450558
7,36,2800,60,50,0,149,12,400.0,0.0
7,26,3000,60,42,0,175,18,586.0,0.0
7,39,2100,60,39,0,109,20,366.0,0.0
7,27,2600,60,45,0,91,9,300.0,0.0
7,36,2700,60,45,1,103,17,338.0,356.41080385565056
7,32,3000,60,45,0,161,22,704.0,0.0
7,25,2000,60,45,1,155,11,308.0,304.7862340903758
7,31,2000,60,49,1,63,6,132.0,41.86261031617787
7,31,2500,60,35,1,97,24,346.0,218.37927544107612
7,37,2400,60,36,0,135,19,462.0,0.0
7,27,2100,60,37,0,79,13,282.0,0.0
7,24,1500,60,43,1,47,3,72.0,40.265739276670004
7,31,3000,60,48,1,167,16,480.0,389.12105635459255
7,37,2500,60,35,0,133,19,502.0,0.0
7,32,1800,60,48,1,47,6,68.0,95.55038819928278
7,33,2900,60,49,0,113,16,470.0,0.0
7,27,1600,60,40,1,43,2,44.0,36.81190951212388
7,26,1700,60,41,1,77,8,122.0,155.190389824376
7,27,1800,60,48,0,69,4,70.0,0.0
7,37,2000,60,44,1,73,11,186.0,305.74175640031217
7,21,1600,60,45,0,51,6,78.0,0.0
7,34,1900,60,43,1,105,3,106.0,15.254125300201594
7,22,1700,60,42,0,65,3,96.0,0.0
7,40,1600,60,45,1,55,5,104.0,123.48130016860117
7,33,2200,60,40,0,127,12,286.0,0.0
7,24,2400,60,36,0,143,18,528.0,0.0
7,33,3000,60,40,0,165,29,758.0,0.0
7,35,1800,60,44,1,65,9,98.0,214.32806377530218
7,36,3000,60,39,0,163,31,864.0,0.0
7,20,2100,60,40,1,77,4,78.0,82.48318097161369
7,33,3000,60,50,1,117,23,472.0,640.9181217787361
7,35,2200,60,43,0,79,15,306.0,0.0
7,31,2600,60,35,0,143,24,570.0,0.0
7,36,2800,60,35,1,161,32,632.0,379.49048094643916
7,21,2700,60,41,0,147,13,348.0,0.0
7,34,1600,60,44,0,27,2,52.0,0.0
7,31,2800,60,42,1,105,18,330.0,254.53538774964156
7,28,2400,60,50,1,133,17,364.0,299.87591031816225
7,39,2300,60,44,1,91,15,278.0,258.30183917162356
7,21,2000,55,36,1,33,7,90.0,51.7318813149321
7,35,1700,55,38,0,89,8,134.0,0.0
7,29,2200,60,44,0,97,11,214.0,0.0
7,22,1700,55,46,0,7,1,8.0,0.0
7,23,2500,55,40,1,169,13,360.0,147.54335312326623
7,32,3000,55,50,1,117,15,342.0,339.1909804734761
7,36,2700,55,39,0,191,23,622.0,0.0
7,30,2600,55,37,0,145,18,424.0,0.0
7,32,2900,55,49,0,169,16,504.0,0.0
7,23,2300,55,49,1,45,6,194.0,45.01282583024669
7,24,1700,55,48,1,23,1,24.0,33.02890634747187
7,38,2700,55,49,1,97,13,400.0,204.77106263354358
7,26,1600,55,36,1,31,4,62.0,26.84180951661485
7,21,2400,55,38,0,91,12,296.0,0.0
7,36,2600,55,48,0,117,8,250.0,0.0
7,39,1900,55,36,1,77,12,188.0,111.47717276864628
7,36,3000,55,41,0,141,27,712.0,0.0
7,28,1700,55,42,1,51,7,98.0,148.67947734603646
7,25,3000,55,38,1,109,21,484.0,290.97841711155155
7,20,2500,55,44,0,49,5,134.0,0.0
7,26,2600,55,48,1,99,13,302.0,373.0329571973984
7,29,2700,55,50,0,107,8,256.0,0.0
7,39,2200,55,36,0,217,25,590.0,0.0
7,38,2300,55,39,1,129,16,412.0,364.60292159198815
7,34,3000,55,38,1,119,22,402.0,281.63953630454574
7,33,2300,55,42,0,87,10,280.0,0.0
7,32,2300,55,45,0,125,11,238.0,0.0
7,26,3000,55,43,0,151,15,462.0,0.0
7,27,3000,55,45,1,85,16,286.0,354.3792033244124
7,38,1800,55,39,1,61,10,124.0,182.32972244081043
7,37,2900,55,39,1,97,25,520.0,518.9764856332366
7,29,2300,55,36,1,89,18,368.0,167.34260225815817
7,23,2200,55,39,0,65,7,148.0,0.0
7,23,2000,55,46,0,77,7,172.0,0.0
7,35,2500,55,46,0,217,15,442.0,0.0
7,23,1700,55,47,0,25,2,40.0,0.0
7,33,2300,55,47,1,103,9,216.0,91.22864534991565
7,31,2300,55,35,1,109,17,444.0,260.9381467469801
7,37,2900,55,44,0,209,19,504.0,0.0
7,26,2100,55,40,1,115,5,144.0,38.06579954193896
7,35,3000,55,49,1,193,13,376.0,236.34270338740706
7,31,2400,55,47,0,125,9,210.0,0.0
7,39,1900,55,39,0,101,12,276.0,0.0
7,39,2800,55,50,1,99,11,322.0,289.14551947812953
7,33,1900,55,36,0,59,9,186.0,0.0
7,36,2100,55,40,0,105,15,270.0,0.0
7,32,2800,55,43,1,75,13,338.0,193.68490442725232
7,28,2900,55,48,1,83,9,284.0,244.78704494815184
7,40,2600,55,45,1,45,9,210.0,167.85672591266055
7,34,2400,55,46,0,133,12,300.0,0.0
7,20,3000,55,49,0,105,6,208.0,0.0
7,21,1800,55,40,1,99,9,204.0,141.61287048563585
7,22,2000,55,40,0,63,5,98.0,0.0
7,25,1800,55,43,1,37,4,70.0,45.94927231278527
7,24,2200,55,45,1,59,7,140.0,168.62541594800396
7,24,1500,55,46,0,25,4,50.0,0.0
7,20,2800,55,50,0,97,6,226.0,0.0
7,25,2400,55,43,1,47,10,220.0,169.55607851783523
7,40,2700,55,36,0,187,23,668.0,0.0
7,34,2500,55,45,1,95,11,308.0,157.15866937248742
7,26,1500,55,40,0,47,4,100.0,0.0
7,36,2700,55,37,1,95,25,390.0,340.5887217441166
7,20,1500,55,40,1,23,1,24.0,11.994884368451789
7,39,2400,55,46,0,83,12,310.0,0.0
7,27,2500,55,49,0,131,9,258.0,0.0
7,25,2100,55,49,1,107,9,186.0,120.13047067423733
7,31,2000,55,38,0,111,9,210.0,0.0
7,39,2000,55,35,0,139,18,322.0,0.0
7,30,2400,55,36,1,67,19,282.0,208.25286995916207
7,34,2200,55,39,0,85,7,238.0,0.0
7,29,1800,55,35,0,89,8,192.0,0.0
7,20,2600,55,39,1,95,11,292.0,304.005989004798
7,24,2200,55,42,1,117,6,200.0,137.82685608162424
7,37,2600,55,45,0,141,14,334.0,0.0
7,20,1900,55,45,1,19,1,20.0,29.46693371747924
7,39,1600,55,50,1,41,8,132.0,152.19721422654828
7,24,1800,55,45,0,0,0,0.0,0.0
7,34,2000,55,35,1,79,5,192.0,4.47213595499958
7,25,2800,55,45,0,155,15,486.0,0.0
7,21,2200,55,43,0,121,5,160.0,0.0
7,24,2600,55,46,0,77,6,172.0,0.0
7,40,2100,55,36,1,63,21,250.0,234.91921457764303
7,34,2700,55,44,0,99,14,400.0,0.0
7,27,2000,55,48,1,95,4,134.0,55.98343632870603
7,26,2900,55,49,1,71,11,256.0,161.45686828675107
7,28,2300,55,41,1,71,10,220.0,168.01931155246768
7,36,2800,55,37,1,109,30,526.0,562.2293596798406
7,32,2100,55,43,0,61,6,142.0,0.0
7,30,2000,55,35,0,103,15,354.0,0.0
7,31,2800,55,41,0,101,9,254.0,0.0
7,39,2900,55,49,1,95,21,306.0,298.7320212582108
7,34,1600,55,47,0,53,3,54.0,0.0
7,27,2500,55,48,1,73,8,188.0,258.08033830073606
7,37,2700,55,36,1,99,36,512.0,515.6050678628987
7,33,3000,55,43,1,259,16,556.0,369.71043974784214
7,21,2500,55,46,1,125,12,262.0,193.2944177597179
7,34,2000,55,37,0,123,15,334.0,0.0
7,26,1500,55,40,1,5,1,6.0,10.63378437159583
7,39,1500,55,50,0,19,1,20.0,0.0
7,26,1700,55,43,0,81,9,148.0,0.0
7,23,2400,55,40,0,87,11,306.0,0.0
7,31,1600,50,37,0,27,1,28.0,0.0
7,23,2400,50,43,0,89,7,170.0,0.0
7,38,2200,50,46,1,83,16,302.0,230.2076701224555
7,23,1800,50,39,1,41,7,110.0,172.91705373723707
7,38,2600,50,40,1,111,25,454.0,366.2871722047862
7,29,1900,50,49,0,85,3,86.0,0.0
7,36,2000,50,41,1,101,7,148.0,104.19632360812261
7,21,2900,50,43,0,75,9,248.0,0.0
7,26,2700,50,37,1,147,15,580.0,214.22835326706027
7,26,2400,50,45,1,95,6,190.0,121.9898125372983
7,20,2400,50,42,0,43,4,112.0,0.0
7,32,3000,50,44,0,207,14,434.0,0.0
7,28,2000,50,38,1,77,9,132.0,76.92653822749945
7,20,3000,50,36,0,217,16,414.0,0.0
7,21,2900,50,43,1,59,12,342.0,322.08140458526094
7,25,2200,50,37,1,95,9,186.0,132.22578887168905
7,34,2200,50,43,0,85,11,328.0,0.0
7,37,2100,50,44,1,87,6,194.0,190.7941004449918
7,23,1500,50,47,1,29,2,58.0,34.52033618518436
7,32,2400,50,45,0,81,8,190.0,0.0
7,35,1800,50,46,0,31,3,64.0,0.0
7,25,2000,50,44,0,33,2,56.0,0.0
7,34,2100,50,44,1,71,16,324.0,467.58803590411594
7,22,2500,50,44,0,75,7,150.0,0.0
7,34,1700,50,46,0,83,5,84.0,0.0
7,27,1600,50,46,1,29,3,60.0,26.19349539156621
7,24,2200,50,49,0,43,5,168.0,0.0
7,36,2500,50,41,1,119,23,460.0,495.9951450029201
7,37,2200,50,40,0,85,20,358.0,0.0
7,20,2500,50,41,1,87,13,266.0,292.0455458043019
7,28,1500,50,43,0,0,0,0.0,0.0
7,35,2100,50,45,1,95,7,200.0,175.15056619176184
7,21,2600,50,50,1,75,8,178.0,194.1812232182761
7,28,1500,50,36,1,49,9,116.0,74.22739274025929
7,26,1700,50,45,0,87,8,144.0,0.0
7,36,2900,50,37,0,161,21,616.0,0.0
7,36,1900,50,41,0,69,3,82.0,0.0
7,22,2200,50,42,0,43,4,116.0,0.0
7,30,1500,50,42,1,59,7,118.0,121.90537166568308
7,38,2800,50,41,0,199,19,546.0,0.0
7,21,2900,50,45,1,119,12,420.0,270.3087483420838
7,31,2400,50,49,1,57,9,160.0,149.2649657529314
7,34,2400,50,35,1,95,17,302.0,186.33441615339237
7,31,2500,50,35,1,63,14,244.0,198.35216178549624
7,32,1900,50,41,0,35,3,62.0,0.0
7,27,2600,50,45,0,143,12,422.0,0.0
7,26,1600,50,47,1,85,8,136.0,69.57375764059474
7,29,2500,50,37,0,99,15,356.0,0.0
7,21,1900,50,39,0,109,8,214.0,0.0
7,29,2500,50,41,1,97,18,406.0,404.037129248085
7,38,3000,50,38,0,215,34,850.0,0.0
7,40,2300,50,50,1,99,10,236.0,179.04589349505164
7,29,1900,50,48,1,47,3,48.0,67.49915904260347
7,27,2400,50,46,0,75,5,116.0,0.0
7,34,1500,50,36,0,71,9,158.0,0.0
7,24,2600,50,35,1,69,17,290.0,232.5084585150322
7,23,2100,50,35,1,79,14,250.0,187.26739207220817
7,24,2100,50,48,0,71,5,130.0,0.0
7,30,1800,50,36,0,59,8,136.0,0.0
7,29,1600,50,46,1,89,7,122.0,63.3418528876104
7,29,1500,50,35,1,29,4,74.0,38.17175140072476
7,24,1900,50,38,0,55,6,160.0,0.0
7,33,2200,50,38,0,143,10,292.0,0.0
7,38,2100,50,38,1,43,9,196.0,100.5410363163155
7,24,2700,50,35,1,145,19,444.0,266.90605381359234
7,31,1900,50,46,1,63,4,92.0,66.30590846252461
7,28,2900,50,41,0,113,18,562.0,0.0
7,27,1900,50,43,0,99,8,174.0,0.0
7,25,2000,50,39,1,39,4,118.0,85.58251478310291
7,29,2100,50,41,0,83,10,236.0,0.0
7,20,2400,50,44,1,79,5,110.0,123.5285762443706
7,21,1600,50,45,0,31,3,86.0,0.0
7,30,3000,50,47,1,139,24,460.0,320.2293656038653
7,23,2800,50,41,0,149,12,352.0,0.0
7,22,1600,50,48,1,27,2,28.0,73.72771290160968
7,38,2400,50,41,0,93,17,458.0,0.0
7,31,1600,50,42,0,45,4,76.0,0.0
7,35,3000,50,41,1,131,27,486.0,406.12488255040677
7,22,2700,50,44,0,103,8,304.0,0.0
7,25,1900,50,43,0,59,5,80.0,0.0
7,21,2900,50,46,1,55,10,310.0,150.8268474726408
7,34,2900,50,50,1,105,8,200.0,216.42356244060133
7,34,1600,50,39,0,87,6,112.0,0.0
7,24,1500,50,36,1,29,1,30.0,2.8284271247461903
7,30,2400,50,41,1,95,12,304.0,175.70900819528927
7,32,1600,50,42,1,49,7,104.0,109.56895920662319
7,30,1600,50,45,0,87,4,88.0,0.0
7,30,2900,50,38,0,153,25,758.0,0.0
7,28,2300,50,50,1,79,5,160.0,112.60808145983954
7,25,2000,50,36,0,63,4,104.0,0.0
7,31,1500,50,37,1,29,2,58.0,25.330002539440915
7,28,2300,50,38,0,83,8,292.0,0.0
7,26,1900,50,40,0,165,6,190.0,0.0
7,36,1800,50,43,1,65,4,124.0,56.36306962680251
7,20,1900,50,40,0,47,2,48.0,0.0
7,34,1700,50,49,1,43,2,44.0,20.995934406136826
7,23,2400,50,39,1,181,11,250.0,181.6546143306709
7,26,2100,50,39,1,77,11,202.0,272.55620085771955
6,23,2000,90,38,0,75,13,260.0,0.0
6,33,2300,90,40,1,93,17,274.0,200.49147287005832
7,26,3000,50,49,0,195,17,406.0,0.0
6,35,1900,90,36,1,57,19,272.0,177.3014961261072
7,24,2600,50,50,0,99,11,324.0,0.0
6,26,2100,90,50,0,73,6,186.0,0.0
6,27,3000,90,41,0,115,24,558.0,0.0
6,40,2000,90,37,1,87,28,360.0,467.3383590216258
6,24,2300,90,43,1,77,13,232.0,184.17012894606395
6,25,3000,90,48,1,217,17,514.0,424.02052401263705
6,27,2400,90,50,0,115,9,280.0,0.0
6,40,1700,90,46,1,61,13,160.0,162.92117072140877
6,32,2900,90,46,0,165,19,526.0,0.0
6,32,1800,90,38,1,101,13,268.0,135.59529909476635
6,38,1900,90,42,1,75,12,154.0,181.16808842766167
6,35,1700,90,41,0,57,5,106.0,0.0
6,28,2700,90,39,0,143,23,628.0,0.0
6,20,1900,90,48,0,63,5,122.0,0.0
6,27,2000,90,41,0,65,8,172.0,0.0
6,24,2200,90,50,1,109,13,292.0,320.437640265078
6,27,3000,90,35,1,89,27,430.0,469.1728173593161
6,21,1700,90,43,0,89,4,90.0,0.0
6,38,1800,90,47,1,45,5,80.0,46.01651509346527
6,27,2000,90,49,1,85,12,200.0,142.71746226867566
6,36,2200,90,49,0,121,10,204.0,0.0
6,33,2900,90,41,1,165,30,654.0,525.275171009849
6,35,2500,90,49,0,97,15,390.0,0.0
6,31,1900,90,36,1,101,13,200.0,152.15582565130663
6,31,1700,90,41,0,65,10,242.0,0.0
6,26,1700,90,43,0,95,8,152.0,0.0
6,22,1600,90,46,0,85,8,170.0,0.0
6,32,1700,90,44,1,51,7,98.0,123.04896545041929
6,31,2000,90,41,1,75,16,344.0,286.2344715268434
6,32,2400,90,46,0,47,12,228.0,0.0
6,34,2300,90,35,0,133,28,638.0,0.0
6,32,2800,90,36,0,149,28,594.0,0.0
6,38,2800,90,42,0,161,27,746.0,0.0
6,36,2000,90,44,1,69,9,158.0,201.33751895800003
6,32,2200,90,48,1,121,13,282.0,225.86666986203363
6,23,2500,90,48,1,77,8,214.0,192.11591248666423
6,27,2600,90,50,1,55,10,222.0,302.4895002702555
6,33,2100,90,35,0,111,17,298.0,0.0
6,33,3000,90,37,1,107,31,462.0,520.7531871471047
6,22,1900,90,46,1,65,6,94.0,80.51877074078638
6,31,2900,90,44,0,203,23,604.0,0.0
6,33,1500,90,48,0,29,4,60.0,0.0
6,21,3000,90,49,0,117,13,386.0,0.0
6,21,2600,90,50,1,93,12,396.0,278.9251365333643
6,27,2100,90,35,1,67,17,228.0,215.51727699526197
6,33,2800,90,39,1,143,29,580.0,558.9499182909707
6,31,3000,90,46,0,161,25,536.0,0.0
6,34,2600,90,41,1,103,30,480.0,503.2966926996552
6,34,2600,90,44,0,239,17,506.0,0.0
6,31,3000,90,50,0,113,18,408.0,0.0
6,30,1500,90,50,1,0,0,0.0,0.0
6,34,2500,90,44,0,135,18,444.0,0.0
6,36,2400,90,39,0,171,24,548.0,0.0
6,24,1500,90,39,0,49,7,124.0,0.0
6,28,2200,90,43,0,113,10,194.0,0.0
6,28,2800,90,41,1,147,23,452.0,438.49878380131554
6,26,2800,90,43,1,67,13,266.0,286.73752346108927
6,22,1900,90,48,1,51,7,136.0,142.15639046165188
6,28,1700,90,38,1,67,8,182.0,66.57162310654982
6,36,2700,90,39,0,193,29,684.0,0.0
6,30,2000,90,37,1,67,16,220.0,284.451357185044
6,37,2300,90,41,1,83,23,302.0,287.06084518509624
6,36,1600,90,50,0,27,3,48.0,0.0
6,30,3000,90,48,0,209,22,532.0,0.0
6,33,1600,90,46,1,69,4,90.0,60.37944993779463
6,32,2800,90,38,0,161,30,664.0,0.0
6,39,2800,90,36,0,161,35,564.0,0.0
6,34,2600,90,40,0,95,18,264.0,0.0
6,25,1500,90,44,1,77,4,96.0,89.351059632944
6,27,2500,90,43,0,135,17,314.0,0.0
6,27,1700,90,43,1,25,4,66.0,70.31247339838778
6,22,2800,90,43,1,157,17,378.0,383.5657374560017
6,23,2500,90,48,1,71,11,214.0,231.34085537158893
6,35,1800,90,36,1,97,18,246.0,167.12862526652242
6,26,2900,90,37,0,113,24,476.0,0.0
6,31,1500,90,41,0,55,5,56.0,0.0
6,22,1900,90,45,0,123,11,192.0,0.0
6,37,2400,90,49,1,151,16,314.0,195.79105463816126
6,36,1500,90,47,1,99,8,156.0,112.18777126186487
6,34,1600,90,48,0,53,3,54.0,0.0
6,39,2700,90,38,1,115,36,428.0,571.1167151260947
6,34,1700,90,37,0,121,16,352.0,0.0
6,32,2100,90,45,0,113,9,272.0,0.0
6,37,1500,90,46,0,39,5,104.0,0.0
6,40,2500,90,47,1,149,23,316.0,264.89108133718554
6,22,2200,90,40,0,115,11,182.0,0.0
6,26,2500,90,48,1,109,17,336.0,431.2085441703179
6,27,2800,90,41,1,151,22,428.0,341.6784499087583
6,25,2700,90,36,1,71,25,380.0,373.518096787772
6,31,2900,90,48,1,127,19,438.0,542.8292772335769
6,32,3000,90,45,0,173,22,586.0,0.0
6,37,2700,90,48,1,109,13,352.0,241.11242037304547
6,32,2000,90,49,0,79,7,146.0,0.0
6,39,2700,90,49,0,99,16,330.0,0.0
6,36,1700,90,40,0,55,7,134.0,0.0
6,32,1500,90,50,1,57,3,80.0,68.97117259758444
6,32,2700,90,35,0,155,31,696.0,0.0
6,32,2100,85,37,1,75,12,244.0,195.237061076261
6,32,2800,85,39,1,87,29,412.0,784.5379823842738
6,24,2700,85,41,0,101,18,502.0,0.0
6,23,1700,85,44,0,69,7,132.0,0.0
6,24,2100,90,46,1,69,8,154.0,115.20521103849282
6,20,1700,85,49,1,45,4,56.0,55.01919036067834
6,36,2800,85,42,0,253,26,750.0,0.0
6,22,2400,85,38,1,137,20,402.0,355.60532630580315
6,38,1900,85,36,1,67,15,172.0,142.54461397280264
6,24,1900,85,42,1,69,7,122.0,60.28020992357509
6,28,2300,85,43,1,79,10,216.0,219.73465693795916
6,26,1900,85,50,0,69,7,160.0,0.0
6,23,2600,85,49,0,101,11,276.0,0.0
6,22,2300,85,50,0,43,5,134.0,0.0
6,40,2300,85,35,1,159,31,496.0,494.3677205091326
6,27,2600,85,50,0,99,12,382.0,0.0
6,27,2500,85,37,1,97,18,320.0,236.0293637325373
6,20,2900,85,48,0,91,11,294.0,0.0
6,34,2900,85,47,1,203,26,454.0,566.0785095870331
6,34,1800,85,50,0,61,10,210.0,0.0
6,23,2700,85,43,1,95,10,204.0,125.55948608050018
6,21,1600,85,47,1,27,3,40.0,19.438890571994158
6,37,2700,85,50,0,263,19,570.0,0.0
6,38,1900,85,47,0,57,6,86.0,0.0
6,27,1600,85,40,0,53,6,86.0,0.0
6,29,1600,85,45,1,59,7,136.0,164.19093492184027
6,33,1800,85,35,1,65,17,236.0,202.76761314389984
6,40,1600,85,36,1,65,15,220.0,116.60328121190227
6,40,1500,85,49,1,43,2,44.0,20.59822275631351
6,38,1500,85,48,0,79,5,94.0,0.0
6,20,1900,85,38,0,93,12,252.0,0.0
6,22,2500,85,39,0,87,16,386.0,0.0
6,30,2600,85,37,1,123,20,304.0,266.5063475609155
6,35,2800,85,39,0,161,27,584.0,0.0
6,20,2800,85,43,0,53,10,234.0,0.0
6,34,3000,85,45,0,149,24,544.0,0.0
6,27,1700,85,49,0,53,5,144.0,0.0
6,27,1800,85,46,1,57,5,122.0,72.69451715716633
6,26,1500,85,40,1,49,5,70.0,74.80782987351665
6,21,2400,85,35,1,77,14,254.0,198.89482091682552
6,26,1900,85,36,0,99,11,280.0,0.0
6,21,1500,85,44,0,25,1,26.0,0.0
6,28,3000,85,46,1,171,24,562.0,459.54609001134156
6,32,2600,85,49,0,179,14,462.0,0.0
6,36,1800,85,49,1,101,8,166.0,118.73714898612715
6,27,1700,85,41,1,57,4,108.0,72.98225064037817
6,36,1700,85,41,0,113,11,236.0,0.0
6,26,1800,85,38,1,39,7,138.0,56.85648662733685
6,27,2000,85,37,0,115,15,330.0,0.0
6,36,1700,85,40,0,63,11,222.0,0.0
6,26,2600,85,47,1,101,12,264.0,237.05375240077632
6,37,2700,85,49,1,149,22,384.0,397.08633694170777
6,38,1700,85,39,0,99,11,176.0,0.0
6,25,3000,85,42,1,85,23,432.0,426.89855032155964
6,37,2000,85,38,1,61,10,162.0,98.23873106069891
6,37,3000,85,39,0,171,29,594.0,0.0
6,35,3000,85,40,0,233,28,776.0,0.0
6,22,2400,85,43,1,57,10,198.0,265.2836211003192
6,31,1500,85,50,0,29,4,88.0,0.0
6,34,1800,85,35,0,93,15,220.0,0.0
6,40,2700,85,38,0,195,27,644.0,0.0
6,39,1700,85,42,1,67,6,116.0,111.70642823220574
6,25,2700,85,46,1,147,15,380.0,279.9966951309374
6,38,2500,85,43,0,137,14,418.0,0.0
6,25,2900,85,42,1,167,17,560.0,224.25707237043358
6,20,2200,85,48,1,63,6,110.0,134.4311070842333
6,30,1700,85,35,1,59,10,202.0,158.07717159886158
6,34,2900,85,36,0,213,32,632.0,0.0
6,24,2900,85,41,0,113,20,506.0,0.0
6,36,2000,85,37,1,135,16,246.0,205.35265661038392
6,23,2900,85,38,1,159,22,408.0,318.8671220788654
6,32,1700,85,48,0,91,5,92.0,0.0
6,40,2200,85,43,0,113,16,348.0,0.0
6,30,1700,85,35,1,67,12,250.0,162.00049713206116
6,27,2700,85,37,0,145,24,510.0,0.0
6,40,1800,85,43,1,91,17,164.0,213.5839403034487
6,24,2200,85,45,0,111,12,278.0,0.0
6,24,1500,85,49,1,27,1,28.0,11.981504570790378
6,31,2600,85,45,1,107,12,246.0,332.12424262354983
6,37,2200,85,49,0,169,14,324.0,0.0
6,31,2700,85,41,0,153,24,636.0,0.0
6,29,2600,85,45,1,137,14,346.0,276.4734572328832
6,21,2200,85,42,0,43,4,78.0,0.0
6,33,2500,85,49,0,127,10,174.0,0.0
6,40,3000,85,50,1,125,26,404.0,670.0021059509885
6,28,2200,85,41,1,85,15,202.0,355.0932483720473
6,30,2400,85,49,0,171,17,384.0,0.0
6,28,2300,85,35,1,87,24,362.0,405.7035344368761
6,32,2200,85,36,0,129,19,460.0,0.0
6,23,2400,85,40,1,71,15,204.0,203.0779693769457
6,32,1700,85,44,1,51,10,94.0,209.5254029412819
6,33,2900,85,44,1,141,32,524.0,803.513835632434
6,30,2700,85,44,0,235,19,528.0,0.0
6,36,2500,85,44,0,135,16,366.0,0.0
6,32,2500,85,48,0,143,17,502.0,0.0
6,25,1600,85,39,0,85,9,168.0,0.0
6,35,2200,85,35,1,77,21,316.0,277.3767853674507
6,39,2000,80,38,0,153,19,440.0,0.0
6,22,2200,85,44,1,81,6,208.0,234.80107345246992
6,33,1600,85,44,1,85,6,142.0,106.42854057863369
6,34,2500,80,47,1,111,16,274.0,214.2570236312926
6,24,2600,85,50,0,95,9,234.0,0.0
6,39,2200,85,50,0,87,12,280.0,0.0
6,37,2200,80,48,1,85,10,250.0,217.72496712433633
6,29,1600,80,40,0,79,5,80.0,0.0
6,38,1700,80,36,1,67,16,218.0,147.23335667075332
6,22,2300,80,37,0,85,14,264.0,0.0
6,39,2900,80,37,1,115,39,514.0,609.8481957155303
6,24,2900,80,48,1,115,16,366.0,528.4802712004804
6,23,2600,80,37,0,101,17,444.0,0.0
6,32,1900,80,35,1,79,20,238.0,214.69214744682645
6,35,2400,80,40,0,133,24,454.0,0.0
6,28,2400,80,42,0,125,15,374.0,0.0
6,35,1600,80,47,1,65,9,162.0,111.2107070461892
6,38,2800,80,47,0,153,22,544.0,0.0
6,38,1600,80,36,0,31,5,80.0,0.0
6,22,3000,80,42,1,81,22,378.0,382.7779191079331
6,31,2500,80,36,0,139,20,482.0,0.0
6,23,2800,80,40,1,75,18,250.0,183.68567529152995
6,40,1600,80,35,1,63,12,172.0,140.02874117518692
6,28,3000,80,47,1,113,18,400.0,301.62118646419333
6,32,3000,80,45,0,219,17,578.0,0.0
6,26,2200,80,41,0,101,11,216.0,0.0
6,40,1900,80,49,1,75,16,216.0,169.71646474507344
6,23,2300,80,37,0,107,13,242.0,0.0
6,38,2000,80,40,0,139,19,460.0,0.0
6,33,2400,80,41,0,185,23,588.0,0.0
6,29,2700,80,48,0,143,9,342.0,0.0
6,35,1800,80,50,1,95,8,208.0,160.11753531008577
6,21,2700,80,49,1,139,10,268.0,82.83968781235355
6,29,2000,80,47,1,75,8,256.0,139.00779658828807
6,31,1800,80,46,1,77,13,232.0,187.13238846687423
6,20,2800,80,36,0,163,16,458.0,0.0
6,20,2100,80,36,0,65,10,180.0,0.0
6,20,2300,80,37,1,79,18,312.0,193.05725275591197
6,23,2900,80,44,0,167,20,598.0,0.0
6,38,3000,80,36,1,103,38,462.0,519.9678669699397
6,24,2600,80,40,0,93,10,216.0,0.0
6,34,1800,80,44,1,95,8,174.0,135.97664717686655
6,34,2400,80,41,0,163,19,416.0,0.0
6,26,1700,80,38,0,81,10,208.0,0.0
6,40,2000,80,39,1,145,24,386.0,552.2384700663644
6,24,1600,80,44,1,107,11,150.0,240.69117549671026
6,28,1900,80,44,0,111,10,206.0,0.0
6,32,2300,80,49,1,153,10,318.0,166.2165835401983
6,32,2000,80,39,0,77,13,298.0,0.0
6,21,2800,80,37,1,101,21,426.0,392.1377499834404
6,40,2100,80,41,1,71,11,216.0,123.72163221466914
6,32,1900,80,42,0,123,11,264.0,0.0
6,20,2100,80,43,1,69,6,146.0,104.90927720365917
6,34,2400,80,37,0,141,25,522.0,0.0
6,32,3000,80,40,1,129,28,526.0,483.2523345566939
6,31,1800,80,50,1,85,10,112.0,255.9001102869396
6,26,2300,80,50,0,125,10,296.0,0.0
6,39,2400,80,41,1,89,25,394.0,382.20567513271175
6,20,2400,80,47,0,121,8,242.0,0.0
6,37,1600,80,46,0,77,6,134.0,0.0
6,20,1700,80,36,0,47,7,132.0,0.0
6,34,1600,80,41,1,89,6,122.0,138.34847362248948
6,37,1700,80,40,1,69,11,104.0,139.16404733840605
6,24,2100,80,47,1,121,7,196.0,86.28628813828718
6,21,1500,80,50,0,51,3,78.0,0.0
6,25,2300,80,46,0,89,12,264.0,0.0
6,34,2900,80,48,1,147,24,482.0,508.82295821628117
6,30,2200,80,35,1,85,24,372.0,333.6199069751274
6,23,1600,80,37,0,45,3,62.0,0.0
6,32,1800,80,40,1,75,14,188.0,216.92269382832498
6,39,1800,80,48,0,89,7,158.0,0.0
6,35,2300,80,46,0,115,13,338.0,0.0
6,33,2700,80,41,1,135,24,550.0,324.83458520044155
6,33,2500,80,45,0,139,17,458.0,0.0
6,35,1600,80,36,1,67,12,148.0,101.99282480055206
6,32,2200,80,43,1,109,14,208.0,206.55964595910703
6,33,2100,80,47,0,77,7,144.0,0.0
6,23,1700,80,49,1,41,4,42.0,51.17484494311047
6,20,2200,80,46,0,97,6,182.0,0.0
6,33,1500,80,50,1,25,2,26.0,28.584252891956503
6,34,2900,80,47,0,111,13,420.0,0.0
6,27,2300,80,39,1,101,15,266.0,328.4814088422569
6,22,2000,80,40,1,73,10,232.0,172.99340025577845
6,24,2600,80,47,0,147,9,384.0,0.0
6,26,2700,80,46,0,143,16,328.0,0.0
6,34,1500,80,49,1,45,7,102.0,65.22024894143817
6,28,2600,80,47,0,117,14,368.0,0.0
6,20,2300,80,41,0,167,12,326.0,0.0
6,31,1900,80,36,0,107,17,312.0,0.0
6,35,2000,80,44,0,67,11,216.0,0.0
6,30,2300,80,46,1,73,12,132.0,161.9282705415975
6,35,2200,80,44,1,99,12,214.0,239.44180770995814
6,37,1500,80,49,0,129,6,130.0,0.0
6,36,2400,80,41,1,185,25,542.0,479.624644631234
6,32,1600,80,35,1,69,15,170.0,141.04814596189416
6,26,2600,80,37,1,117,20,378.0,392.98461237939176
6,32,1600,80,38,1,73,8,176.0,126.60312932278205
6,23,1500,80,42,0,41,7,108.0,0.0
6,30,2000,80,43,1,69,12,166.0,178.4305508267609
6,38,2900,80,38,0,213,28,666.0,0.0
6,29,2100,80,44,0,79,9,200.0,0.0
6,32,2200,80,43,0,73,7,196.0,0.0
6,26,1700,80,41,0,29,5,86.0,0.0
6,22,2000,80,43,1,55,6,130.0,106.74024644697461
6,34,1600,75,47,1,89,6,90.0,129.65562150886822
6,20,1900,75,37,1,43,6,94.0,62.949144042632
6,34,2200,75,50,1,61,7,132.0,177.818187079866
6,24,1800,75,50,1,81,4,82.0,66.29465822432677
6,29,3000,75,49,0,117,19,428.0,0.0
6,30,1600,75,45,0,59,5,88.0,0.0
6,30,2700,75,47,0,197,16,534.0,0.0
6,26,1700,75,42,0,63,7,132.0,0.0
6,33,2200,75,46,1,73,14,254.0,236.3066138209169
6,21,2100,75,46,1,65,5,138.0,52.6540287403012
6,30,2600,75,38,1,109,26,414.0,556.3646054673973
6,25,3000,75,48,1,129,19,462.0,359.3738841958296
6,27,1900,75,46,0,35,4,108.0,0.0
6,31,2800,75,42,0,219,21,638.0,0.0
6,28,3000,75,47,0,209,16,470.0,0.0
6,26,2100,75,35,0,113,14,286.0,0.0
6,21,2600,75,36,0,81,18,344.0,0.0
6,26,1900,75,43,0,69,8,146.0,0.0
6,20,2300,75,44,1,55,10,174.0,165.61030456170798
6,27,1600,75,37,1,73,9,122.0,109.08710759031868
6,31,2200,75,43,1,77,16,260.0,365.87681672544835
6,24,2300,75,50,0,73,6,154.0,0.0
6,32,2800,75,36,0,207,29,570.0,0.0
6,23,1700,75,38,1,29,7,116.0,82.45924624845577
6,31,2000,75,39,1,73,13,240.0,290.7960383901183
6,23,1700,75,48,0,33,3,100.0,0.0
6,40,2800,75,39,1,125,37,568.0,581.8368970362645
6,35,2700,75,50,1,77,16,332.0,392.7488809431856
6,30,1600,75,47,0,83,7,134.0,0.0
6,40,2200,75,42,0,119,14,352.0,0.0
6,31,3000,75,44,0,165,23,588.0,0.0
6,25,1500,75,48,1,27,2,46.0,73.33486655966016
6,27,1900,75,50,1,37,6,146.0,159.5313524465924
6,20,2000,75,49,1,65,8,94.0,89.85195302149806
6,36,1700,75,38,0,73,10,180.0,0.0
6,35,1500,75,44,0,45,5,96.0,0.0
6,25,2200,75,36,1,63,12,238.0,186.27724209971277
6,20,2100,75,38,0,111,11,270.0,0.0
6,30,2600,75,42,1,119,25,502.0,470.35652925804516
6,32,1600,75,48,1,57,10,116.0,280.71629601644554
6,36,1800,75,49,0,133,8,204.0,0.0
6,23,2200,75,37,0,127,12,292.0,0.0
6,33,2300,75,46,1,133,13,286.0,200.2348098780218
6,24,2600,75,37,1,95,17,320.0,280.92068283661587
6,33,1900,75,42,1,77,11,214.0,165.87198662788353
6,40,2300,75,44,0,177,21,466.0,0.0
6,29,2300,75,48,0,85,11,244.0,0.0
6,33,1800,75,40,0,69,12,188.0,0.0
6,29,3000,75,45,1,143,25,466.0,547.3900865047616
6,38,2100,75,50,0,65,5,106.0,0.0
6,32,2600,75,50,0,141,13,376.0,0.0
6,25,1800,75,37,1,63,10,132.0,161.85283118834153
6,38,2300,75,45,1,101,16,312.0,314.91392759566315
6,40,3000,75,48,0,169,28,634.0,0.0
6,32,2000,75,36,0,99,17,362.0,0.0
6,21,1800,75,40,1,35,5,118.0,53.01430983308556
6,40,2200,75,38,0,203,24,496.0,0.0
6,32,2700,75,40,1,97,20,438.0,392.1606295535326
6,21,1900,75,47,1,109,6,160.0,30.601126159491542
6,40,2100,75,40,1,141,14,238.0,145.62187888626877
6,28,2200,75,46,0,197,9,310.0,0.0
6,26,2400,75,37,1,63,19,256.0,285.9582824849831
6,24,2400,75,38,0,123,13,328.0,0.0
6,36,2400,75,38,0,133,18,496.0,0.0
6,26,2800,75,47,0,103,16,422.0,0.0
6,26,2000,75,48,1,99,6,160.0,163.50369293074738
6,24,1900,75,49,0,37,6,100.0,0.0
6,39,1600,75,47,1,29,5,80.0,86.46749440707427
6,23,2200,75,40,0,73,9,194.0,0.0
6,27,2000,75,41,1,67,8,200.0,169.3623704377801
6,26,2900,75,42,1,127,21,432.0,321.26728019293284
6,25,1500,75,48,0,39,3,68.0,0.0
6,33,2800,75,47,1,147,27,382.0,321.52176939463794
6,33,1700,75,41,1,59,13,190.0,291.25853915016677
6,34,2100,75,43,0,77,10,236.0,0.0
6,39,2700,75,36,0,151,30,630.0,0.0
6,39,2400,75,41,0,161,17,432.0,0.0
6,40,2800,75,41,0,149,27,560.0,0.0
6,36,2900,75,41,0,149,25,646.0,0.0
6,33,2000,75,50,1,69,5,94.0,143.81114392338907
6,21,2900,75,47,1,87,15,256.0,277.50297306423045
6,34,2700,75,49,1,97,16,328.0,245.2640011540182
6,21,1900,75,47,1,55,7,174.0,108.67763999971054
6,27,2200,75,36,1,71,13,208.0,195.27575609862404
6,39,3000,75,40,1,163,38,578.0,655.8549872388521
6,22,2000,75,43,0,73,5,112.0,0.0
6,38,1900,75,49,0,97,10,212.0,0.0
6,30,2700,75,37,0,213,23,498.0,0.0
6,37,3000,75,48,0,169,27,666.0,0.0
6,36,2200,75,35,0,123,23,450.0,0.0
6,32,2100,75,36,1,71,15,190.0,135.62990501101663
6,39,2700,75,38,1,139,34,548.0,500.0206644975549
6,40,2900,75,35,1,109,28,426.0,443.72447845198855
6,22,1700,75,36,0,79,5,102.0,0.0
6,32,1500,75,41,1,51,6,124.0,106.12845449118076
6,37,2400,75,45,0,135,16,424.0,0.0
6,30,1600,70,40,1,45,6,84.0,81.50911390245267
6,31,2100,75,43,0,121,14,310.0,0.0
6,33,1700,70,42,1,67,7,162.0,155.00979800727345
6,26,2800,75,50,1,91,14,296.0,305.19045570299033
6,33,2600,75,49,1,79,10,230.0,199.84299774324037
6,32,1700,70,47,0,59,4,118.0,0.0
6,23,2000,75,42,0,57,7,160.0,0.0
6,32,1900,70,36,0,99,12,234.0,0.0
6,30,1500,70,39,0,59,4,112.0,0.0
6,40,1800,70,44,0,103,11,234.0,0.0
6,23,1600,70,48,1,45,6,102.0,211.04041857391132
6,36,2700,70,42,1,143,19,424.0,302.21761295340957
6,34,2600,70,36,1,75,32,418.0,496.16549057400016
6,27,1600,70,47,0,7,1,8.0,0.0
6,36,2600,70,35,1,129,31,536.0,414.08709663422985
6,28,2200,70,39,1,69,17,194.0,296.9242939419056
6,22,2800,70,40,1,109,17,322.0,228.37577904206967
6,32,2600,70,39,0,185,20,454.0,0.0
6,24,2500,70,42,1,95,14,328.0,237.76906742279726
6,20,1700,70,49,0,9,1,10.0,0.0
6,36,2800,70,37,0,149,26,634.0,0.0
6,28,1700,70,41,0,25,4,50.0,0.0
6,39,1600,70,37,0,51,10,150.0,0.0
6,31,1500,70,36,0,85,6,86.0,0.0
6,40,2500,70,40,1,145,33,548.0,532.4071804819339
6,33,2400,70,40,0,211,20,536.0,0.0
6,40,1900,70,49,1,63,11,218.0,89.76802349670886
6,20,1500,70,48,1,55,3,66.0,127.70105893968892
6,20,1500,70,40,1,29,3,60.0,57.89257722516398
6,22,1600,70,35,0,57,8,168.0,0.0
6,26,1800,70,37,0,93,9,188.0,0.0
6,28,1800,70,35,0,65,13,198.0,0.0
6,26,2600,70,35,1,87,25,336.0,352.4213973391053
6,36,2500,70,45,1,123,22,310.0,461.7084145995365
6,34,1900,70,39,1,99,8,140.0,167.3465204406665
6,40,2600,70,49,0,145,15,486.0,0.0
6,31,2500,70,36,0,189,17,404.0,0.0
6,28,1500,70,45,1,29,2,38.0,50.4030855434001
6,39,1800,70,39,0,91,11,248.0,0.0
6,37,2700,70,43,1,103,24,438.0,470.74150876124327
6,38,1600,70,48,1,85,8,168.0,186.12197401694482
6,38,2200,70,43,1,101,18,336.0,304.4227860189886
6,24,2700,70,48,0,153,11,286.0,0.0
6,25,1800,70,38,1,99,9,224.0,62.19281087278574
6,27,1700,70,45,1,27,3,48.0,33.10210612453631
6,28,1800,70,48,0,35,3,78.0,0.0
6,33,2700,70,47,0,137,18,524.0,0.0
6,22,1900,70,49,0,99,6,124.0,0.0
6,28,1700,70,50,0,89,5,120.0,0.0
6,36,2000,70,49,1,121,12,278.0,223.86369990257455
6,40,1900,70,37,0,75,10,182.0,0.0
6,21,2300,70,39,1,125,12,218.0,244.64492837312932
6,36,2900,70,40,1,125,32,542.0,395.8347853689534
6,22,2300,70,47,1,89,8,198.0,112.3561672707311
6,40,2900,70,38,0,167,34,886.0,0.0
6,35,2700,70,41,0,189,19,540.0,0.0
6,30,1900,70,37,1,89,15,244.0,191.71542596554423
6,25,1800,70,37,0,57,7,126.0,0.0
6,25,1900,70,35,1,57,10,132.0,92.29313528588074
6,29,2100,70,41,0,93,7,200.0,0.0
6,23,1700,70,45,1,81,4,82.0,77.37897958779978
6,38,2000,70,44,1,61,12,178.0,298.30406305725836
6,29,1600,70,46,0,63,7,152.0,0.0
6,29,2900,70,45,1,163,20,550.0,407.6164736634861
6,23,1700,70,44,0,45,4,94.0,0.0
6,20,2600,70,47,0,141,9,282.0,0.0
6,26,3000,70,45,1,131,18,382.0,371.1980303326349
6,37,1600,70,36,1,69,7,102.0,43.63545145047771
6,31,2900,70,38,1,119,30,422.0,496.6377415018783
6,23,2900,70,43,0,137,16,386.0,0.0
6,20,2200,70,50,1,65,7,66.0,148.07723594711453
6,39,1600,70,49,0,111,8,172.0,0.0
6,29,2800,70,48,0,203,16,444.0,0.0
6,26,2300,70,48,0,121,12,206.0,0.0
6,24,2600,70,41,1,149,17,430.0,469.30530273614687
6,28,2800,70,37,0,163,25,500.0,0.0
6,38,1900,70,44,0,89,9,196.0,0.0
6,25,2600,70,48,1,113,12,194.0,246.82257394028423
6,30,2000,70,48,0,65,7,204.0,0.0
6,35,2300,70,38,1,117,22,412.0,300.627070276809
6,38,2000,70,44,1,71,12,232.0,273.6751549724863
6,38,2000,70,41,1,103,11,274.0,225.98874352291264
6,34,1800,70,35,1,99,9,190.0,79.16366035269998
6,40,1900,70,38,0,61,10,132.0,0.0
6,28,2500,70,42,0,81,10,246.0,0.0
6,30,2500,70,43,1,107,18,334.0,353.254185128899
6,40,2100,70,49,0,87,12,230.0,0.0
6,20,2600,70,49,0,99,8,312.0,0.0
6,37,2300,70,42,1,83,16,284.0,311.829699916712
6,30,1900,70,38,1,117,15,280.0,215.55485662557547
6,29,2800,70,41,1,113,22,474.0,569.608156377587
6,22,1800,70,46,1,87,6,88.0,84.07947362238616
6,23,1900,70,43,0,69,6,136.0,0.0
6,22,2200,70,44,0,99,10,178.0,0.0
6,32,1800,70,40,0,57,8,194.0,0.0
6,22,1500,70,43,0,27,2,54.0,0.0
6,38,2400,70,42,1,83,22,376.0,270.3467547502389
6,32,1500,70,40,0,79,5,106.0,0.0
6,31,1800,70,49,0,61,8,162.0,0.0
6,37,2900,70,44,0,159,22,736.0,0.0
6,21,2900,70,47,1,105,15,330.0,271.17483532432243
6,33,3000,70,50,1,105,22,496.0,604.1263521944422
6,26,2700,70,45,0,65,10,254.0,0.0
6,31,2500,70,42,1,65,17,314.0,255.0405511052687
6,21,2700,65,35,1,103,14,340.0,160.96925299499676
6,21,1600,65,43,0,29,4,82.0,0.0
6,30,2700,65,44,1,93,21,326.0,312.21383673147125
6,22,2200,65,49,0,41,4,92.0,0.0
6,22,2200,65,50,1,63,5,102.0,98.53556837128632
6,32,1600,65,50,0,113,4,114.0,0.0
6,29,2800,65,37,1,107,20,402.0,312.4997802629763
6,33,1900,65,37,0,85,12,252.0,0.0
6,20,1800,65,41,0,69,8,164.0,0.0
6,35,2200,65,36,1,165,18,424.0,200.78591186577162
6,37,2500,65,38,1,125,30,494.0,521.9050377648518
6,25,2200,65,47,1,57,7,104.0,111.82280912272371
6,27,3000,65,50,0,149,11,364.0,0.0
6,20,2300,65,46,0,43,7,128.0,0.0
6,31,2800,65,36,1,85,25,370.0,271.93706708622256
6,32,2400,65,38,0,121,22,420.0,0.0
6,32,2900,65,40,1,85,30,398.0,470.51744315972877
6,40,2200,65,39,0,233,21,488.0,0.0
6,31,2500,65,46,1,93,21,314.0,373.4341195266517
6,33,1900,65,38,1,67,8,192.0,82.03096619430697
6,22,1900,65,49,0,97,7,170.0,0.0
6,39,1800,65,40,1,55,12,156.0,103.32021999512145
6,31,2700,65,41,0,149,19,472.0,0.0
6,28,2000,65,41,1,113,12,202.0,136.09248829577174
6,26,1900,65,46,0,73,7,112.0,0.0
6,36,1600,65,43,1,53,6,106.0,122.54296371804078
6,36,2300,65,49,0,125,14,402.0,0.0
6,26,2500,65,50,0,85,8,250.0,0.0
6,32,1600,65,35,0,59,10,164.0,0.0
6,28,2200,65,37,0,113,16,306.0,0.0
6,30,3000,65,43,1,103,28,464.0,773.8233908738539
6,32,1600,65,48,1,81,6,114.0,150.47992488131476
6,38,2100,65,42,0,191,15,362.0,0.0
6,33,2300,65,37,1,157,22,418.0,381.7387358585804
6,34,2800,65,49,1,101,18,430.0,319.0120456736206
6,32,2400,65,39,0,139,18,384.0,0.0
6,22,2200,65,45,0,123,8,200.0,0.0
6,37,2500,65,42,0,191,25,648.0,0.0
6,27,1800,65,37,1,53,5,140.0,69.36220627449421
6,20,2800,65,45,1,101,12,280.0,257.833414570973
6,38,1500,65,49,0,69,5,70.0,0.0
6,23,1900,65,45,1,47,3,48.0,80.69946715318531
6,21,2800,65,50,1,237,15,436.0,243.91969640203206
6,28,1800,65,36,1,65,7,124.0,67.24287248871002
6,39,3000,65,43,1,107,36,458.0,735.6089172781154
6,26,2400,65,40,0,117,10,206.0,0.0
6,26,2600,65,44,0,197,14,370.0,0.0
6,32,2600,65,48,0,91,11,318.0,0.0
6,37,1600,65,40,1,123,13,226.0,146.57267648337526
6,21,2800,65,50,0,103,8,200.0,0.0
6,37,2700,65,36,1,129,36,470.0,510.985157328123
6,37,2800,65,43,0,263,28,672.0,0.0
6,20,2000,65,45,0,33,3,34.0,0.0
6,40,2500,65,48,1,149,14,376.0,368.05496958346106
6,25,2600,65,35,1,103,24,370.0,296.49980609556906
6,39,2200,65,49,1,79,15,296.0,181.27703846328356
6,35,2100,65,36,0,113,16,398.0,0.0
6,38,2100,65,49,0,117,9,188.0,0.0
6,27,2800,65,38,0,111,17,396.0,0.0
6,21,1600,65,45,1,43,4,74.0,89.02639860930665
6,37,2300,65,42,1,77,18,236.0,277.6495047568298
6,20,2400,65,47,0,77,6,192.0,0.0
6,21,1900,65,48,1,55,5,116.0,70.28998919761298
6,40,2300,65,48,1,85,15,280.0,357.5898797849105
6,37,2200,65,39,0,117,10,254.0,0.0
6,33,2000,65,37,0,111,14,330.0,0.0
6,38,1900,65,39,1,85,17,282.0,406.9114636140626
6,32,2300,65,35,1,95,24,372.0,232.62692123063394
6,36,1700,65,35,0,61,12,228.0,0.0
6,37,2700,65,39,1,149,33,592.0,725.1539579087766
6,24,2100,65,40,0,71,8,174.0,0.0
6,28,1700,65,48,0,113,6,114.0,0.0
6,40,2900,65,35,0,217,36,746.0,0.0
6,31,1900,65,44,1,85,7,122.0,169.94832970244303
6,29,1700,65,37,0,57,9,148.0,0.0
6,28,2800,65,42,1,153,20,360.0,313.46188417167673
6,35,1900,65,40,1,69,8,186.0,108.87776373735136
6,23,2400,65,41,1,67,15,308.0,235.8568969251136
6,30,1700,65,44,0,67,5,102.0,0.0
6,30,2800,65,46,0,97,15,366.0,0.0
6,34,2700,65,46,1,145,17,464.0,303.4643251450621
6,23,2700,65,39,0,143,18,440.0,0.0
6,28,2400,65,37,1,69,21,270.0,259.2850678093636
6,33,2800,65,40,0,147,25,540.0,0.0
6,30,2300,65,41,0,89,13,242.0,0.0
6,20,2500,65,48,1,73,10,216.0,240.80648184443552
6,29,2900,65,43,1,157,17,454.0,268.9199689371758
6,25,1800,65,43,1,35,4,126.0,61.32077675274516
6,20,1700,65,36,0,55,7,102.0,0.0
6,24,2000,65,35,1,41,7,136.0,99.24824044929046
6,31,1700,65,40,0,61,4,80.0,0.0
6,31,2100,65,43,0,69,8,146.0,0.0
6,37,2600,65,50,1,103,20,362.0,626.2329958115585
6,25,1500,65,35,0,51,5,60.0,0.0
6,38,2600,65,44,0,99,14,350.0,0.0
6,36,2100,65,46,1,83,7,156.0,126.00431154201944
6,34,1500,65,37,0,71,8,122.0,0.0
6,29,2100,65,35,0,123,17,390.0,0.0
6,22,2700,60,37,0,93,13,334.0,0.0
6,25,2300,60,42,1,81,17,340.0,290.055033006769
6,25,2900,65,48,1,111,12,346.0,279.43918882741474
6,22,2400,65,50,1,73,10,192.0,204.0178460142822
6,28,2800,60,40,1,111,20,418.0,263.77691034906957
6,30,1700,60,39,0,63,9,118.0,0.0
6,25,1800,60,36,0,89,10,156.0,0.0
6,37,2000,60,42,0,69,9,134.0,0.0
6,32,2700,60,46,1,101,15,484.0,280.6466315926348
6,36,2600,60,44,1,111,17,262.0,332.5503347592261
6,23,2500,60,48,1,91,11,300.0,323.966168677961
6,37,2300,60,40,1,115,17,280.0,211.2562514818782
6,24,2600,60,48,0,149,9,294.0,0.0
6,39,2000,60,39,1,69,14,204.0,354.41484126139255
6,25,1900,60,35,0,37,3,102.0,0.0
6,37,3000,60,40,1,159,34,562.0,600.0801910790689
6,25,3000,60,42,0,151,17,540.0,0.0
6,30,2500,60,49,0,127,12,254.0,0.0
6,31,2800,60,42,1,141,21,560.0,346.9859800708674
6,25,1600,60,50,0,51,6,100.0,0.0
6,34,2500,60,37,1,91,27,428.0,378.6953235110274
6,21,2000,60,40,1,43,8,86.0,89.72849347383584
6,36,1900,60,40,1,77,13,254.0,174.4237108238901
6,39,2600,60,40,0,143,17,462.0,0.0
6,34,1800,60,48,1,47,6,82.0,139.7755738834329
6,20,1900,60,38,0,63,7,148.0,0.0
6,40,2200,60,48,0,35,3,68.0,0.0
6,26,2200,60,38,1,121,16,292.0,298.2532092974724
6,36,2400,60,38,0,173,15,398.0,0.0
6,27,1900,60,45,0,35,3,58.0,0.0
6,25,2700,60,44,0,75,9,228.0,0.0
6,25,1700,60,41,1,65,7,66.0,130.91845246838204
6,29,1600,60,41,1,77,8,146.0,129.23220804925572
6,40,2600,60,40,0,139,23,510.0,0.0
6,35,2600,60,38,1,131,21,450.0,321.40510825075347
6,21,2200,60,37,1,85,10,228.0,90.36009782585353
6,31,1800,60,46,0,71,7,108.0,0.0
6,28,1900,60,45,1,71,9,130.0,178.54841220842985
6,35,2100,60,45,1,99,11,250.0,145.99768298678615
6,39,1500,60,42,0,165,14,340.0,0.0
6,20,2000,60,38,0,39,7,144.0,0.0
6,20,2800,60,42,0,97,10,326.0,0.0
6,20,2700,60,40,1,99,13,338.0,121.42176667932561
6,34,2500,60,39,0,139,22,506.0,0.0
6,38,2300,60,46,1,65,15,258.0,212.81846171253773
6,31,1500,60,48,0,0,0,0.0,0.0
6,29,2000,60,48,1,47,5,48.0,89.51840531922241
6,30,2100,60,48,1,71,5,112.0,119.88893261012447
6,30,2400,60,46,0,141,13,412.0,0.0
6,24,2900,60,43,1,111,14,290.0,186.22117399331623
6,40,1900,60,45,0,95,7,184.0,0.0
6,27,2100,60,44,1,77,8,190.0,215.6822702651481
6,36,1500,60,42,0,25,3,50.0,0.0
6,26,2900,60,49,0,103,12,356.0,0.0
6,35,1700,60,39,1,67,11,228.0,235.33155133057008
6,24,2800,60,37,0,97,20,444.0,0.0
6,39,2000,60,36,0,111,18,354.0,0.0
6,21,3000,60,39,0,161,17,546.0,0.0
6,35,2600,60,41,1,87,18,234.0,252.24361583242347
6,33,1800,60,44,1,71,8,138.0,200.19136060010317
6,22,2700,60,42,1,149,16,466.0,224.9303986670066
6,22,2400,60,40,0,113,12,274.0,0.0
6,20,1900,60,43,1,109,7,170.0,104.31503774594732
6,30,1800,60,38,0,69,15,230.0,0.0
6,25,1800,60,40,1,35,6,138.0,122.38710077479054
6,22,1600,60,39,0,61,3,94.0,0.0
6,24,2000,60,44,1,61,4,62.0,85.67274391621369
6,24,1800,60,47,0,43,5,110.0,0.0
6,31,1800,60,37,1,101,15,204.0,203.6158124830271
6,37,2300,60,50,0,123,5,200.0,0.0
6,36,3000,60,47,1,167,21,486.0,377.597973682949
6,25,2200,60,37,1,115,12,316.0,190.29621851200307
6,22,2900,60,43,0,161,18,546.0,0.0
6,25,1500,60,49,1,47,6,90.0,78.05389352407592
6,37,1800,60,49,0,131,9,232.0,0.0
6,25,1800,60,48,1,31,2,50.0,80.46308787767897
6,27,1800,60,43,0,25,1,26.0,0.0
6,30,2500,60,35,1,95,20,290.0,215.61941065856223
6,28,1700,60,37,1,35,5,68.0,63.55160189010533
6,27,2200,60,43,1,73,6,154.0,82.44279553424626
6,36,1700,60,41,0,63,4,132.0,0.0
6,30,2700,60,42,0,263,18,458.0,0.0
6,22,2200,60,45,0,43,10,204.0,0.0
6,40,2600,60,41,0,179,22,610.0,0.0
6,35,2200,60,38,1,121,15,358.0,214.30515506851242
6,20,2000,60,40,0,67,7,106.0,0.0
6,38,1500,60,39,0,67,6,122.0,0.0
6,40,2700,60,41,1,145,19,498.0,353.6254444302846
6,24,2000,60,47,0,37,4,100.0,0.0
6,29,2600,60,48,1,89,8,266.0,231.31532847658218
6,30,1700,60,45,1,35,6,80.0,96.17255133206142
6,35,2000,60,36,0,111,10,228.0,0.0
6,27,1500,60,42,0,25,3,48.0,0.0
6,39,1500,60,44,1,55,6,114.0,190.46350708687694
6,37,1500,60,50,0,75,7,104.0,0.0
6,21,3000,60,46,1,105,13,262.0,145.33460611567185
6,34,1800,60,49,1,31,4,90.0,50.8651056654417
6,35,2400,60,42,0,131,12,344.0,0.0
6,27,2300,55,37,1,119,20,312.0,320.78969316870905
6,37,2400,60,36,0,183,21,540.0,0.0
6,22,2000,60,42,0,73,10,202.0,0.0
6,39,2300,60,43,1,133,17,422.0,350.83919458406257
6,40,1700,60,44,1,57,4,86.0,136.65727286006967
6,26,1600,55,35,0,61,9,146.0,0.0
6,36,2900,55,48,1,111,19,448.0,499.734750839253
6,20,2700,55,35,0,151,13,436.0,0.0
6,25,2900,55,35,0,163,24,516.0,0.0
6,24,1900,55,37,0,71,10,250.0,0.0
6,25,1900,55,44,0,35,5,102.0,0.0
6,40,3000,55,49,1,185,34,640.0,511.8286324575696
6,20,2200,55,47,1,51,6,114.0,97.79760247273678
6,22,3000,55,49,1,107,15,384.0,244.92989308950402
6,28,2200,55,35,1,119,15,362.0,186.86805822138194
6,26,2400,55,37,1,63,8,154.0,88.75687213600878
6,32,2300,55,46,1,107,6,108.0,135.14280504378448
6,34,2400,55,48,0,91,14,286.0,0.0
6,20,2500,55,47,0,67,6,152.0,0.0
6,23,2400,55,40,0,93,6,138.0,0.0
6,27,2300,55,49,1,97,9,194.0,138.50156095292883
6,20,1700,55,35,1,61,7,124.0,31.631979231336285
6,30,2000,55,41,0,75,10,228.0,0.0
6,39,2200,55,48,0,71,6,150.0,0.0
6,40,1700,55,46,0,33,6,70.0,0.0
6,34,2000,55,46,1,71,9,144.0,151.6345582945894
6,30,2900,55,37,1,143,26,556.0,448.83742567265705
6,29,2200,55,47,1,43,8,124.0,81.29752954808926
6,32,2100,55,50,0,117,3,118.0,0.0
6,38,2700,55,39,0,199,20,418.0,0.0
6,22,1800,55,35,0,85,7,152.0,0.0
6,22,1800,55,35,0,65,7,166.0,0.0
6,31,1700,55,43,0,93,7,128.0,0.0
6,23,2300,55,48,1,85,7,172.0,164.69986113412565
6,24,2600,55,50,1,97,6,204.0,125.76189880020773
6,27,2900,55,45,1,85,15,326.0,333.2014674503656
6,30,2100,55,44,1,61,9,224.0,222.28939460255512
6,30,1500,55,37,1,55,10,108.0,115.36160478868972
6,31,2000,55,38,0,91,8,160.0,0.0
6,31,2000,55,43,1,47,8,180.0,144.70044652351433
6,34,2800,55,42,0,153,15,348.0,0.0
6,26,2500,55,48,0,193,10,324.0,0.0
6,25,2800,55,45,0,203,15,424.0,0.0
6,39,2900,55,36,1,179,37,628.0,514.7415969796118
6,39,2400,55,43,1,111,8,224.0,159.49250300863412
6,26,2400,55,35,0,93,16,304.0,0.0
6,34,2600,55,40,0,133,14,404.0,0.0
6,31,1700,55,43,1,61,5,92.0,76.48305452103241
6,37,2000,55,43,1,105,9,198.0,126.88331599890064
6,37,1700,55,47,0,95,7,154.0,0.0
6,21,2400,55,41,0,117,7,256.0,0.0
6,34,2500,55,47,1,129,19,348.0,368.42566802954684
6,31,2600,55,37,0,127,23,526.0,0.0
6,39,1900,55,38,1,53,10,104.0,185.15445452961814
6,30,1900,55,41,0,125,6,148.0,0.0
6,33,1700,55,43,0,57,6,114.0,0.0
6,20,2800,55,40,1,107,13,250.0,193.5179083156858
6,21,2200,55,46,1,81,3,116.0,21.558764417815823
6,31,1600,55,50,1,43,4,70.0,28.68857425242649
6,25,2200,55,43,0,87,4,132.0,0.0
6,40,2400,55,35,0,127,21,494.0,0.0
6,37,2000,55,39,1,73,7,194.0,149.50676183356808
6,34,2200,55,48,1,117,10,222.0,259.9284750099913
6,28,2600,55,44,0,185,12,320.0,0.0
6,24,1600,55,48,0,41,2,42.0,0.0
6,32,3000,55,37,0,167,26,638.0,0.0
6,26,2300,55,48,1,33,3,34.0,38.417722169449306
6,27,1500,55,48,1,0,0,0.0,0.0
6,30,1800,55,36,0,89,7,170.0,0.0
6,23,2400,55,49,1,127,11,248.0,144.54529344217835
6,31,2800,55,39,1,217,21,518.0,440.74444578675576
6,20,2500,55,39,1,91,10,254.0,277.6363033640944
6,29,2800,55,40,1,143,21,418.0,297.76951385550416
6,26,2700,55,46,1,97,16,274.0,266.58563826558225
6,24,2500,55,50,0,113,6,214.0,0.0
6,20,1800,55,37,0,35,8,164.0,0.0
6,24,2300,55,41,0,101,14,390.0,0.0
6,28,3000,55,36,1,117,26,382.0,337.70448154898986
6,33,1600,55,37,0,53,9,164.0,0.0
6,36,1700,55,45,1,47,5,64.0,148.56317229277082
6,36,2900,55,46,0,103,13,392.0,0.0
6,24,2300,55,50,1,39,2,54.0,26.086790836622406
6,40,1900,55,40,0,69,8,196.0,0.0
6,27,2400,55,42,0,47,9,210.0,0.0
6,34,2100,55,36,1,77,23,330.0,350.5899828317627
6,37,2300,55,37,1,119,24,382.0,415.82433991523476
6,37,2100,55,41,1,111,8,250.0,130.3698079252565
6,30,2100,55,39,1,115,11,198.0,204.83801209636638
6,32,2100,55,41,0,103,11,284.0,0.0
6,27,3000,55,40,0,119,21,596.0,0.0
6,23,2700,55,40,0,139,16,484.0,0.0
6,31,2300,55,38,0,133,15,288.0,0.0
6,26,1800,55,44,1,49,6,84.0,119.54015934473234
6,25,2100,55,38,1,61,10,142.0,103.52158489938192
6,20,2400,55,49,0,71,5,130.0,0.0
6,29,2800,55,47,1,109,12,360.0,240.26193099964127
6,24,3000,55,46,0,153,14,438.0,0.0
6,29,1800,55,49,0,125,7,162.0,0.0
6,25,2900,55,35,1,93,19,324.0,277.2059049702312
6,27,2200,55,44,1,43,1,44.0,11.37714835123947
6,35,1800,55,45,0,65,5,66.0,0.0
6,39,2300,55,46,1,117,17,338.0,355.2185886398517
6,28,2900,50,50,1,67,7,228.0,188.48404654224822
6,23,2400,55,49,0,133,8,218.0,0.0
6,32,2300,55,41,0,123,17,346.0,0.0
6,21,2300,50,46,0,33,3,66.0,0.0
6,31,1700,50,37,1,33,2,64.0,36.34490112111369
6,20,2200,50,39,1,37,4,98.0,113.79421956206873
6,31,2700,50,43,0,147,12,388.0,0.0
6,26,1900,50,44,1,75,5,146.0,118.53169329350817
6,25,2400,50,50,0,89,6,176.0,0.0
6,38,1600,50,37,1,59,11,178.0,140.84635436909704
6,33,1900,50,38,1,65,12,226.0,193.97284344596548
6,35,2400,50,39,0,155,13,384.0,0.0
6,34,1600,50,36,0,57,6,116.0,0.0
6,33,2100,50,47,1,33,3,64.0,40.83125429555024
6,30,2200,50,42,1,71,12,204.0,271.9520936512742
6,31,1900,50,45,0,71,6,92.0,0.0
6,35,1500,50,47,0,53,10,136.0,0.0
6,21,2600,50,50,0,87,8,224.0,0.0
6,35,1500,50,35,0,39,5,72.0,0.0
6,37,1500,50,39,0,23,3,38.0,0.0
6,30,2100,50,39,1,107,12,272.0,288.53939216407565
6,29,2700,50,40,1,91,17,298.0,231.32510794327018
6,36,2100,50,45,0,145,9,270.0,0.0
6,23,2300,50,36,1,83,16,210.0,249.25675057626185
6,35,2400,50,43,1,113,14,280.0,196.49490352531558
6,34,1500,50,35,0,53,7,80.0,0.0
6,20,1900,50,38,0,0,0,0.0,0.0
6,28,2300,50,40,0,65,5,106.0,0.0
6,26,2600,50,38,0,117,15,442.0,0.0
6,37,3000,50,41,1,147,27,518.0,527.7577600850556
6,37,2100,50,38,1,107,20,278.0,191.5333451651796
6,36,3000,50,50,1,157,18,412.0,406.2725237742687
6,26,1900,50,37,0,73,6,74.0,0.0
6,29,2400,50,40,0,223,19,476.0,0.0
6,24,2700,50,44,1,91,15,272.0,337.2158067722709
6,20,1500,50,44,1,35,2,36.0,70.28422263708478
6,34,1900,50,48,1,65,9,190.0,262.28451233046735
6,36,3000,50,42,1,95,30,492.0,503.9112219113494
6,39,1800,50,48,0,77,7,114.0,0.0
6,39,2600,50,41,1,109,16,358.0,314.01824723317185
6,31,2100,50,39,0,129,9,246.0,0.0
6,29,2400,50,45,1,85,7,174.0,234.45994418198882
6,32,2000,50,42,0,73,8,150.0,0.0
6,33,3000,50,45,0,105,20,344.0,0.0
6,39,2100,50,45,0,101,13,208.0,0.0
6,32,3000,50,45,1,133,16,328.0,353.9451277596688
6,36,3000,50,35,1,131,26,456.0,475.19860286963944
6,36,2800,50,42,1,59,11,228.0,168.8657067721864
6,35,2900,50,41,0,191,17,460.0,0.0
6,40,1700,50,47,0,53,5,88.0,0.0
6,32,1900,50,50,1,113,6,160.0,128.61301439948002
6,23,2600,50,35,1,97,21,346.0,266.0552759283275
6,33,1800,50,48,0,61,5,88.0,0.0
6,28,2900,50,37,0,113,15,338.0,0.0
6,32,2900,50,43,1,87,24,398.0,546.7163527482946
6,36,1700,50,35,0,91,10,170.0,0.0
6,29,2600,50,45,0,99,11,248.0,0.0
6,40,2000,50,50,1,63,11,160.0,309.1121450982785
6,28,2800,50,37,1,103,22,502.0,383.8051028229521
6,20,2000,50,50,0,57,7,124.0,0.0
6,29,2400,50,35,1,133,16,342.0,164.5434605690786
6,22,2000,50,38,0,107,10,242.0,0.0
6,22,2000,50,40,1,81,6,120.0,82.19847800054343
6,34,2500,50,46,0,121,12,346.0,0.0
6,36,2700,50,48,1,145,10,322.0,318.8739205708065
6,39,2600,50,48,1,139,9,326.0,249.05216468162567
6,25,2000,50,36,0,69,7,240.0,0.0
6,38,1500,50,50,0,83,8,104.0,0.0
6,35,1700,50,36,0,75,5,76.0,0.0
6,36,2400,50,37,1,103,14,312.0,205.90422054664384
6,23,2400,50,41,0,135,8,338.0,0.0
6,27,2900,50,41,1,153,17,496.0,340.1610178176186
6,34,1600,50,49,0,55,3,66.0,0.0
6,24,2200,50,38,1,79,5,160.0,87.25149964081787
6,35,1600,50,48,1,55,4,82.0,115.47101931975439
6,33,2400,50,35,1,93,18,270.0,202.70170202273175
6,32,2400,50,37,0,87,13,278.0,0.0
6,22,2000,50,41,0,71,5,118.0,0.0
6,29,2400,50,42,0,87,7,214.0,0.0
6,21,2000,50,44,0,65,5,106.0,0.0
6,38,2900,50,36,1,279,35,690.0,515.2973325619187
6,34,2000,50,41,1,95,14,260.0,325.15493592338436
6,20,2200,50,43,0,75,6,152.0,0.0
6,21,2900,50,45,0,101,7,210.0,0.0
6,34,2500,50,46,0,139,11,332.0,0.0
6,20,2800,50,48,1,107,8,208.0,273.4717170090669
6,27,1800,50,47,1,61,5,124.0,103.3640996734384
6,31,2500,50,47,1,141,10,238.0,105.39784956861105
6,38,2400,50,49,1,131,13,344.0,157.56476739568635
6,33,2200,50,38,1,41,6,184.0,85.68683978796828
6,27,1500,50,39,1,31,2,32.0,64.22179651679429
6,31,2100,50,38,0,83,9,236.0,0.0
6,20,2600,50,44,0,99,7,222.0,0.0
6,39,1500,50,42,0,55,8,122.0,0.0
6,39,2600,50,43,0,133,18,498.0,0.0
6,21,1700,50,43,1,51,4,84.0,50.33964872738257
6,33,1600,50,36,1,93,4,94.0,41.98844826459748
5,37,1900,90,45,1,73,15,280.0,306.20451167103454
6,34,2000,50,46,0,71,4,72.0,0.0
6,38,3000,50,43,1,115,20,452.0,355.7532086739033
6,31,2100,50,50,1,59,8,118.0,116.43863983323257
6,26,1600,50,44,0,55,4,56.0,0.0
6,28,1800,50,48,0,101,8,138.0,0.0
5,31,1900,90,49,0,105,9,206.0,0.0
5,26,2600,90,41,1,123,19,376.0,418.16260897705143
5,25,1800,90,43,0,67,10,184.0,0.0
5,24,1600,90,37,1,63,8,138.0,97.33104302476467
5,39,1900,90,39,0,131,17,316.0,0.0
5,31,1700,90,42,1,103,8,104.0,142.89557676110272
5,32,1800,90,45,0,101,8,138.0,0.0
5,39,2700,90,48,1,157,20,460.0,439.8072610054346
5,34,2600,90,50,0,95,10,362.0,0.0
5,30,2900,90,50,1,101,20,410.0,397.59000181469435
5,39,2200,90,35,1,113,31,426.0,315.92160452053287
5,36,3000,90,40,0,157,31,578.0,0.0
5,28,1800,90,43,1,67,6,138.0,118.39326198590153
5,20,2000,90,44,0,117,6,184.0,0.0
5,22,1500,90,44,1,35,4,62.0,99.79031484795937
5,29,2200,90,41,0,127,18,368.0,0.0
5,29,3000,90,42,1,179,24,566.0,442.92309620782646
5,34,2800,90,49,0,193,15,372.0,0.0
5,29,2600,90,40,1,91,20,284.0,333.4600316483144
5,27,2600,90,38,1,103,22,350.0,380.1844545150951
5,26,2800,90,40,1,103,23,366.0,248.9204849630179
5,34,1500,90,46,0,29,5,98.0,0.0
5,24,1500,90,48,0,55,5,110.0,0.0
5,22,2400,90,49,1,93,9,218.0,114.91765004844375
5,40,2500,90,49,0,181,15,452.0,0.0
5,32,3000,90,40,0,177,27,534.0,0.0
5,40,2600,90,37,1,103,36,362.0,562.8835811889153
5,25,2100,90,37,0,123,13,360.0,0.0
5,33,2900,90,43,1,131,30,454.0,564.2492151641173
5,28,1700,90,47,0,93,7,186.0,0.0
5,35,2900,90,50,0,195,18,458.0,0.0
5,28,2200,90,44,0,83,10,222.0,0.0
5,25,2400,90,46,1,103,13,280.0,238.89467736993453
5,38,1500,90,39,1,115,14,248.0,335.37722866130485
5,32,2200,90,40,0,161,13,318.0,0.0
5,20,2600,90,45,1,97,13,240.0,311.4866457979785
5,25,2000,90,45,1,83,5,116.0,91.23118523674381
5,26,2700,90,45,0,145,12,400.0,0.0
5,39,2300,90,48,1,83,22,278.0,477.71996258439145
5,21,3000,90,37,1,83,21,308.0,353.2530913309185
5,27,2200,90,39,0,127,14,288.0,0.0
5,39,3000,90,39,0,175,35,658.0,0.0
5,38,3000,90,42,1,165,38,526.0,549.3255780924608
5,30,1900,90,38,1,77,14,230.0,179.25372197006914
5,38,2300,90,42,0,159,16,418.0,0.0
5,35,2900,90,45,0,197,23,562.0,0.0
5,40,1900,90,48,1,103,14,170.0,354.93012326628656
5,29,3000,90,47,0,167,23,448.0,0.0
5,37,2800,90,36,0,157,32,620.0,0.0
5,29,2200,90,39,1,79,17,234.0,356.2617080351642
5,33,1800,90,35,1,77,18,262.0,184.2133332566054
5,30,2600,90,39,0,181,26,608.0,0.0
5,29,1600,90,45,0,61,6,116.0,0.0
5,26,2700,90,47,1,93,18,340.0,282.99490806167074
5,35,2900,90,45,0,161,18,460.0,0.0
5,36,2700,90,37,0,157,34,636.0,0.0
5,23,1800,90,36,1,77,9,168.0,95.9281729998277
5,31,1800,90,42,1,61,6,118.0,115.58058143521805
5,21,2800,90,40,0,107,14,402.0,0.0
5,21,1600,90,38,1,65,8,112.0,72.45948780162112
5,22,2200,90,46,1,53,8,172.0,136.88366215020406
5,38,3000,90,38,0,213,36,812.0,0.0
5,40,2200,90,40,1,113,27,450.0,424.73194168649843
5,20,2300,90,47,0,171,11,384.0,0.0
5,29,2200,90,49,0,87,8,206.0,0.0
5,24,2800,90,36,1,149,24,386.0,249.0774210004582
5,28,2400,90,46,1,65,12,198.0,106.14550253954177
5,32,1900,90,47,0,97,7,150.0,0.0
5,21,1900,90,38,1,87,11,200.0,105.29452116064319
5,25,2200,90,40,1,73,18,212.0,218.8511920997624
5,30,2100,90,49,0,75,7,194.0,0.0
5,35,2800,90,49,0,109,17,426.0,0.0
5,37,2800,90,48,0,209,20,482.0,0.0
5,39,1500,90,37,1,61,12,106.0,128.696090933197
5,24,2800,90,39,0,131,20,474.0,0.0
5,34,2500,90,37,0,127,30,438.0,0.0
5,35,1500,90,42,1,53,8,102.0,154.6087423377576
5,27,2100,90,49,0,79,8,188.0,0.0
5,39,1500,90,47,1,39,5,90.0,74.49039297117027
5,22,2800,90,47,1,87,13,246.0,237.7885728146266
5,20,2200,90,36,1,63,13,192.0,133.71887430538524
5,23,1700,90,37,0,143,10,234.0,0.0
5,33,2800,90,35,0,147,30,518.0,0.0
5,24,2200,90,37,1,111,18,312.0,239.62594438545753
5,35,2600,90,40,0,169,27,686.0,0.0
5,29,1800,90,48,1,37,6,124.0,169.47840940478108
5,30,2700,90,47,0,151,18,502.0,0.0
5,21,1800,90,40,1,55,6,80.0,107.32190956066748
5,33,1600,90,41,1,89,9,200.0,175.09092841630286
5,23,1900,90,38,0,95,11,242.0,0.0
5,36,2900,90,40,0,215,25,670.0,0.0
5,22,2100,90,48,0,75,5,190.0,0.0
5,38,2500,90,48,1,93,20,296.0,461.5199551715266
5,36,2200,90,49,1,147,13,278.0,158.34717791488796
5,30,1900,85,39,0,107,14,310.0,0.0
5,33,1700,85,40,1,65,6,132.0,55.140536299212066
5,39,2100,90,39,1,89,26,278.0,501.77848003705265
5,22,1800,90,40,0,49,6,128.0,0.0
5,31,3000,90,40,0,169,27,542.0,0.0
5,23,2300,90,47,1,71,7,164.0,105.62671254049118
5,31,2600,90,49,0,93,12,226.0,0.0
5,20,1800,85,35,0,57,6,124.0,0.0
5,38,2600,85,40,1,131,30,442.0,489.4335029495634
5,25,2300,85,38,1,115,14,292.0,203.63677854849794
5,22,1900,85,39,1,29,3,56.0,79.48880282742827
5,37,1500,85,44,0,87,7,118.0,0.0
5,32,2900,85,48,1,149,23,476.0,448.09254114615095
5,33,1700,85,40,0,65,7,148.0,0.0
5,23,2400,85,39,0,141,17,404.0,0.0
5,36,2100,85,41,1,73,14,258.0,224.2308999834064
5,24,2300,85,41,0,83,15,282.0,0.0
5,31,2000,85,44,1,59,9,138.0,237.8956250816766
5,34,2400,85,43,1,121,21,352.0,271.5696217511788
5,32,1500,85,41,0,51,8,110.0,0.0
5,30,1800,85,45,1,63,7,158.0,145.31047652107793
5,29,1600,85,49,0,31,3,72.0,0.0
5,22,3000,85,36,1,99,22,362.0,317.9504151952701
5,21,2600,85,38,1,133,15,310.0,172.238977979245
5,27,2500,85,37,0,141,21,466.0,0.0
5,32,2200,85,41,0,123,5,124.0,0.0
5,21,2800,85,40,0,147,15,392.0,0.0
5,33,1700,85,44,1,45,5,102.0,162.7437070646918
5,37,2900,85,44,0,141,21,566.0,0.0
5,40,2800,85,41,1,201,36,592.0,775.5468565390812
5,38,2600,85,39,1,163,31,428.0,593.4599904070861
5,21,1900,85,41,0,71,9,164.0,0.0
5,21,2800,85,44,1,103,16,360.0,363.2850672949082
5,32,1900,85,48,0,73,10,222.0,0.0
5,36,1600,85,49,0,95,6,96.0,0.0
5,33,2300,85,50,1,129,15,318.0,448.4886735622136
5,24,2700,85,43,0,193,14,524.0,0.0
5,25,2300,85,36,0,165,19,546.0,0.0
5,34,2300,85,40,1,129,26,438.0,390.2720438879411
5,36,1800,85,40,1,75,18,194.0,199.84479408793973
5,26,1600,85,41,0,79,9,138.0,0.0
5,36,1700,85,47,0,53,6,106.0,0.0
5,28,3000,85,49,1,113,23,396.0,376.7575120301582
5,24,2100,85,39,1,79,10,264.0,252.80130573021933
5,30,2800,85,36,1,99,29,364.0,384.15338506178676
5,37,2000,85,39,0,187,19,370.0,0.0
5,22,1600,85,42,0,55,5,128.0,0.0
5,32,1800,85,48,0,95,8,132.0,0.0
5,29,1700,85,50,1,73,6,106.0,123.0378351042913
5,39,2400,85,43,1,109,22,310.0,376.21725611526193
5,28,2400,85,48,1,83,7,252.0,177.39802219785093
5,27,2800,85,48,0,127,17,386.0,0.0
5,31,2100,85,38,0,103,12,248.0,0.0
5,21,1700,85,37,0,47,5,100.0,0.0
5,36,2100,85,41,0,185,18,422.0,0.0
5,35,1500,85,44,1,29,3,58.0,107.7758223936269
5,30,1800,85,46,1,51,13,150.0,191.07164182915145
5,22,2600,85,48,1,85,13,260.0,301.84340917369383
5,37,2300,85,50,0,113,7,138.0,0.0
5,40,2200,85,38,1,119,14,314.0,167.53816692059976
5,33,2300,85,37,1,101,24,300.0,293.76003880979374
5,33,2900,85,44,0,221,20,676.0,0.0
5,32,1800,85,38,1,57,12,186.0,172.2684397328397
5,37,2600,85,41,1,89,29,420.0,680.6472727755687
5,21,1700,85,42,0,65,7,150.0,0.0
5,33,1700,85,50,0,25,3,50.0,0.0
5,33,1800,85,47,0,59,5,94.0,0.0
5,30,1500,85,40,1,37,5,90.0,85.86424556893124
5,35,2900,85,42,0,167,30,660.0,0.0
5,35,2800,85,41,1,157,29,514.0,507.0000051653315
5,36,2000,85,43,0,75,11,180.0,0.0
5,28,2900,85,45,1,115,17,384.0,407.56945592728886
5,23,1600,85,46,0,79,7,144.0,0.0
5,22,1500,85,49,1,25,3,46.0,37.50477439940252
5,38,1800,85,37,1,67,12,218.0,149.15882784783204
5,26,2400,85,47,0,91,11,318.0,0.0
5,33,1500,85,44,0,109,6,134.0,0.0
5,28,2000,85,38,1,117,16,378.0,235.26868761505057
5,23,2200,85,40,0,191,13,394.0,0.0
5,35,2000,85,48,1,79,9,182.0,209.97616370754173
5,24,2800,85,48,0,105,10,280.0,0.0
5,29,2600,85,50,0,87,16,302.0,0.0
5,39,2200,85,49,1,95,14,248.0,204.39532016007342
5,24,3000,85,49,1,127,11,398.0,207.2488202322632
5,30,2800,85,36,1,79,26,294.0,320.063046160353
5,36,2200,85,37,0,163,20,458.0,0.0
5,29,2700,85,39,1,125,24,426.0,376.3914089440841
5,24,2000,85,39,1,105,12,232.0,247.5986696740211
5,40,1800,85,46,0,93,7,196.0,0.0
5,27,1500,85,45,0,97,5,112.0,0.0
5,21,2000,85,45,0,113,6,144.0,0.0
5,32,2000,85,35,1,79,21,310.0,377.1498906517414
5,29,1900,85,36,0,99,11,262.0,0.0
5,40,2700,85,38,1,123,38,464.0,513.6221332850023
5,25,3000,85,42,1,139,21,382.0,348.7295211783618
5,27,2300,85,47,0,121,10,254.0,0.0
5,26,1700,85,48,0,29,2,60.0,0.0
5,29,1700,85,41,0,85,9,208.0,0.0
5,21,3000,85,48,1,165,15,364.0,385.0871127199551
5,40,2500,85,39,1,129,32,470.0,672.0788697644954
5,28,1600,85,36,0,59,8,122.0,0.0
5,24,1700,85,38,0,117,9,146.0,0.0
5,29,1800,85,41,0,91,12,250.0,0.0
5,26,1600,80,38,1,55,7,78.0,64.69183365102633
5,38,1900,85,44,1,117,16,254.0,359.27400431795814
5,34,1500,80,46,0,47,6,74.0,0.0
5,36,2600,85,50,1,97,24,336.0,501.6722499541154
5,34,1500,80,37,1,81,6,102.0,58.119707809027666
5,20,2400,80,35,0,95,8,216.0,0.0
5,35,2500,80,37,0,141,20,442.0,0.0
5,39,1800,80,40,1,51,12,132.0,194.51214496593244
5,22,1800,80,43,1,35,4,96.0,53.69921276366143
5,33,1500,80,44,1,63,11,94.0,218.04941759833775
5,21,2800,80,45,0,103,15,338.0,0.0
5,33,2400,80,43,0,87,13,274.0,0.0
5,23,2200,80,35,0,113,19,426.0,0.0
5,20,2200,80,40,1,81,9,280.0,130.93388512774328
5,39,2900,80,41,1,147,27,466.0,602.438533529775
5,40,2300,80,46,0,127,9,204.0,0.0
5,26,2300,80,47,1,109,10,236.0,146.75050925690888
5,24,1900,80,49,0,69,7,170.0,0.0
5,34,2900,80,48,1,213,28,616.0,632.9584689632377
5,32,2600,80,36,1,81,32,372.0,441.3880180443412
5,22,2200,80,44,0,105,7,210.0,0.0
5,32,2900,80,38,0,165,29,572.0,0.0
5,34,2800,80,38,1,123,33,440.0,564.9447456325978
5,31,2400,80,45,0,139,15,378.0,0.0
5,30,2800,80,48,1,123,18,372.0,568.8075313531366
5,39,2900,80,48,0,199,24,600.0,0.0
5,38,1700,80,40,0,97,13,248.0,0.0
5,28,2500,80,40,1,113,21,324.0,309.21279947033986
5,31,2600,80,35,1,131,29,382.0,428.822608756874
5,23,2600,80,36,0,101,18,388.0,0.0
5,26,2900,80,38,1,83,22,332.0,491.2710518817821
5,28,1600,80,47,0,97,7,184.0,0.0
5,22,2600,80,41,1,79,15,266.0,260.35707807466326
5,24,2400,80,41,0,81,12,274.0,0.0
5,26,2100,80,37,0,111,12,206.0,0.0
5,34,1500,80,35,1,81,12,164.0,108.3370598304383
5,33,2000,80,48,1,73,10,178.0,258.20806530282215
5,30,2700,80,37,1,169,27,482.0,394.45887966113224
5,27,1800,80,44,0,107,8,188.0,0.0
5,21,2800,80,48,0,79,6,228.0,0.0
5,31,1800,80,47,1,33,6,112.0,95.9505766904104
5,35,1500,80,41,1,55,5,56.0,91.5783747383964
5,34,2400,80,41,0,131,19,366.0,0.0
5,38,1900,80,43,0,127,12,248.0,0.0
5,32,2700,80,47,1,97,25,404.0,419.4661043170166
5,27,2100,80,48,1,73,10,160.0,197.72967584954432
5,40,2800,80,46,0,205,21,604.0,0.0
5,36,2200,80,49,0,163,16,362.0,0.0
5,31,2200,80,50,1,77,11,118.0,152.63225064859247
5,21,2500,80,39,0,167,13,302.0,0.0
5,28,1800,80,45,1,47,6,78.0,89.05651056538599
5,22,1600,80,44,1,51,5,52.0,100.44136876362384
5,25,2700,80,40,0,197,20,502.0,0.0
5,24,2900,80,42,0,263,17,514.0,0.0
5,22,2800,80,47,1,105,12,288.0,233.38036271642494
5,22,2800,80,36,1,159,21,426.0,252.7288736709733
5,34,2200,80,40,0,81,12,266.0,0.0
5,22,1700,80,38,1,61,8,178.0,120.84968770846044
5,32,2200,80,45,0,83,12,318.0,0.0
5,39,2300,80,40,0,121,17,356.0,0.0
5,36,1900,80,45,0,95,7,150.0,0.0
5,32,2500,80,49,1,125,12,228.0,200.64167306078045
5,23,2100,80,36,0,75,6,144.0,0.0
5,30,1800,80,41,1,101,13,298.0,216.2164299863836
5,30,2700,80,36,0,195,26,484.0,0.0
5,33,2700,80,42,1,153,24,422.0,393.3370456807232
5,25,2300,80,46,0,75,9,184.0,0.0
5,25,1500,80,50,1,25,2,38.0,54.60296915454535
5,29,2600,80,46,1,157,15,404.0,195.7506313080142
5,34,1500,80,49,0,27,5,78.0,0.0
5,22,1500,80,37,1,45,8,118.0,113.81856278686276
5,30,1900,80,39,0,73,15,230.0,0.0
5,25,2500,80,38,1,95,23,342.0,442.4310782398236
5,23,2000,80,39,1,97,10,160.0,256.19427391591756
5,35,1500,80,45,0,37,4,58.0,0.0
5,23,2400,80,46,1,99,10,168.0,149.14890741442252
5,22,2500,80,49,0,89,7,172.0,0.0
5,28,2100,80,44,1,85,12,230.0,258.4901344811184
5,31,2200,80,47,0,103,7,178.0,0.0
5,27,3000,80,37,0,157,26,486.0,0.0
5,21,1800,80,38,1,63,10,212.0,158.73950643702955
5,23,2000,80,37,1,67,11,140.0,151.12671590693031
5,40,2800,80,36,1,113,37,500.0,437.9446470103638
5,35,3000,80,39,0,215,27,494.0,0.0
5,36,1900,80,44,0,107,11,242.0,0.0
5,33,2800,80,48,0,209,21,602.0,0.0
5,21,2400,80,42,1,123,16,246.0,252.0387443786933
5,20,2700,80,41,1,87,16,282.0,364.5529126546478
5,32,2700,80,43,0,191,22,626.0,0.0
5,34,2400,80,45,1,183,17,374.0,298.080348786469
5,25,2900,80,45,0,155,14,488.0,0.0
5,40,2900,80,47,0,173,28,558.0,0.0
5,29,1700,80,46,1,83,10,194.0,173.84566067802774
5,30,2900,80,37,1,93,30,392.0,560.8123529691967
5,31,2400,80,36,0,131,17,344.0,0.0
5,20,1800,80,37,0,63,7,152.0,0.0
5,24,2400,80,43,0,121,8,228.0,0.0
5,28,2100,80,46,0,121,11,268.0,0.0
5,22,2500,80,41,1,77,13,234.0,280.62251901094675
5,27,2200,80,46,1,85,8,190.0,114.64373028998429
5,38,1900,80,35,0,133,16,312.0,0.0
5,38,2100,75,41,1,101,13,304.0,161.91921370479884
5,28,1800,75,42,0,53,4,110.0,0.0
5,21,1800,80,45,1,93,4,130.0,74.51293830476968
5,27,3000,75,45,1,153,19,454.0,355.6880371602871
5,27,2700,75,49,1,85,14,248.0,164.79002126925698
5,26,1600,75,49,0,63,6,140.0,0.0
5,28,2300,75,47,0,77,6,176.0,0.0
5,28,1700,75,39,0,65,5,118.0,0.0
5,20,2800,75,41,0,145,12,298.0,0.0
5,35,2900,75,42,1,101,19,296.0,258.4799675686072
5,40,1500,75,46,1,61,5,86.0,73.46285106548625
5,23,2000,75,47,0,49,2,50.0,0.0
5,38,2600,75,48,1,141,23,384.0,393.05334835862743
5,38,2800,75,35,1,105,36,370.0,507.14664627377016
5,37,2100,75,37,0,161,18,362.0,0.0
5,27,2500,75,41,0,125,14,252.0,0.0
5,39,2700,75,39,1,99,33,420.0,772.1476610239705
5,31,1600,75,38,1,65,9,156.0,145.59461880154404
5,22,2600,75,43,0,141,10,384.0,0.0
5,24,2200,75,45,0,117,8,180.0,0.0
5,31,2500,75,48,1,85,10,226.0,244.32540764519075
5,29,2600,75,50,1,141,12,298.0,168.3879365176433
5,28,2000,75,49,0,107,8,136.0,0.0
5,36,1700,75,35,1,57,14,178.0,211.89407241214676
5,32,2500,75,36,1,143,26,440.0,424.6958337335563
5,33,2100,75,45,0,117,14,268.0,0.0
5,23,1500,75,47,1,73,3,74.0,30.377007376041295
5,21,2200,75,43,0,85,11,228.0,0.0
5,28,2700,75,46,0,161,14,416.0,0.0
5,40,1800,75,45,1,97,9,244.0,201.88564727532227
5,37,1600,75,37,0,39,8,116.0,0.0
5,23,1900,75,40,1,41,8,112.0,95.58720971317776
5,34,2100,75,43,1,63,10,184.0,143.87726670934725
5,40,1500,75,43,0,45,4,68.0,0.0
5,27,2800,75,44,0,145,20,482.0,0.0
5,38,2200,75,48,0,117,14,312.0,0.0
5,33,2100,75,47,1,87,15,204.0,244.06707601801585
5,31,2600,75,35,0,149,20,370.0,0.0
5,28,1800,75,38,1,67,15,250.0,185.4837465628137
5,30,2800,75,41,1,153,21,396.0,392.6805263332795
5,21,2900,75,43,0,105,16,398.0,0.0
5,32,2000,75,47,0,141,10,216.0,0.0
5,20,2600,75,50,1,77,7,104.0,187.28856902717547
5,29,1900,75,47,1,93,6,154.0,82.89151201329983
5,30,1600,75,36,0,83,8,142.0,0.0
5,32,2200,75,38,1,91,26,300.0,396.3345520485642
5,39,1700,75,39,0,87,10,148.0,0.0
5,33,1800,75,40,0,93,9,194.0,0.0
5,37,2900,75,48,1,141,25,458.0,556.714338364615
5,32,2200,75,49,0,87,10,244.0,0.0
5,32,2700,75,50,1,117,15,280.0,292.8051528437969
5,32,2100,75,37,1,119,12,190.0,180.94815029379538
5,27,2900,75,40,0,163,25,690.0,0.0
5,36,1500,75,45,0,57,6,98.0,0.0
5,38,3000,75,43,0,197,29,646.0,0.0
5,31,1700,75,48,1,67,12,182.0,337.83085444404975
5,37,2000,75,46,1,43,7,106.0,75.27667364133856
5,31,2300,75,44,1,171,17,450.0,459.5964627008012
5,31,2200,75,35,0,125,10,252.0,0.0
5,30,2100,75,40,1,101,10,204.0,134.8593313967641
5,26,2200,75,43,0,83,10,182.0,0.0
5,33,2900,75,47,0,217,21,656.0,0.0
5,30,3000,75,49,0,207,19,580.0,0.0
5,30,1800,75,49,1,71,7,172.0,76.91298647739558
5,23,2900,75,49,1,117,17,376.0,275.59483003171533
5,22,2300,75,36,1,165,13,344.0,127.91999914682177
5,34,1900,75,37,1,81,10,168.0,74.17362454208006
5,26,1800,75,38,0,81,11,188.0,0.0
5,26,3000,75,38,1,119,25,430.0,478.85077585553773
5,21,2800,75,48,0,109,11,288.0,0.0
5,34,2000,75,45,1,83,8,84.0,64.74034444874783
5,25,2600,75,44,0,135,12,322.0,0.0
5,24,1900,75,37,1,57,15,164.0,237.7763558765032
5,33,2200,75,41,0,119,11,282.0,0.0
5,40,1800,75,43,0,81,12,238.0,0.0
5,37,2100,75,40,0,149,14,334.0,0.0
5,27,2300,75,49,1,67,8,120.0,131.41960896641314
5,29,2500,75,46,0,175,16,450.0,0.0
5,22,1500,75,44,1,51,3,52.0,53.94861308068253
5,23,3000,75,35,0,269,21,638.0,0.0
5,34,2000,75,38,0,129,9,204.0,0.0
5,36,2200,75,42,1,79,19,262.0,259.92573151465444
5,32,2000,75,42,0,73,13,260.0,0.0
5,39,1800,75,44,1,71,11,138.0,217.58040461364402
5,34,2800,75,45,1,129,21,294.0,444.32415045476984
5,35,1900,75,48,1,37,7,160.0,223.83859858274354
5,25,2400,75,35,1,79,17,268.0,175.78182863517003
5,37,2700,75,43,0,199,27,662.0,0.0
5,33,1700,75,44,0,83,7,84.0,0.0
5,23,3000,75,43,0,215,16,510.0,0.0
5,23,2500,75,42,1,77,8,154.0,160.83624933967153
5,39,2100,75,43,1,87,14,236.0,255.07347988134686
5,23,2600,75,43,0,101,8,208.0,0.0
5,24,2700,75,35,0,141,20,404.0,0.0
5,22,1600,75,41,1,61,8,144.0,188.88099799175856
5,39,2200,75,48,1,127,11,248.0,220.58399115820544
5,34,2900,75,45,1,203,21,506.0,286.674922050878
5,27,1700,75,45,1,51,4,116.0,110.75841438114008
5,28,1900,75,47,0,63,6,178.0,0.0
5,34,2400,75,41,0,133,17,386.0,0.0
5,25,2000,70,36,0,73,10,234.0,0.0
5,31,2300,70,38,1,101,16,326.0,276.2099974107396
5,35,2100,70,37,0,151,20,384.0,0.0
5,28,2100,70,47,1,119,10,252.0,173.12265050577162
5,34,2200,70,49,0,113,13,258.0,0.0
5,37,1800,70,49,1,65,5,98.0,61.63121160468853
5,33,2100,75,49,0,151,15,346.0,0.0
5,26,3000,70,38,0,151,18,520.0,0.0
5,20,2600,70,41,1,95,12,290.0,169.09334140502946
5,21,2200,70,41,1,105,10,274.0,192.0907357611403
5,36,1700,70,45,1,103,15,184.0,271.96309032745324
5,36,2800,70,46,0,101,17,380.0,0.0
5,21,2600,70,48,1,95,10,286.0,278.1288840375879
5,34,3000,70,49,0,201,21,640.0,0.0
5,31,2100,70,36,1,77,24,298.0,229.49401684811406
5,26,1500,70,43,1,25,3,60.0,52.05739202351828
5,36,2300,70,42,0,81,5,170.0,0.0
5,32,2500,70,45,0,141,19,350.0,0.0
5,33,2100,70,47,0,111,8,168.0,0.0
5,26,2100,70,46,1,79,6,136.0,124.67786069134974
5,23,1700,70,47,0,155,8,156.0,0.0
5,21,2100,70,39,1,37,5,148.0,203.63432115709352
5,26,2800,70,42,0,153,17,486.0,0.0
5,28,2900,70,40,0,105,19,384.0,0.0
5,36,2900,70,41,1,181,30,446.0,599.4466041531729
5,37,2500,70,40,0,95,14,292.0,0.0
5,38,2700,70,47,1,217,24,480.0,380.4211728581679
5,32,1900,70,50,1,55,9,142.0,122.00757844808523
5,35,1600,70,36,0,61,9,158.0,0.0
5,33,2700,70,42,1,115,28,402.0,483.82094307479434
5,37,2400,70,35,0,129,25,562.0,0.0
5,24,1500,70,42,0,49,3,70.0,0.0
5,25,2800,70,41,1,203,21,480.0,316.8598850124528
5,23,1800,70,49,1,35,3,62.0,38.78797431355827
5,30,2900,70,45,0,169,18,506.0,0.0
5,20,1600,70,36,0,81,6,136.0,0.0
5,21,2900,70,40,0,153,16,448.0,0.0
5,34,1900,70,37,0,99,12,262.0,0.0
5,25,2800,70,41,1,87,17,290.0,196.19614979928434
5,40,1800,70,48,1,23,1,24.0,34.848856400694615
5,25,3000,70,42,1,111,22,400.0,365.62637820463175
5,36,2500,70,42,1,171,29,422.0,420.6418426533928
5,37,1800,70,40,0,61,7,142.0,0.0
5,21,3000,70,44,1,117,16,394.0,325.74872613936765
5,33,2200,70,45,1,73,15,280.0,339.57563817183797
5,20,2600,70,49,0,81,5,132.0,0.0
5,22,3000,70,46,1,103,10,300.0,160.3101852369412
5,33,2000,70,50,0,63,6,122.0,0.0
5,33,2700,70,49,0,97,8,242.0,0.0
5,24,2100,70,39,1,83,14,206.0,290.7532778705354
5,39,2000,70,42,1,99,15,230.0,216.8118876934625
5,36,2700,70,39,1,103,23,334.0,594.027337288164
5,37,3000,70,40,0,231,32,746.0,0.0
5,30,1700,70,45,0,89,7,120.0,0.0
5,24,1600,70,49,0,69,5,128.0,0.0
5,36,2100,70,48,1,83,10,166.0,209.38930044809834
5,21,1800,70,35,1,81,5,140.0,59.507243383533726
5,31,2800,70,39,0,211,24,756.0,0.0
5,39,2400,70,40,0,123,21,406.0,0.0
5,25,1500,70,44,0,23,2,42.0,0.0
5,33,2500,70,46,1,113,15,320.0,270.36500628023464
5,35,2200,70,48,1,171,13,320.0,314.40371060807405
5,35,2900,70,50,0,141,15,336.0,0.0
5,29,2800,70,37,1,121,21,440.0,304.65795070341403
5,26,1800,70,39,0,69,9,214.0,0.0
5,20,1600,70,41,1,47,2,48.0,53.23982888162425
5,37,1500,70,41,0,39,5,84.0,0.0
5,23,2100,70,42,1,107,8,270.0,127.97939604753789
5,20,1800,70,44,1,65,4,102.0,140.80943910231971
5,38,2200,70,48,0,79,11,220.0,0.0
5,29,3000,70,35,1,83,27,350.0,359.1756684915045
5,37,2000,70,37,1,77,16,314.0,247.22532748593926
5,28,2300,70,38,1,85,21,322.0,384.7225669608807
5,38,1600,70,38,0,61,6,124.0,0.0
5,34,2600,70,46,0,147,22,426.0,0.0
5,30,2400,70,45,0,117,11,298.0,0.0
5,30,3000,70,46,0,269,21,724.0,0.0
5,36,2800,70,37,0,215,20,608.0,0.0
5,35,1900,70,37,0,75,10,252.0,0.0
5,22,1600,70,36,1,59,9,122.0,84.59485444704764
5,25,2500,70,36,1,109,21,404.0,295.93661303984635
5,28,1600,70,46,1,47,7,108.0,110.64898962858688
5,39,2700,70,50,0,131,17,444.0,0.0
5,32,2300,70,48,1,115,13,228.0,268.08620305451007
5,20,1800,70,36,1,39,6,72.0,39.70086644741147
5,36,1500,70,39,1,29,4,76.0,164.19840594282232
5,31,1600,70,43,0,31,5,94.0,0.0
5,30,1900,70,44,1,79,13,170.0,218.6347182813396
5,37,2300,70,46,0,127,14,406.0,0.0
5,33,3000,70,50,0,161,18,370.0,0.0
5,35,1700,70,38,0,99,9,194.0,0.0
5,37,2100,70,35,0,109,15,308.0,0.0
5,31,2200,70,37,1,127,21,378.0,229.47770325205167
5,24,2900,70,39,1,159,22,534.0,492.58268580905224
5,28,2700,70,38,1,147,20,426.0,324.00208365175894
5,21,2200,70,42,0,119,9,254.0,0.0
5,28,2600,70,48,1,95,15,250.0,305.63362738811605
5,40,1900,70,50,0,131,5,150.0,0.0
5,27,2500,70,36,1,123,16,336.0,194.82749959012068
5,34,2700,65,35,0,195,24,512.0,0.0
5,39,2500,65,42,1,139,23,492.0,333.96165602178183
5,24,1900,65,42,1,35,5,68.0,76.82560834464671
5,24,2100,65,41,0,83,9,224.0,0.0
5,34,2200,70,40,0,119,11,202.0,0.0
5,40,2500,70,40,0,141,21,464.0,0.0
5,31,2500,65,39,1,139,23,514.0,409.50632635820847
5,29,2500,65,43,1,153,18,380.0,327.35337922626684
5,20,2000,65,48,0,79,6,194.0,0.0
5,30,2100,65,40,1,91,13,242.0,119.34825047434406
5,25,1500,65,47,0,45,4,66.0,0.0
5,39,1700,65,48,0,61,5,94.0,0.0
5,29,2400,65,43,1,107,16,264.0,259.5280960678951
5,24,2300,65,36,1,77,17,230.0,227.35801374566742
5,24,1600,65,42,1,69,6,102.0,104.11345027029125
5,26,2700,65,39,0,143,17,416.0,0.0
5,24,2900,65,46,0,207,12,436.0,0.0
5,27,2500,65,48,1,153,15,316.0,440.0120308225545
5,20,1900,65,50,0,59,4,120.0,0.0
5,36,2800,65,49,0,147,13,356.0,0.0
5,39,2500,65,36,1,193,27,502.0,377.28008740868313
5,39,1900,65,40,1,89,16,180.0,219.32593972263973
5,27,2900,65,43,0,165,22,516.0,0.0
5,33,1800,65,45,1,95,9,214.0,159.84394225069553
5,21,2500,65,44,1,47,4,134.0,58.91274835031493
5,27,2100,65,44,0,143,11,244.0,0.0
5,20,2700,65,50,0,53,7,188.0,0.0
5,37,2800,65,35,1,167,35,516.0,496.6152157735828
5,24,2300,65,42,1,123,13,266.0,163.37144311612593
5,38,1700,65,43,0,63,9,186.0,0.0
5,39,2600,65,49,1,101,18,356.0,319.0957469258568
5,27,1800,65,50,0,85,6,146.0,0.0
5,34,2800,65,46,0,149,16,474.0,0.0
5,34,2600,65,48,0,161,15,384.0,0.0
5,27,2000,65,38,1,89,9,144.0,140.50930089058065
5,39,2100,65,40,1,95,16,318.0,215.5202856801007
5,28,2200,65,44,0,41,5,116.0,0.0
5,22,2000,65,47,1,55,5,106.0,59.80395125561697
5,20,2100,65,48,1,113,7,226.0,149.62657374851216
5,23,2400,65,49,0,93,7,242.0,0.0
5,23,2500,65,49,0,125,8,250.0,0.0
5,27,2200,65,36,1,77,17,334.0,150.09826097153123
5,25,1600,65,39,0,85,8,138.0,0.0
5,21,1600,65,42,1,43,4,88.0,98.45488428956293
5,31,1800,65,45,0,123,8,160.0,0.0
5,24,1600,65,35,0,55,7,112.0,0.0
5,40,2100,65,42,0,77,10,196.0,0.0
5,28,1900,65,47,1,65,6,104.0,82.32887101437633
5,34,2700,65,35,0,293,28,618.0,0.0
5,20,2800,65,36,1,81,18,326.0,282.4424990957136
5,30,2900,65,43,1,101,19,406.0,380.50378298039726
5,36,1600,65,44,0,59,6,144.0,0.0
5,22,2100,65,48,1,67,6,160.0,182.99363212511756
5,20,1800,65,50,0,71,3,72.0,0.0
5,40,2300,65,45,1,59,10,192.0,177.0927148410144
5,32,1900,65,38,1,133,16,230.0,172.23922531005874
5,30,2600,65,35,0,141,23,428.0,0.0
5,27,2400,65,36,1,87,13,300.0,198.67536764935832
5,38,1700,65,39,0,75,11,222.0,0.0
5,30,1700,65,37,0,23,4,56.0,0.0
5,23,1800,65,44,0,69,5,126.0,0.0
5,30,1700,65,49,1,47,7,126.0,94.43020802535672
5,38,2600,65,36,1,167,27,428.0,378.5178905391227
5,39,2600,65,36,1,153,29,498.0,388.23107972434315
5,38,2600,65,40,1,111,27,394.0,506.6035767703073
5,28,2200,65,37,0,115,15,304.0,0.0
5,26,2600,65,36,0,151,19,504.0,0.0
5,33,2000,65,43,1,73,4,144.0,89.09738521651053
5,25,2300,65,40,0,87,8,194.0,0.0
5,21,2500,65,43,0,91,10,224.0,0.0
5,33,1600,65,40,1,79,10,134.0,150.4709991129701
5,27,2900,65,40,0,215,16,574.0,0.0
5,27,2700,65,41,0,137,17,466.0,0.0
5,21,1600,65,48,1,31,2,56.0,34.01391911182837
5,21,1900,65,47,0,97,8,134.0,0.0
5,36,2600,65,44,1,91,15,262.0,374.2097275772034
5,39,1700,65,39,1,45,11,102.0,243.09290630451807
5,39,2500,65,40,1,139,20,356.0,312.86106589215717
5,25,3000,65,41,0,207,20,500.0,0.0
5,22,1900,65,47,0,91,4,92.0,0.0
5,33,1500,65,49,1,25,5,62.0,48.07411716894535
5,38,1600,65,41,1,63,11,158.0,202.9394603221876
5,37,3000,65,49,0,213,20,604.0,0.0
5,40,3000,65,43,0,219,30,732.0,0.0
5,24,1500,65,38,0,79,9,162.0,0.0
5,27,2700,65,37,1,105,21,398.0,488.63721128597825
5,37,1600,65,37,1,65,7,116.0,72.70790088761224
5,33,1800,65,37,0,65,12,202.0,0.0
5,31,2400,65,42,0,135,16,516.0,0.0
5,40,2800,65,45,1,151,25,502.0,473.3768156099373
5,29,2600,65,49,1,145,18,380.0,251.16287600074963
5,34,2600,65,36,1,135,31,410.0,492.76706863872374
5,20,1600,65,39,0,31,2,44.0,0.0
5,32,1900,65,46,0,97,7,224.0,0.0
5,23,2000,65,43,1,65,11,192.0,180.4277448019511
5,24,2100,65,48,0,53,3,80.0,0.0
5,28,2200,65,45,1,83,11,286.0,301.28204845698804
5,36,3000,65,50,0,165,18,476.0,0.0
5,33,1700,60,35,1,53,6,54.0,52.5724666860679
5,32,2000,65,39,0,101,10,176.0,0.0
5,27,1500,65,43,1,89,4,90.0,58.45398331030542
5,27,2200,65,41,0,105,15,308.0,0.0
5,34,1600,60,43,1,19,2,36.0,31.46332340662356
5,31,3000,65,48,1,163,24,502.0,515.9720584817924
5,30,2000,60,49,0,103,5,142.0,0.0
5,31,2100,60,45,0,75,5,122.0,0.0
5,28,1700,60,37,0,65,7,152.0,0.0
5,31,2700,60,36,1,137,30,510.0,562.939295320278
5,22,2100,60,44,1,91,6,126.0,137.3299253230427
5,24,1700,60,45,1,31,4,70.0,79.61872016386737
5,22,1500,60,42,1,27,3,52.0,57.568807416604315
5,32,1900,60,48,0,65,3,66.0,0.0
5,27,2500,60,48,0,115,6,160.0,0.0
5,27,2900,60,37,0,215,20,554.0,0.0
5,30,2900,60,44,1,115,18,418.0,512.285242973284
5,22,2500,60,46,0,85,11,248.0,0.0
5,25,2700,60,36,1,133,19,388.0,260.73898612411114
5,40,1900,60,43,0,65,9,128.0,0.0
5,27,2100,60,48,1,81,8,176.0,148.08709342401676
5,29,2700,60,48,0,123,8,274.0,0.0
5,32,2600,60,49,1,115,15,334.0,228.32259000459263
5,39,2300,60,42,0,127,18,418.0,0.0
5,40,2200,60,40,1,85,28,362.0,397.8284179683696
5,32,1900,60,41,0,83,7,154.0,0.0
5,37,2800,60,43,1,137,28,524.0,514.0023802323363
5,33,2300,60,47,1,71,3,110.0,50.140057240540806
5,35,2300,60,46,0,121,13,286.0,0.0
5,25,1600,60,47,0,17,1,18.0,0.0
5,36,2700,60,49,1,141,23,446.0,298.5237959872992
5,25,2200,60,35,0,153,13,244.0,0.0
5,22,1700,60,39,1,31,4,82.0,100.88715500236502
5,31,2500,60,37,1,161,20,320.0,231.3653979788474
5,28,2800,60,48,0,111,11,342.0,0.0
5,21,3000,60,35,0,161,18,382.0,0.0
5,33,1900,60,35,1,81,15,210.0,155.03398601938022
5,35,2600,60,39,1,135,25,442.0,469.81442359933277
5,28,1500,60,40,0,45,5,84.0,0.0
5,29,2400,60,41,0,93,11,280.0,0.0
5,39,2600,60,38,1,137,25,372.0,335.3768353094737
5,24,2500,60,37,1,69,13,230.0,169.7189739207827
5,27,2300,60,42,0,107,9,224.0,0.0
5,36,2900,60,42,1,159,30,462.0,410.51807823360997
5,28,2600,60,36,1,123,23,362.0,315.6698645196882
5,26,2600,60,49,0,137,12,346.0,0.0
5,38,1500,60,47,0,29,3,52.0,0.0
5,37,2600,60,45,0,139,17,424.0,0.0
5,27,3000,60,36,1,105,26,398.0,523.2750382330804
5,30,2100,60,36,0,125,14,348.0,0.0
5,26,2700,60,36,0,159,14,384.0,0.0
5,31,1600,60,41,1,35,5,60.0,99.696228961711
5,29,2600,60,45,0,177,12,312.0,0.0
5,32,2800,60,47,1,183,18,286.0,250.05297256075775
5,25,2700,60,49,1,109,12,338.0,229.46266566720672
5,34,2200,60,36,0,105,18,302.0,0.0
5,25,3000,60,38,0,177,20,452.0,0.0
5,39,2200,60,44,1,109,13,224.0,442.9551047265428
5,30,2000,60,37,1,87,13,208.0,164.4728607307876
5,32,1900,60,41,0,97,12,204.0,0.0
5,25,1500,60,47,1,23,2,24.0,16.298325725798342
5,36,2300,60,45,0,177,12,266.0,0.0
5,39,2400,60,48,1,91,24,314.0,605.4683896535437
5,37,1500,60,37,1,89,12,176.0,146.8580266150916
5,25,1600,60,39,0,59,3,90.0,0.0
5,31,2200,60,39,1,103,11,270.0,282.21179201814857
5,26,1600,60,48,0,53,6,54.0,0.0
5,31,1800,60,37,1,39,5,76.0,45.26365408387679
5,38,2300,60,49,1,125,17,338.0,298.80586176400425
5,35,1900,60,48,0,65,6,102.0,0.0
5,31,1800,60,49,0,49,2,50.0,0.0
5,20,2900,60,40,0,143,16,352.0,0.0
5,22,1600,60,40,1,41,5,42.0,50.600789717309326
5,26,2500,60,44,1,79,13,286.0,346.08655255729803
5,30,2500,60,43,0,133,15,470.0,0.0
5,31,2900,60,46,1,125,21,364.0,470.95380349257783
5,20,2900,60,48,0,155,12,352.0,0.0
5,39,1900,60,46,0,103,8,174.0,0.0
5,30,2800,60,38,1,107,27,414.0,574.5841674434496
5,38,1700,60,36,0,133,13,262.0,0.0
5,22,2500,60,44,1,69,9,262.0,228.97410212394763
5,31,2100,60,42,1,35,5,82.0,32.08352415172469
5,31,2300,60,43,0,119,16,408.0,0.0
5,33,1600,60,46,1,7,1,8.0,10.915867175631508
5,31,2300,60,41,0,127,15,412.0,0.0
5,38,2700,60,47,0,211,22,630.0,0.0
5,37,2800,60,35,0,141,30,578.0,0.0
5,26,2000,60,37,1,83,13,238.0,182.98051235351485
5,26,1500,60,36,1,65,10,122.0,48.23315859834397
5,38,1500,60,40,0,57,13,154.0,0.0
5,35,2000,60,46,1,61,13,156.0,215.92140092462012
5,39,2100,60,49,0,101,13,226.0,0.0
5,31,2200,60,46,1,151,14,254.0,146.1407548068746
5,39,2900,60,39,1,95,29,358.0,524.1984324884419
5,20,2700,60,38,0,125,11,266.0,0.0
5,27,2400,60,43,0,45,10,170.0,0.0
5,40,1500,60,45,1,25,2,50.0,42.508443156370284
5,34,2300,60,47,0,79,11,244.0,0.0
5,23,2300,60,48,0,117,9,244.0,0.0
5,28,2600,60,49,1,93,10,294.0,115.0840094148429
5,32,2600,60,41,0,141,17,564.0,0.0
5,28,1500,55,44,1,41,3,42.0,73.65657917327607
5,23,2100,60,43,0,83,9,182.0,0.0
5,36,1600,60,43,1,85,5,116.0,62.47952000134727
5,39,1900,60,50,1,0,0,0.0,0.0
5,20,3000,55,49,1,113,9,348.0,123.81469177032936
5,24,2800,55,49,0,201,8,294.0,0.0
5,40,1700,55,36,0,63,6,144.0,0.0
5,30,2900,55,39,1,119,23,456.0,410.4623514955433
5,35,2700,55,42,0,199,17,414.0,0.0
5,25,2800,55,43,1,91,10,280.0,177.60639379947227
5,24,1700,55,49,1,0,0,0.0,0.0
5,29,1900,55,49,0,67,9,210.0,0.0
5,31,2200,55,47,0,97,9,234.0,0.0
5,33,1700,55,38,0,119,11,200.0,0.0
5,40,2900,55,44,1,159,24,480.0,451.9548343358156
5,22,1600,55,40,1,29,3,54.0,46.32156696525124
5,23,2100,55,40,0,83,8,224.0,0.0
5,39,1500,55,45,1,27,2,52.0,57.44238392883856
5,30,2100,55,44,0,39,7,98.0,0.0
5,27,2500,55,46,1,107,12,230.0,207.38482382817847
5,36,2900,55,38,1,201,26,666.0,400.6552072601637
5,40,2300,55,46,0,169,15,470.0,0.0
5,38,2800,55,36,0,159,31,600.0,0.0
5,37,1500,55,38,0,139,8,140.0,0.0
5,22,2200,55,41,0,81,7,162.0,0.0
5,38,2700,55,42,0,155,17,500.0,0.0
5,25,2100,55,43,1,53,6,92.0,82.69470788597393
5,33,2600,55,41,1,125,13,286.0,202.65620170155157
5,33,3000,55,50,1,95,13,262.0,273.37541341755895
5,28,2500,55,37,1,113,16,270.0,225.03017258258703
5,33,1800,55,42,0,99,7,150.0,0.0
5,20,2300,55,47,0,79,5,154.0,0.0
5,39,2900,55,49,0,219,17,488.0,0.0
5,23,2800,55,48,1,91,13,290.0,323.08769328380123
5,32,2600,55,49,1,109,18,288.0,299.0797705251253
5,35,3000,55,47,1,109,22,330.0,394.4142026556585
5,40,2200,55,36,1,109,18,478.0,192.56580893836863
5,21,2500,55,40,1,97,12,288.0,154.91650260864463
5,22,1800,55,42,1,63,7,140.0,169.91775232451658
5,37,2200,55,47,0,119,11,290.0,0.0
5,33,2800,55,47,0,147,12,250.0,0.0
5,21,2300,55,49,0,89,5,220.0,0.0
5,34,2800,55,49,0,147,14,520.0,0.0
5,33,2500,55,35,1,187,23,452.0,261.6810108640903
5,36,2500,55,35,0,229,19,468.0,0.0
5,26,2900,55,36,0,111,16,378.0,0.0
5,38,1500,55,38,0,25,3,54.0,0.0
5,37,2700,55,35,1,117,30,450.0,357.96555000925537
5,26,2500,55,47,1,171,7,208.0,150.46564037897832
5,33,2300,55,49,1,85,14,234.0,175.3895484941675
5,37,2700,55,43,0,157,18,544.0,0.0
5,20,3000,55,36,0,153,18,424.0,0.0
5,29,2800,55,37,1,147,21,434.0,427.8790173222119
5,25,1600,55,36,1,31,4,72.0,26.631136032373647
5,35,1800,55,37,1,79,16,196.0,218.9236117970209
5,22,3000,55,42,0,111,10,306.0,0.0
5,29,2300,55,35,1,81,12,228.0,126.7173359291362
5,40,1800,55,44,0,53,6,116.0,0.0
5,34,1500,55,37,0,87,13,202.0,0.0
5,38,1900,55,35,1,99,15,252.0,144.662907371741
5,20,2200,55,41,0,63,9,202.0,0.0
5,26,2000,55,35,0,79,11,258.0,0.0
5,32,1600,55,43,1,31,4,86.0,52.02695804274865
5,23,1900,55,49,0,65,2,66.0,0.0
5,24,2700,55,46,1,83,11,262.0,142.3121502967803
5,30,1500,55,40,1,69,5,100.0,75.18841901182194
5,21,3000,55,39,0,227,18,598.0,0.0
5,22,2900,55,45,1,133,15,264.0,236.49881272552224
5,30,2200,55,46,0,69,4,112.0,0.0
5,21,2700,55,45,1,73,9,184.0,249.8429548993574
5,39,1700,55,47,1,51,3,76.0,34.70575810681461
5,24,2400,55,48,0,147,11,332.0,0.0
5,26,1600,55,36,0,55,3,78.0,0.0
5,23,2300,55,38,0,89,7,210.0,0.0
5,22,1900,55,38,1,57,6,122.0,58.09683440417012
5,34,2300,55,41,1,103,9,182.0,165.50554472688032
5,24,1500,55,45,0,77,7,102.0,0.0
5,26,1700,55,45,1,51,6,96.0,139.57424420292793
5,30,2900,55,46,1,159,18,414.0,218.56045613934398
5,23,2700,55,46,0,91,6,218.0,0.0
5,31,2400,55,37,0,201,20,432.0,0.0
5,26,1800,55,38,0,67,8,188.0,0.0
5,32,2800,55,41,0,213,16,546.0,0.0
5,35,2000,55,43,0,95,7,224.0,0.0
5,21,2700,55,44,1,143,10,370.0,279.37515811671943
5,22,2700,55,50,1,53,8,200.0,216.59311258769512
5,38,2300,55,49,1,87,12,308.0,215.08785013814213
5,32,2500,55,36,1,91,19,248.0,282.1418185783103
5,38,2600,55,37,1,149,33,496.0,518.7670616085358
5,24,1900,55,42,1,73,12,210.0,232.86455680745865
5,30,2200,55,40,0,111,13,276.0,0.0
5,32,2800,55,35,0,199,21,560.0,0.0
5,38,3000,55,50,1,151,23,254.0,518.985991043134
5,26,2800,55,43,0,111,12,370.0,0.0
5,33,2400,55,40,0,141,14,368.0,0.0
5,30,1700,55,42,1,27,1,28.0,23.005760471196027
5,27,2300,55,41,0,91,12,280.0,0.0
5,20,2900,55,48,0,115,9,410.0,0.0
5,39,2200,55,43,1,85,14,232.0,229.47720116751
5,20,2300,55,48,1,61,6,138.0,206.20970347660247
5,36,2100,55,49,0,211,11,284.0,0.0
5,21,2900,50,42,1,69,14,264.0,238.19529479317703
5,26,1700,50,43,1,41,4,74.0,43.04187468569289
5,22,3000,50,43,0,109,14,318.0,0.0
5,24,2700,55,45,1,139,14,360.0,306.15243928627604
5,38,1600,50,44,1,57,5,106.0,133.11655607336297
5,34,2200,50,47,0,117,10,238.0,0.0
5,32,1700,55,50,0,111,8,146.0,0.0
5,22,2800,50,38,0,135,13,432.0,0.0
5,27,2300,50,43,1,93,8,138.0,94.37718601635542
5,23,1800,50,40,0,55,2,56.0,0.0
5,36,1900,50,42,0,97,7,232.0,0.0
5,23,1900,50,47,1,37,1,38.0,15.671071323168524
5,37,2500,50,49,1,93,14,174.0,198.81878132649348
5,22,3000,50,49,0,121,13,376.0,0.0
5,33,1500,50,43,1,91,10,144.0,108.12731539125114
5,22,2700,50,44,0,53,6,108.0,0.0
5,40,2300,50,35,0,215,20,554.0,0.0
5,36,1800,50,39,0,61,6,114.0,0.0
5,38,2000,50,45,1,59,9,112.0,107.55530118716574
5,20,1600,50,46,1,49,8,122.0,97.77097883593966
5,38,1500,50,48,0,51,4,80.0,0.0
5,32,2100,50,50,1,35,4,94.0,96.59264211155414
5,26,2700,50,36,0,99,20,372.0,0.0
5,40,2100,50,41,1,79,5,186.0,94.37049599278457
5,31,1900,50,46,0,37,3,58.0,0.0
5,26,2000,50,48,1,35,3,72.0,72.63700084739226
5,37,1700,50,48,1,31,2,60.0,68.88763733781082
5,35,2400,50,35,0,131,12,294.0,0.0
5,36,1600,50,47,1,31,5,112.0,61.56538456375744
5,32,2400,50,49,0,125,12,292.0,0.0
5,27,1600,50,40,1,31,3,70.0,27.0603786850817
5,39,2000,50,37,1,103,14,210.0,186.30580524165907
5,29,1600,50,42,0,85,8,190.0,0.0
5,34,1800,50,40,1,85,13,204.0,207.32083134787794
5,23,1900,50,44,0,69,7,138.0,0.0
5,37,2900,50,39,1,121,31,422.0,544.7926771862229
5,30,2900,50,39,0,163,20,618.0,0.0
5,21,3000,50,46,1,171,10,258.0,127.78064390103494
5,31,2900,50,45,0,179,15,452.0,0.0
5,38,2700,50,46,0,291,17,584.0,0.0
5,21,2800,50,39,1,145,15,426.0,335.4966457797361
5,20,2500,50,40,1,77,9,220.0,134.3232380827327
5,20,1800,50,40,1,45,7,78.0,77.10979985919406
5,23,1600,50,41,0,35,2,36.0,0.0
5,35,3000,50,48,0,169,19,578.0,0.0
5,20,1900,50,49,0,29,1,30.0,0.0
5,27,2200,50,50,1,71,5,136.0,101.04746503686778
5,34,2700,50,38,0,149,24,532.0,0.0
5,24,3000,50,38,0,163,20,510.0,0.0
5,25,2500,50,39,1,133,11,338.0,209.93976518282838
5,39,1700,50,40,0,75,10,172.0,0.0
5,31,2000,50,46,0,141,10,210.0,0.0
5,21,1900,50,48,1,37,5,58.0,76.61668354283495
5,30,3000,50,49,1,95,15,350.0,303.92771188937235
5,22,2100,50,36,0,113,11,208.0,0.0
5,20,2500,50,43,1,93,7,144.0,106.44261312204979
5,38,2800,50,42,0,139,19,530.0,0.0
5,38,1500,50,50,1,79,3,80.0,69.26736165835767
5,39,2400,50,48,1,105,15,274.0,340.84172766706735
5,29,2400,50,48,1,121,9,202.0,226.6749735447574
5,37,2300,50,49,0,123,9,170.0,0.0
5,32,2900,50,35,0,201,24,520.0,0.0
5,33,2500,50,39,0,141,15,414.0,0.0
5,30,2000,50,45,0,97,7,196.0,0.0
5,23,2000,50,46,1,43,5,80.0,104.57189122545195
5,30,2200,50,45,1,123,8,222.0,203.95699251415652
5,27,1900,50,48,1,21,2,36.0,75.02424352043639
5,39,3000,50,49,0,209,18,518.0,0.0
5,22,2800,50,38,1,149,17,534.0,276.0715737954262
5,22,1700,50,35,1,91,7,158.0,90.63659484195958
5,33,2600,50,38,0,157,23,532.0,0.0
5,24,2100,50,43,1,73,6,142.0,72.48632439897099
5,35,2100,50,48,0,115,10,274.0,0.0
5,31,1500,50,45,0,25,2,26.0,0.0
5,27,2700,50,46,1,99,13,300.0,282.00070882733814
5,25,2400,50,35,0,115,11,302.0,0.0
5,26,1600,50,42,0,25,3,52.0,0.0
5,34,2100,50,41,1,129,13,242.0,263.96583834076154
5,27,2200,50,42,1,105,13,256.0,282.3086255967646
5,39,2000,50,42,1,167,11,272.0,133.1783229345824
5,35,2300,50,49,0,177,14,264.0,0.0
5,33,2200,50,50,0,63,4,116.0,0.0
5,33,2000,50,35,1,77,11,154.0,97.14032262101428
5,24,1900,50,37,0,99,8,172.0,0.0
5,27,1500,50,44,1,55,5,56.0,109.80823351774889
5,36,1800,50,39,1,63,10,182.0,253.05372431032197
5,38,2900,50,39,0,177,29,664.0,0.0
5,39,2200,50,40,1,81,7,162.0,50.272842134479475
5,25,2200,50,46,0,105,11,248.0,0.0
5,25,2400,50,43,0,119,9,268.0,0.0
5,33,1700,50,44,0,65,6,100.0,0.0
5,36,1700,50,43,0,51,7,112.0,0.0
5,26,2000,50,48,0,67,6,162.0,0.0
5,36,2600,50,47,1,135,7,136.0,108.29786933751065
5,31,1700,50,48,1,33,4,74.0,150.35128887623623
5,27,2900,50,49,1,221,11,400.0,162.98616555297062
5,25,2400,50,39,0,127,13,338.0,0.0
5,33,2300,50,38,1,137,14,262.0,126.91075657957866
5,28,2100,50,40,0,115,8,258.0,0.0
5,38,2200,50,44,1,89,13,234.0,230.1575274866597
5,33,2700,50,42,1,117,16,376.0,245.55339608716352
5,31,2000,50,47,0,37,5,100.0,0.0
4,33,1800,90,47,1,119,13,232.0,175.7077055746702
4,22,2000,90,36,0,71,7,132.0,0.0
4,35,1600,90,36,1,57,22,154.0,212.12804185500588
4,26,2200,90,40,1,61,13,156.0,121.10581428572289
4,23,2600,90,47,0,145,5,176.0,0.0
4,37,2700,90,43,1,149,35,458.0,539.0750502162488
4,23,2500,90,44,0,147,13,368.0,0.0
4,23,2500,90,43,0,129,14,364.0,0.0
4,28,2700,90,39,1,111,27,378.0,539.9389233549238
4,26,3000,90,35,1,123,19,282.0,288.8371403218474
4,21,1500,90,36,0,23,1,24.0,0.0
4,20,2400,90,38,1,89,9,182.0,131.78963531354245
4,33,1900,90,38,0,71,10,232.0,0.0
4,33,2400,90,40,0,257,21,540.0,0.0
4,23,2300,90,47,0,71,6,152.0,0.0
4,27,2800,90,43,1,261,25,550.0,417.7212756506684
4,23,2700,90,35,1,81,22,274.0,360.2564112442536
4,23,2400,90,37,0,181,19,404.0,0.0
4,37,2100,90,38,0,115,19,386.0,0.0
4,30,1700,90,41,1,37,5,58.0,97.46175036792403
4,23,2600,90,40,1,101,19,320.0,234.7939688885791
4,20,2800,90,49,1,105,11,252.0,180.49154595918606
4,37,1800,90,44,0,89,12,210.0,0.0
4,23,2800,90,38,1,141,22,430.0,375.64545525322063
4,28,1900,90,41,1,73,10,138.0,184.09299216139112
4,21,2800,90,44,0,159,16,342.0,0.0
4,26,1800,90,42,0,99,9,160.0,0.0
4,27,2300,90,42,0,155,15,380.0,0.0
4,35,2800,90,44,1,111,24,372.0,469.33073325960896
4,30,2200,90,45,0,197,16,430.0,0.0
4,36,2200,90,39,0,195,16,354.0,0.0
4,30,1500,90,40,0,55,5,96.0,0.0
4,27,2800,90,41,1,91,26,296.0,430.04275535698326
4,30,2500,90,43,1,149,19,304.0,367.88915289987045
4,39,1900,90,44,1,115,14,184.0,254.20120814098985
4,28,2500,90,40,1,171,24,440.0,400.7320177181254
4,20,1800,90,50,0,71,5,128.0,0.0
4,36,1600,90,36,0,83,14,172.0,0.0
4,21,1700,90,39,1,33,6,104.0,65.59136387200756
4,36,2200,90,37,1,249,27,418.0,360.19755348668383
4,40,2100,90,37,1,81,29,312.0,507.7353538741137
4,34,1900,90,43,0,75,10,210.0,0.0
4,39,3000,90,43,0,201,26,702.0,0.0
4,30,2500,90,47,0,195,14,332.0,0.0
4,40,1700,90,38,0,89,14,220.0,0.0
4,39,1800,90,36,1,103,16,320.0,167.52736993259893
4,30,1500,90,41,1,69,7,90.0,169.9468341140098
4,26,1900,90,40,1,99,10,224.0,128.27956952523994
4,24,3000,90,44,1,161,21,494.0,505.84136515479497
4,35,2500,90,38,0,191,23,650.0,0.0
4,35,1500,90,48,0,57,6,124.0,0.0
4,33,2100,90,36,0,145,15,380.0,0.0
4,40,3000,90,37,1,123,40,424.0,674.646853172377
4,22,1900,90,37,1,67,10,208.0,117.56241181773109
4,31,2400,90,47,0,179,18,428.0,0.0
4,31,2500,90,46,1,123,17,308.0,300.32242440983055
4,36,2900,90,44,0,199,25,550.0,0.0
4,38,1800,90,46,0,207,13,304.0,0.0
4,39,3000,90,35,1,109,38,402.0,541.1248464215382
4,39,2000,90,40,1,107,21,286.0,310.1526593971793
4,28,2000,90,44,1,91,7,176.0,180.21022376351206
4,31,1500,90,46,0,55,5,116.0,0.0
4,25,2600,90,49,0,123,4,124.0,0.0
4,35,2800,90,46,0,149,19,390.0,0.0
4,40,3000,90,49,1,211,38,524.0,685.8549788310681
4,30,2700,90,50,0,245,16,530.0,0.0
4,28,2400,90,36,1,119,26,334.0,309.9098116840156
4,40,2300,90,39,1,209,19,424.0,458.0622248656821
4,20,1900,90,41,0,73,9,240.0,0.0
4,37,2600,90,43,1,149,29,428.0,651.0213257810803
4,21,3000,90,46,0,149,11,318.0,0.0
4,33,1500,90,46,0,51,6,110.0,0.0
4,36,2900,90,50,1,115,27,358.0,489.20269202040413
4,22,2100,90,37,1,107,19,314.0,268.70620713109906
4,29,1800,90,37,0,95,16,246.0,0.0
4,26,2600,90,37,1,161,24,402.0,419.8770485022206
4,37,2000,90,39,1,99,12,218.0,203.69180900571718
4,24,1900,90,44,0,133,12,242.0,0.0
4,33,2400,90,49,0,139,16,316.0,0.0
4,36,2700,90,48,0,199,18,494.0,0.0
4,28,2500,90,36,1,87,21,266.0,269.2958201831618
4,21,2400,90,43,0,131,10,314.0,0.0
4,32,1900,90,46,1,103,8,226.0,135.7809993672475
4,24,1600,90,47,1,31,4,78.0,96.12430211523304
4,28,2200,90,43,0,85,11,218.0,0.0
4,24,2000,90,50,1,41,4,80.0,104.53007524868059
4,40,1800,90,47,0,83,12,194.0,0.0
4,24,2500,90,37,0,191,19,506.0,0.0
4,33,1700,90,37,1,95,14,208.0,195.69970689817384
4,29,1700,90,37,0,61,8,142.0,0.0
4,32,1700,90,37,0,87,12,178.0,0.0
4,29,1500,90,43,0,55,6,102.0,0.0
4,24,1600,90,44,1,61,7,132.0,187.60181110296713
4,24,2800,90,49,1,163,16,352.0,199.7303416269153
4,25,1800,90,35,1,65,8,192.0,73.76836321211385
4,20,2200,85,35,1,75,15,232.0,200.99511603289974
4,26,1900,90,43,1,99,12,220.0,194.66938828032605
4,38,1800,90,40,1,91,12,202.0,109.46039915902358
4,29,1700,90,45,0,129,6,130.0,0.0
4,37,2700,90,48,0,89,15,306.0,0.0
4,35,1700,90,47,0,87,15,242.0,0.0
4,37,1700,85,36,0,87,9,176.0,0.0
4,28,3000,85,39,0,117,25,390.0,0.0
4,39,3000,85,41,1,165,33,494.0,449.89036234409684
4,39,1500,85,46,1,31,3,32.0,27.89666343073434
4,30,2200,85,49,0,83,12,268.0,0.0
4,24,2000,85,50,1,65,6,138.0,70.36986912984447
4,38,1600,85,45,0,69,9,174.0,0.0
4,27,2500,85,38,1,101,23,352.0,461.08306214255424
4,28,1600,85,38,1,115,15,246.0,237.63608467965545
4,40,1500,85,40,1,67,10,134.0,142.24158098852465
4,40,1900,85,40,0,143,9,214.0,0.0
4,29,1500,85,49,0,29,3,80.0,0.0
4,21,2400,85,50,1,71,3,114.0,126.8311618196147
4,35,2500,85,42,0,209,21,606.0,0.0
4,21,2500,85,46,0,81,9,246.0,0.0
4,37,1500,85,38,0,73,9,144.0,0.0
4,27,2200,85,40,1,75,17,216.0,304.66601500721566
4,22,1900,85,49,1,111,5,144.0,70.88447043398884
4,25,2900,85,41,0,249,21,558.0,0.0
4,33,2600,85,39,0,185,25,556.0,0.0
4,33,2800,85,47,1,119,22,324.0,392.07647208131135
4,30,1600,85,35,1,55,13,138.0,144.02088570256325
4,33,1500,85,37,1,87,6,130.0,80.26051916487526
4,22,1800,85,36,0,87,6,142.0,0.0
4,28,2900,85,45,0,97,13,280.0,0.0
4,26,1700,85,47,1,95,6,128.0,82.84464677990577
4,25,1600,85,48,1,103,8,166.0,270.8314424592182
4,33,2600,85,50,0,99,13,322.0,0.0
4,25,1600,85,36,1,61,7,126.0,60.75441406811314
4,39,2300,85,40,1,167,28,428.0,416.50393190905083
4,28,2200,85,43,0,83,10,224.0,0.0
4,21,2900,85,43,1,279,18,684.0,297.90732203950785
4,21,1600,85,48,0,47,5,98.0,0.0
4,31,1500,85,50,0,77,4,100.0,0.0
4,37,2200,85,47,0,101,11,288.0,0.0
4,32,2800,85,36,0,211,26,676.0,0.0
4,28,2000,85,37,0,111,15,348.0,0.0
4,20,2600,85,40,0,139,10,338.0,0.0
4,37,2500,85,38,1,181,27,502.0,302.9646042351321
4,33,2100,85,47,1,69,15,170.0,179.4564739110171
4,40,2900,85,49,1,123,34,414.0,590.0135922189286
4,29,2000,85,45,1,59,9,116.0,166.7409949042094
4,29,2500,85,36,0,169,24,398.0,0.0
4,35,2900,85,41,1,119,29,348.0,471.73440975655063
4,32,2700,85,43,0,209,20,454.0,0.0
4,29,1800,85,45,0,67,8,134.0,0.0
4,24,2000,85,47,1,101,11,202.0,210.3566821758492
4,34,2800,85,49,1,189,22,516.0,448.4142700410928
4,27,2000,85,50,0,63,6,92.0,0.0
4,21,2500,85,35,1,137,19,320.0,293.28472961206404
4,23,1500,85,43,0,45,5,74.0,0.0
4,26,3000,85,41,0,149,22,416.0,0.0
4,24,1600,85,45,0,31,2,32.0,0.0
4,25,2800,85,42,1,141,19,384.0,284.9649471381354
4,29,1800,85,45,1,43,10,138.0,175.7588424901978
4,28,3000,85,49,1,103,18,244.0,204.37601884017192
4,29,3000,85,36,0,271,24,600.0,0.0
4,40,2600,85,39,1,111,30,352.0,589.3902597947202
4,21,2400,85,40,0,87,8,222.0,0.0
4,35,1700,85,44,1,65,5,142.0,143.7541740097088
4,37,2800,85,40,0,251,30,544.0,0.0
4,22,2700,85,50,1,137,15,324.0,425.6620254858494
4,38,3000,85,46,0,165,27,550.0,0.0
4,27,2600,85,35,0,239,25,656.0,0.0
4,32,1900,85,36,1,89,17,184.0,173.56560714150646
4,29,2500,85,37,0,131,14,378.0,0.0
4,40,2500,85,43,1,89,26,322.0,374.69685690690454
4,25,2000,85,44,1,133,8,154.0,182.14743774996728
4,33,1800,85,46,0,61,8,132.0,0.0
4,37,1800,85,42,1,113,12,282.0,212.82260725994743
4,39,3000,85,40,0,273,33,920.0,0.0
4,38,1600,85,40,0,87,12,222.0,0.0
4,30,3000,85,47,1,127,28,388.0,400.2161761660193
4,29,1700,85,46,0,55,5,90.0,0.0
4,24,2500,85,49,1,117,17,296.0,359.8980827142394
4,25,1600,85,47,0,29,3,58.0,0.0
4,21,2400,85,50,1,101,10,166.0,159.0267029896969
4,36,2800,85,36,1,113,33,302.0,390.00033201122267
4,30,1800,85,36,1,93,15,304.0,147.78633178807056
4,37,2300,85,37,1,95,25,308.0,357.920944141336
4,31,2500,85,39,0,161,19,376.0,0.0
4,32,2300,85,44,1,119,14,276.0,284.30080131730483
4,35,2800,85,45,0,163,23,476.0,0.0
4,38,2600,85,44,0,197,21,522.0,0.0
4,26,2100,85,38,0,119,11,266.0,0.0
4,40,2300,85,37,0,171,23,442.0,0.0
4,30,1700,85,40,1,123,8,180.0,107.49794610404305
4,29,1700,85,39,0,89,10,174.0,0.0
4,24,1500,85,49,1,29,2,56.0,29.944932926845862
4,26,1600,85,49,1,13,2,14.0,10.47213595499958
4,35,2800,85,45,0,299,23,640.0,0.0
4,38,2100,85,48,1,107,11,148.0,195.0561237881979
4,40,1500,85,50,0,51,6,82.0,0.0
4,38,1600,85,36,1,61,13,152.0,96.6059171348137
4,21,2400,85,49,1,125,9,220.0,152.6408890402171
4,25,2500,85,42,0,191,11,306.0,0.0
4,35,1600,85,47,0,85,8,154.0,0.0
4,21,3000,85,43,0,237,19,500.0,0.0
4,38,2500,85,49,1,121,17,288.0,250.7402146615123
4,29,1600,80,38,1,79,6,122.0,89.25762076006873
4,23,1800,80,46,1,35,4,94.0,63.72479180257224
4,24,2400,80,43,1,193,12,276.0,244.9729077483841
4,34,2500,80,43,0,169,15,374.0,0.0
4,28,1500,80,50,1,35,3,62.0,78.61585080884733
4,36,2300,80,49,0,87,12,324.0,0.0
4,31,3000,80,48,0,225,19,434.0,0.0
4,22,2700,80,35,0,125,20,372.0,0.0
4,34,1700,80,41,0,99,13,260.0,0.0
4,31,2200,80,38,0,147,17,344.0,0.0
4,40,2600,80,38,1,109,36,366.0,429.2483379818794
4,27,2100,80,41,1,101,15,242.0,208.73368633554003
4,24,1700,80,48,1,55,5,104.0,107.74480993005638
4,27,2200,80,49,0,131,10,240.0,0.0
4,36,2900,80,47,1,127,28,388.0,547.2357678878338
4,38,1500,80,39,0,53,6,128.0,0.0
4,20,1600,80,36,0,85,7,144.0,0.0
4,37,2700,80,40,1,243,27,486.0,426.01565538967304
4,20,2000,80,36,0,79,13,244.0,0.0
4,30,2700,80,37,1,103,25,308.0,425.51189164069467
4,27,1800,80,42,0,49,5,82.0,0.0
4,22,2500,80,47,1,79,8,116.0,91.90602427998022
4,28,2300,80,47,1,105,16,294.0,219.42168618579146
4,34,2500,80,36,1,109,33,356.0,499.16194551065104
4,26,1900,80,48,0,33,1,34.0,0.0
4,20,2700,80,38,0,149,16,426.0,0.0
4,23,2600,80,45,1,103,17,310.0,351.153696134208
4,28,1600,80,45,1,69,8,98.0,129.87744158810625
4,25,1700,80,50,1,19,1,20.0,28.108674012611743
4,28,3000,80,46,0,205,13,408.0,0.0
4,37,2000,80,44,0,139,12,262.0,0.0
4,21,2000,80,49,0,39,3,40.0,0.0
4,31,2700,80,36,0,243,25,698.0,0.0
4,27,2100,80,38,0,77,7,120.0,0.0
4,36,1800,80,43,1,65,10,168.0,125.97263527644584
4,21,2000,80,37,0,105,10,244.0,0.0
4,30,2600,80,36,1,117,27,404.0,365.7854217438708
4,27,2400,80,47,1,97,16,196.0,240.85581980994812
4,28,2800,80,36,0,153,21,510.0,0.0
4,35,1600,80,40,1,55,9,132.0,153.00220176417446
4,37,2900,80,42,1,137,32,450.0,456.8660246137912
4,35,1900,80,40,0,69,9,172.0,0.0
4,23,1500,80,50,1,87,7,88.0,168.63824572513118
4,26,2400,80,44,0,105,12,274.0,0.0
4,37,2000,80,47,1,97,9,158.0,135.84934434195193
4,25,2900,80,39,0,219,22,738.0,0.0
4,37,2000,80,39,1,137,11,264.0,319.3467290146957
4,34,2000,80,44,1,91,12,256.0,310.76355085155296
4,20,2300,80,45,1,79,6,154.0,150.84648807596807
4,38,2100,80,41,0,121,20,348.0,0.0
4,32,1700,80,48,0,33,4,68.0,0.0
4,24,1500,80,48,0,107,7,136.0,0.0
4,30,1500,80,37,1,71,10,162.0,131.50277630981157
4,28,1900,80,38,1,73,8,102.0,79.87084938275196
4,33,2200,80,40,1,111,18,250.0,218.1188498286211
4,38,1600,80,39,0,51,8,154.0,0.0
4,23,1600,80,45,0,75,6,128.0,0.0
4,30,1700,80,37,0,63,11,154.0,0.0
4,31,3000,80,50,1,165,22,374.0,409.473886421203
4,23,2700,80,37,0,107,16,346.0,0.0
4,39,1500,80,36,0,57,7,148.0,0.0
4,35,2700,80,39,1,139,33,436.0,654.3150179585772
4,39,2900,80,42,0,209,26,566.0,0.0
4,29,2100,80,45,1,75,9,172.0,204.13927578174633
4,21,2200,80,46,0,169,9,212.0,0.0
4,35,2700,80,40,1,173,22,394.0,297.2943345444808
4,28,1700,80,46,1,9,1,10.0,13.76273663281382
4,27,2600,80,44,0,187,19,546.0,0.0
4,35,1800,80,38,0,57,4,92.0,0.0
4,24,2300,80,38,0,125,7,216.0,0.0
4,36,1600,80,37,1,89,15,268.0,198.63573841798424
4,34,2100,80,44,1,107,17,348.0,422.9015722279208
4,20,2000,80,46,1,75,8,182.0,116.54419661326824
4,30,1900,80,44,1,35,5,100.0,124.94319970045558
4,40,2700,80,49,0,239,23,456.0,0.0
4,20,1900,80,35,0,75,8,178.0,0.0
4,25,2800,80,35,1,137,25,342.0,410.7238906779149
4,32,2600,80,36,0,155,28,542.0,0.0
4,37,2300,80,39,0,159,19,434.0,0.0
4,23,1600,80,47,0,29,2,30.0,0.0
4,39,2000,80,43,1,137,17,204.0,261.58034342238005
4,31,1600,80,42,1,75,7,104.0,84.26162388214328
4,38,2900,80,41,1,143,38,466.0,858.4673260569266
4,40,1700,80,43,1,93,13,206.0,192.9413272052446
4,23,1500,80,47,1,19,1,20.0,10.117522773668039
4,28,2000,80,40,1,111,15,234.0,224.74622286915815
4,40,2900,80,47,0,375,28,740.0,0.0
4,21,1500,80,46,0,39,6,88.0,0.0
4,40,2000,80,43,0,71,14,218.0,0.0
4,37,2600,80,35,0,197,31,532.0,0.0
4,24,1900,80,38,1,61,8,146.0,47.788979493845794
4,24,2700,80,43,1,207,13,506.0,311.23274831332674
4,31,2500,80,45,1,213,19,528.0,399.4610592747106
4,20,2300,80,45,0,91,11,218.0,0.0
4,34,2400,80,46,1,131,23,318.0,243.63496790688143
4,26,2000,80,48,0,99,11,226.0,0.0
4,37,2300,80,49,0,213,16,418.0,0.0
4,39,1700,80,35,0,99,14,256.0,0.0
4,40,2800,80,35,1,117,40,362.0,566.443612672114
4,30,2000,75,35,1,69,14,216.0,142.48651166446635
4,28,2400,75,38,0,165,11,324.0,0.0
4,38,2100,80,46,0,77,15,262.0,0.0
4,37,3000,75,44,1,115,32,368.0,556.6737646307365
4,40,2800,75,39,0,313,27,762.0,0.0
4,26,1600,75,36,0,31,4,86.0,0.0
4,39,1900,75,42,1,47,4,70.0,104.50461601482002
4,22,1700,75,35,1,69,8,160.0,91.79491783025763
4,28,2900,75,47,1,117,17,338.0,301.559397643786
4,30,1700,75,50,0,55,4,112.0,0.0
4,25,2500,75,48,1,147,18,344.0,375.7703886218488
4,32,2500,75,47,0,221,14,438.0,0.0
4,38,2000,75,35,0,149,14,308.0,0.0
4,24,1500,75,35,1,69,7,114.0,56.21582188146285
4,35,2400,75,35,1,135,35,428.0,575.1333620377827
4,27,2400,75,47,0,85,9,252.0,0.0
4,40,1700,75,40,0,123,15,242.0,0.0
4,32,2900,75,45,1,153,22,398.0,335.67537169665104
4,35,2800,75,45,0,143,14,374.0,0.0
4,40,2100,75,40,1,121,28,368.0,255.65024082421917
4,25,1800,75,39,1,33,2,54.0,62.44664233661783
4,35,2500,75,35,0,183,30,548.0,0.0
4,31,2100,75,41,1,171,17,270.0,229.6303537931149
4,30,2900,75,37,0,213,27,644.0,0.0
4,29,1900,75,40,1,129,13,292.0,208.6592974296719
4,36,2300,75,45,1,121,24,394.0,451.3087395927494
4,39,1800,75,46,0,35,4,80.0,0.0
4,38,1700,75,48,0,23,2,26.0,0.0
4,32,1800,75,36,0,131,12,246.0,0.0
4,26,2900,75,41,1,109,25,320.0,396.34961078903433
4,29,2300,75,41,0,115,15,324.0,0.0
4,20,2500,75,42,0,45,8,132.0,0.0
4,21,1600,75,48,1,21,2,42.0,68.2024792232644
4,28,1900,75,45,0,107,10,236.0,0.0
4,28,2400,75,46,1,145,17,346.0,274.2517878273198
4,30,1600,75,36,1,89,12,182.0,89.70850070547057
4,29,2200,75,42,1,129,10,348.0,161.2310638991823
4,29,3000,75,44,0,211,22,482.0,0.0
4,33,2800,75,44,1,103,25,406.0,566.4885080707729
4,35,1900,75,44,1,91,11,222.0,268.3631737060678
4,36,2500,75,47,0,179,19,502.0,0.0
4,27,2800,75,48,0,191,13,362.0,0.0
4,28,3000,75,38,0,165,25,566.0,0.0
4,27,2400,75,36,1,101,26,326.0,452.5833330367958
4,24,1700,75,44,1,33,3,58.0,55.33858172763693
4,32,1500,75,48,0,47,3,48.0,0.0
4,36,1800,75,42,0,135,11,218.0,0.0
4,37,2800,75,45,1,137,25,414.0,425.3883386827761
4,21,2800,75,43,0,151,15,450.0,0.0
4,22,1800,75,35,0,53,7,148.0,0.0
4,20,1800,75,39,1,69,6,142.0,135.21823993633032
4,39,1900,75,35,1,127,19,368.0,170.65111703553444
4,25,1900,75,38,1,37,8,142.0,81.78047162760694
4,24,1600,75,44,1,29,3,80.0,81.07717158643239
4,33,1500,75,44,0,67,7,152.0,0.0
4,31,2100,75,44,0,159,16,334.0,0.0
4,27,1800,75,37,0,69,9,186.0,0.0
4,25,2000,75,39,1,101,16,210.0,322.8316005233215
4,33,2200,75,45,1,149,13,292.0,301.78742679188395
4,33,2600,75,42,0,169,18,398.0,0.0
4,38,1600,75,49,0,55,5,86.0,0.0
4,36,3000,75,45,1,127,31,406.0,591.2101136925252
4,40,2900,75,42,0,267,30,778.0,0.0
4,40,1900,75,36,1,103,24,326.0,329.70576981517564
4,34,1500,75,41,1,35,3,56.0,77.38762973430543
4,26,2000,75,41,0,73,6,114.0,0.0
4,35,1700,75,41,0,33,5,94.0,0.0
4,24,2100,75,46,0,13,2,26.0,0.0
4,36,2500,75,46,1,123,15,256.0,153.1488699948358
4,38,2900,75,47,1,167,26,506.0,338.1638197750371
4,37,1700,75,38,1,91,14,174.0,122.35640963657738
4,21,1500,75,42,1,25,3,44.0,76.9384711490651
4,26,1700,75,38,0,107,12,210.0,0.0
4,31,1900,75,42,0,71,8,174.0,0.0
4,36,2000,75,44,0,75,9,208.0,0.0
4,39,1500,75,40,1,119,16,232.0,214.31171891590057
4,39,2500,75,47,0,141,17,454.0,0.0
4,32,2400,75,35,0,143,21,490.0,0.0
4,24,2800,75,38,0,159,19,364.0,0.0
4,34,3000,75,41,1,139,31,424.0,532.1039711109522
4,25,2800,75,37,1,145,23,372.0,398.59497495737367
4,33,2200,75,36,1,125,19,366.0,250.1911230870272
4,22,2700,75,49,0,141,9,306.0,0.0
4,21,2200,75,43,1,99,8,254.0,130.83956783025286
4,40,2600,75,36,1,105,37,384.0,522.0843252638858
4,39,2200,75,37,0,167,17,478.0,0.0
4,30,1900,75,42,0,91,11,184.0,0.0
4,39,2600,75,41,1,243,27,494.0,400.83620731885543
4,25,2100,75,47,0,69,7,202.0,0.0
4,40,1800,75,42,0,77,15,270.0,0.0
4,32,2200,75,49,1,135,11,274.0,184.51367598274115
4,32,3000,75,42,1,109,32,428.0,595.9139878527419
4,38,3000,75,44,1,225,35,548.0,715.066545794898
4,32,2000,75,44,0,45,12,120.0,0.0
4,38,2200,75,43,1,79,16,260.0,298.95352609176314
4,23,2100,75,49,0,105,6,138.0,0.0
4,34,2000,75,44,0,75,11,204.0,0.0
4,23,2100,75,44,1,61,9,170.0,212.69321383791262
4,23,2300,70,36,1,87,20,320.0,292.12160631946404
4,40,1900,70,35,1,81,12,180.0,162.37759999722758
4,34,2300,75,35,0,203,23,496.0,0.0
4,22,2500,75,48,1,59,9,162.0,211.34751525798922
4,40,2000,75,40,0,155,16,368.0,0.0
4,30,1700,70,43,0,91,12,206.0,0.0
4,32,2900,70,41,0,161,22,522.0,0.0
4,26,2500,70,38,0,189,15,448.0,0.0
4,22,2000,70,37,1,59,11,188.0,167.29005873624132
4,21,1600,70,35,1,31,3,76.0,22.206271573841402
4,37,2200,70,45,0,41,7,140.0,0.0
4,31,1500,70,45,1,15,1,16.0,14.49251416005255
4,36,1600,70,38,0,135,15,278.0,0.0
4,36,2700,70,39,1,143,24,440.0,472.9720552117224
4,31,2700,70,36,1,187,29,504.0,326.69211328833
4,23,1800,70,38,0,77,6,138.0,0.0
4,29,1800,70,44,0,0,0,0.0,0.0
4,22,2700,70,44,0,205,17,450.0,0.0
4,36,2800,70,38,0,203,26,668.0,0.0
4,21,2000,70,44,1,39,5,130.0,162.05296174476106
4,32,2600,70,45,1,211,18,332.0,317.7031071705001
4,36,1500,70,48,1,39,4,70.0,129.43354707191722
4,20,1700,70,41,0,63,8,122.0,0.0
4,37,2200,70,48,1,135,18,376.0,479.7377969901249
4,23,3000,70,50,0,149,11,376.0,0.0
4,31,2000,70,48,1,75,8,174.0,272.4493656302555
4,38,2200,70,47,1,77,20,282.0,336.15853327044624
4,32,2100,70,46,0,81,9,194.0,0.0
4,34,2300,70,35,0,213,25,514.0,0.0
4,36,2100,70,36,0,119,15,312.0,0.0
4,31,1700,70,40,1,95,9,200.0,141.82688135920003
4,31,2300,70,40,1,93,15,254.0,159.32786067111678
4,28,2900,70,40,1,129,23,390.0,423.42534367935644
4,26,2400,70,49,0,67,5,132.0,0.0
4,34,2500,70,48,0,191,14,440.0,0.0
4,23,2600,70,44,1,127,14,288.0,313.03127878004045
4,29,1900,70,35,1,65,14,204.0,189.59603656759356
4,29,1800,70,42,1,59,6,130.0,113.88941286348202
4,37,2500,70,36,0,185,23,550.0,0.0
4,23,1700,70,39,1,67,8,136.0,161.6920877905642
4,36,2900,70,41,0,215,28,700.0,0.0
4,28,1800,70,48,0,67,7,160.0,0.0
4,39,1600,70,44,0,73,7,154.0,0.0
4,33,2900,70,43,1,131,27,384.0,316.2447151481732
4,30,2900,70,36,1,119,30,390.0,465.8902074735512
4,29,1600,70,42,0,91,6,156.0,0.0
4,31,2100,70,37,0,99,12,240.0,0.0
4,23,2200,70,38,1,97,6,138.0,66.98583196893638
4,28,2400,70,47,1,81,9,190.0,147.15208077897069
4,37,1600,70,46,0,113,6,114.0,0.0
4,20,3000,70,35,0,169,20,484.0,0.0
4,26,1600,70,43,1,31,3,86.0,70.79674650519168
4,30,2900,70,35,1,117,30,378.0,448.2080516115165
4,34,3000,70,45,0,169,19,614.0,0.0
4,22,1500,70,47,0,39,2,40.0,0.0
4,33,2100,70,44,0,107,7,134.0,0.0
4,40,2700,70,50,1,143,19,370.0,479.4150082566385
4,29,1800,70,36,0,65,11,162.0,0.0
4,26,2200,70,46,1,65,6,124.0,80.36143775988063
4,26,2100,70,45,1,77,13,210.0,211.40981624304104
4,26,2800,70,35,0,145,20,404.0,0.0
4,33,2300,70,36,1,129,24,306.0,278.7609678183371
4,36,1500,70,47,0,41,3,58.0,0.0
4,30,1500,70,35,0,73,6,94.0,0.0
4,22,1900,70,42,0,103,7,166.0,0.0
4,24,1900,70,49,1,59,4,96.0,79.34813367898924
4,33,3000,70,47,1,175,22,450.0,348.2183135461368
4,32,2500,70,35,1,179,29,452.0,412.7194188220648
4,35,1500,70,38,0,29,4,86.0,0.0
4,36,1600,70,48,1,83,5,94.0,109.73021238213848
4,36,1900,70,46,1,95,13,230.0,213.42525946414258
4,24,2200,70,46,0,175,12,282.0,0.0
4,36,1600,70,40,0,45,8,106.0,0.0
4,37,2200,70,45,1,169,16,264.0,222.7403109210565
4,22,2000,70,39,1,55,6,96.0,143.99511892404112
4,39,2900,70,37,0,283,32,804.0,0.0
4,27,2500,70,41,0,175,19,396.0,0.0
4,24,2100,70,48,1,87,11,120.0,263.1320523033183
4,36,1900,70,44,0,91,6,184.0,0.0
4,34,2300,70,49,0,89,8,208.0,0.0
4,26,2500,70,49,1,103,17,274.0,290.3307187923156
4,22,1600,70,37,1,29,2,54.0,33.45956963648985
4,31,2000,70,38,0,95,12,176.0,0.0
4,27,2800,70,37,0,105,24,392.0,0.0
4,39,2600,70,43,1,153,18,370.0,299.42354778591954
4,21,2100,70,50,0,79,6,184.0,0.0
4,40,3000,70,41,1,137,39,462.0,545.9400797865036
4,34,1800,70,45,1,73,6,164.0,155.96717978397905
4,25,1600,70,36,0,53,7,114.0,0.0
4,31,2200,70,36,1,97,21,278.0,282.94846284921437
4,22,1700,70,40,1,39,4,58.0,52.303259270098245
4,39,2400,70,36,0,143,22,356.0,0.0
4,30,3000,70,36,0,331,25,714.0,0.0
4,22,1900,70,43,1,101,10,136.0,150.2930212567244
4,25,3000,70,50,0,211,12,378.0,0.0
4,31,2200,70,36,1,95,14,214.0,149.2547253865014
4,24,1900,70,42,1,101,13,238.0,152.42565006462445
4,35,2800,70,38,1,193,33,514.0,404.9169752579811
4,36,2700,70,43,0,251,19,638.0,0.0
4,36,2800,70,46,1,143,26,482.0,404.4603577877321
4,31,2200,70,37,0,123,18,332.0,0.0
4,27,1900,70,41,0,111,10,258.0,0.0
4,32,2100,65,36,1,113,19,266.0,210.38265508807956
4,24,2500,65,37,1,129,16,386.0,173.02232511202362
4,21,1900,65,42,0,31,4,74.0,0.0
4,29,2000,65,41,1,37,4,98.0,77.22729110046565
4,35,2900,70,45,0,197,22,502.0,0.0
4,40,1900,65,49,0,123,12,244.0,0.0
4,35,2800,65,44,0,207,24,706.0,0.0
4,33,3000,65,36,1,153,33,420.0,515.7341938102405
4,23,2000,65,35,1,71,10,178.0,75.49889402556691
4,40,1600,65,39,0,125,11,250.0,0.0
4,21,2900,65,45,0,103,11,292.0,0.0
4,24,2000,65,39,0,97,9,176.0,0.0
4,40,2500,65,46,0,219,14,414.0,0.0
4,37,2800,65,46,1,149,17,394.0,302.18455204354376
4,35,2600,65,48,1,93,12,270.0,302.8983816441789
4,20,2400,65,35,1,91,15,266.0,165.8982681282035
4,27,2000,65,38,0,107,10,248.0,0.0
4,37,1700,65,35,0,133,11,198.0,0.0
4,27,1700,65,43,1,39,4,66.0,37.42889998835404
4,23,2800,65,44,0,127,10,314.0,0.0
4,37,1500,65,46,1,49,5,100.0,71.52388105760545
4,40,2200,65,48,1,145,13,358.0,323.7807245773434
4,39,1500,65,38,1,43,9,104.0,69.38548432529821
4,35,1800,65,40,0,67,7,128.0,0.0
4,38,1500,65,42,0,53,9,126.0,0.0
4,38,3000,65,38,0,333,31,814.0,0.0
4,37,1700,65,42,0,45,4,62.0,0.0
4,26,2800,65,43,1,105,19,342.0,298.2746525244686
4,21,2700,65,49,1,143,12,338.0,230.87640707578305
4,26,2600,65,35,1,143,21,406.0,298.71927373962046
4,24,1500,65,42,1,0,0,0.0,0.0
4,32,1600,65,45,1,59,7,92.0,120.86349121251146
4,26,2400,65,46,0,75,10,170.0,0.0
4,40,2400,65,45,1,109,19,378.0,460.6697527043865
4,28,2800,65,43,0,101,12,336.0,0.0
4,40,2600,65,49,0,165,17,382.0,0.0
4,28,1700,65,35,1,71,20,200.0,189.82657471294226
4,29,2900,65,43,1,133,25,396.0,512.4620572891953
4,26,3000,65,37,1,259,23,534.0,277.70423416220746
4,34,1700,65,41,0,59,7,152.0,0.0
4,31,1700,65,50,0,25,2,46.0,0.0
4,40,2100,65,45,0,113,14,286.0,0.0
4,20,2900,65,47,0,201,14,392.0,0.0
4,34,2700,65,35,1,161,31,438.0,405.8854226065707
4,32,2600,65,36,0,219,23,488.0,0.0
4,30,2600,65,39,0,195,17,418.0,0.0
4,22,2300,65,44,1,85,9,96.0,138.60910531460436
4,21,2600,65,39,1,71,13,234.0,276.174344968693
4,36,1900,65,43,0,87,8,152.0,0.0
4,33,1900,65,48,1,83,11,170.0,255.71729804098976
4,33,2900,65,43,0,219,22,544.0,0.0
4,39,1600,65,45,1,29,3,50.0,46.04368792632524
4,25,2100,65,44,1,87,9,208.0,206.643605879068
4,30,2600,65,50,0,91,7,204.0,0.0
4,32,2000,65,47,0,79,8,252.0,0.0
4,28,2000,65,38,0,111,13,286.0,0.0
4,31,1800,65,47,1,67,5,118.0,59.00482331870006
4,25,2900,65,37,1,93,22,298.0,328.05302656734426
4,34,2300,65,41,0,121,9,250.0,0.0
4,38,2600,65,45,1,131,20,376.0,438.6862350036607
4,21,1900,65,48,0,65,7,116.0,0.0
4,40,1700,65,45,1,119,13,186.0,260.0420485339476
4,25,1600,65,49,0,41,5,100.0,0.0
4,40,2800,65,50,1,123,20,306.0,528.1455897544531
4,32,1900,65,43,0,107,10,238.0,0.0
4,26,1700,65,41,0,59,3,60.0,0.0
4,35,1500,65,41,1,89,10,150.0,190.2283886555407
4,32,2700,65,45,1,197,19,386.0,398.19092163952246
4,20,2400,65,47,1,137,7,174.0,87.20464167654889
4,34,2800,65,45,1,147,28,504.0,543.2172762561013
4,24,2000,65,50,0,61,5,116.0,0.0
4,34,2200,65,49,0,43,6,156.0,0.0
4,40,2600,65,37,0,231,24,502.0,0.0
4,26,2300,65,40,1,103,20,286.0,380.8854456414514
4,31,1600,65,39,1,61,9,132.0,209.4300641839889
4,33,2500,65,40,0,173,24,528.0,0.0
4,39,3000,65,38,0,231,35,884.0,0.0
4,31,2700,65,44,1,151,20,314.0,288.4880536646945
4,36,1900,65,46,1,77,13,172.0,144.36631981357397
4,23,3000,65,46,0,223,16,614.0,0.0
4,31,1600,65,35,0,25,4,66.0,0.0
4,30,2400,65,35,0,197,20,452.0,0.0
4,39,1500,65,38,1,75,10,128.0,127.539759060474
4,23,1700,65,45,1,33,2,54.0,62.305343359996066
4,25,2700,65,47,0,133,11,314.0,0.0
4,30,2800,65,42,1,153,23,456.0,449.79738531436726
4,33,2900,65,41,0,237,23,686.0,0.0
4,26,2200,65,36,1,143,19,286.0,244.31488507316135
4,26,1700,65,37,1,95,12,268.0,188.37752471233108
4,33,1600,65,39,0,49,7,108.0,0.0
4,29,2700,65,43,1,161,19,424.0,394.9310948136157
4,37,1500,65,45,0,57,7,86.0,0.0
4,30,2800,65,45,1,163,25,424.0,493.8191267792506
4,29,2000,65,48,0,69,5,164.0,0.0
4,20,2000,65,35,1,65,14,188.0,165.65646984174904
4,31,2800,65,44,0,129,14,280.0,0.0
4,33,2800,65,45,0,143,15,398.0,0.0
4,22,2300,65,49,0,83,8,166.0,0.0
4,31,2100,65,47,1,73,10,204.0,121.85371864861331
4,27,2000,65,50,1,39,6,120.0,215.4271620729621
4,25,2900,65,50,0,143,8,254.0,0.0
4,26,1500,60,49,1,25,2,26.0,25.230759688373208
4,21,1800,60,36,1,75,8,142.0,117.76539025152358
4,26,2000,60,38,0,53,7,90.0,0.0
4,35,2400,60,41,1,97,14,178.0,189.44601106602715
4,24,2300,60,46,1,107,12,250.0,179.06928007831948
4,24,2800,60,45,0,99,9,282.0,0.0
4,29,2300,60,49,0,135,10,376.0,0.0
4,36,2100,60,47,0,151,14,260.0,0.0
4,23,1700,60,47,1,27,3,54.0,46.03590014140117
4,34,2800,60,38,1,189,30,464.0,542.8614633360351
4,23,2000,60,35,1,77,12,208.0,160.33703628624866
4,27,2300,60,36,1,111,17,248.0,141.51939963724496
4,36,2100,60,36,0,167,19,360.0,0.0
4,40,2800,60,48,0,159,17,544.0,0.0
4,40,1800,60,46,0,71,8,214.0,0.0
4,21,3000,60,49,0,147,10,422.0,0.0
4,29,3000,60,37,1,157,28,466.0,403.6673969323662
4,29,1900,60,37,1,81,11,208.0,93.16941793860445
4,29,2800,60,40,0,267,20,508.0,0.0
4,22,2100,60,40,1,69,9,204.0,115.10033773077676
4,34,2000,60,40,0,77,11,250.0,0.0
4,37,2800,60,40,1,179,30,504.0,419.46231928647717
4,27,2400,60,49,0,123,12,316.0,0.0
4,22,2900,60,47,0,143,8,250.0,0.0
4,31,2300,60,37,0,161,16,412.0,0.0
4,38,2900,60,42,1,133,31,414.0,391.9324027011106
4,27,1900,60,38,0,91,11,216.0,0.0
4,23,2400,60,43,0,87,8,178.0,0.0
4,40,2700,60,48,1,131,16,322.0,414.0560647139119
4,34,2000,60,50,1,43,6,158.0,119.3506150808102
4,33,2200,60,50,1,51,5,124.0,79.47141969491557
4,34,3000,60,37,0,287,23,610.0,0.0
4,28,2200,60,41,0,127,12,326.0,0.0
4,36,2000,60,41,1,75,8,140.0,200.65016166068247
4,35,2600,60,37,1,101,23,324.0,344.5109243827404
4,31,2400,60,47,0,121,10,242.0,0.0
4,37,1800,60,48,1,93,9,160.0,308.0389737352944
4,25,2500,60,49,0,91,6,134.0,0.0
4,36,2200,60,36,0,137,16,382.0,0.0
4,22,1600,60,38,1,61,8,182.0,90.76608879796943
4,36,2200,60,38,0,143,17,300.0,0.0
4,24,2600,60,46,1,105,8,190.0,128.47098580787343
4,31,1700,60,44,1,53,4,104.0,109.16973466336621
4,38,1900,60,47,0,131,10,168.0,0.0
4,25,2100,60,48,1,69,6,172.0,216.1864727318416
4,28,1700,60,39,0,63,4,94.0,0.0
4,20,2900,60,41,0,111,15,314.0,0.0
4,21,1700,60,47,0,77,6,78.0,0.0
4,20,2500,60,48,1,61,7,192.0,218.93318726365513
4,25,3000,60,50,1,171,13,452.0,277.20151284017425
4,27,3000,60,47,0,139,16,422.0,0.0
4,39,1900,60,47,1,63,7,134.0,72.40974813881026
4,29,2000,60,35,1,61,18,198.0,205.9606583105948
4,27,2100,60,36,0,113,10,216.0,0.0
4,34,2500,60,42,0,175,13,432.0,0.0
4,24,2300,60,46,0,105,11,188.0,0.0
4,30,2400,60,50,1,83,8,188.0,211.08043365195343
4,36,1700,60,47,1,89,7,136.0,77.26179541310648
4,39,2800,60,49,1,145,19,270.0,173.84751480536917
4,23,1700,60,44,0,31,3,84.0,0.0
4,24,2100,60,38,1,75,17,216.0,279.95690249295683
4,34,2400,60,35,0,159,11,288.0,0.0
4,40,2500,60,48,1,129,19,334.0,441.6611379782039
4,28,1800,60,37,1,63,7,138.0,48.392004051586795
4,39,2100,60,42,0,141,18,324.0,0.0
4,27,2400,60,50,1,91,9,246.0,180.0321424388212
4,23,2600,60,50,0,183,8,226.0,0.0
4,26,2700,60,48,0,207,14,404.0,0.0
4,23,2600,60,36,1,101,21,330.0,360.95874185523036
4,25,2400,60,37,0,173,13,324.0,0.0
4,20,1800,60,40,1,69,4,96.0,39.38223679430999
4,30,2600,60,42,0,141,18,392.0,0.0
4,27,2200,60,45,1,101,11,204.0,269.98143378864404
4,21,2200,60,49,0,79,4,118.0,0.0
4,38,2200,60,50,1,147,15,336.0,497.16765266873716
4,36,2500,60,39,1,125,28,340.0,566.4870054210752
4,31,2200,60,40,0,109,8,152.0,0.0
4,23,1600,60,40,1,59,8,138.0,99.9526219671753
4,36,2300,60,42,0,77,8,214.0,0.0
4,24,2700,60,42,0,101,14,278.0,0.0
4,33,1600,60,47,1,27,3,70.0,44.7420605811677
4,34,2200,60,48,0,189,12,298.0,0.0
4,32,2800,60,35,1,183,30,530.0,427.39723058651276
4,35,2300,60,41,1,103,14,336.0,290.81744518309915
4,34,3000,60,43,1,129,24,392.0,313.12493065090507
4,35,2400,60,49,1,131,12,212.0,157.24718553130506
4,33,1900,60,43,0,109,11,222.0,0.0
4,21,1700,60,47,0,55,2,56.0,0.0
4,21,2600,60,45,0,87,9,244.0,0.0
4,23,2400,60,35,1,93,12,268.0,193.25886924671332
4,33,2100,60,38,0,123,11,286.0,0.0
4,27,2900,60,38,0,219,24,590.0,0.0
4,33,2100,60,44,1,141,12,264.0,261.5945985648311
4,34,1900,60,49,0,71,10,108.0,0.0
4,24,2900,60,46,1,157,20,518.0,331.73224779681516
4,23,2600,60,50,0,99,7,228.0,0.0
4,27,1600,60,36,1,35,5,42.0,23.034002600731853
4,21,2600,55,39,0,139,12,288.0,0.0
4,38,1700,55,41,1,65,13,156.0,207.65034251572985
4,23,1500,60,49,0,27,2,28.0,0.0
4,31,1600,60,47,0,27,3,46.0,0.0
4,21,1600,55,49,1,31,4,50.0,25.973980141963462
4,39,2400,60,44,1,127,13,304.0,336.9153981881934
4,40,2800,55,37,1,217,38,642.0,566.5737700523221
4,35,1900,55,42,0,107,10,204.0,0.0
4,24,2000,55,44,1,69,9,170.0,180.96159167869044
4,39,1900,55,40,0,89,13,198.0,0.0
4,24,2500,55,44,0,69,6,130.0,0.0
4,26,2300,55,45,0,83,5,118.0,0.0
4,27,1900,55,47,1,73,3,108.0,64.65114388642114
4,31,2100,55,35,1,79,15,278.0,111.0459844204577
4,27,2100,55,37,1,153,9,258.0,89.06076329859178
4,28,2900,55,35,0,269,19,672.0,0.0
4,22,2100,55,40,1,77,8,152.0,141.35867944714573
4,26,2700,55,38,0,193,17,424.0,0.0
4,31,2000,55,39,0,101,13,280.0,0.0
4,38,2900,55,40,1,169,32,456.0,478.7903607714851
4,22,1600,55,38,0,55,3,56.0,0.0
4,21,3000,55,36,1,119,20,438.0,298.9432327958218
4,27,1500,55,41,1,57,4,100.0,27.190402967865534
4,39,2100,55,47,1,59,12,150.0,109.65531739910888
4,40,1900,55,47,0,73,4,112.0,0.0
4,25,1700,55,47,0,91,4,124.0,0.0
4,36,2600,55,50,0,119,13,310.0,0.0
4,31,2000,55,38,0,145,14,250.0,0.0
4,40,2500,55,37,1,167,28,496.0,424.91574682623065
4,20,2000,55,45,0,71,5,144.0,0.0
4,31,1700,55,48,0,41,6,72.0,0.0
4,28,1500,55,46,1,37,3,38.0,53.6578836478372
4,38,3000,55,49,1,153,20,394.0,312.6766658818632
4,34,2200,55,49,1,125,11,240.0,217.5522238238528
4,23,2500,55,36,1,119,13,200.0,106.45559889955476
4,33,2600,55,38,0,185,18,472.0,0.0
4,37,1500,55,42,0,69,3,70.0,0.0
4,24,3000,55,42,1,219,18,402.0,237.80861293730896
4,33,2200,55,41,1,185,15,328.0,262.478405790606
4,39,2700,55,38,0,175,20,470.0,0.0
4,30,2300,55,45,0,79,10,192.0,0.0
4,25,1500,55,36,1,41,4,70.0,32.88603119606309
4,40,3000,55,41,1,111,32,396.0,497.09845528180625
4,34,1600,55,43,0,87,4,118.0,0.0
4,20,1900,55,38,0,59,4,98.0,0.0
4,25,2800,55,47,1,111,12,370.0,183.88662761431243
4,27,1600,55,49,0,31,3,60.0,0.0
4,25,1900,55,50,1,29,1,30.0,28.898598053612794
4,35,3000,55,35,0,277,31,750.0,0.0
4,25,2100,55,43,0,71,6,144.0,0.0
4,37,1800,55,45,1,79,11,170.0,208.05512901589512
4,27,2600,55,48,0,97,6,192.0,0.0
4,37,1500,55,50,0,27,2,50.0,0.0
4,33,1900,55,49,1,35,2,64.0,16.211810438726182
4,39,2600,55,49,1,141,17,346.0,337.84250385537484
4,30,1900,55,35,0,125,9,186.0,0.0
4,26,3000,55,36,0,223,22,496.0,0.0
4,40,2500,55,38,1,111,31,376.0,601.4477663102731
4,29,2200,55,36,1,93,18,270.0,155.3854281655442
4,20,2000,55,40,0,145,7,184.0,0.0
4,23,1800,55,49,1,33,1,34.0,0.0
4,29,2400,55,43,1,115,16,276.0,336.1602646676424
4,31,3000,55,35,0,221,28,648.0,0.0
4,27,1700,55,38,0,95,10,186.0,0.0
4,32,2500,55,40,0,139,7,140.0,0.0
4,26,2600,55,43,1,99,11,272.0,176.56281962773173
4,31,2100,55,41,1,109,10,188.0,169.82576478876
4,33,2100,55,40,1,67,11,196.0,121.27004749406215
4,26,2800,55,49,0,161,11,364.0,0.0
4,20,1500,55,38,1,19,2,32.0,19.22130285705925
4,33,2000,55,35,0,107,13,244.0,0.0
4,24,2000,55,38,0,75,6,188.0,0.0
4,30,2000,55,41,0,105,10,230.0,0.0
4,37,1800,55,49,1,35,3,96.0,65.59771816140749
4,35,1900,55,43,1,73,6,112.0,69.95398437832328
4,40,2900,55,42,1,155,22,528.0,288.1600198747925
4,26,1700,55,38,0,61,5,122.0,0.0
4,35,2800,55,35,1,151,30,460.0,364.04306945568106
4,29,1600,55,38,1,31,2,60.0,33.18926658169776
4,25,2100,55,43,0,89,7,120.0,0.0
4,38,2600,55,40,0,191,28,610.0,0.0
4,23,1500,55,50,1,27,3,36.0,82.27748108183366
4,34,2000,55,46,0,67,9,196.0,0.0
4,30,2900,55,37,0,167,18,360.0,0.0
4,39,2000,55,39,0,175,21,398.0,0.0
4,31,2700,55,38,0,149,22,388.0,0.0
4,30,2500,55,46,1,145,12,234.0,141.96264933512916
4,25,2800,55,48,1,99,7,218.0,148.50596757896366
4,26,2500,55,42,1,111,19,278.0,356.0231812699634
4,33,2500,55,44,1,131,12,298.0,284.6434581314417
4,21,1900,55,37,1,95,9,206.0,103.51605241996623
4,25,2700,55,36,1,105,24,350.0,281.49540314140427
4,30,2000,55,39,0,103,9,206.0,0.0
4,29,2900,55,47,0,83,8,250.0,0.0
4,28,1900,55,46,1,105,8,170.0,105.03940918916628
4,22,2200,55,49,0,33,4,90.0,0.0
4,28,1600,55,42,0,93,6,94.0,0.0
4,31,2000,55,42,1,33,1,34.0,21.44584267630464
4,33,2700,55,49,0,187,14,418.0,0.0
4,27,1700,55,48,1,59,4,92.0,125.49041767235381
4,39,1800,50,50,1,21,2,30.0,62.72760016053634
4,20,1800,55,45,0,53,3,54.0,0.0
4,23,2800,55,49,1,123,12,372.0,171.302742010773
4,38,2600,55,49,0,145,17,382.0,0.0
4,24,2100,50,35,1,77,11,202.0,94.20585859348908
4,33,1900,50,35,0,73,11,182.0,0.0
4,30,2300,50,39,1,83,14,262.0,254.64082997840563
4,37,2800,50,37,0,263,32,658.0,0.0
4,34,2700,50,48,1,119,15,256.0,317.40718959325744
4,27,2200,50,42,0,73,7,204.0,0.0
4,40,2500,50,40,0,191,19,450.0,0.0
4,31,2900,50,35,1,103,14,242.0,217.6329424240873
4,39,2500,50,38,0,171,22,540.0,0.0
4,24,1500,50,36,1,29,4,88.0,52.997430257956125
4,32,2200,50,45,0,127,5,168.0,0.0
4,24,2700,50,45,0,131,6,232.0,0.0
4,27,2000,50,46,1,93,7,188.0,59.57826117501296
4,40,1800,50,50,1,89,7,150.0,189.5223229264308
4,27,1500,50,37,0,51,6,82.0,0.0
4,31,2900,50,38,1,151,12,340.0,184.48392974253156
4,21,1900,50,41,0,23,2,40.0,0.0
4,34,2100,50,37,1,159,11,260.0,127.14055337997678
4,36,2100,50,40,0,109,12,250.0,0.0
4,24,1700,50,43,1,93,4,116.0,12.902436572691162
4,35,1600,50,50,0,27,2,42.0,0.0
4,39,1900,50,38,0,127,9,196.0,0.0
4,33,2300,50,45,1,39,1,40.0,35.72164190728051
4,31,1800,50,45,1,51,3,64.0,73.26790181266253
4,38,2000,50,40,1,55,6,92.0,94.12552762254377
4,28,2000,50,46,0,37,4,100.0,0.0
4,40,2300,50,44,1,83,14,234.0,334.87320974695837
4,35,2900,50,48,0,217,18,580.0,0.0
4,28,1700,50,35,1,55,10,138.0,139.1568182430012
4,35,3000,50,36,0,205,29,726.0,0.0
4,25,3000,50,42,0,169,14,388.0,0.0
4,21,1800,50,46,1,59,2,60.0,57.86836208435388
4,21,1600,50,48,1,13,1,14.0,20.952293115082625
4,21,2500,50,48,0,87,6,124.0,0.0
4,31,1700,50,48,0,57,5,96.0,0.0
4,23,2500,50,35,1,83,10,164.0,89.2548902638474
4,25,2300,50,41,1,61,6,130.0,133.95674847898374
4,22,2500,50,35,0,85,12,264.0,0.0
4,31,3000,50,39,1,159,27,460.0,458.76989431259045
4,29,2600,50,35,1,145,18,464.0,282.7548413789735
4,33,2100,50,47,0,163,10,236.0,0.0
4,32,2700,50,46,0,93,10,264.0,0.0
4,22,2300,50,35,0,153,13,354.0,0.0
4,32,1800,50,44,0,5,1,6.0,0.0
4,40,2400,50,38,0,153,14,318.0,0.0
4,30,1700,50,44,0,29,4,58.0,0.0
4,40,2500,50,37,1,125,29,354.0,419.5393982026378
4,37,2600,50,39,1,123,29,398.0,549.1249443353173
4,30,1700,50,44,1,49,2,50.0,63.82443327067113
4,38,2500,50,41,0,265,19,488.0,0.0
4,26,2800,50,44,1,99,16,290.0,381.88862889821354
4,35,2000,50,37,0,71,8,120.0,0.0
4,32,2200,50,39,1,165,12,414.0,313.8678776452612
4,26,2300,50,41,1,123,8,244.0,90.0732910192404
4,36,1800,50,45,1,59,7,118.0,101.6378047057442
4,22,2300,50,46,0,43,4,122.0,0.0
4,26,1500,50,37,1,27,3,72.0,34.412402586552346
4,23,1500,50,35,0,85,6,138.0,0.0
4,40,1600,50,41,0,61,2,62.0,0.0
4,38,1900,50,42,1,129,6,164.0,102.09793931129903
4,28,2100,50,43,0,67,6,134.0,0.0
4,32,2500,50,48,0,135,10,274.0,0.0
4,24,2900,50,48,1,99,9,184.0,168.95346941532952
4,40,2600,50,36,1,161,36,478.0,514.0319963900196
4,20,2200,50,40,0,149,9,238.0,0.0
4,29,2400,50,38,1,139,8,210.0,121.73287251573463
4,37,2100,50,40,1,79,10,156.0,107.84613968677054
4,31,1600,50,38,0,55,7,138.0,0.0
4,30,2800,50,47,1,183,21,340.0,383.1132536288382
4,36,2700,50,49,0,153,11,284.0,0.0
4,37,1800,50,44,0,99,8,126.0,0.0
4,33,2200,50,44,0,145,10,268.0,0.0
4,30,1900,50,46,0,31,3,84.0,0.0
4,21,2900,50,45,1,137,9,222.0,223.50504100448467
4,35,1800,50,48,0,35,3,92.0,0.0
4,39,1900,50,48,1,53,5,116.0,106.64588399845162
4,33,3000,50,50,1,249,17,614.0,446.0402162642055
4,30,3000,50,35,1,133,28,466.0,357.86744873750837
4,24,2600,50,38,1,93,17,346.0,417.33053412045615
4,21,2300,50,47,1,91,4,128.0,38.30189769746136
4,36,3000,50,43,0,173,19,562.0,0.0
4,35,1500,50,49,0,51,5,52.0,0.0
4,37,2000,50,49,1,35,1,36.0,12.0
4,25,2600,50,50,0,213,10,248.0,0.0
4,28,2500,50,36,1,129,17,346.0,222.03566054948976
4,35,1700,50,39,0,91,6,150.0,0.0
4,39,2600,50,38,1,179,35,416.0,507.53077799869106
4,20,1900,50,42,1,67,4,138.0,63.5822599135568
4,25,2400,50,44,0,135,8,210.0,0.0
4,33,2300,50,48,0,139,10,270.0,0.0
4,31,2500,50,49,0,123,9,188.0,0.0
4,21,2300,50,35,0,107,10,290.0,0.0
4,35,2600,50,37,1,121,26,408.0,290.5875606531225
4,21,1500,50,41,1,75,5,116.0,103.16140309588772
4,29,2700,50,42,0,89,12,222.0,0.0
4,35,1900,50,47,1,35,2,36.0,32.01837853768203
4,35,2600,50,47,1,69,9,232.0,129.6154475557786
4,37,2000,50,43,0,107,11,238.0,0.0
3,28,2100,90,38,0,195,13,302.0,0.0
3,38,1700,90,40,0,143,10,202.0,0.0
3,23,2900,90,42,1,165,22,410.0,379.2493371420439
3,34,1500,90,44,1,77,13,158.0,345.8055712355402
3,36,2500,90,35,0,159,19,308.0,0.0
3,23,1500,90,49,1,39,3,40.0,67.33721482824356
4,26,1600,50,47,0,27,1,28.0,0.0
3,33,1700,90,41,0,121,11,174.0,0.0
3,23,2700,90,46,1,99,11,228.0,150.4175875462789
3,21,1600,90,43,1,31,2,62.0,46.79412651066126
3,37,1700,90,49,0,51,4,52.0,0.0
3,32,1500,90,50,1,27,3,62.0,111.99919734550338
3,24,2300,90,49,0,91,9,206.0,0.0
3,36,2400,90,47,1,163,23,336.0,318.18415980668584
3,30,2200,90,35,1,143,18,252.0,225.23834865299398
3,37,1900,90,38,0,135,16,256.0,0.0
3,28,2000,90,38,0,135,15,212.0,0.0
3,37,1700,90,41,0,113,7,148.0,0.0
3,25,2700,90,48,1,117,16,236.0,372.02583105463845
3,26,2000,90,44,1,127,12,246.0,335.83780634866787
3,26,2700,90,43,0,281,21,616.0,0.0
3,34,1700,90,36,0,117,13,238.0,0.0
3,35,2300,90,37,0,163,18,440.0,0.0
3,34,2800,90,41,1,171,28,410.0,393.65227325566286
3,24,3000,90,37,1,155,23,416.0,307.06475721069785
3,39,3000,90,42,1,199,39,426.0,574.8449970791964
3,34,2500,90,40,1,183,27,402.0,387.0452940946353
3,33,2900,90,42,0,209,27,538.0,0.0
3,22,2400,90,40,0,179,9,312.0,0.0
3,25,2000,90,41,0,73,9,220.0,0.0
3,37,1900,90,40,1,125,14,224.0,163.00026271668833
3,37,3000,90,39,1,127,36,340.0,570.429279502629
3,40,2900,90,39,1,145,38,416.0,702.630526156844
3,27,2900,90,50,0,181,13,352.0,0.0
3,24,1600,90,50,0,61,3,62.0,0.0
3,29,2400,90,36,1,133,25,372.0,301.57970524335565
3,20,2500,90,38,0,279,14,412.0,0.0
3,28,2800,90,43,1,167,26,392.0,550.313319417299
3,30,1600,90,41,1,43,7,88.0,147.2526243764216
3,21,2700,90,48,1,135,15,242.0,399.74940884830465
3,28,3000,90,44,0,261,23,572.0,0.0
3,30,3000,90,46,0,233,23,544.0,0.0
3,36,2100,90,37,1,127,23,330.0,348.8082293070486
3,31,2300,90,39,0,145,16,280.0,0.0
3,39,2400,90,40,1,177,32,430.0,387.19301042281705
3,27,1700,90,44,0,59,8,122.0,0.0
3,35,2900,90,39,0,281,31,758.0,0.0
3,35,1500,90,47,1,81,6,114.0,73.61315389422158
3,36,1800,90,50,0,99,7,164.0,0.0
3,30,1500,90,35,1,55,3,84.0,20.977542499856604
3,34,2300,90,42,0,153,14,242.0,0.0
3,32,2200,90,45,0,157,11,298.0,0.0
3,31,2000,90,47,0,109,8,228.0,0.0
3,23,1800,90,45,1,35,5,96.0,60.038287993802456
3,28,1700,90,42,1,65,8,158.0,138.44431738424845
3,33,1900,90,50,1,113,8,152.0,243.64737906674537
3,32,2300,90,44,0,159,17,360.0,0.0
3,33,2200,90,48,1,131,18,266.0,344.80029080999196
3,37,1800,90,40,0,129,12,208.0,0.0
3,27,2800,90,43,1,189,21,400.0,417.5199173750616
3,24,2200,90,41,0,117,12,204.0,0.0
3,25,2000,90,39,1,135,14,278.0,349.0163963015047
3,29,2400,90,48,1,121,15,304.0,338.890965287743
3,34,2200,90,50,0,195,11,326.0,0.0
3,36,2500,90,45,0,133,22,350.0,0.0
3,20,2500,90,36,0,179,17,342.0,0.0
3,21,2900,90,43,1,105,13,236.0,224.08834840558086
3,25,2700,90,41,1,173,22,378.0,329.0643851656083
3,21,2000,90,48,0,37,4,100.0,0.0
3,39,2700,90,42,1,207,33,432.0,520.872807435619
3,36,2400,90,42,0,185,17,406.0,0.0
3,36,2700,90,48,1,181,23,484.0,444.3353853587596
3,25,2000,90,35,1,63,14,188.0,136.9131263842781
3,32,2600,90,37,0,239,28,572.0,0.0
3,27,3000,90,42,0,211,22,470.0,0.0
3,22,2900,90,43,0,153,15,360.0,0.0
3,20,2900,90,46,0,199,12,396.0,0.0
3,36,1500,90,49,1,41,5,70.0,58.127976770911125
3,35,2400,90,45,1,181,20,358.0,407.8560847543967
3,40,2000,90,46,1,77,8,156.0,111.51622048448218
3,30,1900,90,46,0,201,13,234.0,0.0
3,25,2900,90,39,1,129,25,294.0,415.57491033935713
3,36,1500,90,40,0,53,7,106.0,0.0
3,40,1500,90,39,0,59,7,106.0,0.0
3,21,2700,90,48,1,119,13,246.0,351.4021806816804
3,33,1700,90,45,1,71,13,194.0,293.25507777753023
3,38,2700,90,48,0,139,22,350.0,0.0
3,23,2600,90,35,1,141,21,276.0,258.3194547188705
3,29,2400,90,41,0,183,14,472.0,0.0
3,36,2200,90,39,1,149,32,362.0,536.5173260526251
3,26,2600,90,45,0,179,15,414.0,0.0
3,36,2200,90,49,1,77,17,218.0,211.64743711161466
3,26,3000,90,46,0,341,23,608.0,0.0
3,27,3000,90,49,1,169,26,446.0,432.23456687816685
3,26,2300,90,47,0,79,7,186.0,0.0
3,20,2400,90,39,1,113,12,234.0,181.93603495973048
3,29,2900,85,39,1,135,28,324.0,480.8013831306165
3,26,2700,90,46,0,195,18,390.0,0.0
3,32,1600,90,45,1,101,8,132.0,100.00636753194009
3,30,1800,90,47,0,65,8,190.0,0.0
3,36,2400,90,50,0,133,13,290.0,0.0
3,38,2100,90,50,1,103,15,252.0,373.43156168531607
3,34,2400,85,36,1,133,28,348.0,296.2631273016993
3,25,2000,85,39,1,103,10,276.0,216.91421453169568
3,25,2300,85,37,0,211,18,502.0,0.0
3,21,3000,85,38,0,225,20,448.0,0.0
3,22,2100,85,41,1,47,5,120.0,81.85897074717253
3,25,1800,85,38,0,69,8,134.0,0.0
3,31,2900,85,50,0,227,17,396.0,0.0
3,31,2600,85,37,0,219,26,590.0,0.0
3,36,1500,85,45,1,59,7,120.0,90.10955350741531
3,37,2800,85,45,1,189,25,346.0,421.07004609957875
3,31,1900,85,45,0,89,10,214.0,0.0
3,38,1800,85,46,0,91,12,184.0,0.0
3,25,1500,85,50,1,47,3,74.0,95.42859258760355
3,26,2200,85,46,1,39,2,80.0,43.852601607646946
3,25,2300,85,35,1,177,21,300.0,284.44318539398665
3,27,2100,85,36,0,141,14,324.0,0.0
3,35,2600,85,35,0,229,30,594.0,0.0
3,29,2800,85,39,1,115,28,286.0,565.7442947186482
3,34,2300,85,39,0,247,19,544.0,0.0
3,39,1600,85,48,1,31,5,84.0,118.80247178522987
3,37,2300,85,44,0,145,15,326.0,0.0
3,27,2300,85,37,0,91,15,210.0,0.0
3,37,1500,85,38,0,65,9,126.0,0.0
3,28,1800,85,46,1,127,6,158.0,117.81185264275184
3,35,2800,85,42,1,211,34,472.0,413.21965312028374
3,24,2600,85,48,0,85,7,180.0,0.0
3,21,1700,85,48,1,31,2,62.0,81.0085273286345
3,37,2700,85,41,1,159,34,372.0,596.271771502442
3,21,1600,85,39,0,111,6,138.0,0.0
3,31,2600,85,39,0,253,19,454.0,0.0
3,33,2700,85,45,1,201,22,444.0,420.43393304658747
3,21,2500,85,45,1,129,15,312.0,361.8653236342546
3,30,2800,85,45,0,195,20,504.0,0.0
3,21,2400,85,50,0,79,4,116.0,0.0
3,39,2700,85,38,1,127,39,370.0,652.7121960292666
3,22,2300,85,38,1,89,17,202.0,354.2445790329761
3,20,1700,85,36,1,33,5,60.0,33.37036874394727
3,25,2700,85,40,0,339,20,530.0,0.0
3,25,2000,85,41,0,77,8,148.0,0.0
3,23,2200,85,47,1,121,10,218.0,98.25020699713247
3,28,3000,85,48,0,213,19,532.0,0.0
3,35,2100,85,45,1,197,19,368.0,365.82703150770163
3,20,1500,85,40,0,99,6,100.0,0.0
3,36,2200,85,38,1,141,24,358.0,382.54879009830296
3,34,3000,85,38,1,175,34,368.0,567.3522791989972
3,27,1900,85,44,1,79,11,154.0,222.91522586524783
3,24,2800,85,42,0,265,19,528.0,0.0
3,20,3000,85,48,1,167,12,328.0,261.967149557131
3,32,2900,85,40,0,275,24,696.0,0.0
3,39,2400,85,48,0,169,17,440.0,0.0
3,25,2200,85,35,1,97,23,254.0,269.12935373207756
3,40,2600,85,39,0,239,11,312.0,0.0
3,30,2000,85,45,1,87,14,152.0,239.2106195053217
3,28,1800,85,45,1,99,7,120.0,89.98542527176104
3,21,2800,85,49,0,185,8,392.0,0.0
3,24,2500,85,48,0,83,9,170.0,0.0
3,27,3000,85,50,0,203,16,470.0,0.0
3,22,2300,85,37,1,93,13,202.0,164.9680960089477
3,20,2500,85,40,1,117,12,286.0,151.74911488864504
3,25,2100,85,45,0,105,9,246.0,0.0
3,30,2800,85,42,0,249,21,558.0,0.0
3,36,1500,85,45,0,57,7,102.0,0.0
3,26,2100,85,42,1,103,9,240.0,120.86887116300221
3,29,2300,85,49,1,115,7,168.0,74.86132137607645
3,31,2000,85,50,0,123,10,232.0,0.0
3,22,2000,85,42,1,79,10,222.0,149.0770590606569
3,32,2700,85,45,0,253,24,422.0,0.0
3,26,1700,85,46,1,87,7,152.0,61.8221854945452
3,24,2000,85,49,1,61,7,150.0,141.38986226252672
3,37,1600,85,49,0,61,4,94.0,0.0
3,30,2700,85,47,0,253,16,396.0,0.0
3,28,1900,85,50,1,85,7,148.0,112.62580115003684
3,35,1500,85,35,1,55,12,106.0,140.69827253723284
3,32,1800,85,36,0,131,17,296.0,0.0
3,29,2200,85,45,1,117,13,214.0,328.8079787711351
3,40,2100,85,35,1,167,32,366.0,366.644585228362
3,25,2800,85,50,0,105,11,272.0,0.0
3,29,2200,85,47,0,121,11,244.0,0.0
3,27,2800,85,50,0,143,14,382.0,0.0
3,30,1800,85,35,0,99,12,220.0,0.0
3,27,2000,85,37,1,67,9,166.0,137.6555845128976
3,30,2000,85,40,1,97,12,214.0,141.8468180472893
3,33,1800,85,44,0,93,6,110.0,0.0
3,25,2300,85,48,0,125,10,194.0,0.0
3,25,1900,85,46,1,75,9,124.0,142.0804511427249
3,29,2700,85,49,1,243,17,328.0,268.6798744453129
3,22,1900,85,42,1,55,6,88.0,60.33211375280548
3,35,2400,85,38,0,273,19,528.0,0.0
3,33,1600,85,40,0,115,9,144.0,0.0
3,39,2100,85,41,0,235,23,520.0,0.0
3,22,2000,85,48,1,137,12,178.0,316.66584441208033
3,20,2900,85,49,1,147,11,368.0,215.58499078534177
3,25,3000,85,50,0,165,15,434.0,0.0
3,35,2900,85,36,0,219,33,634.0,0.0
3,34,1700,85,45,1,61,9,116.0,209.57250735692404
3,31,2400,85,37,1,157,25,362.0,231.83389777238526
3,37,2200,80,38,1,201,27,348.0,393.66825003574115
3,22,2400,85,48,1,115,14,224.0,361.55461550006254
3,24,1800,85,50,0,69,5,166.0,0.0
3,27,1600,85,50,0,23,4,66.0,0.0
3,21,2800,80,37,1,179,19,354.0,306.20407651241896
3,24,2600,80,45,0,133,16,256.0,0.0
3,26,1900,80,41,1,61,10,168.0,290.2166528924477
3,39,1700,80,38,0,91,13,208.0,0.0
3,32,2400,80,42,1,133,27,324.0,406.5599261238664
3,26,2700,80,45,0,207,18,504.0,0.0
3,37,1800,80,48,0,103,9,218.0,0.0
3,36,1600,80,37,1,75,13,170.0,136.05444510805978
3,27,2700,80,40,0,195,19,392.0,0.0
3,33,1700,80,39,1,109,9,142.0,209.3485750936428
3,24,2800,80,45,1,135,15,360.0,317.3597181354071
3,36,2700,80,44,1,265,20,466.0,348.5616624196723
3,25,1500,80,42,0,43,4,62.0,0.0
3,35,2900,80,48,0,261,18,444.0,0.0
3,20,2200,80,36,0,87,4,88.0,0.0
3,38,1600,80,38,0,85,11,148.0,0.0
3,31,2100,80,48,1,143,14,214.0,359.4550902654028
3,22,1900,80,46,0,35,5,98.0,0.0
3,31,1500,80,49,1,59,4,86.0,76.0760038422362
3,24,3000,80,50,0,227,12,402.0,0.0
3,28,2900,80,48,1,139,21,394.0,357.0573868794486
3,40,2100,80,39,1,169,20,338.0,366.0107497723134
3,32,1600,80,38,0,45,3,66.0,0.0
3,22,1900,80,46,1,59,6,126.0,43.83525854581265
3,22,1500,80,45,0,43,3,44.0,0.0
3,24,2900,80,44,0,249,12,364.0,0.0
3,27,1600,80,47,1,35,5,80.0,73.8883466261772
3,37,1700,80,49,1,83,5,140.0,59.79620030817092
3,33,1600,80,35,0,63,6,150.0,0.0
3,27,2000,80,37,1,181,18,332.0,190.61827678578413
3,36,2900,80,38,1,133,35,346.0,441.42268596689235
3,36,1500,80,37,0,91,10,108.0,0.0
3,24,2800,80,46,1,197,15,266.0,223.79426810814763
3,23,1800,80,47,0,67,5,104.0,0.0
3,28,2400,80,47,1,105,10,184.0,173.944430172389
3,31,2700,80,47,0,247,20,488.0,0.0
3,31,1600,80,36,0,39,7,82.0,0.0
3,22,2400,80,41,1,91,9,252.0,154.41713417114886
3,28,2900,80,42,1,161,25,398.0,425.92509312488795
3,20,1800,80,43,0,97,9,200.0,0.0
3,37,2700,80,43,0,195,24,462.0,0.0
3,28,2700,80,49,0,207,13,394.0,0.0
3,37,2600,80,46,1,207,19,484.0,297.879721899625
3,24,2100,80,38,1,73,10,174.0,127.24713801245368
3,35,2700,80,39,1,163,31,368.0,512.7980068540703
3,20,1900,80,47,1,61,5,106.0,58.471723680896396
3,22,2700,80,39,0,203,17,484.0,0.0
3,29,2000,80,40,1,149,15,306.0,193.04426301392485
3,36,2100,80,38,0,213,20,410.0,0.0
3,36,1700,80,40,0,107,11,174.0,0.0
3,20,2500,80,36,1,119,19,304.0,215.17859707593038
3,38,2400,80,35,0,225,22,448.0,0.0
3,32,1500,80,42,1,107,5,124.0,92.14868518527646
3,31,2400,80,37,0,221,21,530.0,0.0
3,20,2800,80,42,0,201,14,368.0,0.0
3,38,2200,80,45,1,139,21,354.0,337.7063269809354
3,35,2500,80,46,0,187,17,368.0,0.0
3,37,1800,80,41,0,67,7,128.0,0.0
3,21,1700,80,39,1,33,3,62.0,70.41936495075313
3,30,2700,80,37,1,145,28,330.0,487.444891485831
3,29,1700,80,48,0,63,5,94.0,0.0
3,20,2200,80,48,1,87,7,168.0,191.01126049173197
3,24,1600,80,43,0,83,8,184.0,0.0
3,40,1500,80,41,1,67,12,122.0,272.9698394456138
3,21,1700,80,37,0,63,5,64.0,0.0
3,29,1800,80,36,1,81,12,200.0,151.38143238363838
3,39,2400,80,40,1,165,25,458.0,386.0255442994195
3,24,2700,80,41,1,127,21,316.0,394.8570593275263
3,33,2200,80,40,0,189,19,434.0,0.0
3,30,1500,80,45,0,47,8,92.0,0.0
3,27,2200,80,41,0,113,9,262.0,0.0
3,26,2600,80,35,0,171,21,410.0,0.0
3,32,1900,80,39,1,135,12,264.0,200.51646803690033
3,20,1500,80,44,1,47,5,78.0,103.43875397826373
3,21,1500,80,49,0,57,4,86.0,0.0
3,30,2300,80,44,1,115,19,326.0,425.35311619950096
3,29,3000,80,49,1,127,23,322.0,341.4758946027318
3,31,3000,80,50,0,153,15,376.0,0.0
3,23,2500,80,38,1,193,22,342.0,337.9601011793852
3,31,1900,80,39,0,133,14,226.0,0.0
3,22,2500,80,38,0,149,17,370.0,0.0
3,25,2100,80,43,1,77,12,190.0,206.5709503932126
3,21,1600,80,50,0,45,7,98.0,0.0
3,39,1800,80,48,0,117,11,210.0,0.0
3,39,1800,80,50,1,163,12,258.0,251.93010278467514
3,20,1500,80,39,1,43,3,62.0,95.70064118933021
3,28,2900,80,35,1,151,28,390.0,497.614567570382
3,30,2500,80,39,0,181,23,414.0,0.0
3,26,2200,80,37,1,113,18,214.0,250.24119504033365
3,22,2100,80,43,0,101,10,242.0,0.0
3,22,2200,80,40,1,87,10,204.0,129.20335613017804
3,24,2300,80,50,0,163,13,256.0,0.0
3,29,2200,80,42,0,195,16,282.0,0.0
3,29,2500,80,39,0,305,23,612.0,0.0
3,27,2800,80,42,1,187,21,350.0,305.75240689610087
3,39,1600,80,43,0,69,6,100.0,0.0
3,21,2800,80,44,1,107,17,268.0,363.7033429636128
3,39,1500,80,44,0,83,7,160.0,0.0
3,32,1900,80,47,1,139,15,232.0,154.51315429211496
3,24,2400,75,44,1,141,17,324.0,311.33200930158966
3,34,2100,75,38,0,197,10,350.0,0.0
3,26,1800,75,39,0,157,13,246.0,0.0
3,38,2000,75,42,1,101,15,226.0,170.6979995929422
3,23,2500,75,45,0,179,16,410.0,0.0
3,32,1500,75,47,1,51,3,58.0,34.9664274948746
3,32,2300,75,48,0,165,11,400.0,0.0
3,27,2300,75,46,1,143,11,222.0,184.75859579251517
3,21,2100,75,39,1,95,14,172.0,304.72399412967786
3,33,1900,75,41,0,131,12,234.0,0.0
3,26,2200,75,44,1,173,14,386.0,294.7405456696197
3,31,1900,75,44,0,97,5,150.0,0.0
3,29,1600,75,45,1,45,7,86.0,155.26291174752652
3,21,2800,75,44,0,163,11,352.0,0.0
3,22,2900,75,50,1,241,11,382.0,271.3121399207417
3,21,2800,75,38,0,261,17,526.0,0.0
3,27,1500,75,36,1,77,10,132.0,98.20613371798689
3,33,1800,75,37,0,69,7,130.0,0.0
3,28,2900,75,38,1,143,27,358.0,495.6814422953784
3,38,2500,75,39,0,271,21,490.0,0.0
3,32,2400,75,45,0,95,10,272.0,0.0
3,22,2900,75,46,1,147,16,268.0,415.6576629093583
3,31,2600,75,35,0,341,28,560.0,0.0
3,21,2700,75,36,1,145,20,354.0,273.25100798280175
3,28,2200,75,35,0,317,18,520.0,0.0
3,31,2100,75,40,0,67,11,152.0,0.0
3,20,2000,75,47,1,67,4,102.0,51.70678996434373
3,24,3000,75,43,1,153,20,250.0,369.32447088646467
3,29,3000,75,49,1,135,16,286.0,269.2735179730549
3,22,2200,75,36,1,93,11,172.0,129.04045375544985
3,29,1700,75,39,0,85,9,178.0,0.0
3,23,2400,75,42,1,113,14,240.0,173.86224168645163
3,37,1900,75,42,1,99,12,148.0,208.27323802000953
3,40,2000,75,47,0,219,13,288.0,0.0
3,31,2400,75,50,0,87,9,216.0,0.0
3,31,2400,75,47,0,133,13,310.0,0.0
3,33,2200,75,36,1,151,26,318.0,290.35882438781465
3,30,1700,75,41,0,61,4,114.0,0.0
3,30,2600,75,37,1,267,22,524.0,341.53051242058575
3,27,2500,75,44,1,131,15,294.0,310.0006319149128
3,33,2300,75,45,0,165,14,366.0,0.0
3,28,1600,75,49,0,53,6,104.0,0.0
3,36,2200,75,49,1,123,21,274.0,294.5273131148929
3,31,2900,75,48,0,167,18,486.0,0.0
3,35,2300,75,49,1,123,11,284.0,166.37306880781568
3,34,1500,75,37,0,47,4,92.0,0.0
3,24,3000,75,36,1,109,24,294.0,293.8521899786183
3,28,2200,75,36,0,129,16,310.0,0.0
3,26,1800,75,40,1,83,11,132.0,68.45687975346613
3,37,1600,75,46,1,79,11,190.0,103.16097293011546
3,33,1800,75,50,1,53,8,116.0,121.9318505462117
3,24,2700,75,42,0,191,16,426.0,0.0
3,25,2000,75,45,0,77,7,108.0,0.0
3,36,2900,75,35,1,155,35,414.0,473.06130934321504
3,40,1800,75,37,1,91,13,200.0,136.6405788582081
3,33,2600,75,43,1,165,26,430.0,489.3676729243481
3,23,1700,75,39,0,91,8,148.0,0.0
3,25,1700,75,50,0,27,2,34.0,0.0
3,35,2500,75,41,0,127,14,298.0,0.0
3,31,2700,75,46,0,187,15,518.0,0.0
3,23,2700,75,41,1,135,19,266.0,298.8364982072399
3,37,2200,75,39,0,161,17,412.0,0.0
3,27,2600,75,45,1,85,10,198.0,248.31266649558583
3,25,2300,75,44,0,93,10,214.0,0.0
3,29,2500,75,43,1,125,19,282.0,322.60977881377585
3,28,2700,75,46,1,145,16,362.0,328.11110995358314
3,21,1700,75,46,0,125,7,148.0,0.0
3,27,2300,75,37,0,209,17,464.0,0.0
3,35,2100,75,39,1,113,16,276.0,395.7887337481622
3,26,1900,75,49,0,75,5,124.0,0.0
3,35,2000,75,43,0,145,12,240.0,0.0
3,36,2100,75,38,1,127,22,304.0,275.43645588073844
3,28,2700,75,43,0,261,18,586.0,0.0
3,37,1700,75,44,1,87,7,156.0,175.77525305463047
3,26,1900,75,39,1,95,11,194.0,276.52586966539104
3,40,1600,75,41,1,87,10,120.0,161.48678342983732
3,27,2600,75,42,1,149,14,310.0,225.35282276814505
3,29,2800,75,44,0,147,12,354.0,0.0
3,32,2800,75,38,1,179,31,386.0,471.3024194006354
3,37,3000,75,40,0,255,29,658.0,0.0
3,37,2800,75,47,0,257,25,594.0,0.0
3,32,1500,75,38,0,27,4,84.0,0.0
3,25,1900,75,40,1,65,6,148.0,110.50768639662668
3,22,3000,75,41,1,157,21,344.0,354.4478497566866
3,33,2200,75,41,0,117,12,212.0,0.0
3,38,2400,75,39,0,141,21,350.0,0.0
3,22,3000,75,47,0,175,15,466.0,0.0
3,38,2100,75,49,1,89,15,188.0,234.8336460127935
3,27,1600,75,39,0,49,7,98.0,0.0
3,39,2800,75,36,1,193,39,474.0,505.9959325197465
3,37,2900,75,36,1,189,31,486.0,380.0074619383772
3,29,1500,75,41,0,19,2,28.0,0.0
3,22,2700,75,38,1,139,18,302.0,306.36146351935616
3,33,1900,75,41,1,81,13,190.0,186.64920086731578
3,32,2500,75,44,0,221,14,446.0,0.0
3,32,1600,75,35,0,73,10,152.0,0.0
3,22,1700,75,36,0,75,5,104.0,0.0
3,39,1800,70,38,0,129,13,248.0,0.0
3,33,2700,75,39,1,137,31,354.0,667.8479451731881
3,37,3000,75,38,1,193,37,504.0,531.5724204571272
3,20,2800,70,38,1,99,19,276.0,359.43715583072316
3,27,2600,75,46,0,149,11,280.0,0.0
3,37,1700,70,46,1,93,7,122.0,79.75548560046762
3,22,1500,70,40,0,75,7,128.0,0.0
3,31,2300,70,39,1,127,10,250.0,223.6846042400666
3,32,2900,70,40,0,167,22,468.0,0.0
3,29,2200,70,42,1,163,11,242.0,173.7968498841125
3,40,2600,70,46,1,165,27,398.0,358.96641397530294
3,28,2500,70,46,0,135,12,266.0,0.0
3,39,2100,70,47,0,229,11,300.0,0.0
3,23,2400,70,35,0,157,15,194.0,0.0
3,21,1700,70,36,1,61,9,146.0,105.64880700881089
3,36,1800,70,42,1,83,12,164.0,128.04662982059074
3,20,1900,70,46,1,63,7,84.0,81.53569800570833
3,32,2500,70,38,1,159,26,394.0,472.67869577057763
3,26,2500,70,43,0,137,9,266.0,0.0
3,35,2100,70,47,0,159,15,404.0,0.0
3,33,1800,70,40,0,105,12,228.0,0.0
3,33,2800,70,38,0,261,27,660.0,0.0
3,27,1600,70,45,1,77,4,78.0,46.76587051742174
3,40,2000,70,40,0,107,13,214.0,0.0
3,36,2400,70,43,1,191,17,314.0,270.4553083572757
3,31,2800,70,48,1,205,20,442.0,415.6060746945703
3,29,3000,70,50,0,273,16,486.0,0.0
3,35,2700,70,43,1,95,15,158.0,300.7824482212079
3,29,1600,70,35,0,83,10,210.0,0.0
3,23,2100,70,42,0,155,9,270.0,0.0
3,21,2000,70,37,1,125,14,230.0,175.97354869364472
3,31,1700,70,39,0,89,9,202.0,0.0
3,28,1500,70,45,0,21,2,34.0,0.0
3,31,1800,70,47,1,121,6,148.0,67.96896798492226
3,23,1900,70,50,1,71,7,120.0,216.5291248803818
3,38,2600,70,50,1,115,17,256.0,338.7332629916032
3,37,2900,70,35,0,281,31,664.0,0.0
3,28,2200,70,36,1,163,23,336.0,224.14795874687687
3,34,2400,70,44,1,133,20,284.0,371.72108314172254
3,31,1700,70,44,0,89,7,146.0,0.0
3,20,2500,70,44,0,91,5,92.0,0.0
3,23,2900,70,49,1,171,16,318.0,302.0746793005927
3,20,2300,70,46,0,123,7,198.0,0.0
3,31,2500,70,35,0,215,25,576.0,0.0
3,39,2900,70,37,1,133,38,362.0,523.5940397565291
3,25,1900,70,47,1,67,5,100.0,66.97640450128425
3,35,1700,70,44,1,63,7,156.0,201.32786196456064
3,38,2200,70,46,1,201,11,332.0,143.37095734778276
3,37,2100,70,49,0,113,12,220.0,0.0
3,30,2900,70,49,0,273,21,598.0,0.0
3,22,2300,70,35,1,85,16,232.0,254.27273192985487
3,21,2000,70,41,0,99,11,244.0,0.0
3,40,2300,70,44,1,113,13,268.0,273.01686385979025
3,27,2600,70,48,0,145,12,354.0,0.0
3,39,2100,70,42,0,139,15,318.0,0.0
3,39,2100,70,46,0,99,13,236.0,0.0
3,36,1800,70,50,1,89,9,128.0,262.86755959526306
3,36,2100,70,36,0,189,20,400.0,0.0
3,39,3000,70,35,1,109,39,290.0,419.589734214717
3,32,1700,70,39,1,81,11,174.0,311.82438593679046
3,22,1900,70,46,1,35,5,96.0,67.81428626250779
3,26,1700,70,37,0,63,5,84.0,0.0
3,22,2500,70,48,0,129,9,214.0,0.0
3,37,2300,70,49,1,117,19,260.0,277.4171395232249
3,35,2200,70,38,0,135,14,352.0,0.0
3,30,1800,70,38,1,89,13,192.0,119.65067715867364
3,38,2100,70,39,0,185,15,336.0,0.0
3,27,2400,70,44,1,115,17,256.0,366.2128948787647
3,28,1600,70,47,0,137,7,164.0,0.0
3,30,2600,70,35,1,173,28,342.0,485.5459025206443
3,23,2400,70,49,0,89,5,136.0,0.0
3,35,2600,70,48,1,191,17,406.0,309.7152318680371
3,30,2900,70,38,0,259,25,500.0,0.0
3,27,2800,70,41,0,187,18,384.0,0.0
3,34,2000,70,44,1,175,16,294.0,372.6775900078372
3,33,2900,70,44,0,265,21,572.0,0.0
3,32,3000,70,47,1,179,31,494.0,403.40321017067436
3,40,2500,70,44,1,147,15,300.0,354.15522875236564
3,28,1700,70,49,0,61,8,158.0,0.0
3,35,2000,70,35,1,111,16,250.0,187.09861321012036
3,39,1800,70,35,0,99,10,220.0,0.0
3,38,2900,70,35,0,331,34,798.0,0.0
3,21,1600,70,37,0,77,7,104.0,0.0
3,35,1500,70,41,1,61,7,104.0,176.29252306419474
3,20,3000,70,49,1,193,16,388.0,291.315085872018
3,22,3000,70,49,1,233,7,292.0,120.52854329149254
3,23,2000,70,36,1,111,16,230.0,166.62329275016955
3,21,2200,70,39,1,67,6,154.0,180.088810705046
3,24,2100,70,46,0,61,7,118.0,0.0
3,31,2700,70,42,0,231,23,502.0,0.0
3,40,2400,70,43,0,133,7,212.0,0.0
3,30,1900,70,44,1,89,8,222.0,225.29317082870338
3,33,2100,70,49,0,107,10,250.0,0.0
3,23,2700,70,36,1,115,22,292.0,335.7337806924286
3,26,2000,70,36,0,145,9,210.0,0.0
3,29,1800,70,36,1,93,14,166.0,147.65784758803744
3,22,2600,70,46,1,197,11,266.0,151.5493555922652
3,22,3000,70,45,0,253,13,254.0,0.0
3,27,1500,70,48,1,45,5,82.0,156.48703188943878
3,38,2700,70,46,0,297,22,552.0,0.0
3,40,2300,65,35,1,137,31,350.0,448.21992265815294
3,36,1900,70,37,1,105,20,236.0,287.58918271540676
3,33,2900,65,37,1,205,29,470.0,452.5245391455006
3,39,2600,65,43,0,151,12,334.0,0.0
3,27,2300,70,48,0,75,6,140.0,0.0
3,29,1700,70,46,0,33,3,64.0,0.0
3,26,3000,65,50,0,143,10,298.0,0.0
3,38,2600,65,49,1,133,13,220.0,152.02907279833587
3,38,1900,65,37,1,127,16,236.0,223.59314534661596
3,38,2000,65,36,0,171,15,238.0,0.0
3,24,2000,65,40,0,117,10,222.0,0.0
3,39,1500,65,38,1,53,6,98.0,65.87196787523352
3,29,2000,65,40,0,111,9,182.0,0.0
3,33,2500,65,41,0,235,19,414.0,0.0
3,29,1800,65,48,1,121,9,264.0,265.8670534864722
3,36,2600,65,45,1,173,19,420.0,510.6627919386381
3,34,1500,65,35,0,99,11,176.0,0.0
3,29,2100,65,38,0,111,10,234.0,0.0
3,29,3000,65,36,0,265,26,590.0,0.0
3,31,2500,65,44,1,191,20,360.0,400.8593288136685
3,30,1800,65,48,1,83,5,108.0,134.07559972292466
3,40,3000,65,43,0,347,27,772.0,0.0
3,35,2000,65,50,1,63,7,98.0,110.15497272175543
3,32,1700,65,50,1,55,6,112.0,138.49058051119334
3,32,2500,65,40,1,123,22,308.0,240.81172202374032
3,22,1600,65,42,1,31,1,32.0,11.68004640907316
3,31,1500,65,41,0,57,2,58.0,0.0
3,23,1900,65,46,1,91,7,130.0,77.33122868749021
3,28,2500,65,47,0,215,9,280.0,0.0
3,31,2700,65,45,0,279,17,566.0,0.0
3,39,2500,65,50,0,115,9,220.0,0.0
3,23,2900,65,41,1,155,9,362.0,156.62999577236442
3,26,1800,65,39,0,69,10,184.0,0.0
3,30,1600,65,43,0,51,4,84.0,0.0
3,21,2200,65,41,1,55,7,152.0,110.38509726584809
3,38,1900,65,45,1,89,11,172.0,222.19891336255972
3,40,2800,65,44,1,241,33,418.0,661.9676965512377
3,25,2800,65,46,0,311,14,478.0,0.0
3,23,2700,65,45,0,251,14,482.0,0.0
3,32,3000,65,38,1,149,31,356.0,481.54131583342
3,33,2200,65,37,0,227,15,470.0,0.0
3,30,2800,65,41,1,183,24,444.0,356.78478274251
3,33,2900,65,48,1,203,27,324.0,545.4664968574059
3,37,1700,65,44,0,91,11,186.0,0.0
3,30,1800,65,48,0,101,7,132.0,0.0
3,24,2700,65,35,1,171,21,386.0,218.46849096129256
3,24,2900,65,35,1,159,23,388.0,353.6773539256594
3,25,2900,65,39,0,215,19,466.0,0.0
3,24,2000,65,38,0,109,9,218.0,0.0
3,21,1500,65,50,0,51,2,52.0,0.0
3,36,1700,65,42,0,99,10,200.0,0.0
3,28,2700,65,49,1,169,14,258.0,193.45945704999485
3,36,2400,65,50,1,137,16,264.0,315.6031577237812
3,31,2700,65,38,0,205,21,398.0,0.0
3,38,2500,65,37,1,151,27,374.0,361.60511713788657
3,34,2700,65,36,1,129,30,382.0,397.8791978492224
3,39,2100,65,45,0,69,7,132.0,0.0
3,39,2700,65,43,1,227,27,618.0,465.43714203559057
3,38,2500,65,45,0,191,23,510.0,0.0
3,26,2200,65,49,1,93,8,176.0,157.8540523980703
3,29,1900,65,43,0,93,12,188.0,0.0
3,24,2400,65,35,1,115,20,304.0,293.98443166952796
3,21,1900,65,36,1,91,11,176.0,96.67243787805847
3,24,1500,65,36,0,27,3,50.0,0.0
3,31,2000,65,40,1,73,7,146.0,92.68645295650141
3,22,1700,65,46,0,61,6,136.0,0.0
3,25,3000,65,49,0,229,15,496.0,0.0
3,38,2900,65,45,1,335,25,586.0,313.00367314046963
3,31,1900,65,35,0,109,12,204.0,0.0
3,40,1900,65,37,1,141,14,220.0,158.60309592113086
3,26,2500,65,39,1,135,17,222.0,282.9296495937833
3,28,1800,65,45,1,81,8,138.0,164.7899948687116
3,34,3000,65,41,0,277,25,718.0,0.0
3,26,2400,65,38,0,203,14,422.0,0.0
3,39,2800,65,48,0,189,16,450.0,0.0
3,21,2600,65,37,0,191,9,282.0,0.0
3,40,2000,65,44,1,151,16,278.0,298.9294778603711
3,33,2900,65,44,1,139,27,358.0,568.1511538127554
3,36,2100,65,39,1,129,18,296.0,373.5231438415101
3,27,1900,65,44,0,75,4,142.0,0.0
3,27,2500,65,46,1,127,17,262.0,207.80639753815817
3,39,2500,65,43,0,237,25,468.0,0.0
3,36,2100,65,35,0,155,13,288.0,0.0
3,29,1800,65,42,0,67,10,188.0,0.0
3,26,2800,65,45,1,171,15,440.0,265.6149353353899
3,35,2300,65,50,1,105,10,212.0,182.984765458165
3,31,1800,65,50,1,69,5,104.0,152.3300306839803
3,36,1800,65,50,0,97,6,128.0,0.0
3,25,2100,65,48,0,57,4,128.0,0.0
3,38,1500,65,36,1,69,9,138.0,80.7031981507542
3,31,1500,65,37,0,53,6,54.0,0.0
3,37,2100,65,41,0,79,12,236.0,0.0
3,33,2300,65,44,1,133,10,226.0,254.23475433883348
3,22,1800,65,43,1,65,3,66.0,35.882561431461696
3,20,1900,65,46,1,61,5,158.0,63.02822263812516
3,39,1600,65,45,0,49,4,98.0,0.0
3,25,2000,65,37,0,69,7,144.0,0.0
3,25,2500,65,38,1,161,15,332.0,181.89437192359142
3,36,2700,65,38,1,157,33,348.0,455.00718811804825
3,33,2200,65,44,1,149,14,232.0,336.3728753099714
3,22,2800,65,45,0,153,12,386.0,0.0
3,27,2000,65,48,0,87,7,158.0,0.0
3,31,2700,65,49,0,193,9,330.0,0.0
3,29,2000,60,40,0,149,14,344.0,0.0
3,24,1800,60,44,1,63,11,160.0,264.7719150837295
3,37,2700,60,41,0,105,13,304.0,0.0
3,21,2600,60,46,1,109,11,258.0,217.66674434633723
3,39,2400,60,47,1,199,26,368.0,543.5989318596829
3,30,2100,60,48,0,119,5,144.0,0.0
3,36,2500,60,45,1,147,16,330.0,320.56016155358145
3,31,1800,60,40,1,91,6,194.0,71.06138163841123
3,39,2400,60,36,0,209,20,456.0,0.0
3,27,1700,60,45,1,67,6,92.0,133.18416163305073
3,30,3000,60,46,1,179,25,506.0,535.4324897120556
3,31,1600,60,50,0,75,6,102.0,0.0
3,37,3000,60,39,0,401,33,796.0,0.0
3,38,2300,60,42,0,119,16,302.0,0.0
3,24,1500,60,36,0,51,4,98.0,0.0
3,38,1500,60,38,1,67,10,100.0,59.896374806896596
3,24,2200,60,44,0,159,11,306.0,0.0
3,38,1900,60,45,1,93,10,206.0,240.5675330828564
3,37,2800,60,44,0,185,16,448.0,0.0
3,35,2100,60,44,1,81,10,124.0,233.2148989618243
3,20,2000,60,48,1,37,1,38.0,27.105950590969343
3,40,2900,60,43,1,223,34,592.0,614.2522266479076
3,30,1700,60,46,0,23,2,48.0,0.0
3,26,2200,60,45,1,161,6,206.0,178.68036144881532
3,31,1700,60,46,0,55,3,88.0,0.0
3,40,1500,60,47,0,41,6,82.0,0.0
3,21,1700,60,47,1,29,3,54.0,15.427277015468224
3,26,2800,60,48,0,155,6,246.0,0.0
3,22,1800,60,35,0,101,9,192.0,0.0
3,31,2600,60,37,1,153,26,310.0,359.839297630228
3,23,1700,60,41,1,81,3,82.0,52.45771231880044
3,20,1800,60,44,1,69,4,106.0,61.94956082656297
3,30,3000,60,45,0,177,15,414.0,0.0
3,26,2400,60,47,0,247,7,248.0,0.0
3,31,2900,60,44,1,221,27,450.0,598.9422555167087
3,24,2800,60,35,0,157,22,468.0,0.0
3,34,2400,60,36,1,173,26,394.0,325.43909904353865
3,23,2100,60,35,1,115,12,296.0,105.8485733291971
3,38,2800,60,39,0,207,21,422.0,0.0
3,33,1800,60,48,1,49,9,122.0,191.26162071728177
3,25,1900,60,40,0,95,9,198.0,0.0
3,33,2700,60,45,1,151,21,350.0,561.3121956586626
3,40,2500,60,44,0,171,14,344.0,0.0
3,33,2900,60,42,1,245,23,500.0,308.06760199265335
3,40,1700,60,43,0,57,5,124.0,0.0
3,24,2700,60,49,1,71,10,186.0,165.35689831412412
3,31,2100,60,46,1,81,6,118.0,75.76762395362616
3,31,2300,60,46,0,81,7,190.0,0.0
3,25,2900,60,45,0,225,12,424.0,0.0
3,40,2800,60,47,0,111,7,252.0,0.0
3,33,2400,60,35,1,255,29,402.0,412.4251450766037
3,34,1600,60,39,1,85,9,166.0,269.6639039702901
3,24,2700,60,42,0,201,9,354.0,0.0
3,31,1800,60,38,0,97,10,200.0,0.0
3,20,2600,60,37,1,163,17,422.0,228.5691918135575
3,31,2000,60,35,0,157,10,236.0,0.0
3,23,2700,60,38,1,181,19,368.0,279.72666139787
3,30,1900,60,40,0,67,10,136.0,0.0
3,33,1700,60,44,0,105,4,106.0,0.0
3,24,1900,60,45,1,51,5,82.0,98.2949795721419
3,28,1800,60,47,1,71,4,138.0,75.78993467618939
3,36,2000,60,43,1,51,8,134.0,98.26613410900694
3,26,2700,60,49,0,179,10,328.0,0.0
3,35,2800,60,49,0,199,12,462.0,0.0
3,31,2600,60,39,0,169,15,422.0,0.0
3,24,1600,60,39,1,29,5,52.0,86.1340866630779
3,24,2200,60,42,1,73,8,190.0,100.8775452518822
3,30,2200,60,39,0,119,13,252.0,0.0
3,27,2200,60,35,0,153,12,294.0,0.0
3,40,2000,60,48,1,71,6,128.0,149.55388569093495
3,20,2100,60,50,1,53,6,114.0,129.92823052884953
3,36,2500,60,39,0,261,23,482.0,0.0
3,26,2000,60,40,1,79,2,80.0,27.48005073699577
3,40,2200,60,36,0,203,12,316.0,0.0
3,23,2000,60,43,1,37,3,48.0,53.535079340861536
3,33,2100,60,47,0,73,6,136.0,0.0
3,35,2000,60,47,1,129,9,180.0,109.54775072059257
3,36,2200,60,41,0,315,14,436.0,0.0
3,36,1500,60,40,0,55,3,56.0,0.0
3,20,1600,60,39,1,57,8,126.0,213.73553405580094
3,29,1500,60,40,1,29,3,56.0,41.86366297395903
3,38,1600,60,41,0,81,9,120.0,0.0
3,33,1700,60,45,1,63,7,134.0,141.46925702486817
3,39,2800,60,47,1,199,20,398.0,309.54735254430733
3,33,2500,60,49,0,259,17,490.0,0.0
3,29,1500,60,35,1,93,15,166.0,171.2348118795226
3,25,2800,60,38,1,173,22,448.0,361.91938907436145
3,28,2900,60,38,1,159,26,396.0,494.3843195783406
3,20,2100,60,49,0,83,5,102.0,0.0
3,36,2100,60,44,0,117,9,188.0,0.0
3,20,1500,60,50,0,55,3,56.0,0.0
3,35,3000,60,50,0,197,14,448.0,0.0
3,21,1900,60,36,1,55,7,114.0,81.75809563612967
3,37,1500,60,38,1,29,4,56.0,28.15218236407274
3,27,2700,60,45,0,83,9,218.0,0.0
3,28,1500,60,45,1,51,3,76.0,47.530691937486814
3,29,1700,60,46,0,85,6,158.0,0.0
3,40,2700,60,45,0,131,13,340.0,0.0
3,35,2300,60,48,1,169,17,358.0,391.7281769159809
3,27,2300,55,37,0,115,10,226.0,0.0
3,38,1800,55,37,1,101,10,238.0,121.78053255455528
3,25,2200,55,38,1,89,6,134.0,76.66038828394855
3,27,2800,55,46,1,165,16,342.0,214.62445636717516
3,35,1800,55,50,0,33,2,34.0,0.0
3,22,1800,60,46,0,59,5,126.0,0.0
3,39,1800,55,49,0,97,8,220.0,0.0
3,29,2200,55,35,1,157,17,318.0,177.03398217198975
3,20,2300,55,38,0,153,14,278.0,0.0
3,37,2900,55,41,1,241,21,352.0,348.40761434877305
3,26,1500,55,45,0,21,2,24.0,0.0
3,21,2800,55,45,0,107,5,208.0,0.0
3,36,2500,55,45,1,221,16,370.0,295.2326938757721
3,26,2300,55,48,1,103,11,156.0,265.4260045997884
3,31,1800,55,35,1,87,15,172.0,128.84528715436778
3,24,2200,55,35,0,173,9,242.0,0.0
3,29,1800,55,46,1,59,5,92.0,45.45915535794478
3,20,1800,55,47,0,111,6,148.0,0.0
3,34,2600,55,48,1,135,22,312.0,467.8497944630686
3,35,2900,55,49,0,137,12,302.0,0.0
3,32,1900,55,49,0,47,5,72.0,0.0
3,28,3000,55,35,1,151,28,386.0,388.6659258252584
3,22,2100,55,38,0,109,8,214.0,0.0
3,39,2800,55,45,1,149,7,280.0,176.75314302543703
3,34,2100,55,41,0,143,12,258.0,0.0
3,40,2600,55,42,0,281,16,522.0,0.0
3,38,2800,55,46,1,187,17,274.0,350.4276300583953
3,35,2100,55,48,1,127,17,254.0,385.75400074858965
3,25,3000,55,38,0,393,20,640.0,0.0
3,24,2400,55,38,1,93,14,236.0,198.21605964816294
3,32,2600,55,42,1,125,21,318.0,211.4643380419254
3,40,1700,55,46,0,93,7,124.0,0.0
3,34,2800,55,37,0,369,26,732.0,0.0
3,30,2200,55,43,0,111,8,186.0,0.0
3,22,1500,55,45,1,21,2,38.0,42.59449406626126
3,21,1700,55,43,0,27,1,28.0,0.0
3,20,2900,55,43,1,145,13,296.0,288.39014963326787
3,22,2500,55,44,0,81,5,148.0,0.0
3,27,2100,55,46,1,55,8,130.0,117.76288554218
3,33,2800,55,45,1,199,24,406.0,499.2062231930893
3,30,2900,55,44,1,149,25,336.0,395.48127446720343
3,30,2700,55,47,0,203,19,450.0,0.0
3,37,1900,55,35,1,91,20,250.0,191.39275196846577
3,37,2600,55,35,0,283,22,502.0,0.0
3,39,1700,55,39,0,91,7,152.0,0.0
3,28,1900,55,39,1,149,11,218.0,283.48166970408255
3,38,2000,55,47,0,65,8,126.0,0.0
3,31,2800,55,41,0,203,20,470.0,0.0
3,29,1700,55,48,1,57,3,80.0,118.69012215878722
3,21,2100,55,38,0,75,5,112.0,0.0
3,22,2200,55,38,1,117,11,258.0,194.4431445570291
3,37,2600,55,42,1,207,21,368.0,258.14917490175253
3,24,1800,55,47,1,97,7,178.0,100.87425750932532
3,38,2900,55,43,1,165,24,400.0,597.4910626726017
3,20,2200,55,40,0,83,8,166.0,0.0
3,26,1700,55,49,0,93,6,140.0,0.0
3,22,3000,55,36,0,211,16,454.0,0.0
3,35,1700,55,40,0,79,3,80.0,0.0
3,37,2300,55,40,1,141,22,378.0,332.071196529167
3,34,2000,55,47,0,115,7,182.0,0.0
3,22,2700,55,49,0,73,7,178.0,0.0
3,34,1600,55,41,1,95,8,96.0,163.53699023715308
3,37,1600,55,50,1,79,4,80.0,126.23255750180145
3,23,1900,55,36,1,119,14,202.0,135.4715005605263
3,29,1500,55,43,0,57,3,58.0,0.0
3,37,2500,55,41,1,163,28,422.0,463.3183183694735
3,24,3000,55,42,0,231,14,474.0,0.0
3,35,2300,55,46,1,131,12,290.0,192.68963104321654
3,25,2500,55,39,1,105,21,288.0,417.4997293928964
3,35,1800,55,43,0,85,6,122.0,0.0
3,21,1500,55,37,1,27,2,38.0,22.48775019849588
3,32,1800,55,39,0,59,3,94.0,0.0
3,39,1700,55,42,1,31,3,56.0,43.04767147512779
3,24,1900,55,44,1,33,2,34.0,47.05480232246315
3,30,2300,55,37,0,207,13,314.0,0.0
3,39,2200,55,39,0,159,12,262.0,0.0
3,37,3000,55,36,0,323,30,808.0,0.0
3,24,2200,55,35,1,107,17,252.0,158.90275343440308
3,24,1500,55,39,0,29,4,82.0,0.0
3,35,2100,55,39,1,115,12,254.0,286.5091646375561
3,29,1700,55,50,1,63,3,94.0,57.23490378185345
3,23,1700,55,49,0,99,4,100.0,0.0
3,34,2300,55,50,0,121,7,190.0,0.0
3,21,2500,55,49,1,57,5,152.0,53.17208358347001
3,30,1700,55,35,0,33,4,66.0,0.0
3,32,2200,55,37,0,159,11,246.0,0.0
3,23,1800,55,37,1,97,10,202.0,66.7357760515903
3,26,1600,55,47,1,19,3,40.0,0.0
3,26,3000,55,41,1,185,21,448.0,360.24881692191
3,31,2600,55,48,0,97,12,282.0,0.0
3,29,3000,55,49,0,181,13,344.0,0.0
3,34,1800,55,37,1,47,6,118.0,55.26499170745015
3,28,2900,55,40,0,217,21,538.0,0.0
3,30,2500,55,39,1,155,17,334.0,444.07703472412527
3,31,1900,55,41,1,67,7,130.0,152.5581164930558
3,25,1800,55,47,0,69,5,126.0,0.0
3,33,2900,55,42,1,201,24,478.0,312.9811128917021
3,38,2400,55,41,0,217,15,306.0,0.0
3,38,2900,50,37,1,249,35,530.0,531.0680791526661
3,26,2100,55,39,0,75,7,148.0,0.0
3,30,3000,50,39,0,215,22,598.0,0.0
3,33,2900,50,46,1,161,19,284.0,393.50590446934
3,30,2800,50,40,0,185,18,436.0,0.0
3,36,2700,55,49,0,205,14,384.0,0.0
3,32,3000,55,47,1,211,15,414.0,288.59272483141143
3,36,2900,50,38,0,305,23,752.0,0.0
3,21,1700,50,35,1,25,3,42.0,55.97836998671937
3,35,2900,50,41,0,201,10,354.0,0.0
3,34,1700,50,44,1,95,9,158.0,214.40304803347684
3,28,2400,50,50,1,119,4,120.0,106.63957481472447
3,32,1600,50,44,1,61,3,84.0,124.64003405506043
3,40,2500,50,48,0,175,13,434.0,0.0
3,21,2700,50,38,1,157,14,328.0,222.12471971860342
3,39,1600,50,40,0,117,8,148.0,0.0
3,36,2800,50,38,1,239,32,476.0,427.99330605840544
3,27,1800,50,43,1,51,5,122.0,79.96817492830753
3,37,2200,50,43,0,151,12,276.0,0.0
3,23,2300,50,49,0,83,4,110.0,0.0
3,39,2600,50,47,0,101,10,214.0,0.0
3,32,2200,50,35,1,121,19,240.0,158.41621898111913
3,25,1800,50,43,0,35,1,36.0,0.0
3,21,1500,50,42,1,23,1,24.0,16.513880692505445
3,21,2200,50,39,0,99,8,142.0,0.0
3,38,2300,50,38,0,113,8,230.0,0.0
3,28,1700,50,44,1,33,4,74.0,100.97068313849529
3,39,1800,50,44,1,71,6,120.0,103.42287579463473
3,34,2400,50,40,1,75,14,196.0,180.53617571089953
3,37,1800,50,42,1,51,5,134.0,118.8918117484376
3,34,3000,50,38,0,289,22,680.0,0.0
3,21,1800,50,46,0,29,2,52.0,0.0
3,30,2900,50,40,1,121,19,338.0,283.4939373253619
3,40,2000,50,45,0,75,7,166.0,0.0
3,23,2900,50,50,0,111,7,224.0,0.0
3,21,2300,50,37,0,135,10,262.0,0.0
3,23,1500,50,38,0,29,6,72.0,0.0
3,39,2700,50,37,0,393,26,782.0,0.0
3,39,3000,50,45,1,261,32,548.0,731.4024657918499
3,29,3000,50,46,1,153,18,380.0,353.8505549336811
3,26,2300,50,43,1,41,7,108.0,73.42485002919813
3,38,2500,50,48,1,131,20,264.0,304.9011852111801
3,40,1700,50,39,1,97,6,162.0,110.28500487569099
3,30,1800,50,40,0,35,2,42.0,0.0
3,30,1500,50,46,0,27,2,28.0,0.0
3,26,2100,50,47,0,121,6,162.0,0.0
3,24,2800,50,40,1,157,15,328.0,226.47802391725443
3,32,2400,50,36,0,305,18,418.0,0.0
3,37,2800,50,48,1,199,23,358.0,446.21100707869437
3,30,2400,50,39,0,137,12,226.0,0.0
3,28,2100,50,41,1,63,10,190.0,151.43268557340107
3,31,3000,50,43,1,217,20,514.0,405.48254728662505
3,21,2900,50,42,0,261,16,578.0,0.0
3,33,1900,50,40,0,71,10,140.0,0.0
3,30,1800,50,38,1,69,8,188.0,108.14589970732565
3,20,2300,50,41,1,119,8,212.0,130.0937625179979
3,31,2200,50,36,1,65,12,152.0,104.94103251101241
3,21,2200,50,38,1,119,11,292.0,152.58039261053779
3,38,2100,50,36,0,75,14,180.0,0.0
3,22,1900,50,38,0,67,3,98.0,0.0
3,24,1500,50,41,0,23,2,36.0,0.0
3,30,1600,50,47,1,53,3,70.0,31.555173592544737
3,29,1600,50,46,0,69,5,100.0,0.0
3,31,1800,50,36,1,53,13,126.0,147.37131256377015
3,36,2100,50,35,1,133,17,244.0,202.15031241022177
3,34,1600,50,35,1,161,18,202.0,131.50446158931234
3,40,2300,50,35,0,155,13,276.0,0.0
3,29,1800,50,47,0,69,4,94.0,0.0
3,37,1700,50,39,0,149,12,242.0,0.0
3,24,3000,50,46,1,155,7,258.0,107.62874955638934
3,33,2700,50,36,0,239,21,448.0,0.0
3,22,2800,50,40,0,201,12,338.0,0.0
3,40,2500,50,37,0,311,15,488.0,0.0
3,40,1800,50,39,1,109,12,176.0,267.67853021756065
3,35,1700,50,42,1,29,2,56.0,29.97918287349047
3,34,2800,50,39,0,199,20,406.0,0.0
3,25,1800,50,46,1,83,5,112.0,155.1421009112326
3,21,3000,50,36,1,179,17,338.0,238.4750237731335
3,39,3000,50,36,1,175,35,480.0,483.3051629390229
3,20,2800,50,37,0,197,12,284.0,0.0
3,22,2100,50,43,1,65,5,126.0,66.20285795586348
3,27,2500,50,43,0,97,10,254.0,0.0
3,39,1800,50,41,1,79,8,140.0,127.3216525895506
3,26,2400,50,36,0,127,14,336.0,0.0
3,40,1700,50,47,0,25,3,52.0,0.0
3,33,1800,50,40,0,89,10,152.0,0.0
3,28,2200,50,41,0,117,10,176.0,0.0
3,26,2100,50,45,1,71,7,128.0,157.7741957056068
3,23,2600,50,42,1,149,15,324.0,277.82887909838536
3,26,1600,50,46,1,69,4,70.0,69.28076064879943
3,37,2900,50,41,1,231,24,450.0,435.7661841420662
3,25,1800,50,46,0,51,7,84.0,0.0
3,36,1700,50,47,0,33,4,80.0,0.0
3,34,1800,50,39,0,35,4,100.0,0.0
3,25,1800,50,42,1,89,8,130.0,146.35588895764633
3,20,2700,50,42,1,129,10,324.0,150.06838417780722
3,33,1600,50,42,0,53,4,82.0,0.0
3,36,2000,50,45,1,67,11,142.0,145.4598242825583
3,25,2500,50,47,1,107,12,234.0,294.98156377542784
3,29,1900,50,49,0,0,0,0.0,0.0
3,36,1500,50,49,0,47,6,96.0,0.0
3,38,2600,50,38,1,117,25,294.0,353.0167900545814
3,34,2900,50,47,0,223,17,422.0,0.0
