num_evs,num_tasks,ev_range,maze_loop_percentage,maze_size,bms,timesteps,num_tasks_finished,ev_distance,drone_distance
7,40,2300,90,37,1,135,33,536.0,593.837506607047
3,40,2400,90,39,1,209,27,538.0,499.93802672124576
8,40,1600,90,37,1,81,14,274.0,200.897422761389
9,40,1800,90,38,0,69,12,190.0,0.0
6,40,2800,90,44,1,105,32,390.0,588.5816339285207
6,40,3000,90,36,0,165,40,720.0,0.0
6,40,1900,90,35,0,75,24,362.0,0.0
4,40,2700,90,47,0,205,23,560.0,0.0
3,40,2000,90,48,0,183,15,290.0,0.0
4,40,2400,90,47,1,139,29,382.0,381.18085460570506
9,40,2700,90,38,0,137,35,590.0,0.0
6,40,2600,90,39,0,147,24,550.0,0.0
9,40,2400,90,45,1,67,24,324.0,417.2811217100986
9,40,2100,90,45,1,107,22,440.0,397.0908946174177
4,40,2200,90,49,0,115,16,312.0,0.0
8,40,2100,90,36,0,145,21,530.0,0.0
3,40,2300,90,35,1,105,37,290.0,473.7135042989537
3,40,3000,90,49,1,191,33,456.0,426.07366620946203
6,40,2700,90,47,1,113,29,452.0,591.9905416324942
8,40,1600,90,36,0,53,8,126.0,0.0
4,40,2500,90,35,1,123,40,398.0,687.4371673551941
4,40,1800,90,41,0,103,14,224.0,0.0
4,40,2000,90,41,0,113,15,332.0,0.0
7,40,2300,90,35,1,109,32,390.0,344.3652897795158
5,40,2300,90,47,1,99,17,380.0,172.74462056096502
7,40,2700,90,50,1,125,24,396.0,505.08422114053724
4,40,2600,90,44,0,181,24,614.0,0.0
8,40,2500,90,41,1,93,30,458.0,588.9551686291292
10,40,1500,90,47,0,83,9,192.0,0.0
10,40,2500,90,42,1,145,25,516.0,387.76075716435895
10,40,2400,90,41,1,75,23,366.0,389.3880951866264
7,40,1800,90,50,0,67,7,192.0,0.0
7,40,2300,90,46,0,89,14,334.0,0.0
5,40,1900,90,44,0,65,8,124.0,0.0
5,40,2700,90,36,1,121,38,432.0,531.9136636548964
4,40,2400,90,41,0,215,26,562.0,0.0
9,40,2900,90,43,1,79,23,364.0,407.65794250797484
10,40,2900,90,40,1,109,31,638.0,501.7510791286305
8,40,2000,90,44,0,115,15,352.0,0.0
5,40,2900,90,39,1,109,40,442.0,906.8510886722468
3,40,2800,90,39,0,269,35,672.0,0.0
3,40,2500,90,36,0,329,34,668.0,0.0
8,40,2800,90,42,0,103,31,544.0,0.0
10,40,1500,90,44,1,51,6,126.0,167.14426207702516
9,40,2300,90,41,0,85,21,456.0,0.0
9,40,2100,90,42,0,77,19,278.0,0.0
5,40,2900,90,47,1,189,29,632.0,483.6211507550348
5,40,2900,90,36,0,259,39,676.0,0.0
10,40,2600,90,42,1,97,26,496.0,463.45055655208745
10,40,2800,90,47,1,149,21,522.0,381.72144080871715
6,40,3000,90,46,1,131,36,544.0,555.1797391595121
6,40,1500,90,36,1,79,11,164.0,111.8508304736806
9,40,1600,90,45,0,81,9,158.0,0.0
10,40,1900,90,39,0,71,12,250.0,0.0
6,40,2300,90,40,1,97,33,422.0,527.5736322024092
8,40,2900,90,47,1,111,18,564.0,307.31965861772557
9,40,2700,90,36,0,211,37,658.0,0.0
5,40,2900,90,49,0,161,18,466.0,0.0
9,40,1700,90,36,1,65,13,236.0,140.39911232984744
5,40,1500,90,36,0,53,11,178.0,0.0
3,40,2600,90,43,1,217,35,410.0,604.2279463886791
7,40,2000,90,45,0,71,12,240.0,0.0
4,40,2600,90,36,0,243,35,772.0,0.0
5,40,2100,90,45,0,157,11,298.0,0.0
9,40,2900,90,46,1,113,26,610.0,456.8754661334335
9,40,2400,90,45,1,83,20,320.0,432.6879217106841
8,40,2000,90,46,1,79,12,244.0,125.71415495382722
7,40,1600,90,45,1,113,9,140.0,187.81198684037838
7,40,1800,90,47,0,103,10,194.0,0.0
5,40,1900,90,37,0,129,17,318.0,0.0
4,40,2500,90,40,1,85,21,236.0,267.6342671365378
6,40,1700,90,38,0,95,15,284.0,0.0
4,40,1700,90,42,0,119,14,296.0,0.0
10,40,3000,90,43,1,167,26,594.0,461.51564354068466
4,40,1900,90,40,1,99,16,218.0,198.06675725319224
4,40,2900,90,45,0,331,34,740.0,0.0
3,40,2100,90,37,1,67,7,130.0,72.42407326081252
9,40,2200,90,38,1,85,27,402.0,430.8938778911276
10,40,1700,90,40,0,95,14,290.0,0.0
8,40,1700,90,41,0,57,7,174.0,0.0
9,40,1600,90,46,1,69,8,122.0,84.21238600556356
9,40,1500,90,47,0,73,9,132.0,0.0
4,40,2100,90,46,1,153,14,254.0,111.58291233916334
8,40,2000,90,35,0,109,21,394.0,0.0
8,40,1700,90,39,0,93,12,218.0,0.0
8,40,1800,90,42,0,99,10,202.0,0.0
9,40,1600,90,42,1,65,12,154.0,228.14690417728758
6,40,1700,90,44,1,89,8,132.0,130.21562804224564
3,40,1800,90,46,1,55,14,120.0,193.27322384939495
9,40,2300,90,39,0,133,23,450.0,0.0
3,40,3000,90,48,0,449,29,784.0,0.0
5,40,2900,90,38,1,153,37,492.0,546.2213681262381
9,40,1700,90,42,0,93,12,252.0,0.0
7,40,2100,90,50,1,89,19,252.0,350.79698809419904
5,40,1500,90,37,1,49,7,98.0,88.238842581747
8,40,1500,90,49,1,27,1,28.0,14.468679877069736
9,40,1700,90,35,0,153,18,300.0,0.0
3,40,2200,90,48,0,249,12,334.0,0.0
5,40,2600,85,37,0,203,28,652.0,0.0
8,40,2200,90,45,1,83,22,390.0,366.04808513076046
9,40,2600,85,44,1,101,20,392.0,615.9380491939667
6,40,2300,85,45,1,169,19,406.0,356.0592233020692
4,40,2400,90,50,0,251,21,524.0,0.0
10,40,2300,85,46,0,85,17,384.0,0.0
6,40,2600,85,39,1,105,30,436.0,668.5443507359278
3,40,1600,85,41,1,49,6,94.0,120.10868201667321
6,40,3000,85,42,0,269,30,846.0,0.0
4,40,1700,85,43,0,77,10,190.0,0.0
7,40,2700,85,38,1,109,38,446.0,624.5087462182356
10,40,1700,85,35,0,95,19,370.0,0.0
9,40,2100,85,36,1,77,28,334.0,333.46847165495325
3,40,2500,85,49,0,263,23,480.0,0.0
7,40,2700,85,39,0,197,25,484.0,0.0
9,40,2500,85,50,1,127,15,338.0,392.25472750668797
5,40,2000,85,48,1,67,8,104.0,114.08823571786854
4,40,2300,85,48,0,129,17,372.0,0.0
10,40,2000,85,42,1,71,17,256.0,276.36010943512
6,40,2000,85,35,0,111,18,348.0,0.0
6,40,1600,85,36,1,73,14,186.0,159.53921395610448
4,40,2900,85,42,1,189,36,518.0,626.6372614557184
3,40,1900,85,43,1,99,14,202.0,196.00661908113776
3,40,2700,85,50,0,189,17,386.0,0.0
9,40,2400,85,48,0,93,16,426.0,0.0
7,40,1900,85,47,0,95,9,164.0,0.0
10,40,3000,85,35,1,115,38,558.0,397.26369015418584
6,40,2600,85,35,0,147,33,720.0,0.0
10,40,2700,85,35,0,199,33,836.0,0.0
10,40,2000,85,44,1,67,10,242.0,211.10112436318298
4,40,2400,85,45,1,119,25,278.0,506.48615201731985
5,40,3000,85,39,0,213,35,680.0,0.0
3,40,2100,85,43,1,117,23,246.0,298.7829689128271
7,40,1900,85,49,0,63,5,128.0,0.0
9,40,2800,85,38,0,155,32,600.0,0.0
7,40,2800,85,40,0,165,29,674.0,0.0
6,40,2200,85,39,1,161,20,426.0,483.6006439769306
8,40,2100,85,42,1,105,15,316.0,271.66079563196337
3,40,1500,85,41,1,111,10,200.0,150.98718693865868
10,40,1800,85,48,0,63,11,188.0,0.0
7,40,1900,85,49,1,59,7,124.0,82.5829460465755
5,40,2200,85,37,1,81,29,282.0,491.6075854445487
6,40,2400,85,40,0,139,28,532.0,0.0
9,40,2500,85,39,0,127,23,516.0,0.0
4,40,2800,85,42,1,165,39,496.0,538.2751982656694
9,40,2200,85,44,0,123,15,396.0,0.0
5,40,1500,85,35,0,49,8,126.0,0.0
5,40,2800,85,40,1,123,35,500.0,614.6286015515988
9,40,1600,85,39,0,59,8,116.0,0.0
8,40,2900,85,45,0,153,28,772.0,0.0
8,40,2400,85,41,1,137,25,454.0,591.4423370773998
3,40,2700,85,39,1,179,37,456.0,735.5613798606403
9,40,2600,85,50,1,77,19,292.0,369.0485623768682
8,40,2000,85,38,1,101,25,382.0,392.1009151084
4,40,1600,85,38,1,51,8,110.0,104.46756444717487
7,40,1700,85,43,0,101,12,192.0,0.0
7,40,1900,85,47,0,97,9,170.0,0.0
10,40,2500,85,45,0,143,26,650.0,0.0
8,40,2900,85,50,0,153,20,508.0,0.0
6,40,2800,85,50,1,137,34,426.0,737.05291954267
5,40,2000,85,50,1,65,17,168.0,297.1543100054789
3,40,2700,85,35,0,307,32,602.0,0.0
7,40,3000,85,50,0,225,21,694.0,0.0
4,40,2500,85,35,0,189,32,556.0,0.0
9,40,1900,85,44,1,53,8,136.0,172.24417552627668
6,40,2400,85,39,1,103,20,290.0,462.4007089267376
4,40,2500,85,42,1,133,31,448.0,511.8863617605562
4,40,2200,85,41,1,143,26,346.0,372.58581319675886
9,40,3000,85,39,0,173,37,922.0,0.0
10,40,3000,85,39,1,115,36,748.0,587.4574826242198
3,40,2700,85,46,0,183,20,472.0,0.0
5,40,2900,85,45,1,161,26,522.0,485.69126856245055
6,40,1700,85,50,0,53,6,122.0,0.0
9,40,1700,85,40,1,65,9,192.0,118.96992122171612
9,40,2200,85,50,0,75,17,324.0,0.0
3,40,1700,85,45,1,55,8,120.0,166.22769079618186
9,40,2700,85,45,1,99,19,436.0,400.381533661659
9,40,1700,85,50,0,85,9,146.0,0.0
6,40,1900,85,49,0,61,6,152.0,0.0
5,40,2100,85,47,0,109,12,228.0,0.0
4,40,1900,85,35,1,87,26,230.0,244.76793395452975
10,40,2300,85,42,1,75,21,342.0,413.79317115171455
7,40,2200,85,49,1,73,14,216.0,167.74194818351071
3,40,2000,85,48,0,109,13,224.0,0.0
9,40,2000,85,40,0,79,17,284.0,0.0
9,40,3000,85,41,1,171,40,776.0,854.7884016108064
5,40,3000,85,36,1,111,39,458.0,483.08322906507783
6,40,2000,85,38,0,133,16,312.0,0.0
4,40,2300,85,49,0,133,17,374.0,0.0
3,40,2600,85,44,1,183,34,450.0,640.0362137316326
3,40,2800,85,47,0,273,23,672.0,0.0
6,40,2800,85,38,0,209,35,968.0,0.0
8,40,2400,85,50,0,89,15,328.0,0.0
5,40,2600,85,44,1,141,35,482.0,661.6146168600799
8,40,1700,85,37,1,49,16,156.0,201.7663849301957
10,40,2100,85,46,1,71,17,266.0,250.96781458312788
8,40,2100,85,40,1,61,19,286.0,304.8670044738166
4,40,2200,85,48,0,103,14,366.0,0.0
4,40,2000,85,36,0,231,22,428.0,0.0
10,40,2100,85,41,1,83,26,362.0,516.4231279097817
6,40,2600,85,48,0,177,23,564.0,0.0
4,40,2500,85,48,0,185,19,412.0,0.0
9,40,3000,80,45,1,115,24,638.0,634.173201893964
3,40,1800,80,38,0,153,17,338.0,0.0
5,40,2700,80,39,1,149,33,504.0,609.6397409302207
7,40,2500,80,43,1,91,26,408.0,411.4593467845439
5,40,2100,80,45,0,81,10,276.0,0.0
5,40,2800,80,36,0,269,38,936.0,0.0
4,40,2100,80,47,0,117,9,258.0,0.0
3,40,1900,80,48,1,93,8,166.0,217.46852288982143
10,40,2500,80,37,1,183,30,646.0,438.45419197737147
8,40,1500,80,43,1,79,8,100.0,110.60905672039605
10,40,2500,80,48,1,139,18,392.0,370.6171388071434
5,40,1800,80,44,0,63,7,162.0,0.0
6,40,2800,80,39,1,87,35,408.0,657.7658613687028
7,40,2400,80,47,0,175,19,424.0,0.0
5,40,3000,80,47,0,171,22,508.0,0.0
4,40,1800,80,41,0,103,14,256.0,0.0
8,40,2300,80,45,0,89,19,450.0,0.0
3,40,2900,80,42,1,259,36,612.0,455.9205609891494
7,40,2500,80,45,0,135,16,388.0,0.0
6,40,2200,80,45,0,219,10,326.0,0.0
8,40,1600,80,45,1,79,10,178.0,194.45211801222638
10,40,1700,80,45,1,91,7,158.0,185.2029895070732
3,40,2400,80,39,1,125,36,336.0,692.6477861158038
8,40,1900,80,36,1,77,20,310.0,216.63489505990654
5,40,2500,80,37,0,207,24,590.0,0.0
7,40,1500,80,42,0,55,7,102.0,0.0
5,40,1600,80,44,1,121,7,174.0,193.61548286245403
4,40,2400,80,35,0,175,30,512.0,0.0
6,40,2500,80,48,1,91,14,270.0,368.88431018712373
3,40,2200,80,50,0,139,15,306.0,0.0
8,40,2400,80,35,0,221,27,618.0,0.0
8,40,2100,80,36,0,115,17,300.0,0.0
4,40,2100,80,43,1,79,17,212.0,228.11557029756895
4,40,1900,80,47,1,139,9,220.0,129.31301622377393
3,40,2900,80,48,1,203,33,500.0,733.15891514782
5,40,2300,80,50,1,129,17,336.0,452.01141023340085
7,40,2600,80,50,0,97,13,324.0,0.0
5,40,1500,80,38,0,29,4,80.0,0.0
9,40,1800,80,39,1,69,15,220.0,303.33128126190627
6,40,2300,80,38,0,205,18,394.0,0.0
7,40,2500,80,43,1,95,21,364.0,351.5003453552883
5,40,1800,80,44,1,91,15,248.0,343.6842521877996
5,40,2500,80,47,0,137,22,438.0,0.0
10,40,1700,80,46,0,85,8,146.0,0.0
6,40,2800,80,37,0,161,31,636.0,0.0
4,40,2400,80,40,1,149,31,342.0,457.8469951858965
5,40,1700,80,39,0,85,11,198.0,0.0
10,40,1800,80,35,0,121,15,320.0,0.0
3,40,2900,80,45,1,183,35,444.0,671.6507781339092
10,40,2100,80,47,1,55,15,180.0,183.20900424335153
6,40,2900,80,40,1,157,28,512.0,453.68544179703474
5,40,2900,80,35,1,101,36,366.0,538.5144191727542
5,40,2400,80,38,1,119,35,398.0,510.54571498650483
5,40,1900,80,45,0,91,12,228.0,0.0
9,40,1600,80,42,0,41,9,124.0,0.0
3,40,1600,80,45,1,75,15,194.0,219.97284267860917
7,40,2500,80,47,0,163,17,546.0,0.0
5,40,2500,80,50,0,173,17,468.0,0.0
6,40,2300,80,39,1,119,21,330.0,421.02379187497394
3,40,1500,80,43,0,83,8,120.0,0.0
9,40,2400,80,43,0,133,16,462.0,0.0
8,40,2100,80,44,0,69,11,174.0,0.0
3,40,2600,80,44,1,181,34,388.0,516.9689773336306
3,40,2900,80,47,1,191,39,526.0,715.4974593267848
5,40,2900,80,49,1,155,32,432.0,648.8582852114467
6,40,1700,80,40,0,125,11,158.0,0.0
3,40,2300,80,39,1,155,38,418.0,634.4341689278403
5,40,2900,80,47,1,133,31,386.0,430.9450304522588
9,40,1800,80,48,1,63,9,126.0,188.7213306802727
3,40,2400,80,40,0,223,19,576.0,0.0
3,40,2000,80,49,0,111,9,256.0,0.0
10,40,2100,80,50,0,77,7,166.0,0.0
8,40,1600,80,39,1,51,8,142.0,203.94595280175903
9,40,1800,80,47,0,89,12,156.0,0.0
4,40,1900,80,39,1,83,6,110.0,103.40509591109414
9,40,1700,80,49,1,75,10,242.0,100.86753199463767
6,40,3000,80,43,1,93,31,430.0,610.0746659630788
4,40,1800,80,46,0,89,7,198.0,0.0
5,40,3000,80,35,0,213,37,540.0,0.0
6,40,2400,80,38,1,139,33,528.0,586.1662510924201
4,40,1500,80,40,0,27,4,68.0,0.0
3,40,2000,80,50,0,97,9,204.0,0.0
4,40,2700,80,40,1,117,32,376.0,436.613243460089
6,40,1800,80,37,1,99,22,316.0,320.29190553246593
5,40,1500,80,42,0,57,10,140.0,0.0
8,40,2800,80,35,1,89,38,542.0,594.6509271314304
7,40,3000,80,40,0,117,32,616.0,0.0
6,40,2900,80,42,1,103,35,496.0,587.7188452977439
10,40,2700,80,43,0,157,27,598.0,0.0
10,40,1600,80,45,0,59,9,188.0,0.0
10,40,2900,80,41,1,109,31,680.0,478.28535922528647
4,40,2500,80,43,0,265,23,510.0,0.0
5,40,2300,80,49,1,105,21,266.0,347.43014020853605
7,40,1900,80,37,0,105,12,298.0,0.0
9,40,1900,80,41,1,87,19,296.0,363.7055821436118
6,40,2700,80,43,1,107,30,432.0,529.9005974044313
3,40,2500,80,39,1,147,35,368.0,589.4326027987778
3,40,2100,80,45,0,117,10,220.0,0.0
8,40,3000,75,39,0,119,32,712.0,0.0
5,40,1900,75,36,1,97,24,276.0,283.77536395152725
7,40,1700,80,50,0,55,6,108.0,0.0
3,40,1800,80,49,0,27,2,38.0,0.0
6,40,2400,75,49,1,91,24,368.0,449.8153402663414
3,40,2100,75,43,0,147,12,198.0,0.0
5,40,2900,75,49,1,125,24,478.0,321.9020264497052
6,40,1700,75,42,0,57,7,118.0,0.0
7,40,3000,75,40,1,165,38,620.0,574.5377989952033
6,40,2900,75,41,0,165,33,746.0,0.0
6,40,2300,75,45,0,91,10,248.0,0.0
10,40,2100,75,46,1,71,16,202.0,142.89800646629115
9,40,2400,75,48,1,95,18,298.0,421.2582307018879
6,40,1900,75,39,1,95,15,266.0,342.47584767020237
9,40,1500,75,49,0,29,4,48.0,0.0
6,40,2800,75,41,1,293,28,734.0,519.106232006778
8,40,2400,75,45,1,75,27,318.0,545.7195239356873
7,40,2500,75,47,0,129,13,328.0,0.0
8,40,2700,75,40,0,95,21,420.0,0.0
3,40,1800,75,50,0,69,8,172.0,0.0
4,40,1900,75,50,0,67,9,136.0,0.0
8,40,2500,75,50,1,91,18,350.0,502.96509085714075
8,40,1800,75,40,1,59,16,140.0,178.6138930735645
5,40,2500,75,47,1,185,24,482.0,364.3335106361467
3,40,1700,75,46,0,19,3,26.0,0.0
5,40,1600,75,38,0,91,11,188.0,0.0
4,40,2900,75,41,1,191,40,528.0,805.6548993245605
7,40,2200,75,48,0,85,13,280.0,0.0
9,40,2900,75,45,1,153,25,636.0,556.0506503170858
6,40,2700,75,37,0,191,29,616.0,0.0
7,40,2000,75,35,1,123,20,314.0,241.58984646138052
10,40,1600,75,37,0,63,8,178.0,0.0
8,40,1800,75,35,0,71,15,244.0,0.0
7,40,1700,75,47,0,109,7,142.0,0.0
10,40,2100,75,48,1,83,10,156.0,222.9569654212646
10,40,2300,75,48,1,121,20,462.0,582.208432289329
7,40,2900,75,38,0,153,36,886.0,0.0
8,40,2100,75,41,1,121,18,436.0,360.4501248179102
3,40,2400,75,39,0,249,20,370.0,0.0
7,40,2100,75,44,1,75,19,316.0,409.46594335841536
7,40,2900,75,45,1,159,20,444.0,364.64163278420955
9,40,2900,75,48,1,113,24,604.0,534.5453533137569
3,40,2000,75,47,0,91,10,242.0,0.0
6,40,2700,75,39,0,207,33,608.0,0.0
9,40,2400,75,42,1,69,22,336.0,260.11059022187453
10,40,2700,75,41,0,195,28,700.0,0.0
6,40,2700,75,44,1,121,29,484.0,423.89813189134173
4,40,2600,75,43,0,197,23,494.0,0.0
10,40,2500,75,49,0,89,16,410.0,0.0
3,40,2200,75,49,1,69,12,144.0,144.1987377407111
7,40,1500,75,45,1,57,8,138.0,86.59701005161916
7,40,1900,75,38,0,123,13,256.0,0.0
9,40,2600,75,40,0,97,29,524.0,0.0
9,40,2200,75,39,0,161,21,498.0,0.0
10,40,1600,75,43,1,61,8,184.0,98.1837016981858
10,40,1900,75,46,1,53,10,134.0,125.3994606993048
7,40,2500,75,47,1,91,23,344.0,371.36416951075836
7,40,2500,75,36,0,173,24,636.0,0.0
4,40,2400,75,36,0,211,25,514.0,0.0
3,40,2900,75,39,1,127,35,352.0,657.0505559252126
5,40,1500,75,43,1,57,7,136.0,100.0763101846758
3,40,1700,75,43,0,275,16,308.0,0.0
4,40,1600,75,43,1,57,14,138.0,168.758245034249
10,40,1800,75,35,1,57,16,274.0,220.11284224087228
9,40,2100,75,37,1,123,13,274.0,123.31193735114186
10,40,2900,75,44,0,165,29,684.0,0.0
3,40,3000,75,45,0,383,29,948.0,0.0
3,40,2200,75,47,1,131,12,284.0,180.36946908647386
3,40,2500,75,48,0,171,18,446.0,0.0
10,40,1600,75,45,1,49,4,82.0,45.24836040264251
4,40,2900,75,49,0,157,17,432.0,0.0
10,40,2000,75,37,1,111,19,374.0,300.36712448062946
4,40,2900,75,49,0,237,19,548.0,0.0
10,40,2900,75,36,1,159,35,790.0,507.895730536499
10,40,2600,75,45,1,101,18,398.0,379.67724605455976
9,40,2400,75,44,0,131,13,348.0,0.0
4,40,1600,75,36,0,87,15,200.0,0.0
4,40,2700,75,47,0,143,18,412.0,0.0
8,40,2400,75,37,0,139,25,514.0,0.0
7,40,2600,75,43,1,117,25,374.0,450.732599107035
5,40,3000,75,38,1,171,34,544.0,630.0481602026339
10,40,1600,75,35,1,89,14,236.0,136.29801551621364
6,40,2900,75,35,0,203,33,734.0,0.0
8,40,1800,75,35,1,99,14,278.0,155.35731391708026
4,40,2500,75,40,0,199,22,532.0,0.0
7,40,2000,75,42,1,81,18,260.0,335.9292761101994
5,40,3000,75,39,0,223,32,870.0,0.0
6,40,1900,75,39,1,79,12,248.0,305.9943499216958
8,40,3000,75,37,1,235,38,656.0,670.8592133321158
5,40,1800,75,41,0,91,10,200.0,0.0
9,40,1700,75,41,0,55,7,174.0,0.0
9,40,2600,75,41,0,153,26,586.0,0.0
5,40,2400,75,47,0,137,17,384.0,0.0
3,40,2000,75,42,1,95,16,242.0,210.46381036506165
3,40,3000,75,40,1,143,40,408.0,647.7695946645961
9,40,1500,75,43,0,57,9,168.0,0.0
9,40,1500,75,46,1,55,7,86.0,66.14195851660405
3,40,2100,75,43,1,137,11,184.0,171.58700207219178
7,40,1500,75,43,0,115,15,330.0,0.0
8,40,2800,75,42,0,105,26,494.0,0.0
10,40,1800,70,38,1,67,12,254.0,169.14810889482104
9,40,2200,75,49,0,87,14,312.0,0.0
3,40,3000,75,44,1,167,32,422.0,589.8457561406358
9,40,3000,70,36,0,155,34,874.0,0.0
4,40,2100,70,35,0,199,22,332.0,0.0
6,40,2700,70,38,0,153,34,650.0,0.0
9,40,3000,70,49,1,111,24,532.0,407.93997387532
6,40,2800,70,44,1,269,27,668.0,673.5968815164578
7,40,1500,70,50,0,59,5,118.0,0.0
10,40,2300,70,50,1,175,11,286.0,260.73176706656966
9,40,2200,70,48,1,55,17,242.0,422.78548999818986
9,40,2000,70,48,0,105,8,220.0,0.0
4,40,2400,70,37,0,223,23,482.0,0.0
5,40,2000,70,45,0,69,9,122.0,0.0
9,40,2700,70,41,1,149,25,638.0,419.333785186307
6,40,2300,70,47,1,113,13,226.0,188.00784215893069
9,40,2500,70,41,1,145,24,570.0,540.7541879348566
9,40,2100,70,43,0,113,10,224.0,0.0
3,40,1800,70,37,1,139,20,290.0,295.2476498652241
7,40,1700,70,36,1,67,15,234.0,155.07484254287866
8,40,3000,70,40,1,83,35,510.0,612.194167965331
4,40,1700,70,41,0,119,8,174.0,0.0
4,40,1900,70,38,1,127,15,278.0,156.7706591945223
8,40,2300,70,46,0,71,11,202.0,0.0
10,40,2100,70,38,0,79,16,302.0,0.0
9,40,2900,70,38,1,83,37,494.0,522.3319380743925
7,40,2800,70,49,0,145,19,512.0,0.0
5,40,1700,70,35,1,49,9,110.0,95.1869337823124
10,40,2300,70,48,0,45,8,212.0,0.0
5,40,1600,70,37,1,75,12,136.0,135.80235172608306
6,40,2400,70,39,0,141,25,568.0,0.0
3,40,1700,70,45,0,53,6,112.0,0.0
5,40,3000,70,45,0,159,23,584.0,0.0
9,40,2900,70,49,1,103,24,472.0,396.6772335182108
3,40,2800,70,45,1,355,32,606.0,734.1489650783449
4,40,1600,70,35,1,37,6,92.0,63.71105918419641
7,40,1600,70,36,0,111,13,264.0,0.0
9,40,2000,70,35,1,69,18,298.0,230.56335899159046
5,40,2500,70,37,1,97,37,354.0,572.8458478312119
5,40,2700,70,35,0,197,35,714.0,0.0
4,40,1800,70,37,0,109,10,214.0,0.0
3,40,1900,70,37,1,97,11,216.0,136.45912308991515
4,40,2600,70,49,0,187,19,514.0,0.0
8,40,2600,70,50,0,147,17,388.0,0.0
8,40,3000,70,41,1,109,36,592.0,780.3425191194767
10,40,2200,70,41,0,77,8,242.0,0.0
7,40,2800,70,40,1,113,27,408.0,387.0944775989923
3,40,3000,70,37,1,177,39,424.0,591.8960590131968
8,40,2800,70,40,1,109,28,446.0,410.92614347339054
8,40,2000,70,39,0,149,16,354.0,0.0
4,40,2800,70,43,0,415,28,822.0,0.0
4,40,2400,70,44,1,137,30,390.0,609.4875564077504
7,40,2500,70,47,0,95,16,396.0,0.0
9,40,2400,70,48,0,89,17,292.0,0.0
6,40,1600,70,35,1,71,11,188.0,111.57636626170968
10,40,1500,70,37,1,53,7,148.0,77.52260898250528
10,40,2500,70,37,0,191,28,640.0,0.0
8,40,2000,70,40,0,101,13,296.0,0.0
7,40,2700,70,40,0,155,32,686.0,0.0
6,40,2600,70,45,1,103,19,312.0,337.26807377263077
3,40,1800,70,49,0,29,2,60.0,0.0
5,40,2200,70,37,1,87,22,308.0,389.9342436397113
5,40,2500,70,50,1,87,24,320.0,532.4339419501553
10,40,2800,70,39,0,109,29,730.0,0.0
5,40,2400,70,46,1,115,17,272.0,310.8685625306203
3,40,2500,70,46,0,289,19,592.0,0.0
7,40,2000,70,41,1,87,23,338.0,470.66987871048315
6,40,2900,70,48,1,151,22,482.0,452.70505703370856
7,40,1700,70,48,0,37,5,96.0,0.0
4,40,2400,70,45,0,117,14,308.0,0.0
5,40,2900,70,35,1,147,36,446.0,449.48530904337167
8,40,3000,70,40,0,169,31,834.0,0.0
5,40,2000,70,36,0,185,23,542.0,0.0
5,40,1800,70,44,0,95,9,154.0,0.0
4,40,2300,70,45,1,75,12,260.0,283.74077095286265
9,40,1800,70,39,1,91,13,198.0,293.4356993932063
6,40,1500,70,45,1,119,9,150.0,151.8047700315137
7,40,2900,70,35,1,107,39,546.0,675.1982070876915
10,40,2000,70,36,1,71,18,316.0,203.53270942860925
3,40,2300,70,38,0,149,11,224.0,0.0
5,40,2200,70,44,0,123,13,274.0,0.0
4,40,2100,70,35,1,145,31,368.0,350.0125025056325
7,40,2400,70,48,1,141,14,336.0,413.70948601025896
6,40,2200,70,50,0,85,9,192.0,0.0
3,40,1600,70,43,1,85,7,114.0,90.46202139046842
9,40,1800,70,42,0,97,8,194.0,0.0
10,40,2300,70,48,0,145,17,366.0,0.0
5,40,2100,70,36,0,153,17,368.0,0.0
7,40,1700,70,50,0,93,8,182.0,0.0
10,40,1600,70,47,1,85,7,116.0,122.88169460811258
8,40,2600,70,42,0,101,19,340.0,0.0
10,40,2600,70,49,1,97,23,398.0,312.5436378966475
8,40,2400,70,41,1,125,20,478.0,279.5135395475335
6,40,2700,70,45,0,207,27,702.0,0.0
8,40,1700,70,45,1,53,6,80.0,108.61575424464532
6,40,1700,70,49,0,55,7,110.0,0.0
7,40,2900,70,49,1,135,27,470.0,351.6376236222735
10,40,1800,70,38,1,75,15,332.0,233.82749947860094
5,40,2100,70,39,0,101,14,380.0,0.0
6,40,1800,70,48,0,71,10,210.0,0.0
9,40,1600,65,42,1,97,12,162.0,167.50950614480843
6,40,1900,70,48,0,93,10,198.0,0.0
3,40,2000,70,50,1,93,7,162.0,180.72077931689552
7,40,2500,65,40,1,93,29,470.0,340.1484118848092
7,40,2700,65,48,0,159,22,498.0,0.0
4,40,2200,65,35,1,143,26,436.0,292.56950158100193
5,40,2200,65,36,1,155,28,550.0,370.31661678665694
9,40,2100,65,35,0,79,12,284.0,0.0
3,40,1600,65,35,0,101,13,258.0,0.0
7,40,2600,65,38,0,225,25,604.0,0.0
10,40,1800,65,49,0,33,4,60.0,0.0
7,40,1600,65,35,0,89,13,174.0,0.0
6,40,2200,65,40,1,75,12,172.0,134.80605961310852
6,40,2100,65,42,1,105,15,314.0,225.18862585599993
6,40,2500,65,49,1,129,19,312.0,286.1285994872128
4,40,2600,65,41,0,181,20,422.0,0.0
7,40,2300,65,40,0,129,18,486.0,0.0
8,40,2500,65,50,1,97,18,376.0,539.5592284145945
7,40,2000,65,44,1,121,7,182.0,166.88923610877816
5,40,2800,65,35,0,251,39,760.0,0.0
3,40,1700,65,41,0,185,17,294.0,0.0
9,40,2000,65,44,1,49,7,116.0,157.21489495658747
8,40,2400,65,45,1,67,23,330.0,498.0682568639218
10,40,2600,65,46,1,91,17,358.0,208.97443669733525
4,40,2900,65,48,0,107,14,336.0,0.0
10,40,1900,65,47,0,71,6,110.0,0.0
8,40,1500,65,35,0,89,10,192.0,0.0
3,40,2000,65,36,1,139,26,308.0,342.1572992978011
9,40,2500,65,36,1,95,30,486.0,416.5582936865198
8,40,1600,65,46,0,31,3,56.0,0.0
5,40,3000,65,47,0,227,22,606.0,0.0
10,40,2600,65,39,1,151,25,630.0,430.91001340939914
6,40,1900,65,49,1,7,1,8.0,0.0
6,40,1900,65,35,1,75,23,184.0,200.95215282849026
10,40,1600,65,40,0,153,11,198.0,0.0
10,40,2500,65,39,1,125,26,622.0,448.44554397040076
3,40,2900,65,48,0,205,19,412.0,0.0
5,40,2600,65,42,1,121,29,480.0,343.1358280657479
3,40,2100,65,39,1,103,20,282.0,391.29877820350123
4,40,1500,65,43,0,81,9,138.0,0.0
10,40,2600,65,50,0,99,12,194.0,0.0
3,40,2600,65,47,0,241,14,368.0,0.0
10,40,2200,65,38,0,159,20,414.0,0.0
8,40,1500,65,35,0,73,12,184.0,0.0
3,40,1700,65,39,1,127,14,220.0,302.938229006718
8,40,3000,65,48,1,123,24,442.0,668.6065893069963
5,40,2900,65,36,0,197,31,520.0,0.0
10,40,1700,65,36,0,65,12,218.0,0.0
7,40,2600,65,41,1,81,24,346.0,348.39055985934874
9,40,3000,65,37,1,141,31,696.0,562.5389844773475
9,40,2300,65,44,1,67,16,258.0,463.25405424026593
4,40,2000,65,43,0,105,14,286.0,0.0
10,40,1600,65,37,0,71,16,238.0,0.0
4,40,2600,65,37,0,347,33,720.0,0.0
9,40,1900,65,42,1,117,13,254.0,179.07890096893914
8,40,1800,65,45,1,97,10,230.0,181.22589513181
9,40,3000,65,41,1,163,31,592.0,573.5675410793237
4,40,2900,65,48,0,273,21,678.0,0.0
8,40,2400,65,37,1,97,30,452.0,396.0623153473614
5,40,2400,65,35,1,121,34,480.0,260.806700617326
6,40,3000,65,37,0,273,36,914.0,0.0
9,40,1500,65,39,0,89,10,200.0,0.0
7,40,1500,65,40,1,65,6,94.0,117.46490856310956
6,40,1500,65,49,0,23,3,46.0,0.0
9,40,2400,65,45,1,135,18,396.0,344.0814391525217
9,40,1800,65,47,0,107,8,214.0,0.0
6,40,2400,65,49,1,87,9,230.0,127.01068621017565
4,40,1700,65,41,1,119,12,212.0,268.0007349770374
5,40,2100,65,42,0,83,17,272.0,0.0
10,40,2400,65,48,0,89,9,252.0,0.0
6,40,2300,65,44,0,167,19,534.0,0.0
4,40,2100,65,45,1,119,17,294.0,262.3513223559276
7,40,2700,65,46,1,97,21,334.0,323.9960084705513
10,40,1500,65,43,0,59,7,110.0,0.0
10,40,2500,65,38,0,127,27,674.0,0.0
9,40,1600,65,39,1,51,4,82.0,121.41733554527781
9,40,1900,65,41,1,73,13,214.0,344.0574740672719
3,40,3000,65,40,0,329,32,826.0,0.0
5,40,2400,65,35,0,167,24,508.0,0.0
7,40,2900,65,37,1,171,31,634.0,515.1522574655507
10,40,2600,65,47,1,83,14,302.0,193.50636163489037
7,40,2300,65,40,0,119,19,400.0,0.0
9,40,1600,65,37,0,93,13,220.0,0.0
4,40,1700,65,36,1,121,17,224.0,138.4743999962196
9,40,1500,65,43,1,87,10,130.0,139.32526820112784
10,40,1700,65,48,1,113,9,144.0,199.76639929899207
8,40,1600,65,48,0,77,8,152.0,0.0
10,40,2300,65,50,0,89,11,308.0,0.0
5,40,1800,65,50,1,103,12,238.0,244.87056193530066
8,40,2600,65,38,0,185,24,710.0,0.0
5,40,2300,65,39,1,147,25,294.0,485.8286117513244
7,40,2000,65,39,1,99,20,340.0,455.28732912617824
5,40,2500,65,40,0,191,24,450.0,0.0
4,40,2100,65,47,0,141,10,180.0,0.0
9,40,2900,65,48,0,155,26,774.0,0.0
3,40,2400,65,47,1,89,6,120.0,42.409913378653
8,40,2600,65,35,1,73,27,428.0,382.8909026132796
10,40,1800,65,36,0,67,13,226.0,0.0
4,40,1500,65,37,0,81,8,132.0,0.0
4,40,1700,65,35,0,121,8,178.0,0.0
10,40,2000,65,46,1,67,10,214.0,81.0432993220524
5,40,2200,60,37,0,123,24,474.0,0.0
7,40,1800,65,50,1,55,6,150.0,152.29102553233832
8,40,1600,60,47,1,107,9,210.0,120.6270109102556
9,40,2600,60,42,0,139,18,464.0,0.0
5,40,1700,60,45,1,95,5,134.0,97.32324220889778
4,40,3000,60,35,0,291,36,942.0,0.0
4,40,1900,60,36,1,133,20,332.0,188.18705174357805
5,40,2700,60,48,1,151,27,392.0,597.3456920420592
5,40,2800,60,38,0,153,29,464.0,0.0
7,40,2200,60,37,0,85,17,354.0,0.0
8,40,2300,60,40,0,103,17,278.0,0.0
5,40,2700,60,42,1,193,35,582.0,575.6858745942715
6,40,2100,60,43,1,119,20,308.0,285.1426087837988
6,40,1800,60,48,1,93,7,156.0,216.9785602320477
7,40,1900,60,44,0,101,8,196.0,0.0
8,40,1900,60,45,1,71,7,196.0,86.33885937956983
9,40,2300,60,35,0,129,20,444.0,0.0
7,40,3000,60,36,0,219,34,860.0,0.0
5,40,2700,60,40,0,149,25,484.0,0.0
7,40,2100,60,42,1,75,8,168.0,116.22703590568493
5,40,3000,60,42,1,123,37,462.0,511.79624797609216
7,40,2400,60,45,1,87,15,260.0,303.6631365232812
5,40,2100,60,45,0,123,11,266.0,0.0
5,40,2100,60,35,0,101,18,322.0,0.0
3,40,2100,60,36,0,159,17,288.0,0.0
6,40,2700,60,38,1,117,34,520.0,583.574124811553
7,40,2800,60,40,1,95,27,314.0,452.8811211705232
6,40,2400,60,44,0,173,26,612.0,0.0
9,40,3000,60,46,1,117,24,574.0,548.055578000848
3,40,2400,60,46,1,159,23,472.0,345.4413163195
3,40,1700,60,37,0,125,10,208.0,0.0
9,40,1900,60,43,1,49,11,196.0,216.00995520390407
4,40,2000,60,38,1,81,8,134.0,124.77976811286659
5,40,2000,60,45,0,135,11,202.0,0.0
8,40,2100,60,49,0,117,9,226.0,0.0
9,40,3000,60,49,1,165,17,694.0,261.31298039956806
4,40,1900,60,45,0,143,10,218.0,0.0
7,40,1500,60,35,0,115,7,146.0,0.0
10,40,3000,60,37,0,157,32,688.0,0.0
8,40,1800,60,40,1,61,10,132.0,149.49018495015184
4,40,2500,60,36,0,277,25,642.0,0.0
9,40,2000,60,42,1,73,8,174.0,123.78293031931749
9,40,2600,60,36,1,89,33,460.0,401.01869271255697
5,40,2500,60,50,1,113,10,204.0,113.36136699536044
4,40,2100,60,39,0,109,14,306.0,0.0
5,40,2600,60,40,1,123,33,378.0,400.2849523373222
3,40,2900,60,50,1,191,20,446.0,602.0025656848587
10,40,1600,60,50,0,63,9,126.0,0.0
9,40,2800,60,41,1,71,34,432.0,616.3960689526518
4,40,3000,60,50,0,233,22,652.0,0.0
4,40,2400,60,41,0,181,17,422.0,0.0
8,40,2900,60,35,0,109,27,526.0,0.0
3,40,1800,60,40,1,101,10,168.0,118.34978005272401
6,40,2300,60,39,1,159,21,464.0,478.30113602274093
10,40,2600,60,43,1,101,22,390.0,422.06309833803476
3,40,2600,60,40,0,339,21,526.0,0.0
5,40,2300,60,45,0,113,14,316.0,0.0
8,40,2000,60,36,0,135,23,362.0,0.0
10,40,2900,60,36,0,109,32,828.0,0.0
7,40,2600,60,39,1,99,20,382.0,401.15382035180977
8,40,2800,60,49,1,155,16,484.0,314.05768300777265
7,40,1800,60,47,0,55,6,126.0,0.0
5,40,2500,60,49,1,125,15,270.0,213.78621929536067
8,40,3000,60,48,1,127,28,466.0,552.7998874466953
6,40,1800,60,46,0,131,11,268.0,0.0
7,40,1800,60,46,0,95,12,124.0,0.0
9,40,1800,60,39,1,83,13,194.0,447.0355719253342
4,40,1600,60,47,1,123,12,270.0,161.42657754176463
7,40,2400,60,47,1,95,10,240.0,141.72121190672468
7,40,1700,60,46,0,61,3,62.0,0.0
8,40,2200,60,36,0,85,20,416.0,0.0
6,40,2100,60,39,1,141,15,308.0,243.105897172167
3,40,2200,60,40,0,189,20,388.0,0.0
5,40,2200,60,48,0,113,14,334.0,0.0
7,40,1700,60,49,1,43,7,142.0,80.6660620373093
5,40,2700,60,48,1,185,15,392.0,372.4374587139725
5,40,2400,60,36,0,93,10,264.0,0.0
3,40,2500,60,35,1,213,31,404.0,351.64717567766206
9,40,2900,60,38,1,151,33,706.0,621.0231071573118
10,40,2600,60,50,0,91,9,256.0,0.0
8,40,2800,60,40,0,201,22,746.0,0.0
3,40,2100,60,40,1,147,16,330.0,184.4076326941023
10,40,2200,60,36,0,107,20,452.0,0.0
6,40,2800,60,40,0,153,23,550.0,0.0
9,40,3000,60,37,0,109,32,728.0,0.0
6,40,2100,60,40,1,111,20,240.0,244.31280559099318
4,40,2400,60,44,1,129,21,322.0,433.38420542814566
5,40,1600,60,42,1,97,14,214.0,192.73752738457452
9,40,1900,60,48,1,35,5,86.0,143.557045186676
7,40,2100,60,48,0,113,13,298.0,0.0
9,40,2800,60,40,0,155,22,552.0,0.0
9,40,2500,60,44,0,131,12,320.0,0.0
7,40,1700,60,40,1,75,12,212.0,153.1716016077933
5,40,1500,60,42,0,97,7,124.0,0.0
4,40,2700,60,42,1,141,27,386.0,429.12422836554725
4,40,2700,60,49,1,151,22,476.0,283.7429102818949
8,40,2300,60,36,0,91,17,282.0,0.0
9,40,2900,60,41,1,143,34,664.0,526.6772191683077
3,40,2800,60,44,0,371,22,568.0,0.0
4,40,2300,60,39,0,89,17,296.0,0.0
7,40,2500,55,41,1,97,16,340.0,394.8435583351985
3,40,3000,55,42,1,225,39,492.0,643.1568515864631
5,40,2700,55,48,0,249,18,492.0,0.0
5,40,2500,60,49,1,171,18,348.0,213.4446496089014
8,40,1600,55,45,0,113,6,142.0,0.0
10,40,1900,55,42,1,61,8,160.0,154.44640033482756
3,40,1800,55,36,1,81,13,176.0,93.71078184941368
4,40,2400,55,40,1,81,25,254.0,283.54810292945814
9,40,2700,55,50,0,99,13,284.0,0.0
4,40,3000,55,43,0,247,23,734.0,0.0
5,40,2000,55,41,0,73,7,144.0,0.0
3,40,1900,55,47,0,99,9,196.0,0.0
4,40,2900,55,47,1,137,27,456.0,342.4773355779449
10,40,2100,55,35,0,73,17,278.0,0.0
9,40,1900,55,37,0,97,10,238.0,0.0
9,40,2700,55,38,1,105,29,516.0,568.3073747426404
10,40,2400,55,40,1,85,22,498.0,351.32378023101666
9,40,2400,55,41,1,91,13,252.0,303.6426426330518
4,40,2500,55,40,0,99,16,324.0,0.0
9,40,2600,55,38,0,193,23,764.0,0.0
9,40,1800,55,37,1,79,14,194.0,139.81691133056282
4,40,1800,55,35,0,97,11,168.0,0.0
4,40,1600,55,42,1,59,9,136.0,161.97542661052583
9,40,1600,55,43,1,63,9,122.0,125.30623984191135
4,40,2700,55,43,0,237,17,484.0,0.0
9,40,2900,55,35,1,97,37,536.0,502.5493596467657
8,40,2100,55,48,0,121,8,188.0,0.0
8,40,2600,55,42,0,181,24,710.0,0.0
5,40,1700,55,49,1,97,7,128.0,70.74001792890817
6,40,2200,55,45,1,91,9,92.0,188.7078514037827
5,40,2200,55,47,0,95,10,306.0,0.0
5,40,1900,55,49,1,71,9,206.0,91.90911765413486
4,40,3000,55,36,0,333,39,920.0,0.0
8,40,2900,55,36,1,143,36,762.0,481.3615738217029
4,40,2000,55,38,1,71,11,210.0,132.3954271328414
6,40,1800,55,37,1,77,13,208.0,174.80227787354445
9,40,1600,55,39,0,91,12,202.0,0.0
9,40,2600,55,47,0,145,14,420.0,0.0
4,40,1500,55,44,0,29,3,58.0,0.0
4,40,2700,55,48,1,139,16,376.0,300.40543421568304
10,40,2000,55,39,1,49,11,158.0,181.70580881698748
7,40,1900,55,39,0,97,11,192.0,0.0
10,40,2800,55,42,1,157,27,602.0,484.8436919735818
5,40,2200,55,44,0,77,9,234.0,0.0
6,40,3000,55,44,0,277,16,472.0,0.0
8,40,2700,55,46,1,99,20,360.0,277.64946821809514
3,40,2500,55,46,0,269,13,442.0,0.0
5,40,2400,55,42,0,141,16,398.0,0.0
3,40,2000,55,40,1,65,8,152.0,90.48245676765609
9,40,2200,55,45,0,81,9,202.0,0.0
6,40,2200,55,49,1,71,9,150.0,113.73260498543353
10,40,1700,55,48,1,55,2,56.0,90.43005381493334
8,40,2700,55,46,0,103,19,386.0,0.0
7,40,2400,55,46,1,91,8,222.0,158.79828157802933
4,40,1600,55,35,1,83,14,228.0,136.0664614220577
5,40,2000,55,44,1,85,11,158.0,263.88486498817883
3,40,3000,55,42,0,273,21,694.0,0.0
3,40,2800,55,46,0,193,22,470.0,0.0
4,40,1900,55,47,0,97,4,98.0,0.0
9,40,2400,55,45,0,91,17,422.0,0.0
6,40,2300,55,38,1,129,21,476.0,223.95453549142567
5,40,2600,55,48,1,145,18,418.0,445.3745877793306
7,40,2700,55,41,0,191,23,612.0,0.0
5,40,2200,55,44,1,73,14,194.0,304.25724197351775
9,40,3000,55,45,0,115,20,564.0,0.0
4,40,2200,55,37,1,175,22,398.0,382.7207044668393
9,40,2200,55,35,0,79,10,290.0,0.0
4,40,2700,55,39,0,213,31,612.0,0.0
4,40,3000,55,39,1,259,36,546.0,691.9831278271798
9,40,2100,55,40,1,101,14,282.0,145.29082366497568
3,40,2700,55,39,0,291,25,522.0,0.0
10,40,1500,55,44,1,97,5,98.0,140.8346010722837
3,40,2300,55,37,1,123,22,302.0,326.3421345255696
10,40,1600,55,44,0,59,10,138.0,0.0
8,40,1900,55,39,0,95,18,266.0,0.0
10,40,2700,55,43,0,139,25,652.0,0.0
3,40,1700,55,47,1,49,3,72.0,33.57849882776468
10,40,2000,55,44,0,57,7,96.0,0.0
9,40,2500,55,37,0,131,23,564.0,0.0
7,40,2300,55,40,0,119,12,306.0,0.0
9,40,1800,55,40,1,47,10,124.0,100.60483941322703
3,40,2800,55,48,1,141,14,296.0,399.02310394131024
5,40,3000,55,41,1,175,37,590.0,749.4298575958697
3,40,1900,55,49,1,59,7,146.0,124.18441924171293
3,40,1700,55,35,1,91,6,122.0,65.27779395908618
7,40,2600,55,36,0,151,23,572.0,0.0
5,40,1800,55,39,1,47,8,84.0,143.5597704250932
3,40,2600,55,40,0,231,20,422.0,0.0
7,40,2500,55,41,1,93,19,408.0,393.17450696966085
5,40,2100,55,44,0,163,11,278.0,0.0
9,40,2700,55,45,0,95,16,378.0,0.0
3,40,2500,55,36,1,193,23,362.0,237.88837631517785
5,40,1500,55,39,1,59,12,206.0,258.01944524097325
10,40,2600,55,42,1,83,12,236.0,174.38549001342665
4,40,1700,55,47,0,89,5,124.0,0.0
5,40,2300,55,48,0,105,13,266.0,0.0
3,40,2200,55,38,1,131,26,340.0,341.92003484021507
8,40,1700,55,42,0,79,4,80.0,0.0
3,40,1500,55,50,0,19,1,20.0,0.0
10,40,1800,55,49,1,61,7,164.0,103.60045786888833
9,40,1500,55,49,0,43,3,44.0,0.0
3,40,2400,50,40,1,195,22,384.0,398.6961618449034
4,40,3000,50,39,0,225,29,640.0,0.0
7,40,1700,50,43,1,129,9,152.0,167.81151337010988
3,40,2500,50,41,0,195,14,286.0,0.0
7,40,2300,50,49,0,137,9,296.0,0.0
9,40,2800,50,41,0,211,25,650.0,0.0
7,40,1600,50,48,1,37,3,38.0,103.18359017283947
10,40,2300,50,37,1,69,15,254.0,156.40256163484767
8,40,2000,50,39,1,61,14,272.0,393.33840929696015
6,40,2300,50,46,0,89,13,218.0,0.0
9,40,1900,50,41,1,69,10,132.0,173.74565112706452
8,40,1800,50,45,1,63,7,154.0,176.03115476457486
5,40,2900,50,44,0,169,22,640.0,0.0
3,40,2500,50,43,0,145,14,382.0,0.0
8,40,2500,50,50,0,95,10,280.0,0.0
5,40,2900,50,49,1,163,17,396.0,253.3315163748707
6,40,3000,50,39,0,157,27,584.0,0.0
3,40,2300,50,37,0,127,21,340.0,0.0
10,40,1600,50,43,1,41,7,82.0,60.358861136846194
8,40,2600,50,50,1,201,20,504.0,513.8289919135879
7,40,1500,50,43,1,93,6,124.0,97.34629737875177
8,40,2300,50,35,1,73,15,252.0,150.374690998456
4,40,2500,50,35,0,179,23,444.0,0.0
3,40,2700,50,44,0,135,13,332.0,0.0
10,40,2500,50,39,1,139,26,504.0,692.3808004959884
3,40,2000,50,40,1,137,14,256.0,170.92741291559275
4,40,1600,50,43,0,49,7,50.0,0.0
5,40,1600,50,50,1,29,2,46.0,65.67901457525448
7,40,2900,50,49,0,109,15,370.0,0.0
5,40,3000,50,47,0,213,20,548.0,0.0
3,40,1900,50,50,1,67,5,114.0,121.74225036867654
3,40,1500,50,44,1,49,8,78.0,208.61026025178563
10,40,1900,50,49,0,63,5,94.0,0.0
8,40,2700,50,50,0,147,15,486.0,0.0
6,40,2300,50,42,1,105,20,274.0,329.01837917161924
8,40,2500,50,44,1,87,13,310.0,335.3353452172815
5,40,2000,50,47,0,71,4,116.0,0.0
8,40,2000,50,42,1,109,11,212.0,208.58815056165116
9,40,3000,50,47,0,105,16,394.0,0.0
7,40,2500,50,36,0,123,22,458.0,0.0
7,40,2500,50,38,1,91,21,402.0,331.70526478138754
9,40,1900,50,44,1,35,5,92.0,109.36220514711914
10,40,1700,50,40,1,45,10,148.0,142.46871216163908
9,40,1700,50,36,0,49,10,148.0,0.0
3,40,2500,50,43,0,91,8,186.0,0.0
9,40,2500,50,50,0,123,14,408.0,0.0
8,40,2900,50,35,0,149,28,766.0,0.0
8,40,2400,50,38,0,115,20,412.0,0.0
10,40,3000,50,39,1,91,22,316.0,390.021963187934
5,40,2300,50,42,0,171,22,414.0,0.0
3,40,1900,50,44,1,79,16,204.0,384.5567093649874
8,40,3000,50,45,1,103,22,486.0,625.505510018487
7,40,2900,50,49,1,177,20,460.0,311.59869016656904
3,40,1500,50,38,0,63,7,146.0,0.0
4,40,1900,50,39,0,137,11,248.0,0.0
8,40,1900,50,41,0,59,7,128.0,0.0
4,40,1500,50,37,0,37,7,112.0,0.0
9,40,2800,50,41,1,145,27,552.0,430.6963062275878
5,40,1700,50,44,1,85,8,142.0,214.63681820789856
10,40,2700,50,48,1,81,12,360.0,324.93357719019247
7,40,2400,50,36,0,131,19,584.0,0.0
10,40,2500,50,35,0,133,23,444.0,0.0
4,40,2700,50,38,1,305,32,596.0,578.5579883775031
7,40,2700,50,46,1,177,15,374.0,201.0150901527636
4,40,2600,50,46,1,125,14,348.0,206.2782432166172
7,40,2500,50,49,0,91,7,212.0,0.0
3,40,2700,50,42,1,243,26,426.0,255.40471292937602
4,40,3000,50,41,1,197,29,490.0,444.0030574584124
7,40,2600,50,45,0,139,15,430.0,0.0
5,40,1700,50,48,0,61,2,62.0,0.0
6,40,2600,50,39,1,195,21,448.0,442.3891524804103
9,40,2800,50,43,0,209,16,486.0,0.0
4,40,2700,50,38,1,135,18,316.0,203.49510818460126
7,40,1700,50,40,0,155,15,278.0,0.0
7,40,2600,50,35,1,135,22,506.0,240.5322152581167
3,40,2100,50,39,0,113,10,260.0,0.0
9,40,2200,50,40,0,81,11,202.0,0.0
7,40,2700,50,36,1,105,30,450.0,371.15545162233855
6,40,2400,50,43,0,75,15,318.0,0.0
7,40,2900,50,47,1,183,13,268.0,163.45945930209103
5,40,2200,50,48,1,83,13,226.0,273.09026882537654
5,40,2900,50,41,0,263,24,518.0,0.0
6,40,2600,50,39,1,151,31,566.0,538.4256668302793
3,40,2000,50,44,0,79,4,80.0,0.0
3,40,2100,50,44,0,113,15,260.0,0.0
10,40,3000,50,47,1,99,21,412.0,304.9463327066216
9,40,3000,50,46,1,87,22,550.0,355.4753301560538
4,40,2300,50,47,0,125,12,276.0,0.0
8,40,2500,50,35,0,91,24,604.0,0.0
5,40,1500,50,37,1,111,11,212.0,105.31341383718164
10,40,1700,50,39,0,51,6,82.0,0.0
10,40,2200,50,42,1,85,16,284.0,269.624853872724
5,40,2000,50,45,1,123,5,124.0,117.2857001108191
3,40,1600,50,48,1,17,1,18.0,26.09674100465724
9,40,2000,50,48,0,59,5,138.0,0.0
9,40,2600,50,35,0,149,31,658.0,0.0
7,40,1800,50,36,1,137,11,238.0,120.49523155719628
4,40,2000,50,41,1,65,9,194.0,238.86665137251887
6,40,1800,50,44,0,35,7,104.0,0.0
6,39,1600,90,40,0,105,9,188.0,0.0
6,40,1800,50,46,0,123,11,276.0,0.0
8,39,2300,90,43,1,115,25,408.0,495.8679074453312
4,39,1900,90,39,0,95,10,204.0,0.0
10,39,2100,90,40,0,77,21,308.0,0.0
8,39,1800,90,46,1,95,12,206.0,141.9511749247002
7,39,2900,90,42,0,149,28,644.0,0.0
5,39,2600,90,47,1,81,21,240.0,244.71362101303103
5,39,2700,90,46,1,129,28,430.0,515.1528598510771
8,39,1700,90,44,1,45,9,154.0,194.07201618808529
9,39,2800,90,35,0,155,35,734.0,0.0
6,39,2800,90,37,1,103,36,488.0,487.9568451440774
7,39,2400,90,38,1,139,33,498.0,565.7839627638684
7,39,2900,90,43,0,159,30,726.0,0.0
10,39,1900,90,42,0,93,9,220.0,0.0
8,39,2900,90,35,0,109,37,600.0,0.0
9,39,1500,90,39,1,83,8,154.0,218.70316493955204
4,39,2400,90,49,1,95,16,320.0,243.1340475062243
3,39,1500,90,40,1,43,7,94.0,126.48785624257782
6,39,2600,90,50,0,101,21,466.0,0.0
7,39,1500,90,46,1,69,4,70.0,51.45274783408007
9,39,1900,90,39,0,109,17,322.0,0.0
5,39,1500,90,40,1,47,10,146.0,150.283651069372
5,39,2200,90,50,0,123,17,246.0,0.0
9,39,1600,90,39,0,153,15,256.0,0.0
7,39,1800,90,42,1,83,15,242.0,285.5795480481832
9,39,1500,90,46,0,29,5,102.0,0.0
10,39,2700,90,41,1,65,28,494.0,472.8236796433255
6,39,2700,90,35,0,241,35,794.0,0.0
8,39,1800,90,43,0,145,12,296.0,0.0
5,39,2600,90,42,0,233,27,700.0,0.0
3,39,2800,90,43,1,165,34,440.0,627.9566453346752
3,39,2200,90,49,1,163,26,356.0,339.31120063707107
8,39,2300,90,41,0,123,28,474.0,0.0
9,39,2600,90,36,0,123,33,684.0,0.0
5,39,2900,90,45,1,151,31,534.0,718.5329181806654
10,39,2700,90,44,1,253,29,728.0,567.3642848161263
4,39,3000,90,41,1,167,37,556.0,541.4640045825663
9,39,2800,90,40,1,103,32,572.0,399.13917889541943
5,39,2700,90,43,0,147,25,544.0,0.0
8,39,2500,90,37,0,287,23,602.0,0.0
4,39,1600,90,43,1,91,13,174.0,92.99768750519651
3,39,1700,90,47,0,149,14,274.0,0.0
4,39,1500,90,47,0,99,12,234.0,0.0
4,39,2900,90,36,1,175,39,430.0,523.4734017254609
3,39,3000,90,45,1,181,33,478.0,669.739934192472
3,39,1800,90,44,0,101,14,224.0,0.0
5,39,2800,90,41,1,115,33,464.0,538.4406362187302
3,39,2600,90,38,0,255,28,544.0,0.0
4,39,3000,90,39,1,243,37,604.0,516.0521918387943
5,39,2300,90,43,1,111,22,394.0,402.22288969652146
6,39,2800,90,35,1,111,39,456.0,549.7865297839516
9,39,2100,90,43,1,77,14,168.0,214.57565652775168
5,39,2300,90,50,0,133,10,218.0,0.0
7,39,1700,90,46,0,55,6,150.0,0.0
3,39,2000,90,40,0,207,21,530.0,0.0
3,39,2900,90,50,0,269,22,536.0,0.0
3,39,2600,90,44,1,165,22,274.0,336.37703520941614
4,39,1500,90,36,0,99,14,232.0,0.0
6,39,2700,90,37,1,101,31,452.0,520.2772415805242
10,39,2600,90,38,1,139,33,558.0,513.9932476363673
8,39,2600,90,35,0,171,32,684.0,0.0
9,39,2200,90,46,0,127,14,284.0,0.0
7,39,1500,90,42,0,81,9,162.0,0.0
9,39,2200,90,47,1,79,15,282.0,306.3949429424701
4,39,2400,90,35,1,105,34,378.0,465.28837029693415
8,39,1800,90,36,0,67,9,230.0,0.0
9,39,2500,90,41,0,97,20,480.0,0.0
7,39,1500,90,43,1,51,13,128.0,117.02235278644417
8,39,1500,90,44,1,29,4,72.0,104.71492276352643
3,39,2200,90,44,0,117,16,292.0,0.0
5,39,2600,90,40,0,139,29,470.0,0.0
7,39,1700,90,50,1,59,6,132.0,159.50118760439963
10,39,3000,90,35,0,107,39,592.0,0.0
3,39,2800,90,37,0,253,30,540.0,0.0
6,39,2400,90,37,0,175,27,518.0,0.0
10,39,1600,90,46,1,55,7,146.0,109.5461018021903
3,39,2000,90,44,1,111,17,244.0,402.39944318008713
9,39,1500,90,37,1,47,10,104.0,157.83362964857935
3,39,1600,90,48,1,41,6,76.0,184.74848854353937
4,39,1700,90,40,1,131,21,326.0,235.9301856061974
9,39,2800,90,45,1,151,25,602.0,480.7526105141397
8,39,2800,90,47,1,111,27,420.0,413.42772960496757
4,39,2800,90,46,0,155,20,484.0,0.0
6,39,2600,90,46,0,185,18,428.0,0.0
4,39,2600,90,48,0,127,21,306.0,0.0
9,39,2200,90,49,0,87,9,240.0,0.0
10,39,1700,90,37,1,53,15,202.0,132.43768713167663
3,39,1700,90,40,0,133,17,252.0,0.0
9,39,2300,90,42,1,105,31,406.0,487.18535197668314
7,39,2300,90,43,0,125,11,316.0,0.0
10,39,1500,90,45,1,31,5,62.0,94.13879670101403
4,39,2600,90,43,1,141,31,458.0,712.0588944677676
4,39,2500,90,50,0,143,17,358.0,0.0
4,39,1500,90,38,0,81,11,184.0,0.0
4,39,2100,90,39,0,121,17,344.0,0.0
4,39,2000,90,44,1,51,12,170.0,243.8919219048887
7,39,2200,90,42,0,123,22,480.0,0.0
5,39,3000,90,48,1,103,30,426.0,605.5820685972394
6,39,1900,90,48,1,57,11,158.0,185.93812116958995
3,39,1500,85,38,0,85,6,142.0,0.0
3,39,2200,90,50,0,151,8,234.0,0.0
9,39,1600,85,41,0,81,7,138.0,0.0
6,39,2800,85,43,1,119,32,484.0,492.8754582004895
10,39,2800,85,46,1,101,20,442.0,330.9991386612568
4,39,2700,85,43,0,203,27,706.0,0.0
10,39,1900,85,43,1,41,14,144.0,168.31576300949254
3,39,2800,85,48,1,241,28,524.0,707.9402406321266
9,39,2400,85,39,1,91,29,532.0,559.1485113267205
6,39,1500,85,41,0,47,5,90.0,0.0
3,39,2700,85,38,0,313,30,670.0,0.0
7,39,2600,85,37,0,147,27,618.0,0.0
6,39,3000,85,48,1,213,31,674.0,695.5691565446374
10,39,2600,85,36,0,183,32,718.0,0.0
4,39,2700,85,40,1,141,32,388.0,435.51662360980447
8,39,2200,85,41,0,117,19,300.0,0.0
6,39,2100,85,45,0,155,18,350.0,0.0
3,39,2200,85,49,1,43,4,104.0,36.46747235292366
6,39,2300,85,49,1,81,11,186.0,157.98210096712234
7,39,3000,85,35,0,161,36,812.0,0.0
4,39,3000,85,50,1,105,24,404.0,626.0388484053434
7,39,2700,85,36,1,95,37,482.0,515.1617353545275
4,39,2400,85,41,0,137,18,446.0,0.0
9,39,2900,85,41,1,137,28,470.0,447.83102915234446
9,39,2400,85,49,1,97,17,252.0,171.63211612569066
5,39,1800,85,49,0,95,5,130.0,0.0
10,39,1700,85,46,1,61,12,204.0,141.72740548142107
9,39,2000,85,50,0,55,5,118.0,0.0
9,39,1600,85,39,0,63,6,120.0,0.0
7,39,2600,85,35,0,145,34,620.0,0.0
4,39,2900,85,36,1,145,39,454.0,488.1377818609688
7,39,1600,85,42,1,91,10,206.0,151.90570361484896
9,39,1900,85,44,0,71,13,224.0,0.0
5,39,2500,85,35,1,123,37,504.0,453.56717537216366
10,39,2300,85,48,0,73,8,198.0,0.0
10,39,2600,85,45,1,81,26,440.0,518.2477707639201
4,39,2000,85,50,1,55,12,116.0,283.8224676722688
8,39,3000,85,42,1,107,31,656.0,566.097519913171
6,39,2000,85,46,0,133,15,238.0,0.0
5,39,2800,85,35,0,155,28,522.0,0.0
7,39,1600,85,35,0,89,18,244.0,0.0
9,39,2300,85,48,0,127,13,382.0,0.0
9,39,1500,85,43,1,29,2,56.0,23.959284276353234
7,39,1800,85,35,1,65,20,200.0,293.4364828571661
4,39,3000,85,36,1,99,38,338.0,518.2776881522282
8,39,2600,85,35,0,101,22,392.0,0.0
10,39,1600,85,38,0,77,15,268.0,0.0
9,39,2500,85,37,0,141,25,538.0,0.0
6,39,1700,85,41,1,59,8,128.0,104.21485961857296
4,39,2600,85,42,1,127,32,396.0,403.9615648695566
10,39,2600,85,36,0,147,32,804.0,0.0
10,39,1900,85,36,1,61,25,308.0,267.5459531323113
7,39,2900,85,39,0,113,35,594.0,0.0
9,39,2800,85,46,0,183,24,626.0,0.0
7,39,2400,85,40,0,95,21,382.0,0.0
4,39,2200,85,37,1,117,34,398.0,379.52441812872735
10,39,2200,85,49,1,85,11,266.0,200.96708211767518
4,39,2800,85,47,1,199,30,588.0,582.8586797462951
8,39,1800,85,38,0,69,20,250.0,0.0
8,39,1800,85,40,1,95,9,172.0,104.27707268857941
10,39,3000,85,38,1,153,36,666.0,603.4526712048391
4,39,3000,85,42,0,329,32,862.0,0.0
7,39,2400,85,40,0,127,15,460.0,0.0
6,39,2000,85,45,0,147,12,332.0,0.0
6,39,2200,85,44,1,73,20,272.0,441.7975903654931
10,39,2300,85,38,0,123,23,560.0,0.0
10,39,1800,85,35,1,69,18,286.0,201.7700613958224
10,39,1500,85,50,1,39,6,100.0,153.84159506989948
5,39,1500,85,42,1,29,3,82.0,46.66602050426789
3,39,1800,85,49,0,81,10,178.0,0.0
7,39,1900,85,38,1,95,13,180.0,230.39761332443197
5,39,3000,85,35,0,235,36,860.0,0.0
10,39,2400,85,38,0,183,27,616.0,0.0
4,39,2000,85,47,0,151,11,282.0,0.0
9,39,2500,85,43,1,97,23,418.0,452.94705585754116
5,39,2900,85,48,1,119,32,482.0,731.6732436841827
5,39,1700,85,36,1,115,13,224.0,139.04087097861975
10,39,1500,85,48,0,27,3,50.0,0.0
7,39,1900,85,37,0,137,13,204.0,0.0
8,39,2800,85,37,1,107,37,594.0,546.5059869485912
8,39,2100,85,42,1,103,18,196.0,286.91677666073554
9,39,1600,85,43,0,63,8,148.0,0.0
6,39,2600,85,44,0,127,23,468.0,0.0
9,39,2700,85,47,0,149,17,422.0,0.0
4,39,2800,85,48,1,153,31,408.0,508.94232775273804
9,39,2900,85,47,1,93,25,400.0,407.1033288884438
4,39,2200,85,45,0,123,15,304.0,0.0
7,39,2200,85,47,1,51,12,212.0,190.85236553860028
3,39,2500,85,50,0,217,13,348.0,0.0
8,39,3000,85,43,1,97,34,514.0,640.0793418624373
8,39,2100,85,45,0,81,15,266.0,0.0
10,39,2100,85,46,1,101,13,308.0,128.1555711351069
9,39,2800,85,39,1,103,33,638.0,662.8980648393008
3,39,2000,85,49,0,117,9,228.0,0.0
9,39,2900,85,39,0,163,32,906.0,0.0
6,39,2400,85,49,0,119,11,250.0,0.0
4,39,1800,85,43,1,97,10,192.0,167.27525847852814
6,39,1700,85,47,1,127,9,180.0,129.71876329609358
4,39,2500,85,49,0,121,18,374.0,0.0
10,39,1900,80,41,1,67,10,202.0,276.54739238605504
8,39,1700,85,48,0,59,8,172.0,0.0
5,39,1900,80,47,1,79,8,132.0,75.76251063369816
4,39,2800,85,48,1,181,30,568.0,665.3254233834252
8,39,1700,80,43,0,77,8,152.0,0.0
6,39,2700,80,49,0,249,25,670.0,0.0
10,39,1800,80,38,1,65,15,156.0,302.12935777098625
10,39,2800,80,38,1,97,30,520.0,511.211352490426
6,39,2700,80,39,0,203,30,642.0,0.0
10,39,2800,80,49,1,103,16,404.0,247.42983644772258
7,39,1700,80,45,0,91,11,182.0,0.0
7,39,1600,80,47,0,43,5,74.0,0.0
8,39,2900,80,49,1,105,26,430.0,379.1550680071185
6,39,2000,80,39,0,115,18,340.0,0.0
8,39,2900,80,41,0,167,29,690.0,0.0
10,39,2000,80,35,1,107,25,452.0,385.0240280150623
7,39,1800,80,44,1,99,15,304.0,411.57213136526167
4,39,2700,80,43,0,203,24,508.0,0.0
10,39,2900,80,42,1,165,32,630.0,491.5306391492452
7,39,2300,80,45,1,101,12,228.0,249.53653305141475
10,39,3000,80,46,0,173,21,684.0,0.0
5,39,2700,80,37,0,139,34,516.0,0.0
6,39,2100,80,37,1,97,19,282.0,263.027414758312
7,39,1600,80,43,1,57,7,128.0,71.21998888312436
4,39,1500,80,49,0,83,7,110.0,0.0
7,39,2500,80,45,0,131,21,528.0,0.0
6,39,1600,80,49,1,29,7,112.0,85.04868311200678
6,39,2200,80,49,0,129,13,334.0,0.0
5,39,2800,80,36,1,113,37,474.0,470.6137929561474
6,39,2600,80,36,1,133,37,456.0,502.277920670595
9,39,2500,80,37,1,139,33,558.0,487.23078567472515
5,39,2900,80,38,0,191,28,734.0,0.0
5,39,2700,80,39,0,157,32,642.0,0.0
3,39,1600,80,46,0,113,10,220.0,0.0
8,39,1800,80,50,1,69,11,200.0,158.47465251179528
5,39,2500,80,39,1,167,30,466.0,753.0198790312173
9,39,1500,80,44,0,55,7,114.0,0.0
10,39,2400,80,38,1,93,22,384.0,269.5359330363214
3,39,2500,80,38,1,157,34,402.0,426.48916039588096
10,39,1900,80,48,0,61,11,160.0,0.0
8,39,1800,80,40,0,125,16,398.0,0.0
7,39,1700,80,49,0,33,6,98.0,0.0
6,39,2600,80,43,0,103,16,412.0,0.0
6,39,2300,80,44,1,87,19,324.0,436.6144156832771
4,39,1800,80,48,1,85,10,208.0,237.9369148995603
5,39,2200,80,37,0,207,25,528.0,0.0
4,39,2400,80,45,1,111,20,270.0,357.68329752822376
7,39,2200,80,45,1,119,10,206.0,175.42547400932656
7,39,2600,80,50,0,133,18,476.0,0.0
7,39,1700,80,36,0,91,18,270.0,0.0
4,39,2400,80,37,1,129,31,438.0,455.891788455535
7,39,2100,80,44,0,107,10,260.0,0.0
5,39,1900,80,48,1,49,12,124.0,247.60321509548433
3,39,2600,80,40,0,287,19,438.0,0.0
7,39,2400,80,35,0,91,25,454.0,0.0
4,39,2400,80,47,0,269,20,512.0,0.0
3,39,2200,80,47,1,173,21,364.0,205.71406392693152
5,39,1500,80,46,1,59,8,114.0,106.46472407834446
6,39,2200,80,43,1,121,23,398.0,352.78542939826406
3,39,2600,80,39,0,243,27,526.0,0.0
7,39,2800,80,35,0,159,36,746.0,0.0
8,39,1500,80,40,1,67,12,202.0,159.4987253970421
7,39,2900,80,48,1,221,29,594.0,611.6988189175252
5,39,1500,80,44,1,59,6,80.0,128.35782625418952
6,39,2600,80,49,0,177,17,414.0,0.0
3,39,1700,80,48,0,95,8,220.0,0.0
4,39,2900,80,48,0,265,21,598.0,0.0
5,39,3000,80,50,1,129,26,354.0,670.1241562732208
9,39,1800,80,44,1,87,10,168.0,177.07235223789112
7,39,2100,80,37,1,83,25,322.0,375.1498516032984
10,39,2000,80,49,0,103,11,230.0,0.0
10,39,2900,80,46,0,103,16,400.0,0.0
3,39,2300,80,47,1,115,18,308.0,221.69700216620842
9,39,1800,80,36,1,57,16,160.0,128.06408689204463
8,39,2000,80,50,1,177,20,380.0,389.95309057069477
6,39,1600,80,49,0,85,8,118.0,0.0
9,39,1500,80,50,0,49,7,96.0,0.0
10,39,2000,80,42,0,101,13,230.0,0.0
10,39,1500,80,41,1,91,8,142.0,195.05128610295705
6,39,2800,80,41,0,139,25,470.0,0.0
7,39,2600,80,41,0,99,24,456.0,0.0
4,39,1800,80,47,1,43,7,92.0,81.3076222877759
5,39,1500,80,35,1,85,8,148.0,79.74586085306655
5,39,1700,80,38,0,67,13,178.0,0.0
6,39,2600,80,36,0,183,23,610.0,0.0
4,39,2300,80,37,1,129,22,464.0,310.2155705768238
5,39,2000,80,45,1,87,8,160.0,178.97038581498302
4,39,2600,80,35,1,109,29,272.0,307.20846265627546
8,39,2100,80,38,0,153,20,486.0,0.0
7,39,2100,80,36,0,109,17,310.0,0.0
3,39,2200,80,42,0,153,14,358.0,0.0
4,39,2300,80,44,1,159,16,442.0,363.0248359721388
4,39,2500,80,41,1,137,25,324.0,476.61931694726917
6,39,3000,80,46,1,105,28,516.0,400.037504885823
5,39,2300,80,48,0,45,7,88.0,0.0
3,39,1900,80,48,0,103,12,236.0,0.0
9,39,2400,80,43,1,119,28,440.0,567.8368842172184
7,39,2000,80,47,1,91,10,264.0,136.5698536857611
8,39,1600,80,42,1,45,7,100.0,131.8248100285037
10,39,1500,80,50,0,29,3,50.0,0.0
3,39,1900,80,45,0,99,8,128.0,0.0
10,39,2500,75,38,1,139,30,596.0,500.85639410165305
6,39,1600,80,49,0,61,4,62.0,0.0
3,39,1900,75,42,1,93,7,182.0,81.88013150836144
7,39,1800,75,40,0,61,9,150.0,0.0
4,39,2600,75,41,0,241,22,568.0,0.0
4,39,2000,75,46,0,143,11,276.0,0.0
3,39,1500,75,48,1,57,6,100.0,189.1690788260829
4,39,2900,75,37,1,153,37,476.0,548.8460049696666
7,39,2300,75,39,0,161,22,520.0,0.0
9,39,2700,75,50,1,59,16,324.0,278.34256622054585
5,39,3000,75,45,0,157,23,684.0,0.0
10,39,2100,75,36,1,73,20,348.0,281.4424454127237
6,39,2600,75,44,0,141,21,590.0,0.0
9,39,1600,75,38,1,43,9,154.0,100.78646313508501
10,39,1800,75,39,1,41,12,148.0,293.3070092213619
4,39,1600,75,50,1,51,5,60.0,83.13117766734959
7,39,1500,75,45,0,75,9,150.0,0.0
8,39,2900,75,45,0,167,26,670.0,0.0
10,39,2000,75,39,0,65,14,182.0,0.0
10,39,1700,75,40,0,63,12,186.0,0.0
3,39,2400,75,40,0,221,25,452.0,0.0
7,39,2200,75,44,1,89,14,170.0,291.23379743882896
9,39,1700,75,37,1,63,13,170.0,137.48699764246786
3,39,2100,75,49,1,97,14,216.0,127.14798044075968
7,39,1800,75,35,0,141,20,372.0,0.0
4,39,2700,75,50,0,143,19,470.0,0.0
4,39,1700,75,42,1,41,8,114.0,139.13782734829348
3,39,2100,75,41,1,179,20,362.0,293.1682191666333
10,39,2900,75,39,0,153,32,704.0,0.0
8,39,3000,75,48,0,217,24,834.0,0.0
4,39,2600,75,39,0,239,28,596.0,0.0
6,39,2000,75,50,1,77,9,108.0,144.4027701380456
5,39,2400,75,47,0,87,17,312.0,0.0
3,39,2900,75,47,1,217,28,412.0,434.667502789395
3,39,2300,75,49,1,155,21,380.0,265.7106264430678
5,39,2300,75,42,0,153,20,414.0,0.0
9,39,2200,75,50,1,65,14,292.0,449.80082690215437
8,39,1500,75,36,1,41,8,78.0,50.05297310536915
6,39,1900,75,37,0,169,13,202.0,0.0
9,39,2200,75,42,1,79,20,356.0,290.9570996775481
3,39,2200,75,40,0,111,17,302.0,0.0
3,39,2300,75,48,1,99,18,250.0,379.986900336392
8,39,1900,75,45,1,75,11,204.0,240.43073542384073
8,39,1600,75,50,0,43,3,44.0,0.0
6,39,1800,75,36,0,123,9,216.0,0.0
4,39,3000,75,40,1,141,38,434.0,597.6585596007354
5,39,2200,75,44,1,81,16,230.0,328.05746587604744
3,39,2200,75,43,0,157,13,372.0,0.0
3,39,1500,75,44,0,103,11,134.0,0.0
5,39,2400,75,36,1,91,32,358.0,366.30041337497414
7,39,2400,75,36,0,169,23,500.0,0.0
7,39,2100,75,40,0,129,14,364.0,0.0
10,39,2600,75,37,1,103,25,526.0,424.283752430163
4,39,2600,75,43,0,217,32,686.0,0.0
9,39,2600,75,49,1,89,23,350.0,370.8447239563402
10,39,1900,75,46,1,59,13,162.0,188.25199352959345
9,39,1600,75,35,0,121,16,314.0,0.0
5,39,2800,75,46,0,195,26,650.0,0.0
3,39,2500,75,40,0,179,23,434.0,0.0
7,39,2200,75,44,1,95,21,234.0,454.5271399495545
4,39,1600,75,48,1,85,11,168.0,308.6930400701961
6,39,3000,75,35,0,231,35,712.0,0.0
8,39,2100,75,50,1,85,14,246.0,254.6378922215462
9,39,2900,75,48,0,167,21,554.0,0.0
5,39,1600,75,35,1,95,13,262.0,106.27691345499183
3,39,1800,75,35,0,199,16,360.0,0.0
7,39,3000,75,47,1,115,32,520.0,389.5635983628429
8,39,2100,75,35,0,191,24,534.0,0.0
10,39,2800,75,40,0,157,22,462.0,0.0
3,39,1800,75,37,1,91,15,246.0,147.30968546256926
9,39,1500,75,50,1,77,5,112.0,123.70849598133589
5,39,1900,75,46,1,69,4,102.0,63.68403259059228
10,39,2400,75,47,0,135,19,436.0,0.0
10,39,2800,75,35,0,159,34,636.0,0.0
3,39,3000,75,50,1,229,27,596.0,653.9215481842939
8,39,1600,75,41,0,21,2,22.0,0.0
9,39,2400,75,37,1,227,24,642.0,426.6807965858132
3,39,1700,75,43,0,151,10,208.0,0.0
3,39,3000,75,45,1,175,35,392.0,653.7823349688757
4,39,2500,75,47,1,151,29,446.0,403.9269326232792
9,39,2700,75,45,0,103,30,564.0,0.0
7,39,2000,75,39,0,97,12,272.0,0.0
6,39,1700,75,40,0,61,11,134.0,0.0
10,39,1700,75,42,0,61,7,160.0,0.0
7,39,1600,75,44,1,73,5,102.0,120.72797919439589
10,39,2300,75,50,1,83,13,252.0,447.89275108143613
9,39,1800,75,47,1,59,8,142.0,126.86164639590173
10,39,1500,75,49,1,53,8,112.0,57.935612897428555
6,39,2600,75,38,0,151,27,678.0,0.0
9,39,1900,75,39,1,77,11,122.0,251.59183759937292
8,39,2000,75,39,0,79,20,330.0,0.0
5,39,2800,75,40,1,97,38,436.0,566.9327034429732
7,39,1600,75,45,0,51,7,130.0,0.0
3,39,2500,75,49,1,95,18,248.0,234.8170770133318
10,39,2900,75,36,1,103,39,666.0,460.8228757975864
6,39,2500,75,42,0,147,23,448.0,0.0
9,39,1500,75,43,0,77,13,192.0,0.0
3,39,3000,75,44,1,241,34,500.0,489.7748968195257
10,39,1900,75,48,0,63,4,98.0,0.0
9,39,2400,75,49,1,79,13,292.0,184.20035967014903
5,39,1600,70,38,0,27,8,126.0,0.0
5,39,1500,75,46,0,107,9,218.0,0.0
9,39,1900,70,44,1,99,9,202.0,149.47445642389266
5,39,2300,70,44,0,173,18,396.0,0.0
7,39,2800,70,50,1,153,12,390.0,181.26463497635564
7,39,2000,70,45,1,117,10,186.0,280.53897114210497
9,39,2900,70,36,0,169,34,838.0,0.0
10,39,2500,70,50,0,91,11,318.0,0.0
8,39,2500,70,46,1,99,18,448.0,327.74023784035427
4,39,3000,70,38,0,279,37,784.0,0.0
10,39,1500,70,37,1,49,8,88.0,80.20924999610152
6,39,1900,70,42,1,131,15,288.0,276.14752016465206
3,39,1800,70,38,0,83,10,172.0,0.0
9,39,2800,70,35,1,109,36,558.0,464.26779853094644
7,39,1800,70,37,0,117,13,352.0,0.0
9,39,2700,70,39,0,147,27,672.0,0.0
3,39,1600,70,45,1,97,8,148.0,120.85916134218465
9,39,2700,70,46,1,123,19,424.0,329.0628639383228
6,39,2700,70,35,1,105,37,464.0,593.0608179400409
9,39,2700,70,46,0,161,24,544.0,0.0
7,39,2300,70,45,1,83,14,272.0,282.3678685671442
7,39,1900,70,35,1,107,23,322.0,204.04241710566893
3,39,1700,70,46,0,61,6,142.0,0.0
3,39,1800,70,36,0,81,10,158.0,0.0
9,39,1700,70,44,0,63,7,96.0,0.0
6,39,2500,70,36,1,117,35,398.0,459.75991844355923
7,39,2300,70,38,0,123,19,420.0,0.0
8,39,1700,70,36,0,93,16,306.0,0.0
9,39,2400,70,37,1,133,30,444.0,433.5787817414208
7,39,2100,70,42,1,83,20,390.0,329.0968266929907
9,39,2700,70,47,1,139,25,510.0,338.35754041902715
6,39,1600,70,42,0,147,12,176.0,0.0
10,39,1700,70,40,1,91,15,250.0,186.02363414769127
3,39,1900,70,41,0,169,18,278.0,0.0
4,39,1700,70,48,0,51,7,156.0,0.0
8,39,2800,70,35,1,109,37,524.0,568.3833874560984
5,39,1800,70,46,1,77,10,172.0,144.56125160270813
9,39,2700,70,40,1,153,26,774.0,424.4520613658194
6,39,3000,70,46,0,213,18,656.0,0.0
6,39,2000,70,50,0,91,8,114.0,0.0
7,39,1500,70,50,1,25,1,26.0,35.93559819061595
3,39,2200,70,50,0,137,10,224.0,0.0
3,39,1900,70,47,0,63,7,120.0,0.0
5,39,2700,70,39,0,185,28,688.0,0.0
5,39,2200,70,49,1,87,11,250.0,157.38582448012497
10,39,2500,70,41,1,135,29,682.0,541.1658068577486
3,39,2000,70,44,0,149,14,240.0,0.0
7,39,1500,70,48,0,33,2,34.0,0.0
3,39,2500,70,41,1,281,33,468.0,542.976857259677
9,39,3000,70,37,0,111,33,708.0,0.0
8,39,1900,70,50,1,71,12,170.0,389.3937740855336
5,39,2500,70,39,1,145,30,592.0,611.0948376462503
6,39,2800,70,41,0,219,26,688.0,0.0
5,39,1600,70,40,1,113,13,188.0,171.29307157595755
5,39,2600,70,42,1,163,27,440.0,449.198753200368
4,39,2400,70,45,0,95,14,310.0,0.0
7,39,2900,70,50,0,165,20,476.0,0.0
3,39,2400,70,50,1,135,17,274.0,398.35980621747717
7,39,2400,70,40,0,139,28,576.0,0.0
4,39,2200,70,45,1,121,17,278.0,366.5672458501762
4,39,2300,70,45,0,135,18,380.0,0.0
4,39,2700,70,39,0,205,26,642.0,0.0
8,39,2300,70,48,1,123,15,338.0,304.0953162090595
4,39,1500,70,45,1,77,11,126.0,222.04001763138703
7,39,2500,70,36,0,189,28,708.0,0.0
9,39,1700,70,41,0,127,14,246.0,0.0
6,39,2400,70,35,1,183,36,522.0,545.971962067015
3,39,1500,70,43,1,55,4,116.0,57.138180120673766
10,39,2000,70,46,0,85,8,196.0,0.0
3,39,2500,70,47,1,149,10,244.0,150.3526324183552
9,39,2200,70,36,0,123,26,568.0,0.0
8,39,2400,70,43,1,77,16,270.0,231.8330590649854
8,39,2900,70,36,0,167,34,830.0,0.0
5,39,1600,70,41,1,43,6,84.0,147.97425571616628
4,39,2200,70,37,1,203,21,382.0,297.91405863504315
5,39,3000,70,41,0,165,26,582.0,0.0
9,39,2300,70,44,0,125,17,466.0,0.0
4,39,2500,70,43,1,127,14,318.0,174.71364195218513
8,39,1500,70,35,0,47,9,118.0,0.0
5,39,2600,70,35,1,131,38,430.0,438.0950095053703
4,39,2400,70,41,0,85,14,220.0,0.0
4,39,2900,70,44,1,133,30,418.0,627.325719504027
10,39,3000,70,44,1,165,34,662.0,748.7760911899908
8,39,1500,70,46,0,47,4,78.0,0.0
10,39,2400,70,48,0,91,15,448.0,0.0
6,39,2700,70,37,0,165,28,592.0,0.0
9,39,3000,70,38,1,169,32,608.0,365.0453654860794
7,39,3000,70,37,1,123,33,482.0,467.6142984083518
8,39,3000,70,41,0,141,32,710.0,0.0
6,39,1600,70,35,1,111,11,182.0,105.76674110498335
6,39,2800,70,48,0,147,25,508.0,0.0
10,39,2400,70,45,1,87,22,416.0,446.9874517043427
3,39,3000,70,38,0,385,34,844.0,0.0
3,39,2400,70,36,1,151,34,340.0,431.834865030549
7,39,2000,70,38,1,113,15,306.0,203.82236045341162
6,39,1900,70,36,0,59,12,196.0,0.0
8,39,2300,70,45,1,143,20,408.0,376.19145408678287
5,39,2500,70,46,0,191,19,468.0,0.0
8,39,3000,70,45,1,103,26,458.0,516.0114921574782
8,39,1900,70,50,0,61,6,114.0,0.0
7,39,2100,65,43,0,77,12,206.0,0.0
6,39,2500,65,43,1,91,12,306.0,183.03344463764074
10,39,3000,65,36,1,113,34,522.0,400.5057719121735
3,39,2400,70,46,0,183,19,400.0,0.0
4,39,1500,65,36,0,27,4,64.0,0.0
6,39,2800,65,42,0,159,28,614.0,0.0
5,39,3000,65,48,1,151,31,544.0,663.4574333290891
8,39,2500,65,35,1,99,29,456.0,388.7042961698679
9,39,1800,65,43,0,63,9,206.0,0.0
7,39,2800,65,43,0,215,27,780.0,0.0
4,39,2100,65,43,0,117,13,304.0,0.0
9,39,1600,65,49,1,65,6,94.0,75.3769657736413
8,39,2700,65,40,0,187,25,814.0,0.0
3,39,2900,65,47,1,79,13,148.0,226.24955519459493
7,39,1900,65,46,1,69,13,172.0,197.84615210228978
8,39,2500,65,35,1,117,35,536.0,466.56674978772736
4,39,2600,65,46,0,173,19,562.0,0.0
5,39,2600,65,48,1,99,26,336.0,460.8222887693366
9,39,1600,65,50,1,27,4,50.0,55.78534514762925
9,39,2700,65,48,0,151,12,342.0,0.0
9,39,2000,65,50,1,109,11,280.0,263.1733869802434
3,39,2200,65,50,0,231,12,352.0,0.0
6,39,2000,65,45,0,103,9,266.0,0.0
4,39,1700,65,35,0,63,12,188.0,0.0
6,39,2300,65,47,1,93,18,360.0,255.66688028520238
5,39,2600,65,35,1,141,31,506.0,428.76326786397556
8,39,1500,65,44,1,37,6,68.0,118.88817591646155
9,39,3000,65,46,0,117,25,574.0,0.0
8,39,2700,65,40,1,197,31,622.0,407.9697411209202
6,39,2700,65,44,0,205,22,554.0,0.0
10,39,2100,65,38,0,83,12,240.0,0.0
5,39,2600,65,37,1,127,30,498.0,368.31975953777703
7,39,1900,65,41,0,69,12,268.0,0.0
8,39,2200,65,42,1,59,17,286.0,304.4620176051003
7,39,2800,65,50,1,145,22,498.0,593.2508283157771
5,39,2100,65,48,0,115,9,266.0,0.0
4,39,2100,65,36,1,97,19,280.0,203.48143922235835
6,39,2000,65,46,0,71,7,170.0,0.0
8,39,1600,65,49,1,13,1,14.0,8.258608585802621
9,39,1900,65,46,0,111,6,186.0,0.0
3,39,2900,65,42,0,325,32,642.0,0.0
3,39,1500,65,36,0,55,5,110.0,0.0
6,39,3000,65,38,1,107,39,498.0,540.7207912494976
8,39,2100,65,35,0,75,20,412.0,0.0
7,39,1600,65,43,0,57,6,118.0,0.0
6,39,2800,65,49,1,111,32,456.0,535.9431866986109
8,39,2400,65,50,1,51,5,132.0,162.81987559196892
7,39,2400,65,48,1,91,12,272.0,253.22630283425258
7,39,2000,65,40,1,75,4,146.0,48.14192366704956
6,39,2300,65,43,0,149,17,336.0,0.0
10,39,2500,65,38,1,95,21,402.0,331.74909879494953
8,39,2800,65,45,1,157,16,450.0,385.9518824126884
8,39,2600,65,45,0,145,18,524.0,0.0
9,39,2100,65,47,0,71,11,222.0,0.0
5,39,2600,65,42,0,273,18,552.0,0.0
8,39,1500,65,37,0,71,9,152.0,0.0
10,39,1700,65,42,0,79,11,146.0,0.0
9,39,2500,65,38,1,131,22,418.0,371.7887436892984
8,39,1500,65,46,1,27,1,28.0,6.0
6,39,2200,65,47,0,73,8,158.0,0.0
6,39,2100,65,48,1,81,12,280.0,382.1431577829129
8,39,2900,65,50,1,133,17,488.0,476.5381425693546
6,39,1500,65,39,0,57,9,116.0,0.0
6,39,1900,65,36,1,111,26,430.0,331.90592985844756
9,39,1900,65,42,1,45,7,156.0,124.64544002593614
8,39,1500,65,44,0,27,2,40.0,0.0
5,39,1500,65,45,0,29,4,84.0,0.0
6,39,1600,65,50,0,53,6,82.0,0.0
4,39,2500,65,48,1,153,21,358.0,534.5892319350743
9,39,2000,65,44,1,71,10,184.0,298.88288987438233
4,39,2200,65,36,0,147,24,350.0,0.0
7,39,2600,65,37,0,185,32,566.0,0.0
4,39,2400,65,46,1,99,14,196.0,205.260650105903
6,39,1700,65,48,1,45,5,104.0,104.60889847169075
8,39,3000,65,35,1,109,35,570.0,538.8787844631947
7,39,2700,65,44,0,193,15,630.0,0.0
6,39,2700,65,45,0,193,14,352.0,0.0
7,39,1800,65,45,1,101,14,262.0,228.51370611121382
3,39,2600,65,48,0,185,16,336.0,0.0
4,39,2700,65,37,1,145,35,386.0,543.5937160322119
8,39,2700,65,36,0,155,31,682.0,0.0
5,39,1600,65,38,0,91,7,144.0,0.0
4,39,2100,65,36,1,145,16,324.0,168.86926854996392
10,39,2200,65,35,0,81,21,398.0,0.0
8,39,2300,65,36,1,105,26,396.0,320.7580392129107
9,39,2600,65,40,1,97,21,424.0,230.05901496368256
4,39,2000,65,41,0,149,11,244.0,0.0
4,39,1700,65,46,1,55,3,86.0,26.434093813090488
6,39,2300,65,42,0,161,20,478.0,0.0
3,39,2400,65,49,1,139,15,312.0,226.92246733082362
8,39,2000,65,35,1,87,21,320.0,247.70877570217942
9,39,1500,65,38,0,55,4,56.0,0.0
3,39,2900,65,36,0,281,36,768.0,0.0
6,39,2300,65,41,0,83,15,322.0,0.0
9,39,2400,65,48,1,93,15,342.0,325.1948101902206
3,39,2800,65,37,0,307,31,780.0,0.0
5,39,1800,65,50,1,69,4,122.0,95.28387652496615
7,39,2400,65,39,0,185,22,596.0,0.0
5,39,2500,60,43,1,91,15,202.0,216.2614212453994
9,39,2500,65,40,1,97,24,442.0,365.5912595475058
4,39,3000,60,38,0,259,33,740.0,0.0
6,39,2100,65,45,1,83,6,164.0,153.62383765161482
5,39,2900,65,45,0,213,33,750.0,0.0
8,39,1800,60,44,1,85,4,108.0,105.83512976631602
4,39,1700,60,45,0,67,11,174.0,0.0
9,39,2900,60,40,1,155,32,618.0,615.2471340582667
5,39,1600,60,42,0,89,9,150.0,0.0
10,39,2200,60,42,1,79,18,292.0,247.50521617284147
4,39,1900,60,45,1,79,8,164.0,233.1766820275056
4,39,1700,60,49,0,65,7,118.0,0.0
9,39,2400,60,47,0,77,9,202.0,0.0
6,39,2100,60,38,1,137,17,322.0,206.88689428595535
6,39,1700,60,38,1,87,11,154.0,96.51820312679226
9,39,2000,60,42,0,69,6,184.0,0.0
6,39,1600,60,41,1,71,12,126.0,216.13933878700524
8,39,2000,60,36,0,75,14,284.0,0.0
6,39,2800,60,37,0,233,23,632.0,0.0
6,39,2200,60,40,1,107,17,358.0,229.95686847266774
10,39,3000,60,42,0,119,25,646.0,0.0
5,39,3000,60,37,1,119,36,442.0,447.3278488312935
8,39,1600,60,42,1,57,10,134.0,133.7827517868285
6,39,2600,60,42,0,147,24,676.0,0.0
4,39,2900,60,45,0,219,24,534.0,0.0
3,39,2600,60,46,0,229,15,412.0,0.0
3,39,1700,60,48,1,33,3,64.0,109.00448193513361
7,39,2500,60,48,1,113,14,286.0,298.2831653374739
5,39,2200,60,38,1,113,20,384.0,308.71669202004637
9,39,2200,60,45,0,87,14,382.0,0.0
5,39,2500,60,37,0,115,26,408.0,0.0
7,39,2300,60,39,1,83,23,384.0,455.19214073732866
4,39,1800,60,50,0,31,4,62.0,0.0
5,39,1700,60,42,1,101,11,194.0,186.1185372447801
7,39,1600,60,35,0,107,11,140.0,0.0
4,39,2800,60,49,0,211,20,580.0,0.0
8,39,2200,60,39,1,115,23,358.0,496.1054573439487
9,39,3000,60,37,0,115,27,666.0,0.0
3,39,2800,60,38,0,395,31,794.0,0.0
3,39,1700,60,50,1,87,10,198.0,244.4953833403828
6,39,3000,60,50,1,165,19,464.0,546.2692470795031
7,39,1700,60,44,1,67,10,130.0,257.8845321476318
7,39,2600,60,35,0,173,25,548.0,0.0
6,39,1700,60,47,1,37,4,72.0,70.20313416101438
3,39,2500,60,46,1,133,13,264.0,184.51843809999357
4,39,2500,60,49,0,189,19,360.0,0.0
8,39,2000,60,45,0,117,10,232.0,0.0
7,39,2500,60,50,0,95,16,460.0,0.0
10,39,2900,60,49,1,105,20,402.0,453.7919407093827
9,39,1900,60,36,1,63,16,214.0,110.42989737183748
6,39,1900,60,39,1,131,13,252.0,260.36744576944625
3,39,1500,60,35,0,85,13,192.0,0.0
6,39,1900,60,35,0,103,16,276.0,0.0
8,39,1500,60,44,1,29,4,56.0,96.87622915274827
4,39,1600,60,50,1,35,4,94.0,120.07610076810248
9,39,1700,60,37,1,99,7,218.0,115.73559110583155
3,39,2400,60,49,0,177,15,354.0,0.0
9,39,2600,60,39,0,143,26,514.0,0.0
6,39,1800,60,43,0,83,9,216.0,0.0
4,39,2400,60,48,1,87,9,170.0,213.84644287980618
9,39,1800,60,36,0,63,16,278.0,0.0
6,39,2200,60,40,0,165,14,286.0,0.0
10,39,1500,60,45,1,43,4,66.0,64.68339082850008
7,39,1800,60,48,0,45,5,104.0,0.0
9,39,2600,60,38,1,137,28,544.0,378.6823895931635
9,39,1500,60,47,1,55,5,82.0,66.28723987466657
7,39,1600,60,39,1,31,8,114.0,194.5246243134483
6,39,2900,60,38,0,215,30,692.0,0.0
9,39,1500,60,48,0,49,8,98.0,0.0
10,39,2500,60,46,1,85,14,362.0,181.78314059936838
4,39,3000,60,39,1,137,28,500.0,454.22564031844513
8,39,3000,60,36,0,223,34,958.0,0.0
5,39,1500,60,48,0,47,4,92.0,0.0
6,39,2000,60,40,0,111,14,274.0,0.0
8,39,1900,60,48,0,133,9,200.0,0.0
5,39,2100,60,48,1,119,14,318.0,459.17375528610853
9,39,2300,60,49,1,141,13,274.0,187.47504493114388
9,39,1600,60,37,0,59,10,200.0,0.0
8,39,1500,60,38,0,111,12,228.0,0.0
7,39,2900,60,37,1,125,30,594.0,359.3729365416917
9,39,3000,60,40,1,165,32,634.0,614.1630982577692
6,39,1500,60,43,1,85,7,112.0,70.4686340867185
7,39,1900,60,45,1,139,6,194.0,82.49754077738902
6,39,2900,60,49,0,175,21,420.0,0.0
7,39,1900,60,36,0,95,7,236.0,0.0
6,39,2500,60,39,1,83,23,296.0,471.4158004174697
3,39,1900,60,44,0,133,12,220.0,0.0
7,39,2200,60,42,0,85,14,364.0,0.0
9,39,1700,60,46,0,85,10,212.0,0.0
3,39,2700,60,48,1,157,20,334.0,470.80052796099415
10,39,2100,60,41,1,111,15,338.0,382.08539627096707
6,39,1500,60,50,1,75,5,120.0,156.7881786529717
5,39,2000,60,37,1,79,19,304.0,213.21710916783297
8,39,2200,60,42,0,119,14,358.0,0.0
4,39,1500,60,36,0,73,7,146.0,0.0
3,39,1700,60,36,1,73,4,100.0,33.413303446586255
10,39,1600,60,48,1,47,7,126.0,224.5131040283687
3,39,1800,60,49,0,71,3,72.0,0.0
4,39,2100,60,46,0,75,13,220.0,0.0
4,39,2600,60,44,1,141,25,348.0,599.0217687858818
7,39,1600,60,40,1,59,8,142.0,83.07544195767944
7,39,2500,60,37,0,137,21,576.0,0.0
4,39,1800,60,44,0,65,10,164.0,0.0
4,39,1500,55,46,1,37,5,68.0,84.33590668656566
6,39,2100,55,38,1,73,13,252.0,146.91108304616264
3,39,2000,55,43,1,177,14,312.0,291.327486918277
5,39,2300,55,40,0,123,23,492.0,0.0
10,39,2000,55,49,0,61,4,74.0,0.0
5,39,2200,55,42,1,127,12,282.0,197.1793962449596
10,39,2400,55,48,0,85,17,258.0,0.0
5,39,2200,55,43,0,149,11,304.0,0.0
7,39,2400,55,36,1,133,27,382.0,270.29714071219576
5,39,2800,55,36,0,217,37,756.0,0.0
5,39,2900,55,40,1,115,39,504.0,609.5639129761777
10,39,1800,55,43,0,71,6,142.0,0.0
9,39,2600,55,48,0,97,14,324.0,0.0
6,39,2700,55,42,0,105,17,428.0,0.0
6,39,2100,55,47,1,69,5,118.0,24.690897045420886
3,39,2400,55,49,1,133,7,250.0,58.702399993324384
3,39,1800,55,35,1,97,25,242.0,272.5967007426933
6,39,2500,55,40,1,147,27,510.0,448.4007282590087
5,39,3000,55,45,0,205,18,756.0,0.0
10,39,2900,55,41,0,169,26,706.0,0.0
7,39,2000,55,50,0,107,6,148.0,0.0
6,39,2700,55,38,1,141,28,418.0,378.01860225352175
5,39,1500,55,44,1,115,9,176.0,226.58520861434675
3,39,2400,55,49,1,109,10,260.0,145.62147433612998
3,39,2000,55,40,0,75,5,138.0,0.0
5,39,2700,55,37,0,193,25,526.0,0.0
4,39,2400,55,48,0,171,10,320.0,0.0
8,39,2300,55,46,1,137,17,274.0,280.6168747445971
3,39,2200,55,39,0,113,12,260.0,0.0
9,39,2700,55,42,1,101,20,442.0,431.27594158758336
4,39,1800,55,36,0,153,15,300.0,0.0
5,39,2300,55,40,1,117,22,302.0,328.7094101266349
8,39,2200,55,41,0,113,12,250.0,0.0
7,39,2300,55,46,1,101,12,238.0,152.65367087846468
5,39,1500,55,44,1,43,6,86.0,144.1988877845759
9,39,2600,55,46,0,101,13,392.0,0.0
9,39,2400,55,39,0,85,22,404.0,0.0
5,39,2100,55,49,1,41,3,72.0,40.67134722396534
10,39,1500,55,46,1,29,4,30.0,47.70250286305957
3,39,2400,55,39,0,171,16,352.0,0.0
7,39,2300,55,37,0,91,11,212.0,0.0
8,39,2600,55,46,0,103,12,336.0,0.0
9,39,2900,55,46,1,157,19,628.0,415.58246085381114
3,39,2100,55,45,1,115,15,162.0,237.77384713908333
4,39,1500,55,38,1,49,6,138.0,101.67414137644435
8,39,3000,55,42,1,107,32,576.0,567.4396648756588
8,39,2500,55,42,0,141,17,494.0,0.0
5,39,1800,55,35,0,67,11,196.0,0.0
3,39,2300,55,42,1,147,20,322.0,243.3037270765844
4,39,2400,55,37,0,195,21,600.0,0.0
9,39,2000,55,43,0,115,10,224.0,0.0
4,39,2400,55,45,0,89,14,288.0,0.0
6,39,1700,55,49,1,67,9,146.0,96.33333030256341
8,39,1500,55,44,1,79,8,136.0,200.48740513393693
4,39,1700,55,49,1,129,13,230.0,164.80084252778767
7,39,2700,55,40,0,105,18,464.0,0.0
9,39,2800,55,35,1,105,31,574.0,475.9167859037683
3,39,1700,55,48,1,57,4,122.0,85.016698651184
8,39,1700,55,47,0,97,6,98.0,0.0
3,39,2700,55,36,0,295,30,632.0,0.0
5,39,2600,55,43,1,167,21,486.0,314.6305964323138
5,39,2100,55,44,0,147,16,318.0,0.0
8,39,2000,55,48,1,39,2,64.0,58.849249100729665
9,39,1500,55,36,1,57,8,132.0,79.35800154153911
6,39,1700,55,40,0,113,8,170.0,0.0
3,39,2800,55,43,1,221,30,482.0,520.6939591662414
10,39,1800,55,43,0,83,11,186.0,0.0
5,39,2400,55,42,1,93,15,384.0,204.88610377004713
9,39,1500,55,50,0,47,3,72.0,0.0
8,39,2300,55,49,0,109,11,318.0,0.0
6,39,2200,55,47,1,69,8,188.0,86.92372297893341
9,39,3000,55,37,1,173,34,760.0,435.443241356002
9,39,1900,55,44,0,101,5,132.0,0.0
10,39,2300,55,38,1,95,17,394.0,273.9451327840001
10,39,1600,55,43,0,47,9,156.0,0.0
9,39,2400,55,41,1,93,16,386.0,339.36213388334437
6,39,1500,55,44,0,91,6,114.0,0.0
9,39,2400,55,37,1,91,26,410.0,393.6967707843433
10,39,2200,55,36,0,109,16,426.0,0.0
6,39,2200,55,38,0,119,16,354.0,0.0
10,39,1500,55,36,1,29,4,60.0,31.923293754184023
6,39,1600,55,36,0,91,9,186.0,0.0
3,39,2700,55,35,0,277,26,768.0,0.0
10,39,2300,55,41,0,135,18,462.0,0.0
5,39,2000,55,37,1,109,17,268.0,300.6207923457543
10,39,3000,55,43,1,91,27,520.0,452.0603291108152
10,39,2100,55,41,1,83,12,268.0,223.94002940028255
9,39,2900,55,48,1,111,16,328.0,358.48495331753105
7,39,1500,55,48,0,81,7,128.0,0.0
4,39,1500,55,38,1,99,9,160.0,81.28246653884602
5,39,1700,55,35,1,57,7,98.0,75.7392655453559
7,39,2600,55,41,0,99,15,340.0,0.0
4,39,2200,55,36,0,119,12,302.0,0.0
7,39,2700,55,41,0,181,26,760.0,0.0
6,39,2600,55,48,0,147,11,342.0,0.0
8,39,1800,55,38,0,67,7,156.0,0.0
3,39,3000,55,48,1,225,25,484.0,507.7444095078939
6,39,1500,55,47,1,95,8,154.0,98.84843800948985
10,39,2700,55,48,1,125,16,374.0,407.88716694758887
10,39,2200,55,36,0,121,20,456.0,0.0
3,39,1900,50,43,1,71,7,108.0,74.26545548434122
10,39,2500,50,44,0,131,16,450.0,0.0
6,39,2400,50,45,1,89,9,172.0,231.04758962836905
4,39,1600,50,40,0,53,5,82.0,0.0
7,39,2000,50,48,0,71,7,174.0,0.0
9,39,1700,50,39,1,147,6,148.0,138.11305547682937
9,39,1500,50,48,1,23,1,24.0,34.61086540773053
3,39,1900,50,42,1,109,14,218.0,228.84338382983995
8,39,2300,50,40,0,83,12,254.0,0.0
4,39,3000,50,41,1,135,32,458.0,488.80552263403234
5,39,2700,50,46,0,133,15,326.0,0.0
9,39,2800,50,48,0,147,15,466.0,0.0
4,39,1700,50,35,0,65,7,112.0,0.0
8,39,2900,50,42,0,217,22,584.0,0.0
6,39,3000,50,46,1,187,23,756.0,289.78778275184965
5,39,2100,50,47,1,107,8,108.0,102.16665764981276
5,39,2200,50,48,1,83,8,138.0,196.75822856266964
10,39,2500,50,42,0,185,13,382.0,0.0
10,39,1800,50,43,1,67,7,132.0,116.10922531630338
6,39,1600,50,42,0,53,8,130.0,0.0
7,39,2600,50,46,1,101,15,300.0,296.9932031517214
7,39,3000,50,38,0,175,28,658.0,0.0
10,39,1500,50,44,0,23,2,44.0,0.0
5,39,2700,50,47,1,113,15,230.0,191.10799734599937
6,39,3000,50,45,1,109,24,350.0,512.6319504844662
6,39,2300,50,43,0,113,16,314.0,0.0
10,39,2400,50,42,0,77,17,400.0,0.0
6,39,2200,50,39,1,89,14,168.0,327.00789389810774
7,39,2400,50,37,1,129,25,468.0,410.6506452893858
7,39,2600,50,35,0,145,21,498.0,0.0
8,39,1500,50,39,0,57,7,82.0,0.0
5,39,2000,50,49,0,187,8,224.0,0.0
6,39,1900,50,40,1,115,17,290.0,179.52712838450347
3,39,2100,50,39,1,177,18,292.0,485.6080923641348
4,39,3000,50,41,1,131,27,340.0,367.2184533569964
7,39,2900,50,47,0,161,17,562.0,0.0
5,39,1500,50,35,1,49,10,80.0,102.40661037714226
4,39,2500,50,40,0,151,22,406.0,0.0
10,39,2100,50,50,1,79,6,142.0,145.32501596591104
7,39,1600,50,50,0,59,5,106.0,0.0
9,39,2800,50,40,1,91,21,294.0,429.17140556826223
3,39,2600,50,41,0,275,24,720.0,0.0
6,39,2100,50,43,1,77,6,192.0,41.53174822708929
3,39,2100,50,48,0,119,12,232.0,0.0
4,39,2800,50,47,1,191,19,468.0,297.5865538400113
7,39,2400,50,41,0,121,12,230.0,0.0
5,39,1900,50,44,1,95,7,132.0,212.46999876192018
6,39,2400,50,40,1,127,21,388.0,330.8364920650717
10,39,1500,50,35,1,51,11,132.0,130.28403223342204
7,39,2100,50,41,0,105,9,186.0,0.0
6,39,2500,50,42,1,91,10,270.0,170.05952972124732
4,39,1500,50,44,0,55,3,56.0,0.0
8,39,2800,50,50,0,105,13,402.0,0.0
5,39,2400,50,44,0,111,14,324.0,0.0
6,39,2200,50,43,1,57,10,218.0,117.92286231420927
10,39,2200,50,35,1,89,15,340.0,133.6395772032333
6,39,2900,50,40,1,129,32,458.0,523.7357762961084
9,39,1900,50,46,0,69,9,158.0,0.0
10,39,3000,50,42,0,163,26,766.0,0.0
6,39,2300,50,49,0,61,7,150.0,0.0
8,39,1600,50,49,0,45,3,46.0,0.0
7,39,2600,50,48,1,103,10,286.0,234.41107164121095
6,39,2700,50,48,1,127,13,262.0,364.52625994939194
10,39,1500,50,38,0,55,10,172.0,0.0
10,39,2900,50,42,0,207,23,782.0,0.0
7,39,2900,50,44,1,107,23,472.0,519.0608062514168
10,39,2900,50,46,1,149,19,424.0,268.49561606354735
4,39,3000,50,48,1,157,16,252.0,391.9172530300184
7,39,1700,50,50,0,33,2,64.0,0.0
3,39,2800,50,35,1,193,31,412.0,346.3138530874423
10,39,2800,50,42,0,111,20,462.0,0.0
9,39,1900,50,36,1,73,13,230.0,96.70028117696441
9,39,2400,50,42,1,57,12,266.0,232.96188103847547
6,39,2500,50,45,0,175,15,366.0,0.0
4,39,2900,50,36,1,117,25,398.0,273.8895376411368
5,39,2600,50,41,0,147,17,472.0,0.0
5,39,2700,50,44,0,151,14,508.0,0.0
6,39,2600,50,39,1,141,26,452.0,357.0359796295857
4,39,1800,50,49,0,71,5,136.0,0.0
6,39,3000,50,39,1,173,34,610.0,648.6287332393647
8,39,2100,50,38,1,115,16,320.0,215.92285338577176
3,39,2500,50,41,1,109,13,308.0,218.65880042014146
4,39,1900,50,38,0,67,8,202.0,0.0
9,39,1900,50,48,0,93,12,264.0,0.0
6,39,2800,50,40,0,161,13,478.0,0.0
4,39,2200,50,50,0,83,5,128.0,0.0
10,39,1500,50,49,1,23,2,44.0,23.990659241577625
5,39,3000,50,35,0,169,35,618.0,0.0
7,39,2200,50,35,1,99,17,290.0,149.59933367243897
9,39,2200,50,37,0,71,11,278.0,0.0
9,39,1600,50,46,1,51,4,76.0,64.87535942764471
10,39,1900,50,40,0,73,11,176.0,0.0
9,39,2500,50,40,0,141,16,432.0,0.0
4,39,2900,50,47,0,169,17,540.0,0.0
5,39,2900,50,50,1,115,16,338.0,409.6858899698418
9,39,2300,50,35,0,89,16,322.0,0.0
4,39,2900,50,48,1,127,12,224.0,313.35075381313897
5,39,2000,50,46,1,73,10,170.0,71.76418663208537
9,38,2200,90,37,0,81,11,278.0,0.0
6,39,2800,50,44,1,185,23,572.0,372.03379511485184
8,38,1700,90,38,1,61,14,198.0,152.24434216094923
9,38,2600,90,41,1,91,26,536.0,698.9578974704957
7,38,2200,90,44,0,75,16,300.0,0.0
8,38,2900,90,46,1,127,26,554.0,346.96599504493076
7,39,2800,50,47,0,103,9,272.0,0.0
10,38,2100,90,35,1,153,27,500.0,377.7082949264335
9,38,2900,90,40,0,217,31,720.0,0.0
8,38,1500,90,45,0,51,11,154.0,0.0
7,38,2800,90,42,1,143,31,562.0,504.3594782007344
7,38,1600,90,43,0,89,9,194.0,0.0
10,38,1800,90,47,0,71,8,104.0,0.0
5,38,1800,90,49,1,37,5,72.0,46.11718958483808
5,38,1800,90,38,1,89,13,190.0,210.5577327009254
5,38,2600,90,45,1,97,18,306.0,327.7180644677703
6,38,1500,90,42,0,51,8,148.0,0.0
4,38,1500,90,40,0,33,7,114.0,0.0
6,38,2200,90,46,1,125,18,250.0,253.42399531760924
7,38,1800,90,38,0,65,11,164.0,0.0
7,38,1700,90,47,1,69,10,208.0,178.41941050913763
3,38,1900,90,43,0,107,12,252.0,0.0
6,38,2100,90,43,1,81,19,274.0,311.07380510353227
4,38,2400,90,42,0,277,20,632.0,0.0
5,38,2400,90,42,1,123,28,340.0,318.38520506486753
10,38,3000,90,41,1,217,32,748.0,734.0187921684724
10,38,2500,90,46,0,93,15,372.0,0.0
4,38,1900,90,49,0,107,11,182.0,0.0
10,38,1500,90,42,0,85,6,172.0,0.0
8,38,2700,90,40,1,149,33,584.0,488.32248835461024
4,38,1700,90,40,0,99,9,190.0,0.0
5,38,2500,90,39,1,105,29,378.0,661.9527096854738
7,38,2100,90,42,0,161,24,452.0,0.0
9,38,2800,90,47,1,153,29,474.0,453.3388038513006
7,38,2200,90,49,1,79,15,192.0,132.04983054176768
5,38,1800,90,35,0,95,17,300.0,0.0
9,38,2200,90,35,1,111,29,414.0,458.280114055765
5,38,1800,90,40,0,35,8,136.0,0.0
4,38,2700,90,45,0,145,20,454.0,0.0
7,38,1500,90,45,1,27,2,48.0,0.0
9,38,1700,90,47,1,75,10,162.0,139.50029744788208
5,38,1500,90,49,0,49,7,126.0,0.0
4,38,2100,90,35,0,149,23,416.0,0.0
9,38,2500,90,35,0,123,32,520.0,0.0
6,38,2400,90,39,0,185,24,576.0,0.0
10,38,1500,90,43,1,73,11,188.0,203.27333010646586
10,38,2300,90,41,1,95,26,452.0,490.4102055886524
7,38,2100,90,40,1,75,17,334.0,199.35451365965324
3,38,1800,90,49,1,119,10,192.0,156.039124839527
8,38,1800,90,36,1,45,15,246.0,182.05458110568125
5,38,1600,90,39,0,87,12,204.0,0.0
9,38,2000,90,36,0,117,21,444.0,0.0
10,38,2500,90,48,1,91,16,300.0,461.49974799931715
7,38,2900,90,47,0,225,24,716.0,0.0
5,38,2700,90,38,0,151,30,494.0,0.0
6,38,2500,90,50,1,81,19,282.0,471.6928905180418
5,38,1700,90,44,0,145,13,242.0,0.0
8,38,2900,90,44,1,115,31,622.0,569.7031589223545
6,38,1600,90,50,1,31,6,84.0,127.74462269966688
6,38,2000,90,44,1,65,9,158.0,176.9944767896013
8,38,1800,90,46,0,101,13,186.0,0.0
10,38,2200,90,49,0,107,15,328.0,0.0
3,38,1700,90,49,1,71,11,126.0,124.66722130274816
8,38,2700,90,40,0,147,27,538.0,0.0
9,38,1700,90,46,1,83,10,164.0,86.91487471736023
7,38,2900,90,48,0,221,22,636.0,0.0
4,38,2800,90,37,0,259,37,624.0,0.0
5,38,2900,90,41,1,95,38,430.0,712.9709614373041
6,38,2500,90,45,0,147,21,522.0,0.0
9,38,2300,90,49,1,87,12,196.0,189.2452851658509
10,38,1900,90,39,1,55,16,206.0,309.299873425409
6,38,2000,90,42,0,109,17,284.0,0.0
3,38,2200,90,44,1,121,18,306.0,313.3536164785922
10,38,1600,90,46,0,59,9,168.0,0.0
5,38,2100,90,36,0,105,25,370.0,0.0
10,38,2100,90,48,1,59,15,212.0,303.36966551504037
10,38,2800,90,42,1,71,25,396.0,432.0014273931482
6,38,2100,90,39,0,83,20,310.0,0.0
7,38,1600,90,40,1,69,8,100.0,131.22344538353792
8,38,2600,90,40,0,145,27,722.0,0.0
9,38,2700,90,39,1,99,27,454.0,552.3809160903891
9,38,1600,90,41,1,103,11,166.0,169.66156854195702
4,38,2600,90,35,0,185,35,542.0,0.0
6,38,2800,90,49,0,215,22,478.0,0.0
5,38,1800,90,42,1,65,15,250.0,273.7827487230832
6,38,1800,90,41,1,85,15,174.0,185.6082317965949
4,38,2000,90,45,1,135,18,302.0,355.62525460993544
4,38,1900,90,47,0,63,5,144.0,0.0
9,38,3000,90,49,0,179,25,714.0,0.0
5,38,1600,90,41,1,95,8,128.0,153.74774659462813
6,38,2800,90,50,0,99,9,292.0,0.0
8,38,1800,90,37,1,83,20,206.0,280.1647792355456
4,38,1500,90,37,0,59,7,120.0,0.0
8,38,2700,90,38,1,103,28,508.0,533.3162561885053
5,38,2300,90,41,0,119,19,370.0,0.0
9,38,1600,90,47,1,61,15,220.0,234.8416402127065
6,38,2700,90,46,0,147,18,442.0,0.0
8,38,2500,90,41,0,141,27,554.0,0.0
6,38,2000,90,38,0,103,17,302.0,0.0
5,38,1600,90,40,0,57,7,162.0,0.0
6,38,1700,90,40,1,69,12,176.0,189.18193083681166
9,38,2300,90,46,1,121,17,332.0,156.5271791299776
10,38,2400,85,49,0,121,18,378.0,0.0
6,38,3000,85,48,1,161,25,500.0,560.8330428779943
3,38,3000,85,50,1,173,29,410.0,489.9761568074035
5,38,2700,85,37,0,207,36,702.0,0.0
9,38,1900,85,42,0,111,16,338.0,0.0
5,38,2900,85,42,0,219,26,684.0,0.0
7,38,3000,85,37,1,121,37,490.0,660.5754213415225
4,38,1900,85,44,0,51,6,142.0,0.0
10,38,2200,85,39,1,117,18,392.0,440.99204611447425
6,38,2400,85,43,1,121,17,398.0,338.16884307168544
4,38,3000,85,40,1,179,36,604.0,525.2657616363246
6,38,2800,85,40,1,117,32,498.0,617.9557700438382
4,38,2000,85,35,0,107,18,244.0,0.0
10,38,2100,85,40,0,79,19,316.0,0.0
10,38,2200,85,46,1,99,18,316.0,282.86317636137295
3,38,2100,85,44,1,189,22,414.0,443.2037090998778
4,38,2600,85,50,0,143,14,290.0,0.0
8,38,2000,85,38,0,115,22,524.0,0.0
5,38,2200,85,42,1,99,20,346.0,263.5528886976305
7,38,2300,85,37,0,167,25,486.0,0.0
10,38,1700,85,46,0,29,3,72.0,0.0
9,38,1800,85,48,1,39,8,116.0,197.93954584498647
6,38,1500,85,47,0,75,7,106.0,0.0
10,38,2500,85,40,1,67,18,396.0,337.3981072041834
7,38,2500,85,42,0,163,20,456.0,0.0
10,38,2900,85,40,0,199,25,608.0,0.0
5,38,3000,85,44,1,119,29,346.0,583.716863914373
8,38,2900,85,48,1,143,28,568.0,526.5181558670153
6,38,2600,85,41,1,135,31,556.0,649.9131067261247
3,38,2100,85,35,1,155,33,416.0,414.80680637823554
8,38,2400,85,41,0,87,20,408.0,0.0
5,38,2000,85,45,0,77,12,188.0,0.0
9,38,2900,85,45,0,161,22,484.0,0.0
10,38,2200,85,48,1,103,15,324.0,372.09442537477054
9,38,3000,85,45,0,229,30,860.0,0.0
9,38,2600,85,46,1,93,19,282.0,250.76410110034482
5,38,2700,85,44,1,91,32,352.0,674.5063568385752
4,38,3000,85,37,1,153,38,452.0,621.6024550450409
5,38,2000,85,49,0,107,15,292.0,0.0
5,38,2700,85,35,0,207,31,762.0,0.0
10,38,2500,85,45,0,185,13,506.0,0.0
5,38,1800,85,44,1,43,8,138.0,207.90945731307457
8,38,2700,85,43,1,201,29,740.0,603.4988911700874
7,38,1900,85,45,0,63,18,202.0,0.0
8,38,2100,85,48,1,67,8,218.0,223.96857017300457
4,38,1700,85,50,0,33,1,34.0,0.0
3,38,2800,85,41,1,227,34,576.0,709.1243545406679
7,38,3000,85,46,0,231,27,822.0,0.0
5,38,2600,85,35,1,95,35,428.0,564.2316356962124
9,38,2900,85,44,0,163,29,794.0,0.0
4,38,1800,85,50,1,21,4,42.0,73.76821188973706
3,38,3000,85,43,0,325,30,712.0,0.0
8,38,2300,85,44,0,91,15,364.0,0.0
9,38,2800,85,47,1,111,26,424.0,474.2787071724462
10,38,1900,85,39,1,45,10,174.0,216.92654229756317
8,38,2800,85,40,0,155,30,692.0,0.0
8,38,2600,85,42,1,117,26,484.0,457.7751709433126
6,38,1900,85,37,1,71,14,204.0,172.74427532446012
5,38,2300,85,45,0,131,19,340.0,0.0
9,38,1700,85,41,0,91,13,218.0,0.0
6,38,2700,85,41,1,145,36,614.0,612.4475171012105
7,38,2300,85,36,0,119,24,508.0,0.0
4,38,2700,85,39,1,105,34,342.0,788.5367209267251
8,38,2300,85,41,0,181,19,490.0,0.0
10,38,2500,85,45,0,89,15,346.0,0.0
3,38,1800,85,38,1,85,14,192.0,162.8877243696874
6,38,3000,85,36,1,107,37,478.0,461.1790493177981
6,38,2200,85,40,0,121,21,428.0,0.0
3,38,2800,85,35,1,181,36,460.0,411.68902267389274
6,38,2400,85,39,1,141,21,382.0,428.3495875641078
6,38,1900,85,40,0,99,10,200.0,0.0
7,38,2200,85,44,0,123,25,528.0,0.0
6,38,2100,85,37,0,151,23,456.0,0.0
4,38,2900,85,44,1,165,35,472.0,876.2790557371018
4,38,1500,85,43,0,53,8,136.0,0.0
8,38,1800,85,47,0,75,8,124.0,0.0
10,38,2000,85,48,1,77,15,190.0,327.6115543943122
3,38,2100,85,44,1,129,16,220.0,317.63051313327657
10,38,1600,85,36,1,41,13,228.0,136.16944247441282
3,38,2300,85,36,1,141,29,338.0,336.4098992158727
7,38,2400,85,44,1,189,16,338.0,368.1658893340693
6,38,2900,85,41,0,197,29,626.0,0.0
4,38,2000,85,45,0,91,11,188.0,0.0
6,38,1800,85,49,0,103,9,258.0,0.0
8,38,2600,85,47,1,97,16,402.0,295.6563058658694
4,38,1700,85,35,1,85,13,222.0,152.3622766647843
5,38,1600,85,37,0,49,8,126.0,0.0
8,38,2500,85,35,0,183,36,738.0,0.0
6,38,2600,85,37,1,89,21,348.0,271.48730952554763
8,38,2400,85,41,0,91,20,428.0,0.0
10,38,1900,85,42,1,75,13,204.0,227.45985587563158
7,38,2100,85,48,0,105,13,242.0,0.0
7,38,2600,85,49,1,115,19,380.0,217.55457748625383
7,38,2900,85,36,0,277,32,742.0,0.0
4,38,2500,85,49,0,129,10,256.0,0.0
9,38,2700,85,38,0,149,31,712.0,0.0
10,38,2400,85,43,1,91,23,328.0,347.1382130466254
7,38,2200,80,41,1,79,16,292.0,295.83531507612696
4,38,2200,85,36,0,163,25,512.0,0.0
7,38,2300,85,40,1,77,27,416.0,427.1485674025312
9,38,1900,85,50,1,39,5,74.0,69.45316642615843
9,38,2200,80,36,1,87,27,504.0,358.0135676172722
3,38,2700,80,43,1,139,30,368.0,534.3277214506551
8,38,1800,80,40,0,65,12,196.0,0.0
5,38,2800,80,47,0,155,19,554.0,0.0
8,38,2700,80,42,0,199,23,718.0,0.0
5,38,2800,80,49,0,265,24,622.0,0.0
4,38,2700,80,39,1,119,35,434.0,660.1513161284046
4,38,2400,80,35,1,155,30,486.0,530.5135611092779
9,38,2400,80,38,1,177,23,550.0,407.9746820746918
9,38,2800,80,38,0,105,28,568.0,0.0
8,38,2700,80,43,0,147,23,570.0,0.0
7,38,2200,80,47,1,103,20,256.0,300.78492534078805
5,38,2700,80,50,1,101,19,284.0,425.49243722924496
3,38,2200,80,48,0,163,19,326.0,0.0
7,38,2000,80,44,0,109,10,178.0,0.0
7,38,2700,80,45,0,105,17,456.0,0.0
9,38,3000,80,49,1,159,26,644.0,410.2800122604379
6,38,2800,80,41,1,155,33,576.0,585.8475624494247
3,38,2000,80,41,1,105,9,144.0,114.52760206715357
8,38,2000,80,41,0,101,15,232.0,0.0
4,38,1900,80,47,0,143,14,252.0,0.0
4,38,1800,80,37,0,101,13,262.0,0.0
9,38,1800,80,37,0,67,11,214.0,0.0
10,38,1500,80,43,1,73,9,122.0,134.50574087462545
9,38,1600,80,49,0,107,7,154.0,0.0
3,38,2000,80,50,1,71,11,154.0,192.63985717368044
5,38,3000,80,49,1,153,25,438.0,397.1183580910612
7,38,2600,80,49,1,89,16,328.0,231.00234377712152
8,38,2800,80,38,1,159,34,688.0,531.0541110215044
5,38,2000,80,39,1,117,21,344.0,437.9866529482243
3,38,2000,80,38,1,169,17,334.0,247.95884214985543
10,38,2000,80,40,0,79,14,274.0,0.0
6,38,2800,80,40,0,213,28,662.0,0.0
6,38,2800,80,46,0,203,22,556.0,0.0
7,38,2700,80,49,0,97,17,428.0,0.0
10,38,2100,80,37,0,81,22,420.0,0.0
7,38,3000,80,37,1,145,37,496.0,543.8480252931707
5,38,2500,80,41,1,223,22,454.0,340.6061568367269
5,38,2600,80,39,1,125,27,338.0,582.5183555162577
10,38,2900,80,37,0,171,33,822.0,0.0
8,38,2200,80,48,0,121,11,298.0,0.0
5,38,2900,80,50,1,113,29,420.0,486.5086666774685
10,38,1700,80,36,1,55,12,200.0,179.70720228419944
9,38,2100,80,45,0,75,8,240.0,0.0
10,38,2300,80,45,0,71,9,184.0,0.0
8,38,1800,80,45,1,47,5,94.0,65.86722923116139
5,38,1700,80,39,1,101,10,218.0,269.32384634505604
6,38,2700,80,37,0,153,31,700.0,0.0
4,38,2100,80,39,0,117,13,264.0,0.0
3,38,2400,80,36,0,223,22,474.0,0.0
10,38,2300,80,36,0,85,20,406.0,0.0
6,38,2200,80,44,1,81,18,286.0,332.1302110760454
6,38,2500,80,36,1,159,27,412.0,355.36317124896766
6,38,3000,80,44,1,137,35,604.0,726.9613940665586
6,38,2100,80,38,0,109,19,290.0,0.0
7,38,3000,80,44,1,115,28,540.0,628.3896730632782
6,38,2000,80,35,0,109,13,288.0,0.0
8,38,1700,80,37,1,45,16,178.0,198.52527357033117
4,38,1800,80,38,0,87,10,226.0,0.0
10,38,2500,80,36,1,145,26,484.0,366.40084761221794
10,38,2100,80,41,0,77,15,288.0,0.0
7,38,2400,80,50,1,99,17,248.0,357.1662559841539
3,38,1800,80,50,0,65,10,130.0,0.0
4,38,2400,80,36,1,131,36,342.0,520.796864169666
4,38,2400,80,39,1,165,28,382.0,534.6242342085761
8,38,2100,80,41,1,65,21,252.0,396.81926434403744
6,38,2400,80,43,0,121,16,292.0,0.0
3,38,2000,80,36,0,187,19,360.0,0.0
7,38,1500,80,41,0,73,6,104.0,0.0
7,38,2100,80,35,1,79,25,362.0,391.8029939549799
3,38,1600,80,47,0,59,7,142.0,0.0
10,38,1600,80,36,0,63,9,170.0,0.0
5,38,2000,80,48,0,101,8,202.0,0.0
9,38,1600,80,47,1,31,4,64.0,37.108092650569766
6,38,2700,80,44,1,97,29,434.0,610.8961354422493
6,38,2900,80,50,1,151,24,478.0,429.13872790752816
3,38,1900,80,35,0,181,15,300.0,0.0
7,38,1700,80,37,1,93,12,180.0,121.08127735679973
4,38,1500,80,41,1,53,10,130.0,222.42735208589158
9,38,1500,80,36,0,57,13,214.0,0.0
10,38,2100,80,36,0,151,26,496.0,0.0
10,38,2500,80,39,0,93,24,512.0,0.0
10,38,2100,80,45,1,85,17,274.0,344.16007296539635
7,38,2300,80,49,1,95,18,426.0,335.6777871623621
9,38,2200,80,39,1,59,14,262.0,276.5458938216791
8,38,2000,80,39,0,145,18,292.0,0.0
4,38,1800,80,44,1,57,7,112.0,143.71381897279196
9,38,2900,80,44,0,103,23,502.0,0.0
7,38,2100,80,48,0,121,12,228.0,0.0
10,38,1600,80,50,1,67,8,128.0,145.02435821390893
3,38,3000,80,41,0,275,27,494.0,0.0
8,38,2000,80,39,0,131,23,318.0,0.0
4,38,2600,80,40,1,149,31,468.0,511.6005463988248
10,38,1500,80,44,0,57,6,106.0,0.0
4,38,2700,80,41,1,141,32,432.0,501.9259356325589
8,38,2300,80,46,0,87,19,376.0,0.0
10,38,2200,80,45,1,115,17,290.0,312.8351573884155
4,38,2600,80,48,1,143,21,274.0,324.61656412817166
6,38,1700,75,36,1,77,11,134.0,62.79712172969583
10,38,2600,75,41,1,81,26,396.0,466.59905907662665
8,38,3000,75,42,0,159,29,648.0,0.0
7,38,2800,75,44,0,111,15,358.0,0.0
3,38,1700,80,35,0,93,11,214.0,0.0
4,38,2200,75,41,1,85,17,282.0,281.28969303821685
7,38,2900,75,35,0,277,36,782.0,0.0
8,38,2900,75,36,0,145,31,572.0,0.0
3,38,2500,75,40,1,237,28,434.0,389.86195291803045
3,38,1800,75,41,1,69,10,112.0,151.3756493089525
3,38,1900,75,43,1,91,15,92.0,178.87503646878503
6,38,2100,75,43,0,121,13,300.0,0.0
9,38,1600,75,48,1,63,6,130.0,219.2060766089727
6,38,1700,75,49,0,99,7,134.0,0.0
4,38,1800,75,35,0,137,19,362.0,0.0
8,38,2600,75,44,0,153,21,634.0,0.0
8,38,2500,75,46,1,139,17,394.0,225.09589761241034
10,38,2500,75,38,1,73,27,434.0,471.7362697120166
6,38,2900,75,48,0,169,19,662.0,0.0
6,38,2600,75,42,1,87,23,346.0,330.8988945086903
6,38,2100,75,46,0,83,7,126.0,0.0
4,38,1600,75,40,1,75,12,210.0,203.16487591797073
8,38,3000,75,42,0,231,28,790.0,0.0
3,38,2000,75,44,1,135,14,208.0,225.82734136927203
3,38,2600,75,50,1,115,13,266.0,358.43465605701164
8,38,2500,75,42,1,115,23,304.0,300.4919445557204
6,38,2900,75,48,0,161,21,538.0,0.0
9,38,2500,75,49,0,123,11,402.0,0.0
4,38,2800,75,35,1,131,27,330.0,349.7342914243824
10,38,2500,75,39,0,135,27,668.0,0.0
9,38,2200,75,42,1,85,14,314.0,212.37086035705536
7,38,2300,75,36,1,123,26,398.0,318.5718503341069
8,38,2200,75,45,0,75,12,208.0,0.0
9,38,1500,75,50,0,83,6,112.0,0.0
3,38,3000,75,43,0,221,25,598.0,0.0
6,38,2000,75,38,0,139,18,358.0,0.0
5,38,2500,75,39,0,135,22,564.0,0.0
4,38,2700,75,38,1,185,32,544.0,373.8464745318191
5,38,2100,75,42,1,129,15,290.0,225.81034150222754
5,38,1600,75,37,1,109,16,162.0,156.38266745812123
7,38,2000,75,48,1,51,8,102.0,180.53350340405026
7,38,2100,75,49,0,35,5,82.0,0.0
10,38,2700,75,40,1,143,32,636.0,497.64039866362725
8,38,2600,75,36,0,149,28,702.0,0.0
3,38,2500,75,44,0,219,19,446.0,0.0
10,38,2000,75,46,1,49,13,256.0,175.7029988625128
10,38,1800,75,48,0,35,3,104.0,0.0
4,38,2900,75,46,0,167,20,492.0,0.0
7,38,1600,75,50,1,57,4,112.0,114.3649036576446
10,38,1500,75,41,1,55,7,106.0,153.83254760412083
5,38,2500,75,43,1,167,20,376.0,282.53752934475193
5,38,2000,75,42,1,69,6,176.0,81.25244149306386
9,38,1500,75,48,0,53,7,80.0,0.0
10,38,2300,75,43,1,89,17,322.0,303.7389510937926
10,38,1900,75,41,0,67,9,206.0,0.0
6,38,1900,75,45,0,97,13,272.0,0.0
9,38,1500,75,40,0,97,9,154.0,0.0
3,38,1800,75,41,1,53,6,128.0,132.34282745733117
7,38,2700,75,37,1,131,32,500.0,525.7466508558622
6,38,2900,75,49,0,111,17,442.0,0.0
4,38,2300,75,49,1,87,13,214.0,169.25932693273194
7,38,2100,75,35,0,109,17,296.0,0.0
6,38,2500,75,46,1,109,29,392.0,447.8449119132524
3,38,2700,75,45,0,235,20,466.0,0.0
10,38,2200,75,36,1,103,23,314.0,224.22227023029106
6,38,1800,75,47,0,101,7,154.0,0.0
4,38,1800,75,39,0,177,14,262.0,0.0
6,38,1500,75,38,1,95,14,194.0,196.4927962488255
8,38,3000,75,39,0,117,25,548.0,0.0
4,38,1600,75,50,1,111,9,226.0,270.39508040382304
8,38,2900,75,44,1,99,25,444.0,507.48417243925957
8,38,1800,75,41,0,103,12,204.0,0.0
6,38,2800,75,50,0,157,18,584.0,0.0
4,38,2900,75,35,0,227,36,680.0,0.0
6,38,2700,75,38,0,241,25,742.0,0.0
6,38,1900,75,40,1,57,17,188.0,157.3841115292234
4,38,2800,75,50,1,155,24,360.0,359.5178701979302
9,38,1900,75,37,0,113,18,342.0,0.0
3,38,2300,75,36,1,181,28,376.0,312.27872037976977
3,38,2900,75,38,1,151,33,444.0,492.88041026892756
9,38,2400,75,36,0,93,31,588.0,0.0
3,38,2600,75,36,1,155,38,384.0,499.1976163519381
6,38,3000,75,38,0,221,34,758.0,0.0
5,38,2300,75,37,0,159,25,538.0,0.0
4,38,3000,75,41,1,135,38,440.0,694.750285423526
5,38,2900,75,50,1,127,18,244.0,433.8386379515533
6,38,2300,75,41,0,91,13,252.0,0.0
7,38,2700,75,44,1,93,16,302.0,377.61447805635527
8,38,1700,75,49,0,129,9,240.0,0.0
3,38,2900,75,47,1,191,35,568.0,650.3892054128609
5,38,2300,75,49,0,149,9,234.0,0.0
9,38,2700,75,35,1,105,33,558.0,508.00455992217115
9,38,2100,75,38,0,147,21,436.0,0.0
6,38,2900,75,42,0,201,28,730.0,0.0
7,38,2200,75,38,0,115,14,378.0,0.0
9,38,2600,75,35,1,139,36,610.0,489.05456871008613
10,38,1700,75,46,1,39,7,108.0,120.48938147567979
5,38,2300,75,49,1,89,16,292.0,215.36443580875525
8,38,1500,75,42,0,21,3,22.0,0.0
7,38,2500,75,41,1,125,24,378.0,541.9652736965901
3,38,2000,75,39,0,225,17,366.0,0.0
8,38,1900,70,38,1,75,14,230.0,159.3751891784846
6,38,1900,70,38,0,103,16,274.0,0.0
8,38,1900,70,45,0,67,12,160.0,0.0
3,38,2500,70,44,1,109,16,286.0,347.3512304731304
4,38,2700,70,46,0,191,18,454.0,0.0
6,38,1700,70,50,1,63,5,96.0,71.88862394437426
4,38,3000,70,47,1,161,29,542.0,618.1122979449456
6,38,1700,70,44,1,59,4,124.0,125.55228857205978
9,38,1500,70,50,0,55,5,102.0,0.0
4,38,2100,70,49,1,121,18,218.0,218.0051554598663
5,38,2200,70,49,0,79,10,198.0,0.0
5,38,2200,70,35,1,79,15,220.0,205.67541988012184
6,38,2500,70,38,1,175,33,490.0,585.3545639566934
5,38,1900,70,39,0,37,7,114.0,0.0
7,38,3000,70,43,0,167,25,546.0,0.0
6,38,2800,70,49,0,151,15,360.0,0.0
7,38,2100,70,43,0,75,11,218.0,0.0
6,38,2400,70,49,1,95,20,226.0,203.13175309985715
6,38,2200,70,35,1,123,25,328.0,274.9345421611415
3,38,2500,70,39,1,161,35,396.0,631.7335358133404
8,38,2200,70,39,1,83,19,342.0,527.7346027324679
9,38,2600,70,42,0,207,23,722.0,0.0
9,38,2700,70,48,0,197,19,568.0,0.0
8,38,2000,70,47,0,111,10,298.0,0.0
5,38,2600,70,42,1,171,19,518.0,349.10023285190226
10,38,2100,70,40,0,77,10,192.0,0.0
4,38,2800,70,47,1,123,26,296.0,376.2483815541959
3,38,2500,70,44,0,125,16,318.0,0.0
10,38,2600,70,42,0,83,19,356.0,0.0
8,38,2800,70,35,1,115,35,526.0,456.67408046195624
10,38,2400,70,42,1,119,21,396.0,302.2212206743188
4,38,1700,70,44,0,79,7,138.0,0.0
10,38,2000,70,44,1,57,4,118.0,113.86528926790197
7,38,2400,70,36,1,123,33,430.0,355.0802742270125
8,38,2600,70,39,1,135,31,538.0,515.1641605712515
10,38,1500,70,46,0,29,5,54.0,0.0
10,38,2000,70,50,0,101,7,182.0,0.0
6,38,1500,70,50,1,61,6,92.0,119.03788083118566
9,38,2300,70,50,0,89,16,340.0,0.0
3,38,1800,70,41,0,133,8,170.0,0.0
9,38,2500,70,41,1,97,21,412.0,514.6166627394963
9,38,2900,70,43,0,219,22,648.0,0.0
9,38,2000,70,44,1,71,11,196.0,336.0851768336587
10,38,2600,70,36,0,149,30,660.0,0.0
4,38,2200,70,42,1,131,22,424.0,354.1665607815626
8,38,3000,70,43,0,163,25,582.0,0.0
6,38,2800,70,36,1,89,37,432.0,579.7483835335939
8,38,3000,70,41,1,229,28,596.0,575.9185765447879
3,38,2300,70,45,0,167,11,338.0,0.0
5,38,2500,70,39,1,115,31,374.0,817.4673724682855
10,38,1800,70,39,0,87,10,214.0,0.0
4,38,1600,70,48,0,83,6,136.0,0.0
9,38,1500,70,49,1,79,9,208.0,76.97540644551395
5,38,2900,70,38,0,267,31,902.0,0.0
9,38,2000,70,44,1,111,14,300.0,272.04008092580364
8,38,1900,70,39,0,89,16,294.0,0.0
10,38,1500,70,37,1,39,9,84.0,74.7236349047094
6,38,2100,70,38,0,153,17,422.0,0.0
8,38,2300,70,41,1,177,16,378.0,321.15888320589863
3,38,1500,70,48,0,47,5,86.0,0.0
6,38,1800,70,41,1,171,16,250.0,277.64077358319076
6,38,1600,70,50,1,69,8,70.0,193.11363786743337
4,38,2200,70,47,0,157,15,364.0,0.0
4,38,2300,70,41,0,125,14,414.0,0.0
6,38,2700,70,47,0,105,19,458.0,0.0
8,38,2800,70,41,1,109,28,502.0,444.5598056589278
3,38,2400,70,45,1,161,18,314.0,320.08290720493153
9,38,2600,70,43,0,127,12,348.0,0.0
4,38,2800,70,41,0,269,27,774.0,0.0
8,38,3000,70,50,1,115,26,508.0,582.8922389085685
5,38,2600,70,48,0,159,18,432.0,0.0
6,38,2100,70,38,1,91,16,202.0,215.4312802816864
4,38,2700,70,43,1,219,23,476.0,411.42006839862495
3,38,1600,70,38,0,77,5,142.0,0.0
7,38,2200,70,40,1,113,24,382.0,372.80991579209007
9,38,3000,70,36,1,115,37,552.0,658.561981384505
4,38,2200,70,37,0,205,23,480.0,0.0
6,38,2000,70,43,0,91,15,246.0,0.0
8,38,2300,70,44,1,79,14,354.0,392.98258567197274
4,38,2900,70,36,0,213,32,618.0,0.0
3,38,2500,70,44,0,273,21,644.0,0.0
7,38,2500,70,50,0,133,16,360.0,0.0
5,38,2700,70,48,1,97,17,436.0,373.9577759022475
3,38,2700,70,43,1,261,27,474.0,506.6295816331077
8,38,1700,70,41,0,121,9,210.0,0.0
5,38,2200,70,50,1,47,8,130.0,161.53514544080926
8,38,1700,70,43,1,67,6,120.0,90.00742289440053
3,38,2500,70,44,0,223,17,450.0,0.0
8,38,1600,70,40,1,79,11,158.0,174.34379456294184
3,38,3000,70,45,1,245,29,464.0,539.3150622679684
10,38,2200,70,46,0,129,17,410.0,0.0
7,38,1600,70,49,0,61,7,164.0,0.0
10,38,1500,70,47,1,81,8,126.0,90.97907793477482
10,38,3000,70,44,1,169,27,628.0,730.6039371314081
10,38,2600,70,50,0,107,18,448.0,0.0
7,38,2400,70,38,0,139,25,580.0,0.0
7,38,2500,65,38,1,81,25,336.0,438.59978587987257
9,38,3000,70,43,1,159,27,580.0,528.7891692925635
6,38,2300,65,36,0,215,25,654.0,0.0
9,38,2600,70,41,1,97,24,454.0,517.0522179159155
9,38,2400,70,45,0,95,17,374.0,0.0
9,38,2900,70,49,0,149,23,548.0,0.0
9,38,2000,65,36,0,101,13,264.0,0.0
6,38,2400,65,37,1,91,19,376.0,279.22421619702743
6,38,2600,65,43,0,147,21,414.0,0.0
3,38,2900,65,43,1,137,26,320.0,544.062950502135
6,38,2500,65,39,1,97,20,410.0,360.03508852423784
10,38,2600,65,36,1,103,26,496.0,289.19771886312867
9,38,2800,65,45,0,107,24,646.0,0.0
9,38,2900,65,44,1,111,22,462.0,494.32707240622045
4,38,2000,65,46,0,67,8,198.0,0.0
8,38,2100,65,36,1,61,25,324.0,338.23105000653686
10,38,1700,65,44,0,33,6,96.0,0.0
9,38,2800,65,35,0,155,35,644.0,0.0
3,38,2700,65,35,1,217,38,468.0,616.5075154158725
7,38,1500,65,44,0,57,10,190.0,0.0
6,38,1700,65,42,0,0,0,0.0,0.0
7,38,2800,65,45,0,203,18,594.0,0.0
10,38,2700,65,44,1,99,23,468.0,555.2187439896295
3,38,2000,65,49,1,49,8,122.0,82.75594184054
8,38,2100,65,44,0,81,10,254.0,0.0
8,38,2200,65,48,1,55,15,238.0,386.8095385798155
5,38,2100,65,38,0,151,20,452.0,0.0
8,38,2400,65,50,1,81,16,224.0,393.321006003576
5,38,2600,65,42,0,139,25,466.0,0.0
5,38,2300,65,41,1,69,15,212.0,211.5977507746845
5,38,2000,65,43,0,63,4,64.0,0.0
8,38,2600,65,41,1,147,26,586.0,507.1566698107727
7,38,2700,65,46,1,99,18,390.0,245.9476778534479
6,38,2100,65,39,0,201,10,244.0,0.0
5,38,2200,65,42,0,75,13,268.0,0.0
3,38,2700,65,41,1,201,32,480.0,461.8935286242347
6,38,1700,65,43,1,59,9,142.0,104.53129751625274
7,38,2800,65,37,0,159,32,668.0,0.0
7,38,2000,65,42,1,89,12,306.0,214.79332542994973
3,38,2200,65,42,0,157,15,382.0,0.0
10,38,2300,65,38,1,107,28,470.0,468.2245147534812
6,38,2000,65,35,0,115,16,372.0,0.0
7,38,2700,65,43,0,125,23,474.0,0.0
5,38,1900,65,44,0,149,13,316.0,0.0
6,38,2100,65,45,1,115,13,250.0,248.1583796930047
5,38,2400,65,38,1,165,18,392.0,302.60090315321713
8,38,1900,65,44,1,69,13,222.0,269.99188820920176
7,38,1900,65,49,0,55,6,122.0,0.0
5,38,2700,65,41,0,153,19,566.0,0.0
10,38,2500,65,37,0,85,19,404.0,0.0
8,38,1800,65,42,1,41,5,70.0,127.16309453384376
4,38,1700,65,44,1,65,8,122.0,207.15740822424004
6,38,1700,65,42,0,33,3,76.0,0.0
3,38,1900,65,45,1,103,8,210.0,188.11246672905605
3,38,2700,65,45,1,249,30,508.0,554.9471594525372
9,38,2000,65,38,1,73,13,224.0,170.67702269841027
3,38,3000,65,35,1,183,36,488.0,505.43999121379744
9,38,2300,65,40,0,129,13,342.0,0.0
5,38,2200,65,39,0,77,9,234.0,0.0
10,38,2600,65,39,1,135,22,492.0,412.86479041534227
7,38,2000,65,43,0,111,11,256.0,0.0
5,38,3000,65,42,0,173,24,566.0,0.0
6,38,2000,65,36,1,189,24,382.0,289.0123786802673
4,38,1500,65,39,0,35,6,62.0,0.0
4,38,2800,65,41,1,175,32,412.0,528.8595576806789
6,38,2800,65,45,0,201,24,590.0,0.0
10,38,2000,65,37,0,65,7,128.0,0.0
3,38,2000,65,38,1,79,18,218.0,201.6401698552538
3,38,2900,65,42,0,321,25,628.0,0.0
10,38,1700,65,38,1,59,14,200.0,176.70973128810775
6,38,2100,65,46,1,131,20,402.0,283.57570120987356
9,38,2400,65,41,0,117,17,452.0,0.0
4,38,2600,65,46,1,133,18,320.0,277.1248187776516
4,38,2700,65,40,1,155,34,380.0,461.5401270408954
6,38,2200,65,47,1,141,17,242.0,198.90036624812242
9,38,2000,65,49,0,79,10,252.0,0.0
9,38,2800,65,46,0,165,21,690.0,0.0
9,38,2700,65,48,0,83,12,306.0,0.0
4,38,2900,65,49,1,165,23,474.0,248.6854685751969
6,38,1800,65,48,0,123,10,152.0,0.0
3,38,2900,65,42,1,179,26,372.0,316.4524220216943
8,38,1600,65,43,1,83,12,228.0,174.39031555028086
7,38,1900,65,41,1,91,8,124.0,96.21229258654412
8,38,1900,65,48,0,105,8,206.0,0.0
6,38,3000,65,41,0,157,24,648.0,0.0
10,38,2100,65,38,0,83,22,444.0,0.0
10,38,1700,65,46,1,45,7,62.0,49.82253417820468
10,38,1900,65,49,0,69,7,168.0,0.0
5,38,1500,65,42,0,89,10,148.0,0.0
7,38,2200,65,46,1,79,12,182.0,152.50011133813422
10,38,1700,65,47,1,73,5,106.0,64.74225732195393
7,38,1700,65,46,1,61,11,158.0,128.86270440787231
7,38,2800,65,41,0,157,28,736.0,0.0
5,38,2800,65,43,1,159,26,620.0,486.45492731028577
3,38,2400,65,48,0,159,13,296.0,0.0
7,38,2700,65,39,0,149,27,590.0,0.0
9,38,2100,65,47,1,109,9,192.0,152.31750975394266
8,38,2400,65,46,0,91,17,348.0,0.0
9,38,3000,65,36,1,117,36,652.0,444.3145860709736
7,38,2600,65,45,1,83,18,268.0,328.08610861281437
3,38,1900,65,45,0,109,7,174.0,0.0
8,38,2100,65,41,1,75,13,168.0,287.27112934193644
5,38,1500,60,40,1,69,6,156.0,102.99016599440276
3,38,2000,65,42,0,113,16,292.0,0.0
3,38,1700,60,39,0,79,7,146.0,0.0
10,38,2100,60,38,0,67,15,256.0,0.0
7,38,2600,60,48,1,157,14,312.0,312.26504414658604
4,38,2500,65,49,0,181,14,402.0,0.0
8,38,1700,60,43,1,79,8,192.0,117.9844129975325
7,38,1900,60,41,1,65,15,168.0,346.328263687072
4,38,2600,60,36,0,193,26,484.0,0.0
7,38,2700,60,50,0,97,14,394.0,0.0
4,38,1500,60,46,0,25,2,26.0,0.0
10,38,1600,60,41,1,55,10,162.0,169.25068488841356
9,38,2200,60,48,1,79,15,304.0,368.684649411856
3,38,2000,60,46,0,109,10,288.0,0.0
3,38,1900,60,37,1,93,12,232.0,147.64790231699325
7,38,2400,60,49,1,87,14,316.0,179.74387773837356
6,38,2500,60,36,0,135,17,462.0,0.0
9,38,1800,60,42,1,83,6,152.0,96.40203476353713
4,38,2400,60,42,0,177,19,502.0,0.0
9,38,2800,60,39,1,101,25,570.0,408.19084665336203
6,38,1600,60,50,0,29,3,58.0,0.0
7,38,1600,60,36,0,63,8,150.0,0.0
9,38,2000,60,37,0,101,12,304.0,0.0
10,38,3000,60,44,1,117,28,592.0,531.3326382219558
6,38,2200,60,35,0,117,14,314.0,0.0
7,38,1900,60,38,1,77,10,288.0,181.67800098732562
7,38,2600,60,47,0,193,12,382.0,0.0
4,38,1800,60,41,1,105,12,252.0,205.79058557614331
9,38,2100,60,48,1,73,9,228.0,269.8158839295534
9,38,1600,60,38,0,75,13,170.0,0.0
9,38,2500,60,36,1,97,26,518.0,408.0301746599037
4,38,2700,60,36,0,241,30,660.0,0.0
10,38,2100,60,44,1,105,21,380.0,446.8872877832596
9,38,1800,60,42,0,67,7,96.0,0.0
7,38,1700,60,39,1,89,8,124.0,182.01583133022896
8,38,2800,60,49,0,193,20,510.0,0.0
9,38,2200,60,40,0,73,15,364.0,0.0
5,38,2800,60,50,1,95,24,330.0,552.4307409921556
4,38,1900,60,36,0,73,10,204.0,0.0
9,38,2200,60,47,0,43,8,126.0,0.0
5,38,3000,60,47,1,173,26,630.0,474.72461161572113
8,38,1800,60,49,1,53,7,112.0,60.00363788724313
6,38,2700,60,39,0,205,24,622.0,0.0
7,38,2800,60,48,1,85,13,244.0,360.4723030533359
10,38,2400,60,37,1,135,26,474.0,377.3221436079266
3,38,1600,60,39,0,117,10,200.0,0.0
3,38,2500,60,42,0,289,18,500.0,0.0
3,38,2700,60,37,0,251,30,644.0,0.0
6,38,2900,60,39,1,169,35,616.0,680.0342822011817
9,38,1500,60,36,1,57,11,136.0,53.18019608788972
4,38,3000,60,41,1,165,33,460.0,615.6806957660563
4,38,1900,60,37,0,157,12,214.0,0.0
3,38,1900,60,46,1,95,5,96.0,21.93779661694991
8,38,2800,60,37,1,211,26,724.0,412.23161505184925
3,38,2600,60,47,0,177,13,398.0,0.0
8,38,2000,60,49,0,97,8,166.0,0.0
6,38,1600,60,46,1,71,7,104.0,72.68248328661095
3,38,1700,60,42,0,151,9,254.0,0.0
8,38,2100,60,35,0,117,21,480.0,0.0
6,38,1800,60,40,1,101,16,180.0,235.48150713005492
3,38,2200,60,38,1,139,21,322.0,318.1757418318635
9,38,2900,60,42,0,107,23,414.0,0.0
5,38,1800,60,37,0,127,13,288.0,0.0
10,38,2100,60,47,1,115,8,234.0,110.28797214665313
8,38,2900,60,46,1,107,26,510.0,295.0455537505928
10,38,2100,60,42,0,81,6,198.0,0.0
4,38,3000,60,42,0,175,27,666.0,0.0
7,38,2900,60,40,1,159,24,448.0,369.90828867979855
7,38,1900,60,35,0,135,21,362.0,0.0
7,38,2100,60,49,1,65,10,160.0,99.9260156045858
9,38,2800,60,49,1,115,15,460.0,247.9491083317012
6,38,2300,60,48,0,135,9,258.0,0.0
6,38,3000,60,35,0,227,33,820.0,0.0
10,38,2800,60,37,1,117,33,626.0,658.1025411627958
5,38,1800,60,38,1,39,6,74.0,25.163514615838768
7,38,1600,60,47,1,41,7,96.0,88.36455082047362
10,38,1600,60,45,1,29,2,48.0,29.88953121032477
10,38,2300,60,46,0,45,3,108.0,0.0
6,38,2400,60,50,0,121,14,384.0,0.0
10,38,1900,60,46,0,61,5,164.0,0.0
7,38,3000,60,49,1,217,25,756.0,470.3278027886181
8,38,2900,60,48,1,85,20,318.0,364.42782081365374
3,38,2100,60,50,0,167,9,246.0,0.0
4,38,2800,60,37,1,149,29,366.0,446.7052390106962
8,38,1600,60,44,0,23,1,24.0,0.0
4,38,1900,60,44,0,67,8,68.0,0.0
7,38,2300,60,40,1,71,22,296.0,289.25404582734967
7,38,2200,60,39,0,123,14,246.0,0.0
8,38,3000,60,46,0,173,19,656.0,0.0
4,38,2800,60,48,1,217,23,564.0,467.5971656065303
4,38,2200,60,37,0,113,16,304.0,0.0
5,38,2500,60,42,1,147,24,424.0,414.47935428397756
7,38,2100,60,49,1,87,15,260.0,226.26490504460637
4,38,2300,60,37,1,119,18,368.0,193.4740480685732
8,38,2900,60,37,0,109,25,574.0,0.0
3,38,2700,60,42,0,257,24,556.0,0.0
10,38,1900,60,35,1,65,14,218.0,128.9728978298257
8,38,2000,60,37,0,75,18,306.0,0.0
10,38,2800,60,36,0,145,29,696.0,0.0
6,38,1700,60,46,1,37,3,64.0,54.76199722008822
6,38,2900,60,49,1,115,21,340.0,368.77264897672666
4,38,1500,55,38,1,113,11,114.0,137.01785866325076
4,38,2000,60,45,0,105,9,208.0,0.0
7,38,2400,55,37,1,167,27,512.0,559.2516943686364
4,38,2600,55,43,0,175,17,536.0,0.0
5,38,1600,55,49,0,59,6,114.0,0.0
3,38,1600,55,38,1,93,6,130.0,59.208428012356784
8,38,1800,55,46,0,57,6,150.0,0.0
9,38,2600,55,36,0,147,29,764.0,0.0
7,38,2400,55,47,1,117,9,260.0,99.01998465860814
6,38,2800,55,38,1,101,29,428.0,404.3681378021509
5,38,2000,55,45,0,37,4,106.0,0.0
5,38,2000,55,35,1,67,21,192.0,169.93161778735623
3,38,2600,55,45,1,167,21,434.0,392.53683391040715
10,38,2500,55,45,0,89,12,364.0,0.0
6,38,2000,55,46,0,119,11,252.0,0.0
7,38,1700,55,38,1,59,13,182.0,160.72774944458257
3,38,3000,55,39,1,215,37,588.0,746.8121163293596
3,38,1800,55,45,0,67,7,130.0,0.0
10,38,2200,55,41,0,87,15,276.0,0.0
7,38,1500,55,45,1,23,2,40.0,56.76418653744647
8,38,2800,55,37,1,87,34,500.0,536.8189198833403
4,38,2100,55,44,0,75,7,150.0,0.0
5,38,2500,55,38,1,127,19,420.0,307.0383117539708
8,38,2800,55,36,0,159,29,692.0,0.0
9,38,1500,55,39,0,49,9,134.0,0.0
6,38,2000,55,45,1,99,8,176.0,181.59274544666394
8,38,1600,55,40,0,57,8,146.0,0.0
4,38,1900,55,42,1,107,18,194.0,305.62649860539756
7,38,2700,55,46,1,101,21,426.0,307.6640773464698
3,38,2100,55,48,0,69,2,70.0,0.0
6,38,1700,55,42,1,57,5,88.0,65.10802647427933
5,38,1700,55,36,0,117,12,238.0,0.0
9,38,1900,55,36,0,77,14,246.0,0.0
4,38,2900,55,40,1,143,33,488.0,576.9692912067508
3,38,1600,55,38,1,53,7,116.0,77.42043619124483
8,38,1800,55,45,0,67,9,164.0,0.0
7,38,2000,55,49,1,73,8,204.0,123.63496445716443
6,38,2500,55,35,1,223,30,558.0,405.4209574434211
6,38,2000,55,50,0,85,6,120.0,0.0
6,38,2400,55,40,0,131,19,446.0,0.0
6,38,2800,55,39,0,157,20,518.0,0.0
6,38,1900,55,37,1,73,16,196.0,194.23571141198468
6,38,2000,55,48,0,109,9,206.0,0.0
8,38,1700,55,47,1,55,5,88.0,58.20275699480575
9,38,1800,55,45,0,63,7,124.0,0.0
7,38,2100,55,45,0,115,15,418.0,0.0
9,38,2300,55,46,1,81,12,244.0,195.68097926710078
4,38,2100,55,49,1,81,8,258.0,86.59305158448353
8,38,3000,55,37,1,207,30,788.0,354.4394172564208
5,38,2100,55,40,0,79,9,232.0,0.0
7,38,1900,55,41,0,65,10,216.0,0.0
4,38,1800,55,42,0,67,7,166.0,0.0
9,38,2200,55,42,1,109,16,272.0,331.58343356927674
3,38,3000,55,47,1,189,34,460.0,524.9415535546424
6,38,2800,55,47,0,159,13,304.0,0.0
10,38,2100,55,35,1,121,27,436.0,317.6937867905615
6,38,2800,55,46,0,203,14,358.0,0.0
7,38,1700,55,48,1,65,4,66.0,145.78584354162663
6,38,2900,55,44,1,165,26,576.0,524.8229829432075
9,38,2200,55,46,0,113,13,276.0,0.0
4,38,2600,55,41,0,139,16,414.0,0.0
10,38,1600,55,49,1,85,12,176.0,124.0296809396585
3,38,2400,55,39,0,311,24,358.0,0.0
3,38,2000,55,38,1,133,21,310.0,276.1547551005729
4,38,2900,55,46,0,113,15,266.0,0.0
4,38,1800,55,45,1,83,8,136.0,118.19043905767356
8,38,2100,55,35,0,79,20,348.0,0.0
10,38,1600,55,38,0,37,6,86.0,0.0
4,38,1800,55,40,1,93,11,228.0,152.79053221171165
4,38,1600,55,36,0,31,5,86.0,0.0
9,38,1800,55,43,1,47,6,84.0,102.06656823945836
9,38,1900,55,45,0,103,8,208.0,0.0
6,38,2600,55,48,1,93,16,354.0,430.179915241685
6,38,2300,55,35,0,127,20,558.0,0.0
4,38,1700,55,42,0,57,2,58.0,0.0
8,38,2600,55,47,1,97,22,368.0,375.16437276001807
9,38,1600,55,50,1,49,6,82.0,136.12766421923573
10,38,2200,55,35,0,81,17,366.0,0.0
4,38,2100,55,50,1,125,10,232.0,152.2272005303996
5,38,1700,55,41,0,63,9,220.0,0.0
4,38,2600,55,38,1,127,30,382.0,397.5441779327929
5,38,2300,55,40,1,85,13,256.0,193.37326945735586
6,38,2000,55,42,0,113,11,252.0,0.0
8,38,2800,55,47,1,145,19,332.0,270.63371465106974
3,38,2900,55,35,0,439,37,970.0,0.0
10,38,1800,55,37,0,51,7,104.0,0.0
8,38,1600,55,43,1,61,8,104.0,184.18167005696884
8,38,2600,55,42,0,195,20,560.0,0.0
3,38,2700,55,43,1,195,27,394.0,418.06705446751823
4,38,2200,55,44,0,181,15,380.0,0.0
5,38,2000,55,44,1,77,11,190.0,247.84794964841316
4,38,2300,55,38,0,167,20,474.0,0.0
6,38,2900,55,49,1,109,9,360.0,119.47604940383371
9,38,2600,55,45,0,101,16,448.0,0.0
6,38,2900,55,49,1,129,21,366.0,286.7254966729847
8,38,1800,55,35,1,61,13,178.0,150.6613886307943
3,38,2500,55,44,0,265,17,572.0,0.0
5,38,2200,55,37,0,167,17,358.0,0.0
9,38,2700,55,42,1,123,25,412.0,435.8417852903575
9,38,1600,55,49,1,83,7,122.0,60.23488428641843
9,38,2500,50,35,1,143,30,508.0,475.2190139263157
7,38,2800,55,45,0,149,19,424.0,0.0
3,38,3000,50,38,1,151,36,404.0,595.600045596781
8,38,2600,50,47,0,139,15,430.0,0.0
9,38,2700,50,40,0,149,22,628.0,0.0
5,38,2200,50,39,0,81,7,162.0,0.0
9,38,1800,50,42,1,69,8,162.0,145.71094794161328
4,38,2700,50,47,1,153,15,330.0,158.35437070889643
6,38,3000,50,46,0,149,13,404.0,0.0
9,38,2700,50,36,1,101,19,524.0,223.7707053849796
10,38,2800,50,39,0,163,23,598.0,0.0
4,38,2700,50,44,0,251,18,488.0,0.0
7,38,2900,50,36,0,159,29,700.0,0.0
6,38,1700,50,37,1,63,5,126.0,67.34562345569144
10,38,2800,50,42,1,91,18,392.0,281.7219610947337
10,38,1700,50,47,1,57,8,164.0,105.0240273249564
4,38,2500,50,47,0,183,13,424.0,0.0
10,38,1500,50,48,1,29,2,30.0,68.033806715568
10,38,1500,50,37,0,99,5,100.0,0.0
9,38,2200,50,42,1,147,15,434.0,262.86091378612696
6,38,2400,50,37,1,95,20,394.0,309.52985479637897
8,38,2400,50,46,0,91,9,344.0,0.0
5,38,2400,50,47,1,97,25,398.0,356.3056300674866
5,38,1800,50,49,0,69,5,118.0,0.0
3,38,2100,50,45,1,29,4,72.0,61.0344752105468
3,38,1600,50,42,0,75,7,176.0,0.0
4,38,2500,50,36,0,215,23,558.0,0.0
8,38,2900,50,48,0,201,13,354.0,0.0
10,38,2400,50,42,1,71,14,272.0,265.2941865915565
3,38,2800,50,36,1,125,30,362.0,440.9393213699084
9,38,1700,50,44,1,87,11,190.0,238.13385249202153
3,38,2600,50,48,0,123,10,284.0,0.0
4,38,1700,50,37,0,63,8,152.0,0.0
8,38,2500,50,40,1,97,21,360.0,321.82728402108677
6,38,1700,50,43,0,51,3,52.0,0.0
6,38,2400,50,50,1,113,11,254.0,141.0735188341401
8,38,2100,50,38,0,119,16,338.0,0.0
7,38,1900,50,48,1,37,5,114.0,105.26274912347958
5,38,2800,50,50,0,105,21,408.0,0.0
8,38,2600,50,35,1,99,30,476.0,561.6093810150267
7,38,2800,50,39,0,227,18,614.0,0.0
3,38,1500,50,47,1,77,4,104.0,70.96667702970406
5,38,2100,50,50,0,67,6,136.0,0.0
9,38,1900,50,39,1,83,12,280.0,279.95856876546145
4,38,2700,50,36,1,167,31,392.0,324.25745397911993
6,38,2300,50,43,0,155,14,360.0,0.0
5,38,2400,50,49,1,125,19,362.0,245.03027281265724
6,38,3000,50,42,0,111,15,378.0,0.0
9,38,2600,50,46,0,151,13,408.0,0.0
8,38,2500,50,44,1,91,16,334.0,445.2276009635439
3,38,2000,50,35,0,109,17,292.0,0.0
4,38,1600,50,41,1,47,5,122.0,65.29004860868694
4,38,2200,50,38,1,101,16,306.0,202.2074399675758
6,38,2000,50,42,1,69,10,204.0,206.4257214398611
10,38,2900,50,47,0,147,11,330.0,0.0
10,38,1500,50,40,0,111,6,168.0,0.0
7,38,1500,50,36,0,67,6,90.0,0.0
3,38,3000,50,38,0,283,26,644.0,0.0
4,38,2000,50,43,1,93,12,174.0,119.77613933127856
3,38,1800,50,35,0,67,8,148.0,0.0
9,38,1900,50,42,0,131,13,226.0,0.0
8,38,2400,50,47,1,77,12,252.0,130.81681002736167
10,38,2500,50,45,1,85,19,394.0,418.2067481380128
10,38,1500,50,35,1,49,12,124.0,125.34318442439594
4,38,2600,50,38,0,183,20,544.0,0.0
4,38,2200,50,44,1,113,11,232.0,211.60109815099477
8,38,1600,50,39,0,59,8,132.0,0.0
8,38,1800,50,43,1,35,3,104.0,41.36281564114213
3,38,2300,50,40,1,125,14,258.0,125.44732104305636
3,38,2200,50,46,0,75,5,158.0,0.0
4,38,2900,50,38,1,139,32,414.0,532.1754087323458
8,38,1700,50,39,0,91,6,122.0,0.0
6,38,2100,50,49,0,69,7,150.0,0.0
10,38,2500,50,48,1,99,9,290.0,292.76329140421996
7,38,3000,50,39,0,217,27,792.0,0.0
4,38,2700,50,48,0,95,6,192.0,0.0
8,38,2900,50,47,1,91,18,232.0,168.82161247267982
10,38,2000,50,35,1,119,19,330.0,184.3129893524131
9,38,2800,50,37,0,127,31,650.0,0.0
6,38,2200,50,46,0,131,10,234.0,0.0
8,38,1900,50,50,1,75,9,216.0,276.0921247797351
9,38,2100,50,38,1,113,18,376.0,277.1503716173199
10,38,2300,50,38,0,87,17,314.0,0.0
4,38,2700,50,35,0,185,18,516.0,0.0
8,38,2600,50,46,1,101,18,372.0,239.2322537553259
6,38,1900,50,35,0,71,16,240.0,0.0
6,38,2800,50,42,1,161,18,364.0,253.75315565167406
7,38,2500,50,38,0,171,19,586.0,0.0
9,38,2800,50,46,1,111,14,434.0,222.9538725549786
9,38,2400,50,42,0,85,12,294.0,0.0
7,38,2200,50,45,1,59,8,142.0,194.24456976880577
7,38,1600,50,48,1,11,1,12.0,21.0
10,38,2700,50,36,0,155,21,498.0,0.0
8,38,2400,50,38,1,137,21,400.0,255.51916664777286
7,38,2900,50,48,0,107,14,310.0,0.0
8,38,1700,50,46,1,69,8,130.0,135.25633108999864
6,38,2800,50,40,1,193,21,496.0,316.0519502561769
9,38,2600,50,37,1,97,13,294.0,226.8978359808885
9,38,2700,50,44,0,99,17,372.0,0.0
5,38,2100,50,49,0,69,8,210.0,0.0
4,37,2200,90,40,0,191,26,516.0,0.0
7,37,2000,90,43,1,71,11,224.0,179.60472475958971
4,38,2600,50,46,0,49,4,98.0,0.0
4,37,2100,90,37,0,115,22,380.0,0.0
8,37,1800,90,36,0,35,12,202.0,0.0
7,37,1900,90,40,1,57,17,202.0,177.20592012089716
3,37,2700,90,41,1,137,33,308.0,493.8158613005545
7,37,1500,90,50,1,69,5,92.0,116.65548532055966
5,37,2900,90,37,0,195,32,584.0,0.0
9,37,2800,90,41,1,129,26,616.0,612.5864655107406
7,37,1900,90,42,1,57,14,140.0,179.96942256284746
4,37,2800,90,44,0,211,20,594.0,0.0
5,37,2600,90,47,0,173,17,512.0,0.0
9,37,2900,90,45,0,159,28,578.0,0.0
4,37,2900,90,36,1,119,37,390.0,546.0221872248408
6,37,1500,90,49,1,55,6,116.0,90.618142604649
8,37,2100,90,45,0,153,14,278.0,0.0
10,37,3000,90,48,1,223,23,830.0,578.9214200179669
5,37,2300,90,37,0,125,24,440.0,0.0
3,37,2300,90,50,1,119,15,286.0,252.58660583613224
9,37,2900,90,36,1,113,37,576.0,486.22370564960045
8,37,2300,90,37,0,173,21,524.0,0.0
8,37,2800,90,48,0,99,17,438.0,0.0
7,37,2200,90,37,0,63,19,260.0,0.0
7,37,3000,90,45,1,111,25,598.0,531.1587660158837
6,37,2900,90,45,0,157,17,616.0,0.0
3,37,3000,90,37,1,137,37,342.0,523.1916230198483
10,37,2300,90,39,1,85,19,384.0,433.31750521066715
5,37,2400,90,39,1,103,24,338.0,527.569858608362
3,37,2700,90,47,0,299,18,564.0,0.0
5,37,2200,90,40,0,137,19,374.0,0.0
9,37,1700,90,42,1,59,13,210.0,262.4313974587034
10,37,2400,90,46,0,63,13,284.0,0.0
3,37,2500,90,43,1,195,20,368.0,340.195490326695
5,37,1900,90,48,1,37,9,164.0,189.78455662652402
8,37,1700,90,50,0,45,8,114.0,0.0
3,37,3000,90,50,0,379,23,830.0,0.0
6,37,1900,90,39,0,139,19,310.0,0.0
6,37,2600,90,49,1,129,21,396.0,264.05948446490413
4,37,1500,90,49,1,43,6,52.0,66.95874380971419
9,37,1700,90,38,1,93,17,258.0,223.08844788402283
4,37,1800,90,36,0,117,13,258.0,0.0
8,37,2600,90,46,0,119,19,450.0,0.0
5,37,2800,90,49,1,153,28,536.0,372.5258905623389
8,37,1600,90,39,0,77,14,262.0,0.0
3,37,2900,90,38,1,307,34,548.0,582.8970587738103
9,37,1600,90,45,0,61,10,202.0,0.0
8,37,2600,90,36,0,147,32,580.0,0.0
10,37,1500,90,44,1,39,6,62.0,163.87832703655943
3,37,2600,90,47,0,237,22,468.0,0.0
6,37,1800,90,46,1,93,13,214.0,175.97764781953015
10,37,2300,90,48,0,89,11,308.0,0.0
3,37,1900,90,50,1,101,8,258.0,191.97276021394927
3,37,2200,90,44,1,255,25,430.0,507.79450312248986
10,37,1700,90,43,0,97,12,204.0,0.0
3,37,1600,90,44,0,95,9,124.0,0.0
9,37,2000,90,39,1,73,17,344.0,426.14746533641
6,37,1500,90,39,0,45,8,128.0,0.0
4,37,1800,90,41,1,99,11,216.0,212.24676191003053
3,37,1800,90,47,1,155,11,258.0,126.72516528263935
7,37,2000,90,49,0,65,9,144.0,0.0
7,37,2600,90,46,1,141,21,366.0,365.49975749714343
8,37,2800,90,49,0,151,22,654.0,0.0
8,37,2000,90,41,1,73,17,254.0,314.6339415601975
7,37,2100,90,36,1,73,29,368.0,370.1446697004501
7,37,2700,90,44,0,105,21,430.0,0.0
8,37,1500,90,45,0,77,7,150.0,0.0
4,37,1700,90,42,1,97,10,122.0,138.0621374426851
10,37,2700,90,38,1,101,30,568.0,614.5516802198256
3,37,2500,90,38,0,329,25,542.0,0.0
5,37,2400,90,44,0,93,13,378.0,0.0
10,37,1600,90,43,1,63,7,142.0,93.44180758947331
3,37,2500,90,39,0,227,21,420.0,0.0
5,37,1600,90,40,0,91,12,206.0,0.0
8,37,3000,90,48,1,121,27,524.0,547.1169668566968
4,37,2300,90,48,0,163,12,242.0,0.0
5,37,1900,90,43,1,89,18,250.0,329.77505005609237
6,37,1700,90,50,1,31,7,86.0,194.87951490609515
10,37,2300,90,43,1,59,15,246.0,346.5026933539011
10,37,1600,90,47,0,55,8,118.0,0.0
9,37,2600,90,36,0,145,31,636.0,0.0
7,37,2500,90,42,1,71,16,356.0,346.86364712503797
9,37,3000,90,42,0,111,32,652.0,0.0
4,37,1800,90,49,0,83,10,214.0,0.0
9,37,2600,90,50,1,201,22,470.0,463.48867130667884
10,37,2400,90,39,1,87,21,418.0,400.78656203252586
9,37,2700,90,43,1,81,26,490.0,430.63914446246946
10,37,2300,90,42,0,45,14,246.0,0.0
10,37,1600,90,50,0,81,8,146.0,0.0
3,37,1900,90,48,0,55,8,142.0,0.0
8,37,1900,90,50,1,47,7,116.0,211.29432452847513
4,37,2100,90,49,1,123,14,220.0,218.6181602655654
9,37,1900,90,47,0,75,9,250.0,0.0
10,37,1600,90,41,0,85,12,142.0,0.0
7,37,2800,90,44,1,103,31,612.0,640.436997084841
5,37,2000,90,35,0,107,20,346.0,0.0
9,37,2200,90,41,1,129,19,340.0,343.2946758374147
9,37,1700,90,47,0,65,2,66.0,0.0
4,37,2600,90,48,1,137,22,428.0,524.8078809579196
8,37,2500,90,50,1,99,15,296.0,404.6649277293625
5,37,2500,85,42,0,147,27,554.0,0.0
7,37,1700,85,44,1,57,9,88.0,186.78175441631737
6,37,2000,85,42,1,75,11,208.0,114.7501794987296
10,37,2100,85,39,1,117,18,314.0,465.1063735039422
9,37,1600,85,46,0,55,5,102.0,0.0
3,37,2000,85,42,0,185,13,294.0,0.0
3,37,2200,90,50,0,147,14,246.0,0.0
9,37,1500,85,41,1,49,7,50.0,84.68539465295457
4,37,2200,85,43,0,201,14,366.0,0.0
5,37,2800,85,44,1,107,18,336.0,360.9326183460071
7,37,2400,85,45,1,89,23,382.0,650.9970750998629
10,37,1800,85,46,0,65,10,180.0,0.0
6,37,1500,85,48,0,101,6,118.0,0.0
4,37,3000,85,47,1,179,20,344.0,260.34856623041475
8,37,2500,85,37,0,141,33,648.0,0.0
9,37,1700,85,39,1,67,14,204.0,290.24886069061165
5,37,1800,85,41,1,69,12,136.0,192.65063071726445
3,37,2900,85,36,0,317,35,624.0,0.0
7,37,1700,85,42,0,81,12,266.0,0.0
8,37,1800,85,47,1,65,12,218.0,201.55279732380632
4,37,2800,85,46,0,157,22,544.0,0.0
10,37,1500,85,37,1,49,9,122.0,137.92604693140555
5,37,2400,85,41,1,97,26,334.0,529.0073596966026
8,37,2000,85,38,0,79,16,276.0,0.0
6,37,1600,85,44,1,111,8,122.0,249.53700571147334
8,37,2400,85,42,1,99,21,314.0,225.40048636193634
6,37,1500,85,48,0,29,4,110.0,0.0
3,37,1600,85,50,0,55,6,108.0,0.0
3,37,1500,85,36,1,59,11,136.0,86.5143259919415
8,37,1700,85,36,1,39,6,126.0,41.72142517330765
6,37,2200,85,47,0,127,12,276.0,0.0
8,37,3000,85,45,0,117,28,698.0,0.0
9,37,2800,85,47,0,193,24,602.0,0.0
8,37,1600,85,47,1,99,10,220.0,142.22403017391764
7,37,1600,85,44,0,55,4,84.0,0.0
7,37,1800,85,42,1,109,13,232.0,223.90915021691913
4,37,2100,85,42,0,155,11,228.0,0.0
5,37,2200,85,47,0,153,13,274.0,0.0
4,37,1500,85,48,1,53,5,78.0,122.58345299078789
4,37,2400,85,36,0,215,31,576.0,0.0
7,37,2900,85,35,1,103,36,474.0,463.8675581850572
10,37,2700,85,43,0,157,23,554.0,0.0
10,37,2800,85,46,1,83,19,320.0,313.6274889878008
10,37,1600,85,39,1,43,5,76.0,85.92666795605153
9,37,2400,85,39,0,117,23,512.0,0.0
8,37,3000,85,43,0,115,32,730.0,0.0
8,37,2600,85,37,0,245,29,698.0,0.0
8,37,2800,85,49,1,111,21,450.0,375.63203183332695
5,37,2900,85,35,1,101,35,450.0,451.21438495163625
5,37,3000,85,46,1,339,33,734.0,564.8876232519714
4,37,2500,85,41,1,127,31,470.0,552.157835526813
10,37,2800,85,50,0,145,21,554.0,0.0
10,37,1700,85,35,0,51,9,136.0,0.0
9,37,1900,85,35,1,91,15,232.0,156.2657114860317
7,37,2300,85,41,0,123,18,396.0,0.0
9,37,2100,85,44,0,123,16,340.0,0.0
3,37,1900,85,40,1,187,11,212.0,119.74802967331635
8,37,1900,85,41,0,95,9,206.0,0.0
9,37,2200,85,39,0,111,16,370.0,0.0
3,37,2700,85,37,0,303,27,658.0,0.0
10,37,2200,85,47,1,59,11,210.0,105.1657532474719
10,37,2900,85,43,1,169,31,658.0,573.4544619048329
3,37,2800,85,45,1,189,29,454.0,476.50322664684734
3,37,2000,85,36,0,145,8,176.0,0.0
9,37,3000,85,38,0,161,35,798.0,0.0
3,37,2800,85,36,1,215,36,496.0,510.1373668717673
5,37,2000,85,39,1,85,12,234.0,332.75346027696753
5,37,1800,85,49,1,67,8,90.0,70.78149378867307
6,37,1500,85,43,1,101,9,192.0,95.08955094116993
10,37,2000,85,48,0,127,8,214.0,0.0
10,37,2900,85,40,1,99,27,486.0,429.22534145951954
10,37,1900,85,43,0,37,7,170.0,0.0
6,37,1600,85,48,1,89,6,152.0,149.73509027623408
6,37,1500,85,49,0,131,7,152.0,0.0
3,37,3000,85,49,0,163,16,420.0,0.0
6,37,1800,85,45,1,65,11,188.0,286.19563881757364
4,37,1500,85,49,0,41,7,86.0,0.0
6,37,1800,85,37,1,87,20,196.0,275.96867933082183
4,37,1600,85,43,1,113,7,204.0,165.4201155812198
9,37,2200,85,43,1,113,15,370.0,208.32410993212662
5,37,2000,85,47,0,185,15,286.0,0.0
4,37,1500,85,40,0,51,8,132.0,0.0
8,37,2500,85,45,1,137,20,468.0,296.3706915885469
7,37,2500,85,48,0,121,19,428.0,0.0
3,37,3000,85,36,0,277,36,704.0,0.0
6,37,3000,85,42,1,107,32,406.0,522.692196148234
4,37,2100,85,43,0,155,18,336.0,0.0
8,37,2900,85,36,1,91,31,368.0,424.85462408731354
6,37,1900,85,46,0,61,8,186.0,0.0
10,37,2900,85,47,0,157,23,598.0,0.0
9,37,2500,85,46,1,99,17,446.0,322.7415296949818
4,37,1500,85,39,0,77,8,166.0,0.0
6,37,1700,85,43,1,111,18,242.0,212.57138131201256
9,37,1600,85,38,1,75,12,176.0,123.70352331257696
3,37,2900,85,45,1,223,29,482.0,479.31979013985296
10,37,2400,85,42,0,223,15,448.0,0.0
10,37,2200,85,42,0,203,17,390.0,0.0
6,37,2300,85,36,0,121,21,454.0,0.0
9,37,2000,85,43,1,65,19,242.0,317.8386833478241
3,37,2400,85,42,0,191,18,332.0,0.0
6,37,2700,85,46,1,151,20,388.0,230.1781879231988
5,37,2500,80,43,1,179,26,508.0,462.06652194987095
7,37,2600,80,36,0,143,30,666.0,0.0
7,37,2100,80,38,1,77,15,228.0,244.06377011569208
3,37,2400,80,49,0,167,13,324.0,0.0
6,37,2400,80,50,1,129,15,374.0,369.6478042940622
5,37,3000,80,42,1,147,36,480.0,580.9567706085693
9,37,2000,80,49,0,73,6,188.0,0.0
10,37,2700,80,49,0,147,18,452.0,0.0
8,37,1700,80,41,1,59,8,160.0,169.29221016273857
10,37,1500,80,45,1,39,7,100.0,158.02958122825976
4,37,1700,80,50,1,105,12,172.0,310.8603827710929
3,37,1600,80,48,0,77,10,134.0,0.0
5,37,2300,80,38,0,127,19,324.0,0.0
3,37,2600,80,49,0,211,14,392.0,0.0
5,37,1700,80,47,1,49,12,128.0,115.02040642929862
7,37,2300,80,44,0,83,14,346.0,0.0
7,37,1600,80,45,1,77,8,108.0,179.10910980710392
4,37,3000,80,43,0,285,27,786.0,0.0
3,37,3000,80,41,0,345,30,854.0,0.0
7,37,1700,80,35,1,71,17,184.0,249.20159875441547
9,37,1800,80,36,1,69,10,130.0,67.19260001150715
7,37,1800,80,41,1,63,9,196.0,135.09172279912823
8,37,2700,80,47,0,93,11,278.0,0.0
8,37,2800,80,36,0,215,33,740.0,0.0
5,37,3000,80,39,1,225,33,674.0,632.0063624038929
6,37,2000,80,48,0,129,8,206.0,0.0
8,37,2300,80,41,1,127,28,494.0,532.6139556715833
7,37,2300,80,38,0,125,20,452.0,0.0
9,37,2000,80,40,0,57,14,236.0,0.0
8,37,2400,80,42,1,65,27,310.0,439.6581265316139
8,37,2200,80,41,1,87,14,260.0,327.4246347095696
7,37,1900,80,42,1,59,15,184.0,254.9614156028149
5,37,2600,80,39,0,191,25,546.0,0.0
10,37,2300,80,46,0,131,14,344.0,0.0
9,37,2600,80,38,0,203,30,590.0,0.0
6,37,2700,80,42,1,155,24,516.0,274.4311270582964
9,37,2500,80,46,0,75,10,262.0,0.0
9,37,2100,80,49,1,65,18,266.0,228.4571829194331
3,37,2400,80,46,1,175,26,314.0,273.6044364029567
7,37,1600,80,49,1,65,7,130.0,82.1787540416994
4,37,1800,80,49,0,121,7,178.0,0.0
4,37,2300,80,39,1,103,26,364.0,514.7531793601565
8,37,3000,80,42,0,223,29,696.0,0.0
8,37,1500,80,42,1,45,5,102.0,88.48096857066437
10,37,1600,80,49,0,47,9,138.0,0.0
7,37,1500,80,36,0,57,15,250.0,0.0
8,37,2400,80,43,0,199,16,470.0,0.0
4,37,2400,80,50,0,95,14,344.0,0.0
10,37,1700,80,49,1,61,8,158.0,80.49350795628085
9,37,2500,80,39,0,143,26,630.0,0.0
3,37,2100,80,39,1,175,22,394.0,422.4815193219228
3,37,1700,80,43,1,123,10,242.0,109.75041298679643
9,37,2300,80,35,1,87,28,454.0,319.41219791718754
8,37,1700,80,45,0,51,6,114.0,0.0
8,37,2300,80,45,1,107,14,206.0,347.76332455905873
9,37,1700,80,48,1,33,7,122.0,234.09925438997487
9,37,2700,80,43,0,149,24,596.0,0.0
6,37,2600,80,46,0,145,18,418.0,0.0
6,37,2900,80,49,1,105,25,540.0,416.638109985458
8,37,2700,80,37,1,99,32,478.0,610.3751521351675
5,37,1800,80,47,0,47,6,118.0,0.0
7,37,2100,80,38,0,113,13,342.0,0.0
3,37,3000,80,48,1,185,29,498.0,550.4381771230123
10,37,2600,80,41,0,153,27,614.0,0.0
10,37,1900,80,47,1,69,10,232.0,206.91002996277993
8,37,2500,80,50,0,137,18,384.0,0.0
10,37,2700,80,45,1,99,21,448.0,596.7985094595797
8,37,1700,80,38,0,89,5,106.0,0.0
3,37,2900,80,47,0,323,27,740.0,0.0
4,37,1800,80,48,1,93,7,172.0,215.48380164929767
4,37,2600,80,44,0,227,23,570.0,0.0
6,37,3000,80,40,0,207,31,644.0,0.0
9,37,2400,80,44,1,85,17,298.0,344.88257958476584
8,37,2900,80,49,1,93,19,440.0,384.06737113780247
9,37,2400,80,46,1,83,14,348.0,209.41591900985097
6,37,3000,80,36,1,129,34,482.0,327.40418329658144
10,37,1600,80,36,0,87,20,300.0,0.0
8,37,1500,80,41,0,49,9,154.0,0.0
9,37,1500,80,40,1,51,5,114.0,92.53668744940371
3,37,2600,80,38,0,243,31,618.0,0.0
6,37,1600,80,44,1,89,7,90.0,73.91605930648736
4,37,2100,80,44,1,113,21,320.0,504.87124000914514
9,37,1600,80,49,0,91,11,240.0,0.0
5,37,1900,80,42,1,77,8,124.0,146.25355321793717
5,37,2500,80,49,0,91,14,312.0,0.0
3,37,3000,80,40,0,325,30,694.0,0.0
8,37,3000,80,43,0,107,26,546.0,0.0
9,37,1700,80,44,0,55,4,90.0,0.0
8,37,2900,80,40,0,157,26,674.0,0.0
7,37,2900,80,39,1,91,34,436.0,554.5685301185032
3,37,2700,80,50,1,279,21,504.0,453.23781803891035
5,37,1800,80,43,1,69,10,240.0,173.93116783190678
3,37,2900,80,41,1,189,30,400.0,453.71928879054224
8,37,1700,80,37,1,71,17,298.0,214.32732696614238
3,37,1800,80,37,0,57,4,106.0,0.0
9,37,1900,80,43,0,73,12,178.0,0.0
4,37,2600,80,38,0,185,29,630.0,0.0
9,37,2700,75,40,1,107,32,590.0,574.6365204680789
4,37,2400,80,42,0,165,19,430.0,0.0
8,37,1900,80,49,1,67,5,142.0,99.73317564137436
3,37,2300,80,42,1,145,26,296.0,328.3898108250325
8,37,1900,75,50,0,63,6,170.0,0.0
9,37,2700,75,35,0,129,29,484.0,0.0
9,37,1800,75,44,1,77,11,248.0,254.66481843795017
4,37,1500,75,49,1,29,2,56.0,29.554767938503957
3,37,1800,75,39,1,157,13,226.0,261.1673989518393
3,37,2000,75,44,0,153,12,284.0,0.0
4,37,2700,75,45,1,135,30,414.0,547.3701968864323
4,37,1900,75,48,0,125,13,264.0,0.0
5,37,2000,75,38,0,141,17,408.0,0.0
7,37,2800,75,45,1,149,30,514.0,508.0799704709216
5,37,2200,75,48,0,113,15,346.0,0.0
7,37,2300,75,47,1,101,17,256.0,261.79216234496306
7,37,2500,75,46,1,73,16,308.0,296.5676677847209
10,37,2000,75,35,1,69,20,362.0,258.19653170605034
4,37,1500,75,39,0,103,9,152.0,0.0
8,37,2100,75,43,0,117,11,252.0,0.0
9,37,2000,75,45,1,111,19,318.0,403.39349539197445
3,37,1800,75,40,0,93,11,200.0,0.0
4,37,2900,75,43,0,269,22,610.0,0.0
3,37,3000,75,40,0,391,34,650.0,0.0
3,37,2100,75,42,1,97,16,270.0,251.35534333252085
6,37,2400,75,42,1,153,12,322.0,161.48223056280767
7,37,1800,75,43,0,69,7,136.0,0.0
6,37,2200,75,36,0,87,19,370.0,0.0
9,37,2700,75,43,1,111,25,532.0,453.4274370101513
7,37,2300,75,47,1,73,17,222.0,220.97434906720537
8,37,1900,75,35,1,63,12,214.0,180.57931212838676
8,37,1800,75,38,0,101,13,288.0,0.0
5,37,1700,75,44,0,61,5,110.0,0.0
3,37,2800,75,50,1,269,28,572.0,523.0290554365154
7,37,1500,75,36,0,77,12,178.0,0.0
3,37,2800,75,40,1,123,30,296.0,400.2461451323646
7,37,2400,75,42,1,83,29,390.0,528.4491524125087
7,37,2800,75,40,1,105,31,456.0,470.17102890589
10,37,2200,75,45,0,119,13,316.0,0.0
4,37,3000,75,39,0,259,32,748.0,0.0
6,37,2100,75,40,0,125,17,432.0,0.0
3,37,2300,75,38,0,209,22,426.0,0.0
4,37,2800,75,40,0,261,26,718.0,0.0
3,37,2100,75,39,1,143,24,330.0,500.0596933997576
6,37,1900,75,47,1,125,10,228.0,139.9005229965439
9,37,2500,75,40,1,75,26,416.0,442.51601548190763
5,37,2300,75,39,0,163,20,462.0,0.0
5,37,2600,75,47,1,147,27,506.0,411.693354952895
9,37,2000,75,36,0,79,12,226.0,0.0
3,37,1900,75,36,1,103,21,268.0,227.81112481507816
4,37,2800,75,41,1,147,34,434.0,425.3459819174268
10,37,2400,75,45,0,77,11,256.0,0.0
3,37,3000,75,42,1,199,34,520.0,524.1694572515197
6,37,1900,75,40,1,97,13,188.0,106.79373434713229
6,37,2900,75,41,1,87,27,402.0,443.9940425380387
9,37,2800,75,46,0,135,16,334.0,0.0
8,37,1600,75,44,0,57,7,112.0,0.0
3,37,2200,75,50,0,101,10,258.0,0.0
9,37,2500,75,44,0,97,16,342.0,0.0
4,37,1500,75,48,1,41,2,42.0,77.94280570438184
6,37,3000,75,37,0,115,34,602.0,0.0
4,37,2800,75,36,1,135,26,340.0,347.4600679137068
8,37,3000,75,36,1,177,37,602.0,545.3094805303621
7,37,2900,75,45,0,131,20,504.0,0.0
4,37,1900,75,36,0,113,16,284.0,0.0
9,37,1600,75,44,0,31,4,94.0,0.0
8,37,1900,75,41,1,75,13,184.0,195.66714842632513
9,37,2300,75,46,0,115,16,316.0,0.0
4,37,1900,75,46,1,59,9,120.0,128.093706298965
3,37,2500,75,48,1,151,16,380.0,429.9559989897542
6,37,3000,75,40,0,197,33,844.0,0.0
8,37,2300,75,49,0,205,15,420.0,0.0
10,37,2600,75,35,1,83,24,436.0,454.2253734493
3,37,2500,75,43,0,165,18,330.0,0.0
9,37,2800,75,48,1,177,25,558.0,772.2857075062477
9,37,2200,75,48,1,77,15,260.0,392.6799688318998
3,37,1700,75,44,1,79,9,174.0,203.44953295336344
6,37,1600,75,48,0,53,4,106.0,0.0
6,37,1700,75,39,0,117,8,184.0,0.0
3,37,2000,75,43,0,169,15,364.0,0.0
9,37,1700,75,47,1,53,12,142.0,184.45448272996214
8,37,1900,75,42,0,49,7,110.0,0.0
6,37,1700,75,44,1,83,9,142.0,157.42740627701804
7,37,1600,75,35,1,65,14,182.0,131.38818210190544
5,37,2700,75,48,0,167,22,608.0,0.0
7,37,2600,75,42,0,189,19,470.0,0.0
7,37,2100,75,39,0,119,16,386.0,0.0
4,37,3000,75,41,1,171,37,526.0,649.0352318889767
9,37,2800,75,48,0,155,23,596.0,0.0
10,37,2000,75,46,1,61,9,194.0,92.49910309962164
9,37,2100,75,49,1,75,10,196.0,113.52855813718887
8,37,2200,75,36,0,127,23,514.0,0.0
3,37,1700,75,36,1,77,17,218.0,160.41597835933186
6,37,2200,75,38,1,141,15,264.0,180.80726519216515
9,37,2200,75,43,1,75,16,348.0,364.48408036756234
9,37,3000,75,36,1,119,36,538.0,598.890842820794
7,37,2200,75,48,0,81,12,290.0,0.0
6,37,1500,75,39,0,93,14,204.0,0.0
7,37,2900,75,39,0,169,30,794.0,0.0
9,37,2900,75,43,1,165,33,658.0,594.2678957085154
7,37,2600,75,47,0,103,18,448.0,0.0
10,37,1900,75,36,1,63,11,188.0,108.09601702646638
9,37,2000,75,45,0,99,15,282.0,0.0
10,37,1800,70,42,1,79,7,114.0,114.52877295410033
7,37,2000,70,46,1,67,10,170.0,82.3810876367692
8,37,1900,70,40,0,73,8,148.0,0.0
7,37,2600,70,37,0,139,23,564.0,0.0
4,37,2800,70,41,1,181,29,454.0,444.50126819337333
4,37,2500,70,40,0,227,24,614.0,0.0
8,37,2200,70,40,1,109,17,358.0,214.125427914239
3,37,1900,70,36,0,117,18,282.0,0.0
7,37,2900,70,41,1,137,28,398.0,487.86340081744595
4,37,1600,70,40,1,81,4,112.0,37.93508990725492
7,37,1900,70,48,0,75,10,208.0,0.0
7,37,2700,70,41,1,143,23,500.0,473.0765291794986
7,37,1600,70,49,0,29,7,110.0,0.0
9,37,2200,70,36,0,85,20,442.0,0.0
9,37,2300,70,39,1,93,17,344.0,314.83155997891527
9,37,3000,70,50,0,109,17,470.0,0.0
6,37,1900,70,44,0,133,10,232.0,0.0
7,37,1500,70,44,1,83,7,196.0,242.91893121235853
7,37,1700,70,48,0,47,3,78.0,0.0
3,37,2500,70,50,1,243,12,360.0,336.53595109721886
3,37,2400,70,44,0,165,8,214.0,0.0
10,37,2900,70,46,1,93,24,480.0,364.1109148431324
5,37,2100,70,46,1,119,12,228.0,237.77231051318864
6,37,2300,70,37,1,153,20,314.0,247.9462870739478
5,37,2200,70,36,0,83,18,278.0,0.0
8,37,1500,70,35,0,49,5,110.0,0.0
9,37,1600,70,37,1,77,11,222.0,118.7506507190181
4,37,1600,70,41,0,55,5,138.0,0.0
10,37,2200,70,50,0,99,6,180.0,0.0
6,37,1600,70,49,1,69,6,70.0,61.9142866505489
8,37,1600,70,45,1,51,9,120.0,135.42226197978508
3,37,2100,70,46,0,111,10,276.0,0.0
6,37,2200,70,47,1,75,12,218.0,141.54966419844706
10,37,2000,70,46,0,79,11,270.0,0.0
3,37,1800,70,43,1,95,8,184.0,90.57705003282713
5,37,1700,70,44,0,31,5,102.0,0.0
8,37,2400,70,37,1,91,19,380.0,337.41082266143985
9,37,2200,70,47,1,117,16,290.0,209.54663748219338
3,37,2900,70,41,0,333,32,798.0,0.0
10,37,3000,70,36,0,117,31,746.0,0.0
5,37,1500,70,49,0,67,5,98.0,0.0
3,37,3000,70,46,1,151,25,390.0,398.95319186228056
9,37,1600,70,48,1,65,8,158.0,255.8033013200356
10,37,1700,70,41,1,49,7,106.0,162.7482358909698
10,37,2400,70,41,0,125,19,500.0,0.0
5,37,2600,70,46,1,133,16,350.0,233.69198341249418
10,37,2600,70,49,0,97,11,346.0,0.0
5,37,2500,70,43,0,177,21,584.0,0.0
7,37,1900,70,41,1,87,12,236.0,237.6030932800681
5,37,2500,70,49,1,95,12,226.0,130.29815643280125
7,37,1900,70,49,0,89,13,230.0,0.0
7,37,2000,70,36,0,59,13,236.0,0.0
9,37,1700,70,37,1,45,11,134.0,110.0964058596855
8,37,1900,70,48,1,69,9,210.0,216.45828311127127
3,37,2900,70,50,0,171,21,476.0,0.0
9,37,2200,70,36,0,117,16,374.0,0.0
3,37,2000,70,39,0,137,17,322.0,0.0
8,37,1500,70,44,1,27,6,78.0,181.41800627634828
4,37,2900,70,48,1,147,23,420.0,381.31003401843867
9,37,2200,70,40,0,119,17,472.0,0.0
3,37,2500,70,42,0,185,19,456.0,0.0
6,37,2000,70,49,1,155,10,282.0,149.23688048270031
5,37,2500,70,38,0,141,22,526.0,0.0
10,37,2600,70,45,1,67,12,268.0,299.0956815210866
6,37,1800,70,44,1,57,12,142.0,198.57375498783756
4,37,2600,70,47,0,215,16,334.0,0.0
3,37,2600,70,36,1,165,32,390.0,401.8128878288431
7,37,1700,70,48,1,75,9,128.0,164.3971026581338
3,37,2900,70,46,0,211,23,568.0,0.0
6,37,1600,70,40,0,85,6,172.0,0.0
4,37,2700,70,35,1,151,34,360.0,471.84561191026955
4,37,2100,70,36,1,141,19,332.0,187.67823820871035
10,37,1800,70,49,1,57,13,136.0,190.4745223841166
3,37,2500,70,48,0,137,13,290.0,0.0
8,37,2900,70,45,0,163,21,618.0,0.0
4,37,2500,70,46,1,111,18,184.0,304.3137454223203
6,37,3000,70,47,0,215,18,534.0,0.0
5,37,1900,70,49,0,61,6,90.0,0.0
7,37,2800,70,38,0,159,32,788.0,0.0
3,37,2900,70,40,1,261,33,484.0,481.8267584652322
9,37,3000,70,42,0,163,27,732.0,0.0
8,37,2800,70,50,1,97,18,358.0,474.3385824934948
3,37,2700,70,40,1,133,31,296.0,427.9310954154317
6,37,1900,70,47,0,49,4,124.0,0.0
5,37,1800,70,40,0,95,13,230.0,0.0
7,37,2200,70,36,1,115,22,432.0,210.50858211424514
6,37,1500,70,41,1,75,10,144.0,180.39241898237952
10,37,2900,70,43,0,143,24,538.0,0.0
4,37,2900,70,48,1,151,26,504.0,457.2688224767774
3,37,1800,70,38,0,63,8,174.0,0.0
9,37,2100,70,39,0,79,14,292.0,0.0
7,37,2300,70,44,1,87,20,340.0,393.8811094786781
3,37,2200,70,42,0,121,17,318.0,0.0
5,37,2700,70,35,1,179,33,572.0,449.72289010852626
5,37,2000,70,40,1,97,12,184.0,202.1090750311435
8,37,2300,70,45,0,65,6,126.0,0.0
8,37,2400,70,45,1,85,15,318.0,224.07290185288713
8,37,2600,70,37,1,83,30,450.0,526.9957269333357
9,37,2700,70,44,0,155,23,452.0,0.0
5,37,2100,70,46,0,113,8,266.0,0.0
3,37,1800,65,48,1,69,10,102.0,213.54740326754668
9,37,2700,65,38,1,103,24,584.0,457.80721867020037
9,37,2600,65,42,0,101,20,460.0,0.0
6,37,2100,65,39,1,125,21,298.0,503.97091316701915
9,37,1600,65,41,0,29,6,120.0,0.0
9,37,2500,65,40,0,137,26,484.0,0.0
4,37,1900,65,44,0,103,9,202.0,0.0
4,37,2500,65,50,1,125,20,292.0,423.1892122442516
9,37,1600,65,40,1,31,3,86.0,48.40069389602549
9,37,2900,65,49,0,103,21,484.0,0.0
10,37,2100,65,41,1,73,20,318.0,458.7111861447285
10,37,3000,65,42,0,163,25,740.0,0.0
8,37,2100,65,41,0,203,18,428.0,0.0
4,37,1900,65,36,0,113,14,264.0,0.0
9,37,2400,65,39,1,87,18,368.0,400.4357008472101
4,37,2800,65,45,1,267,21,620.0,479.3159059124256
6,37,2400,65,45,1,131,19,450.0,451.8571834415331
5,37,2900,65,44,0,159,22,570.0,0.0
8,37,2100,65,50,0,65,4,106.0,0.0
7,37,2700,65,50,1,95,15,252.0,184.92113711165922
9,37,1600,65,37,1,57,12,178.0,127.14645072938931
7,37,1500,65,37,1,59,7,142.0,109.71304482220292
4,37,2000,65,35,0,113,12,276.0,0.0
10,37,1500,65,35,1,63,12,154.0,126.21367707402327
5,37,2300,65,37,1,163,21,522.0,190.19370816378785
3,37,2500,65,47,0,135,9,304.0,0.0
4,37,2000,65,50,0,69,9,188.0,0.0
5,37,2000,65,40,1,175,14,202.0,151.16275372964884
3,37,2800,65,38,1,215,37,530.0,607.9338514231996
6,37,1700,65,42,0,123,16,272.0,0.0
8,37,2900,65,39,1,137,21,544.0,450.88559439481435
8,37,1900,65,44,0,37,5,106.0,0.0
3,37,3000,65,38,0,265,29,642.0,0.0
8,37,2300,65,45,0,131,12,328.0,0.0
8,37,1700,65,41,1,31,5,92.0,83.17087242045126
3,37,2000,65,42,1,79,7,118.0,120.84019309442468
7,37,1800,65,40,1,41,8,80.0,97.79121771011732
9,37,2800,65,47,0,99,11,348.0,0.0
5,37,2600,65,35,1,99,31,380.0,377.2382576047013
4,37,2400,65,37,1,143,25,370.0,304.46082404965955
5,37,1500,65,43,0,55,6,132.0,0.0
7,37,2600,65,41,0,185,21,460.0,0.0
4,37,2400,65,46,0,181,17,550.0,0.0
7,37,2600,65,40,1,101,22,348.0,329.0294656374009
4,37,3000,65,43,0,255,23,526.0,0.0
9,37,1800,65,42,0,63,6,128.0,0.0
9,37,1500,65,41,1,57,10,106.0,140.65438803381969
6,37,1800,65,42,0,163,10,296.0,0.0
5,37,2700,65,45,1,159,19,392.0,388.9194536550879
4,37,1800,65,41,1,65,6,98.0,112.18569093349859
6,37,2900,65,50,0,157,18,490.0,0.0
8,37,2100,65,41,0,111,19,268.0,0.0
8,37,1700,65,48,1,63,6,118.0,150.53325542747933
9,37,2500,65,37,1,129,27,526.0,481.2151822592811
9,37,2500,65,38,1,95,28,482.0,415.0677494492202
7,37,2800,65,43,0,111,21,446.0,0.0
8,37,3000,65,48,0,163,21,608.0,0.0
5,37,2300,65,47,1,79,17,256.0,253.37929061995723
9,37,2200,65,49,0,75,7,226.0,0.0
3,37,3000,65,42,0,319,26,768.0,0.0
5,37,2300,65,47,1,87,14,274.0,194.06691306639246
5,37,2800,65,38,1,97,25,298.0,387.375015744941
9,37,1800,65,42,0,63,11,162.0,0.0
5,37,2300,65,46,0,109,11,278.0,0.0
6,37,1900,65,46,1,71,5,124.0,62.47578255260401
6,37,1800,65,44,0,137,11,236.0,0.0
9,37,1500,65,47,1,57,5,102.0,50.718968531453896
6,37,2900,65,47,0,169,20,550.0,0.0
7,37,2400,65,35,0,199,24,552.0,0.0
9,37,1600,65,45,1,43,7,100.0,122.09475550314149
3,37,3000,65,37,0,269,30,722.0,0.0
7,37,2300,65,47,1,91,15,338.0,271.08364782690643
7,37,1700,65,42,0,73,11,172.0,0.0
10,37,2000,65,43,1,49,11,170.0,183.39457418481874
8,37,2200,65,45,1,103,11,274.0,232.54240626225007
7,37,1600,65,39,1,57,8,132.0,169.42849828898585
6,37,2500,65,37,0,145,22,514.0,0.0
9,37,2400,65,41,0,133,19,506.0,0.0
5,37,2700,65,48,0,203,20,600.0,0.0
6,37,1900,65,42,1,89,10,222.0,151.17584916148033
8,37,2000,65,49,1,61,4,98.0,75.63160359914697
8,37,2500,65,49,0,145,14,446.0,0.0
6,37,2500,65,38,0,125,22,556.0,0.0
3,37,2100,65,42,0,143,12,254.0,0.0
10,37,2900,65,39,1,217,28,764.0,664.5385057539937
5,37,2700,65,47,1,131,25,440.0,445.13596439301386
4,37,2900,65,39,1,153,32,422.0,623.3493830073784
7,37,2600,65,43,1,145,15,476.0,249.2957606488509
8,37,2700,65,44,0,105,19,474.0,0.0
7,37,2400,65,41,1,69,20,328.0,346.412113605441
7,37,1600,65,45,0,31,3,62.0,0.0
8,37,2000,65,46,1,51,12,142.0,145.46365558602355
3,37,1700,65,48,0,95,7,154.0,0.0
8,37,1500,65,37,1,33,10,114.0,135.88196128691382
7,37,1500,65,41,0,65,6,114.0,0.0
4,37,1600,65,46,0,49,4,108.0,0.0
7,37,2200,65,40,0,127,10,274.0,0.0
9,37,2800,65,40,0,103,20,538.0,0.0
7,37,2900,65,43,1,147,34,532.0,572.947499741706
4,37,2400,65,47,1,181,15,384.0,201.717183769854
3,37,2000,60,36,1,157,16,240.0,161.7325019575415
3,37,2100,60,37,1,131,19,328.0,186.49486615099468
7,37,1700,60,38,0,59,15,250.0,0.0
10,37,1900,60,38,1,91,8,196.0,60.58978861225975
10,37,1500,60,37,0,53,6,120.0,0.0
5,37,1800,60,41,1,53,9,116.0,143.7879733809344
4,37,2300,60,45,0,43,4,104.0,0.0
6,37,1600,60,35,0,105,8,138.0,0.0
10,37,2000,60,39,0,101,14,224.0,0.0
8,37,1900,60,41,1,73,9,134.0,142.13203233473251
6,37,1900,60,45,1,107,11,170.0,213.1777852564223
8,37,3000,60,42,1,109,27,596.0,460.48348205826863
9,37,2100,60,46,0,163,11,262.0,0.0
6,37,1600,60,38,0,87,7,196.0,0.0
10,37,2400,60,40,1,73,17,300.0,271.24766198435213
6,37,1800,60,44,1,35,4,120.0,95.21904160893087
5,37,2900,60,44,0,213,23,600.0,0.0
6,37,2900,60,37,1,113,32,432.0,562.5573885095966
6,37,2400,60,37,0,163,20,452.0,0.0
9,37,1700,60,38,0,55,15,180.0,0.0
9,37,2500,60,46,1,135,19,414.0,250.06189932368014
7,37,2800,60,38,0,189,22,720.0,0.0
10,37,1500,60,47,1,73,4,96.0,34.8373410989531
6,37,2200,60,46,0,133,11,216.0,0.0
3,37,2600,60,40,1,123,34,356.0,545.918907027213
4,37,1900,60,43,0,97,5,156.0,0.0
7,37,2000,60,35,0,79,19,396.0,0.0
10,37,3000,60,46,1,117,26,508.0,459.4500446355365
9,37,1500,60,41,0,47,4,48.0,0.0
6,37,2500,60,43,1,83,19,362.0,338.6312553055462
9,37,1800,60,45,1,55,14,166.0,239.05671382043977
5,37,1800,60,40,0,73,10,170.0,0.0
4,37,2600,60,42,1,151,28,468.0,462.8062107955377
8,37,3000,60,42,0,219,27,748.0,0.0
10,37,1500,60,42,1,45,7,120.0,143.94972218371228
9,37,2400,60,35,0,131,26,468.0,0.0
10,37,2200,60,38,1,77,16,286.0,216.48556023117018
3,37,3000,60,37,0,253,34,634.0,0.0
10,37,2000,60,37,0,83,8,222.0,0.0
3,37,2000,60,39,1,141,9,198.0,169.0204562592685
5,37,2100,60,50,1,111,9,178.0,181.822102940084
7,37,2200,60,40,0,79,11,198.0,0.0
8,37,2500,60,35,0,229,24,670.0,0.0
7,37,2800,60,36,1,109,28,572.0,429.5034128982454
8,37,1500,60,45,1,33,4,52.0,62.52715576944435
6,37,2200,60,43,0,75,9,182.0,0.0
3,37,2400,60,41,0,221,25,516.0,0.0
8,37,2500,60,39,1,95,22,404.0,450.7437389256512
10,37,2200,60,50,1,67,8,242.0,140.24525573422986
9,37,2700,60,36,1,71,23,342.0,371.11680736115846
5,37,3000,60,36,1,175,36,568.0,575.0374763497726
4,37,1800,60,41,0,55,4,102.0,0.0
7,37,2000,60,47,0,153,10,300.0,0.0
8,37,1700,60,45,1,91,7,180.0,208.42608906999348
6,37,1800,60,49,0,35,3,86.0,0.0
7,37,2700,60,35,1,253,32,606.0,423.08092653622157
10,37,2000,60,48,0,95,7,160.0,0.0
3,37,2500,60,42,1,255,27,448.0,371.45863156212886
4,37,2700,60,42,0,91,11,272.0,0.0
5,37,2000,60,43,1,173,16,276.0,174.5957901675089
10,37,1900,60,41,0,101,6,200.0,0.0
3,37,1700,60,45,0,45,4,46.0,0.0
6,37,1800,60,42,1,65,7,96.0,132.5572877404166
9,37,2800,60,41,0,155,15,480.0,0.0
8,37,2700,60,35,0,97,27,560.0,0.0
10,37,2300,60,39,1,87,15,256.0,364.6194705408434
6,37,1700,60,45,1,65,6,120.0,171.83901551132485
5,37,2600,60,37,1,133,28,422.0,476.21400061644414
5,37,2900,60,37,0,207,25,504.0,0.0
6,37,2500,60,38,1,145,17,426.0,197.86032905658175
8,37,1500,60,39,0,49,5,98.0,0.0
6,37,2400,60,42,0,177,17,438.0,0.0
3,37,1900,60,44,1,97,7,136.0,143.27712745989163
6,37,1500,60,38,1,25,2,48.0,26.505536858897855
9,37,2900,60,50,0,105,20,508.0,0.0
10,37,1700,60,40,0,61,3,88.0,0.0
8,37,2500,60,40,0,107,14,310.0,0.0
8,37,1800,60,40,0,101,13,304.0,0.0
4,37,2200,60,46,1,83,6,190.0,61.61116661060844
5,37,2900,60,47,1,203,21,434.0,277.8751187840212
3,37,2600,60,39,0,217,23,458.0,0.0
6,37,2600,60,41,1,101,23,446.0,500.39294115176904
3,37,2300,60,47,1,87,14,232.0,199.0661767026284
6,37,1900,60,44,0,61,11,180.0,0.0
7,37,2700,60,39,1,147,30,534.0,603.596312977316
8,37,1500,60,37,1,45,5,74.0,49.069708868246984
4,37,2100,60,40,0,191,16,358.0,0.0
6,37,1800,60,47,0,33,2,34.0,0.0
8,37,2300,60,47,1,101,11,200.0,143.23464799038683
10,37,2300,60,48,0,157,10,240.0,0.0
3,37,2900,60,37,0,297,29,704.0,0.0
5,37,2000,60,45,1,95,15,270.0,265.6512736215752
7,37,2300,60,44,0,129,10,218.0,0.0
8,37,2500,60,35,1,127,19,432.0,221.85304966053488
3,37,2600,60,50,0,241,17,408.0,0.0
3,37,2800,60,45,1,169,27,318.0,464.5383747749897
7,37,1700,60,40,0,117,15,308.0,0.0
7,37,1800,60,41,1,81,7,156.0,144.56263783230074
6,37,2000,60,46,1,81,12,200.0,120.91273136610211
6,37,2300,55,35,0,211,22,548.0,0.0
6,37,2400,60,45,0,209,16,300.0,0.0
8,37,3000,55,38,1,235,35,752.0,510.16050410420746
3,37,2500,55,37,0,239,24,554.0,0.0
10,37,3000,55,43,0,117,17,446.0,0.0
6,37,2400,55,38,0,205,14,392.0,0.0
8,37,2800,55,43,1,73,17,416.0,317.8328293336611
3,37,2100,55,48,1,109,11,226.0,340.68181259036544
6,37,2600,55,47,1,159,21,380.0,341.7855868335081
8,37,2900,55,35,0,107,30,644.0,0.0
9,37,2100,55,44,0,135,11,256.0,0.0
3,37,2000,55,38,1,111,12,178.0,177.81051185602695
6,37,2100,55,44,1,117,10,230.0,217.7890094463548
8,37,2900,55,42,1,123,31,570.0,497.94998006513134
4,37,2700,55,43,0,187,13,390.0,0.0
4,37,2900,55,47,1,165,27,402.0,451.8664055737793
7,37,2200,55,36,1,85,23,302.0,158.0280502482222
5,37,2700,55,40,0,243,20,558.0,0.0
7,37,2900,55,48,1,87,21,346.0,546.6522194779297
7,37,1900,55,47,0,99,11,204.0,0.0
4,37,3000,55,36,0,329,31,716.0,0.0
5,37,3000,55,36,0,213,29,646.0,0.0
7,37,2600,55,48,1,149,13,352.0,204.66360090153933
9,37,2600,55,35,0,147,23,582.0,0.0
6,37,2100,55,44,1,117,13,316.0,369.9734595566292
3,37,2300,55,42,0,197,14,424.0,0.0
8,37,1700,55,47,1,57,9,144.0,179.90315626943482
7,37,1800,55,40,1,33,2,64.0,17.157887491243187
6,37,2500,55,42,1,135,27,378.0,486.2454622889252
10,37,2600,55,50,0,101,9,226.0,0.0
10,37,3000,55,37,0,165,27,670.0,0.0
6,37,2300,55,37,1,165,17,400.0,220.15126880221862
3,37,1500,55,38,1,61,8,112.0,86.03119607811458
3,37,2400,55,47,0,75,7,188.0,0.0
6,37,1700,55,36,0,61,12,216.0,0.0
7,37,1700,55,47,1,51,4,86.0,56.098233724474525
10,37,1700,55,44,0,63,9,180.0,0.0
3,37,2000,55,37,0,107,12,230.0,0.0
7,37,2800,55,45,0,97,16,386.0,0.0
3,37,1800,55,48,1,81,8,116.0,199.39644605618398
8,37,2100,55,44,1,121,12,254.0,254.87351648829647
4,37,3000,55,40,1,195,31,574.0,457.84293823180656
7,37,1500,55,42,1,39,6,98.0,98.67718144949141
8,37,2400,55,36,0,95,24,462.0,0.0
10,37,1700,55,38,1,59,10,130.0,166.54914447910556
6,37,2200,55,39,0,155,16,432.0,0.0
8,37,1600,55,40,1,117,8,180.0,127.446439378676
6,37,1500,55,46,0,59,4,88.0,0.0
3,37,2500,55,35,1,207,32,432.0,328.7273086153849
8,37,2500,55,49,0,91,16,362.0,0.0
6,37,1900,55,48,0,155,10,274.0,0.0
6,37,1600,55,39,1,93,12,216.0,315.10616204047597
5,37,2300,55,39,0,133,19,418.0,0.0
5,37,3000,55,46,1,107,22,462.0,385.73152608040067
3,37,2500,55,41,0,173,20,466.0,0.0
8,37,2100,55,40,0,75,10,182.0,0.0
4,37,3000,55,41,1,163,31,538.0,610.9348172095848
10,37,1900,55,50,1,73,7,180.0,200.86637854425535
7,37,1500,55,36,1,57,9,134.0,88.79485655479675
10,37,2400,55,36,0,139,21,496.0,0.0
7,37,2600,55,39,1,123,23,460.0,479.7047225428221
6,37,2700,55,48,0,141,14,476.0,0.0
8,37,1500,55,37,0,77,8,188.0,0.0
10,37,1600,55,41,0,79,5,100.0,0.0
6,37,1600,55,46,1,25,1,26.0,13.843759561329456
5,37,3000,55,39,0,275,27,772.0,0.0
6,37,3000,55,44,0,207,24,672.0,0.0
6,37,2600,55,47,1,99,8,188.0,94.47342421618195
8,37,2500,55,50,1,147,11,282.0,264.5717333058046
8,37,2100,55,37,0,117,19,390.0,0.0
8,37,2200,55,36,1,113,18,404.0,198.25796095550172
7,37,1800,55,48,1,87,6,156.0,169.12029904071588
9,37,2100,55,35,1,75,26,400.0,248.9444798179776
6,37,1700,55,41,0,47,6,136.0,0.0
5,37,2400,55,48,1,129,15,326.0,302.1610444796573
7,37,2400,55,48,0,93,11,248.0,0.0
5,37,1800,55,42,1,73,9,168.0,211.91329040598995
9,37,2800,55,48,0,105,12,372.0,0.0
3,37,2100,55,49,0,117,7,156.0,0.0
9,37,2800,55,39,0,217,29,774.0,0.0
10,37,1500,55,42,1,47,7,108.0,109.31416663099327
7,37,2900,55,46,1,101,20,404.0,291.5855670944361
8,37,1500,55,45,0,79,6,156.0,0.0
8,37,2500,55,40,1,87,16,230.0,279.33014141591616
10,37,3000,55,44,0,109,16,546.0,0.0
8,37,2200,55,46,1,79,8,264.0,144.47911582637482
6,37,2200,55,38,0,125,19,490.0,0.0
6,37,2500,55,39,1,105,23,406.0,444.2300935650585
9,37,2500,55,46,1,99,7,260.0,102.96256286349784
7,37,2500,55,47,0,137,14,402.0,0.0
8,37,2100,55,38,0,75,10,194.0,0.0
7,37,1600,55,39,0,109,9,170.0,0.0
9,37,2700,55,49,1,95,21,472.0,354.890982611131
10,37,2600,55,37,1,151,19,582.0,376.2895237725464
3,37,1500,55,40,0,0,0,0.0,0.0
3,37,1700,55,43,0,31,3,32.0,0.0
5,37,1500,55,46,1,53,4,74.0,74.53788684031225
7,37,3000,55,35,1,119,31,548.0,470.56912921632204
8,37,1600,55,41,0,85,7,134.0,0.0
10,37,2200,55,45,1,119,13,304.0,267.08912271979943
3,37,2800,50,36,1,155,31,378.0,424.5176693161186
9,37,2500,50,43,1,201,17,382.0,284.06273636114634
10,37,2100,50,43,0,83,9,160.0,0.0
4,37,1600,55,48,0,51,2,52.0,0.0
7,37,2200,50,38,0,85,11,286.0,0.0
9,37,1700,50,48,0,63,4,64.0,0.0
5,37,2900,50,48,1,253,20,570.0,454.767667460073
4,37,1600,50,35,0,83,9,158.0,0.0
5,37,2500,50,37,1,133,18,430.0,227.02639677266063
3,37,2400,50,43,0,165,11,350.0,0.0
5,37,2100,50,47,1,81,7,162.0,69.3850466484198
4,37,2200,50,36,0,165,16,234.0,0.0
7,37,1600,50,47,1,29,2,58.0,30.733733210237705
3,37,2400,50,49,1,97,6,160.0,80.23971249787763
6,37,2000,50,37,1,113,13,252.0,144.23279065107587
8,37,2300,50,38,1,95,21,382.0,337.08007645122154
5,37,2700,50,46,0,149,17,516.0,0.0
4,37,2300,50,50,0,67,8,178.0,0.0
9,37,1700,50,42,1,45,4,46.0,82.55140291514411
3,37,2000,50,43,0,67,6,124.0,0.0
5,37,1600,50,50,0,51,2,52.0,0.0
5,37,2300,50,35,1,123,28,430.0,417.61887505451864
7,37,2500,50,42,1,113,12,360.0,212.6206236742841
5,37,1700,50,48,0,51,5,52.0,0.0
3,37,2400,50,43,0,223,14,396.0,0.0
8,37,2800,50,40,0,155,23,638.0,0.0
6,37,1600,50,35,1,71,16,178.0,273.2063089354843
9,37,3000,50,37,0,199,29,678.0,0.0
3,37,2800,50,39,1,145,32,390.0,659.2285037905306
9,37,1900,50,47,1,53,6,128.0,98.07705175638375
5,37,2600,50,46,1,101,19,384.0,331.78168739226516
6,37,1800,50,48,0,35,1,36.0,0.0
6,37,1800,50,36,1,53,10,128.0,60.84187622864571
10,37,2800,50,38,0,197,18,598.0,0.0
9,37,2000,50,50,0,39,7,146.0,0.0
6,37,2900,50,43,0,171,21,630.0,0.0
3,37,2800,50,36,0,263,33,780.0,0.0
9,37,1500,50,38,1,109,7,168.0,37.60836251861852
9,37,2200,50,38,1,95,15,250.0,187.5600943337344
7,37,2900,50,37,0,161,33,782.0,0.0
9,37,2100,50,50,1,113,8,170.0,193.33304614545133
5,37,2400,50,46,1,113,20,316.0,246.33471510436092
8,37,2100,50,36,0,119,17,400.0,0.0
4,37,2400,50,41,1,177,24,508.0,342.88010421331717
6,37,2600,50,47,1,131,16,350.0,228.44638289302222
8,37,2600,50,46,0,189,21,504.0,0.0
7,37,1600,50,35,0,51,8,130.0,0.0
4,37,1700,50,40,1,109,9,204.0,124.20162376728803
8,37,2100,50,42,0,95,13,242.0,0.0
4,37,2400,50,44,1,97,8,224.0,244.13353048746876
8,37,2100,50,48,0,93,6,120.0,0.0
7,37,2000,50,45,0,71,5,122.0,0.0
5,37,2800,50,44,0,251,22,634.0,0.0
5,37,1600,50,50,1,59,4,68.0,87.57424586448069
9,37,2800,50,37,1,103,31,524.0,499.8146862683551
5,37,2500,50,39,1,143,10,398.0,229.70505290045418
6,37,1700,50,39,0,59,4,94.0,0.0
5,37,2500,50,40,1,101,17,306.0,215.44401418009545
7,37,1500,50,37,1,53,9,84.0,128.30032975694797
6,37,1600,50,38,0,73,6,104.0,0.0
8,37,2400,50,45,0,119,9,286.0,0.0
5,37,2900,50,44,0,201,21,546.0,0.0
7,37,1600,50,40,0,77,10,140.0,0.0
3,37,1700,50,49,1,21,3,44.0,46.58784123045991
6,37,3000,50,49,1,203,15,420.0,273.65693353178716
6,37,3000,50,42,1,191,18,558.0,317.6616356572275
8,37,2900,50,48,0,145,15,410.0,0.0
7,37,1700,50,50,1,61,6,150.0,162.61675215590162
10,37,2200,50,50,0,119,12,342.0,0.0
7,37,1600,50,38,0,31,4,90.0,0.0
7,37,2300,50,38,1,109,24,414.0,390.7240013955814
3,37,2800,50,35,0,291,30,772.0,0.0
7,37,2000,50,37,1,65,13,216.0,171.14422681665465
8,37,2000,50,41,0,111,6,226.0,0.0
3,37,1700,50,35,1,109,18,238.0,212.3892619584705
10,37,3000,50,47,1,119,18,514.0,189.49634300321694
7,37,2700,50,37,1,109,34,500.0,539.6326646987727
3,37,2000,50,39,0,103,12,260.0,0.0
8,37,2400,50,45,0,115,9,274.0,0.0
10,37,2900,50,49,1,113,18,506.0,246.7697514361735
8,37,2900,50,44,0,169,21,728.0,0.0
9,37,2900,50,37,0,107,17,466.0,0.0
7,37,2200,50,46,1,71,10,158.0,110.18890784709325
10,37,1900,50,41,0,67,5,140.0,0.0
4,37,2900,50,38,0,277,28,782.0,0.0
5,37,2400,50,44,1,131,15,276.0,392.4068999613435
8,37,1500,50,47,1,57,5,84.0,76.40771638875437
4,37,2900,50,41,0,221,19,648.0,0.0
6,37,2500,50,41,1,133,13,346.0,250.0749672099113
10,37,1700,50,47,1,47,5,98.0,73.5800922835457
7,37,1500,50,35,1,53,6,84.0,67.81245717035617
3,37,1700,50,49,0,63,3,64.0,0.0
9,37,2000,50,49,1,39,3,94.0,44.15404581898738
6,37,2700,50,49,0,129,9,274.0,0.0
8,37,2100,50,44,1,99,10,190.0,276.007064135331
8,37,1700,50,47,0,51,5,52.0,0.0
8,37,2400,50,49,0,61,6,198.0,0.0
9,37,1800,50,36,0,121,9,190.0,0.0
9,37,2600,50,41,0,107,16,376.0,0.0
8,37,2400,50,43,1,63,15,214.0,239.10387887467363
10,37,2900,50,44,1,99,22,446.0,393.68198809010175
9,36,2000,90,39,1,71,12,180.0,243.4568981512565
7,36,2100,90,44,1,75,16,262.0,396.350953896994
4,36,2700,90,46,0,135,15,322.0,0.0
4,36,2400,90,38,0,159,28,538.0,0.0
5,36,1900,90,37,1,87,12,222.0,109.19375415727018
4,36,2800,90,43,0,261,24,500.0,0.0
4,36,2800,90,44,1,125,32,396.0,509.4551082588489
7,36,2500,90,43,1,121,20,492.0,447.288219135683
6,36,1900,90,44,1,53,16,178.0,240.21560362712572
3,36,1500,90,48,0,29,2,40.0,0.0
7,36,2900,90,49,0,145,22,616.0,0.0
8,36,1700,90,42,1,41,7,140.0,96.71914691684441
10,36,2200,90,48,0,167,19,452.0,0.0
5,36,2100,90,48,0,121,11,192.0,0.0
6,36,2400,90,46,1,127,16,390.0,308.54993700071003
5,36,2000,90,37,0,117,16,392.0,0.0
5,36,2700,90,40,0,157,24,524.0,0.0
9,36,2300,90,43,1,81,11,242.0,209.03667667424716
10,36,2000,90,36,0,113,17,456.0,0.0
5,36,2700,90,43,1,105,31,378.0,559.8601733015464
4,36,2600,90,48,1,135,21,296.0,328.2294464735783
10,36,2200,90,35,1,169,29,466.0,332.13888983179646
9,36,2400,90,47,0,179,16,426.0,0.0
10,36,1600,90,45,1,37,7,110.0,177.3584157295943
4,36,2900,90,49,0,221,27,628.0,0.0
9,36,2700,90,37,0,145,28,722.0,0.0
5,36,2000,90,40,0,79,10,250.0,0.0
5,36,1600,90,45,0,93,6,122.0,0.0
8,36,2600,90,50,1,149,23,468.0,554.4035003830115
9,36,2100,90,37,1,77,26,450.0,391.88443056321364
5,36,2900,90,47,0,207,24,644.0,0.0
4,36,2400,90,41,0,181,25,540.0,0.0
3,36,2700,90,44,1,167,28,452.0,631.968476534636
3,36,2400,90,46,1,187,21,378.0,312.95174840089334
5,36,2600,90,41,1,147,33,462.0,456.1707403479508
9,36,1600,90,47,1,85,10,186.0,158.06921782552945
4,36,1500,90,41,0,111,9,166.0,0.0
8,36,2100,90,35,1,77,25,394.0,368.3710899199201
9,36,2300,90,38,1,89,23,382.0,335.0500336859523
9,36,1800,90,45,0,49,6,108.0,0.0
9,36,2100,90,37,1,73,20,288.0,363.3168226099578
4,36,1600,90,49,0,55,3,56.0,0.0
6,36,2500,90,45,0,79,16,314.0,0.0
4,36,2700,90,49,0,185,23,620.0,0.0
5,36,2900,90,41,1,143,34,500.0,655.490891746053
3,36,2800,90,35,1,143,36,330.0,471.7268321117027
4,36,2300,90,46,1,79,18,254.0,285.08088357971496
9,36,1600,90,46,0,57,5,120.0,0.0
5,36,2700,90,39,0,181,26,628.0,0.0
3,36,2600,90,46,0,291,23,478.0,0.0
10,36,3000,90,42,1,117,28,682.0,572.5689286283508
5,36,1600,90,37,0,91,20,254.0,0.0
7,36,2100,90,35,1,107,26,462.0,404.5076757998639
3,36,1600,90,44,1,49,10,98.0,203.44926517154573
10,36,1700,90,43,0,65,9,172.0,0.0
7,36,3000,90,46,1,155,26,574.0,466.9317626202713
6,36,2000,90,39,1,79,18,272.0,367.5090772802127
8,36,1500,90,38,0,55,6,98.0,0.0
3,36,1900,90,50,0,103,7,126.0,0.0
4,36,1900,90,37,1,103,24,346.0,398.07252125965334
10,36,2300,90,43,0,71,15,312.0,0.0
3,36,2200,90,35,1,207,27,444.0,260.7965009649687
7,36,2300,90,47,1,169,17,432.0,315.3662165167167
9,36,2700,90,50,0,95,16,328.0,0.0
3,36,2000,90,35,0,131,19,276.0,0.0
4,36,1800,90,37,0,143,15,346.0,0.0
9,36,1800,90,44,0,95,12,182.0,0.0
3,36,2600,90,38,1,153,36,418.0,557.6724514838991
5,36,2200,90,40,1,99,20,314.0,327.1037229046788
3,36,1900,90,47,0,127,10,164.0,0.0
6,36,2500,90,48,1,113,22,398.0,399.8457710377095
4,36,1600,90,49,1,31,4,32.0,6.0
10,36,2900,90,46,0,165,24,588.0,0.0
6,36,2700,90,37,1,153,34,492.0,699.9830274873443
7,36,2300,90,36,1,169,29,512.0,374.84152629350723
8,36,1500,90,37,0,57,9,142.0,0.0
7,36,2100,90,39,0,73,18,334.0,0.0
4,36,1500,90,40,0,41,9,94.0,0.0
3,36,1800,90,42,1,91,17,218.0,235.3963977662335
3,36,2600,90,44,0,185,18,416.0,0.0
7,36,2900,90,35,1,85,35,444.0,562.3060498908158
5,36,2400,90,49,1,119,18,428.0,294.90245107344253
9,36,1600,90,37,0,81,12,164.0,0.0
10,36,2900,90,39,1,107,31,566.0,569.3249426953253
10,36,1600,90,50,0,51,5,132.0,0.0
4,36,2100,90,38,0,115,19,304.0,0.0
9,36,2000,90,39,1,65,12,218.0,287.4596303893109
6,36,2800,90,36,0,217,32,800.0,0.0
3,36,2900,90,45,1,223,32,542.0,634.5683757948159
3,36,1600,90,36,1,77,15,150.0,123.97523845018094
10,36,2300,90,41,0,131,19,546.0,0.0
4,36,2800,90,46,0,213,21,526.0,0.0
3,36,2600,90,37,1,197,30,488.0,378.49939149564085
5,36,2300,90,40,0,171,23,520.0,0.0
3,36,1900,85,40,1,93,14,186.0,205.66857479543208
7,36,2000,90,48,1,79,11,192.0,348.98463546806903
6,36,2300,90,35,0,137,28,514.0,0.0
3,36,2300,90,39,1,149,27,324.0,637.2658784111997
4,36,2700,90,48,1,153,24,386.0,559.7893646513406
3,36,2400,90,50,0,179,9,274.0,0.0
4,36,2900,90,50,0,159,19,520.0,0.0
5,36,1500,85,37,0,103,12,212.0,0.0
4,36,2600,85,39,1,173,30,432.0,619.4999319489443
9,36,2800,85,45,1,109,26,544.0,697.2582164083778
5,36,2000,85,46,0,75,7,138.0,0.0
9,36,2800,85,43,1,137,25,618.0,588.4010766644759
10,36,1700,85,37,0,91,14,210.0,0.0
9,36,1900,85,42,0,63,9,194.0,0.0
9,36,1500,85,49,1,29,7,78.0,47.441903041487755
10,36,1900,85,48,0,59,6,162.0,0.0
9,36,1900,85,43,1,59,9,130.0,205.48599837780745
4,36,2700,85,47,0,155,19,400.0,0.0
8,36,2200,85,42,1,81,23,374.0,425.8667150401899
9,36,2600,85,40,0,141,30,594.0,0.0
5,36,2300,85,35,1,83,32,346.0,449.8364773686297
9,36,2000,85,36,1,45,16,240.0,248.8705260508471
8,36,2100,85,37,0,77,16,280.0,0.0
4,36,2000,85,39,1,85,12,202.0,281.45850322391453
5,36,2600,85,42,0,197,23,568.0,0.0
4,36,2400,85,38,1,123,25,340.0,271.1446012651713
7,36,2300,85,45,0,131,19,380.0,0.0
5,36,2000,85,36,1,89,17,324.0,159.55609957390058
8,36,2700,85,39,0,105,28,520.0,0.0
6,36,1900,85,47,1,39,7,100.0,80.39236164395295
10,36,1500,85,37,0,111,11,222.0,0.0
6,36,1600,85,45,0,77,6,136.0,0.0
6,36,1900,85,45,1,41,6,114.0,125.85933408331037
3,36,2200,85,50,0,121,8,162.0,0.0
5,36,1500,85,47,1,69,5,70.0,86.38917779587327
8,36,2800,85,36,1,107,31,612.0,381.19733128710243
8,36,2300,85,38,1,133,20,346.0,349.4871511494339
6,36,1800,85,46,0,121,10,222.0,0.0
8,36,1500,85,35,1,63,13,164.0,104.03626217780142
7,36,1900,85,41,0,99,15,306.0,0.0
5,36,1700,85,41,0,67,11,192.0,0.0
9,36,1500,85,46,1,83,8,158.0,111.63823875921267
4,36,2900,85,46,0,269,27,814.0,0.0
3,36,1800,85,36,1,151,14,212.0,122.10244593708184
6,36,2000,85,39,0,111,17,314.0,0.0
9,36,2600,85,41,0,193,24,756.0,0.0
10,36,2300,85,50,1,129,13,430.0,273.76881847889746
6,36,2000,85,35,0,113,16,328.0,0.0
9,36,2600,85,46,1,75,20,300.0,342.2724717454735
7,36,2700,85,44,1,93,21,408.0,428.4994319646354
6,36,2800,85,47,0,159,21,620.0,0.0
5,36,2500,85,47,0,189,16,412.0,0.0
4,36,2300,85,49,1,73,11,226.0,172.78885140281872
5,36,2600,85,50,0,95,12,318.0,0.0
4,36,2000,85,37,1,125,24,404.0,334.29351599828624
4,36,2800,85,43,1,183,27,458.0,412.5918384270243
9,36,2300,85,47,0,111,15,414.0,0.0
7,36,2400,85,36,1,75,26,408.0,350.52903176315675
7,36,2300,85,39,1,79,20,384.0,370.83335313135325
4,36,3000,85,37,1,177,36,476.0,595.9830530216698
7,36,2800,85,47,0,185,20,464.0,0.0
5,36,2300,85,44,0,173,16,378.0,0.0
4,36,1500,85,50,0,71,4,72.0,0.0
9,36,2200,85,36,0,83,26,518.0,0.0
8,36,2700,85,38,1,87,33,464.0,546.2021581135158
4,36,2000,85,47,1,139,12,276.0,161.86686996460753
8,36,1700,85,49,0,97,8,184.0,0.0
5,36,3000,85,44,1,135,33,532.0,662.8902587034736
5,36,1900,85,50,0,99,12,208.0,0.0
7,36,2300,85,47,0,111,12,286.0,0.0
10,36,2400,85,39,1,79,24,366.0,536.8213205514991
7,36,1600,85,37,1,49,14,120.0,124.09909366791656
10,36,2400,85,46,0,95,14,312.0,0.0
8,36,2000,85,48,1,103,9,174.0,193.20561215842693
10,36,2200,85,39,0,81,20,326.0,0.0
6,36,2800,85,45,1,145,21,554.0,507.5995924254384
4,36,1600,85,48,0,31,5,82.0,0.0
10,36,2000,85,38,0,77,15,396.0,0.0
8,36,2000,85,41,1,61,13,206.0,196.2901337241595
5,36,2100,85,43,1,115,10,226.0,166.09662711958225
9,36,2600,85,47,1,61,11,218.0,245.79267078894256
7,36,2700,85,48,0,135,13,324.0,0.0
7,36,2800,85,37,0,151,27,692.0,0.0
10,36,1900,85,40,0,71,12,192.0,0.0
7,36,2800,85,50,1,217,22,644.0,510.5025744515956
4,36,2400,85,37,0,187,22,608.0,0.0
6,36,2400,85,40,1,135,21,438.0,288.3317960675099
4,36,2500,85,36,1,219,36,552.0,598.8056771744209
3,36,1500,85,49,1,53,5,96.0,49.65182947323077
8,36,2400,85,48,0,167,16,334.0,0.0
9,36,1500,85,36,1,39,8,126.0,84.28017231230837
8,36,2000,85,47,0,59,8,180.0,0.0
3,36,2400,85,40,0,243,21,408.0,0.0
7,36,2400,85,44,0,89,17,374.0,0.0
10,36,1800,85,50,1,79,11,128.0,178.72305487238256
6,36,2800,85,47,0,161,17,468.0,0.0
7,36,1600,85,47,1,39,7,72.0,79.26139492103877
7,36,2700,85,45,1,157,25,420.0,631.6632291407091
5,36,2500,85,45,0,171,12,348.0,0.0
4,36,2700,85,49,1,139,24,386.0,312.06501213251033
4,36,2800,85,41,1,179,33,482.0,627.8196441308434
4,36,3000,85,41,0,271,31,670.0,0.0
6,36,2200,85,46,0,127,14,320.0,0.0
4,36,2000,85,50,0,97,10,234.0,0.0
8,36,1500,85,39,1,87,6,114.0,130.00042804270353
8,36,2800,80,38,1,161,32,626.0,492.3885297068743
3,36,1500,80,39,1,91,8,138.0,235.60225548551074
8,36,2500,80,35,0,129,26,452.0,0.0
6,36,3000,80,43,1,101,31,484.0,588.4814014755119
3,36,2900,80,36,0,321,32,802.0,0.0
10,36,1900,80,48,0,75,4,114.0,0.0
7,36,2700,85,50,0,97,13,362.0,0.0
9,36,1700,80,37,0,99,9,200.0,0.0
9,36,2700,80,39,1,139,28,400.0,598.6419817072125
9,36,2800,80,49,1,91,24,468.0,425.6378696994571
6,36,2000,80,48,1,79,10,226.0,263.0536507052924
3,36,1900,80,36,0,133,21,302.0,0.0
8,36,1600,80,48,0,51,9,142.0,0.0
3,36,2500,80,39,1,131,28,340.0,496.8508832021155
8,36,3000,80,36,0,117,32,534.0,0.0
3,36,1600,80,41,1,69,7,98.0,100.29893969348691
6,36,2900,80,43,0,169,24,604.0,0.0
10,36,1500,80,38,1,69,11,148.0,78.72057198731846
10,36,2600,80,46,1,67,15,258.0,223.5724565362715
9,36,2300,80,37,0,121,15,360.0,0.0
5,36,1900,80,36,0,103,14,256.0,0.0
8,36,1900,80,43,1,135,12,240.0,178.56317947243863
7,36,2500,80,50,0,139,14,356.0,0.0
6,36,2200,80,47,1,87,19,190.0,224.06336564660674
7,36,3000,80,46,0,167,24,600.0,0.0
7,36,1700,80,50,1,53,8,126.0,224.6180651244191
3,36,2800,80,36,1,175,33,432.0,440.6590128305667
3,36,1500,80,45,0,59,2,60.0,0.0
9,36,2800,80,49,1,71,16,322.0,233.21465005431259
5,36,1900,80,40,0,207,13,278.0,0.0
8,36,2500,80,38,0,195,23,572.0,0.0
6,36,3000,80,40,1,109,35,508.0,710.1051390360977
8,36,2800,80,42,0,151,24,492.0,0.0
9,36,2700,80,41,0,147,22,666.0,0.0
4,36,2200,80,46,1,113,14,252.0,224.0172717019223
7,36,1900,80,37,1,83,17,302.0,231.43231320272747
4,36,1500,80,43,1,33,4,60.0,49.21595889174533
8,36,1700,80,41,0,61,13,176.0,0.0
5,36,1800,80,47,1,53,9,156.0,112.14778969642462
10,36,1500,80,36,1,55,7,142.0,52.90220601846592
9,36,1500,80,36,0,51,7,78.0,0.0
7,36,1900,80,42,0,97,10,218.0,0.0
10,36,2200,80,37,0,113,18,400.0,0.0
8,36,2300,80,41,1,85,21,292.0,391.8567386736329
10,36,3000,80,50,0,239,22,604.0,0.0
4,36,1900,80,38,0,143,14,276.0,0.0
3,36,2500,80,48,1,179,17,364.0,436.2278401653998
8,36,2200,80,42,1,75,20,370.0,329.94909067518336
7,36,2000,80,44,1,57,6,132.0,155.49069502360405
8,36,2500,80,50,0,49,9,274.0,0.0
9,36,2900,80,36,1,101,33,554.0,448.38734366354316
8,36,2000,80,37,0,73,13,258.0,0.0
4,36,2600,80,42,1,219,31,482.0,435.41857524153244
9,36,2000,80,47,0,73,8,138.0,0.0
8,36,2300,80,40,1,79,28,306.0,409.8992128658497
5,36,2000,80,35,0,117,22,342.0,0.0
5,36,1900,80,38,0,59,9,194.0,0.0
8,36,2200,80,36,0,83,18,376.0,0.0
5,36,1500,80,45,1,47,8,100.0,143.9704107575521
5,36,2100,80,48,1,101,12,192.0,260.1634741743809
6,36,2500,80,38,0,149,26,552.0,0.0
6,36,2500,80,45,1,137,22,440.0,537.1417943450953
3,36,2300,80,45,1,123,17,294.0,425.490228544096
4,36,2000,80,35,1,151,23,364.0,308.3733284020837
10,36,2300,80,45,0,89,12,340.0,0.0
4,36,1500,80,41,0,83,6,112.0,0.0
4,36,2400,80,44,0,219,19,460.0,0.0
3,36,3000,80,43,1,139,36,394.0,640.5508703208737
3,36,3000,80,45,0,285,18,510.0,0.0
9,36,1800,80,50,1,77,7,164.0,198.69359544608048
8,36,1900,80,37,0,63,17,266.0,0.0
8,36,2400,80,38,1,79,31,506.0,430.42907794318813
9,36,2300,80,45,1,125,19,370.0,416.78862683009106
6,36,1500,80,47,1,45,7,80.0,59.63161118457447
4,36,2700,80,35,0,417,34,716.0,0.0
4,36,2800,80,35,1,145,34,462.0,516.885578381553
7,36,2200,80,42,0,115,19,368.0,0.0
4,36,1900,80,49,0,85,11,184.0,0.0
8,36,3000,80,35,1,159,32,588.0,537.2628337219778
8,36,1700,80,35,0,95,12,244.0,0.0
3,36,2900,80,44,0,321,29,644.0,0.0
10,36,2800,80,36,0,103,33,624.0,0.0
7,36,3000,80,35,1,95,36,448.0,478.31454545210033
8,36,2000,80,39,1,133,16,350.0,381.056601975633
8,36,2700,80,42,0,147,21,494.0,0.0
3,36,2400,80,38,1,219,24,486.0,386.8963258066184
9,36,2100,80,39,0,81,9,202.0,0.0
3,36,1900,80,46,1,89,12,146.0,192.8282703855348
5,36,2400,80,43,0,121,16,308.0,0.0
4,36,2000,80,37,1,69,13,170.0,135.7700602995759
8,36,2300,80,40,1,81,15,272.0,232.30727498743727
10,36,1500,80,40,1,29,7,82.0,104.70578282356662
9,36,2500,80,40,0,137,20,500.0,0.0
9,36,2200,80,48,0,79,9,202.0,0.0
7,36,1800,80,45,1,63,9,136.0,70.73530943519114
5,36,2100,80,49,0,123,9,224.0,0.0
9,36,2100,80,39,0,117,17,450.0,0.0
7,36,2300,80,50,0,87,14,222.0,0.0
10,36,2600,80,37,1,103,25,538.0,397.99546120187085
7,36,1700,80,40,0,63,8,132.0,0.0
7,36,2400,75,45,1,71,18,320.0,366.7420441270826
7,36,2600,80,48,1,91,24,458.0,602.3082427575475
10,36,2000,75,41,1,69,14,212.0,197.49774599177564
8,36,2500,75,46,0,125,17,430.0,0.0
7,36,2500,75,43,0,93,18,410.0,0.0
4,36,2700,75,42,1,143,31,464.0,552.0203550403941
9,36,2000,75,39,1,103,15,326.0,279.75422163778285
10,36,2900,75,43,0,167,28,800.0,0.0
10,36,2700,75,39,1,139,26,668.0,520.4622056290141
9,36,2900,75,41,0,155,31,714.0,0.0
9,36,1900,75,49,1,69,9,122.0,67.18842733103297
7,36,2500,75,49,0,99,13,316.0,0.0
9,36,2900,75,38,1,93,30,420.0,568.0734922993776
4,36,2300,75,37,0,155,23,406.0,0.0
8,36,2900,75,40,0,169,28,716.0,0.0
6,36,2000,75,41,1,101,17,360.0,279.2715945251329
7,36,2500,75,37,0,129,23,478.0,0.0
7,36,2200,75,45,0,105,14,318.0,0.0
4,36,1800,75,50,1,55,4,82.0,130.5999128198235
10,36,2200,75,39,0,137,15,316.0,0.0
3,36,2500,75,39,1,167,28,444.0,505.25469353028336
5,36,3000,75,36,0,267,34,928.0,0.0
6,36,2400,75,48,1,89,14,304.0,432.45372324753635
3,36,2000,75,40,1,95,18,264.0,225.4812640448169
10,36,1700,75,44,1,53,8,158.0,223.16755541058959
6,36,2700,75,42,1,115,27,268.0,410.11584239654195
10,36,1500,75,43,0,45,4,76.0,0.0
5,36,2500,75,43,0,121,15,392.0,0.0
5,36,3000,75,45,0,201,24,636.0,0.0
7,36,1600,75,50,1,81,3,82.0,67.6428078368535
8,36,3000,75,37,0,111,35,802.0,0.0
5,36,2700,75,38,1,115,33,436.0,579.8841289901386
6,36,2500,75,36,1,133,27,482.0,341.3499971816293
6,36,2600,75,50,1,107,13,270.0,302.5537829627425
10,36,2400,75,45,0,117,11,372.0,0.0
6,36,2900,75,46,0,151,22,558.0,0.0
5,36,2500,75,49,0,187,24,584.0,0.0
9,36,2800,75,46,1,107,22,506.0,406.7881472693575
4,36,2400,75,40,0,179,21,514.0,0.0
10,36,2100,75,39,0,121,20,414.0,0.0
4,36,2000,75,38,0,129,16,310.0,0.0
8,36,2100,75,43,0,107,12,306.0,0.0
5,36,3000,75,40,1,171,30,620.0,457.2746915916215
5,36,2100,75,48,0,69,5,142.0,0.0
10,36,1800,75,49,1,65,4,128.0,36.27880161980203
7,36,1700,75,45,1,91,12,262.0,270.25764202297916
3,36,2900,75,50,1,173,23,444.0,434.1621575991857
4,36,2100,75,35,1,101,28,346.0,337.6149090734598
6,36,2100,75,43,1,61,14,180.0,262.2138091186653
5,36,2700,75,36,0,199,31,680.0,0.0
8,36,1600,75,38,1,45,11,156.0,132.56489770023427
4,36,1600,75,50,1,53,4,100.0,99.82907089625026
7,36,1600,75,50,0,83,7,168.0,0.0
4,36,1900,75,43,0,113,13,276.0,0.0
10,36,2200,75,40,1,73,13,300.0,179.47767339264146
9,36,1800,75,41,0,95,16,352.0,0.0
5,36,2100,75,40,0,115,9,190.0,0.0
5,36,2600,75,47,1,93,18,366.0,255.9272166306353
5,36,1500,75,35,0,81,12,220.0,0.0
6,36,2300,75,36,0,121,17,296.0,0.0
9,36,2300,75,49,1,61,9,172.0,116.85291419373536
6,36,1900,75,42,0,73,13,226.0,0.0
8,36,3000,75,44,0,237,27,748.0,0.0
7,36,1500,75,43,1,75,8,184.0,106.71251886741364
10,36,1500,75,40,1,47,7,126.0,116.10653312415519
9,36,2200,75,37,0,119,21,392.0,0.0
4,36,2700,75,47,1,111,10,112.0,130.32314625166197
10,36,2800,75,49,1,109,22,556.0,389.1439365496101
9,36,3000,75,40,1,111,25,484.0,376.3054281605467
7,36,2200,75,47,0,83,11,256.0,0.0
9,36,1600,75,48,0,31,3,94.0,0.0
8,36,2500,75,49,1,63,10,200.0,135.5954091199551
6,36,1600,75,35,0,91,13,202.0,0.0
8,36,1800,75,39,0,57,12,160.0,0.0
7,36,2900,75,42,1,89,24,362.0,481.5085316616871
10,36,3000,75,41,1,101,26,560.0,623.1925775486629
3,36,2900,75,39,0,269,29,636.0,0.0
8,36,1600,75,43,1,41,5,70.0,50.51498954354267
7,36,2000,75,37,0,107,19,368.0,0.0
5,36,1500,75,36,1,47,10,150.0,68.91696207076414
10,36,2900,75,43,1,167,29,584.0,537.6553927052091
6,36,2300,75,43,0,81,15,314.0,0.0
7,36,1500,75,41,0,39,5,86.0,0.0
9,36,2100,75,43,0,95,21,350.0,0.0
3,36,2500,75,44,1,139,19,346.0,334.54107305875067
4,36,1700,75,44,1,83,15,172.0,182.75406390765636
4,36,2300,75,35,0,153,24,486.0,0.0
5,36,2700,75,39,1,131,34,428.0,803.4645833822622
9,36,2100,75,37,0,111,20,496.0,0.0
5,36,2300,75,42,1,79,14,232.0,227.4722298793421
10,36,2000,75,48,1,71,13,192.0,313.29157046292977
5,36,1500,75,47,0,51,5,126.0,0.0
6,36,2900,75,43,0,159,27,654.0,0.0
5,36,2000,75,40,1,59,10,160.0,83.86968514443643
5,36,1500,75,50,0,25,1,26.0,0.0
7,36,2900,75,38,1,99,25,450.0,397.8453774675327
5,36,2900,75,47,1,119,31,482.0,630.926842849316
9,36,1600,75,45,0,27,4,52.0,0.0
4,36,2700,70,35,1,135,36,426.0,564.9956239577656
8,36,1900,75,38,1,109,26,372.0,398.51448162452704
5,36,1700,75,42,0,67,9,212.0,0.0
4,36,2800,75,47,0,195,19,484.0,0.0
3,36,2000,70,43,0,115,11,258.0,0.0
5,36,1700,70,37,0,95,12,212.0,0.0
9,36,1500,70,43,1,49,10,110.0,119.10105587046809
9,36,2000,70,48,1,69,8,136.0,216.46354929860306
3,36,1900,70,49,1,31,3,56.0,50.97631661193162
5,36,3000,70,35,1,99,33,442.0,368.7814807505598
8,36,2800,70,43,0,191,27,686.0,0.0
4,36,2300,70,48,0,131,8,244.0,0.0
4,36,1900,70,36,1,77,21,192.0,229.40634092471
9,36,2700,70,39,0,141,21,636.0,0.0
9,36,2300,70,45,0,125,15,398.0,0.0
8,36,1900,70,44,1,75,8,152.0,236.44501188244314
7,36,1800,70,35,0,121,16,322.0,0.0
4,36,2600,70,43,1,133,23,420.0,317.5627325391084
10,36,2400,70,38,1,69,18,398.0,285.3709751201632
5,36,2700,70,40,1,193,26,444.0,453.49355915682924
5,36,2500,70,42,0,171,20,522.0,0.0
7,36,1600,70,48,0,55,5,84.0,0.0
9,36,1600,70,40,1,61,14,202.0,162.39593020717527
6,36,1800,70,50,0,51,7,114.0,0.0
4,36,2100,70,35,0,115,13,346.0,0.0
8,36,2300,70,36,1,71,20,348.0,273.5256625544718
6,36,2000,70,49,0,65,6,132.0,0.0
7,36,1800,70,36,1,69,14,240.0,185.22671326656544
10,36,2500,70,42,1,71,21,434.0,422.7857319830741
8,36,1800,70,43,0,67,9,184.0,0.0
4,36,2000,70,48,0,39,6,144.0,0.0
5,36,2500,70,42,1,169,20,546.0,285.87494204670617
4,36,2700,70,36,1,285,35,572.0,536.8715506274253
10,36,1700,70,36,1,123,13,292.0,149.12430938537017
10,36,2300,70,47,1,77,9,216.0,135.53247007865764
3,36,2900,70,48,0,255,20,660.0,0.0
8,36,1900,70,36,0,75,9,176.0,0.0
6,36,2600,70,40,0,149,21,488.0,0.0
4,36,1600,70,46,0,83,4,110.0,0.0
8,36,2700,70,46,1,107,26,490.0,482.40434677422326
9,36,2100,70,44,0,81,16,310.0,0.0
6,36,2600,70,40,0,179,23,508.0,0.0
4,36,1800,70,39,0,87,9,180.0,0.0
7,36,2700,70,47,1,145,22,422.0,269.15252045788077
4,36,2200,70,48,1,115,11,260.0,238.0354960944244
3,36,3000,70,40,0,319,29,598.0,0.0
4,36,3000,70,49,1,143,22,398.0,280.1125722156936
5,36,2800,70,50,1,149,15,306.0,424.52266816031585
10,36,2700,70,41,1,77,26,428.0,471.953980302263
7,36,3000,70,45,0,179,17,522.0,0.0
4,36,2800,70,41,0,269,22,730.0,0.0
8,36,1500,70,50,1,25,1,26.0,28.676950536855532
7,36,2000,70,40,0,109,12,320.0,0.0
3,36,2500,70,36,0,311,24,574.0,0.0
5,36,2800,70,44,1,91,25,354.0,440.76578155614504
9,36,2100,70,44,0,115,8,148.0,0.0
9,36,2600,70,48,1,65,15,246.0,420.88762528473825
7,36,2800,70,47,1,109,24,386.0,371.92970120504083
9,36,2300,70,48,0,111,12,222.0,0.0
8,36,2900,70,42,0,151,22,522.0,0.0
9,36,1800,70,42,0,35,7,178.0,0.0
7,36,1700,70,45,1,157,10,202.0,119.6167548785667
7,36,2900,70,44,1,81,26,386.0,655.1239161074272
5,36,1700,70,48,1,119,10,190.0,284.5337943761998
10,36,2100,70,49,0,79,11,220.0,0.0
10,36,2400,70,50,1,91,14,252.0,292.3793012170793
5,36,2500,70,46,0,95,13,272.0,0.0
7,36,2900,70,47,1,113,26,480.0,558.534438883081
10,36,2500,70,49,1,115,15,248.0,191.13955248439026
8,36,1700,70,42,0,91,11,198.0,0.0
9,36,2500,70,38,1,91,22,344.0,355.1168643242733
4,36,2400,70,46,0,121,16,370.0,0.0
6,36,2600,70,43,0,137,18,468.0,0.0
3,36,1800,70,40,1,39,11,104.0,174.47124929675667
9,36,1600,70,48,1,71,10,188.0,235.57736387540373
3,36,2700,70,41,0,251,20,444.0,0.0
5,36,1800,70,47,0,91,5,128.0,0.0
6,36,2900,70,37,0,211,33,832.0,0.0
5,36,2900,70,41,1,157,33,590.0,514.4882281467737
8,36,2600,70,38,0,99,23,502.0,0.0
4,36,2700,70,36,1,201,27,492.0,415.6322704287373
7,36,2700,70,35,0,147,28,628.0,0.0
8,36,2600,70,46,1,97,16,264.0,367.7866270806991
3,36,2800,70,43,1,153,26,342.0,390.6274508481215
5,36,1500,70,38,0,77,5,78.0,0.0
5,36,1500,70,35,0,49,6,106.0,0.0
4,36,1900,70,43,1,89,17,250.0,233.85155840126504
7,36,2300,70,44,1,83,16,230.0,337.2164952225157
9,36,1900,70,37,1,75,15,258.0,212.43775044121682
5,36,2500,70,40,1,137,26,440.0,510.90464532138884
6,36,2800,70,44,0,251,22,658.0,0.0
6,36,1700,70,47,0,63,5,146.0,0.0
9,36,2900,70,48,0,105,20,514.0,0.0
6,36,1800,70,49,1,35,6,108.0,79.55671934309525
5,36,1700,70,46,0,147,11,172.0,0.0
6,36,1500,70,44,1,85,10,118.0,177.54518384640375
5,36,2000,70,39,1,107,13,234.0,384.90397434191556
9,36,1600,70,42,0,51,6,82.0,0.0
4,36,2700,70,36,1,153,35,476.0,458.0759089035146
5,36,1800,70,42,0,87,8,148.0,0.0
3,36,1600,70,42,0,77,6,160.0,0.0
10,36,3000,70,43,0,115,27,718.0,0.0
8,36,2500,70,42,1,99,16,286.0,197.65134406819047
5,36,2300,65,38,1,149,23,428.0,392.2852325640491
8,36,2700,65,35,1,105,32,510.0,429.4966043470275
4,36,2600,65,43,0,139,13,328.0,0.0
6,36,1500,65,50,1,13,3,14.0,33.0
5,36,2100,65,40,1,103,16,282.0,162.81065487973837
7,36,2000,65,41,0,89,7,152.0,0.0
4,36,1700,65,44,0,49,6,80.0,0.0
8,36,2900,65,47,0,95,17,438.0,0.0
8,36,1700,65,35,1,31,3,32.0,32.60807578636452
7,36,1500,65,40,1,99,8,130.0,124.46088866476197
5,36,2400,65,49,0,131,12,222.0,0.0
4,36,1700,65,39,0,57,5,92.0,0.0
5,36,1600,65,43,1,125,9,156.0,85.97637257866732
4,36,2500,65,36,1,135,31,382.0,376.0130750600899
9,36,2700,65,35,0,107,26,566.0,0.0
4,36,1800,65,42,1,49,9,146.0,164.8744923235622
6,36,1900,65,46,0,83,8,140.0,0.0
5,36,2100,65,36,0,115,20,394.0,0.0
4,36,1900,65,36,0,137,14,234.0,0.0
7,36,1600,65,35,1,91,19,254.0,243.45479303683624
10,36,2800,65,50,1,95,20,424.0,496.3347470763004
9,36,2100,65,35,0,77,14,316.0,0.0
8,36,1800,65,46,0,71,8,176.0,0.0
4,36,2200,65,37,0,171,11,292.0,0.0
3,36,2600,65,41,1,131,25,308.0,376.9459900889043
10,36,1700,65,47,0,31,4,62.0,0.0
9,36,2400,65,50,1,129,13,338.0,330.56841402269356
5,36,2500,65,49,1,223,13,388.0,184.62476627468774
8,36,1500,65,46,0,71,5,72.0,0.0
3,36,2700,65,45,0,175,14,362.0,0.0
5,36,2600,65,46,1,187,19,480.0,364.31161694770975
9,36,1600,65,46,1,0,0,0.0,0.0
9,36,2300,65,40,1,109,17,358.0,314.9664068544378
3,36,1500,65,44,1,63,10,102.0,226.7027338470345
9,36,2600,65,48,0,127,11,314.0,0.0
3,36,1500,65,42,0,79,7,146.0,0.0
4,36,2100,65,35,1,145,16,374.0,125.13832578849558
3,36,2500,65,44,1,217,15,358.0,351.3604969886578
7,36,2500,65,45,0,145,13,334.0,0.0
6,36,2500,65,39,1,129,14,344.0,377.5178970048795
6,36,1700,65,39,0,91,13,184.0,0.0
5,36,1700,65,35,0,109,13,262.0,0.0
4,36,2300,65,44,1,109,21,346.0,416.8644516602013
7,36,2100,65,38,1,109,23,292.0,382.40556295545827
10,36,2900,65,45,0,115,21,416.0,0.0
5,36,1700,65,45,0,87,10,226.0,0.0
9,36,1800,65,50,0,67,10,138.0,0.0
8,36,2100,65,50,1,39,5,146.0,138.06557967719414
8,36,1600,65,42,0,71,6,104.0,0.0
4,36,1500,65,44,1,17,2,30.0,58.71291151002215
9,36,2300,65,40,1,121,15,408.0,215.54936454972506
6,36,2300,65,46,1,69,12,134.0,148.5316250120025
3,36,2200,65,42,1,133,25,300.0,350.6908529536398
5,36,1900,65,38,0,89,12,222.0,0.0
5,36,1500,65,46,0,115,7,116.0,0.0
8,36,2800,65,35,1,105,26,530.0,434.34165872408886
8,36,1500,65,37,0,55,6,84.0,0.0
6,36,1800,65,43,0,93,11,202.0,0.0
7,36,2800,65,39,1,85,26,398.0,673.8890655392208
8,36,2100,65,36,0,77,16,224.0,0.0
8,36,2300,65,38,1,89,20,314.0,356.34976151317255
7,36,1500,65,42,0,51,5,74.0,0.0
4,36,2700,65,41,0,283,20,642.0,0.0
5,36,2200,65,47,1,131,12,222.0,171.6221014816094
4,36,2400,65,45,1,119,20,310.0,424.13177834399744
3,36,2200,65,46,0,73,7,146.0,0.0
4,36,1700,65,37,0,65,9,184.0,0.0
3,36,2700,65,39,1,147,29,380.0,559.161884298119
6,36,2600,65,40,1,97,18,236.0,210.71427311575962
9,36,1600,65,44,1,81,4,108.0,118.31772253661256
10,36,2400,65,36,1,93,27,468.0,387.1745607716475
10,36,1900,65,43,0,97,10,170.0,0.0
3,36,1900,65,41,0,167,8,252.0,0.0
10,36,3000,65,43,0,103,25,500.0,0.0
8,36,1800,65,48,0,105,10,200.0,0.0
9,36,2900,65,44,1,111,20,622.0,515.3207784936941
6,36,2400,65,39,1,131,24,414.0,462.46817752035787
6,36,3000,65,43,1,223,27,680.0,597.8972111591364
9,36,2600,65,46,1,89,23,362.0,396.6236137095174
10,36,1900,65,49,0,61,7,162.0,0.0
6,36,1900,65,35,0,73,17,268.0,0.0
4,36,2800,65,44,0,215,20,562.0,0.0
4,36,2800,65,47,0,157,16,456.0,0.0
3,36,2900,65,49,1,149,17,292.0,161.9883716805769
8,36,2500,65,44,0,79,12,256.0,0.0
4,36,1600,65,47,1,53,8,144.0,132.54277761091464
4,36,2000,65,47,0,115,10,256.0,0.0
6,36,2800,65,49,1,157,15,392.0,220.48056581867363
10,36,1600,65,38,1,53,7,138.0,60.763138829508584
3,36,2200,65,38,0,153,13,398.0,0.0
4,36,1800,65,44,1,81,7,182.0,186.39824765565896
3,36,2900,65,35,0,261,33,712.0,0.0
8,36,1500,65,44,1,55,9,130.0,214.31986081532034
4,36,1900,65,44,1,67,9,160.0,245.4457850573579
3,36,2400,65,48,0,171,18,448.0,0.0
5,36,1700,65,36,0,81,9,210.0,0.0
7,36,1500,65,46,0,47,6,120.0,0.0
8,36,1700,65,48,1,37,5,80.0,175.83686494495075
5,36,2600,60,35,0,327,26,652.0,0.0
10,36,2600,60,41,1,97,21,564.0,529.1235870949109
4,36,2800,65,47,1,139,17,388.0,275.5599912573028
6,36,2800,65,50,0,139,15,408.0,0.0
6,36,1700,60,43,1,93,13,178.0,192.75202392186253
3,36,2500,60,44,0,141,13,352.0,0.0
3,36,2200,60,49,1,143,16,246.0,253.378280146411
6,36,2000,60,37,0,77,15,268.0,0.0
4,36,1900,60,44,1,101,11,198.0,219.36889153481866
3,36,1800,60,48,0,35,4,92.0,0.0
10,36,1900,60,40,1,65,14,216.0,213.9608338395707
10,36,2600,60,43,0,145,22,550.0,0.0
10,36,2100,60,43,1,53,8,124.0,77.41846620298578
4,36,1800,60,48,0,47,5,80.0,0.0
7,36,1700,60,38,0,85,11,144.0,0.0
3,36,2700,60,36,0,237,25,540.0,0.0
6,36,1700,60,40,1,85,13,228.0,186.90165494911858
5,36,2700,60,44,1,73,10,226.0,173.09233581738624
8,36,2500,60,38,1,85,24,456.0,258.7410055867822
10,36,1800,60,40,0,71,11,220.0,0.0
10,36,2100,60,43,1,79,11,236.0,267.93175459585126
4,36,1900,60,41,0,147,13,278.0,0.0
4,36,2200,60,39,0,163,20,398.0,0.0
9,36,1500,60,45,1,45,4,76.0,52.10373728113014
9,36,1500,60,45,1,83,9,158.0,239.12718575435468
5,36,1900,60,41,0,97,8,198.0,0.0
5,36,1600,60,36,1,97,14,234.0,100.00770805090593
7,36,3000,60,44,1,119,25,562.0,619.7837147665007
7,36,2300,60,48,0,91,6,184.0,0.0
10,36,2900,60,39,0,161,28,836.0,0.0
4,36,2100,60,37,0,121,18,292.0,0.0
3,36,3000,60,36,1,235,36,470.0,540.0709378060603
10,36,2700,60,37,1,151,28,668.0,436.7336906870431
3,36,2300,60,37,0,169,18,412.0,0.0
3,36,2900,60,49,1,183,29,416.0,380.74236761299056
7,36,1600,60,37,0,31,6,84.0,0.0
5,36,2700,60,35,1,121,31,412.0,410.51163013008903
9,36,1500,60,40,1,29,1,30.0,5.656854249492381
5,36,1600,60,35,1,77,13,168.0,219.0631515367667
9,36,2900,60,35,0,169,29,928.0,0.0
7,36,1800,60,40,0,65,9,166.0,0.0
9,36,2700,60,44,1,91,22,478.0,529.2904883187487
3,36,1700,60,36,0,123,11,248.0,0.0
8,36,2800,60,35,0,159,25,708.0,0.0
7,36,2400,60,41,0,129,23,518.0,0.0
7,36,3000,60,42,0,171,27,640.0,0.0
6,36,1500,60,50,1,103,8,154.0,264.8902346716624
5,36,2900,60,37,1,193,31,548.0,362.779247297941
8,36,1600,60,39,1,31,6,124.0,202.28014463146863
3,36,2400,60,45,0,179,13,314.0,0.0
9,36,2200,60,38,1,83,19,308.0,278.2902340760643
9,36,1600,60,39,0,53,7,134.0,0.0
6,36,2700,60,40,0,107,25,558.0,0.0
5,36,1900,60,43,1,95,13,250.0,327.37274772145315
8,36,2900,60,35,1,105,27,468.0,421.120619656727
9,36,2900,60,42,0,109,24,610.0,0.0
4,36,2600,60,41,0,237,25,592.0,0.0
10,36,1500,60,42,1,55,6,124.0,102.55829029773827
9,36,2800,60,46,1,109,18,358.0,263.26562035482425
4,36,2000,60,49,0,69,7,170.0,0.0
8,36,1800,60,47,1,97,9,122.0,132.72967527697648
3,36,1600,60,36,1,93,11,184.0,117.03623335737022
3,36,1600,60,40,0,31,7,60.0,0.0
8,36,2100,60,43,0,115,14,268.0,0.0
7,36,2600,60,45,0,147,15,388.0,0.0
9,36,3000,60,38,1,115,26,452.0,366.0545609995432
7,36,2000,60,38,1,105,12,272.0,178.17548314555162
10,36,2400,60,44,0,81,11,244.0,0.0
8,36,2100,60,42,0,81,12,236.0,0.0
5,36,2500,60,40,1,143,14,342.0,241.58492332621066
7,36,2100,60,50,1,0,0,0.0,0.0
9,36,2800,60,37,0,149,31,682.0,0.0
5,36,2000,60,43,0,61,6,154.0,0.0
10,36,2500,60,46,1,89,6,210.0,135.2431087386926
10,36,2100,60,49,1,49,7,118.0,77.96223926181078
8,36,2400,60,35,0,133,19,484.0,0.0
10,36,2700,60,39,0,91,23,440.0,0.0
5,36,1800,60,49,1,37,5,74.0,41.62421376335796
10,36,1600,60,41,1,63,13,218.0,204.78932406155084
6,36,2100,60,42,1,157,15,324.0,273.7855499926394
9,36,1500,60,49,0,49,3,50.0,0.0
7,36,2800,60,49,0,81,6,192.0,0.0
3,36,2000,60,35,1,143,17,338.0,317.4343927143715
6,36,2800,60,40,1,155,25,536.0,392.3478907948583
9,36,1800,60,44,0,97,14,220.0,0.0
10,36,1900,60,44,1,89,14,212.0,295.30533476436625
7,36,1900,60,44,1,65,7,104.0,130.3747818813344
5,36,2400,60,42,0,123,12,308.0,0.0
3,36,1500,60,46,0,71,5,72.0,0.0
9,36,2700,60,35,1,107,30,564.0,394.6767704343896
9,36,2800,60,37,1,101,34,514.0,549.6094729131512
5,36,2800,60,47,1,157,18,350.0,282.42383400646673
6,36,2900,60,47,0,113,13,220.0,0.0
8,36,2900,60,39,1,221,29,810.0,651.8881344738555
7,36,2000,60,39,0,143,16,390.0,0.0
3,36,1800,60,41,0,137,8,152.0,0.0
7,36,1500,60,38,1,51,6,114.0,55.58193575289556
8,36,2900,60,49,0,227,16,498.0,0.0
5,36,1500,60,49,0,29,2,56.0,0.0
7,36,2400,55,38,1,81,5,188.0,51.62144234582399
5,36,3000,55,44,0,157,22,506.0,0.0
5,36,2700,60,44,0,199,25,626.0,0.0
9,36,2800,60,44,1,105,21,470.0,451.6853450290266
9,36,2200,55,39,0,115,14,282.0,0.0
7,36,2500,55,39,1,87,21,350.0,562.8588798515726
5,36,1700,55,43,1,55,11,142.0,177.4021145121487
8,36,3000,55,46,1,155,21,376.0,447.55877124323695
3,36,2400,55,49,0,227,13,410.0,0.0
7,36,2400,60,48,0,111,12,304.0,0.0
4,36,2000,55,46,0,85,7,160.0,0.0
5,36,2800,55,40,1,149,30,558.0,538.6264324018928
6,36,2800,55,41,0,113,19,428.0,0.0
8,36,2200,55,41,1,83,8,164.0,168.85789922528105
5,36,2400,55,44,0,85,6,152.0,0.0
8,36,1800,55,45,1,103,7,140.0,119.00778090150968
3,36,2000,55,36,0,265,19,404.0,0.0
9,36,1700,55,43,1,39,6,104.0,68.95465094794632
6,36,2100,55,40,1,79,17,258.0,243.28554535084646
7,36,1600,55,40,0,107,7,140.0,0.0
9,36,2800,55,50,0,119,11,332.0,0.0
4,36,1600,55,49,1,45,6,46.0,60.36933755792917
4,36,2900,55,36,0,211,25,674.0,0.0
3,36,2500,55,39,1,137,26,392.0,583.667358266049
6,36,3000,55,44,1,165,24,452.0,458.51780508513144
5,36,1700,55,38,1,83,8,172.0,57.42744268902557
3,36,2500,55,50,0,137,11,358.0,0.0
4,36,2200,55,48,0,87,11,260.0,0.0
9,36,2700,55,41,0,93,18,414.0,0.0
5,36,1500,55,37,0,49,4,50.0,0.0
5,36,2200,55,46,1,127,12,296.0,194.83564865930407
8,36,2000,55,39,0,109,16,374.0,0.0
7,36,1900,55,41,1,53,8,150.0,198.69640472198432
6,36,2900,55,39,1,161,27,632.0,541.0714926207148
10,36,1700,55,48,1,63,9,140.0,272.35204333690575
6,36,2000,55,44,0,135,10,310.0,0.0
4,36,1700,55,39,1,57,5,98.0,116.98173376704877
7,36,2900,55,50,0,211,19,520.0,0.0
10,36,2300,55,48,0,109,16,368.0,0.0
8,36,2300,55,35,1,81,22,300.0,215.36018114346118
9,36,1700,55,47,1,63,7,128.0,65.13608589179033
7,36,1500,55,50,1,59,7,90.0,87.65058089973685
4,36,1500,55,40,0,39,4,70.0,0.0
10,36,3000,55,44,0,113,23,588.0,0.0
5,36,1500,55,42,0,109,8,110.0,0.0
9,36,1900,55,46,1,43,9,142.0,170.17120290061393
4,36,1500,55,42,0,77,9,132.0,0.0
7,36,3000,55,42,1,107,31,484.0,693.2451517093089
7,36,2800,55,45,1,167,24,716.0,506.1934512738443
4,36,2900,55,50,0,167,16,434.0,0.0
5,36,2800,55,43,1,149,18,398.0,303.564722848266
4,36,2900,55,37,0,287,19,542.0,0.0
5,36,2500,55,36,0,123,19,396.0,0.0
9,36,2900,55,40,1,79,32,544.0,516.4722594872856
6,36,1700,55,42,0,59,8,124.0,0.0
8,36,1800,55,45,1,107,11,186.0,233.0147438906274
9,36,2300,55,49,0,123,10,286.0,0.0
7,36,2400,55,35,0,117,19,328.0,0.0
7,36,2200,55,43,1,81,17,296.0,283.44056275648603
7,36,3000,55,48,0,119,16,502.0,0.0
9,36,2400,55,44,1,77,18,268.0,377.30067061342834
7,36,2300,55,35,0,91,20,354.0,0.0
5,36,2000,55,35,1,75,5,110.0,44.3623838059393
6,36,1500,55,43,0,59,5,90.0,0.0
9,36,1800,55,50,1,133,5,134.0,146.02039855472725
6,36,2800,55,46,1,197,12,408.0,185.72193916763186
5,36,1500,55,50,1,79,5,110.0,89.44846100258505
6,36,3000,55,45,0,111,16,420.0,0.0
4,36,2100,55,36,0,131,15,438.0,0.0
10,36,2900,55,39,1,157,27,634.0,522.9586485359566
10,36,2800,55,48,0,103,13,364.0,0.0
7,36,2100,55,46,1,51,4,52.0,49.82017640637613
7,36,1500,55,37,0,77,7,78.0,0.0
3,36,1800,55,38,0,89,6,110.0,0.0
9,36,1800,55,46,1,41,4,78.0,45.75664766368662
3,36,2300,55,48,1,161,15,376.0,342.8611684236618
3,36,1900,55,48,0,65,6,98.0,0.0
5,36,2900,55,41,1,97,32,408.0,709.9336591080336
9,36,1900,55,42,0,95,11,244.0,0.0
8,36,2200,55,48,0,43,8,114.0,0.0
8,36,2900,55,48,1,155,16,446.0,377.35203015989913
4,36,2800,55,36,0,249,27,746.0,0.0
6,36,1500,55,36,0,85,11,166.0,0.0
4,36,3000,55,42,1,223,23,592.0,314.104254247635
8,36,2300,55,47,1,57,13,166.0,149.64171309301085
9,36,2800,55,47,0,97,8,248.0,0.0
7,36,3000,55,46,1,147,23,406.0,412.6502038526226
3,36,1500,55,49,1,79,4,100.0,56.40249860010479
7,36,1800,55,35,1,59,7,120.0,101.37312141883491
3,36,2600,55,40,1,161,12,358.0,169.00064346792757
7,36,1700,55,39,1,33,3,96.0,35.21220782717856
10,36,2800,55,35,0,157,26,672.0,0.0
7,36,2300,55,50,0,133,13,376.0,0.0
6,36,1600,55,41,0,59,9,138.0,0.0
8,36,2900,55,50,0,165,15,524.0,0.0
6,36,1900,55,45,0,37,3,104.0,0.0
7,36,1800,55,43,1,87,9,196.0,137.02910057812363
10,36,1800,55,40,1,59,11,148.0,126.1295967876371
3,36,2300,55,35,0,171,20,388.0,0.0
3,36,2200,55,40,1,61,7,144.0,84.07680280641094
10,36,2500,50,41,1,123,17,354.0,282.74372613698296
3,36,1900,55,40,0,107,13,278.0,0.0
10,36,2600,55,40,1,103,22,474.0,276.2011288921688
6,36,1500,55,41,0,53,4,82.0,0.0
8,36,2600,50,43,0,231,14,476.0,0.0
10,36,2100,50,39,0,79,13,318.0,0.0
4,36,2200,50,44,1,97,15,254.0,393.9043496197149
4,36,2500,50,48,1,217,23,526.0,431.2138996397073
7,36,2000,50,47,1,105,8,214.0,125.79031587031916
4,36,2400,50,43,1,105,14,282.0,218.59782512755
9,36,3000,50,46,0,117,10,458.0,0.0
5,36,2400,50,50,0,121,9,252.0,0.0
6,36,3000,50,42,1,135,29,590.0,398.1476667945158
5,36,1700,50,43,0,33,2,62.0,0.0
5,36,3000,50,46,0,229,20,492.0,0.0
8,36,2500,50,46,1,119,16,412.0,198.3355876543939
10,36,1500,50,35,0,53,4,84.0,0.0
6,36,1500,50,46,0,29,4,56.0,0.0
7,36,1700,50,48,1,33,5,64.0,107.78945180843846
6,36,1500,50,49,1,35,3,36.0,25.934045940492897
9,36,2800,50,50,1,157,17,412.0,390.3932633341823
4,36,2300,50,42,0,121,10,278.0,0.0
6,36,1800,50,46,0,83,8,184.0,0.0
7,36,2700,50,40,1,117,17,378.0,342.1760817274361
5,36,2500,50,45,0,169,11,266.0,0.0
3,36,2000,50,47,1,55,7,140.0,71.34176982951514
8,36,2400,50,41,0,85,11,262.0,0.0
9,36,1900,50,36,0,135,13,232.0,0.0
7,36,2600,50,38,1,195,22,482.0,416.4090455883703
10,36,2800,50,38,1,155,26,648.0,482.13187657550225
4,36,1600,50,47,0,49,4,76.0,0.0
4,36,1600,50,48,0,75,5,102.0,0.0
3,36,2200,50,48,1,91,7,166.0,207.00704080441645
6,36,2400,50,43,1,93,21,296.0,354.6930838420559
4,36,2200,50,35,0,117,8,228.0,0.0
9,36,1700,50,41,1,41,7,74.0,117.94507329485867
3,36,2200,50,40,0,167,8,244.0,0.0
9,36,1700,50,45,0,33,4,74.0,0.0
9,36,2900,50,47,0,153,10,332.0,0.0
9,36,1600,50,47,1,55,9,110.0,62.204063341255164
3,36,1600,50,47,1,107,4,108.0,40.59822275631351
9,36,2600,50,36,1,143,23,440.0,221.76972291288337
6,36,2800,50,41,0,145,15,448.0,0.0
10,36,1600,50,44,1,59,5,94.0,117.7893465929513
8,36,2100,50,45,0,117,6,190.0,0.0
4,36,2300,50,39,0,151,13,342.0,0.0
7,36,1700,50,47,1,33,4,82.0,27.48836537201898
4,36,2000,50,49,1,77,10,168.0,105.72270148756371
9,36,2500,50,38,0,115,10,298.0,0.0
3,36,2000,50,36,0,133,14,254.0,0.0
8,36,3000,50,36,1,107,33,610.0,557.6025876703056
9,36,2800,50,47,1,107,12,302.0,216.6256513668799
5,36,1500,50,36,0,103,7,160.0,0.0
5,36,2900,50,38,0,249,22,606.0,0.0
9,36,2200,50,38,1,131,14,338.0,162.42231633183113
6,36,2200,50,46,1,73,10,158.0,121.66981871989611
6,36,2400,50,47,1,115,9,208.0,113.72246889380949
3,36,2700,50,45,0,131,7,244.0,0.0
6,36,1700,50,48,0,63,7,154.0,0.0
8,36,2800,50,38,0,211,26,788.0,0.0
7,36,2200,50,39,1,83,15,224.0,340.5996285354732
9,36,2400,50,42,1,87,19,330.0,282.3061697494975
6,36,2400,50,49,0,101,7,204.0,0.0
5,36,2000,50,35,1,89,19,262.0,267.96598653999064
9,36,2300,50,39,1,77,23,418.0,467.3869721698698
4,36,2200,50,48,0,39,2,40.0,0.0
8,36,2200,50,37,1,85,14,270.0,244.32968323750066
9,36,2900,50,40,0,167,25,766.0,0.0
6,36,2900,50,50,0,159,14,422.0,0.0
3,36,2400,50,43,1,121,4,166.0,65.01702265817356
6,36,1900,50,35,0,67,8,168.0,0.0
6,36,1600,50,37,1,81,6,140.0,65.42218910262687
9,36,2400,50,40,1,87,16,346.0,206.57624810815304
8,36,2200,50,49,0,81,10,234.0,0.0
6,36,1900,50,50,0,69,6,136.0,0.0
5,36,2300,50,46,1,87,4,88.0,61.83718576601408
5,36,2000,50,49,0,35,2,72.0,0.0
8,36,2700,50,37,1,101,23,392.0,421.5333484861921
9,36,2500,50,45,1,111,19,306.0,337.69542866582725
7,36,2900,50,47,0,147,20,510.0,0.0
9,36,2300,50,41,1,73,17,242.0,224.32570143220528
8,36,1700,50,37,0,33,6,96.0,0.0
3,36,1800,50,47,0,0,0,0.0,0.0
7,36,2300,50,43,1,81,12,300.0,179.74393797485948
5,36,2900,50,41,0,239,22,650.0,0.0
6,36,2300,50,45,0,83,7,178.0,0.0
4,36,2000,50,47,1,83,9,118.0,58.540000085971556
5,36,2900,50,49,1,117,16,328.0,191.00895797039925
9,36,2300,50,49,1,81,7,158.0,69.12895866751549
8,36,2700,50,35,0,145,24,636.0,0.0
7,36,2700,50,37,0,155,25,608.0,0.0
10,36,3000,50,42,1,109,18,438.0,279.62941198318134
5,36,2500,50,46,0,141,12,320.0,0.0
9,36,1700,50,47,1,51,4,84.0,60.77111403045403
4,36,2600,50,43,0,249,16,476.0,0.0
10,36,2400,50,42,0,87,16,410.0,0.0
8,36,2500,50,48,1,119,16,328.0,371.3374678734068
4,36,2800,50,45,1,177,25,524.0,586.1708476251293
4,36,1600,50,45,1,55,5,86.0,124.08638100208037
4,36,1900,50,35,0,79,13,256.0,0.0
7,36,1600,50,44,1,77,7,142.0,198.4057507750392
3,36,2200,50,37,0,155,16,384.0,0.0
5,36,2500,50,35,0,139,26,488.0,0.0
6,35,2100,90,35,1,73,22,350.0,218.7751768887146
4,35,2700,90,36,1,165,34,424.0,451.13654063724783
7,35,2100,90,46,1,121,12,244.0,225.16981370651624
5,35,3000,90,50,0,223,24,606.0,0.0
6,35,1500,90,38,0,53,9,156.0,0.0
3,35,2600,90,46,1,129,25,306.0,345.29726183425635
4,35,2100,90,44,0,81,11,260.0,0.0
8,35,3000,90,36,0,165,30,632.0,0.0
4,35,1600,90,38,0,63,11,156.0,0.0
9,35,1800,90,40,0,93,11,240.0,0.0
6,35,2400,90,47,1,79,15,258.0,199.91229506155997
8,35,2100,90,50,1,95,13,270.0,320.8180804008885
6,35,2000,90,47,0,135,10,242.0,0.0
9,35,2100,90,50,1,109,13,246.0,351.9961630475457
6,35,1900,90,45,0,103,12,232.0,0.0
10,35,1800,90,38,1,87,18,266.0,313.7569758325318
5,35,2300,90,41,1,103,28,336.0,442.07677273035955
4,35,1700,90,46,1,93,9,212.0,183.04530783482622
9,35,2300,90,49,0,91,14,378.0,0.0
9,35,1700,90,35,0,57,10,178.0,0.0
9,35,1600,90,38,1,63,13,240.0,140.8328452790535
3,35,3000,90,42,0,261,27,626.0,0.0
8,35,2300,90,37,0,135,25,600.0,0.0
8,35,2900,90,36,1,103,33,492.0,493.45725552557303
7,35,1600,90,38,0,57,10,134.0,0.0
10,35,1900,90,46,1,63,12,246.0,168.33565152714542
10,35,2000,90,40,1,45,13,212.0,146.79990240636226
4,35,1500,90,43,1,83,7,144.0,107.89030773552962
8,35,2600,90,49,0,101,15,406.0,0.0
4,35,1900,90,47,0,99,9,164.0,0.0
5,35,1600,90,38,1,55,8,108.0,148.78263533262177
4,35,1500,90,46,0,107,8,138.0,0.0
10,35,1800,90,40,0,63,8,176.0,0.0
10,35,1500,90,37,0,47,9,156.0,0.0
7,35,2700,90,40,1,151,26,480.0,415.61194971219805
9,35,2200,90,43,1,97,20,328.0,302.8856971058981
6,35,2500,90,43,0,143,19,410.0,0.0
5,35,1900,90,45,1,123,12,310.0,291.72020651944246
4,35,2200,90,50,1,61,9,104.0,147.37644073381935
6,35,1500,90,38,0,75,7,76.0,0.0
8,35,2700,90,39,0,207,28,628.0,0.0
7,35,2500,90,46,1,135,22,568.0,282.52718998719826
8,35,2400,90,36,0,133,25,512.0,0.0
7,35,2400,90,47,1,125,17,320.0,247.5942811323952
9,35,2100,90,36,0,79,15,230.0,0.0
10,35,2000,90,37,1,57,18,234.0,317.58573129701034
3,35,2000,90,44,1,101,23,214.0,365.8009282142195
8,35,1500,90,46,0,45,5,46.0,0.0
6,35,3000,90,35,1,165,34,494.0,525.0381596030761
10,35,1600,90,37,0,53,11,174.0,0.0
7,35,1700,90,50,1,85,5,120.0,117.10057811710668
8,35,2800,90,37,1,59,29,358.0,455.2607326276673
4,35,1700,90,38,0,89,12,182.0,0.0
7,35,2500,90,39,0,139,23,442.0,0.0
4,35,3000,90,45,1,203,28,440.0,507.32784590322524
4,35,1500,90,39,0,69,9,184.0,0.0
4,35,1800,90,42,1,91,13,182.0,126.47094161550767
5,35,1800,90,44,0,103,7,156.0,0.0
7,35,2900,90,49,1,107,28,446.0,448.47562577904984
7,35,2100,90,40,1,79,17,312.0,231.3584601426981
6,35,2600,90,35,1,147,32,532.0,529.9961167074273
6,35,2700,90,36,1,97,29,430.0,332.66952830737876
9,35,3000,90,41,0,113,27,642.0,0.0
4,35,1500,90,41,0,71,7,122.0,0.0
8,35,3000,90,45,0,167,27,904.0,0.0
3,35,2100,90,46,0,113,11,266.0,0.0
3,35,2200,90,41,1,189,25,392.0,272.4604431292595
9,35,1900,90,43,0,71,10,212.0,0.0
9,35,2300,90,49,0,67,9,180.0,0.0
4,35,2200,90,45,0,191,19,348.0,0.0
10,35,2500,90,47,0,69,12,254.0,0.0
9,35,2400,90,41,1,83,22,362.0,444.4003944421617
10,35,2000,90,47,1,97,12,204.0,196.1939388146644
4,35,2400,90,50,1,89,15,272.0,291.79911348522313
6,35,1800,90,35,1,71,17,214.0,234.8121139135184
9,35,1500,90,48,1,53,8,130.0,288.3714712987097
8,35,2100,90,47,0,41,7,174.0,0.0
8,35,2600,90,46,0,129,20,454.0,0.0
4,35,1800,90,36,0,95,14,234.0,0.0
9,35,2200,90,38,1,85,24,326.0,328.3588276901735
4,35,2200,90,37,1,91,25,294.0,373.9259305601588
6,35,2700,90,37,1,111,33,458.0,528.5430201841775
6,35,1900,90,42,0,71,9,194.0,0.0
8,35,2000,90,48,0,113,12,296.0,0.0
9,35,2400,90,50,1,85,11,366.0,357.3396988037674
8,35,2800,90,43,1,97,27,412.0,736.9385592212811
6,35,2700,90,43,1,149,27,486.0,669.8035871149391
9,35,1700,90,49,1,73,7,98.0,69.03545114162885
6,35,2700,90,42,0,155,23,606.0,0.0
8,35,2800,90,39,0,111,27,600.0,0.0
10,35,2100,90,49,0,113,11,232.0,0.0
3,35,3000,90,49,0,329,20,636.0,0.0
10,35,2200,90,36,1,59,21,346.0,293.7192716882415
10,35,2200,90,38,0,87,23,416.0,0.0
6,35,1500,90,50,1,95,7,124.0,187.03854957271452
5,35,1800,90,35,0,127,18,284.0,0.0
6,35,2000,85,38,0,113,15,360.0,0.0
7,35,2000,90,36,1,71,22,360.0,311.06604452219347
6,35,1800,90,41,1,79,9,142.0,167.7645110586762
7,35,2100,90,44,0,115,12,260.0,0.0
5,35,1900,85,47,1,55,13,234.0,184.71824882949252
9,35,2600,90,44,0,95,17,406.0,0.0
6,35,2400,85,46,1,135,14,394.0,188.16754022116984
10,35,1600,85,36,0,61,10,176.0,0.0
6,35,2700,85,43,0,201,23,584.0,0.0
8,35,2800,85,45,0,153,22,642.0,0.0
10,35,1700,85,48,1,57,8,170.0,257.1039345288553
3,35,1900,85,37,0,103,14,272.0,0.0
4,35,2600,85,39,1,151,33,414.0,624.6578863672818
4,35,2700,85,42,1,197,27,548.0,358.88647601740763
4,35,2500,85,38,1,101,29,366.0,436.2281394242788
9,35,1800,85,43,0,57,8,146.0,0.0
10,35,1700,85,46,1,41,6,94.0,65.98800417239313
4,35,2300,85,40,0,129,19,472.0,0.0
10,35,2600,85,35,1,143,30,500.0,401.85516315470255
7,35,2700,85,42,0,157,21,488.0,0.0
9,35,1900,85,47,1,67,7,140.0,89.20981074177857
6,35,1800,85,40,0,61,11,122.0,0.0
10,35,2800,85,43,0,107,26,564.0,0.0
6,35,1900,85,45,1,85,6,86.0,73.09592055482705
4,35,2800,85,48,1,95,26,344.0,538.7906241158605
10,35,2900,85,36,0,113,34,690.0,0.0
9,35,2400,85,36,1,133,24,524.0,252.42109947895878
7,35,2000,85,36,1,107,20,342.0,284.03848061771527
5,35,2500,85,39,0,125,19,316.0,0.0
7,35,3000,85,42,1,109,33,572.0,568.1154539150443
10,35,1600,85,48,0,59,11,182.0,0.0
9,35,1800,85,49,1,63,14,200.0,151.98239314874158
4,35,2800,85,49,0,257,18,568.0,0.0
6,35,1700,85,38,0,93,12,246.0,0.0
7,35,2200,85,41,1,121,12,346.0,214.16781962982313
8,35,2100,85,42,0,81,10,154.0,0.0
5,35,2500,85,38,0,143,19,492.0,0.0
5,35,2700,85,46,1,157,20,468.0,330.3416744461838
10,35,1900,85,50,1,83,7,122.0,201.28429791006027
6,35,2000,85,37,1,79,21,270.0,309.4145281566741
6,35,2600,85,44,0,151,21,486.0,0.0
7,35,1800,85,50,0,87,7,152.0,0.0
3,35,2900,85,49,1,209,26,366.0,333.3554990821415
9,35,2200,85,36,1,77,21,346.0,327.0646401232509
5,35,1800,85,38,1,65,12,134.0,143.17313644291542
3,35,2600,85,37,0,221,29,610.0,0.0
10,35,2500,85,46,0,143,22,456.0,0.0
4,35,2900,85,39,1,119,31,370.0,546.3544695985692
5,35,1700,85,40,0,87,15,250.0,0.0
10,35,1800,85,37,0,63,12,212.0,0.0
8,35,2300,85,43,0,123,20,380.0,0.0
5,35,2600,85,45,1,117,26,438.0,437.0182242015976
10,35,2900,85,48,1,107,21,606.0,675.2067245982382
10,35,1600,85,40,0,31,4,82.0,0.0
9,35,1600,85,40,0,81,17,292.0,0.0
7,35,1800,85,35,0,169,19,426.0,0.0
3,35,1600,85,38,1,85,13,216.0,146.01873961617218
3,35,2200,85,36,1,149,27,314.0,448.39044619173234
4,35,1600,85,44,1,61,8,166.0,148.80177540922162
5,35,2100,85,49,1,145,13,244.0,167.8062696802591
3,35,1800,85,49,0,33,4,80.0,0.0
4,35,1600,85,42,1,81,9,112.0,96.27156280440542
10,35,3000,85,42,0,115,27,652.0,0.0
7,35,2500,85,50,0,87,10,220.0,0.0
7,35,1900,85,48,1,61,10,158.0,344.7363270057175
8,35,2700,85,35,1,81,32,392.0,448.6427433131061
3,35,1500,85,50,0,29,3,38.0,0.0
6,35,3000,85,48,0,171,24,594.0,0.0
5,35,1600,85,45,1,61,6,62.0,83.76703671126289
7,35,2400,85,43,0,135,21,428.0,0.0
10,35,2800,85,45,1,101,21,454.0,465.09691893354875
10,35,1600,85,48,0,99,7,164.0,0.0
10,35,1500,85,35,1,55,7,140.0,68.24663555843559
8,35,1600,85,36,0,39,12,186.0,0.0
4,35,1900,85,39,1,95,16,240.0,379.4171585628881
9,35,2700,85,44,0,101,17,416.0,0.0
4,35,1800,85,50,1,83,9,112.0,153.37983757735108
3,35,2200,85,43,0,169,17,358.0,0.0
3,35,2400,85,50,1,103,13,250.0,303.60498647714843
4,35,2900,85,38,1,129,35,436.0,553.5889285798764
6,35,2900,85,40,0,155,31,634.0,0.0
3,35,1500,85,41,1,29,2,30.0,17.902888212038157
8,35,2500,85,46,0,141,18,484.0,0.0
8,35,2000,85,36,0,113,10,264.0,0.0
4,35,1700,85,37,1,69,16,184.0,195.97869350518553
6,35,1500,85,47,0,55,5,106.0,0.0
8,35,2100,85,37,0,71,13,290.0,0.0
6,35,2100,85,40,1,81,19,288.0,208.165547506342
10,35,2400,85,43,1,73,19,268.0,357.5458075801475
6,35,1800,85,49,0,71,12,238.0,0.0
3,35,2200,85,36,1,151,25,330.0,318.0664599555744
7,35,1700,85,41,0,101,5,102.0,0.0
10,35,2200,85,45,0,167,18,466.0,0.0
10,35,2700,85,44,1,99,26,508.0,609.071310841489
3,35,2000,85,44,0,253,16,392.0,0.0
3,35,2100,85,38,1,151,25,322.0,311.8113490151839
3,35,1800,85,50,1,87,10,176.0,235.0318653731144
3,35,2000,85,39,0,145,18,394.0,0.0
8,35,2800,85,42,0,101,26,510.0,0.0
3,35,2400,85,41,0,203,24,478.0,0.0
9,35,2300,85,39,1,89,18,400.0,437.6007973259226
8,35,2300,85,43,1,117,18,444.0,382.3093236764207
8,35,2500,85,45,0,93,15,400.0,0.0
6,35,2300,85,49,1,65,11,184.0,181.57882696786743
8,35,1500,80,44,0,105,6,136.0,0.0
10,35,1800,80,44,1,57,6,144.0,201.1181525373716
3,35,2000,80,37,0,103,12,218.0,0.0
9,35,2200,80,40,1,67,22,288.0,320.70535036486285
9,35,1800,80,48,1,77,10,110.0,173.89780850186764
6,35,2800,80,35,0,161,33,566.0,0.0
10,35,1800,80,48,0,69,5,128.0,0.0
8,35,2500,80,36,0,147,26,542.0,0.0
6,35,3000,80,38,1,81,32,376.0,552.1115483751868
10,35,1900,80,42,1,103,14,302.0,218.2607167326583
8,35,2400,80,44,1,81,13,232.0,294.7849137588176
5,35,2900,80,41,1,129,33,398.0,649.7055107810077
8,35,2900,80,50,0,109,17,526.0,0.0
5,35,3000,80,47,0,205,22,564.0,0.0
7,35,2500,80,38,0,175,21,616.0,0.0
9,35,2100,80,42,1,75,11,214.0,207.3626360081041
7,35,3000,80,45,1,115,29,498.0,524.7885329674567
10,35,2600,80,43,1,199,23,426.0,420.325619859423
6,35,2300,80,37,1,129,25,450.0,300.7563296544159
8,35,3000,80,44,0,159,22,612.0,0.0
10,35,2300,80,47,0,83,13,320.0,0.0
3,35,1500,80,35,1,91,14,208.0,107.67296978058391
9,35,1500,80,35,1,45,9,132.0,101.93895161077478
10,35,2900,80,46,0,99,15,350.0,0.0
9,35,2700,80,50,0,107,15,466.0,0.0
5,35,1900,80,40,1,163,18,304.0,258.5494980659573
7,35,1800,80,35,0,101,12,226.0,0.0
10,35,1800,80,39,1,69,9,192.0,182.79671366671593
7,35,2300,80,41,0,83,15,244.0,0.0
5,35,3000,80,40,1,151,35,514.0,573.6753222115154
5,35,2600,80,44,0,137,18,370.0,0.0
9,35,1600,80,44,0,53,6,112.0,0.0
10,35,2900,80,49,1,155,30,636.0,606.4519632355782
4,35,2400,80,39,0,177,23,506.0,0.0
8,35,2000,80,35,1,83,23,374.0,311.8299762866909
3,35,2900,80,44,0,369,16,562.0,0.0
9,35,3000,80,43,0,153,29,588.0,0.0
6,35,2500,80,36,1,97,24,334.0,381.34221520111396
4,35,2600,80,42,1,141,27,330.0,437.6746818129702
7,35,1700,80,41,1,41,9,74.0,134.25990612341076
8,35,1500,80,44,1,57,6,104.0,182.2989225428562
6,35,1800,80,46,0,49,5,86.0,0.0
6,35,3000,80,45,0,161,26,646.0,0.0
4,35,2900,80,36,0,271,30,682.0,0.0
6,35,2300,80,37,1,73,23,278.0,386.5609467061509
4,35,1600,80,45,0,103,8,136.0,0.0
7,35,1800,80,47,1,61,10,122.0,68.18513162787458
9,35,2100,80,39,1,119,19,372.0,481.81927375930104
7,35,2200,80,38,0,83,21,374.0,0.0
7,35,2700,80,36,1,101,32,494.0,480.6247681346908
10,35,2100,80,37,0,121,21,430.0,0.0
10,35,1500,80,37,0,55,8,116.0,0.0
5,35,2800,80,47,0,201,18,502.0,0.0
3,35,1500,80,44,1,55,8,84.0,149.22953811262997
3,35,1900,80,49,1,71,7,128.0,85.55418167236375
10,35,2400,80,38,1,75,23,406.0,306.7015307204002
6,35,1900,80,38,0,65,10,196.0,0.0
9,35,2300,80,39,1,89,16,350.0,371.80433879911334
7,35,1900,80,49,1,105,10,218.0,115.74399276702228
9,35,1600,80,47,0,27,3,78.0,0.0
8,35,2200,80,49,0,119,9,272.0,0.0
5,35,2500,80,44,0,193,17,610.0,0.0
6,35,1800,80,38,0,193,13,230.0,0.0
7,35,1700,80,41,1,35,7,58.0,159.71132362520157
9,35,2500,80,41,0,135,21,418.0,0.0
3,35,1500,80,44,0,53,4,90.0,0.0
3,35,1700,80,41,1,83,10,138.0,168.09532124203068
3,35,2100,80,43,1,81,14,224.0,258.8045466183589
3,35,2100,80,42,0,105,12,226.0,0.0
5,35,2200,80,47,1,119,16,312.0,198.8595159430622
6,35,1900,80,46,1,69,9,172.0,89.68471303904359
5,35,2300,80,49,0,135,17,376.0,0.0
9,35,2100,80,42,1,83,15,314.0,170.4298756069679
5,35,2000,80,44,1,87,11,188.0,271.24109982944515
7,35,2500,80,50,0,129,10,264.0,0.0
6,35,2100,80,50,0,97,8,160.0,0.0
9,35,2700,80,38,1,147,27,588.0,473.9461741456853
8,35,2300,80,41,1,103,20,396.0,476.68468489879103
5,35,1800,80,46,0,61,5,92.0,0.0
3,35,1600,80,38,1,83,14,178.0,179.24297883902176
10,35,2400,80,38,1,71,17,366.0,302.83811423704327
8,35,2900,80,44,0,157,22,530.0,0.0
6,35,2000,80,43,1,111,12,230.0,219.60614882498257
4,35,2100,80,43,0,107,14,288.0,0.0
5,35,2600,80,35,0,249,30,674.0,0.0
4,35,1600,80,48,0,29,5,58.0,0.0
4,35,2300,80,35,1,175,28,428.0,363.8502338120777
4,35,2700,80,38,1,105,33,394.0,640.1792205358765
7,35,1800,80,49,1,55,3,56.0,32.35422477687189
8,35,2000,80,49,0,39,5,102.0,0.0
7,35,2100,80,37,0,107,16,284.0,0.0
7,35,2700,80,39,1,75,27,354.0,653.091188357897
10,35,2600,80,43,0,149,20,460.0,0.0
5,35,2100,80,42,0,117,15,272.0,0.0
7,35,1600,80,41,1,83,13,160.0,265.57790406363165
7,35,1700,80,48,0,117,8,152.0,0.0
6,35,2900,80,42,1,89,30,434.0,326.8177676528453
10,35,2500,80,50,0,143,21,572.0,0.0
10,35,2600,75,36,0,97,22,478.0,0.0
3,35,1700,75,36,0,127,14,290.0,0.0
3,35,2400,80,39,1,215,28,466.0,472.13894994245055
3,35,2600,75,44,1,137,20,312.0,232.8846169349118
10,35,3000,75,47,1,101,26,442.0,491.48684065625315
9,35,2300,80,47,0,73,8,182.0,0.0
3,35,2800,75,48,1,207,22,464.0,533.8651672548951
8,35,2800,75,37,0,163,29,730.0,0.0
5,35,2600,75,41,1,95,26,406.0,492.5418432328622
5,35,1500,75,35,1,45,9,96.0,56.439805441170186
4,35,2200,75,44,1,121,18,290.0,429.68902753411214
7,35,1500,75,50,0,47,4,96.0,0.0
6,35,2800,75,36,1,115,35,506.0,461.9999500815473
7,35,1500,75,40,0,29,6,76.0,0.0
6,35,2800,75,46,0,193,21,536.0,0.0
10,35,2900,75,45,0,111,26,676.0,0.0
9,35,2200,75,39,1,83,17,358.0,410.16049918026505
5,35,1800,75,40,0,63,6,90.0,0.0
9,35,1900,75,50,1,53,8,138.0,191.940352295339
6,35,1700,75,35,1,71,19,228.0,249.52381205848403
7,35,2000,75,44,0,141,9,248.0,0.0
10,35,2800,75,37,1,103,29,498.0,523.3530670952407
5,35,2400,75,37,0,179,22,604.0,0.0
6,35,2400,75,39,0,161,24,504.0,0.0
4,35,2900,75,40,1,141,35,434.0,611.1471923264706
6,35,2400,75,46,0,111,10,248.0,0.0
3,35,2300,75,46,1,167,17,302.0,200.8205276611489
6,35,2900,75,39,0,211,29,770.0,0.0
5,35,3000,75,47,0,213,22,610.0,0.0
9,35,1600,75,40,1,95,8,164.0,108.36463436549356
8,35,3000,75,42,0,115,29,594.0,0.0
9,35,2500,75,35,1,135,32,532.0,442.9438104253015
9,35,1800,75,40,0,83,9,182.0,0.0
10,35,1800,75,46,1,65,4,132.0,43.80107271407726
4,35,3000,75,40,0,209,28,552.0,0.0
8,35,2700,75,49,1,121,14,288.0,155.03458795715116
8,35,2200,75,36,1,77,23,332.0,282.4496559182202
8,35,2100,75,40,0,79,16,256.0,0.0
8,35,2000,75,46,0,111,9,230.0,0.0
4,35,2600,75,48,1,139,18,458.0,423.56279779358863
3,35,2300,75,39,1,157,20,310.0,407.712123085636
4,35,2600,75,43,0,281,20,570.0,0.0
10,35,2500,75,45,1,119,17,440.0,450.3206800376294
8,35,2400,75,42,0,93,18,436.0,0.0
9,35,2900,75,38,1,109,30,572.0,514.6681225533849
9,35,2000,75,37,0,101,10,244.0,0.0
10,35,1800,75,42,1,59,6,60.0,114.40707905154845
6,35,1900,75,37,1,101,11,250.0,98.60617330515733
9,35,1500,75,47,0,57,8,86.0,0.0
7,35,1800,75,37,0,95,13,242.0,0.0
8,35,1500,75,42,1,33,4,58.0,103.98555114588174
4,35,2200,75,36,0,125,22,358.0,0.0
8,35,1900,75,45,1,61,8,166.0,171.74558350147376
9,35,2800,75,46,1,87,20,424.0,323.4174009517155
3,35,2000,75,49,0,77,4,112.0,0.0
10,35,2400,75,35,0,93,23,486.0,0.0
5,35,2900,75,39,1,161,33,524.0,735.9425836867796
5,35,2700,75,43,0,151,12,342.0,0.0
4,35,1900,75,45,1,103,14,196.0,231.72585632624276
4,35,2200,75,42,0,127,18,346.0,0.0
4,35,1900,75,42,1,65,10,162.0,153.49235412665917
9,35,1700,75,49,0,31,6,122.0,0.0
5,35,2400,75,49,1,89,14,214.0,201.71208822126812
4,35,2000,75,42,0,103,8,204.0,0.0
5,35,3000,75,37,1,125,35,432.0,574.469088144714
8,35,1600,75,50,1,29,3,82.0,95.13593894690649
10,35,2100,75,50,0,159,13,324.0,0.0
8,35,2900,75,41,1,107,23,590.0,492.2181078599148
8,35,2600,75,37,0,127,21,402.0,0.0
8,35,1700,75,36,0,65,9,202.0,0.0
4,35,2000,75,36,0,105,17,290.0,0.0
7,35,2900,75,41,1,153,28,682.0,630.9207413942238
10,35,1600,75,45,1,49,9,106.0,181.92211943833445
6,35,1600,75,40,1,79,14,212.0,238.23094359634084
3,35,2300,75,43,0,119,20,272.0,0.0
7,35,2700,75,43,0,157,28,696.0,0.0
7,35,3000,75,50,1,61,20,346.0,481.4779127542521
6,35,2800,75,37,0,157,29,594.0,0.0
9,35,2600,75,38,0,133,24,608.0,0.0
6,35,2400,75,46,0,127,18,388.0,0.0
8,35,2900,75,44,0,155,22,698.0,0.0
4,35,1500,75,46,1,103,5,134.0,128.40544466723853
9,35,2500,75,50,1,75,15,214.0,302.7263857889202
5,35,3000,75,46,1,119,25,386.0,546.424443587836
3,35,1900,75,45,0,65,7,150.0,0.0
5,35,2000,75,42,1,101,16,254.0,222.15553664792205
10,35,2200,75,50,0,83,9,200.0,0.0
4,35,2800,75,49,1,217,27,498.0,510.48439121640723
5,35,1500,75,38,1,61,10,146.0,101.38154325132761
7,35,2600,75,45,1,95,16,390.0,291.16912386381927
6,35,2600,75,47,0,99,16,364.0,0.0
7,35,2800,75,43,1,71,25,444.0,462.13830559262345
10,35,2400,75,45,0,91,15,364.0,0.0
7,35,2500,75,35,1,151,28,478.0,386.5334242976315
6,35,2200,75,48,0,123,13,368.0,0.0
5,35,2600,75,35,1,97,33,420.0,379.0569717708613
3,35,2500,75,37,0,195,20,456.0,0.0
6,35,2700,75,44,1,99,22,428.0,380.9199895899231
10,35,2700,75,42,0,143,22,566.0,0.0
8,35,2800,70,43,0,101,13,394.0,0.0
8,35,3000,75,35,0,111,32,668.0,0.0
3,35,3000,75,38,0,221,27,614.0,0.0
3,35,2300,70,43,1,101,19,292.0,357.33085639811696
3,35,1800,70,47,1,63,5,118.0,53.88252914612295
8,35,1800,75,48,1,33,4,100.0,89.6995443164691
7,35,2000,70,36,1,55,14,226.0,152.85562468049773
10,35,1600,70,39,1,57,6,88.0,194.9284777529591
4,35,2700,70,39,0,193,24,544.0,0.0
6,35,2900,70,47,0,251,19,568.0,0.0
7,35,2500,70,36,0,99,22,480.0,0.0
6,35,2000,70,35,1,73,15,204.0,149.2899038935084
10,35,1700,70,47,0,85,6,110.0,0.0
4,35,2100,70,49,1,111,9,218.0,150.23415663213817
10,35,2000,70,50,0,59,4,98.0,0.0
9,35,2100,70,38,0,137,18,318.0,0.0
8,35,2700,70,44,1,115,27,494.0,541.3794642671922
10,35,2500,70,48,0,135,25,562.0,0.0
6,35,1700,70,36,0,83,10,194.0,0.0
4,35,1600,70,41,0,91,6,124.0,0.0
3,35,2300,70,38,1,131,20,298.0,334.09928616672397
9,35,2700,70,47,0,103,16,456.0,0.0
10,35,2000,70,48,1,37,4,106.0,97.83941973080611
6,35,2400,70,47,1,133,21,414.0,303.6081602232951
3,35,2900,70,46,1,169,25,444.0,496.8823004737724
3,35,1600,70,38,1,37,5,66.0,57.482207938220355
7,35,1500,70,37,1,47,6,100.0,133.83205080066017
4,35,2500,70,41,0,185,20,428.0,0.0
6,35,2600,70,41,0,169,16,490.0,0.0
6,35,2000,70,35,1,77,15,272.0,196.19829129413475
4,35,1500,70,40,0,51,5,108.0,0.0
10,35,2900,70,44,1,87,21,392.0,472.4959951906452
4,35,2100,70,42,0,109,13,268.0,0.0
5,35,1600,70,42,0,49,4,82.0,0.0
3,35,2400,70,49,1,135,13,262.0,143.44765977158366
4,35,2500,70,37,1,111,30,404.0,459.04236847146393
9,35,2500,70,38,1,139,24,422.0,389.88772692415466
8,35,2900,70,39,1,203,33,744.0,660.734801882995
4,35,2600,70,49,0,135,13,398.0,0.0
5,35,1900,70,37,0,99,9,160.0,0.0
3,35,1700,70,47,0,63,5,108.0,0.0
4,35,1500,70,50,1,55,7,84.0,182.73439498995404
4,35,1600,70,39,0,117,11,200.0,0.0
4,35,2300,70,43,1,137,18,372.0,290.07184616626665
6,35,2200,70,43,1,69,15,190.0,191.2918515050027
5,35,1800,70,49,1,95,10,178.0,159.0555139419356
4,35,2200,70,50,0,155,14,308.0,0.0
9,35,2800,70,36,0,155,25,684.0,0.0
9,35,2700,70,35,1,105,32,630.0,524.4493279168244
9,35,2900,70,35,0,165,31,730.0,0.0
8,35,2600,70,41,0,143,22,512.0,0.0
4,35,2900,70,47,1,213,24,442.0,410.1217751735431
6,35,2600,70,37,0,147,28,576.0,0.0
7,35,2200,70,49,0,43,6,122.0,0.0
3,35,1600,70,50,1,29,2,50.0,68.41606202068819
3,35,2300,70,49,1,101,16,232.0,227.6020022523531
4,35,1500,70,39,0,27,4,74.0,0.0
6,35,2000,70,41,1,103,13,230.0,205.38793668530292
6,35,1600,70,37,1,89,15,244.0,139.24558668132582
7,35,3000,70,44,0,161,22,682.0,0.0
7,35,2100,70,39,1,105,17,252.0,303.8994424897405
4,35,1800,70,36,0,157,17,300.0,0.0
6,35,1800,70,41,0,53,8,124.0,0.0
8,35,2100,70,45,0,41,3,66.0,0.0
8,35,2300,70,50,1,123,17,476.0,370.4205006445941
9,35,1600,70,49,1,35,5,88.0,41.57608737712632
4,35,1900,70,45,0,63,6,142.0,0.0
10,35,1500,70,47,0,71,4,96.0,0.0
9,35,2000,70,49,1,105,10,256.0,79.55992503484546
7,35,2200,70,35,1,95,23,276.0,246.83792876962892
10,35,1900,70,36,0,109,20,342.0,0.0
7,35,2100,70,47,0,109,11,254.0,0.0
10,35,1800,70,45,1,57,13,182.0,234.7594572098464
4,35,2600,70,47,1,125,22,336.0,266.4745566163876
7,35,2900,70,49,0,203,22,610.0,0.0
9,35,2200,70,49,1,77,7,178.0,97.67701295491086
9,35,2100,70,35,1,101,23,402.0,339.1832993852927
5,35,1500,70,50,0,81,9,132.0,0.0
3,35,2900,70,47,0,213,22,486.0,0.0
3,35,1800,70,48,0,103,9,160.0,0.0
6,35,2400,70,37,1,139,20,438.0,425.69738916787475
10,35,1700,70,47,1,61,2,62.0,23.442172593657396
6,35,2100,70,46,0,103,11,184.0,0.0
3,35,2300,70,42,0,165,17,482.0,0.0
9,35,2000,70,41,1,73,8,148.0,113.98936190424098
8,35,2700,70,49,1,113,17,326.0,243.9758457729345
5,35,2400,70,45,0,215,19,548.0,0.0
4,35,2800,70,43,0,201,20,502.0,0.0
9,35,2100,70,35,0,75,16,256.0,0.0
8,35,2100,70,39,1,83,16,290.0,433.61130456536125
8,35,3000,70,45,1,123,24,646.0,586.0422633457156
7,35,2900,70,46,1,125,23,510.0,514.4688024962633
10,35,2300,70,49,1,101,16,328.0,215.64883511980355
8,35,2500,70,44,0,123,18,348.0,0.0
7,35,1700,70,40,1,61,12,186.0,96.61856916223857
10,35,2000,70,46,0,117,11,324.0,0.0
6,35,1800,70,48,0,57,6,148.0,0.0
8,35,3000,70,38,1,109,33,482.0,604.1055294334138
9,35,2400,70,35,1,87,16,390.0,279.2756696729288
9,35,2100,70,36,0,119,20,422.0,0.0
3,35,1500,70,38,0,41,4,72.0,0.0
3,35,2600,70,38,0,183,23,520.0,0.0
4,35,2800,70,49,1,207,20,416.0,260.39505500580594
3,35,2300,65,46,1,125,15,312.0,218.75668304019146
4,35,2800,65,49,0,267,15,456.0,0.0
4,35,2700,65,45,0,235,15,540.0,0.0
8,35,1700,65,37,1,63,14,198.0,181.39243119962515
5,35,3000,65,41,0,267,29,922.0,0.0
3,35,2800,65,45,1,179,25,356.0,503.05771853735234
9,35,2700,65,38,0,159,25,748.0,0.0
7,35,2700,65,35,0,157,30,696.0,0.0
10,35,2700,65,40,1,101,22,598.0,377.6701826097628
10,35,2300,65,46,1,87,9,262.0,121.05065896491259
3,35,2500,65,46,0,187,14,286.0,0.0
9,35,2500,65,36,1,89,23,430.0,266.75368033536756
7,35,1900,65,45,1,99,10,226.0,212.24802839435085
10,35,2400,65,48,1,73,15,312.0,352.8161140838015
3,35,2400,65,47,0,211,18,434.0,0.0
3,35,1600,65,48,0,51,3,74.0,0.0
3,35,3000,65,49,1,171,23,362.0,349.85171567533547
7,35,2700,65,35,1,155,33,486.0,615.5649818213572
6,35,1800,65,43,0,33,4,66.0,0.0
10,35,2900,65,39,1,141,25,622.0,535.626086336706
8,35,2000,65,50,1,65,10,184.0,183.1522206306053
3,35,2800,65,37,0,313,29,778.0,0.0
5,35,2500,65,38,0,141,19,388.0,0.0
10,35,2300,65,49,0,117,9,210.0,0.0
3,35,1600,65,36,0,87,8,136.0,0.0
9,35,2800,65,45,0,107,20,434.0,0.0
7,35,2600,65,50,1,133,18,392.0,460.37036760409
9,35,1800,65,47,1,55,7,124.0,62.77372194397154
10,35,2100,65,37,1,81,22,414.0,416.7204896327767
8,35,1900,65,37,0,57,12,218.0,0.0
5,35,1800,65,41,1,81,15,254.0,215.6935453431232
5,35,3000,65,45,0,157,24,520.0,0.0
7,35,2100,65,44,1,89,15,190.0,216.32848746315744
8,35,2000,65,50,1,35,4,90.0,117.42161986573934
8,35,3000,65,46,0,223,19,748.0,0.0
8,35,1700,65,39,1,37,7,68.0,141.84840608276355
4,35,2300,65,37,0,189,19,454.0,0.0
9,35,2900,65,41,0,205,23,618.0,0.0
3,35,2400,65,42,1,169,15,340.0,258.7788850436542
10,35,1700,65,38,1,45,9,66.0,120.60063265781667
10,35,2700,65,37,0,149,23,480.0,0.0
9,35,1800,65,37,1,43,10,146.0,97.26890861731165
8,35,1600,65,45,0,59,7,96.0,0.0
8,35,2000,65,43,0,77,12,250.0,0.0
4,35,2300,65,41,0,223,12,306.0,0.0
8,35,2100,65,50,1,101,10,168.0,252.1282353506618
8,35,2600,65,35,1,81,25,328.0,283.08843616508085
5,35,2400,65,36,1,123,27,392.0,387.3057623370972
10,35,2200,65,41,1,77,15,346.0,327.993409320726
4,35,1500,65,49,0,79,6,104.0,0.0
5,35,2400,65,37,1,155,25,410.0,502.41375725685987
6,35,1900,65,38,1,63,16,230.0,213.8853799455709
8,35,2900,65,45,0,169,24,532.0,0.0
8,35,1600,65,48,1,81,6,136.0,184.00618418714672
3,35,3000,65,41,0,287,28,658.0,0.0
6,35,1900,65,43,0,97,12,266.0,0.0
4,35,1900,65,44,0,67,11,176.0,0.0
4,35,1700,65,37,1,59,7,170.0,52.66998801434147
6,35,2900,65,40,0,115,26,574.0,0.0
5,35,1700,65,48,1,27,3,52.0,77.0204541158162
5,35,2600,65,50,0,193,10,328.0,0.0
9,35,2700,65,48,1,83,16,310.0,400.0249022610245
3,35,2700,65,38,0,251,30,530.0,0.0
8,35,1600,65,41,0,63,8,94.0,0.0
6,35,2700,65,50,1,93,8,272.0,205.07256539304575
4,35,2000,65,45,0,79,6,116.0,0.0
6,35,1600,65,36,0,63,9,182.0,0.0
6,35,1500,65,45,1,85,9,116.0,110.83031566246882
7,35,1900,65,44,1,67,7,174.0,161.75519026828488
4,35,2500,65,44,0,83,7,186.0,0.0
4,35,2900,65,39,0,213,30,668.0,0.0
3,35,2000,65,50,1,99,8,116.0,88.79242703695235
3,35,2400,65,45,1,203,17,456.0,371.82044619424516
8,35,2600,65,40,0,131,25,560.0,0.0
8,35,2000,65,43,1,73,13,246.0,168.8759106502149
10,35,2200,65,46,0,117,12,308.0,0.0
7,35,2500,65,50,1,95,5,142.0,93.08365546384518
5,35,1500,65,39,1,71,9,128.0,189.6461990206942
8,35,2000,65,41,0,75,10,190.0,0.0
10,35,2100,65,41,1,109,16,386.0,329.8851913788286
8,35,1600,65,43,0,57,5,84.0,0.0
10,35,2200,65,41,1,159,20,378.0,339.6198557470976
10,35,2300,65,47,0,83,10,208.0,0.0
4,35,2400,65,50,1,155,11,304.0,299.3936476553529
3,35,2200,65,46,0,135,12,346.0,0.0
3,35,2000,65,41,0,131,14,268.0,0.0
6,35,2300,65,42,1,77,15,264.0,301.8048426303251
10,35,3000,65,47,0,115,16,528.0,0.0
6,35,1500,65,48,1,15,1,16.0,22.349596848312782
4,35,1800,65,36,0,105,8,164.0,0.0
4,35,2300,65,43,0,123,18,250.0,0.0
5,35,2600,65,48,1,137,22,406.0,515.5566911692426
6,35,1600,65,43,0,57,8,104.0,0.0
3,35,2400,65,41,0,127,13,274.0,0.0
7,35,2000,65,49,1,99,14,340.0,219.8300645452878
6,35,2600,65,39,1,149,23,528.0,543.8802196465343
6,35,2700,65,46,0,157,18,466.0,0.0
7,35,1900,60,41,1,49,5,50.0,69.80192512014953
10,35,2200,60,45,0,67,13,268.0,0.0
5,35,2100,60,38,1,77,23,304.0,275.2704702388635
6,35,2100,65,36,0,107,16,318.0,0.0
8,35,1700,60,40,1,77,9,154.0,119.50043680348125
6,35,2900,60,41,0,221,25,646.0,0.0
7,35,1800,65,45,1,45,8,120.0,131.4621663855014
7,35,1500,65,47,1,27,3,52.0,43.10587159496832
5,35,2500,60,48,0,157,17,462.0,0.0
10,35,1700,60,36,1,53,13,222.0,152.9168497870224
8,35,2100,60,38,0,131,13,276.0,0.0
10,35,2600,60,45,1,79,19,404.0,460.6545557709553
3,35,2300,60,45,1,173,16,290.0,377.7253015690913
5,35,1700,60,35,0,127,11,214.0,0.0
7,35,2200,60,40,1,131,23,426.0,351.1112946968438
6,35,1700,60,41,0,79,8,132.0,0.0
3,35,2500,60,37,1,285,27,482.0,323.21468210088796
4,35,2000,60,45,0,109,9,180.0,0.0
10,35,2200,60,47,0,83,11,260.0,0.0
5,35,2300,60,43,1,121,15,306.0,226.16728435795795
7,35,2300,60,36,0,81,16,314.0,0.0
7,35,2500,60,36,1,219,28,636.0,484.7144264489909
5,35,2000,60,37,0,109,22,404.0,0.0
4,35,1700,60,41,1,75,15,176.0,300.68111343180226
10,35,1700,60,45,1,75,10,172.0,167.73151984147253
8,35,2900,60,48,0,159,15,538.0,0.0
9,35,1800,60,49,1,97,8,196.0,107.67426168226545
6,35,1500,60,47,0,53,5,106.0,0.0
4,35,1600,60,47,0,77,6,130.0,0.0
5,35,2500,60,37,0,213,15,448.0,0.0
6,35,1600,60,46,0,59,4,60.0,0.0
8,35,2000,60,44,0,39,8,166.0,0.0
3,35,2300,60,36,1,149,25,336.0,252.35733348979565
8,35,1800,60,40,1,109,10,180.0,147.9853862635354
7,35,2200,60,45,1,101,12,196.0,201.35488064083572
4,35,2400,60,42,0,161,14,332.0,0.0
4,35,2400,60,48,1,91,8,136.0,198.10419203404885
4,35,2800,60,50,1,147,21,436.0,447.6775160014801
7,35,1800,60,38,1,49,6,84.0,63.53478142928014
10,35,2400,60,37,1,91,22,388.0,253.36262244764032
7,35,1700,60,46,1,65,8,118.0,180.95819640794383
3,35,2500,60,41,0,171,14,350.0,0.0
8,35,2200,60,48,0,83,10,306.0,0.0
6,35,1500,60,49,0,25,1,26.0,0.0
8,35,2200,60,50,0,129,12,314.0,0.0
10,35,2000,60,40,1,65,11,98.0,183.17690736693143
4,35,2000,60,42,0,103,10,236.0,0.0
10,35,1900,60,44,0,101,11,228.0,0.0
8,35,2700,60,47,1,91,22,374.0,265.2505050849032
3,35,2100,60,44,1,127,12,222.0,258.702817426575
7,35,2300,60,46,1,43,6,130.0,65.9028110042834
4,35,1800,60,48,0,65,6,136.0,0.0
9,35,2100,60,40,0,79,12,342.0,0.0
9,35,1500,60,41,1,63,5,64.0,83.60263717238068
9,35,1600,60,39,1,61,10,150.0,252.86316968877043
10,35,1500,60,41,0,45,2,46.0,0.0
3,35,2700,60,41,0,231,20,562.0,0.0
10,35,2200,60,48,0,71,11,222.0,0.0
5,35,1800,60,50,1,85,8,86.0,190.43788332138746
3,35,2900,60,48,1,217,20,406.0,371.9322055746608
4,35,1600,60,37,0,71,7,100.0,0.0
6,35,2200,60,40,1,161,19,574.0,308.39591739563326
9,35,1800,60,43,0,71,8,152.0,0.0
9,35,2200,60,45,1,73,7,194.0,182.3232735086054
7,35,2600,60,48,1,107,17,272.0,486.8907394280566
3,35,2200,60,45,0,119,10,242.0,0.0
5,35,1500,60,37,0,123,10,210.0,0.0
5,35,2300,60,38,0,125,18,428.0,0.0
4,35,2200,60,43,1,83,17,220.0,261.48414516221015
3,35,2800,60,39,1,195,29,462.0,452.0905531832119
8,35,2800,60,47,0,163,18,558.0,0.0
7,35,1800,60,50,1,69,6,170.0,232.7675416208577
3,35,1600,60,49,0,59,4,60.0,0.0
4,35,2900,60,36,0,257,32,608.0,0.0
7,35,1500,60,35,1,51,6,118.0,49.306253430267084
9,35,2700,60,38,0,203,21,496.0,0.0
4,35,3000,60,41,1,133,31,442.0,507.89192273832685
4,35,1900,60,43,1,85,11,222.0,175.7778130533053
9,35,1700,60,45,0,83,8,170.0,0.0
6,35,2000,60,47,1,71,7,108.0,73.2080650964859
3,35,2100,60,38,0,155,14,306.0,0.0
10,35,1900,60,43,0,69,6,162.0,0.0
4,35,2500,60,40,0,139,16,384.0,0.0
7,35,2500,60,40,1,109,21,354.0,311.5655781862961
3,35,1600,60,39,1,59,8,130.0,127.6802344105831
4,35,1500,60,45,0,51,5,80.0,0.0
7,35,2900,60,41,1,159,26,610.0,678.7227910486426
10,35,2900,60,42,1,111,23,502.0,306.38767846346906
7,35,2200,60,40,0,155,16,384.0,0.0
5,35,2000,60,42,1,45,5,104.0,129.5795660235926
10,35,1700,60,45,0,63,8,146.0,0.0
4,35,3000,60,42,0,161,21,462.0,0.0
3,35,2600,60,36,1,227,25,316.0,245.7115531903671
4,35,2300,60,39,1,105,21,284.0,368.1676244357293
4,35,2900,60,37,0,283,23,620.0,0.0
9,35,2700,60,37,1,161,27,480.0,358.5584407149585
10,35,2200,60,40,0,83,14,322.0,0.0
3,35,1700,60,40,1,53,10,150.0,121.4055950779614
9,35,3000,60,43,0,153,23,578.0,0.0
5,35,2200,60,49,1,89,11,210.0,182.59037466167288
5,35,2700,60,47,0,149,18,518.0,0.0
6,35,2800,60,50,1,127,10,382.0,253.9042969896657
10,35,2700,55,37,0,201,25,634.0,0.0
5,35,2500,55,39,0,233,22,600.0,0.0
7,35,2000,55,43,1,75,6,164.0,84.28252637708103
6,35,1700,60,43,0,89,9,238.0,0.0
6,35,1800,55,48,1,69,4,100.0,120.50975880240092
6,35,2400,55,49,0,127,13,296.0,0.0
4,35,1600,55,49,1,31,1,32.0,8.310183191966694
5,35,2300,55,37,1,97,19,376.0,219.86322060970355
7,35,2200,55,38,0,119,14,276.0,0.0
5,35,3000,55,41,1,123,32,482.0,534.5567447357625
6,35,2300,55,47,1,87,12,216.0,140.78821675674035
3,35,2700,55,46,1,109,16,298.0,159.76498304979629
3,35,2100,55,48,0,113,9,114.0,0.0
4,35,2700,55,45,0,203,16,396.0,0.0
8,35,2700,55,40,0,105,16,392.0,0.0
10,35,2800,55,41,1,111,21,506.0,451.20690476731437
5,35,2100,55,37,0,65,6,186.0,0.0
10,35,3000,55,38,1,83,28,608.0,350.29368600354434
6,35,2500,55,44,0,97,14,360.0,0.0
10,35,2700,55,49,0,101,14,404.0,0.0
3,35,2700,55,44,1,165,13,282.0,177.85649591378694
6,35,1900,55,35,0,35,8,136.0,0.0
5,35,2300,55,39,0,119,20,436.0,0.0
5,35,1700,55,43,1,31,4,52.0,27.596703749804625
8,35,2000,55,35,1,105,11,248.0,130.39482636817408
9,35,1700,55,47,0,91,9,168.0,0.0
4,35,2400,55,50,1,83,7,184.0,130.3355628292839
10,35,2900,55,49,1,111,15,418.0,218.97911371563922
10,35,2300,55,36,1,87,19,344.0,170.10464302539475
5,35,1900,55,36,1,65,11,198.0,124.56297335346441
3,35,1500,55,40,0,23,4,48.0,0.0
7,35,3000,55,40,0,217,28,958.0,0.0
5,35,1600,55,43,1,89,5,120.0,71.12337503578316
6,35,2900,55,49,0,189,22,600.0,0.0
4,35,2700,55,48,0,183,13,392.0,0.0
5,35,2500,55,36,1,95,20,448.0,229.3417460617961
3,35,2400,55,37,1,177,28,430.0,367.2449382375197
9,35,2500,55,40,1,105,13,226.0,188.505262910213
3,35,2000,55,39,0,109,7,176.0,0.0
6,35,2400,55,41,0,181,18,406.0,0.0
7,35,2900,55,45,0,167,18,524.0,0.0
6,35,2200,55,41,1,115,13,298.0,179.78715621614825
9,35,2200,55,37,1,81,18,266.0,220.99207072592463
6,35,1500,55,40,0,107,7,136.0,0.0
6,35,2300,55,38,0,131,15,354.0,0.0
5,35,2600,55,45,0,145,17,348.0,0.0
3,35,1900,55,48,0,167,13,278.0,0.0
4,35,2800,55,47,1,199,14,464.0,250.1323952744322
3,35,2900,55,44,1,233,23,376.0,594.4480371455711
5,35,2000,55,37,1,91,17,316.0,181.03564438277016
3,35,2100,55,38,1,141,18,250.0,225.18259918467007
8,35,1800,55,40,0,97,12,190.0,0.0
7,35,1600,55,46,1,71,7,104.0,67.36733782331193
5,35,1800,55,44,0,63,8,122.0,0.0
7,35,2100,55,48,1,67,6,152.0,203.97554388942382
5,35,1600,55,50,0,47,3,72.0,0.0
4,35,2000,55,35,1,101,16,278.0,221.37444662444608
3,35,1500,55,50,0,87,7,140.0,0.0
6,35,2300,55,38,0,127,13,320.0,0.0
7,35,2400,55,48,0,33,2,64.0,0.0
10,35,2900,55,48,0,129,15,330.0,0.0
9,35,2800,55,41,1,97,24,516.0,455.7217154371277
6,35,2400,55,46,1,127,13,328.0,205.61911090020527
5,35,2800,55,35,0,243,25,764.0,0.0
8,35,2700,55,35,1,81,32,442.0,490.31637489779393
4,35,1600,55,35,1,55,9,154.0,148.45891797104622
10,35,2600,55,48,1,129,16,380.0,400.1894403524948
9,35,2400,55,49,1,73,12,172.0,189.5157550232469
8,35,1600,55,47,0,69,9,198.0,0.0
5,35,2100,55,50,0,41,5,118.0,0.0
6,35,2900,55,44,0,111,16,412.0,0.0
7,35,3000,55,45,1,105,27,498.0,576.2983187021516
7,35,2400,55,46,0,91,15,372.0,0.0
7,35,2300,55,48,0,117,6,164.0,0.0
8,35,2700,55,50,0,51,9,214.0,0.0
5,35,2800,55,44,1,133,21,466.0,546.1233130932505
4,35,1600,55,49,1,53,4,54.0,35.783804027097126
7,35,2400,55,38,0,93,12,290.0,0.0
9,35,2700,55,41,1,93,23,442.0,500.46282783213445
6,35,2000,55,46,1,103,13,240.0,201.6676348109306
9,35,2000,55,48,0,111,11,300.0,0.0
9,35,2400,55,50,1,95,12,238.0,307.52807285341066
6,35,2800,55,50,0,101,10,284.0,0.0
4,35,1600,55,50,1,51,7,120.0,180.8009836764627
4,35,2100,55,39,1,105,13,330.0,273.08544150962194
8,35,2500,55,39,0,143,14,288.0,0.0
6,35,2400,55,41,0,93,17,392.0,0.0
4,35,2500,55,41,0,233,20,504.0,0.0
10,35,1800,55,47,1,65,4,66.0,38.279922949958944
8,35,2700,55,46,0,143,17,390.0,0.0
7,35,1500,55,45,1,45,3,74.0,60.44564233518162
10,35,2700,55,36,0,105,26,558.0,0.0
4,35,2200,55,44,1,85,9,228.0,153.7102069327975
6,35,1600,55,48,1,55,5,72.0,102.18074258152386
8,35,2700,55,49,0,157,15,440.0,0.0
7,35,2100,55,49,0,109,9,312.0,0.0
6,35,2700,55,48,1,149,22,434.0,486.3461557136595
9,35,1900,55,48,1,69,8,148.0,156.92205821047605
10,35,2300,50,37,1,73,13,176.0,156.02720510174646
3,35,2500,50,38,0,223,15,392.0,0.0
6,35,1900,55,41,0,75,12,208.0,0.0
8,35,1900,50,39,1,93,11,314.0,270.926237516253
9,35,2000,55,50,1,53,5,78.0,119.0499554231998
9,35,2300,55,50,0,85,9,220.0,0.0
7,35,2800,50,49,0,157,17,544.0,0.0
7,35,2500,50,36,0,129,17,474.0,0.0
5,35,2600,50,43,1,139,22,306.0,427.19189073458585
5,35,1500,50,46,1,27,2,28.0,15.973384803715536
7,35,1500,50,47,0,29,2,32.0,0.0
4,35,2300,50,46,1,85,13,228.0,236.6882388437573
5,35,1700,50,47,0,91,10,210.0,0.0
5,35,2000,50,50,1,91,8,156.0,171.5008108968553
8,35,2500,50,36,0,143,25,462.0,0.0
9,35,1600,50,38,1,57,7,116.0,89.47506900534863
6,35,1800,50,41,0,59,4,126.0,0.0
10,35,2500,50,43,0,137,13,332.0,0.0
6,35,1800,50,43,0,127,9,156.0,0.0
6,35,2700,50,48,1,151,18,324.0,530.039323639205
3,35,1600,50,50,1,31,1,32.0,22.281428994687055
6,35,1800,50,47,1,69,3,96.0,39.62317346468552
8,35,1500,50,38,1,65,7,112.0,97.32234927712013
3,35,2300,50,39,0,155,14,328.0,0.0
4,35,1900,50,35,1,61,12,146.0,111.22769667837956
4,35,1900,50,37,0,95,5,96.0,0.0
5,35,1600,50,40,1,85,8,166.0,105.60998272162917
8,35,1900,50,48,0,61,4,96.0,0.0
7,35,2500,50,50,0,131,13,416.0,0.0
8,35,1700,50,35,0,55,7,108.0,0.0
6,35,2800,50,36,1,101,30,396.0,388.8798023616106
8,35,2800,50,39,1,99,28,474.0,573.2850418574164
7,35,2000,50,44,1,35,2,64.0,58.90432725773184
6,35,1700,50,48,0,31,4,86.0,0.0
5,35,1600,50,49,1,13,1,14.0,2.8284271247461903
4,35,1600,50,50,0,59,4,84.0,0.0
9,35,2400,50,37,1,83,11,248.0,211.00887854488965
3,35,1700,50,46,0,67,5,68.0,0.0
3,35,2300,50,46,0,75,10,158.0,0.0
10,35,1500,50,46,1,71,6,122.0,66.19334207873128
9,35,2400,50,49,0,79,8,184.0,0.0
5,35,1900,50,47,0,99,7,136.0,0.0
4,35,2200,50,49,1,107,15,208.0,189.37249223030096
6,35,1600,50,40,0,87,10,178.0,0.0
8,35,1500,50,40,1,35,9,86.0,126.0119650989678
10,35,2000,50,44,1,49,10,206.0,277.1512246264139
6,35,1500,50,46,0,87,5,88.0,0.0
8,35,1700,50,49,1,75,5,106.0,58.58996155370321
8,35,2500,50,48,0,45,6,126.0,0.0
3,35,2800,50,48,1,193,17,454.0,323.40452149073707
4,35,1500,50,37,1,49,5,98.0,49.98478342114418
4,35,2300,50,45,0,77,5,78.0,0.0
7,35,1600,50,47,1,27,2,54.0,28.898411952794845
6,35,1700,50,48,0,85,7,110.0,0.0
10,35,2000,50,39,0,69,8,240.0,0.0
6,35,2400,50,50,1,41,8,166.0,247.55179022382856
7,35,2100,50,46,0,111,7,232.0,0.0
6,35,2500,50,36,0,141,16,424.0,0.0
4,35,1800,50,36,1,35,3,96.0,35.4559779329968
7,35,2500,50,38,0,141,17,478.0,0.0
7,35,2000,50,42,1,101,8,176.0,135.77462059243615
5,35,1700,50,41,1,21,4,40.0,80.97287406756242
3,35,2600,50,40,0,211,18,452.0,0.0
6,35,2800,50,50,1,103,20,422.0,488.24468774738455
8,35,1800,50,35,1,71,13,250.0,70.54459724839067
6,35,2000,50,36,0,57,12,146.0,0.0
7,35,2500,50,37,1,131,22,420.0,309.5812826366157
6,35,2500,50,45,0,187,16,414.0,0.0
3,35,1700,50,46,0,123,7,124.0,0.0
9,35,2600,50,48,1,105,17,364.0,420.29383624773664
3,35,2000,50,50,0,75,6,144.0,0.0
9,35,2900,50,41,1,111,21,508.0,360.0001234642667
6,35,2200,50,42,0,85,11,284.0,0.0
10,35,2700,50,35,1,153,27,600.0,430.0976172883905
7,35,2200,50,40,0,81,7,148.0,0.0
4,35,1500,50,41,1,53,8,54.0,118.23675674108846
4,35,1500,50,47,0,101,7,112.0,0.0
5,35,2700,50,45,1,155,16,368.0,325.7245743371325
9,35,1500,50,47,1,33,7,64.0,102.33775341822107
3,35,2600,50,44,0,187,18,390.0,0.0
7,35,2400,50,37,1,95,14,328.0,197.53134144126514
5,35,2700,50,35,0,285,28,608.0,0.0
8,35,1800,50,42,0,35,4,100.0,0.0
10,35,1900,50,44,0,75,9,262.0,0.0
5,35,3000,50,43,0,113,16,428.0,0.0
3,35,1600,50,45,1,55,3,56.0,55.72784420189028
3,35,1900,50,41,1,59,7,148.0,117.12379751693469
6,35,1700,50,39,1,83,9,206.0,217.43225940862064
7,35,2400,50,38,0,99,19,448.0,0.0
7,35,1500,50,39,0,53,9,130.0,0.0
7,35,2400,50,40,1,135,16,348.0,206.3367498342245
10,35,1700,50,48,1,41,6,100.0,172.64584634812303
3,35,1900,50,50,1,51,4,86.0,132.95105136440654
3,35,2400,50,42,0,189,15,354.0,0.0
5,35,1500,50,37,0,55,7,148.0,0.0
9,35,2900,50,40,0,153,24,674.0,0.0
6,35,2700,50,41,0,187,20,488.0,0.0
7,35,2400,50,41,0,85,11,234.0,0.0
3,35,1700,50,49,1,103,5,132.0,56.56489246208848
10,35,2200,50,44,1,75,8,208.0,210.31438519450373
3,35,1900,50,42,1,99,10,230.0,244.364097276055
3,35,2900,50,40,0,275,19,614.0,0.0
8,34,1900,90,35,1,105,20,284.0,245.53515517697056
6,34,2600,90,36,1,97,30,430.0,412.0555557185511
9,34,2600,90,40,1,143,24,538.0,356.59452144098543
10,34,1900,90,48,0,61,9,186.0,0.0
6,35,2100,50,46,1,101,12,162.0,174.39416538715673
8,34,2500,90,49,0,137,17,494.0,0.0
5,34,2800,90,35,0,211,30,704.0,0.0
3,34,1600,90,36,0,59,7,100.0,0.0
7,34,1700,90,42,1,65,17,298.0,358.0918493869903
6,34,1800,90,37,1,75,11,204.0,195.54166476916166
5,34,1900,90,44,0,59,6,130.0,0.0
8,34,1600,90,48,0,67,6,132.0,0.0
8,34,2000,90,47,1,71,17,228.0,150.1222100865381
10,34,2000,90,36,0,75,15,244.0,0.0
4,34,2200,90,37,1,121,24,350.0,249.54309616782982
7,34,2100,90,43,0,113,19,420.0,0.0
4,34,2300,90,46,1,101,17,312.0,247.63562719830662
6,34,2400,90,43,1,171,18,372.0,364.713940408869
7,34,2900,90,49,1,81,21,322.0,348.10944347362425
10,34,1600,90,49,0,53,5,114.0,0.0
6,34,2300,90,38,0,127,11,384.0,0.0
9,34,3000,90,37,1,75,33,540.0,567.311836541359
3,34,2000,90,37,0,215,17,342.0,0.0
5,34,2700,90,39,0,155,20,458.0,0.0
4,34,2200,90,39,0,157,19,440.0,0.0
5,34,1700,90,50,1,57,6,86.0,50.09061951726881
10,34,2200,90,46,1,89,13,278.0,178.95346619462586
8,34,1800,90,43,1,95,11,184.0,144.8867928776014
9,34,2000,90,35,0,65,19,276.0,0.0
8,34,2700,90,37,1,75,30,404.0,517.4272986521709
10,34,1900,90,43,0,73,16,324.0,0.0
9,34,1900,90,37,1,47,14,182.0,136.1215294381594
5,34,2900,90,41,0,157,28,504.0,0.0
3,34,2500,90,41,1,139,23,376.0,374.7997300385188
6,34,2900,90,47,0,143,21,390.0,0.0
9,34,1900,90,39,1,109,7,254.0,204.61132702908066
7,34,1500,90,44,0,57,3,84.0,0.0
6,34,1600,90,45,1,57,6,112.0,137.3877811712201
8,34,2400,90,46,0,133,20,466.0,0.0
5,34,1900,90,49,1,21,4,40.0,49.232665183908026
8,34,2200,90,50,0,79,17,330.0,0.0
3,34,2200,90,47,1,127,10,280.0,182.59420209410902
3,34,2900,90,46,0,213,24,562.0,0.0
4,34,2700,90,38,0,177,27,584.0,0.0
4,34,2000,90,39,0,111,17,292.0,0.0
6,34,1700,90,38,1,49,13,192.0,134.09590185224752
4,34,2000,90,44,1,71,12,164.0,221.83363391058322
8,34,2200,90,48,1,143,10,284.0,303.9761358118755
3,34,2200,90,47,0,153,15,296.0,0.0
5,34,2400,90,37,1,91,25,298.0,305.5638357400515
5,34,1700,90,39,0,85,12,208.0,0.0
7,34,1800,90,42,0,69,8,214.0,0.0
5,34,2300,90,42,1,105,22,356.0,410.7705367460729
4,34,3000,90,49,1,143,22,378.0,411.13131597170684
6,34,2500,90,45,1,107,19,364.0,415.6593238407343
8,34,1500,90,49,0,71,4,102.0,0.0
7,34,2400,90,42,1,93,25,416.0,386.9890443164258
9,34,2900,90,46,0,161,24,528.0,0.0
8,34,2100,90,35,0,121,22,412.0,0.0
5,34,2500,90,41,1,103,29,334.0,475.8549043939534
7,34,1500,90,46,1,71,8,102.0,119.00664613521593
9,34,2800,90,46,0,137,24,576.0,0.0
9,34,1500,90,47,0,21,3,36.0,0.0
10,34,2300,90,35,1,117,21,354.0,283.4134334476247
5,34,2100,90,39,1,111,20,328.0,380.50959585739264
7,34,2800,90,39,0,161,29,530.0,0.0
5,34,2600,90,41,1,177,22,420.0,331.60943135606635
10,34,1800,90,47,0,83,6,144.0,0.0
5,34,2500,90,48,0,133,4,134.0,0.0
9,34,2400,90,44,1,105,15,268.0,321.216089985798
9,34,2300,90,42,0,107,20,424.0,0.0
7,34,2200,90,35,1,79,29,332.0,406.07570702422476
7,34,2000,90,35,0,115,23,462.0,0.0
4,34,2000,90,41,0,75,7,208.0,0.0
9,34,2800,90,48,1,163,16,464.0,443.52365615104736
5,34,2500,90,37,0,189,26,554.0,0.0
9,34,1500,90,50,1,57,7,84.0,160.174230381468
7,34,2300,90,42,1,151,21,410.0,328.694670314427
8,34,2500,90,37,0,141,24,558.0,0.0
9,34,2800,90,38,1,79,24,382.0,331.8527373801374
5,34,2100,90,43,1,115,21,344.0,438.8569201849172
4,34,2000,90,41,0,101,10,194.0,0.0
10,34,2500,90,36,0,187,31,712.0,0.0
4,34,2100,90,36,1,137,29,376.0,405.48141772457217
10,34,1500,90,50,0,29,3,54.0,0.0
4,34,2700,90,48,0,107,13,360.0,0.0
3,34,2200,90,47,1,167,19,394.0,304.5951524423493
6,34,2700,90,42,0,157,25,622.0,0.0
3,34,2100,90,40,1,107,18,244.0,218.02720833550754
4,34,2700,90,44,1,121,22,402.0,330.9667320117013
6,34,2400,90,44,0,133,21,556.0,0.0
9,34,1900,90,46,1,75,12,228.0,209.45693219676116
3,34,1500,90,48,1,29,5,62.0,125.50275737935522
3,34,2600,90,48,0,183,14,400.0,0.0
5,34,1700,90,37,1,67,7,120.0,71.41899643507311
10,34,1700,90,41,0,65,12,208.0,0.0
5,34,2900,90,41,1,101,33,440.0,504.3285150419196
5,34,1700,90,42,0,91,8,148.0,0.0
5,34,1600,90,47,0,31,1,32.0,0.0
4,34,2000,90,37,1,125,22,330.0,271.1411063125887
5,34,2400,90,49,0,93,12,342.0,0.0
6,34,2500,85,37,1,193,30,546.0,448.15653602467785
8,34,1500,85,38,1,73,12,110.0,84.60767716645066
4,34,2100,85,41,1,71,17,178.0,244.3594369791775
6,34,1700,85,47,0,55,7,130.0,0.0
9,34,1800,85,44,0,69,8,140.0,0.0
9,34,1700,85,42,0,85,8,178.0,0.0
6,34,2600,85,50,1,99,14,352.0,371.79593055531257
9,34,2400,85,36,1,85,19,374.0,268.5068424066962
4,34,2500,85,43,0,133,14,300.0,0.0
8,34,2100,85,44,1,109,12,308.0,213.94258142719784
9,34,2300,85,43,1,61,18,248.0,329.31640855541156
3,34,2400,85,41,0,217,20,476.0,0.0
7,34,2700,85,50,1,71,12,274.0,368.01210410019434
7,34,1900,85,46,0,99,13,232.0,0.0
3,34,1800,85,44,0,63,8,182.0,0.0
9,34,1500,85,38,0,47,6,132.0,0.0
3,34,1500,85,38,1,81,12,120.0,116.71132763032139
10,34,1700,85,36,1,41,13,168.0,92.78837189268103
7,34,2600,85,41,0,145,23,544.0,0.0
7,34,3000,85,42,1,81,30,422.0,578.7545907919597
4,34,1900,85,35,1,93,16,270.0,173.01722006908446
8,34,2400,85,45,0,89,12,382.0,0.0
6,34,1600,85,47,0,63,7,138.0,0.0
4,34,2000,85,46,0,37,8,136.0,0.0
7,34,2100,85,37,0,115,17,328.0,0.0
9,34,3000,85,46,1,175,22,542.0,416.31405680342243
8,34,1500,85,45,0,29,3,72.0,0.0
4,34,2400,85,45,0,127,15,298.0,0.0
4,34,2000,85,48,1,101,10,198.0,287.7034287324588
6,34,2500,85,48,1,237,15,482.0,439.9403639362758
5,34,1800,85,50,0,79,5,80.0,0.0
5,34,2900,85,49,1,155,25,482.0,405.84580165601204
5,34,3000,85,42,1,155,33,556.0,661.5371761666834
7,34,1500,85,35,0,99,17,264.0,0.0
9,34,1800,85,37,1,59,15,258.0,170.62824382945487
7,34,2700,85,36,0,143,27,596.0,0.0
10,34,2200,85,40,1,67,16,310.0,203.34301594180886
3,34,1600,85,43,0,31,4,74.0,0.0
3,34,2800,85,35,0,157,27,458.0,0.0
10,34,2100,85,45,1,81,10,262.0,225.04972157118573
9,34,1600,85,35,1,83,15,232.0,208.1584969208111
3,34,2800,85,35,0,255,31,512.0,0.0
5,34,3000,85,45,1,197,33,628.0,667.6411541482435
6,34,2300,85,46,0,173,13,342.0,0.0
9,34,1800,85,48,1,91,7,234.0,225.8881601496406
6,34,1500,85,49,0,21,1,22.0,0.0
6,34,2600,85,44,1,145,19,452.0,592.0820011259883
6,34,1700,85,37,0,51,9,150.0,0.0
7,34,2500,85,41,1,113,26,448.0,484.2018420708857
7,34,1800,85,43,1,57,9,178.0,105.98677237267277
5,34,2300,85,46,0,135,15,384.0,0.0
9,34,2400,85,50,0,121,11,274.0,0.0
9,34,1500,85,50,0,17,1,18.0,0.0
3,34,2900,85,49,1,209,24,494.0,336.4343464304782
6,34,3000,85,40,1,117,32,506.0,553.5759916823421
5,34,2100,85,39,0,119,17,352.0,0.0
5,34,2700,85,37,0,199,29,652.0,0.0
7,34,1700,85,47,1,57,6,124.0,78.98389450235798
8,34,2300,85,48,0,123,14,294.0,0.0
10,34,2200,85,40,1,59,20,290.0,345.7191446356796
7,34,3000,85,49,1,123,29,576.0,485.0410513552029
4,34,3000,85,41,0,173,25,558.0,0.0
8,34,1900,85,35,1,75,20,296.0,208.14500167684068
8,34,2500,85,43,0,47,17,258.0,0.0
4,34,2500,85,35,0,185,29,568.0,0.0
3,34,3000,85,39,1,169,34,370.0,659.2935398779931
3,34,2500,85,46,1,127,22,308.0,324.94883897226845
8,34,2400,85,47,0,83,10,226.0,0.0
6,34,2200,85,36,1,83,26,392.0,288.18882447639953
4,34,2400,85,41,1,127,28,410.0,536.5056029868231
9,34,2800,85,44,0,153,26,562.0,0.0
6,34,2600,85,45,0,123,21,462.0,0.0
4,34,1900,85,48,0,155,11,254.0,0.0
6,34,2500,85,41,1,111,21,472.0,383.61089902420906
5,34,2300,85,49,1,97,14,232.0,191.37080257768258
8,34,2700,85,49,0,107,20,504.0,0.0
8,34,2200,85,35,1,125,24,476.0,462.64260313045884
10,34,2200,85,41,1,71,17,276.0,379.53353171486253
3,34,2300,85,39,0,169,18,396.0,0.0
8,34,2800,85,44,1,75,17,342.0,323.44123640547053
7,34,1800,85,40,0,103,10,270.0,0.0
6,34,2800,85,47,1,101,25,402.0,367.3481140016623
9,34,2400,85,48,0,95,14,306.0,0.0
8,34,2400,85,39,0,87,21,326.0,0.0
10,34,1500,85,35,1,41,12,110.0,90.13424082509793
4,34,2000,85,36,1,73,13,172.0,110.04011482554796
10,34,2800,85,40,0,153,26,524.0,0.0
3,34,1700,85,40,1,75,13,152.0,158.13281491241992
7,34,2600,85,38,0,137,22,466.0,0.0
10,34,2600,85,47,0,103,14,420.0,0.0
8,34,2000,85,38,0,79,12,230.0,0.0
10,34,3000,85,38,1,85,31,508.0,482.9288264449352
4,34,1800,85,40,1,105,7,162.0,113.01750003103774
10,34,1500,85,41,0,53,4,76.0,0.0
4,34,2900,85,43,1,141,15,352.0,340.5391213817513
5,34,2400,85,46,1,95,21,336.0,344.10846511688806
4,34,2600,85,47,0,167,17,426.0,0.0
4,34,1600,85,47,0,27,3,46.0,0.0
6,34,2400,80,41,1,75,17,294.0,356.90838390252844
4,34,1700,80,40,1,31,5,86.0,51.630407424521145
5,34,1600,85,42,0,89,7,142.0,0.0
8,34,2600,80,44,0,117,19,390.0,0.0
7,34,2500,80,50,1,97,13,206.0,228.2463651954928
3,34,2400,80,43,0,179,17,338.0,0.0
6,34,2500,85,50,1,95,20,416.0,420.5647935943763
8,34,2200,80,40,1,81,17,208.0,208.95600438126164
4,34,1900,80,43,0,121,7,188.0,0.0
9,34,2700,80,45,0,135,21,532.0,0.0
10,34,1900,80,48,0,95,13,224.0,0.0
10,34,2500,80,42,1,133,20,520.0,387.35974584256803
5,34,2800,80,49,0,169,20,568.0,0.0
5,34,2900,80,49,1,159,25,500.0,345.55390417964543
6,34,2100,80,35,0,123,16,348.0,0.0
10,34,1800,80,43,1,43,12,164.0,207.26409757233495
6,34,2200,80,46,0,129,9,214.0,0.0
10,34,2200,80,46,1,111,8,160.0,187.0225227276615
6,34,2400,80,49,1,87,17,324.0,352.14697205982367
9,34,2800,80,46,0,143,16,434.0,0.0
5,34,2600,80,47,1,97,16,360.0,344.0258306161657
7,34,1700,80,36,1,65,10,168.0,94.63532955687246
8,34,1900,80,37,0,69,15,222.0,0.0
8,34,1500,80,39,1,35,11,120.0,214.05188621620914
7,34,1600,80,43,0,85,8,170.0,0.0
9,34,2300,80,48,0,91,13,272.0,0.0
8,34,3000,80,48,1,125,20,382.0,611.7575140631201
4,34,2800,80,43,0,203,25,622.0,0.0
5,34,2700,80,35,1,99,33,434.0,425.15251361422725
10,34,2300,80,35,1,69,20,346.0,357.52865415285083
5,34,2700,80,35,0,153,25,686.0,0.0
9,34,2900,80,46,0,143,15,360.0,0.0
3,34,1600,80,46,0,63,5,124.0,0.0
7,34,1800,80,50,1,33,2,50.0,70.00559215502057
4,34,2900,80,45,1,115,33,442.0,558.9813425770241
7,34,2000,80,35,0,131,19,420.0,0.0
7,34,2800,80,38,1,91,34,496.0,685.921361101049
9,34,2100,80,36,1,151,15,400.0,173.60096028927984
6,34,2600,80,41,0,223,25,640.0,0.0
9,34,3000,80,41,0,113,28,642.0,0.0
3,34,1900,80,38,1,135,15,304.0,188.2839827096664
4,34,2400,80,47,0,129,12,264.0,0.0
9,34,2500,80,40,1,69,23,300.0,331.3824462932826
9,34,2100,80,41,1,53,18,296.0,346.78445237161185
7,34,2100,80,46,0,77,10,218.0,0.0
9,34,1800,80,44,1,41,6,126.0,242.7178467576268
9,34,2900,80,43,0,109,20,524.0,0.0
10,34,3000,80,48,0,113,19,458.0,0.0
4,34,2900,80,48,1,119,21,326.0,580.3592975445787
10,34,2800,80,41,1,155,18,578.0,462.58217966487024
6,34,2700,80,41,1,89,27,346.0,491.711937047816
9,34,1600,80,45,0,31,7,78.0,0.0
10,34,1700,80,50,0,33,5,96.0,0.0
5,34,3000,80,40,1,105,32,404.0,485.14349647294955
6,34,1800,80,42,0,119,15,210.0,0.0
4,34,2900,80,47,0,169,24,454.0,0.0
10,34,2200,80,35,1,59,23,384.0,287.06988664178243
5,34,2900,80,36,1,215,31,632.0,371.78087632631673
10,34,1700,80,36,1,61,9,140.0,74.61693816772569
9,34,2100,80,46,1,51,10,186.0,190.55820212235685
6,34,1900,80,50,0,97,7,166.0,0.0
6,34,2800,80,50,0,163,16,452.0,0.0
3,34,2100,80,50,0,79,8,192.0,0.0
3,34,1600,80,36,1,125,13,174.0,117.07205621957115
5,34,1800,80,36,1,51,12,166.0,127.29683043702806
5,34,2800,80,42,0,151,19,552.0,0.0
6,34,1800,80,43,1,89,6,150.0,77.81017451390744
6,34,2700,80,46,0,249,22,736.0,0.0
10,34,3000,80,44,0,113,24,614.0,0.0
5,34,2600,80,36,1,103,32,422.0,419.3205107284329
6,34,1600,80,44,0,31,5,74.0,0.0
6,34,2000,80,37,1,69,21,294.0,270.80278475186617
3,34,2300,80,35,0,163,23,424.0,0.0
4,34,2400,80,38,0,137,24,492.0,0.0
4,34,1500,80,40,1,29,4,86.0,58.76404620681496
3,34,2800,80,41,1,157,33,426.0,459.13056110628827
7,34,1800,80,46,0,91,6,126.0,0.0
8,34,2000,80,48,0,77,7,194.0,0.0
5,34,2100,80,37,0,111,18,252.0,0.0
7,34,1600,80,38,0,77,8,138.0,0.0
10,34,1900,80,39,0,69,19,294.0,0.0
10,34,2000,80,48,1,55,10,206.0,302.9344694803851
6,34,2100,80,39,1,107,15,258.0,344.3339717475434
10,34,2200,80,48,1,81,9,234.0,245.6553940193162
7,34,2500,80,49,1,67,15,282.0,285.8731734462683
5,34,3000,80,38,1,161,33,432.0,509.9110604991248
4,34,1500,80,39,1,59,5,82.0,93.32358007233886
8,34,1600,80,38,0,91,11,190.0,0.0
5,34,2800,80,40,0,139,30,560.0,0.0
8,34,1500,80,41,1,45,8,90.0,142.61385734058177
4,34,2400,80,43,0,171,18,386.0,0.0
10,34,2900,80,48,0,115,24,688.0,0.0
7,34,2500,80,36,1,81,32,400.0,484.74207987482555
6,34,1800,80,39,1,113,12,208.0,254.85120839861827
9,34,1700,80,39,1,31,5,110.0,146.03265818166653
10,34,2800,80,48,0,109,16,502.0,0.0
4,34,3000,80,43,1,157,29,464.0,453.1226818526572
3,34,2700,80,43,0,199,15,380.0,0.0
6,34,2400,80,49,0,121,13,256.0,0.0
5,34,2400,80,36,1,115,29,332.0,391.226582904861
3,34,1900,75,40,1,85,11,160.0,128.60482460898385
5,34,1800,75,46,0,97,4,134.0,0.0
9,34,1800,75,50,1,59,10,154.0,203.81991865919778
5,34,2900,75,49,0,179,14,422.0,0.0
3,34,3000,80,44,0,233,22,552.0,0.0
9,34,2700,80,49,0,151,20,518.0,0.0
4,34,1800,75,35,0,133,17,270.0,0.0
8,34,1600,75,39,1,57,8,106.0,224.2217676458445
8,34,2900,75,39,1,231,30,764.0,695.0372125098188
9,34,1700,75,43,0,51,6,116.0,0.0
5,34,2800,75,44,0,161,24,586.0,0.0
3,34,2300,75,44,1,111,19,246.0,313.29241971694523
3,34,2900,75,50,1,123,19,340.0,436.00192037233876
6,34,1800,75,35,0,99,10,228.0,0.0
10,34,2000,75,36,0,119,17,330.0,0.0
7,34,2800,75,44,1,133,25,548.0,593.3927862567084
9,34,1900,75,48,1,71,7,166.0,177.06341843403374
10,34,2500,75,43,0,93,15,430.0,0.0
7,34,2500,75,38,1,89,28,410.0,448.8557699363845
8,34,2100,75,49,0,81,12,278.0,0.0
4,34,2600,75,40,0,175,19,402.0,0.0
9,34,1800,75,41,1,37,8,136.0,215.8850408121686
9,34,1700,75,42,1,65,7,122.0,120.82606769740339
5,34,1500,75,42,1,29,2,50.0,43.09986659139775
8,34,1500,75,46,1,75,8,96.0,94.84370874968923
9,34,2100,75,49,0,73,6,152.0,0.0
7,34,2700,75,46,0,153,21,562.0,0.0
9,34,2600,75,39,1,109,24,498.0,516.4664305150307
8,34,2500,75,40,0,93,20,352.0,0.0
6,34,2300,75,43,1,87,23,268.0,391.6453778730674
6,34,1700,75,46,0,57,6,114.0,0.0
8,34,2700,75,50,1,139,19,526.0,489.5817499281782
6,34,2400,75,44,0,135,11,324.0,0.0
6,34,1800,75,48,0,67,6,132.0,0.0
5,34,1700,75,35,1,87,18,294.0,169.14765768583956
6,34,1900,75,37,1,61,9,162.0,160.84066507346222
5,34,2600,75,40,1,131,27,402.0,333.4860543202743
10,34,1700,75,44,0,57,7,124.0,0.0
8,34,2700,75,42,0,143,22,598.0,0.0
10,34,2300,75,46,1,89,17,412.0,279.5942329803637
7,34,2200,75,45,0,107,12,270.0,0.0
6,34,1600,75,36,1,117,16,188.0,128.63720854732284
6,34,2400,75,35,1,91,28,376.0,372.99711081104766
3,34,2500,75,48,0,139,13,314.0,0.0
5,34,2200,75,47,0,115,11,256.0,0.0
5,34,1600,75,45,1,63,6,122.0,119.45027647897183
4,34,2900,75,50,0,165,22,488.0,0.0
8,34,3000,75,50,0,109,16,436.0,0.0
3,34,2100,75,38,1,121,18,264.0,267.99915539663175
7,34,1500,75,41,1,47,9,118.0,159.41769318403692
10,34,1900,75,43,1,39,6,130.0,76.14296508851429
9,34,2300,75,39,1,87,14,390.0,395.31590625861134
5,34,2100,75,49,0,35,3,96.0,0.0
3,34,2500,75,46,0,143,12,294.0,0.0
6,34,2700,75,49,0,243,19,524.0,0.0
5,34,2900,75,37,0,167,29,590.0,0.0
7,34,2700,75,42,0,107,13,492.0,0.0
9,34,1700,75,41,0,65,7,90.0,0.0
6,34,3000,75,43,1,107,29,438.0,552.9335007382853
4,34,2700,75,44,1,119,25,372.0,389.55835953335634
4,34,2200,75,47,1,67,13,170.0,190.4790759657111
4,34,2500,75,45,0,121,12,290.0,0.0
4,34,2800,75,36,1,207,29,440.0,352.1865995565575
9,34,2500,75,38,0,189,21,592.0,0.0
9,34,2500,75,42,1,81,20,426.0,334.27690287608914
10,34,1700,75,47,0,87,10,204.0,0.0
6,34,2300,75,50,1,103,18,316.0,408.22365210229185
8,34,1500,75,49,1,103,6,132.0,72.03710172842014
8,34,2000,75,37,0,75,15,254.0,0.0
8,34,1800,75,48,0,105,9,204.0,0.0
4,34,2500,75,42,0,227,18,502.0,0.0
9,34,2600,75,42,1,93,15,334.0,238.92284451447765
4,34,2200,75,39,1,101,12,194.0,229.27321129936075
8,34,3000,75,47,0,273,26,760.0,0.0
9,34,2800,75,49,1,127,15,338.0,251.85867246283698
3,34,2100,75,49,1,69,4,104.0,32.258646023948174
4,34,1600,75,49,0,91,6,124.0,0.0
4,34,2100,75,36,0,115,18,248.0,0.0
5,34,2100,75,36,0,235,15,434.0,0.0
3,34,1800,75,38,0,155,15,282.0,0.0
5,34,1800,75,42,1,73,11,200.0,182.44326250213442
5,34,2200,75,45,1,115,16,266.0,372.0365022288082
5,34,2900,75,44,1,173,26,506.0,426.09950307076565
3,34,2600,75,44,0,201,15,452.0,0.0
8,34,2700,75,40,1,149,24,736.0,465.4202201586618
6,34,2800,75,36,1,95,30,388.0,387.27461217156116
5,34,1900,75,39,0,101,10,196.0,0.0
3,34,2200,75,40,1,109,10,160.0,103.06487306196081
7,34,1700,75,44,0,55,7,138.0,0.0
4,34,2400,75,42,0,173,14,264.0,0.0
10,34,2600,75,50,1,95,23,380.0,564.3383310303682
3,34,2600,75,37,1,123,33,314.0,442.7632192219784
4,34,1900,75,40,0,63,10,194.0,0.0
5,34,2000,75,47,0,145,9,218.0,0.0
8,34,2700,75,43,0,139,20,522.0,0.0
6,34,1500,75,45,1,41,6,104.0,76.43176937995872
10,34,3000,75,42,1,113,22,486.0,345.74570552888497
5,34,1500,75,44,1,55,7,136.0,167.44060905472543
5,34,2300,75,46,0,159,14,358.0,0.0
4,34,1800,75,42,0,89,11,158.0,0.0
7,34,2900,75,38,0,149,32,542.0,0.0
7,34,2000,70,41,1,87,11,128.0,247.05443361240643
5,34,1800,75,42,1,91,12,230.0,214.76286626286992
10,34,2700,70,41,1,81,21,432.0,497.27437407879233
10,34,2200,70,45,0,43,5,92.0,0.0
5,34,1800,70,46,0,93,8,218.0,0.0
10,34,2800,70,47,1,81,19,382.0,227.81297825746125
6,34,1500,70,36,0,59,13,182.0,0.0
9,34,1900,70,36,1,113,16,314.0,176.3899626722686
8,34,1600,70,39,0,61,12,200.0,0.0
5,34,1500,70,35,1,103,12,140.0,144.35213344440612
8,34,2500,70,40,0,129,20,494.0,0.0
7,34,2200,70,46,0,73,9,222.0,0.0
5,34,1600,70,43,1,113,10,178.0,135.68199887456205
3,34,2300,70,35,1,131,26,318.0,292.61283672092225
5,34,1700,70,37,0,111,13,178.0,0.0
5,34,3000,70,39,1,139,29,520.0,539.8251260660478
8,34,2400,70,44,0,123,14,298.0,0.0
5,34,3000,70,47,0,171,21,632.0,0.0
5,34,2600,70,47,1,185,16,494.0,265.3587577400472
3,34,2400,70,47,1,131,14,340.0,222.84435622275961
3,34,2800,70,37,0,239,30,616.0,0.0
3,34,1900,70,42,1,107,13,238.0,175.88503154275872
10,34,2600,70,35,1,97,28,578.0,546.966022158401
9,34,1800,70,39,1,53,11,170.0,285.2998506541843
7,34,2000,70,49,0,95,9,208.0,0.0
3,34,1500,70,49,0,39,4,88.0,0.0
5,34,1800,70,49,0,131,12,222.0,0.0
10,34,1800,70,39,0,105,14,260.0,0.0
8,34,3000,70,41,1,115,23,460.0,434.0878155216767
4,34,2700,70,43,1,123,27,348.0,450.1908401255631
5,34,2400,70,40,0,145,15,408.0,0.0
3,34,2600,70,41,0,145,15,304.0,0.0
4,34,2300,70,42,1,147,20,380.0,311.95986936911964
3,34,2600,70,47,1,191,22,318.0,287.74547070221087
5,34,3000,70,38,0,169,30,722.0,0.0
9,34,1800,70,35,0,99,8,196.0,0.0
3,34,1600,70,36,1,51,13,140.0,110.7761932484185
4,34,1600,70,36,1,99,21,240.0,212.6961952675185
3,34,1900,70,36,1,93,16,166.0,153.38688861560428
5,34,1700,70,42,0,61,5,144.0,0.0
5,34,1800,70,40,1,95,7,230.0,99.09271603001143
3,34,2500,70,40,0,233,19,450.0,0.0
10,34,2500,70,45,0,129,19,488.0,0.0
8,34,2900,70,35,0,169,29,606.0,0.0
5,34,2200,70,38,0,131,15,320.0,0.0
5,34,1500,70,43,1,69,4,70.0,64.92064787748947
10,34,1900,70,45,1,75,13,282.0,293.5760410652773
4,34,2700,70,42,0,201,21,592.0,0.0
9,34,2900,70,44,1,107,23,636.0,505.0635083485039
8,34,3000,70,38,1,105,32,548.0,522.7969398468374
10,34,1700,70,35,0,77,9,206.0,0.0
7,34,2300,70,37,0,159,23,556.0,0.0
8,34,2300,70,45,0,85,13,254.0,0.0
10,34,2500,70,37,1,91,23,454.0,367.31482444410915
10,34,1500,70,49,1,29,4,54.0,35.73087875939964
10,34,2400,70,37,1,93,20,380.0,411.7404755143496
4,34,2100,70,47,0,69,8,164.0,0.0
4,34,2100,70,49,1,71,9,198.0,119.42272426109845
7,34,1500,70,40,0,47,8,126.0,0.0
5,34,2200,70,40,1,111,24,332.0,404.09567088615194
4,34,1900,70,43,0,53,6,120.0,0.0
5,34,2200,70,43,0,79,13,250.0,0.0
6,34,1700,70,49,1,55,8,146.0,120.17582715207433
7,34,2400,70,46,0,127,17,344.0,0.0
7,34,2800,70,48,1,153,20,452.0,506.49208542286317
5,34,2400,70,37,1,129,17,426.0,213.93541406175072
3,34,1700,70,38,0,61,6,74.0,0.0
6,34,1700,70,39,0,97,11,258.0,0.0
5,34,2500,70,45,0,129,7,240.0,0.0
9,34,1700,70,43,1,63,9,162.0,125.30145026956126
10,34,2100,70,47,1,83,11,246.0,139.14097239988033
5,34,1700,70,49,1,41,4,98.0,56.967378529518626
6,34,1900,70,36,0,121,14,256.0,0.0
4,34,2700,70,39,0,169,17,390.0,0.0
5,34,1900,70,39,1,87,15,188.0,346.349215754511
10,34,2000,70,40,0,69,11,242.0,0.0
9,34,2800,70,39,1,55,23,346.0,509.4374050699613
7,34,2100,70,45,0,81,8,200.0,0.0
3,34,1600,70,47,1,29,4,72.0,68.16185217733427
5,34,2100,70,37,0,113,15,336.0,0.0
6,34,2100,70,38,1,87,21,224.0,362.40861804957296
7,34,2900,70,40,0,151,29,696.0,0.0
7,34,2700,70,41,1,107,26,408.0,511.3908984685117
10,34,2900,70,43,0,161,22,578.0,0.0
7,34,2400,70,44,1,91,11,266.0,247.189523348188
8,34,2800,70,43,1,111,20,540.0,481.50630449500164
4,34,1600,70,37,0,51,5,78.0,0.0
10,34,2200,70,37,1,55,20,272.0,329.0128582317677
4,34,2200,70,39,1,245,22,464.0,467.77978130994086
6,34,2400,70,48,0,123,12,256.0,0.0
8,34,1600,70,36,0,83,10,222.0,0.0
4,34,1600,70,48,1,75,6,136.0,153.83495817344192
7,34,3000,70,47,0,165,28,662.0,0.0
10,34,2000,70,35,1,79,16,242.0,123.13180138403807
8,34,1500,70,42,1,119,11,198.0,218.84613482341615
8,34,2200,70,40,0,109,11,228.0,0.0
8,34,2700,70,40,0,143,19,512.0,0.0
9,34,1700,70,48,1,65,3,100.0,100.51064314144651
5,34,2800,70,50,1,189,13,368.0,399.3556166948261
7,34,1800,70,48,0,127,8,162.0,0.0
4,34,3000,70,43,0,213,19,636.0,0.0
5,34,2000,65,37,1,73,16,226.0,208.62881645883976
6,34,2300,65,37,1,159,16,466.0,200.78117229738663
8,34,1600,65,42,1,47,5,80.0,79.24429310335246
10,34,1800,65,41,0,65,12,222.0,0.0
3,34,2000,65,42,0,181,16,310.0,0.0
6,34,2400,65,44,1,77,16,292.0,377.82653962655723
3,34,2200,65,40,0,167,17,404.0,0.0
8,34,1700,65,41,1,93,14,262.0,310.26169273666864
8,34,2700,65,47,0,97,16,318.0,0.0
3,34,1700,65,40,0,143,11,232.0,0.0
7,34,2000,65,49,1,101,6,170.0,72.35983348706635
10,34,2800,65,49,0,155,12,380.0,0.0
7,34,1700,65,50,0,113,5,114.0,0.0
7,34,2000,65,49,1,115,7,202.0,77.21594861751039
5,34,2800,65,37,1,143,29,412.0,319.2061210267484
3,34,1600,65,40,0,49,6,96.0,0.0
5,34,1900,65,43,1,67,9,160.0,128.30912965427137
5,34,2100,65,43,1,61,9,182.0,153.215876989483
9,34,2400,65,50,1,87,14,276.0,353.30689603825647
5,34,1700,65,45,0,89,9,190.0,0.0
10,34,2900,65,48,0,109,11,354.0,0.0
4,34,1900,65,42,1,73,12,170.0,197.42157129777644
8,34,1900,65,43,1,41,6,80.0,87.84414568310899
6,34,2700,65,45,0,141,20,518.0,0.0
8,34,1600,65,50,0,31,4,64.0,0.0
9,34,2700,65,41,0,149,17,598.0,0.0
6,34,2100,65,38,1,107,21,342.0,281.91214089618023
3,34,1500,65,44,0,35,3,42.0,0.0
9,34,2200,65,35,0,85,16,368.0,0.0
9,34,2300,65,37,0,127,19,462.0,0.0
3,34,2200,65,38,1,183,20,300.0,180.95434611063692
4,34,2900,65,40,1,161,29,408.0,411.0665852701563
7,34,1700,65,46,1,31,4,122.0,46.7192600069124
4,34,2800,65,41,0,201,24,544.0,0.0
8,34,2500,65,44,1,97,18,410.0,400.2076232137258
7,34,1800,65,35,1,101,11,240.0,112.33065816187656
6,34,1600,65,39,1,53,8,132.0,145.39348456319578
5,34,1700,65,40,0,123,11,228.0,0.0
5,34,2000,65,44,0,151,9,270.0,0.0
5,34,2700,65,36,0,199,27,566.0,0.0
4,34,2900,65,45,0,157,14,472.0,0.0
7,34,2700,65,49,1,87,14,250.0,200.5861719291749
8,34,2900,65,38,1,121,26,488.0,461.36419828908254
10,34,1700,65,42,1,31,7,106.0,87.25767383802015
9,34,1600,65,40,0,31,7,82.0,0.0
5,34,2200,65,48,0,115,12,272.0,0.0
4,34,2600,65,50,1,127,16,302.0,477.1861264680136
5,34,1500,65,48,1,27,3,76.0,109.88154088496815
8,34,2200,65,46,0,83,12,268.0,0.0
4,34,2200,65,36,1,83,24,296.0,264.4432992071855
7,34,1700,65,39,1,53,10,140.0,231.0359799540124
7,34,2300,65,45,0,79,12,262.0,0.0
8,34,3000,65,49,0,117,20,562.0,0.0
9,34,1600,65,48,0,25,1,26.0,0.0
10,34,2500,65,48,0,189,14,342.0,0.0
4,34,2800,65,50,1,161,7,268.0,154.39830678200173
6,34,3000,65,38,1,129,33,428.0,695.6028359663865
6,34,2900,65,41,1,131,30,486.0,588.3740151810048
9,34,3000,65,44,1,95,23,466.0,426.34275776963403
8,34,1900,65,42,0,63,13,198.0,0.0
6,34,2000,65,36,0,77,12,330.0,0.0
7,34,1800,65,49,0,77,10,180.0,0.0
3,34,2100,65,50,1,119,9,226.0,221.26742353666427
6,34,1900,65,37,0,99,11,262.0,0.0
4,34,2800,65,37,1,137,29,366.0,472.71852013109833
6,34,2600,65,38,0,99,22,506.0,0.0
6,34,2600,65,46,0,129,10,310.0,0.0
8,34,1900,65,48,1,81,11,270.0,283.71613523925953
7,34,1700,65,50,0,93,6,142.0,0.0
9,34,2800,65,50,1,209,14,612.0,350.8950030157499
3,34,1600,65,39,1,35,4,66.0,87.06236664580935
10,34,1500,65,35,0,59,5,88.0,0.0
9,34,2500,65,37,1,85,23,432.0,425.4547808394448
8,34,1600,65,42,0,53,3,54.0,0.0
5,34,1600,65,41,1,79,4,80.0,93.22497140260914
5,34,1800,65,49,1,87,8,88.0,55.97556962877289
8,34,2500,65,41,0,141,21,446.0,0.0
7,34,1700,65,35,0,41,9,162.0,0.0
9,34,2100,65,35,0,113,18,456.0,0.0
10,34,1800,65,35,1,87,11,254.0,98.34479990452836
7,34,2600,65,35,0,119,22,382.0,0.0
10,34,2700,65,43,1,107,19,406.0,286.94835047422663
10,34,2500,65,45,0,139,13,360.0,0.0
6,34,2200,65,43,1,117,21,294.0,458.3507897720787
6,34,2000,65,35,1,117,17,304.0,193.76044866211038
6,34,2200,65,37,0,75,10,232.0,0.0
4,34,3000,65,37,1,145,34,464.0,506.0467398213165
3,34,1900,65,40,1,125,7,158.0,69.36452453841319
3,34,2700,65,38,0,201,26,596.0,0.0
4,34,2800,65,49,0,147,16,392.0,0.0
10,34,3000,65,49,1,163,22,670.0,429.9313408636975
7,34,1500,65,36,1,41,7,78.0,78.90750834708209
10,34,2900,65,39,0,107,27,622.0,0.0
5,34,1800,65,39,1,65,10,182.0,223.04155118485343
7,34,1500,65,44,0,51,5,82.0,0.0
8,34,1500,65,42,1,35,6,62.0,110.14479366089328
5,34,2300,65,40,0,169,13,366.0,0.0
6,34,2600,65,50,0,199,19,592.0,0.0
7,34,2200,60,37,0,85,14,210.0,0.0
9,34,1600,60,42,0,63,8,156.0,0.0
5,34,1900,65,45,0,121,9,198.0,0.0
3,34,2300,60,38,1,165,19,412.0,198.49878413981853
4,34,2400,65,49,1,77,12,248.0,154.3899544512387
10,34,2100,60,50,1,59,6,90.0,103.5310791355758
3,34,2500,60,50,1,183,11,382.0,308.7415419851488
7,34,2500,60,43,0,133,20,492.0,0.0
6,34,2900,60,41,1,147,20,310.0,229.6388744085737
9,34,2400,60,46,1,103,9,234.0,151.09902745143782
8,34,2600,60,46,1,57,15,260.0,168.77315815781012
6,34,2500,60,46,0,141,11,370.0,0.0
9,34,2600,60,41,0,151,18,410.0,0.0
10,34,2800,60,42,0,161,18,562.0,0.0
10,34,1700,60,36,1,37,11,108.0,87.06925321704772
6,34,1800,60,37,0,67,11,152.0,0.0
7,34,3000,60,44,1,79,17,336.0,284.38528198976184
7,34,2300,60,44,0,119,13,326.0,0.0
4,34,1700,60,48,1,71,7,140.0,168.75755113153136
4,34,2200,60,43,0,163,12,308.0,0.0
6,34,2900,60,48,1,163,17,656.0,397.13747839607146
3,34,2300,60,36,1,195,21,320.0,223.90585457348922
9,34,3000,60,38,0,151,30,722.0,0.0
10,34,2400,60,40,0,163,19,498.0,0.0
10,34,1800,60,44,0,69,9,186.0,0.0
10,34,2500,60,41,1,67,16,302.0,216.20570036185973
4,34,3000,60,41,1,207,26,502.0,420.579101439914
7,34,1600,60,49,0,43,4,74.0,0.0
6,34,1800,60,36,1,77,14,196.0,137.32637764813143
10,34,2700,60,37,1,97,22,444.0,292.92664376140993
9,34,2600,60,38,0,133,24,656.0,0.0
5,34,2700,60,42,0,137,21,404.0,0.0
3,34,2400,60,44,1,163,9,284.0,152.21551718547312
3,34,2500,60,40,0,273,18,414.0,0.0
4,34,2000,60,48,1,119,9,156.0,180.95687728816475
6,34,2000,60,35,1,111,10,240.0,126.3045021737531
9,34,1900,60,37,0,43,4,118.0,0.0
8,34,2900,60,36,0,143,29,562.0,0.0
9,34,2200,60,39,1,71,21,304.0,441.8403682865159
8,34,1500,60,39,1,29,5,80.0,152.28993990166313
7,34,2900,60,37,0,153,24,628.0,0.0
4,34,2000,60,43,0,111,11,258.0,0.0
9,34,1700,60,36,1,49,14,150.0,95.51843218008537
8,34,2400,60,36,1,91,22,360.0,284.9934565348912
10,34,2700,60,37,1,103,30,642.0,498.8211140558348
10,34,2300,60,44,0,87,8,218.0,0.0
5,34,2400,60,50,0,91,8,218.0,0.0
4,34,2600,60,48,1,63,6,164.0,151.5026226324823
6,34,2500,60,46,0,127,10,300.0,0.0
4,34,2300,60,36,1,171,22,410.0,192.28815865255282
6,34,2500,60,37,0,145,19,474.0,0.0
10,34,1500,60,44,0,83,8,140.0,0.0
3,34,1700,60,37,1,63,6,140.0,101.18674833982664
10,34,2700,60,36,1,101,29,536.0,442.56507796460846
7,34,3000,60,37,0,169,31,736.0,0.0
3,34,2900,60,37,0,253,30,554.0,0.0
10,34,2100,60,36,0,81,11,316.0,0.0
10,34,2600,60,39,0,101,23,648.0,0.0
9,34,3000,60,40,1,155,23,506.0,312.46821898197595
7,34,1500,60,43,1,65,5,66.0,89.41133032302452
6,34,1600,60,50,1,65,4,66.0,97.13238216466159
5,34,2500,60,45,1,155,18,356.0,397.55603489563543
10,34,1900,60,47,0,59,5,60.0,0.0
10,34,2700,60,35,1,71,29,460.0,469.7018879848624
4,34,1900,60,41,0,97,10,146.0,0.0
7,34,1800,60,45,0,129,9,192.0,0.0
4,34,2400,60,46,1,153,18,320.0,345.05988740611787
7,34,2500,60,47,0,95,10,280.0,0.0
3,34,2800,60,45,0,175,15,362.0,0.0
3,34,2300,60,49,1,111,11,204.0,189.27490509432403
7,34,2700,60,36,0,147,21,444.0,0.0
10,34,2000,60,36,1,69,14,258.0,164.8522536757863
5,34,1900,60,39,0,71,8,170.0,0.0
8,34,2500,60,43,1,83,14,310.0,225.1816385154666
6,34,2600,60,50,1,157,9,268.0,175.73297207160556
7,34,2700,60,41,1,249,21,570.0,595.3030827454756
6,34,2600,60,50,0,109,12,304.0,0.0
6,34,2500,60,38,0,189,18,578.0,0.0
10,34,2800,60,46,0,111,17,448.0,0.0
10,34,2500,60,46,0,95,13,320.0,0.0
7,34,2700,60,49,1,87,18,374.0,339.303756442561
6,34,2900,60,46,0,155,21,502.0,0.0
3,34,2400,60,49,1,207,13,250.0,208.68241976694094
6,34,3000,60,45,1,157,21,530.0,522.8391832623046
5,34,3000,60,38,1,143,32,518.0,554.2292129905828
6,34,2200,60,38,0,79,6,192.0,0.0
4,34,2200,60,47,1,121,9,234.0,95.86646741326574
7,34,2300,60,47,0,133,12,220.0,0.0
3,34,1600,60,46,1,33,3,34.0,81.13483008724545
7,34,2900,60,40,1,111,29,552.0,312.23852096962395
8,34,1600,60,48,0,51,3,52.0,0.0
6,34,3000,60,38,1,103,33,468.0,487.6620927935624
5,34,2800,60,37,1,143,31,474.0,396.22810698796746
9,34,2200,60,49,1,77,8,222.0,115.04461161744693
4,34,2100,60,39,0,111,14,320.0,0.0
10,34,3000,60,48,0,113,13,336.0,0.0
8,34,2300,60,47,0,85,12,398.0,0.0
8,34,2200,60,47,0,99,8,182.0,0.0
8,34,2800,55,36,1,103,22,450.0,360.7862071888282
3,34,2900,55,39,1,213,14,464.0,353.37698825233093
7,34,2200,60,42,0,85,11,202.0,0.0
7,34,2300,60,41,1,87,10,198.0,255.3506172591589
6,34,1700,60,49,1,91,7,92.0,68.18714015735448
5,34,1500,60,48,0,49,5,96.0,0.0
4,34,2200,55,49,0,121,9,166.0,0.0
4,34,2400,55,38,1,131,25,278.0,310.58898413390466
7,34,2800,55,42,1,87,19,370.0,410.14217427800537
8,34,2100,55,36,0,81,18,392.0,0.0
6,34,1800,55,47,0,105,5,132.0,0.0
7,34,2100,55,42,1,45,8,158.0,110.80770107585363
7,34,2000,55,47,0,79,13,174.0,0.0
9,34,2100,55,49,0,111,8,154.0,0.0
10,34,1800,55,36,1,63,13,244.0,110.65501415455488
7,34,2700,55,37,0,143,25,498.0,0.0
4,34,2700,55,42,0,85,13,230.0,0.0
6,34,2500,55,39,0,177,21,528.0,0.0
10,34,1700,55,39,1,57,6,144.0,160.73670467371625
4,34,2600,55,43,1,143,25,394.0,531.5578366667664
8,34,1900,55,46,1,53,5,54.0,38.79647556285124
9,34,2300,55,38,0,89,17,364.0,0.0
9,34,3000,55,44,1,133,20,510.0,513.8259472856397
10,34,2700,55,48,1,101,15,360.0,318.483369820893
3,34,2600,55,45,0,147,14,376.0,0.0
4,34,2800,55,46,0,107,13,304.0,0.0
4,34,2300,55,50,0,83,10,196.0,0.0
3,34,2800,55,44,1,217,21,402.0,401.5050443953521
6,34,2700,55,36,1,121,31,486.0,448.0026592381514
6,34,1500,55,35,1,49,9,146.0,67.80508124451713
6,34,1600,55,39,0,61,8,106.0,0.0
8,34,1700,55,41,0,57,5,126.0,0.0
6,34,1800,55,38,1,67,9,130.0,179.7979300496786
8,34,1900,55,45,1,69,15,232.0,258.2719250086732
7,34,2300,55,50,0,75,9,166.0,0.0
9,34,1800,55,38,0,61,10,176.0,0.0
5,34,2100,55,43,1,55,7,126.0,72.44494410101647
9,34,2200,55,47,0,85,9,130.0,0.0
3,34,3000,55,45,1,181,22,416.0,585.083335460917
8,34,2100,55,49,0,103,8,204.0,0.0
7,34,1500,55,43,0,77,7,132.0,0.0
10,34,2600,55,47,1,97,20,284.0,392.1910085862154
7,34,2200,55,41,1,109,8,274.0,153.20488789029562
7,34,1600,55,38,0,47,3,76.0,0.0
8,34,1500,55,38,1,27,4,54.0,30.997383283627027
8,34,2300,55,42,1,75,6,168.0,89.04265088518623
6,34,2900,55,42,1,111,20,430.0,180.89995271242245
4,34,3000,55,37,0,231,17,548.0,0.0
4,34,2200,55,49,0,113,8,226.0,0.0
3,34,3000,55,48,0,211,13,504.0,0.0
9,34,2300,55,35,1,105,24,384.0,332.78862659470684
9,34,3000,55,35,1,85,28,520.0,482.90362525379464
5,34,1700,55,44,1,45,6,96.0,132.02533938698403
9,34,1700,55,37,1,69,7,162.0,108.7250343797105
8,34,2800,55,43,0,211,21,644.0,0.0
5,34,1800,55,49,0,87,6,112.0,0.0
10,34,1500,55,50,0,39,3,68.0,0.0
4,34,2500,55,40,0,95,11,256.0,0.0
3,34,1500,55,35,1,73,7,130.0,42.31623516011192
6,34,2500,55,42,0,137,15,464.0,0.0
5,34,2800,55,43,0,177,15,414.0,0.0
8,34,3000,55,48,0,163,21,452.0,0.0
9,34,1600,55,47,1,27,4,82.0,32.48318261672331
3,34,2500,55,46,1,141,17,338.0,195.61768662188257
7,34,2600,55,36,0,143,22,476.0,0.0
9,34,2700,55,40,1,93,21,418.0,387.8736774103506
7,34,1500,55,44,1,57,5,98.0,195.54174673606389
5,34,1900,55,44,0,73,5,134.0,0.0
3,34,1900,55,50,0,147,8,240.0,0.0
4,34,1800,55,50,1,35,4,102.0,92.65426916258535
5,34,3000,55,49,1,159,17,254.0,220.9398789630168
7,34,1800,55,36,0,111,12,212.0,0.0
7,34,2100,55,38,1,79,11,204.0,144.77727053709174
10,34,2900,55,37,0,113,23,466.0,0.0
8,34,2200,55,36,0,77,11,348.0,0.0
3,34,2700,55,37,0,211,22,466.0,0.0
8,34,1800,55,49,1,41,4,42.0,54.13209183710522
6,34,2900,55,46,1,153,16,490.0,320.3588668000706
10,34,1600,55,39,1,59,9,142.0,213.22687214716925
6,34,2000,55,40,0,109,10,216.0,0.0
6,34,1500,55,41,0,19,1,20.0,0.0
7,34,2600,55,41,1,123,23,354.0,384.4106528558867
3,34,2500,55,45,1,135,17,292.0,263.92765407397366
6,34,1800,55,47,1,69,5,104.0,52.63074664785092
6,34,2400,55,48,0,91,13,350.0,0.0
5,34,2600,55,36,0,187,23,526.0,0.0
3,34,1900,55,46,1,67,4,120.0,21.797550334711485
6,34,2500,55,48,1,69,13,176.0,215.20671619841787
3,34,2800,55,47,0,181,10,304.0,0.0
5,34,2600,55,43,0,233,19,534.0,0.0
6,34,3000,55,50,1,107,15,358.0,425.5337002343486
4,34,2800,55,49,0,171,12,372.0,0.0
3,34,1900,55,37,1,85,10,158.0,161.19564995301917
9,34,1600,55,45,1,67,11,128.0,173.43465213336836
6,34,1500,55,46,1,19,2,20.0,25.93496083561522
9,34,2900,55,50,0,155,11,408.0,0.0
5,34,2400,55,47,0,147,11,302.0,0.0
7,34,2800,55,48,1,93,11,218.0,305.54316121637873
4,34,2000,55,50,0,73,10,160.0,0.0
9,34,3000,55,36,0,169,29,754.0,0.0
10,34,2100,55,35,0,103,16,306.0,0.0
4,34,2800,55,43,0,137,14,380.0,0.0
5,34,1900,50,35,1,63,10,238.0,105.16998726768222
6,34,1900,55,44,1,65,5,98.0,115.0202389160378
9,34,1800,50,48,0,31,3,56.0,0.0
6,34,2300,55,49,1,37,3,102.0,42.65746990551941
5,34,2800,50,48,1,81,15,298.0,422.8079794667549
9,34,2700,50,47,1,139,19,484.0,284.62482293026625
8,34,1600,50,48,0,61,8,122.0,0.0
3,34,1500,50,39,1,75,8,124.0,210.74656536743174
6,34,2400,50,41,0,85,9,236.0,0.0
8,34,2900,50,43,1,161,25,522.0,527.1644939395181
7,34,2400,50,49,0,85,8,248.0,0.0
6,34,2400,50,48,0,139,12,258.0,0.0
10,34,1600,50,35,0,31,4,62.0,0.0
7,34,2100,50,38,0,115,11,262.0,0.0
10,34,2000,50,41,1,59,10,212.0,212.34364775041828
3,34,1800,50,38,1,59,3,82.0,36.95167086864313
9,34,3000,50,39,1,107,28,608.0,555.8538853053658
4,34,1500,50,49,1,49,4,104.0,53.76461064551909
5,34,2700,50,46,0,167,11,336.0,0.0
5,34,2800,50,35,1,179,26,416.0,390.2627508207729
10,34,2400,50,38,1,81,12,192.0,207.5458471626383
9,34,2200,50,42,0,83,7,236.0,0.0
6,34,1800,50,45,0,49,5,86.0,0.0
8,34,3000,50,43,0,107,19,370.0,0.0
4,34,2500,50,42,0,123,10,292.0,0.0
3,34,2700,50,45,1,117,16,286.0,306.8934459739219
7,34,2400,50,37,1,91,19,468.0,265.25362585753834
3,34,2700,50,37,0,197,20,436.0,0.0
9,34,2600,50,38,0,143,12,390.0,0.0
7,34,2100,50,41,1,107,13,218.0,204.45547222316253
4,34,1600,50,45,1,59,4,60.0,48.95416264304043
6,34,2900,50,48,1,153,21,494.0,471.81318931309005
8,34,3000,50,35,0,157,22,660.0,0.0
8,34,1700,50,36,0,63,3,94.0,0.0
6,34,2300,50,36,1,85,15,360.0,143.9023029454039
8,34,1900,50,41,1,61,11,142.0,280.4834832778354
4,34,2200,50,45,0,125,12,230.0,0.0
3,34,2400,50,49,1,113,15,220.0,255.6403004736972
6,34,1900,50,39,1,73,16,192.0,346.64767741852535
7,34,1900,50,47,0,75,5,98.0,0.0
3,34,1900,50,48,0,75,7,130.0,0.0
3,34,2400,50,35,1,225,22,328.0,279.62060124954354
6,34,1700,50,40,0,57,4,84.0,0.0
3,34,2200,50,42,0,155,9,272.0,0.0
4,34,1500,50,41,1,67,10,156.0,176.02195860673524
8,34,1500,50,48,0,51,4,82.0,0.0
10,34,1900,50,44,1,71,8,190.0,234.85637067243007
3,34,1900,50,50,0,91,10,212.0,0.0
4,34,2200,50,50,1,79,5,190.0,111.7225621497352
3,34,2900,50,41,0,253,16,392.0,0.0
7,34,2900,50,37,0,221,18,580.0,0.0
5,34,1500,50,39,0,151,11,178.0,0.0
6,34,2900,50,42,0,105,18,312.0,0.0
8,34,2100,50,42,1,41,8,122.0,138.04982376625716
10,34,2600,50,48,1,151,14,524.0,389.5008129674862
7,34,2900,50,47,1,173,14,392.0,289.0742285085995
7,34,2900,50,43,0,199,17,450.0,0.0
6,34,2500,50,36,0,149,20,406.0,0.0
4,34,2500,50,37,1,79,16,268.0,192.15046488904488
8,34,1700,50,36,1,59,9,208.0,72.63513163943391
6,34,1500,50,39,0,77,8,138.0,0.0
3,34,1800,50,48,1,31,4,52.0,106.50247422598149
3,34,2700,50,50,1,161,11,306.0,166.57798788336228
3,34,2100,50,46,0,147,15,294.0,0.0
9,34,2300,50,35,0,121,15,320.0,0.0
4,34,3000,50,48,1,159,20,460.0,382.8157976268406
9,34,1700,50,39,1,31,6,92.0,165.5733833068572
7,34,3000,50,41,0,159,19,542.0,0.0
8,34,1500,50,45,0,51,5,94.0,0.0
5,34,3000,50,49,1,141,14,370.0,268.5112940367299
5,34,2700,50,35,0,203,24,588.0,0.0
3,34,2100,50,37,1,121,20,306.0,241.10385062664685
10,34,1500,50,40,1,59,7,100.0,111.78766363073709
8,34,2700,50,36,0,97,20,526.0,0.0
6,34,2800,50,39,0,199,19,574.0,0.0
3,34,2500,50,46,1,155,13,236.0,205.11661958188964
3,34,2500,50,50,1,133,15,258.0,355.90151844772004
9,34,1500,50,38,0,75,7,148.0,0.0
5,34,1500,50,37,1,49,5,110.0,64.81011145878527
10,34,2800,50,41,0,109,20,556.0,0.0
3,34,1900,50,38,1,107,12,192.0,117.79284036231081
3,34,1800,50,39,1,103,10,188.0,234.9362254759513
4,34,2700,50,38,0,201,23,544.0,0.0
6,34,1500,50,39,0,119,9,162.0,0.0
3,34,1500,50,39,1,21,1,22.0,31.03715766738448
4,34,2300,50,42,1,163,17,284.0,298.17820735816827
9,34,1500,50,44,1,41,6,62.0,130.8510193057795
7,34,2400,50,45,0,141,13,442.0,0.0
3,34,1800,50,49,0,25,3,26.0,0.0
3,34,1600,50,45,0,83,4,110.0,0.0
10,34,2100,50,45,0,99,11,292.0,0.0
6,34,2100,50,46,1,119,12,194.0,139.65844724327906
6,34,1900,50,36,0,69,10,202.0,0.0
9,34,2000,50,43,1,55,7,124.0,109.56747570691599
7,34,2300,50,42,0,71,9,158.0,0.0
3,34,1500,50,43,1,79,9,136.0,101.19476050682105
5,34,2600,50,45,1,85,17,244.0,369.6077194888729
10,34,1700,50,37,0,57,7,126.0,0.0
5,34,1600,50,43,1,59,5,60.0,77.13290788792835
6,34,2100,50,50,0,123,5,150.0,0.0
5,34,2600,50,37,1,99,23,404.0,453.67974834477945
7,33,2400,90,36,0,129,25,456.0,0.0
6,33,2600,90,36,0,141,25,604.0,0.0
9,33,2600,90,40,1,97,24,440.0,393.5845214124593
5,34,2700,50,37,0,147,21,452.0,0.0
3,33,1900,90,38,0,181,17,448.0,0.0
10,33,1700,90,44,1,97,7,158.0,147.78011552390555
8,33,3000,90,44,1,117,27,482.0,648.950933366456
8,33,1600,90,37,1,73,13,210.0,220.6291959582305
8,33,2100,90,40,0,119,21,422.0,0.0
8,33,2400,90,44,1,93,18,312.0,321.7126370871259
4,33,2100,90,37,0,203,12,366.0,0.0
7,33,2800,90,42,0,155,27,544.0,0.0
4,33,1700,90,48,1,127,10,160.0,244.3653644018527
5,33,1500,90,38,1,59,18,134.0,216.1360423767584
9,33,1600,90,37,0,55,8,120.0,0.0
8,33,2200,90,38,0,87,16,352.0,0.0
10,33,1900,90,40,1,75,18,330.0,312.1424937501636
9,33,1900,90,40,1,69,14,236.0,191.82244700212104
9,33,1600,90,44,1,21,3,44.0,70.54127456787829
6,33,2500,90,36,0,127,26,408.0,0.0
4,33,1600,90,48,0,85,8,140.0,0.0
7,33,1500,90,35,0,57,5,108.0,0.0
5,33,2300,90,38,1,151,27,378.0,365.85210427093114
10,33,2200,90,39,1,83,19,380.0,430.8492096553353
5,33,1700,90,39,1,57,10,140.0,210.179334777092
4,33,1700,90,44,1,61,5,134.0,128.8565286531266
4,33,2400,90,40,0,217,23,592.0,0.0
5,33,2800,90,47,0,147,22,398.0,0.0
8,33,1700,90,42,0,85,14,184.0,0.0
8,33,2100,90,41,0,81,10,232.0,0.0
3,33,2100,90,42,0,153,13,184.0,0.0
5,33,2800,90,42,1,153,32,590.0,505.40132229365577
7,33,2000,90,47,1,69,12,170.0,131.98299381629514
8,33,1600,90,48,1,65,10,122.0,244.42735977501502
7,33,2800,90,49,0,103,14,472.0,0.0
4,33,1900,90,35,1,115,21,324.0,171.61813686182597
3,33,2600,90,40,0,239,23,530.0,0.0
3,33,2100,90,35,1,143,20,282.0,270.9389338056249
6,33,1800,90,47,1,79,10,176.0,159.64656751415208
4,33,2500,90,46,0,183,14,404.0,0.0
3,33,2700,90,47,1,109,22,270.0,412.0929811945123
4,33,2500,90,48,0,175,12,350.0,0.0
6,33,1600,90,38,1,59,11,180.0,167.35343481415686
8,33,2500,90,40,0,95,20,552.0,0.0
3,33,2200,90,40,0,163,16,318.0,0.0
9,33,2400,90,43,1,163,20,344.0,430.6182636162994
7,33,2900,90,46,0,141,20,498.0,0.0
3,33,2200,90,44,1,111,9,186.0,182.30946331442806
6,33,1900,90,50,0,73,5,146.0,0.0
6,33,2500,90,41,0,143,19,472.0,0.0
3,33,1900,90,39,1,97,14,288.0,370.46940838540934
9,33,2400,90,42,0,129,15,468.0,0.0
8,33,2900,90,49,1,95,18,412.0,379.7169726785301
8,33,1800,90,49,1,41,10,108.0,92.16776823677381
8,33,3000,90,50,1,111,21,496.0,525.3617994867626
10,33,2400,90,42,0,125,20,358.0,0.0
7,33,2900,90,35,1,111,30,462.0,542.4202297313844
10,33,2300,90,40,0,87,17,470.0,0.0
7,33,2700,90,44,0,107,15,444.0,0.0
9,33,2000,90,45,0,77,18,268.0,0.0
10,33,2100,90,49,1,93,12,286.0,132.18282423645707
3,33,2200,90,43,0,173,13,360.0,0.0
3,33,2300,90,50,1,95,16,184.0,361.96877848009547
3,33,1600,90,38,0,129,11,152.0,0.0
10,33,2300,90,38,0,129,17,460.0,0.0
5,33,2700,90,37,1,109,26,392.0,337.53108640369777
5,33,2500,90,37,1,93,32,362.0,448.523775993737
6,33,2300,90,49,1,85,14,328.0,209.92282396360454
6,33,2000,90,48,1,81,16,190.0,394.4589155962401
3,33,2600,90,48,0,119,12,256.0,0.0
9,33,2400,90,38,0,129,20,450.0,0.0
3,33,1900,90,41,1,105,14,228.0,199.0244385732572
9,33,1800,90,44,0,49,9,138.0,0.0
10,33,2100,90,45,0,121,13,220.0,0.0
7,33,1800,90,47,0,83,8,180.0,0.0
4,33,2400,90,47,1,121,21,312.0,288.55543194565684
8,33,2400,90,47,1,83,21,364.0,360.02779126233565
4,33,2300,90,37,1,115,30,374.0,365.85508990044843
4,33,2200,90,39,1,95,23,270.0,467.88619498670766
7,33,2100,90,41,0,81,16,286.0,0.0
5,33,1500,90,46,0,25,2,46.0,0.0
6,33,2100,90,44,1,111,11,250.0,176.750901571198
8,33,3000,90,45,0,173,25,854.0,0.0
8,33,2600,90,48,1,97,20,524.0,466.40194449944096
3,33,1700,90,35,0,81,11,200.0,0.0
9,33,2000,90,35,0,79,19,328.0,0.0
4,33,2400,90,41,1,101,27,328.0,586.3760374777661
6,33,2600,90,43,0,125,18,422.0,0.0
9,33,2200,90,46,1,75,21,368.0,390.7295699354072
10,33,2600,90,50,1,95,11,366.0,318.90375943613356
3,33,3000,90,44,0,263,28,682.0,0.0
6,33,2000,90,36,1,101,20,270.0,207.61642362430746
7,33,1500,90,37,0,47,9,134.0,0.0
9,33,2300,90,47,1,49,12,162.0,145.005302764153
3,33,2900,90,42,0,273,26,632.0,0.0
5,33,1500,90,50,1,0,0,0.0,0.0
5,33,3000,90,47,1,129,24,348.0,422.1533590887223
6,33,2900,90,46,0,149,24,552.0,0.0
6,33,1800,90,38,1,65,13,180.0,186.65449732450637
6,33,2700,85,42,1,117,27,402.0,476.88578583629675
10,33,1600,85,40,0,85,9,114.0,0.0
8,33,1600,90,45,0,57,7,146.0,0.0
7,33,1800,90,44,0,35,5,104.0,0.0
3,33,2000,85,45,0,163,15,302.0,0.0
3,33,3000,85,49,1,123,21,350.0,228.01971068553348
8,33,2300,85,35,1,63,29,346.0,342.8513516868419
10,33,1900,85,37,1,65,21,332.0,386.6042477093032
8,33,2600,85,47,0,97,20,386.0,0.0
5,33,2700,85,42,1,251,31,568.0,696.4770571014178
7,33,1800,85,49,0,77,7,170.0,0.0
5,33,2900,85,47,1,129,25,458.0,327.2819732508936
5,33,2100,85,49,0,79,7,266.0,0.0
3,33,1500,85,38,0,63,6,130.0,0.0
8,33,2400,85,40,0,175,24,584.0,0.0
7,33,2600,85,41,1,87,17,304.0,267.9043921897594
9,33,2500,85,43,0,89,19,346.0,0.0
10,33,1900,85,50,0,69,7,134.0,0.0
10,33,2600,85,45,1,101,17,412.0,390.63646791284043
10,33,1900,85,50,1,71,7,126.0,135.92248765981256
7,33,2600,85,41,0,197,26,660.0,0.0
4,33,2100,85,41,1,121,13,266.0,235.8814734681282
6,33,2900,85,40,0,169,25,590.0,0.0
7,33,2000,85,46,1,105,8,168.0,109.29673632946941
6,33,2900,85,47,1,87,23,350.0,397.8304069805796
5,33,3000,85,44,0,159,29,612.0,0.0
10,33,2800,85,48,1,139,20,488.0,467.3029329828842
9,33,1800,85,36,1,53,16,166.0,165.85568975902385
5,33,2600,85,37,0,197,24,542.0,0.0
9,33,1900,85,40,1,129,15,294.0,221.93034198213644
8,33,1500,85,42,0,83,8,150.0,0.0
4,33,1800,85,43,0,133,8,170.0,0.0
9,33,2400,85,46,1,73,14,232.0,129.0046038776054
9,33,3000,85,47,0,119,26,682.0,0.0
10,33,2400,85,35,1,73,26,444.0,370.5504451279421
10,33,1900,85,43,1,45,10,164.0,123.13259643041506
10,33,1900,85,45,1,65,6,162.0,165.41927053562551
8,33,2200,85,43,0,87,11,286.0,0.0
8,33,2200,85,37,1,67,18,290.0,354.1171505214773
9,33,2100,85,42,0,79,14,222.0,0.0
4,33,3000,85,48,0,263,20,570.0,0.0
5,33,1500,85,36,1,95,10,138.0,57.71516989532319
6,33,1700,85,39,0,67,10,196.0,0.0
8,33,1800,85,41,1,57,10,132.0,126.869897084579
9,33,2800,85,41,1,73,26,484.0,534.1026380411217
3,33,1900,85,45,0,37,8,108.0,0.0
3,33,2200,85,39,0,215,16,362.0,0.0
4,33,2500,85,49,0,185,16,416.0,0.0
6,33,2100,85,36,1,75,15,238.0,237.81598909140826
7,33,1500,85,42,0,57,11,188.0,0.0
10,33,2800,85,46,1,79,20,406.0,352.1278763407496
6,33,1800,85,44,0,85,7,118.0,0.0
8,33,2100,85,48,0,95,10,208.0,0.0
6,33,2000,85,44,1,99,13,188.0,321.40335888416996
5,33,2900,85,45,1,145,23,456.0,527.080172340206
3,33,2500,85,35,1,163,32,374.0,530.8976631596584
5,33,2700,85,35,0,201,29,694.0,0.0
10,33,2400,85,41,0,139,18,534.0,0.0
9,33,1800,85,40,1,57,11,170.0,120.77658290613392
5,33,2200,85,43,0,117,16,412.0,0.0
8,33,2300,85,48,0,119,13,272.0,0.0
7,33,1600,85,47,1,31,4,62.0,43.64803740947157
6,33,2200,85,35,1,81,22,328.0,188.99358905347822
10,33,1700,85,37,0,67,10,228.0,0.0
10,33,2200,85,41,1,79,20,370.0,359.3097847347381
6,33,1700,85,43,1,99,7,128.0,90.01211376196137
6,33,2300,85,45,0,83,12,204.0,0.0
3,33,1800,85,47,1,75,11,142.0,153.290929126954
9,33,1700,85,47,0,59,9,208.0,0.0
4,33,2300,85,36,0,167,20,420.0,0.0
7,33,1900,85,42,1,77,16,204.0,242.43967914096925
4,33,1500,85,42,0,39,5,100.0,0.0
9,33,2200,85,38,1,85,15,304.0,240.5161572942389
8,33,1900,85,48,0,69,7,140.0,0.0
3,33,3000,85,50,1,253,27,570.0,644.150455262934
4,33,2500,85,50,0,187,17,330.0,0.0
7,33,1900,85,41,0,91,13,262.0,0.0
5,33,1500,85,43,0,83,6,114.0,0.0
5,33,1700,85,45,1,47,8,146.0,196.67402877349605
7,33,2200,85,46,1,123,12,286.0,165.12255762268148
9,33,1800,85,50,0,121,12,214.0,0.0
4,33,1700,85,48,1,87,11,152.0,244.0968645045289
7,33,1700,85,50,1,69,11,190.0,261.1847898807386
5,33,2100,85,35,0,107,17,416.0,0.0
8,33,1600,85,36,1,41,8,84.0,42.91963849343661
3,33,2300,85,36,0,195,20,368.0,0.0
4,33,1600,85,38,0,89,16,234.0,0.0
4,33,1800,85,45,1,81,9,154.0,126.79587019973894
9,33,2800,85,45,1,87,26,464.0,560.9954544929209
3,33,2900,85,43,0,167,25,488.0,0.0
8,33,1600,85,35,0,71,12,214.0,0.0
6,33,2700,85,39,0,145,26,558.0,0.0
8,33,2200,85,47,0,39,9,178.0,0.0
9,33,1600,85,40,1,33,8,116.0,80.86079162188013
10,33,2000,85,50,1,77,7,166.0,190.2045301406565
4,33,2800,85,45,1,149,19,358.0,329.7462518847679
10,33,1900,85,40,1,71,16,196.0,183.74165549946605
9,33,2500,80,36,0,145,29,766.0,0.0
3,33,2400,85,37,1,153,17,250.0,238.86267014178873
3,33,2500,85,37,1,111,19,178.0,349.23563826642965
8,33,1700,80,41,1,83,9,158.0,146.5827974018803
8,33,2100,85,39,0,73,13,254.0,0.0
4,33,2200,85,45,0,153,14,318.0,0.0
7,33,2100,85,50,0,73,17,318.0,0.0
8,33,2800,80,37,1,101,26,594.0,509.0295440157168
8,33,1600,80,36,1,45,8,136.0,99.42913255440851
9,33,2800,80,39,0,109,29,726.0,0.0
9,33,2800,80,38,1,101,31,558.0,562.2929018426025
8,33,2300,80,44,1,109,19,300.0,305.3421987213472
9,33,2100,80,49,0,93,6,174.0,0.0
10,33,2600,80,44,0,91,20,506.0,0.0
3,33,1900,80,37,1,79,16,200.0,239.7097173682672
8,33,2200,80,40,1,123,18,422.0,255.5273886069155
4,33,2600,80,45,0,101,15,390.0,0.0
7,33,2400,80,48,0,89,10,228.0,0.0
10,33,2500,80,39,0,143,20,614.0,0.0
8,33,1900,80,50,0,75,9,162.0,0.0
10,33,2800,80,49,1,75,15,196.0,202.78178387686734
5,33,2000,80,40,1,101,12,198.0,237.3857627047744
3,33,2500,80,41,1,141,29,322.0,467.3450851278163
5,33,2600,80,43,1,123,23,504.0,365.59151035245594
10,33,2900,80,37,0,113,26,650.0,0.0
6,33,2800,80,46,0,155,20,412.0,0.0
4,33,2300,80,49,1,127,16,252.0,184.9540726808078
6,33,2800,80,50,0,203,16,540.0,0.0
7,33,1500,80,36,0,57,5,118.0,0.0
5,33,2900,80,42,1,111,33,448.0,627.5291957407986
7,33,1800,80,41,1,55,7,118.0,158.69312381262017
3,33,2300,80,38,0,209,19,420.0,0.0
8,33,2400,80,42,0,159,16,380.0,0.0
8,33,2000,80,42,1,63,4,100.0,46.076957257111545
10,33,1700,80,50,0,31,5,58.0,0.0
7,33,2600,80,37,1,99,29,432.0,442.1941077986153
3,33,1500,80,39,1,65,5,112.0,201.25813763032244
10,33,2300,80,47,0,83,10,250.0,0.0
6,33,2800,80,42,0,165,20,658.0,0.0
4,33,1700,80,46,0,73,5,140.0,0.0
5,33,2900,80,36,1,89,32,426.0,395.7485602054317
10,33,2700,80,48,1,127,21,496.0,533.1244652191871
7,33,3000,80,37,0,111,30,696.0,0.0
9,33,2700,80,39,1,101,30,582.0,640.9439353808593
5,33,2400,80,45,1,79,13,278.0,302.3374731960373
5,33,2200,80,40,0,127,17,388.0,0.0
3,33,1700,80,43,1,45,6,88.0,70.53069480839206
5,33,2100,80,45,0,113,13,262.0,0.0
4,33,3000,80,41,0,219,25,648.0,0.0
5,33,1600,80,35,1,49,9,96.0,53.095261828221375
8,33,1900,80,36,1,63,20,274.0,208.97809108445708
8,33,2600,80,37,1,79,27,422.0,409.7035913365046
5,33,2700,80,44,0,201,21,588.0,0.0
10,33,3000,80,45,0,107,25,574.0,0.0
10,33,1700,80,50,0,61,5,156.0,0.0
3,33,1800,80,44,1,93,11,234.0,247.54953973479462
3,33,2300,80,36,0,207,21,494.0,0.0
10,33,3000,80,39,1,117,28,510.0,493.56241268942614
7,33,2600,80,41,0,187,22,616.0,0.0
8,33,2700,80,47,1,107,18,390.0,272.4690816013685
8,33,2900,80,44,0,155,23,552.0,0.0
3,33,1500,80,47,1,91,10,150.0,102.33778845633556
6,33,2600,80,49,0,127,17,424.0,0.0
5,33,2000,80,35,0,115,20,326.0,0.0
5,33,1900,80,35,1,93,19,260.0,147.3053524145765
10,33,2600,80,35,1,61,31,490.0,370.53116118475754
3,33,1500,80,45,1,83,5,134.0,118.13933185167626
9,33,2600,80,49,1,145,17,412.0,196.24659437166073
10,33,2600,80,48,0,97,10,300.0,0.0
4,33,2400,80,49,0,163,11,302.0,0.0
5,33,2900,80,35,1,81,33,372.0,410.7456685671024
9,33,2500,80,40,0,123,22,446.0,0.0
10,33,2600,80,43,0,101,23,488.0,0.0
4,33,2300,80,48,1,79,7,202.0,213.96002625404566
8,33,1700,80,47,0,65,5,66.0,0.0
9,33,1900,80,46,1,77,11,136.0,219.59307969285078
4,33,2300,80,49,0,127,6,192.0,0.0
8,33,2000,80,35,1,79,19,240.0,236.8974333357681
6,33,2400,80,36,0,129,21,446.0,0.0
7,33,2700,80,38,0,157,25,596.0,0.0
9,33,2600,80,41,1,83,17,314.0,373.23015206513634
3,33,2000,80,45,1,101,14,268.0,226.39782324676253
9,33,2300,80,50,1,75,11,224.0,231.28438187678904
6,33,2600,80,50,0,131,16,398.0,0.0
6,33,1500,80,38,0,47,5,76.0,0.0
7,33,2100,80,35,0,107,21,438.0,0.0
7,33,2700,80,41,1,149,20,462.0,374.50425678612504
5,33,2800,80,44,0,147,21,470.0,0.0
10,33,2200,80,44,1,85,15,462.0,406.9255282183066
6,33,2800,80,48,1,73,14,218.0,349.1344711135514
10,33,2600,80,50,0,91,16,388.0,0.0
8,33,1800,80,41,1,63,10,176.0,177.39972455892638
10,33,1500,80,36,1,49,8,82.0,41.08664598363333
5,33,1500,80,37,1,49,6,102.0,93.82909917149621
4,33,2300,80,44,1,131,13,338.0,284.54626881386616
4,33,2300,80,45,0,125,10,200.0,0.0
4,33,2300,80,50,0,169,9,240.0,0.0
5,33,2700,80,46,0,145,18,478.0,0.0
4,33,2400,80,45,0,83,10,212.0,0.0
5,33,2900,80,35,1,83,32,360.0,435.9487962767293
6,33,1900,80,38,1,59,18,202.0,203.25432665680552
4,33,2700,80,46,0,199,15,442.0,0.0
5,33,2200,80,48,1,69,13,170.0,223.4421120965513
5,33,1900,80,50,0,71,8,172.0,0.0
5,33,2200,80,48,0,79,12,350.0,0.0
4,33,2500,75,50,1,175,13,340.0,272.00838649506545
7,33,2300,75,36,1,135,23,548.0,247.7117302022884
9,33,2700,75,40,0,107,22,580.0,0.0
6,33,2600,75,44,1,101,21,480.0,476.4705256638908
5,33,1900,75,45,0,85,11,216.0,0.0
4,33,2800,75,42,0,199,21,452.0,0.0
3,33,2000,75,36,1,131,22,260.0,243.8035099418303
7,33,2000,75,41,1,81,14,160.0,309.00675738576547
3,33,3000,75,40,0,251,28,718.0,0.0
8,33,2400,75,49,0,93,14,250.0,0.0
8,33,2600,75,45,1,141,22,554.0,485.8685678938951
3,33,1800,75,43,1,137,17,292.0,235.0506314988719
10,33,2600,75,45,0,145,16,374.0,0.0
4,33,2100,75,36,0,153,13,338.0,0.0
3,33,2300,75,36,1,183,32,374.0,372.63265001062103
4,33,2900,75,43,1,135,33,438.0,644.0408765167618
4,33,1800,75,43,0,59,3,90.0,0.0
3,33,2300,75,43,1,177,15,332.0,251.2213588548126
6,33,2400,75,50,0,105,12,262.0,0.0
3,33,2000,75,50,0,159,13,286.0,0.0
9,33,2900,75,39,1,83,31,476.0,578.5993084975264
9,33,2300,75,37,1,71,22,250.0,244.9837012009588
5,33,3000,75,37,0,229,29,802.0,0.0
5,33,2300,75,40,0,117,18,342.0,0.0
5,33,2100,75,40,1,107,20,224.0,298.47678824937043
8,33,1900,75,45,1,71,4,136.0,117.3367746497052
4,33,2500,75,46,0,213,19,404.0,0.0
7,33,1800,75,38,0,87,15,258.0,0.0
10,33,1500,75,45,1,39,9,100.0,116.98698326057294
4,33,2000,75,38,0,79,8,210.0,0.0
8,33,2400,75,47,0,47,10,292.0,0.0
8,33,1700,75,50,0,27,2,52.0,0.0
7,33,1700,75,50,1,49,6,84.0,131.93980169555306
4,33,2600,75,46,1,153,17,388.0,208.64085943774447
3,33,2300,75,38,1,115,23,286.0,267.63211083320385
10,33,1700,75,39,1,41,8,104.0,154.20211498303817
10,33,2600,75,39,1,145,25,574.0,565.46886834729
9,33,1900,75,47,1,125,10,214.0,123.66004429090317
10,33,1700,75,50,0,65,8,180.0,0.0
7,33,2100,75,47,0,77,12,274.0,0.0
7,33,1500,75,41,0,77,6,78.0,0.0
4,33,2200,75,37,0,129,15,386.0,0.0
9,33,1500,75,40,0,47,7,124.0,0.0
8,33,2300,75,42,1,89,17,422.0,318.3885080341858
9,33,2800,75,44,1,93,22,416.0,495.6731139095784
5,33,2100,75,44,0,77,11,224.0,0.0
10,33,2200,75,50,1,101,11,208.0,255.1542301744655
3,33,3000,75,47,0,211,21,578.0,0.0
5,33,1500,75,38,0,45,6,106.0,0.0
6,33,1800,75,39,0,47,13,190.0,0.0
7,33,2800,75,38,1,87,29,400.0,538.5046273305068
7,33,2200,75,43,0,127,16,390.0,0.0
9,33,2200,75,40,1,87,19,342.0,202.01049065174573
10,33,3000,75,43,1,107,26,418.0,619.4947594005137
3,33,2500,75,50,1,125,20,314.0,405.3975011602982
6,33,2000,75,37,1,115,21,372.0,270.3280799746974
9,33,2500,75,38,1,89,27,460.0,547.9170175463686
6,33,2600,75,36,0,133,25,552.0,0.0
5,33,1900,75,37,1,105,23,306.0,406.5462222665739
10,33,2500,75,46,0,75,13,268.0,0.0
3,33,2600,75,42,0,241,19,386.0,0.0
10,33,3000,75,50,0,109,13,442.0,0.0
8,33,1600,75,35,1,63,15,256.0,217.30955771681326
4,33,2700,75,35,0,179,27,626.0,0.0
8,33,2300,75,36,0,149,19,424.0,0.0
5,33,1800,75,43,1,65,9,144.0,149.01263535478498
7,33,1900,75,42,1,105,14,268.0,226.79609531453056
3,33,2700,75,42,1,191,29,444.0,426.39118213707457
6,33,2100,75,49,0,79,8,114.0,0.0
3,33,2100,75,39,1,111,18,256.0,409.45104626160054
9,33,1700,75,41,0,55,5,112.0,0.0
5,33,2900,75,44,0,163,20,602.0,0.0
9,33,2300,75,45,0,89,9,276.0,0.0
10,33,2300,75,50,1,77,10,264.0,290.9144185440409
4,33,2700,75,50,1,207,20,454.0,445.34367859475657
5,33,2800,75,44,0,185,20,426.0,0.0
6,33,2200,75,35,0,151,17,428.0,0.0
4,33,2400,75,35,0,141,18,392.0,0.0
8,33,2700,75,45,1,95,13,344.0,288.3389140565052
7,33,2200,75,42,0,85,10,280.0,0.0
9,33,2400,75,35,1,91,21,486.0,226.65317731687568
4,33,2200,75,38,1,131,27,360.0,433.57413880623307
6,33,2900,75,38,1,103,27,490.0,519.6907488442964
5,33,3000,75,35,1,119,32,372.0,341.04089107972345
10,33,2300,75,38,0,123,20,494.0,0.0
8,33,2700,75,39,1,105,21,508.0,549.8562527986984
5,33,2100,75,38,1,165,18,426.0,301.1473312348409
6,33,2800,75,42,0,153,22,608.0,0.0
8,33,2900,75,48,0,109,17,440.0,0.0
4,33,3000,75,43,0,171,20,398.0,0.0
8,33,1500,75,36,0,53,3,54.0,0.0
10,33,2800,75,37,0,105,27,630.0,0.0
8,33,2900,75,39,1,113,33,574.0,803.3427875860473
6,33,3000,75,48,1,119,24,470.0,405.641911894906
6,33,2700,75,46,1,105,25,422.0,424.998576004144
6,33,3000,75,50,0,165,20,500.0,0.0
9,33,2700,75,44,1,135,17,484.0,472.84339195427407
7,33,2400,75,37,1,129,22,434.0,428.46385571171055
10,33,1600,75,37,0,85,7,150.0,0.0
6,33,1800,70,43,0,81,8,114.0,0.0
3,33,2100,70,37,1,127,15,270.0,131.63491237655586
3,33,3000,75,41,0,171,27,502.0,0.0
8,33,2600,70,45,1,89,15,314.0,320.7034417845252
3,33,1800,70,48,0,53,5,116.0,0.0
6,33,1900,70,39,1,67,18,236.0,488.2717433119458
8,33,1900,70,44,0,37,6,112.0,0.0
10,33,1500,70,46,1,49,2,50.0,33.427031462729204
5,33,2100,70,39,1,119,16,376.0,329.76098269858295
7,33,2400,70,50,0,87,11,204.0,0.0
6,33,2900,70,44,0,167,19,566.0,0.0
3,33,2400,70,49,1,117,17,260.0,187.5996152241189
9,33,2000,70,38,1,79,9,228.0,96.30964231615484
9,33,3000,70,38,1,153,28,630.0,541.1902218190222
7,33,2200,70,40,0,85,18,288.0,0.0
7,33,2500,70,41,0,91,14,340.0,0.0
6,33,2000,70,41,0,109,11,252.0,0.0
3,33,1500,70,45,0,67,6,122.0,0.0
5,33,2100,70,45,1,139,18,264.0,308.9799265693202
8,33,2300,70,35,1,105,20,400.0,248.8219657076608
4,33,1900,70,36,1,139,20,310.0,204.12133700928666
7,33,2700,70,38,0,143,27,564.0,0.0
10,33,2600,70,46,1,75,20,332.0,231.53918759696978
3,33,2400,70,45,0,155,12,246.0,0.0
10,33,2600,70,36,0,101,25,588.0,0.0
4,33,1500,70,44,0,15,2,16.0,0.0
9,33,2200,70,44,1,65,10,188.0,243.1966603315992
8,33,2100,70,38,1,49,12,210.0,117.90653058931326
10,33,3000,70,42,1,217,25,666.0,592.6147299924445
6,33,1700,70,43,1,61,7,130.0,105.49570658398835
8,33,1600,70,38,1,59,8,118.0,91.44725580731716
8,33,1600,70,49,0,69,3,70.0,0.0
10,33,1700,70,43,0,155,12,286.0,0.0
3,33,3000,70,44,0,327,25,650.0,0.0
4,33,2300,70,39,0,131,17,428.0,0.0
10,33,1800,70,37,0,61,7,170.0,0.0
3,33,2700,70,44,1,127,12,280.0,232.6162082561623
4,33,2000,70,48,0,107,8,234.0,0.0
7,33,2300,70,44,1,119,10,264.0,262.18115538842005
6,33,2500,70,41,1,141,22,390.0,200.44077368439875
4,33,2300,70,42,0,131,9,288.0,0.0
7,33,1900,70,35,1,61,9,178.0,111.65563837332235
6,33,3000,70,38,1,203,30,472.0,444.9014974222198
9,33,1500,70,44,1,55,5,86.0,92.21302894905281
5,33,2000,70,42,0,65,9,156.0,0.0
4,33,2400,70,36,0,133,23,292.0,0.0
3,33,2800,70,43,0,227,19,500.0,0.0
5,33,1500,70,44,1,61,9,90.0,211.5517657687187
10,33,3000,70,35,1,71,30,542.0,404.74065886135486
9,33,2500,70,39,0,91,13,356.0,0.0
9,33,2400,70,42,1,83,14,354.0,220.3043712756725
6,33,2600,70,45,1,69,21,296.0,460.52085781971067
3,33,2400,70,47,0,167,14,348.0,0.0
10,33,2800,70,49,0,149,21,608.0,0.0
3,33,1800,70,49,0,89,8,122.0,0.0
5,33,2300,70,35,0,175,19,514.0,0.0
7,33,2800,70,37,0,217,23,608.0,0.0
5,33,2100,70,43,1,115,16,196.0,238.67885591958168
5,33,2000,70,43,1,57,10,144.0,134.40844486939335
9,33,2800,70,44,1,79,22,426.0,552.6485265976994
9,33,2200,70,46,1,75,15,216.0,198.52584934807848
9,33,1800,70,50,0,81,4,82.0,0.0
5,33,2100,70,38,1,75,16,226.0,223.14591694978657
4,33,2100,70,40,0,117,11,298.0,0.0
5,33,1900,70,39,1,129,12,344.0,298.66771978662723
4,33,1500,70,44,0,47,7,92.0,0.0
10,33,3000,70,39,0,119,28,688.0,0.0
3,33,1600,70,44,0,85,9,186.0,0.0
10,33,2100,70,47,1,55,8,84.0,145.85380110107423
6,33,2100,70,36,1,81,19,284.0,292.8720685328822
7,33,1600,70,39,0,73,7,170.0,0.0
5,33,1500,70,48,0,59,4,90.0,0.0
8,33,1900,70,50,1,43,6,104.0,204.7869151127466
4,33,3000,70,44,1,189,19,542.0,460.37559755720054
3,33,2000,70,47,0,105,9,170.0,0.0
10,33,2300,70,47,0,75,8,260.0,0.0
6,33,2100,70,48,1,83,11,164.0,299.18943247064
10,33,1800,70,37,1,49,13,192.0,183.72906204677037
8,33,2000,70,38,0,113,15,292.0,0.0
3,33,2000,70,39,1,121,18,256.0,463.91824931907
9,33,2600,70,43,1,99,22,376.0,394.8468224488603
7,33,2800,70,36,0,157,29,706.0,0.0
4,33,2900,70,49,1,137,22,424.0,343.1067849309542
9,33,2900,70,49,0,111,13,432.0,0.0
9,33,3000,70,47,0,165,19,600.0,0.0
7,33,2800,70,50,1,167,22,494.0,496.5630603782251
5,33,1800,70,44,0,93,10,254.0,0.0
9,33,1800,70,39,1,31,4,58.0,93.36008404450463
4,33,2400,70,38,0,93,16,296.0,0.0
4,33,1800,70,40,1,101,12,232.0,126.85451599302844
6,33,1700,70,45,1,71,8,166.0,163.19884810993324
10,33,3000,70,44,0,227,23,684.0,0.0
6,33,2900,70,40,0,213,28,554.0,0.0
8,33,2400,70,36,1,93,21,390.0,272.89983248968565
3,33,1600,70,38,1,41,4,74.0,54.540712202799995
3,33,1500,70,42,0,25,1,26.0,0.0
7,33,2100,70,40,1,79,16,206.0,272.1484000409245
5,33,2800,70,48,0,147,17,418.0,0.0
7,33,3000,70,44,0,123,21,498.0,0.0
9,33,2600,70,50,1,111,12,234.0,244.08378567838312
3,33,2600,70,47,0,133,9,296.0,0.0
5,33,1800,65,37,0,121,16,326.0,0.0
9,33,1500,65,44,1,55,9,144.0,169.89981078892794
3,33,2500,65,42,1,141,26,362.0,321.04370016657987
9,33,2100,65,46,0,81,12,274.0,0.0
6,33,2500,65,47,0,135,11,352.0,0.0
7,33,1900,65,39,1,75,16,250.0,305.2785334840226
3,33,2000,65,49,1,107,7,182.0,85.69186155612186
8,33,2000,65,37,1,65,13,178.0,183.96581513454748
7,33,2000,65,37,1,75,12,194.0,159.3345554647585
10,33,1600,65,42,0,25,7,76.0,0.0
6,33,2500,65,37,1,119,26,448.0,427.3469856479336
7,33,2200,65,47,0,109,8,238.0,0.0
8,33,2700,65,48,0,151,17,522.0,0.0
5,33,2900,65,47,0,213,15,358.0,0.0
5,33,2900,65,38,0,269,27,696.0,0.0
7,33,2100,65,38,1,79,9,254.0,157.35436935454686
6,33,2700,65,42,1,233,27,700.0,461.4959648719404
9,33,1700,65,48,1,43,7,118.0,171.32633686939255
3,33,2100,65,49,1,33,4,66.0,33.33974501769102
4,33,2200,65,48,0,83,5,144.0,0.0
5,33,2200,65,48,0,85,11,220.0,0.0
9,33,2500,65,43,0,83,14,356.0,0.0
9,33,3000,65,40,1,111,27,576.0,478.20923191366535
3,33,2100,65,44,0,105,12,252.0,0.0
7,33,2300,65,44,0,111,15,356.0,0.0
8,33,2500,65,41,1,141,7,266.0,172.07597661106547
3,33,2100,65,49,0,73,5,164.0,0.0
9,33,2600,65,50,1,95,17,484.0,462.89168002535564
7,33,2800,65,37,1,105,21,422.0,329.74680217275903
10,33,1800,65,41,1,59,4,86.0,64.7286599173125
3,33,2400,65,42,0,161,17,416.0,0.0
4,33,2000,65,36,0,145,20,342.0,0.0
5,33,1700,65,50,1,23,4,46.0,67.73444930629077
3,33,1700,65,44,1,155,11,236.0,302.53959548723594
9,33,2400,65,35,1,85,25,432.0,311.36199174962337
9,33,2000,65,37,0,79,11,228.0,0.0
10,33,2300,65,47,0,59,8,226.0,0.0
7,33,2700,65,45,0,95,7,180.0,0.0
9,33,1900,65,46,1,51,8,198.0,179.32481980522752
8,33,1700,65,49,1,43,7,128.0,71.69468497957766
9,33,2000,65,47,0,35,4,102.0,0.0
5,33,2200,65,41,1,63,13,156.0,131.3433506426255
9,33,2700,65,42,0,193,22,572.0,0.0
8,33,2000,65,50,0,39,6,148.0,0.0
3,33,2100,65,45,0,111,9,258.0,0.0
3,33,3000,65,46,1,131,27,368.0,402.1267022392803
4,33,2500,65,35,1,137,32,370.0,354.0775382826591
8,33,1900,65,42,0,65,6,128.0,0.0
4,33,2700,65,37,1,207,31,512.0,525.7048403074464
6,33,1500,65,39,0,71,8,128.0,0.0
7,33,2100,65,41,0,67,9,166.0,0.0
8,33,2200,65,41,1,99,10,226.0,132.9688872796462
7,33,2300,65,48,1,61,7,132.0,136.89190984599082
4,33,2200,65,42,1,85,14,210.0,153.15543626248007
5,33,2600,65,48,0,93,14,262.0,0.0
4,33,1900,65,40,0,37,1,38.0,0.0
7,33,2400,65,44,0,185,17,386.0,0.0
10,33,1600,65,45,1,29,3,56.0,84.12485125490575
6,33,2000,65,45,1,129,8,202.0,139.81466931900562
7,33,2600,65,42,0,137,16,364.0,0.0
7,33,2500,65,37,0,97,23,556.0,0.0
10,33,2700,65,44,1,137,18,546.0,496.697631167685
7,33,1700,65,41,1,87,4,88.0,69.56931130977874
8,33,2700,65,41,1,105,14,340.0,291.61794682520775
7,33,1500,65,47,0,27,1,28.0,0.0
4,33,2100,65,44,1,61,9,136.0,182.27234581389197
10,33,3000,65,50,0,117,21,496.0,0.0
8,33,2000,65,43,0,79,9,262.0,0.0
6,33,1500,65,49,1,51,4,72.0,34.1388421093515
5,33,1700,65,37,0,57,6,106.0,0.0
8,33,2500,65,42,1,91,15,340.0,219.22623915831923
7,33,2900,65,44,0,167,19,496.0,0.0
3,33,2800,65,42,1,137,21,320.0,356.5755965055166
4,33,2100,65,46,0,83,8,204.0,0.0
9,33,2400,65,40,1,155,20,524.0,270.1855786983369
3,33,2100,65,43,0,67,8,146.0,0.0
5,33,2800,65,35,1,199,25,466.0,354.19250332403556
10,33,2300,65,35,1,81,26,420.0,406.8683789318328
10,33,2500,65,42,0,95,15,392.0,0.0
8,33,2900,65,42,1,85,26,454.0,484.0432106175283
8,33,2700,65,43,1,123,23,448.0,376.477022374211
4,33,3000,65,40,0,253,29,570.0,0.0
4,33,2100,65,50,0,41,6,106.0,0.0
8,33,2300,65,36,0,127,16,304.0,0.0
8,33,1900,65,35,0,103,13,282.0,0.0
10,33,1600,65,44,0,65,6,88.0,0.0
9,33,1500,65,48,1,33,6,94.0,151.0785024556134
3,33,3000,65,40,0,315,29,824.0,0.0
3,33,2300,65,41,1,101,21,254.0,331.57505349874816
6,33,2600,65,47,1,101,15,368.0,282.8952933826828
7,33,2100,65,36,1,73,16,204.0,193.12138509071002
4,33,2400,65,41,0,227,17,580.0,0.0
7,33,2000,65,38,1,115,17,264.0,138.6572313002547
4,33,2400,65,43,1,143,17,238.0,215.79317087978035
6,33,1900,65,45,0,55,5,120.0,0.0
4,33,2800,65,43,1,125,28,362.0,511.4876854302745
9,33,1900,65,40,0,75,8,178.0,0.0
7,33,3000,65,37,0,167,29,706.0,0.0
9,33,2000,60,36,1,47,15,202.0,179.68464196787372
9,33,2700,60,45,1,113,12,308.0,273.2280167654389
9,33,2800,60,45,0,155,14,524.0,0.0
4,33,1700,65,48,0,29,3,56.0,0.0
6,33,1500,65,49,1,15,2,16.0,8.258608585802621
6,33,3000,60,47,1,117,21,516.0,457.46589359786105
10,33,2800,60,35,0,159,29,674.0,0.0
10,33,2500,60,36,1,81,28,394.0,379.05201562529817
9,33,2800,60,37,0,151,26,670.0,0.0
7,33,2600,60,39,1,149,24,470.0,487.5753461038521
3,33,2400,60,38,0,265,22,532.0,0.0
7,33,1700,60,42,1,39,7,104.0,113.08685468118318
3,33,2600,60,46,0,139,12,284.0,0.0
5,33,2600,60,39,1,223,18,362.0,522.3294185869732
8,33,2100,60,41,0,41,7,162.0,0.0
4,33,1800,60,47,0,69,6,88.0,0.0
5,33,3000,60,48,1,75,12,268.0,226.28035742871393
8,33,2000,60,48,1,77,6,138.0,155.72708596361272
6,33,1800,60,49,0,33,5,84.0,0.0
9,33,1500,60,50,0,47,5,70.0,0.0
5,33,2800,60,44,1,127,22,380.0,461.76822995829673
7,33,1500,60,36,0,105,13,234.0,0.0
6,33,2600,60,35,0,147,25,554.0,0.0
9,33,2700,60,40,1,73,20,416.0,468.2500377225072
7,33,2200,60,41,1,123,14,370.0,315.0807746236539
9,33,1500,60,46,1,27,4,48.0,87.4009920341858
7,33,1500,60,39,0,83,6,160.0,0.0
8,33,2500,60,36,1,75,22,330.0,348.8058811003991
7,33,2100,60,36,1,99,15,206.0,154.28213556718967
4,33,1700,60,48,0,85,5,150.0,0.0
5,33,2400,60,49,0,127,13,254.0,0.0
8,33,1600,60,37,0,55,4,86.0,0.0
7,33,2700,60,39,0,105,21,424.0,0.0
10,33,2700,60,42,0,107,16,472.0,0.0
10,33,2800,60,37,1,113,25,450.0,451.7567836745967
9,33,1500,60,49,1,23,2,46.0,23.065421943629104
4,33,2200,60,36,1,197,17,350.0,154.2092428151152
3,33,2000,60,42,0,179,12,216.0,0.0
7,33,2900,60,45,1,85,19,288.0,425.84652981079734
3,33,2900,60,40,0,195,11,354.0,0.0
6,33,2100,60,45,0,75,8,250.0,0.0
6,33,3000,60,39,1,207,29,586.0,597.5423493263045
4,33,2900,60,43,1,123,25,442.0,579.3128317891473
9,33,2900,60,36,0,165,29,832.0,0.0
3,33,2400,60,37,1,125,19,290.0,207.02216066169257
7,33,1500,60,41,0,73,5,74.0,0.0
5,33,2000,60,40,1,121,9,224.0,95.95819285546187
6,33,1700,60,45,0,33,4,100.0,0.0
7,33,1800,60,42,0,67,10,168.0,0.0
3,33,1700,60,43,1,91,11,154.0,106.96481237839222
7,33,2500,60,36,1,83,25,380.0,299.4832513762219
3,33,1900,60,37,0,135,11,268.0,0.0
5,33,3000,60,39,1,187,32,604.0,669.7888677128504
7,33,2800,60,45,1,87,15,302.0,292.3415705158869
3,33,2800,60,42,1,173,26,428.0,349.7117318617993
10,33,2400,60,39,0,175,15,378.0,0.0
4,33,2700,60,47,0,141,9,246.0,0.0
10,33,2600,60,35,0,155,24,662.0,0.0
3,33,2300,60,35,1,135,20,308.0,302.29382333579633
8,33,2300,60,37,0,173,15,406.0,0.0
9,33,3000,60,48,1,107,17,410.0,395.84785075657635
9,33,1500,60,49,1,49,4,98.0,61.48698574463517
7,33,1700,60,50,0,55,3,56.0,0.0
6,33,1900,60,37,0,69,17,206.0,0.0
8,33,2200,60,40,1,85,17,210.0,304.67439360529465
6,33,2400,60,37,1,127,23,478.0,262.20258071004054
8,33,2800,60,44,0,153,18,394.0,0.0
8,33,1800,60,35,1,53,14,200.0,124.4442655259894
8,33,2900,60,41,0,153,23,680.0,0.0
8,33,2100,60,50,0,39,3,108.0,0.0
4,33,1600,60,35,0,81,8,154.0,0.0
10,33,1500,60,37,1,61,6,114.0,81.28247503722976
9,33,1700,60,41,0,59,7,120.0,0.0
4,33,3000,60,43,1,133,24,478.0,369.1837586372705
10,33,2700,60,47,1,97,13,364.0,246.21488991354468
8,33,2700,60,47,0,91,15,382.0,0.0
8,33,2000,60,50,1,95,7,136.0,97.2538735330078
10,33,1800,60,36,0,137,12,290.0,0.0
3,33,1700,60,35,0,125,11,208.0,0.0
9,33,1700,60,40,1,53,8,112.0,87.10571704254254
6,33,3000,60,46,1,113,21,494.0,384.2866204756751
6,33,1700,60,36,1,131,13,292.0,131.17128991138787
4,33,2200,60,49,0,93,8,138.0,0.0
10,33,2700,60,39,0,105,19,566.0,0.0
10,33,2900,60,37,0,97,28,606.0,0.0
10,33,2300,60,36,1,79,24,378.0,353.5151438591428
6,33,2500,60,35,0,131,23,436.0,0.0
9,33,2400,60,43,1,75,16,232.0,336.4918273928902
10,33,2400,60,47,0,87,10,242.0,0.0
7,33,3000,60,48,1,107,21,444.0,387.9599153181521
5,33,2200,60,38,0,81,7,208.0,0.0
3,33,2300,60,50,1,81,7,176.0,102.42651316988656
7,33,2800,60,39,0,101,18,392.0,0.0
7,33,2700,60,42,1,113,24,558.0,379.3810891149085
6,33,2300,60,44,1,133,16,378.0,329.0451324696194
6,33,2900,60,50,0,207,17,408.0,0.0
8,33,1800,60,46,1,47,8,128.0,157.25956768635598
7,33,2400,60,37,0,75,18,350.0,0.0
3,33,2700,60,40,1,145,31,360.0,578.3133492862601
8,33,1900,60,47,1,67,8,106.0,87.02651750389012
6,33,2600,60,46,0,197,12,390.0,0.0
10,33,1700,60,42,0,97,8,190.0,0.0
8,33,1900,55,43,0,81,7,156.0,0.0
3,33,1700,55,46,1,45,3,46.0,66.20178593939495
9,33,1500,55,47,0,29,4,104.0,0.0
9,33,2100,55,43,1,105,16,332.0,257.6634940728487
6,33,2500,55,35,0,161,22,540.0,0.0
7,33,1700,55,37,1,81,10,180.0,107.93536828936908
10,33,1600,55,40,0,31,3,56.0,0.0
9,33,2800,55,47,0,147,16,354.0,0.0
9,33,2400,55,48,1,199,18,374.0,432.3149512089899
4,33,1800,55,46,1,79,7,112.0,75.72069287286153
7,33,2800,55,50,1,153,16,344.0,243.47519792804488
3,33,2800,55,35,1,193,28,476.0,380.9119268135988
6,33,2200,55,36,0,129,12,286.0,0.0
10,33,2200,55,42,0,121,17,430.0,0.0
4,33,3000,55,44,1,223,20,516.0,427.06955189785396
10,33,1600,55,37,1,55,6,114.0,91.22150259515722
5,33,1700,55,38,0,57,10,138.0,0.0
9,33,2000,55,40,1,77,9,252.0,157.4478402757828
10,33,2300,55,38,0,113,12,346.0,0.0
6,33,2000,55,50,0,33,1,34.0,0.0
6,33,2700,55,42,1,127,18,372.0,267.44876876158446
10,33,2700,55,41,1,95,21,422.0,490.4473630683575
10,33,2000,55,44,1,79,13,282.0,253.196687831459
7,33,1700,55,48,0,93,7,156.0,0.0
8,33,2700,55,39,0,99,17,378.0,0.0
10,33,2900,55,40,0,163,24,504.0,0.0
5,33,1700,55,41,1,65,6,126.0,99.61619319275385
9,33,2200,55,41,1,77,8,238.0,173.74500126689088
10,33,2100,55,42,0,71,6,148.0,0.0
3,33,2700,55,40,0,273,19,630.0,0.0
8,33,2000,55,42,1,55,12,140.0,173.23974575361487
6,33,2300,55,37,0,87,17,334.0,0.0
4,33,1500,55,39,1,65,9,76.0,169.34902603682272
8,33,2300,55,39,0,69,11,242.0,0.0
6,33,1500,55,48,1,57,5,58.0,97.87245442928693
4,33,2100,55,45,1,121,10,198.0,147.76687592657103
5,33,1500,55,50,0,37,2,38.0,0.0
3,33,2400,55,46,0,165,10,270.0,0.0
6,33,2300,55,40,1,105,20,334.0,215.43261833994225
10,33,1500,55,45,1,39,4,64.0,62.549911909401914
3,33,2600,55,40,0,265,19,542.0,0.0
7,33,2800,55,44,1,191,23,558.0,407.45125331713535
5,33,2300,55,49,1,75,12,212.0,149.08282431439648
7,33,1700,55,47,0,87,6,88.0,0.0
7,33,2000,55,40,0,89,8,186.0,0.0
6,33,1800,55,46,0,99,8,190.0,0.0
3,33,2300,55,45,1,145,14,338.0,302.273635918329
6,33,1600,55,48,0,83,5,116.0,0.0
6,33,2300,55,39,1,111,14,228.0,305.0162177084899
4,33,2400,55,35,0,141,19,498.0,0.0
4,33,1500,55,47,1,37,3,38.0,15.842054003237992
6,33,2500,55,43,0,129,16,448.0,0.0
9,33,1800,55,37,1,45,6,140.0,93.87752212555098
10,33,3000,55,37,0,113,28,644.0,0.0
8,33,1500,55,50,1,45,4,72.0,77.3336383166468
8,33,1800,55,35,0,65,9,200.0,0.0
7,33,2800,55,35,1,149,25,590.0,359.3480999024492
10,33,1900,55,42,1,67,9,186.0,177.45219971935413
5,33,2200,55,44,1,65,14,188.0,234.65132875473378
10,33,2900,55,48,0,153,9,324.0,0.0
4,33,2200,55,47,0,75,9,176.0,0.0
10,33,1700,55,49,0,33,3,56.0,0.0
4,33,2500,55,36,0,177,20,414.0,0.0
7,33,2200,55,39,1,109,18,456.0,432.5175925083725
8,33,2400,55,40,1,137,20,382.0,322.59742378029256
4,33,2500,55,45,1,89,4,90.0,65.50585490943965
3,33,2000,55,44,0,53,6,106.0,0.0
10,33,1900,55,36,1,59,13,146.0,115.65458511523245
8,33,2900,55,41,0,159,25,680.0,0.0
10,33,1500,55,37,0,59,7,106.0,0.0
3,33,2400,55,38,1,129,18,246.0,266.03650148636973
6,33,2500,55,47,1,67,17,262.0,221.3319033196175
7,33,2700,55,38,0,155,25,602.0,0.0
10,33,1600,55,41,0,29,3,30.0,0.0
8,33,1600,55,38,0,29,4,54.0,0.0
5,33,2500,55,42,1,113,16,286.0,256.95974104863217
5,33,1500,55,45,1,25,3,44.0,61.4667565028032
4,33,2300,55,44,0,203,16,256.0,0.0
4,33,2800,55,44,1,127,22,318.0,327.52887055057795
4,33,2100,55,49,0,31,3,32.0,0.0
5,33,2900,55,35,0,167,22,592.0,0.0
8,33,2900,55,36,1,119,28,550.0,368.9496577735511
8,33,1700,55,47,1,63,8,174.0,97.79661416238203
7,33,1600,55,50,0,31,2,62.0,0.0
5,33,1500,55,43,1,37,4,68.0,60.50680147068838
6,33,2500,55,36,0,125,24,486.0,0.0
3,33,2500,55,35,1,155,31,368.0,371.1900841351611
9,33,2500,55,42,0,185,14,362.0,0.0
9,33,2900,55,48,0,105,20,532.0,0.0
3,33,2600,55,42,1,165,17,372.0,262.098207514478
5,33,2900,55,35,0,201,26,652.0,0.0
8,33,2900,55,36,0,115,32,696.0,0.0
10,33,2700,55,40,0,151,17,474.0,0.0
10,33,2900,55,39,1,109,28,646.0,565.0798263684651
6,33,1700,55,43,1,69,7,104.0,65.5012100566529
10,33,1800,55,37,0,61,10,176.0,0.0
6,33,2700,55,41,1,129,20,356.0,354.7701076184488
10,33,1700,50,41,1,39,3,40.0,94.96204035960697
8,33,1800,55,44,1,57,8,158.0,200.84910365676888
6,33,1900,50,41,0,99,7,144.0,0.0
9,33,1800,55,41,1,67,6,68.0,128.53501182311845
7,33,2100,55,46,0,67,10,196.0,0.0
10,33,1600,50,37,1,49,6,82.0,101.03038899482361
6,33,3000,50,38,1,99,17,348.0,252.98156024027557
10,33,1600,50,43,1,31,3,60.0,23.908178334024008
6,33,2700,50,43,0,105,18,430.0,0.0
3,33,2100,50,39,1,115,17,272.0,410.38946816346987
7,33,1700,50,42,0,31,3,64.0,0.0
5,33,2700,50,42,1,123,17,322.0,321.29641284433063
4,33,2600,50,38,0,245,18,478.0,0.0
8,33,1700,50,48,0,93,8,148.0,0.0
5,33,2000,50,43,1,141,14,220.0,234.69047416240682
7,33,2000,50,48,0,55,4,94.0,0.0
7,33,1600,50,49,0,45,3,46.0,0.0
7,33,2000,50,41,0,141,10,246.0,0.0
5,33,1800,50,43,1,61,5,102.0,106.96078677143485
4,33,2400,50,43,0,137,12,314.0,0.0
5,33,1600,50,45,0,45,4,74.0,0.0
8,33,2200,50,37,1,73,13,204.0,144.12702088986705
9,33,2400,50,50,1,89,8,234.0,200.5312044286408
3,33,2400,50,50,1,143,18,322.0,282.4606032943521
3,33,1900,50,39,0,49,6,82.0,0.0
7,33,2500,50,39,0,131,13,388.0,0.0
9,33,1900,50,42,1,65,5,102.0,64.12621118679263
3,33,2400,50,40,1,83,12,198.0,65.99529428440681
9,33,1800,50,50,0,33,4,70.0,0.0
4,33,2200,50,41,0,139,17,300.0,0.0
8,33,1700,50,43,1,41,7,102.0,80.80253962342383
6,33,2800,50,41,0,145,20,562.0,0.0
4,33,2800,50,47,1,125,17,332.0,194.98226179450674
8,33,3000,50,47,0,159,17,458.0,0.0
6,33,2300,50,50,1,91,5,174.0,105.46592153644262
5,33,2500,50,36,0,167,11,290.0,0.0
5,33,2700,50,35,1,83,22,336.0,301.49436949146735
5,33,2500,50,41,1,137,14,380.0,256.54895107773433
5,33,2700,50,45,0,139,14,324.0,0.0
10,33,1600,50,45,1,29,2,30.0,34.116887703837065
3,33,2800,50,35,1,175,27,400.0,365.3569080501229
7,33,2300,50,39,0,127,15,350.0,0.0
10,33,2700,50,40,0,155,18,640.0,0.0
3,33,1600,50,38,0,81,9,152.0,0.0
5,33,1800,50,38,0,69,7,156.0,0.0
9,33,2600,50,50,1,85,20,298.0,577.4001091107124
9,33,1700,50,46,1,29,5,56.0,80.26809985225016
8,33,1600,50,35,1,53,5,92.0,49.73546052603541
8,33,1600,50,40,1,29,3,58.0,37.2487589552557
6,33,2300,50,48,0,153,13,404.0,0.0
6,33,2200,50,40,0,105,10,194.0,0.0
7,33,2700,50,47,0,97,10,238.0,0.0
9,33,2100,50,39,0,83,13,294.0,0.0
3,33,2400,50,36,0,177,19,342.0,0.0
5,33,1600,50,46,1,21,1,22.0,29.744254021788755
5,33,3000,50,40,1,111,6,282.0,101.48884736722253
10,33,3000,50,42,1,105,18,386.0,247.842748571327
4,33,3000,50,42,1,187,24,516.0,333.9653230555
5,33,1900,50,46,0,167,7,200.0,0.0
8,33,3000,50,50,1,101,14,362.0,435.3548132855139
4,33,2400,50,36,0,185,12,324.0,0.0
4,33,1900,50,45,1,57,8,108.0,144.74463845126772
7,33,2800,50,48,1,79,14,186.0,303.33103118881513
9,33,3000,50,45,1,107,24,578.0,475.8528692415492
10,33,2100,50,50,0,105,7,132.0,0.0
8,33,1800,50,42,0,65,8,152.0,0.0
3,33,1600,50,46,0,57,4,72.0,0.0
7,33,2900,50,39,1,169,19,372.0,326.00883682484516
8,33,2800,50,39,1,163,22,570.0,504.3128595933585
5,33,2500,50,43,0,151,17,362.0,0.0
6,33,2600,50,45,0,135,13,264.0,0.0
4,33,2700,50,49,1,123,9,210.0,80.47453499929573
7,33,2300,50,46,0,79,10,284.0,0.0
7,33,1900,50,37,1,103,18,300.0,234.63638457057965
10,33,1800,50,36,0,69,8,178.0,0.0
9,33,2700,50,39,1,149,22,404.0,495.4276967160462
10,33,2700,50,43,0,87,13,286.0,0.0
5,33,1700,50,46,1,47,5,74.0,49.76911887550729
5,33,2000,50,46,0,33,2,60.0,0.0
7,33,3000,50,44,0,169,22,680.0,0.0
6,33,2900,50,35,1,101,33,520.0,549.2670893096663
3,33,2700,50,36,0,249,24,620.0,0.0
3,33,2600,50,35,1,195,24,390.0,286.44687542385014
7,33,1900,50,40,1,87,15,218.0,217.2285802031926
7,33,1900,50,43,1,115,7,224.0,153.0887243466846
6,33,2400,50,47,0,123,7,202.0,0.0
10,33,2400,50,49,0,119,9,240.0,0.0
3,33,1500,50,37,1,45,8,70.0,64.63821411269483
10,33,2100,50,41,0,69,11,184.0,0.0
9,33,1700,50,41,0,89,6,122.0,0.0
4,33,2200,50,44,1,61,7,130.0,170.41812299361058
9,33,2400,50,48,1,125,15,346.0,425.87940372180236
9,33,3000,50,47,0,101,15,348.0,0.0
4,33,2900,50,50,1,139,14,454.0,391.95418304883776
6,33,2000,50,35,1,67,15,202.0,160.4747815093594
5,33,2500,50,44,1,97,10,182.0,154.65107664740378
6,33,3000,50,46,0,171,14,452.0,0.0
6,33,1800,50,49,0,35,4,72.0,0.0
6,33,1700,50,40,0,91,6,152.0,0.0
9,32,2200,90,38,1,79,16,308.0,237.56737106881675
9,33,2000,50,47,1,99,9,256.0,103.2681741139082
6,33,2600,50,45,1,159,16,456.0,288.646665527489
9,33,2400,50,50,0,45,6,114.0,0.0
4,33,1700,50,40,0,61,5,134.0,0.0
10,32,2000,90,47,0,71,8,202.0,0.0
6,32,1700,90,35,0,93,11,182.0,0.0
8,32,1900,90,48,1,67,9,168.0,210.89273550936102
4,32,2800,90,41,1,153,30,390.0,433.9219017111375
6,32,2000,90,37,0,109,15,306.0,0.0
7,32,2900,90,40,1,115,22,458.0,292.78483614938426
5,32,3000,90,35,0,161,31,474.0,0.0
8,32,2400,90,39,0,129,22,544.0,0.0
10,32,2800,90,39,1,107,27,564.0,527.363336957749
10,32,1700,90,48,0,55,9,174.0,0.0
3,32,1900,90,44,1,123,14,272.0,378.5820839721137
8,32,1900,90,39,1,71,16,262.0,395.25280128903745
8,32,2200,90,36,0,83,17,358.0,0.0
4,32,2700,90,41,0,287,23,734.0,0.0
7,32,2600,90,39,0,143,26,552.0,0.0
10,32,1500,90,43,1,55,3,82.0,62.195293867963095
7,32,2800,90,49,1,107,27,444.0,521.1846363507792
5,32,1800,90,49,1,103,9,136.0,110.9683641258561
9,32,2300,90,38,0,121,17,430.0,0.0
4,32,1800,90,41,1,95,12,246.0,246.74868056659716
6,32,2300,90,44,1,77,15,190.0,306.6890693797379
4,32,2100,90,50,0,113,10,282.0,0.0
5,32,2800,90,35,1,97,31,426.0,524.774428017293
8,32,2100,90,44,0,77,8,126.0,0.0
4,32,2800,90,50,0,199,16,332.0,0.0
4,32,2600,90,35,0,179,27,592.0,0.0
4,32,1600,90,36,0,61,8,152.0,0.0
9,32,2200,90,43,1,73,16,298.0,272.3437118375218
10,32,2900,90,43,0,113,24,570.0,0.0
4,32,2000,90,44,0,149,13,256.0,0.0
5,32,2100,90,38,1,109,19,302.0,244.00053546809795
10,32,1600,90,39,1,55,9,158.0,205.70281235318993
4,32,2500,90,48,1,183,20,346.0,403.8832159259383
6,32,1500,90,38,1,59,10,134.0,113.51276238836238
5,32,1800,90,47,0,101,9,138.0,0.0
3,32,2700,90,37,1,149,28,336.0,387.91013036067716
10,32,1700,90,40,0,123,7,184.0,0.0
4,32,1800,90,49,1,37,5,82.0,101.94001400100528
6,32,2100,90,48,1,73,5,98.0,108.46419596268775
5,32,2400,90,37,1,93,31,384.0,421.7762228153163
8,32,2500,90,35,0,187,28,584.0,0.0
5,32,1900,90,42,1,91,16,250.0,272.6377271709093
6,32,2600,90,36,0,139,30,546.0,0.0
9,32,1900,90,45,1,55,12,184.0,202.23316923810427
9,32,1700,90,42,0,49,6,148.0,0.0
5,32,1600,90,48,1,41,6,98.0,134.54838765418376
8,32,1700,90,36,0,77,13,194.0,0.0
9,32,2600,90,40,1,201,23,622.0,396.98941406941503
3,32,1500,90,36,0,93,11,216.0,0.0
4,32,2200,90,40,0,193,13,378.0,0.0
9,32,2700,90,37,0,145,27,394.0,0.0
3,32,2400,90,42,1,215,20,384.0,272.3261319606659
10,32,2600,90,43,0,143,21,584.0,0.0
8,32,1500,90,49,0,45,3,46.0,0.0
7,32,2200,90,37,1,165,19,414.0,269.84509984270557
6,32,1600,90,35,0,57,11,146.0,0.0
5,32,1500,90,44,1,49,5,80.0,133.78228912309484
8,32,2500,90,40,0,121,22,502.0,0.0
4,32,2400,90,47,1,117,17,280.0,269.0783118851716
9,32,1600,90,47,0,45,8,104.0,0.0
8,32,2600,90,48,1,97,18,348.0,361.3021588398337
9,32,2800,90,41,1,91,22,488.0,369.47192494119156
8,32,1800,90,43,0,65,10,200.0,0.0
7,32,2400,90,44,1,93,21,382.0,551.0082675405307
10,32,2800,90,36,1,163,26,570.0,361.4391837512723
9,32,2100,90,46,0,93,11,364.0,0.0
9,32,2400,90,38,1,69,19,312.0,297.8061428520742
4,32,1900,90,37,1,111,16,208.0,252.99202062645298
9,32,2300,90,43,0,73,14,252.0,0.0
9,32,2800,90,45,0,163,17,552.0,0.0
6,32,1800,90,48,0,45,4,112.0,0.0
3,32,1600,90,35,1,123,14,178.0,164.7628735597172
5,32,2000,90,38,1,115,18,376.0,238.12415096099326
4,32,1500,90,39,1,59,11,162.0,234.45032839345794
3,32,2900,90,42,0,323,30,632.0,0.0
7,32,2600,90,47,1,93,13,322.0,222.5277998887027
10,32,2400,90,39,0,133,20,542.0,0.0
4,32,2800,90,42,0,269,24,670.0,0.0
8,32,2700,90,41,0,205,28,792.0,0.0
6,32,2400,90,44,1,117,13,250.0,354.7005366657372
6,32,3000,90,50,0,173,23,536.0,0.0
9,32,2000,90,35,1,103,19,312.0,225.57457406580903
6,32,1700,90,37,0,87,9,176.0,0.0
6,32,2500,90,40,1,91,23,300.0,276.9750796160221
6,32,2900,90,42,0,161,24,660.0,0.0
10,32,2400,90,42,0,93,18,360.0,0.0
5,32,2500,90,48,1,87,10,256.0,228.9509667479943
3,32,2500,90,44,1,175,22,344.0,392.4950657356908
10,32,2200,90,48,0,95,9,198.0,0.0
10,32,2900,90,48,1,97,18,462.0,582.5190650640951
8,32,1600,90,50,0,53,4,98.0,0.0
10,32,1800,90,36,1,47,9,136.0,95.82812766161871
10,32,2300,90,37,1,91,24,390.0,408.1100897577785
5,32,1800,90,48,1,71,8,168.0,137.09569221262578
4,32,1900,90,35,0,125,17,312.0,0.0
6,32,1700,90,45,0,93,7,186.0,0.0
7,32,2900,90,48,0,147,21,512.0,0.0
3,32,1900,90,42,0,103,8,140.0,0.0
3,32,3000,90,48,1,259,20,468.0,460.8510538689177
6,32,1600,85,35,1,67,13,202.0,155.5848995867144
9,32,2800,85,37,1,111,27,470.0,461.77704200818886
7,32,2000,85,45,0,77,12,254.0,0.0
7,32,2000,85,39,1,93,14,238.0,311.22960447290336
10,32,1600,85,48,1,31,2,46.0,85.00084151707206
7,32,1700,85,43,0,65,9,148.0,0.0
8,32,2400,85,46,0,127,12,344.0,0.0
6,32,2300,85,36,1,89,24,472.0,287.98229378259185
7,32,2100,85,41,0,79,10,174.0,0.0
9,32,2900,85,45,0,165,22,614.0,0.0
10,32,2900,85,45,0,109,22,502.0,0.0
9,32,1800,85,35,1,101,18,266.0,174.4915541188731
10,32,3000,85,38,1,117,30,602.0,525.822789013703
7,32,2200,85,39,1,87,15,300.0,370.8484134660588
7,32,2600,85,47,0,129,16,434.0,0.0
8,32,2800,85,50,1,67,15,334.0,297.9062960549147
4,32,3000,85,37,0,273,31,718.0,0.0
9,32,2900,85,44,0,161,22,570.0,0.0
10,32,1900,85,38,0,71,13,306.0,0.0
5,32,2600,85,40,1,139,23,440.0,347.3992819374799
10,32,2900,85,43,0,223,25,748.0,0.0
5,32,1900,85,41,1,93,14,226.0,240.7915790806265
7,32,2800,85,38,1,97,30,466.0,462.5903343372159
6,32,2200,85,41,1,101,17,254.0,252.6185084124607
3,32,1500,85,50,1,43,3,62.0,84.99313968524234
5,32,2600,85,50,0,139,16,360.0,0.0
4,32,2700,85,39,0,209,25,602.0,0.0
4,32,2400,85,45,0,133,14,268.0,0.0
6,32,2300,85,37,1,169,24,436.0,295.2731918616142
10,32,1500,85,42,1,27,3,54.0,49.783796366727145
4,32,2200,85,43,1,71,19,266.0,358.6367106641088
4,32,1700,85,49,0,67,6,158.0,0.0
6,32,1500,85,35,0,71,7,124.0,0.0
4,32,2100,85,36,0,81,13,220.0,0.0
10,32,2500,85,40,0,141,17,558.0,0.0
8,32,1600,85,45,0,63,8,108.0,0.0
10,32,2800,85,47,1,97,21,434.0,471.4497551490157
6,32,2600,85,42,1,89,27,416.0,444.4437277671505
6,32,2700,85,42,1,143,25,442.0,482.07046358443586
3,32,2300,85,39,0,163,18,358.0,0.0
7,32,2600,85,41,0,99,23,436.0,0.0
4,32,2600,85,46,0,141,12,320.0,0.0
8,32,2000,85,48,1,65,11,196.0,210.8378762968924
5,32,1900,85,49,1,59,9,130.0,92.1432765251104
5,32,2800,85,47,1,143,24,472.0,385.62630539997326
9,32,2500,85,37,1,71,27,374.0,401.04359880764775
8,32,2800,85,43,0,157,28,666.0,0.0
10,32,2200,85,49,0,83,11,274.0,0.0
7,32,2100,85,43,1,75,14,268.0,280.8624424358841
7,32,2300,85,49,0,153,14,416.0,0.0
6,32,2800,85,46,1,91,24,382.0,323.7904226295959
10,32,2500,85,40,1,97,23,448.0,338.92754651519306
7,32,1900,85,44,0,83,6,116.0,0.0
4,32,2600,85,45,1,151,18,406.0,412.4158777817918
5,32,3000,85,46,0,225,22,670.0,0.0
3,32,2200,85,50,1,153,14,246.0,285.0226378312161
3,32,3000,85,41,0,219,26,518.0,0.0
4,32,2200,85,42,0,111,17,272.0,0.0
9,32,1500,85,37,1,53,9,190.0,143.88667378734863
8,32,3000,85,41,1,137,29,512.0,600.6090577998775
3,32,2300,85,44,0,89,13,180.0,0.0
3,32,2700,85,47,1,149,21,308.0,297.98224104097915
3,32,2900,85,43,0,337,25,612.0,0.0
4,32,2300,85,36,0,171,16,418.0,0.0
4,32,2800,85,43,1,181,30,476.0,790.3329519927643
8,32,1600,85,44,1,57,7,144.0,199.38727770127335
7,32,2000,85,43,0,73,9,150.0,0.0
4,32,2400,85,45,0,179,14,352.0,0.0
4,32,2000,85,35,0,107,14,244.0,0.0
10,32,2900,85,43,1,111,23,586.0,463.4867101884342
8,32,1800,85,43,0,57,8,148.0,0.0
3,32,2500,85,42,0,173,20,440.0,0.0
10,32,2300,85,37,0,79,20,372.0,0.0
9,32,1700,85,42,1,41,4,42.0,46.896413023810425
4,32,2800,85,43,1,141,26,484.0,568.5147166067536
5,32,1600,85,43,1,29,2,58.0,38.68750906761396
8,32,2500,85,39,1,143,19,438.0,395.9422249144717
5,32,2300,85,37,1,135,19,444.0,303.72479018388543
10,32,1800,85,49,0,65,11,188.0,0.0
3,32,2100,85,46,0,77,12,184.0,0.0
6,32,1600,85,45,0,89,10,176.0,0.0
4,32,1800,85,40,0,103,9,166.0,0.0
6,32,2200,85,37,0,155,19,478.0,0.0
10,32,2200,85,48,0,85,10,222.0,0.0
3,32,1800,85,43,1,63,12,184.0,169.4970639466965
5,32,2400,85,47,1,161,19,372.0,293.60951190673075
6,32,3000,85,43,1,139,27,510.0,628.4515052810945
7,32,1700,85,48,1,53,4,86.0,121.48877595645249
6,32,1700,85,36,1,63,9,146.0,57.690521967666065
4,32,1700,85,40,0,57,6,120.0,0.0
9,32,2500,85,46,1,97,18,362.0,307.29307546050046
6,32,1900,85,47,1,63,11,154.0,211.6734818294542
3,32,2800,85,40,0,323,25,740.0,0.0
10,32,1700,85,38,1,45,10,92.0,95.37968716879358
6,32,2200,85,38,1,89,19,392.0,270.62586590931716
9,32,2300,85,43,0,123,17,372.0,0.0
9,32,1600,85,45,0,53,9,162.0,0.0
5,32,2500,85,40,1,79,28,346.0,433.7249202775829
10,32,2300,85,47,0,87,10,292.0,0.0
4,32,2500,85,50,0,253,16,314.0,0.0
9,32,2100,80,37,1,85,17,340.0,294.9436525608871
9,32,1600,80,48,0,53,7,152.0,0.0
5,32,2200,80,39,1,77,21,292.0,356.80638042653544
3,32,1900,80,49,0,59,4,60.0,0.0
10,32,2800,80,45,0,207,20,638.0,0.0
3,32,2100,80,40,1,159,22,352.0,269.05417987326354
5,32,2700,80,48,1,137,16,320.0,463.94345027645306
4,32,1700,80,49,1,87,9,176.0,140.05509822991874
6,32,2200,80,40,0,199,14,362.0,0.0
8,32,1700,80,36,0,57,9,178.0,0.0
5,32,2800,80,39,1,209,30,500.0,683.8374018428256
7,32,2700,80,44,0,129,16,422.0,0.0
4,32,2700,80,44,0,135,14,394.0,0.0
8,32,2300,80,40,1,95,16,330.0,266.3271868607508
5,32,2300,80,43,1,87,12,206.0,158.55590691485347
10,32,2900,80,36,0,153,24,482.0,0.0
6,32,1600,80,45,1,83,12,150.0,221.32387641091543
7,32,3000,80,48,0,113,19,514.0,0.0
7,32,2700,80,50,1,79,12,226.0,291.25860758842464
7,32,3000,80,40,1,81,29,408.0,519.6485137745913
7,32,2100,80,41,1,83,14,256.0,249.57735151537256
8,32,1800,80,47,0,47,5,84.0,0.0
7,32,3000,80,40,0,171,24,772.0,0.0
4,32,1500,80,41,0,55,4,86.0,0.0
3,32,2000,80,45,1,103,12,194.0,281.1425733580805
7,32,2800,80,35,0,159,29,626.0,0.0
7,32,2200,80,45,0,149,12,278.0,0.0
10,32,2300,80,50,1,75,13,254.0,213.04808489280748
8,32,2100,80,37,0,59,8,202.0,0.0
10,32,2700,80,44,1,145,22,534.0,362.9625435992825
4,32,1500,80,37,1,79,6,122.0,59.1533899086534
8,32,1900,80,36,0,69,13,246.0,0.0
7,32,2200,80,43,1,91,18,302.0,427.6346681294653
6,32,2300,80,44,1,105,17,376.0,476.40147357573113
8,32,3000,80,40,0,225,29,758.0,0.0
4,32,1600,80,47,0,51,4,76.0,0.0
10,32,2500,80,39,0,95,20,472.0,0.0
6,32,2400,80,50,1,75,10,262.0,316.9577561872122
10,32,2800,80,38,1,103,27,520.0,477.7717430321827
4,32,1500,80,37,0,115,8,172.0,0.0
5,32,2000,80,46,1,53,6,154.0,96.69816291170415
10,32,2300,80,41,0,109,14,328.0,0.0
5,32,2200,80,46,1,119,8,266.0,97.1424266336065
3,32,2900,80,40,0,303,26,502.0,0.0
6,32,2700,80,41,0,99,19,368.0,0.0
8,32,3000,80,48,0,161,24,664.0,0.0
4,32,1900,80,48,0,75,10,170.0,0.0
6,32,1800,80,36,1,53,17,212.0,171.05087039100871
9,32,2600,80,36,1,93,24,438.0,334.37440119142144
5,32,1800,80,46,1,71,8,140.0,70.47513904716249
5,32,1800,80,50,1,67,4,82.0,63.79134152296914
8,32,2800,80,38,0,157,27,700.0,0.0
8,32,1900,80,43,1,71,12,218.0,185.29058020964004
3,32,2300,80,46,1,115,9,250.0,147.14012374972836
10,32,3000,80,41,0,105,31,666.0,0.0
7,32,1900,80,38,0,75,10,202.0,0.0
5,32,2200,80,40,1,123,18,328.0,246.63148888880428
4,32,2700,80,48,1,139,23,382.0,469.4983101486496
7,32,2400,80,49,1,75,10,190.0,127.19229700850633
5,32,2200,80,50,0,93,9,248.0,0.0
5,32,1700,80,47,0,69,8,160.0,0.0
9,32,2200,80,38,1,79,15,234.0,149.2529495030986
10,32,2200,80,43,0,119,14,362.0,0.0
8,32,2400,80,46,0,119,9,344.0,0.0
10,32,2000,80,41,1,77,16,248.0,264.3885089944465
8,32,2500,80,49,0,93,7,254.0,0.0
7,32,1900,80,37,0,105,14,270.0,0.0
3,32,1600,80,42,1,49,6,96.0,129.1372705665746
9,32,2300,80,42,1,85,12,276.0,252.942558429413
4,32,2100,80,50,1,101,12,218.0,250.76636876069688
5,32,2800,80,40,0,211,23,548.0,0.0
9,32,2700,80,35,0,101,28,560.0,0.0
4,32,3000,80,48,1,153,19,366.0,421.72775630495494
3,32,2500,80,39,1,147,25,364.0,571.3250837408865
10,32,3000,80,36,0,119,31,708.0,0.0
4,32,1700,80,49,0,61,7,126.0,0.0
9,32,2500,80,48,0,91,13,262.0,0.0
5,32,1900,80,38,1,75,16,258.0,165.8011977393048
8,32,2900,80,44,1,101,20,432.0,395.24103610950664
7,32,2100,80,42,1,73,15,270.0,151.27191584106515
7,32,2900,80,48,1,103,17,408.0,319.85507432279576
10,32,2700,80,47,0,149,14,536.0,0.0
8,32,3000,80,37,0,115,29,638.0,0.0
3,32,2000,80,41,0,131,9,202.0,0.0
10,32,2500,80,45,1,87,17,346.0,537.070590253867
10,32,2200,80,47,0,127,15,402.0,0.0
4,32,1700,80,47,1,29,5,84.0,44.209278364962955
7,32,3000,80,41,1,127,30,586.0,592.5209892392056
5,32,1800,80,43,1,109,13,268.0,149.69087441910025
5,32,2100,80,50,0,107,9,224.0,0.0
5,32,1600,80,50,0,57,4,94.0,0.0
6,32,2400,80,36,0,229,16,398.0,0.0
8,32,1700,80,41,0,33,5,92.0,0.0
8,32,2200,80,50,1,43,7,152.0,150.4610919424946
9,32,2000,80,43,0,75,10,220.0,0.0
10,32,1700,80,39,0,147,12,258.0,0.0
6,32,1800,75,42,1,109,15,206.0,214.36455814920785
9,32,3000,80,44,1,117,19,456.0,574.8916889907995
9,32,3000,80,43,1,77,21,442.0,486.7372613227261
7,32,2200,80,50,1,159,13,232.0,219.62619790377227
7,32,1600,80,41,0,55,5,106.0,0.0
9,32,2100,75,47,0,65,10,158.0,0.0
8,32,1600,75,35,0,47,7,120.0,0.0
4,32,2200,75,42,1,115,13,264.0,147.3268923809052
10,32,1700,75,47,1,67,6,138.0,61.77938194077764
4,32,2900,75,50,1,137,27,434.0,677.8285682233969
9,32,2300,75,40,1,81,19,330.0,322.81348914007657
9,32,2900,75,37,1,171,29,684.0,344.22125177254605
3,32,2800,75,45,1,121,23,346.0,468.3547956879381
4,32,3000,75,47,0,311,22,636.0,0.0
3,32,2600,75,50,0,149,12,410.0,0.0
8,32,1700,75,45,0,73,6,130.0,0.0
7,32,1700,75,46,0,89,9,200.0,0.0
5,32,3000,75,36,0,175,30,770.0,0.0
7,32,2500,75,36,1,83,26,410.0,331.9729255960589
9,32,2800,75,38,1,99,28,580.0,434.82509606770583
6,32,1800,75,43,1,71,9,172.0,145.15181237061321
3,32,1500,75,40,0,67,8,108.0,0.0
4,32,3000,75,38,0,229,23,622.0,0.0
9,32,1800,75,44,1,83,6,120.0,199.39660988071975
5,32,1500,75,46,0,45,6,120.0,0.0
4,32,2100,75,50,1,51,8,134.0,144.98697453658664
8,32,1600,75,36,0,79,9,112.0,0.0
5,32,1700,75,49,1,49,9,152.0,105.81149485584622
4,32,2200,75,37,0,195,17,350.0,0.0
9,32,2200,75,38,0,111,15,398.0,0.0
5,32,2300,75,38,1,85,24,398.0,467.2773583688742
8,32,2800,75,43,0,199,23,644.0,0.0
4,32,2200,75,48,0,125,11,282.0,0.0
3,32,2900,75,50,1,141,10,352.0,217.72205723718244
6,32,2600,75,49,1,109,26,400.0,468.9422216253231
7,32,2500,75,49,0,123,11,278.0,0.0
9,32,2800,75,50,0,135,20,510.0,0.0
6,32,1500,75,47,0,47,5,98.0,0.0
10,32,2500,75,41,0,133,19,508.0,0.0
6,32,2500,75,43,1,81,12,276.0,212.1131021116905
10,32,1900,75,47,1,65,8,168.0,156.9545581367878
10,32,2100,75,46,1,75,15,268.0,191.01843779993237
8,32,1800,75,48,0,39,4,92.0,0.0
3,32,2500,75,42,1,81,22,212.0,195.00164128431095
5,32,2800,75,50,1,141,15,384.0,335.7914193537113
8,32,2100,75,45,0,79,12,192.0,0.0
7,32,1700,75,45,1,63,7,102.0,122.09135242242036
4,32,2800,75,50,1,143,23,436.0,535.8490987643685
5,32,1900,75,42,0,85,8,122.0,0.0
9,32,1700,75,49,0,93,5,126.0,0.0
10,32,2100,75,35,1,69,15,316.0,149.69819631706832
9,32,2600,75,46,1,143,20,420.0,259.33856191834957
6,32,2900,75,46,1,115,16,382.0,288.5814446340013
5,32,2400,75,42,0,125,16,354.0,0.0
9,32,2100,75,40,0,81,12,260.0,0.0
8,32,2300,75,50,0,89,13,334.0,0.0
3,32,2800,75,35,1,129,32,346.0,490.1391274593547
10,32,2000,75,37,0,67,15,196.0,0.0
10,32,1500,75,44,1,35,5,66.0,97.31125947249947
7,32,1900,75,35,1,73,16,292.0,162.3938552813726
5,32,2800,75,36,0,207,29,690.0,0.0
10,32,2500,75,39,0,91,22,430.0,0.0
4,32,1700,75,43,1,67,8,128.0,142.3888504209617
8,32,1600,75,49,1,99,7,144.0,110.00133051007069
7,32,1600,75,37,0,59,6,118.0,0.0
4,32,1600,75,42,0,31,4,88.0,0.0
5,32,2500,75,44,1,121,24,404.0,481.56372926957573
10,32,2200,75,36,0,87,15,334.0,0.0
5,32,1900,75,38,1,71,15,228.0,273.7749042001411
10,32,2300,75,43,0,87,19,310.0,0.0
4,32,2200,75,47,0,75,4,136.0,0.0
7,32,2000,75,43,0,73,11,208.0,0.0
7,32,3000,75,36,1,159,31,502.0,393.4256742825604
6,32,2300,75,41,1,105,14,274.0,225.09583677415614
10,32,2800,75,48,1,121,20,528.0,500.3451524604995
5,32,2100,75,47,0,81,11,258.0,0.0
9,32,2500,75,48,1,93,18,346.0,506.7047959408299
10,32,2700,75,37,0,95,24,452.0,0.0
10,32,2800,75,41,0,145,27,768.0,0.0
9,32,2700,75,43,0,139,18,470.0,0.0
6,32,2200,75,50,1,75,10,214.0,286.0572250457439
6,32,3000,75,37,1,115,25,420.0,399.84226813932946
10,32,1900,75,43,1,63,9,174.0,86.50975707827789
8,32,2500,75,45,1,87,15,262.0,304.5552524665425
8,32,1900,75,48,1,67,9,184.0,257.238894538224
7,32,1800,75,44,0,33,3,52.0,0.0
5,32,3000,75,35,1,87,29,360.0,460.21012964290003
7,32,1600,75,48,0,23,2,44.0,0.0
7,32,1500,75,35,1,51,11,110.0,105.47593997535516
7,32,1500,75,38,0,67,7,122.0,0.0
6,32,2700,75,45,0,207,18,498.0,0.0
4,32,2300,75,35,0,135,24,334.0,0.0
8,32,2500,75,39,0,97,18,426.0,0.0
3,32,1600,75,38,1,73,12,170.0,100.40789761702737
7,32,1800,75,36,1,95,16,248.0,128.74408502293036
9,32,2200,75,36,0,127,14,352.0,0.0
7,32,1700,75,42,1,55,2,56.0,41.36519874834627
8,32,2100,75,46,0,113,10,316.0,0.0
10,32,2400,75,37,1,89,24,476.0,412.3277927308071
6,32,2500,75,38,1,97,27,410.0,409.8488383319265
10,32,2900,75,46,0,113,23,634.0,0.0
6,32,2200,75,43,1,103,17,344.0,296.0477088263606
6,32,2300,75,48,0,73,9,206.0,0.0
6,32,1800,70,43,1,53,11,140.0,156.54500206875514
4,32,2000,70,38,0,177,15,396.0,0.0
6,32,2500,70,45,0,143,13,454.0,0.0
7,32,2100,70,50,0,107,12,246.0,0.0
6,32,1900,70,47,1,61,5,98.0,75.4123965014248
6,32,2500,75,39,0,137,21,504.0,0.0
10,32,1500,70,40,1,29,6,100.0,116.60015898688792
8,32,2900,70,49,1,131,22,414.0,401.1559597153285
3,32,1900,70,49,0,59,7,138.0,0.0
5,32,1700,70,42,1,61,8,164.0,134.41561419774015
7,32,1900,70,50,0,129,10,214.0,0.0
4,32,2300,70,45,1,169,12,344.0,238.23510706019303
10,32,3000,70,40,1,91,28,522.0,588.9090349780653
7,32,1700,70,37,0,77,9,188.0,0.0
8,32,1800,70,41,1,71,5,136.0,66.56911776927674
10,32,2300,70,44,0,115,17,424.0,0.0
7,32,2500,70,46,0,123,12,402.0,0.0
5,32,2000,70,41,1,81,15,280.0,243.4065971023747
5,32,2800,70,44,1,117,25,404.0,538.2640890108294
5,32,2000,70,35,0,101,14,226.0,0.0
9,32,2400,70,37,0,93,25,562.0,0.0
5,32,2400,70,45,1,75,15,234.0,244.38922224959555
9,32,2600,70,50,0,89,9,210.0,0.0
3,32,3000,70,35,1,155,32,402.0,541.597426270649
3,32,2600,70,46,0,141,13,288.0,0.0
9,32,2400,70,46,0,123,11,284.0,0.0
10,32,2300,70,46,1,73,18,222.0,250.3767056378151
8,32,2500,70,37,1,145,23,518.0,372.3384434208265
3,32,2100,70,36,0,103,18,240.0,0.0
9,32,3000,70,40,0,117,29,670.0,0.0
4,32,2100,70,48,1,73,9,224.0,260.57579110708645
9,32,1900,70,39,0,67,16,222.0,0.0
10,32,1700,70,45,1,57,4,106.0,89.52176807453873
9,32,2100,70,50,0,77,8,188.0,0.0
7,32,2200,70,50,1,55,9,182.0,297.0572178459308
5,32,2300,70,41,1,113,16,300.0,235.83435427734616
7,32,2400,70,36,1,131,25,626.0,345.3529080014333
7,32,2600,70,41,0,189,18,570.0,0.0
8,32,2300,70,44,1,45,11,172.0,211.9421819774693
10,32,2500,70,42,0,99,22,588.0,0.0
6,32,2600,70,50,0,191,14,430.0,0.0
8,32,2300,70,41,0,89,13,338.0,0.0
9,32,1700,70,47,0,65,4,100.0,0.0
3,32,1500,70,47,1,27,2,46.0,34.46557135593253
4,32,2500,70,40,1,109,22,350.0,454.6823568938921
4,32,1800,70,40,1,53,9,132.0,117.80297357023004
6,32,1600,70,46,0,91,7,162.0,0.0
4,32,2800,70,50,1,133,15,366.0,317.97200253877674
4,32,2500,70,37,0,195,21,510.0,0.0
8,32,1600,70,35,1,53,9,154.0,133.6285634348752
6,32,1900,70,37,1,51,11,200.0,156.08389079584376
9,32,3000,70,50,0,149,16,532.0,0.0
10,32,2400,70,36,1,93,22,476.0,298.01979052751807
3,32,3000,70,40,0,335,23,518.0,0.0
7,32,2900,70,46,1,141,28,486.0,549.4384115489295
5,32,2000,70,38,0,143,15,326.0,0.0
10,32,2000,70,35,1,77,9,228.0,134.3064536612355
3,32,1800,70,40,1,81,12,186.0,158.43198155567543
5,32,2400,70,46,0,87,12,252.0,0.0
8,32,1900,70,50,1,47,6,86.0,123.56816100891348
5,32,1800,70,45,0,61,5,98.0,0.0
3,32,2800,70,49,0,241,17,534.0,0.0
9,32,2500,70,39,0,87,19,372.0,0.0
6,32,2600,70,39,1,81,23,266.0,516.0997320289872
8,32,2100,70,50,0,117,10,312.0,0.0
7,32,1800,70,40,0,59,8,130.0,0.0
7,32,1600,70,41,1,125,6,154.0,124.9983385163474
7,32,2000,70,44,1,121,14,238.0,291.38959340925743
3,32,3000,70,47,0,253,20,586.0,0.0
9,32,1900,70,45,1,57,9,144.0,163.93695972009849
4,32,2100,70,44,0,75,12,264.0,0.0
4,32,2800,70,48,1,123,17,364.0,319.34307813971066
5,32,2600,70,36,0,189,25,574.0,0.0
8,32,2900,70,42,1,81,23,492.0,372.18583787946176
8,32,2800,70,46,1,107,26,462.0,495.14991959665883
7,32,2900,70,37,0,149,29,522.0,0.0
4,32,2500,70,37,0,125,19,366.0,0.0
7,32,2400,70,36,0,93,17,384.0,0.0
7,32,2800,70,41,0,163,24,634.0,0.0
9,32,2400,70,47,1,125,16,252.0,239.13877419717218
3,32,2800,70,49,1,139,25,374.0,469.11970166315257
9,32,3000,70,46,1,117,15,394.0,293.984857248462
4,32,2400,70,49,0,95,13,278.0,0.0
4,32,2400,70,41,1,141,10,270.0,215.10912242668746
6,32,1500,70,45,0,23,2,46.0,0.0
5,32,2900,70,45,1,135,17,312.0,312.5379024446511
9,32,2200,70,46,0,77,11,228.0,0.0
3,32,2400,70,43,0,203,16,340.0,0.0
7,32,2400,70,41,1,127,15,236.0,257.1501114540865
7,32,2300,70,41,0,157,16,352.0,0.0
6,32,2000,70,43,1,59,12,226.0,267.49065510115884
9,32,1900,70,49,0,69,9,160.0,0.0
3,32,2100,70,46,1,119,15,330.0,190.110382483205
7,32,1500,70,40,0,99,8,150.0,0.0
6,32,1700,70,42,1,87,5,150.0,89.3947254141658
8,32,3000,70,49,1,163,20,646.0,362.7344998153767
6,32,2500,70,35,1,91,27,354.0,483.0298293326259
7,32,1600,70,42,0,109,8,142.0,0.0
4,32,2600,70,46,0,195,19,510.0,0.0
8,32,2200,70,36,1,57,25,304.0,315.9716947782877
8,32,1600,65,35,0,63,11,182.0,0.0
10,32,1800,70,36,0,61,8,180.0,0.0
7,32,2800,65,36,0,161,24,630.0,0.0
9,32,2300,65,41,1,81,12,280.0,299.8730735030525
6,32,1500,65,35,1,71,11,166.0,132.41673785633577
6,32,2200,65,41,0,111,10,222.0,0.0
7,32,2400,65,48,1,81,11,246.0,184.4255989310414
4,32,2200,65,40,1,61,11,166.0,120.97767689890098
8,32,2000,65,43,1,101,8,190.0,137.90135682787292
10,32,1700,65,44,1,51,8,192.0,252.55526827397313
7,32,3000,65,49,1,109,14,434.0,216.13651030850042
5,32,1900,65,43,0,59,7,118.0,0.0
4,32,2700,65,41,1,137,21,358.0,283.286530125437
10,32,1800,65,37,0,33,4,98.0,0.0
7,32,2500,65,43,0,181,13,382.0,0.0
10,32,2900,65,35,0,169,28,688.0,0.0
8,32,2900,65,36,1,165,23,592.0,303.78660692068075
3,32,2500,65,39,0,93,12,188.0,0.0
4,32,2500,65,49,1,107,17,280.0,302.76160134652764
3,32,2400,65,43,0,195,20,458.0,0.0
10,32,2000,65,36,0,39,8,176.0,0.0
4,32,2600,65,38,0,281,16,476.0,0.0
8,32,2600,65,47,1,97,15,330.0,172.37864030808493
8,32,1800,65,37,1,59,6,194.0,82.09357069866334
5,32,2400,65,40,1,111,20,338.0,246.5195916726875
7,32,1800,65,39,0,77,8,242.0,0.0
10,32,1700,65,41,0,47,9,144.0,0.0
6,32,2900,65,50,1,155,9,364.0,170.85383444123204
5,32,3000,65,45,1,229,26,568.0,617.4174969897905
6,32,2400,65,43,0,93,14,340.0,0.0
4,32,1600,65,47,1,31,2,46.0,31.023588129365873
6,32,1900,65,47,0,87,11,192.0,0.0
5,32,1900,65,41,0,57,12,178.0,0.0
8,32,1700,65,45,0,33,8,118.0,0.0
4,32,2900,65,45,0,163,19,394.0,0.0
6,32,1700,65,35,1,57,11,162.0,125.67685430615506
8,32,1500,65,49,1,47,3,48.0,14.258608585802621
6,32,2200,65,37,1,99,19,298.0,256.4875637732876
4,32,1600,65,40,1,109,8,142.0,104.95906359264433
6,32,2200,65,47,1,107,12,246.0,158.28229019240524
3,32,2300,65,41,0,131,9,252.0,0.0
7,32,1900,65,39,0,57,8,152.0,0.0
8,32,2400,65,41,1,123,12,286.0,137.68060996519816
5,32,1500,65,40,0,59,6,140.0,0.0
5,32,2200,65,41,0,197,15,428.0,0.0
7,32,1600,65,44,1,37,3,38.0,71.38770283681427
9,32,2500,65,44,0,91,13,400.0,0.0
5,32,2800,65,50,1,113,14,256.0,249.41434458234778
6,32,2700,65,35,0,189,29,566.0,0.0
3,32,2700,65,38,1,133,26,334.0,408.87414522325696
9,32,2100,65,39,0,79,10,178.0,0.0
4,32,2400,65,40,0,187,13,316.0,0.0
6,32,2100,65,38,1,101,17,286.0,211.7264509245571
8,32,2100,65,43,0,81,8,242.0,0.0
10,32,2400,65,41,1,59,14,306.0,265.64777439958885
4,32,2500,65,43,1,225,17,512.0,399.30385099894664
3,32,2000,65,36,0,151,13,330.0,0.0
6,32,2500,65,39,1,127,21,444.0,457.843218335481
5,32,2400,65,39,1,87,24,320.0,432.1240745419709
6,32,1700,65,42,0,125,8,154.0,0.0
10,32,2600,65,45,1,97,16,312.0,328.095584558397
6,32,1900,65,50,0,57,10,200.0,0.0
7,32,2900,65,49,0,163,14,382.0,0.0
9,32,1500,65,48,1,39,5,54.0,152.3323380198186
10,32,2500,65,36,0,95,17,380.0,0.0
7,32,1500,65,40,1,43,9,112.0,91.70111609472609
10,32,2800,65,45,0,105,21,540.0,0.0
4,32,1600,65,37,0,89,15,242.0,0.0
6,32,2100,65,45,0,75,9,186.0,0.0
10,32,1600,65,46,1,31,2,60.0,26.24824533564166
10,32,2800,65,43,1,99,22,358.0,411.69646528100685
5,32,2900,65,45,1,157,18,516.0,322.30864611211956
5,32,2000,65,38,0,39,8,104.0,0.0
8,32,2100,65,43,1,71,12,162.0,138.8575051677317
10,32,2400,65,49,0,67,7,156.0,0.0
4,32,1900,65,45,1,69,13,180.0,298.85237472596725
4,32,2400,65,47,1,113,13,262.0,208.09257175518624
9,32,3000,65,49,0,209,16,504.0,0.0
4,32,2300,65,50,0,125,10,292.0,0.0
10,32,2000,65,37,1,59,14,226.0,193.8462076792757
8,32,2200,65,42,1,43,4,80.0,49.13165624389711
3,32,2400,65,41,1,119,12,284.0,206.99260151481545
10,32,1700,65,40,0,75,9,208.0,0.0
9,32,2900,65,41,0,169,27,680.0,0.0
5,32,2400,65,49,1,85,12,230.0,120.23556395132996
3,32,2500,65,50,0,205,13,344.0,0.0
10,32,2200,65,37,1,127,20,436.0,266.4319580927869
6,32,2700,65,39,0,197,28,644.0,0.0
7,32,2900,65,40,0,149,18,512.0,0.0
4,32,2400,65,46,1,135,21,262.0,257.83668709685713
5,32,1700,65,37,1,89,9,180.0,114.00974870439612
8,32,2800,65,41,0,195,22,566.0,0.0
6,32,2400,65,47,1,63,10,196.0,106.26393766459421
3,32,2700,65,46,0,183,21,338.0,0.0
7,32,2800,65,39,0,155,22,496.0,0.0
6,32,2500,65,39,0,123,18,410.0,0.0
3,32,2700,65,42,1,159,29,426.0,465.9976583789758
6,32,2700,65,44,1,101,19,326.0,348.3811200465877
7,32,2300,65,47,0,83,12,240.0,0.0
4,32,2900,65,35,0,215,27,714.0,0.0
9,32,1800,65,50,1,63,7,118.0,159.68268735428342
9,32,2400,60,42,1,87,13,298.0,192.6136198846119
9,32,2400,60,37,0,93,17,332.0,0.0
9,32,2700,60,41,0,107,20,674.0,0.0
5,32,2300,60,49,1,97,9,214.0,86.71975261809156
8,32,2100,60,49,1,81,8,112.0,75.23563225677981
3,32,1500,60,49,0,27,3,74.0,0.0
5,32,2600,60,41,0,95,13,338.0,0.0
4,32,2500,60,46,1,95,6,150.0,74.31086328678329
6,32,2100,60,38,1,103,12,264.0,130.10161563266172
6,32,2900,60,40,0,215,18,594.0,0.0
6,32,2700,60,35,0,91,19,410.0,0.0
4,32,2600,60,40,1,143,23,372.0,282.2464687133251
9,32,2000,60,48,1,75,9,178.0,121.40544390095195
6,32,2100,60,48,1,75,5,142.0,168.99913686819337
6,32,1500,60,42,1,59,7,60.0,117.26935015444401
7,32,1700,60,36,1,69,16,184.0,147.96008349370103
10,32,2100,60,39,0,103,11,264.0,0.0
6,32,1600,60,44,0,61,4,62.0,0.0
7,32,2800,60,43,0,151,18,470.0,0.0
7,32,1600,60,47,0,27,2,54.0,0.0
5,32,1800,60,46,1,65,6,98.0,95.29390375110422
10,32,1700,60,35,0,61,5,114.0,0.0
7,32,2100,60,40,1,67,3,110.0,55.061057458324
5,32,2300,60,45,1,179,8,228.0,237.15432013492347
10,32,2000,60,45,1,67,8,150.0,164.47021822090719
9,32,2500,60,50,0,93,10,310.0,0.0
3,32,2900,60,50,1,139,21,362.0,525.8618888572461
8,32,1800,60,46,0,61,4,62.0,0.0
10,32,1500,60,49,0,55,3,74.0,0.0
7,32,2000,60,35,0,151,14,300.0,0.0
7,32,2500,60,38,0,143,11,382.0,0.0
9,32,1900,60,36,1,47,12,144.0,142.38406051875634
6,32,2300,60,44,1,61,13,206.0,268.3623460627856
7,32,1900,60,44,1,57,7,158.0,224.59491812230735
9,32,1800,60,37,0,67,9,192.0,0.0
8,32,2800,60,35,1,93,25,410.0,322.90278988444095
7,32,2900,60,37,0,167,24,688.0,0.0
3,32,2300,60,45,1,141,7,238.0,109.08852101960203
8,32,2000,60,38,0,67,11,208.0,0.0
8,32,1600,60,40,1,53,6,86.0,35.94071874703046
8,32,2000,60,42,0,77,10,242.0,0.0
10,32,2900,60,48,0,165,14,490.0,0.0
4,32,2500,60,45,1,139,15,308.0,302.0978501615171
8,32,1700,60,40,1,63,6,144.0,114.88953159954033
9,32,2200,60,39,1,61,14,332.0,377.9629033889866
3,32,2400,60,39,0,175,15,456.0,0.0
3,32,2600,60,50,0,99,11,196.0,0.0
3,32,2200,60,43,1,79,9,186.0,130.05280359398154
8,32,2800,60,42,0,149,20,502.0,0.0
5,32,2700,60,46,0,123,14,366.0,0.0
6,32,2300,60,37,1,111,20,304.0,299.6259467901155
10,32,2500,60,38,0,129,18,492.0,0.0
9,32,2600,60,39,1,97,17,428.0,471.859761888237
7,32,1800,60,45,0,85,4,86.0,0.0
6,32,2500,60,50,1,89,16,314.0,518.1029664551223
9,32,2900,60,50,1,127,21,528.0,595.3184164749545
8,32,1600,60,50,0,53,5,88.0,0.0
8,32,3000,60,35,0,159,24,578.0,0.0
6,32,2400,60,38,1,133,27,442.0,442.3806203338485
7,32,2100,60,43,0,109,11,242.0,0.0
7,32,2400,60,50,1,63,13,202.0,348.4065715343652
3,32,1600,60,48,1,53,4,84.0,106.49673594691497
8,32,1500,60,39,0,29,2,44.0,0.0
3,32,2500,60,42,0,181,14,342.0,0.0
9,32,1700,60,35,0,57,7,92.0,0.0
9,32,1500,60,40,1,45,13,112.0,243.6511402289462
8,32,1900,60,40,0,99,10,170.0,0.0
4,32,2300,60,38,1,75,15,240.0,249.8533011391464
8,32,2000,60,50,1,53,4,54.0,158.63261169183875
9,32,2000,60,47,1,93,10,172.0,111.89067826187384
5,32,2700,60,50,0,135,11,232.0,0.0
7,32,1800,60,38,1,49,12,146.0,147.18185907400107
7,32,2500,60,40,0,187,20,506.0,0.0
3,32,2600,60,40,0,287,18,450.0,0.0
6,32,2600,60,44,1,93,10,238.0,262.5624538192088
5,32,2300,60,36,0,135,18,422.0,0.0
3,32,2000,60,44,0,101,11,224.0,0.0
3,32,1900,60,48,1,59,7,170.0,176.4438985037801
3,32,2500,60,37,1,161,18,322.0,240.09601945514294
5,32,1500,60,40,0,51,7,98.0,0.0
4,32,1800,60,44,1,95,9,124.0,239.8501118624041
10,32,1900,60,39,0,73,8,168.0,0.0
6,32,3000,60,45,1,167,22,498.0,332.21854509237363
8,32,1500,60,49,0,29,2,42.0,0.0
6,32,1800,60,49,1,59,8,112.0,98.3555685961946
7,32,1600,60,39,0,39,4,98.0,0.0
8,32,2500,60,40,1,67,15,166.0,203.07106652883996
10,32,1800,60,40,0,69,12,238.0,0.0
8,32,2300,60,38,0,121,17,382.0,0.0
3,32,2200,60,40,0,153,11,224.0,0.0
5,32,2800,60,44,1,87,19,306.0,411.72715497778813
5,32,1600,60,45,1,83,8,154.0,164.22823652097335
5,32,2700,60,39,0,297,25,640.0,0.0
5,32,2600,60,39,0,201,23,574.0,0.0
10,32,2300,60,46,0,121,11,286.0,0.0
6,32,2900,60,44,1,97,21,436.0,429.4686154269101
9,32,1700,60,49,1,93,9,166.0,111.44186086059985
10,32,2500,60,46,1,67,13,212.0,217.8266510820448
5,32,2000,60,50,1,85,10,140.0,178.9359472382299
4,32,1600,55,35,0,81,7,154.0,0.0
9,32,2000,55,37,1,79,12,240.0,155.82793809687354
6,32,1600,55,39,0,59,4,110.0,0.0
6,32,3000,55,37,1,99,25,456.0,466.3151979377937
8,32,2600,55,42,1,89,22,378.0,253.10091285841014
7,32,3000,60,42,0,107,15,472.0,0.0
5,32,2300,55,49,0,165,16,470.0,0.0
5,32,2000,55,36,0,89,14,266.0,0.0
4,32,2500,55,47,1,135,12,278.0,172.577202044354
8,32,1500,55,49,1,73,4,80.0,57.1649969372686
5,32,1900,55,46,0,41,6,108.0,0.0
9,32,2600,55,47,0,93,13,350.0,0.0
5,32,2300,55,50,0,81,10,274.0,0.0
8,32,2400,55,50,1,107,10,194.0,200.43079958802306
3,32,2500,55,50,1,79,8,200.0,175.8000903816779
8,32,2700,55,35,1,141,27,594.0,462.65469146155954
10,32,1600,55,35,1,43,4,76.0,31.116605664288574
3,32,2200,55,40,0,139,8,224.0,0.0
10,32,2400,55,43,1,141,9,220.0,84.68269097351433
7,32,3000,55,39,0,117,24,514.0,0.0
9,32,2600,55,45,0,93,13,264.0,0.0
8,32,2300,55,44,1,81,6,210.0,113.07589879968613
9,32,2800,55,43,1,105,16,422.0,346.8068115013279
9,32,2500,55,45,0,97,20,300.0,0.0
10,32,1900,55,46,0,81,5,116.0,0.0
4,32,1800,55,48,1,35,2,36.0,78.91913354467184
6,32,2900,55,42,0,103,12,350.0,0.0
8,32,2300,55,43,0,127,13,232.0,0.0
9,32,2800,55,46,1,157,10,292.0,226.81919055224765
4,32,2300,55,36,0,137,19,414.0,0.0
6,32,1700,55,37,0,101,9,218.0,0.0
9,32,2600,55,43,0,183,16,580.0,0.0
3,32,1900,55,45,1,71,7,164.0,152.40997022862499
3,32,2400,55,50,1,135,9,214.0,203.2244206828725
5,32,2700,55,44,1,137,25,426.0,539.1118953499673
4,32,1800,55,38,1,109,11,186.0,96.75888205232626
8,32,2300,55,36,0,81,16,260.0,0.0
8,32,1900,55,43,0,59,6,134.0,0.0
6,32,3000,55,38,0,341,27,996.0,0.0
5,32,1800,55,44,0,89,5,114.0,0.0
7,32,2000,55,45,1,51,5,90.0,99.50503380065726
5,32,2000,55,43,1,79,8,216.0,146.014562207861
5,32,2500,55,43,1,147,12,370.0,235.31459644669428
10,32,1800,55,37,0,75,10,150.0,0.0
4,32,1800,55,39,0,201,14,360.0,0.0
7,32,2300,55,40,0,87,11,258.0,0.0
7,32,2900,55,39,1,85,22,406.0,578.7574296602475
7,32,2200,55,40,1,79,16,298.0,171.15380458623886
9,32,1500,55,48,1,51,4,74.0,140.22720700620937
6,32,1800,55,42,1,63,9,120.0,189.34280034008196
10,32,1900,55,42,0,59,13,206.0,0.0
10,32,2200,55,47,1,119,12,218.0,107.75692910702354
4,32,2300,55,42,0,169,14,374.0,0.0
6,32,1800,55,44,1,99,6,130.0,83.0010193376208
10,32,1800,55,43,0,67,8,126.0,0.0
4,32,2400,55,42,1,89,14,196.0,241.3698566572536
6,32,2100,55,47,0,41,5,112.0,0.0
5,32,2400,55,37,1,123,15,312.0,219.3501227748399
5,32,2900,55,40,1,245,28,560.0,503.7570247310995
8,32,2300,55,45,1,159,9,264.0,262.2660028617558
3,32,2100,55,49,0,103,8,170.0,0.0
3,32,1600,55,45,0,43,4,70.0,0.0
7,32,2400,55,37,0,133,17,340.0,0.0
10,32,2700,55,48,1,107,19,344.0,442.4878690399431
6,32,1800,55,49,0,59,4,94.0,0.0
4,32,2100,55,36,1,105,12,244.0,112.30010687066067
6,32,2300,55,46,0,89,8,206.0,0.0
5,32,2700,55,37,0,185,23,494.0,0.0
4,32,2100,55,38,0,79,12,260.0,0.0
9,32,1500,55,42,1,29,5,82.0,130.70488710234582
4,32,2900,55,39,1,161,32,478.0,751.9430744938318
4,32,1500,55,47,1,29,3,42.0,24.575176578171334
6,32,2400,55,36,1,111,22,338.0,247.9477592268485
5,32,2900,55,38,1,105,30,408.0,390.65418921170993
5,32,1500,55,38,0,49,6,98.0,0.0
4,32,1500,55,36,0,101,8,186.0,0.0
3,32,1800,55,39,0,123,11,180.0,0.0
5,32,2900,55,45,1,107,21,400.0,449.60166076032317
7,32,1900,55,44,0,13,1,14.0,0.0
4,32,2800,55,35,0,135,21,432.0,0.0
6,32,3000,55,37,1,115,27,444.0,509.0859314222193
4,32,3000,55,37,1,115,27,404.0,568.1035714703069
8,32,1500,55,47,1,23,2,40.0,28.082018361223785
3,32,2100,55,38,1,69,13,186.0,106.0487028624754
8,32,2500,55,43,0,121,15,374.0,0.0
3,32,2900,55,41,0,323,22,548.0,0.0
7,32,2000,55,36,0,71,6,156.0,0.0
5,32,1600,55,36,0,75,10,140.0,0.0
6,32,1700,55,43,1,43,5,104.0,84.61846491526921
9,32,2100,55,40,1,73,11,272.0,185.4191217898567
4,32,1800,55,44,0,59,8,162.0,0.0
4,32,2800,55,46,1,91,10,176.0,159.1668914466013
3,32,2600,55,48,0,137,10,284.0,0.0
5,32,3000,55,37,0,163,24,604.0,0.0
3,32,1800,55,37,0,35,4,72.0,0.0
4,32,2400,55,38,0,167,13,350.0,0.0
5,32,1700,55,50,1,33,3,34.0,66.4229392379703
9,32,2100,55,50,1,75,7,144.0,181.94028698433183
8,32,2900,55,42,1,107,21,320.0,318.2044930077004
5,32,1600,55,48,1,57,4,88.0,116.04332061312677
10,32,2800,50,35,0,101,25,658.0,0.0
5,32,3000,50,36,1,93,29,404.0,342.9397607291127
6,32,2200,55,37,0,83,15,288.0,0.0
4,32,2200,50,46,0,71,7,144.0,0.0
5,32,2800,50,42,0,55,7,150.0,0.0
6,32,2600,50,43,1,95,11,198.0,156.30132095470398
8,32,3000,50,50,1,105,15,380.0,336.77585476535955
9,32,1600,50,35,0,93,7,174.0,0.0
8,32,2100,50,36,1,97,17,296.0,218.78759344263088
8,32,1600,50,37,1,61,11,134.0,148.68317087694044
10,32,2900,50,47,0,113,17,390.0,0.0
5,32,1600,50,48,1,31,1,32.0,39.778925231294096
4,32,2300,50,44,0,109,10,196.0,0.0
10,32,2600,50,48,1,103,14,370.0,370.26255845627145
3,32,3000,50,49,0,195,10,280.0,0.0
9,32,3000,50,41,1,147,19,490.0,464.4406549035268
9,32,2100,50,39,0,59,8,116.0,0.0
4,32,2600,50,46,1,109,14,188.0,228.28190653337114
5,32,2800,50,43,0,151,11,310.0,0.0
4,32,2000,50,44,1,49,10,118.0,167.07671638372832
10,32,1900,50,44,0,49,4,122.0,0.0
9,32,2300,50,43,1,45,6,128.0,125.12107667019319
7,32,2900,50,48,0,211,16,500.0,0.0
8,32,3000,50,36,1,119,25,594.0,418.51562547871646
4,32,1500,50,35,0,75,10,162.0,0.0
8,32,1900,50,42,0,113,7,220.0,0.0
5,32,2900,50,44,1,111,15,338.0,364.7688112011212
5,32,2900,50,38,1,155,21,450.0,393.6498859502603
10,32,2000,50,45,1,39,6,114.0,147.111139394188
5,32,1900,50,47,0,33,1,34.0,0.0
5,32,2200,50,39,0,127,7,168.0,0.0
6,32,2100,50,48,0,75,6,116.0,0.0
6,32,2000,50,47,1,103,13,180.0,201.76004641459502
3,32,1800,50,45,0,63,7,150.0,0.0
8,32,1500,50,45,0,23,3,48.0,0.0
7,32,1900,50,43,1,47,5,74.0,57.516299185396825
7,32,2000,50,44,0,101,6,102.0,0.0
7,32,1900,50,50,1,37,4,76.0,97.32751522637595
5,32,1500,50,50,1,45,2,46.0,61.886535715552924
7,32,1700,50,45,1,49,4,84.0,86.87705322195927
9,32,2400,50,35,1,141,11,368.0,135.1121497316913
9,32,2900,50,37,1,115,29,556.0,406.44353632097165
4,32,1800,50,44,0,53,5,92.0,0.0
5,32,2500,50,44,0,131,11,332.0,0.0
9,32,2300,50,45,0,85,13,286.0,0.0
7,32,2100,50,46,1,123,14,386.0,137.44023312847264
4,32,1600,50,35,1,111,11,184.0,184.7660533751404
4,32,2600,50,47,0,93,10,226.0,0.0
9,32,2900,50,39,0,165,28,788.0,0.0
8,32,2100,50,43,1,41,4,124.0,58.97550602878384
9,32,2300,50,39,0,67,8,226.0,0.0
6,32,2100,50,45,1,65,6,104.0,140.17143189932787
5,32,1900,50,47,1,33,3,64.0,14.804147658606656
10,32,1700,50,50,0,33,4,68.0,0.0
8,32,2000,50,49,0,71,5,108.0,0.0
6,32,2600,50,41,1,99,17,426.0,286.92951939284916
9,32,3000,50,42,1,171,26,836.0,430.84806080094376
7,32,2200,50,47,1,75,7,172.0,100.41415188665837
7,32,1900,50,49,0,23,1,24.0,0.0
10,32,1900,50,49,0,35,4,54.0,0.0
10,32,2900,50,49,1,163,14,476.0,196.45006462064393
3,32,2800,50,49,0,193,13,450.0,0.0
6,32,2500,50,38,1,99,17,430.0,329.3431038463628
4,32,2500,50,39,0,261,17,396.0,0.0
3,32,2000,50,40,1,99,12,226.0,145.79515665265188
6,32,2200,50,45,1,81,5,116.0,116.15595921104531
7,32,1700,50,45,0,61,3,90.0,0.0
5,32,2800,50,48,0,105,10,266.0,0.0
10,32,2600,50,50,0,51,13,306.0,0.0
10,32,1700,50,41,0,33,6,68.0,0.0
8,32,2600,50,43,1,143,22,492.0,478.5315466705701
7,32,1600,50,43,1,31,3,62.0,14.258646023948172
4,32,2800,50,41,0,195,13,358.0,0.0
8,32,1600,50,47,1,69,7,154.0,85.61697608357382
7,32,2800,50,49,0,97,9,294.0,0.0
4,32,2000,50,37,0,69,7,138.0,0.0
10,32,1900,50,48,1,61,8,196.0,187.47423617475843
6,32,2600,50,38,0,91,13,276.0,0.0
5,32,2800,50,45,1,207,19,384.0,631.7731675129594
4,32,1600,50,46,0,85,6,128.0,0.0
8,32,1600,50,49,1,43,5,74.0,49.86963428007995
5,32,2700,50,38,0,149,17,466.0,0.0
6,32,1600,50,46,0,57,2,58.0,0.0
10,32,1800,50,44,1,67,6,118.0,103.38027440573862
3,32,2000,50,49,1,75,5,150.0,53.93377224223699
4,32,2800,50,41,0,193,19,508.0,0.0
10,32,2000,50,48,1,71,6,160.0,189.27943999759532
6,32,1900,50,39,0,115,9,152.0,0.0
9,32,2400,50,41,0,79,13,238.0,0.0
9,32,1500,50,35,1,29,7,164.0,125.65261302178281
3,32,2100,50,47,1,35,6,86.0,57.82714694770106
8,32,1500,50,50,1,49,7,88.0,141.15457673545043
7,32,2300,50,38,0,133,16,368.0,0.0
9,32,1900,50,35,1,57,6,156.0,60.18623477175459
3,32,2100,50,49,0,83,8,168.0,0.0
7,32,3000,50,50,1,147,18,382.0,472.6161710712021
8,32,1700,50,37,0,63,9,146.0,0.0
6,32,2300,50,39,0,117,10,290.0,0.0
4,32,1700,50,36,1,77,8,110.0,56.99865487053258
5,32,1800,50,41,1,37,6,108.0,100.91632997682065
10,32,1800,50,45,0,53,4,108.0,0.0
5,32,3000,50,41,1,167,16,456.0,312.8113269515704
4,32,1500,50,48,1,0,0,0.0,0.0
7,31,2900,90,35,1,105,31,480.0,507.5342015868848
6,32,2300,50,41,0,85,11,166.0,0.0
4,32,2900,50,42,1,109,25,356.0,468.0911764950848
6,31,2700,90,35,0,153,25,430.0,0.0
4,32,1500,50,49,0,27,2,56.0,0.0
8,32,2400,50,43,0,93,9,320.0,0.0
7,31,1500,90,36,1,55,14,138.0,149.8050796174929
10,31,2300,90,38,1,83,23,354.0,375.08831549043686
7,31,2000,90,40,0,85,6,154.0,0.0
10,31,2200,90,44,0,77,15,294.0,0.0
3,31,2400,90,50,1,129,24,366.0,420.8177363488104
10,31,2900,90,47,0,101,12,344.0,0.0
7,31,2500,90,48,1,67,8,198.0,294.19767273025514
8,31,1800,90,36,1,65,10,214.0,103.93147460685084
9,31,1800,90,47,0,35,3,36.0,0.0
6,31,1800,90,39,0,69,17,280.0,0.0
3,31,2300,90,37,1,153,25,314.0,328.6458031470867
3,31,2800,90,41,0,205,22,512.0,0.0
7,31,2100,90,43,1,79,16,296.0,329.90412889114174
9,31,2900,90,46,0,95,15,466.0,0.0
4,31,1700,90,37,1,57,7,104.0,109.19783253419298
8,31,2900,90,49,1,89,13,266.0,141.17439937860806
3,31,2400,90,38,0,103,18,276.0,0.0
4,31,1900,90,45,1,67,4,140.0,129.91948014626047
3,31,2700,90,48,0,203,18,490.0,0.0
6,31,2400,90,35,1,87,18,376.0,220.4309105734037
8,31,1700,90,47,0,55,6,112.0,0.0
3,31,1800,90,35,1,65,10,144.0,58.15159570828832
4,31,2000,90,44,0,73,7,168.0,0.0
7,31,2200,90,43,1,73,18,242.0,339.1648802874341
6,31,2600,90,44,0,101,18,338.0,0.0
3,31,3000,90,42,0,285,29,672.0,0.0
4,31,2800,90,45,0,195,23,592.0,0.0
9,31,2700,90,46,1,105,21,506.0,319.4113933501753
3,31,3000,90,36,0,267,30,614.0,0.0
8,31,2100,90,41,1,81,15,246.0,231.97169287821205
3,31,2800,90,41,0,303,20,546.0,0.0
10,31,1800,90,39,1,53,10,166.0,248.63024864124276
5,31,2800,90,44,1,95,30,444.0,696.5988175052845
10,31,1500,90,46,1,39,5,90.0,97.33125367322978
6,31,1800,90,47,0,65,4,128.0,0.0
7,31,1600,90,43,0,49,5,76.0,0.0
7,31,2400,90,38,1,129,26,576.0,547.0829654736667
3,31,2700,90,37,0,281,22,538.0,0.0
5,31,2200,90,44,0,77,10,180.0,0.0
10,31,2700,90,49,1,145,17,424.0,302.73319662392885
9,31,2000,90,43,1,41,10,180.0,246.89346003732686
10,31,2900,90,47,1,109,23,434.0,398.9173308355192
4,31,1500,90,47,0,83,3,84.0,0.0
5,31,2800,90,43,1,121,24,316.0,462.3147973089375
6,31,2600,90,45,0,145,17,352.0,0.0
6,31,1800,90,42,1,101,10,212.0,217.72942664618304
6,31,1900,90,45,0,75,6,196.0,0.0
9,31,2100,90,45,1,67,11,240.0,268.0205065895321
4,31,3000,90,49,0,211,19,536.0,0.0
8,31,2900,90,38,1,147,29,530.0,461.9806212014988
9,31,2200,90,38,1,87,15,350.0,219.69423250621753
4,31,3000,90,36,1,151,30,406.0,456.1895562533578
8,31,2100,90,50,0,37,4,68.0,0.0
4,31,2200,90,41,0,113,12,318.0,0.0
6,31,2700,90,37,1,73,31,388.0,517.2878287457673
4,31,1800,90,37,0,105,16,294.0,0.0
8,31,2500,90,46,0,89,14,248.0,0.0
8,31,2300,90,35,1,91,24,406.0,268.48372019048105
5,31,1700,90,39,0,97,8,158.0,0.0
10,31,1800,90,40,0,65,13,248.0,0.0
9,31,2000,90,36,1,75,16,282.0,166.3342974816809
8,31,1700,90,47,1,47,5,106.0,38.48342391300568
5,31,2000,90,47,0,87,6,120.0,0.0
9,31,2800,90,50,0,83,13,276.0,0.0
7,31,2600,90,49,1,65,11,188.0,176.54658543677814
10,31,1600,90,37,0,31,3,60.0,0.0
10,31,1500,90,38,1,55,9,142.0,77.80689725567994
8,31,1700,90,38,0,55,6,120.0,0.0
3,31,1800,90,41,1,85,19,192.0,361.00492821932505
10,31,2600,90,42,1,97,20,420.0,259.75536586144136
6,31,1500,90,45,0,77,7,100.0,0.0
7,31,1600,90,47,0,57,3,58.0,0.0
10,31,2800,90,36,1,57,25,450.0,296.3969657308888
9,31,2700,90,37,1,99,29,502.0,462.30835952363384
9,31,1800,90,41,1,99,11,254.0,191.25273592591083
3,31,1800,90,42,0,99,9,166.0,0.0
9,31,1600,90,37,0,75,10,200.0,0.0
10,31,2200,90,43,1,117,13,308.0,182.62287931286792
5,31,1700,90,42,0,111,9,144.0,0.0
8,31,2800,90,38,1,107,25,460.0,304.4225289234217
5,31,2500,90,40,0,225,21,578.0,0.0
10,31,2200,90,49,0,113,11,252.0,0.0
5,31,2000,90,45,0,75,7,214.0,0.0
7,31,1500,90,47,1,55,8,80.0,126.42674964744606
7,31,1900,90,49,1,83,9,188.0,138.95108252318798
5,31,2700,90,49,0,139,15,424.0,0.0
7,31,2600,90,44,1,131,22,306.0,454.1105077538564
7,31,1900,90,42,1,65,10,186.0,184.3599671737718
3,31,2500,90,41,0,223,24,578.0,0.0
4,31,2000,90,46,0,69,10,172.0,0.0
6,31,2600,90,41,0,137,21,362.0,0.0
4,31,2300,90,48,1,117,16,276.0,316.6579982578719
10,31,2300,90,47,1,69,15,202.0,215.43908860616315
4,31,2800,90,36,0,199,27,608.0,0.0
4,31,1900,90,39,1,113,9,222.0,285.18003334769287
6,31,3000,90,39,1,81,30,386.0,577.204372893209
9,31,2900,90,42,0,111,23,522.0,0.0
5,31,2800,85,42,1,85,21,292.0,269.76092527499895
7,31,3000,85,39,0,173,27,806.0,0.0
3,31,2900,90,50,0,199,19,444.0,0.0
3,31,1600,85,38,0,91,14,226.0,0.0
6,31,2300,85,38,1,127,25,402.0,327.89940494839016
8,31,1600,85,39,0,59,10,198.0,0.0
7,31,1500,85,40,1,29,4,84.0,50.74600381689127
9,31,2700,85,40,0,103,20,474.0,0.0
3,31,1900,85,39,1,61,8,154.0,194.91391797871916
5,31,2500,85,37,0,183,23,542.0,0.0
9,31,1600,85,49,1,89,10,188.0,127.370507905704
6,31,2900,85,39,0,207,28,714.0,0.0
4,31,2500,85,43,1,125,24,432.0,350.2128123009115
7,31,1700,85,39,0,63,7,152.0,0.0
7,31,1800,85,44,1,83,8,162.0,201.14592682433204
10,31,1500,85,41,0,25,5,44.0,0.0
7,31,2700,85,48,1,107,19,494.0,483.3039928178991
8,31,1800,85,41,0,45,7,76.0,0.0
3,31,2600,85,42,1,167,21,404.0,313.5567162289882
3,31,1500,85,45,0,47,6,114.0,0.0
9,31,2000,85,49,1,75,9,170.0,121.19475645513921
10,31,1800,85,37,0,67,16,218.0,0.0
4,31,3000,85,45,1,131,27,496.0,588.0663421538422
6,31,2300,85,35,0,91,20,432.0,0.0
3,31,1800,85,35,0,133,13,222.0,0.0
10,31,1900,85,50,1,71,4,102.0,75.17269859820475
5,31,2300,85,39,1,115,24,338.0,623.5338305816778
10,31,2900,85,41,1,107,26,580.0,494.20392761939104
6,31,2600,85,41,1,143,21,636.0,294.5982367033123
6,31,1700,85,50,0,23,2,42.0,0.0
5,31,2400,85,41,0,163,19,462.0,0.0
9,31,1900,85,37,0,53,13,160.0,0.0
5,31,1500,85,38,1,43,8,104.0,107.82363493051096
6,31,3000,85,39,1,119,29,566.0,689.0793003841376
3,31,2900,85,39,1,147,31,392.0,494.05333813171535
9,31,2900,85,42,0,111,21,570.0,0.0
4,31,2100,85,42,0,109,12,272.0,0.0
8,31,1700,85,44,1,65,13,198.0,261.5534908569083
9,31,1800,85,39,0,69,13,252.0,0.0
10,31,2000,85,35,1,81,16,270.0,182.52956699418965
5,31,2600,85,41,0,153,20,466.0,0.0
5,31,2700,85,42,0,155,22,574.0,0.0
6,31,2900,85,47,1,97,24,396.0,428.59602779296443
7,31,1700,85,48,1,63,9,96.0,215.60841303638438
10,31,1600,85,48,0,25,3,26.0,0.0
10,31,3000,85,42,0,99,25,558.0,0.0
6,31,1700,85,38,1,89,13,202.0,137.5123248344668
9,31,2500,85,48,1,65,12,238.0,267.6046084036365
6,31,2600,85,44,0,165,18,532.0,0.0
6,31,3000,85,49,0,169,18,528.0,0.0
10,31,2800,85,50,1,71,13,284.0,407.50773433575694
3,31,1600,85,41,1,27,3,76.0,72.37756108086086
6,31,1500,85,35,0,51,8,122.0,0.0
3,31,2400,85,36,1,209,27,368.0,443.98762746687
9,31,2700,85,38,1,195,24,584.0,336.07164671812126
4,31,2500,85,42,0,185,24,566.0,0.0
3,31,2300,85,43,0,193,12,290.0,0.0
3,31,1600,85,43,1,85,6,132.0,100.45218080180521
4,31,2300,85,46,0,169,10,316.0,0.0
5,31,1900,85,35,0,67,9,166.0,0.0
9,31,1800,85,39,1,133,12,284.0,235.5430718284021
4,31,1600,85,42,0,27,6,54.0,0.0
9,31,1600,85,39,1,53,8,168.0,154.08287274227527
8,31,2900,85,42,1,115,28,502.0,538.8630286518552
10,31,2200,85,44,1,79,11,210.0,274.89925725514814
9,31,1500,85,42,0,75,7,152.0,0.0
4,31,2600,85,39,1,159,29,414.0,654.1247485374113
3,31,1500,85,39,0,49,5,106.0,0.0
9,31,2500,85,40,0,99,24,444.0,0.0
10,31,1600,85,45,0,85,8,190.0,0.0
7,31,2000,85,48,0,101,7,178.0,0.0
5,31,2800,85,48,1,115,21,464.0,473.6066545182956
5,31,2100,85,50,1,81,13,180.0,374.5395713862841
9,31,2300,85,37,0,171,21,442.0,0.0
10,31,2700,85,39,0,99,26,570.0,0.0
4,31,1800,85,40,1,113,12,190.0,111.88965858865377
6,31,2700,85,45,1,97,18,346.0,455.1482225428301
9,31,2300,85,44,0,85,10,234.0,0.0
10,31,2200,85,47,1,63,14,218.0,144.4568164627563
4,31,2800,85,49,1,103,23,344.0,467.0384380525659
5,31,1500,85,36,0,55,6,134.0,0.0
9,31,2200,85,36,0,117,18,540.0,0.0
8,31,2400,85,39,1,87,20,470.0,426.14980552667816
10,31,1700,85,41,0,33,8,122.0,0.0
6,31,2700,85,45,1,81,25,376.0,511.20156484956215
8,31,1800,85,46,1,69,5,110.0,13.68366544566391
10,31,2900,85,37,1,73,28,552.0,471.2316546495914
6,31,2100,85,50,0,67,6,98.0,0.0
10,31,2700,85,38,1,99,28,466.0,376.39929588429266
4,31,1800,85,36,0,103,14,256.0,0.0
8,31,1700,85,45,0,57,7,158.0,0.0
8,31,1800,85,37,0,57,11,178.0,0.0
4,31,2900,85,50,0,167,13,416.0,0.0
4,31,3000,85,49,1,165,26,496.0,478.8074724295916
6,31,2800,85,38,0,157,27,456.0,0.0
3,31,1500,85,43,1,87,5,110.0,87.89857143248263
6,31,2500,85,44,1,111,20,430.0,526.7707557271436
8,31,1900,85,49,1,97,12,192.0,153.85281589729775
7,31,1800,80,35,1,69,13,236.0,195.57424240638835
5,31,2000,85,43,1,79,14,226.0,159.3579389629831
9,31,2600,85,44,0,99,17,374.0,0.0
9,31,2700,80,38,1,65,24,326.0,420.5995358275258
9,31,1500,85,47,0,57,3,88.0,0.0
4,31,2000,80,42,1,85,16,218.0,234.77599494298397
5,31,1800,80,45,0,103,8,192.0,0.0
5,31,2400,80,48,0,163,17,474.0,0.0
3,31,2600,80,40,0,145,17,388.0,0.0
3,31,2600,80,42,1,133,23,348.0,315.81360784790144
7,31,2600,80,40,0,195,23,626.0,0.0
4,31,1600,80,43,0,89,5,120.0,0.0
4,31,2300,80,41,1,111,19,352.0,373.55462119946725
10,31,1900,80,49,1,71,4,106.0,51.826306251304366
8,31,2800,80,49,0,93,12,284.0,0.0
10,31,2800,80,44,0,75,18,400.0,0.0
9,31,1900,80,50,1,57,9,128.0,203.86918653632435
6,31,1500,80,38,1,59,10,136.0,125.47471347632401
8,31,2200,80,40,1,71,14,216.0,268.1241758279904
3,31,2700,80,41,0,151,19,310.0,0.0
10,31,2800,80,44,0,93,15,354.0,0.0
3,31,1600,80,41,0,31,6,92.0,0.0
9,31,2700,80,48,1,91,15,308.0,423.3762229448401
8,31,2500,80,38,1,143,22,404.0,267.3814220678339
7,31,2100,80,50,1,63,7,124.0,202.8103450013497
8,31,2800,80,42,0,147,20,652.0,0.0
8,31,1900,80,50,0,71,6,108.0,0.0
6,31,3000,80,49,0,161,17,386.0,0.0
4,31,2000,80,49,1,107,10,246.0,142.83744356816575
7,31,2900,80,36,1,103,28,526.0,353.7700367369376
9,31,2300,80,35,1,85,21,356.0,305.11901097938346
4,31,2700,80,42,0,157,19,408.0,0.0
8,31,2600,80,49,1,101,17,356.0,196.88958790395975
3,31,1800,80,39,0,69,7,130.0,0.0
9,31,1500,80,37,1,53,11,126.0,117.37438987892897
7,31,2800,80,38,1,107,20,426.0,358.1227952740318
5,31,2300,80,48,0,83,10,262.0,0.0
4,31,2600,80,43,0,133,16,390.0,0.0
9,31,1800,80,45,0,103,8,128.0,0.0
7,31,2700,80,44,1,151,21,544.0,425.0762463614656
9,31,2400,80,48,0,45,6,194.0,0.0
7,31,2000,80,47,1,57,10,150.0,122.21047181703075
7,31,2500,80,35,1,127,28,464.0,458.64184695620423
10,31,1600,80,47,0,27,4,80.0,0.0
4,31,1600,80,37,0,57,5,90.0,0.0
10,31,2100,80,42,1,41,8,98.0,171.76279744326575
4,31,1600,80,45,0,55,5,78.0,0.0
3,31,1900,80,50,1,143,8,244.0,104.26056816911034
6,31,3000,80,50,0,173,22,556.0,0.0
9,31,2800,80,41,1,85,27,442.0,568.8882216360464
7,31,2300,80,38,1,65,18,296.0,303.96176186349504
8,31,2000,80,43,0,115,9,226.0,0.0
9,31,3000,80,44,0,223,23,730.0,0.0
10,31,2100,80,49,1,47,10,158.0,116.6293294808338
4,31,2300,80,48,0,105,9,252.0,0.0
6,31,2000,80,40,1,89,11,220.0,91.82769727084123
9,31,2600,80,44,0,135,17,418.0,0.0
4,31,1800,80,48,1,121,10,202.0,292.35003477432525
10,31,2000,80,44,0,73,8,164.0,0.0
9,31,3000,80,40,0,141,26,554.0,0.0
4,31,2600,80,40,1,99,20,262.0,233.61989027262257
5,31,3000,80,40,0,175,24,554.0,0.0
4,31,2200,80,48,1,113,17,358.0,361.7492028326
5,31,2200,80,48,1,59,7,110.0,159.6203676631041
5,31,1900,80,40,1,67,9,164.0,69.76055645031738
10,31,2100,80,49,0,71,8,168.0,0.0
8,31,3000,80,38,0,111,26,556.0,0.0
3,31,1900,80,38,1,119,16,294.0,280.53764924716046
6,31,2800,80,37,1,147,30,526.0,515.0354045980124
8,31,2100,80,40,0,115,14,350.0,0.0
3,31,2100,80,38,1,169,16,362.0,228.61547568644747
3,31,2800,80,37,0,355,26,624.0,0.0
10,31,2300,80,41,0,127,15,310.0,0.0
3,31,2400,80,36,1,119,29,292.0,407.0318857074444
9,31,2300,80,45,0,77,12,182.0,0.0
5,31,2300,80,43,1,119,15,284.0,215.16832616897938
8,31,2700,80,48,1,121,18,466.0,481.42205001886873
7,31,1800,80,50,1,51,6,70.0,95.23933835303168
8,31,1700,80,50,0,89,8,178.0,0.0
4,31,2200,80,50,0,117,9,248.0,0.0
8,31,2600,80,37,0,143,26,552.0,0.0
10,31,2000,80,41,1,103,12,218.0,233.43739626371908
10,31,2800,80,41,0,101,22,514.0,0.0
5,31,2300,80,42,1,93,21,332.0,435.69716617568855
8,31,2000,80,41,0,77,9,230.0,0.0
7,31,2500,80,45,0,127,15,330.0,0.0
6,31,1600,80,45,1,31,4,84.0,105.94574784347759
9,31,2700,80,35,1,67,29,336.0,392.3056084089935
7,31,1700,80,37,0,91,9,226.0,0.0
5,31,1800,80,43,0,67,10,166.0,0.0
10,31,2500,80,37,1,81,19,394.0,281.44588262444853
4,31,2800,80,43,1,111,28,364.0,520.8475430975706
4,31,1600,80,47,1,59,8,174.0,87.2346919443507
7,31,2600,80,38,1,95,18,392.0,238.4660105849144
7,31,2700,80,46,0,261,22,668.0,0.0
6,31,2000,80,49,0,61,7,160.0,0.0
6,31,2500,80,40,0,187,18,512.0,0.0
7,31,1500,80,38,1,65,8,120.0,66.78648287882706
8,31,2900,80,45,1,163,27,574.0,552.07085451522
10,31,1500,80,48,0,61,8,122.0,0.0
10,31,1600,80,40,0,53,10,144.0,0.0
7,31,1500,75,42,1,55,8,104.0,147.95957677028466
4,31,1500,80,47,0,29,1,30.0,0.0
6,31,2300,75,35,0,125,23,376.0,0.0
7,31,1900,75,43,0,99,11,268.0,0.0
6,31,2300,80,50,1,45,5,156.0,79.05651793712138
6,31,1500,75,46,1,41,5,68.0,80.02846893567818
7,31,1800,75,38,1,59,13,210.0,162.45412687532283
3,31,2600,75,46,1,215,22,466.0,413.886484805341
4,31,2000,75,38,0,145,10,248.0,0.0
4,31,2600,75,41,0,149,20,538.0,0.0
9,31,1800,75,41,1,55,13,156.0,217.99307282420494
4,31,1700,75,45,1,69,12,140.0,262.67200731592305
6,31,2500,75,40,0,133,12,230.0,0.0
8,31,2400,75,49,0,135,14,302.0,0.0
3,31,1500,75,38,0,53,4,80.0,0.0
5,31,2200,75,37,1,97,18,228.0,261.0467410617545
4,31,1900,75,43,1,71,9,160.0,171.99527721714568
4,31,2400,75,35,0,169,21,420.0,0.0
8,31,2100,75,40,0,79,8,184.0,0.0
10,31,1500,75,47,1,51,6,104.0,83.68048983773728
10,31,2700,75,42,1,97,17,518.0,304.8688995486446
8,31,2100,75,50,0,81,13,340.0,0.0
8,31,1500,75,37,0,29,7,108.0,0.0
3,31,2200,75,41,1,189,16,344.0,288.8813181283531
8,31,2900,75,36,0,161,25,602.0,0.0
10,31,2900,75,41,1,111,21,526.0,440.78066910925986
4,31,2800,75,40,0,261,22,702.0,0.0
3,31,2100,75,46,1,97,19,264.0,301.6352916393729
6,31,1600,75,44,1,43,7,98.0,206.0127251466134
5,31,2200,75,41,1,133,19,420.0,356.7446736300192
6,31,2300,75,50,1,115,4,144.0,86.97197907423664
7,31,1800,75,48,0,79,6,146.0,0.0
8,31,1800,75,48,0,55,4,112.0,0.0
7,31,1600,75,41,1,49,7,102.0,116.71206463810675
4,31,1700,75,37,1,89,12,186.0,110.13744856800672
5,31,1900,75,46,0,99,7,148.0,0.0
4,31,2800,75,43,1,151,19,378.0,385.7400006921968
8,31,1700,75,43,0,97,8,162.0,0.0
8,31,2300,75,47,0,67,12,338.0,0.0
5,31,1900,75,49,0,71,3,72.0,0.0
8,31,1800,75,41,0,51,7,174.0,0.0
3,31,2100,75,37,1,137,19,296.0,181.025771106809
3,31,1600,75,47,1,75,8,134.0,88.33470519688083
3,31,1800,75,39,1,125,11,148.0,224.90472824598334
4,31,1800,75,43,1,67,10,146.0,106.96085370940907
7,31,2700,75,40,0,157,21,586.0,0.0
8,31,2700,75,49,0,153,13,382.0,0.0
9,31,1600,75,49,0,31,1,32.0,0.0
8,31,2900,75,36,1,101,28,552.0,393.58820498322706
9,31,2900,75,46,1,109,23,546.0,451.4461633404386
8,31,2600,75,43,0,99,21,408.0,0.0
3,31,2000,75,48,1,97,8,128.0,214.37382451682416
3,31,2500,75,48,0,183,10,366.0,0.0
6,31,2300,75,47,0,139,14,308.0,0.0
10,31,2400,75,35,0,91,22,442.0,0.0
3,31,2100,75,37,1,79,13,176.0,228.37879244314874
8,31,1800,75,50,1,69,7,130.0,170.46965159051618
7,31,1500,75,45,0,85,6,138.0,0.0
6,31,2700,75,44,0,143,14,398.0,0.0
3,31,2200,75,36,1,127,19,304.0,223.0741066439245
6,31,3000,75,46,1,177,21,394.0,339.67439455255584
8,31,2900,75,40,1,105,28,484.0,471.46787107878316
9,31,2100,75,42,1,81,13,248.0,283.06044744200733
3,31,2900,75,43,0,361,23,604.0,0.0
10,31,3000,75,42,0,103,23,586.0,0.0
8,31,2900,75,39,1,211,26,642.0,539.5046331973786
5,31,2200,75,36,0,131,22,518.0,0.0
8,31,2400,75,47,0,93,14,312.0,0.0
6,31,1700,75,36,1,61,14,234.0,145.85549153125882
10,31,3000,75,39,0,147,30,694.0,0.0
10,31,1500,75,42,1,29,4,82.0,92.6737107488737
10,31,2000,75,46,1,39,11,116.0,123.18653892770523
5,31,1500,75,46,0,73,7,156.0,0.0
6,31,2100,75,48,0,107,12,226.0,0.0
8,31,1500,75,42,1,57,6,140.0,118.60041554969237
6,31,2500,75,42,1,117,21,426.0,295.1989020202997
7,31,2000,75,46,0,189,11,296.0,0.0
3,31,2900,75,37,1,145,28,382.0,401.0376610505794
4,31,1800,75,40,1,51,6,158.0,90.18149316860948
6,31,1900,75,43,0,75,11,214.0,0.0
10,31,2200,75,43,0,43,9,160.0,0.0
6,31,1700,75,48,0,113,9,234.0,0.0
6,31,2800,75,40,1,109,25,438.0,483.00784678739586
10,31,2700,75,35,0,139,30,650.0,0.0
10,31,2000,75,40,1,73,12,276.0,176.91377572605936
4,31,1800,75,38,0,65,4,92.0,0.0
3,31,1600,75,50,0,99,7,100.0,0.0
8,31,1600,75,43,1,79,8,132.0,64.2433165400406
5,31,3000,75,46,0,163,24,484.0,0.0
9,31,2200,75,46,1,83,9,204.0,108.29227775455013
4,31,2800,75,35,1,95,31,360.0,666.787953662464
4,31,2900,75,35,1,123,31,366.0,408.4655318985488
7,31,2900,75,43,0,147,21,672.0,0.0
8,31,1500,75,46,1,27,6,80.0,61.472437250549326
6,31,2700,75,45,0,103,8,292.0,0.0
8,31,2000,75,46,1,83,7,154.0,118.98319519733066
9,31,2000,75,50,0,153,12,264.0,0.0
5,31,1700,75,35,0,61,11,140.0,0.0
7,31,2100,75,36,1,117,19,408.0,202.52912484634084
6,31,1700,70,37,1,43,5,94.0,79.74803198378997
5,31,2900,75,38,0,151,24,476.0,0.0
8,31,1600,75,41,0,83,8,142.0,0.0
7,31,1500,75,48,1,53,6,84.0,212.93384846997245
8,31,2000,70,38,0,79,14,330.0,0.0
9,31,2000,70,38,1,45,13,154.0,165.62229439240176
10,31,2500,70,45,1,97,19,550.0,416.4454537990828
9,31,2300,70,44,1,85,18,298.0,439.3284888052081
9,31,2300,70,48,0,111,12,318.0,0.0
5,31,2900,70,49,0,169,12,422.0,0.0
6,31,1700,70,45,0,45,4,74.0,0.0
7,31,2400,70,49,1,105,16,376.0,209.36116099846163
3,31,2900,70,36,1,155,30,380.0,396.58456884148757
10,31,2000,70,48,0,105,7,256.0,0.0
10,31,2400,70,44,0,93,10,404.0,0.0
7,31,1500,70,48,1,69,5,70.0,155.54689938673417
5,31,1800,70,48,1,65,8,140.0,222.98621330301668
9,31,2500,70,50,0,93,12,226.0,0.0
3,31,1800,70,40,0,101,9,134.0,0.0
9,31,2300,70,41,1,125,14,376.0,323.87578132135235
8,31,2100,70,43,0,71,8,206.0,0.0
3,31,1500,70,38,0,51,6,102.0,0.0
7,31,2100,70,36,0,77,21,350.0,0.0
10,31,2200,70,48,1,43,9,188.0,207.11525025956445
9,31,2200,70,38,1,65,17,274.0,338.4309900478504
10,31,2600,70,44,1,139,16,426.0,432.57491312119583
9,31,1700,70,38,1,117,9,172.0,85.70586267993714
8,31,1800,70,45,0,85,8,116.0,0.0
10,31,1600,70,37,0,117,12,258.0,0.0
6,31,2900,70,45,1,137,25,496.0,532.4431648146066
6,31,1900,70,44,1,103,4,104.0,86.84147219045022
7,31,2800,70,37,1,99,29,488.0,454.4467341042269
8,31,2700,70,48,0,97,10,224.0,0.0
6,31,2700,70,37,1,97,27,446.0,346.37454009435424
10,31,2000,70,50,0,71,7,100.0,0.0
6,31,2700,70,44,1,93,18,370.0,425.61094830131236
9,31,3000,70,45,0,111,22,562.0,0.0
9,31,2000,70,44,0,37,9,148.0,0.0
6,31,2900,70,38,0,155,27,576.0,0.0
8,31,2800,70,46,0,139,18,496.0,0.0
5,31,3000,70,47,1,143,21,510.0,369.33661601658343
10,31,2100,70,36,0,79,14,336.0,0.0
5,31,1600,70,44,1,29,2,52.0,76.6735447761898
8,31,2300,70,45,0,121,12,308.0,0.0
4,31,2500,70,41,1,143,19,368.0,289.96360940862274
5,31,1700,70,40,0,65,7,100.0,0.0
10,31,1500,70,48,1,25,4,50.0,106.88870366908264
7,31,2300,70,43,1,115,21,386.0,400.75828527723263
7,31,1900,70,37,1,71,14,260.0,227.12762411459673
9,31,2300,70,37,0,77,15,264.0,0.0
9,31,1700,70,35,0,87,8,202.0,0.0
7,31,3000,70,38,1,97,31,474.0,644.6651405212889
7,31,1600,70,39,0,77,7,132.0,0.0
6,31,2500,70,48,1,95,11,206.0,138.63408806690308
8,31,1500,70,37,1,35,7,100.0,84.40260772617222
10,31,2200,70,50,0,157,12,272.0,0.0
4,31,1500,70,41,0,27,3,76.0,0.0
9,31,2600,70,41,1,145,23,638.0,513.189321822911
3,31,2500,70,41,0,189,15,426.0,0.0
4,31,2000,70,47,1,39,4,64.0,49.34576702006138
5,31,2900,70,49,0,265,15,546.0,0.0
7,31,2900,70,35,1,135,31,454.0,470.5112533849138
9,31,2600,70,37,1,99,25,528.0,480.5106238711708
7,31,1600,70,39,0,73,8,126.0,0.0
9,31,3000,70,47,1,185,21,640.0,476.821346466566
5,31,2900,70,40,0,201,22,582.0,0.0
4,31,2900,70,43,0,213,22,594.0,0.0
7,31,1500,70,46,1,45,10,110.0,159.52808724774403
7,31,2300,70,35,1,87,24,416.0,237.0319173972907
4,31,1800,70,37,0,127,8,196.0,0.0
5,31,1500,70,43,0,53,7,132.0,0.0
8,31,2500,70,46,1,77,12,280.0,191.30867486455574
9,31,2700,70,48,0,203,19,506.0,0.0
9,31,2600,70,50,1,73,12,274.0,347.0328374656397
3,31,1900,70,49,0,99,6,130.0,0.0
10,31,2000,70,42,1,55,11,204.0,137.35528776996046
10,31,1700,70,37,1,61,8,212.0,83.20374593812365
6,31,1600,70,36,0,67,10,180.0,0.0
3,31,2700,70,40,1,157,25,442.0,282.0008512915093
3,31,2000,70,42,1,99,8,144.0,145.68452836273008
9,31,2400,70,42,0,125,19,404.0,0.0
10,31,1500,70,46,0,53,5,84.0,0.0
4,31,1800,70,40,1,79,13,250.0,163.275453867908
10,31,2300,70,40,0,89,17,344.0,0.0
5,31,1800,70,48,0,91,7,128.0,0.0
7,31,2600,70,37,1,143,19,500.0,308.54991326054267
4,31,3000,70,39,1,189,28,456.0,500.4331371125205
4,31,2300,70,43,0,257,15,420.0,0.0
8,31,2700,70,42,1,145,16,400.0,226.80245005167845
6,31,2100,70,40,1,83,13,338.0,171.543428497029
8,31,1800,70,36,1,59,17,204.0,158.99420939744255
6,31,2900,70,48,0,111,21,402.0,0.0
6,31,2000,70,50,0,99,7,174.0,0.0
8,31,2600,70,45,0,143,12,374.0,0.0
9,31,1600,70,39,1,47,3,78.0,90.4943160762079
8,31,1900,70,46,0,105,8,214.0,0.0
4,31,2600,70,38,0,241,24,468.0,0.0
10,31,2000,70,40,0,97,7,98.0,0.0
9,31,2100,70,43,1,73,12,200.0,199.2031848202008
3,31,2400,70,43,1,141,15,308.0,316.1907823574823
6,31,1800,70,46,0,61,7,124.0,0.0
6,31,2600,70,49,1,99,16,334.0,179.75298195717522
3,31,1800,65,37,0,123,14,252.0,0.0
10,31,2800,70,46,0,201,19,616.0,0.0
8,31,2100,65,48,1,49,7,158.0,242.94720909609427
9,31,2100,65,46,0,173,9,204.0,0.0
10,31,2800,65,46,1,87,22,414.0,421.89265559804085
5,31,1500,65,47,1,29,4,70.0,39.47087818323562
5,31,2400,65,36,0,167,14,294.0,0.0
9,31,3000,65,37,0,111,28,636.0,0.0
3,31,1500,65,38,0,55,7,154.0,0.0
5,31,1700,65,38,0,97,10,160.0,0.0
5,31,1800,65,40,1,89,8,190.0,152.762664849447
8,31,2600,65,42,1,125,20,418.0,421.41621729508097
7,31,2300,65,47,1,61,7,148.0,38.96431299569921
3,31,2000,65,44,1,89,10,158.0,173.84572547484072
7,31,1900,65,40,0,61,8,252.0,0.0
7,31,2900,65,38,0,109,24,614.0,0.0
10,31,2500,65,42,1,85,19,314.0,428.7788120590311
6,31,2700,65,42,0,161,15,494.0,0.0
9,31,2000,65,46,1,75,11,178.0,91.7195157452615
6,31,3000,65,47,0,167,20,422.0,0.0
4,31,2800,65,45,1,151,13,244.0,240.39442594340463
9,31,2900,65,49,1,87,19,338.0,231.6576285981955
9,31,1600,65,35,1,59,7,138.0,84.46160394870003
8,31,2600,65,49,0,185,15,462.0,0.0
6,31,1900,65,39,1,37,4,86.0,110.51115081534523
10,31,2000,65,40,0,67,12,210.0,0.0
9,31,2900,65,40,0,161,15,534.0,0.0
10,31,2200,65,44,1,87,14,408.0,387.53894867665133
3,31,2400,65,48,0,213,16,428.0,0.0
6,31,2800,65,36,1,99,30,476.0,480.59489739798175
9,31,1600,65,36,1,35,8,118.0,74.82786442714722
8,31,2100,65,42,0,111,17,392.0,0.0
8,31,2700,65,44,1,85,16,352.0,561.6011954999931
5,31,3000,65,44,0,221,19,572.0,0.0
8,31,2800,65,38,0,159,22,660.0,0.0
10,31,3000,65,35,1,71,29,544.0,406.7167156677684
9,31,2900,65,43,1,165,26,520.0,624.0858153780165
10,31,1500,65,41,0,27,5,96.0,0.0
5,31,2700,65,46,1,137,16,330.0,292.63966549568124
5,31,2200,65,42,1,83,17,280.0,226.27150110156663
8,31,2500,65,49,0,137,10,272.0,0.0
7,31,1500,65,41,1,41,4,64.0,117.99957814381845
3,31,1700,65,50,0,63,4,64.0,0.0
9,31,1700,65,47,0,67,8,130.0,0.0
8,31,1800,65,37,0,73,8,210.0,0.0
6,31,2700,65,41,1,149,26,490.0,447.1923677491094
8,31,1600,65,46,0,85,7,142.0,0.0
7,31,2600,65,50,0,99,15,278.0,0.0
3,31,2400,65,43,0,131,11,284.0,0.0
9,31,2600,65,49,1,65,9,214.0,139.66357526890715
8,31,1500,65,48,1,59,11,144.0,286.35328106210045
4,31,3000,65,36,1,131,31,444.0,457.74058088907464
5,31,1600,65,39,0,29,3,86.0,0.0
5,31,1900,65,44,0,67,9,140.0,0.0
10,31,2400,65,45,1,53,13,262.0,269.4284366992806
10,31,1900,65,47,1,71,6,194.0,79.95668816536859
4,31,1500,65,37,0,111,11,154.0,0.0
3,31,1900,65,45,0,71,7,192.0,0.0
3,31,1900,65,37,0,127,17,262.0,0.0
8,31,2100,65,50,1,57,8,98.0,144.63111029230328
9,31,2100,65,38,1,85,17,306.0,293.9438800580522
8,31,2400,65,39,0,89,14,396.0,0.0
4,31,1900,65,39,1,149,16,268.0,386.5474376439211
5,31,1500,65,48,1,47,6,76.0,139.58131021883216
9,31,2600,65,42,0,149,20,460.0,0.0
6,31,2500,65,36,1,79,24,270.0,316.22190645678285
9,31,1700,65,48,1,33,2,60.0,74.93744557520338
4,31,2500,65,46,1,185,18,458.0,298.64517162050544
4,31,2700,65,42,1,147,17,358.0,195.7525655547404
8,31,2100,65,47,0,41,6,112.0,0.0
7,31,1900,65,45,0,81,11,222.0,0.0
6,31,1700,65,47,0,65,7,194.0,0.0
5,31,1700,65,36,1,93,10,146.0,57.70287743442118
3,31,1600,65,37,0,91,14,236.0,0.0
5,31,2500,65,39,1,119,28,332.0,587.0360458886365
9,31,2200,65,47,0,67,9,136.0,0.0
5,31,2100,65,46,1,113,10,284.0,176.9925952536363
7,31,1900,65,49,0,37,4,70.0,0.0
4,31,1900,65,36,1,51,12,134.0,119.1279791619057
7,31,2000,65,37,1,71,16,272.0,113.0730776622321
5,31,2100,65,50,0,71,4,72.0,0.0
6,31,2000,65,42,0,73,11,210.0,0.0
3,31,2400,65,41,0,135,7,258.0,0.0
3,31,2800,65,37,0,213,26,626.0,0.0
6,31,1600,65,37,1,43,9,72.0,128.71096191150116
5,31,2000,65,50,1,79,10,208.0,197.5854066209766
8,31,1900,65,37,0,73,11,234.0,0.0
3,31,2800,65,36,1,127,31,340.0,440.56176146845985
5,31,2500,65,38,0,235,24,594.0,0.0
8,31,2300,65,37,1,95,15,354.0,262.225201208934
3,31,2200,65,44,0,157,11,258.0,0.0
5,31,1500,65,50,1,57,4,82.0,52.963582201568535
4,31,1700,65,40,1,61,5,120.0,80.55864961647501
8,31,2000,65,44,1,63,8,134.0,261.2339163441773
10,31,3000,65,39,1,111,23,512.0,379.9761604080623
5,31,2000,65,47,0,67,5,128.0,0.0
8,31,2000,65,47,0,67,6,116.0,0.0
3,31,2700,65,49,0,193,11,342.0,0.0
4,31,1900,65,41,1,109,11,220.0,205.20956719131934
4,31,1700,60,37,0,59,7,146.0,0.0
8,31,1700,65,49,0,87,6,114.0,0.0
3,31,2000,60,39,1,95,14,216.0,308.57144315255397
3,31,1800,65,39,0,135,10,256.0,0.0
3,31,2900,60,43,1,227,14,370.0,283.23621699595964
3,31,2700,60,36,1,241,30,432.0,318.5626496635246
10,31,1500,60,42,0,29,4,48.0,0.0
5,31,2900,60,39,0,149,21,418.0,0.0
3,31,2400,60,39,0,181,17,350.0,0.0
6,31,2900,60,38,1,95,26,472.0,506.4261026138792
5,31,2600,60,41,1,111,18,366.0,428.1156553577464
7,31,2700,60,40,1,155,19,540.0,256.89605649555307
6,31,3000,60,40,0,197,28,510.0,0.0
7,31,2700,60,47,0,97,9,244.0,0.0
5,31,1500,60,37,0,19,4,50.0,0.0
9,31,1600,60,40,1,43,6,100.0,91.35442828403741
8,31,2700,60,44,0,125,18,410.0,0.0
7,31,2200,60,36,1,175,20,398.0,222.57110756660657
4,31,2500,60,48,1,75,10,168.0,230.10856653882072
4,31,1600,60,49,0,27,3,28.0,0.0
4,31,3000,60,38,1,147,30,424.0,485.9908073798661
10,31,1700,60,50,1,53,6,86.0,213.7579040108567
8,31,1600,60,40,1,43,9,164.0,129.74767592906431
4,31,2200,60,46,0,71,9,182.0,0.0
7,31,2600,60,46,0,51,7,178.0,0.0
9,31,2600,60,38,1,131,25,394.0,308.37719525906186
10,31,2500,60,36,1,73,22,308.0,241.15338962331666
3,31,1600,60,39,0,83,6,108.0,0.0
4,31,1700,60,39,1,43,8,82.0,207.94205863267024
7,31,1700,60,48,0,41,4,74.0,0.0
7,31,2500,60,43,1,89,17,278.0,261.6826107598872
8,31,1500,60,41,0,29,3,50.0,0.0
4,31,1900,60,49,0,75,6,138.0,0.0
5,31,1900,60,42,0,109,12,222.0,0.0
6,31,1600,60,38,0,91,12,232.0,0.0
9,31,1600,60,35,0,87,7,142.0,0.0
6,31,1900,60,48,1,129,6,130.0,171.76799596260005
10,31,2500,60,39,0,95,17,336.0,0.0
9,31,2300,60,44,1,89,19,410.0,593.5163383996721
3,31,2800,60,45,0,177,6,288.0,0.0
4,31,1600,60,47,1,49,8,126.0,147.57148392218255
5,31,1800,60,50,1,67,7,132.0,153.036367410128
7,31,1900,60,40,1,55,8,114.0,110.25617720080791
3,31,2900,60,36,1,133,28,332.0,293.5322753818259
5,31,2300,60,38,0,99,12,354.0,0.0
5,31,1500,60,39,0,59,5,108.0,0.0
7,31,2000,60,38,1,91,10,178.0,149.77113848321162
6,31,2300,60,44,1,131,15,328.0,338.8718850578259
9,31,3000,60,47,0,113,17,548.0,0.0
6,31,1500,60,48,0,97,7,156.0,0.0
5,31,2800,60,36,1,127,30,472.0,413.1304233257247
10,31,1600,60,36,0,31,6,52.0,0.0
5,31,2500,60,44,0,93,9,224.0,0.0
10,31,2000,60,47,1,79,9,148.0,103.86654117900608
3,31,1800,60,47,1,69,4,126.0,29.049469886224358
4,31,1500,60,45,1,29,2,60.0,34.37029006277086
9,31,1600,60,48,0,51,5,100.0,0.0
5,31,2000,60,35,1,75,19,254.0,228.49204533919487
9,31,1600,60,37,0,61,4,92.0,0.0
8,31,2400,60,41,0,105,16,434.0,0.0
8,31,1500,60,42,1,37,3,38.0,69.42250859544872
7,31,3000,60,38,0,221,25,814.0,0.0
10,31,1600,60,41,0,59,8,156.0,0.0
6,31,2100,60,35,1,95,20,336.0,282.56645196116364
5,31,2900,60,49,1,103,21,384.0,269.69453404521727
9,31,1900,60,38,1,49,9,200.0,126.84601660320908
10,31,2300,60,41,0,81,10,214.0,0.0
9,31,1500,60,45,0,73,5,104.0,0.0
9,31,2700,60,46,0,145,16,426.0,0.0
3,31,2200,60,49,1,129,11,198.0,132.9846475452319
8,31,2800,60,40,0,101,19,358.0,0.0
9,31,1900,60,44,1,73,8,230.0,251.8201507822242
9,31,2800,60,38,0,155,22,694.0,0.0
9,31,2200,60,39,1,71,18,310.0,538.3998231177061
4,31,2900,60,37,0,323,26,708.0,0.0
5,31,2200,60,47,1,99,13,202.0,179.61936641173645
9,31,3000,60,35,1,65,28,502.0,344.838159825954
6,31,2500,60,42,0,133,9,220.0,0.0
6,31,1600,60,44,1,87,3,88.0,105.27649848543864
8,31,1900,60,41,0,73,12,174.0,0.0
5,31,2900,60,45,0,155,16,466.0,0.0
8,31,1700,60,42,1,75,8,100.0,106.68785109086578
8,31,2900,60,50,1,151,15,376.0,406.2570068930385
8,31,1600,60,37,0,85,10,134.0,0.0
9,31,2300,60,37,1,83,15,292.0,198.4616794557951
8,31,1800,60,35,1,51,19,216.0,219.36756014146962
10,31,1500,60,39,1,81,8,156.0,176.24656177359836
6,31,2000,60,39,0,73,10,174.0,0.0
5,31,2200,60,44,0,95,11,164.0,0.0
3,31,2600,60,50,0,143,13,386.0,0.0
8,31,2900,60,44,0,249,18,618.0,0.0
10,31,2900,60,40,0,115,20,508.0,0.0
4,31,3000,60,38,0,231,20,610.0,0.0
10,31,2700,60,50,1,107,11,314.0,269.48743247446413
3,31,1600,60,37,1,77,12,168.0,178.86221258406664
10,31,2300,60,43,1,105,6,176.0,104.15736933332664
6,31,2200,60,41,0,43,5,86.0,0.0
6,31,2100,60,37,1,81,13,190.0,137.1681052155231
10,31,2700,55,38,1,61,20,370.0,225.88817410214048
6,31,2800,60,48,1,79,13,196.0,228.77248549557265
5,31,2100,60,46,0,125,15,320.0,0.0
10,31,1500,60,47,1,29,4,50.0,62.45786768342149
6,31,1900,55,39,1,71,6,138.0,80.03288450140427
5,31,1800,55,44,0,63,5,146.0,0.0
8,31,3000,60,50,0,219,14,418.0,0.0
8,31,2400,55,36,0,85,16,326.0,0.0
6,31,2800,55,37,1,117,23,444.0,310.7354419713058
9,31,1500,55,44,1,9,1,10.0,17.037690023860907
3,31,2600,55,38,0,257,24,686.0,0.0
4,31,1800,55,47,0,0,0,0.0,0.0
10,31,1600,55,37,0,53,8,166.0,0.0
3,31,2300,55,47,0,169,11,236.0,0.0
4,31,3000,55,48,1,123,17,316.0,341.85475315107584
7,31,2000,55,48,1,95,7,170.0,210.36613697203043
8,31,2300,55,37,1,87,17,356.0,243.33358126881112
7,31,1700,55,41,0,59,6,160.0,0.0
7,31,2700,55,45,1,191,17,472.0,449.8222882788991
5,31,1500,55,41,0,59,4,88.0,0.0
7,31,2500,55,48,0,65,6,196.0,0.0
6,31,1800,55,42,0,69,3,106.0,0.0
5,31,2900,55,50,1,193,17,414.0,312.59451632333287
6,31,2900,55,40,1,159,24,406.0,356.00568703948676
9,31,2000,55,50,1,47,8,120.0,248.07738486379458
7,31,1800,55,38,0,33,7,190.0,0.0
7,31,1600,55,49,0,49,6,94.0,0.0
3,31,1700,55,49,1,59,3,80.0,43.990784288935735
10,31,2600,55,42,0,99,14,472.0,0.0
9,31,2200,55,46,1,107,9,260.0,115.59671398306544
3,31,2500,55,45,1,151,20,294.0,412.0110361430004
10,31,2600,55,44,1,65,16,314.0,350.2628566843157
3,31,2400,55,50,0,225,7,268.0,0.0
9,31,2500,55,40,1,89,16,358.0,315.6110885935199
10,31,2900,55,47,0,139,15,554.0,0.0
5,31,1700,55,35,1,41,7,90.0,75.03340911091443
10,31,2100,55,38,0,41,10,258.0,0.0
8,31,1700,55,41,0,23,3,60.0,0.0
6,31,1600,55,49,0,47,5,70.0,0.0
4,31,2800,55,43,0,217,20,560.0,0.0
10,31,2400,55,44,1,75,17,328.0,451.5754850609826
9,31,3000,55,47,1,95,20,418.0,346.92190400709063
6,31,2700,55,38,0,101,19,340.0,0.0
6,31,2600,55,39,0,149,20,626.0,0.0
4,31,1900,55,39,1,47,8,130.0,251.31156969612914
3,31,1700,55,39,0,87,6,122.0,0.0
9,31,1800,55,40,1,57,10,164.0,115.80204050517942
7,31,2300,55,48,1,87,7,242.0,246.1989421531759
7,31,1700,55,47,1,79,4,104.0,68.16900099143835
7,31,2300,55,41,0,125,13,336.0,0.0
5,31,2700,55,36,0,253,26,622.0,0.0
10,31,2900,55,36,1,169,26,666.0,407.8328086309948
7,31,1900,55,35,1,73,9,176.0,102.02147594450426
5,31,2600,55,35,0,171,20,520.0,0.0
5,31,1900,55,39,0,85,7,124.0,0.0
10,31,3000,55,38,1,105,24,520.0,471.1082709929954
4,31,1700,55,45,1,77,4,110.0,84.23808312198003
10,31,2800,55,36,0,151,21,628.0,0.0
8,31,1800,55,37,0,69,7,212.0,0.0
5,31,2100,55,38,0,77,10,192.0,0.0
9,31,1800,55,42,1,63,10,152.0,189.67631903010744
7,31,2900,55,44,1,111,19,422.0,359.4459306787266
7,31,1800,55,35,0,107,11,234.0,0.0
9,31,2000,55,41,0,87,6,188.0,0.0
7,31,1600,55,44,1,63,5,76.0,68.50941007538485
8,31,2800,55,47,1,67,12,264.0,180.40070879498688
8,31,2800,55,49,1,121,16,316.0,216.90234347766287
10,31,2300,55,42,1,63,15,270.0,249.4744132390828
5,31,1600,55,46,0,31,2,62.0,0.0
7,31,1700,55,36,0,47,7,110.0,0.0
7,31,2200,55,48,0,59,9,140.0,0.0
3,31,1500,55,37,0,49,5,78.0,0.0
4,31,2300,55,39,0,173,15,412.0,0.0
6,31,1500,55,44,1,35,4,62.0,124.71152262300305
4,31,2000,55,45,1,69,6,108.0,87.25596678151503
6,31,2100,55,38,1,103,15,304.0,183.83536111607833
8,31,2000,55,47,1,73,4,140.0,57.68109429756535
8,31,2300,55,35,0,115,20,390.0,0.0
4,31,1700,55,36,0,67,10,174.0,0.0
4,31,3000,55,38,1,99,29,310.0,440.5310438313421
6,31,2300,55,39,1,99,14,284.0,477.0513853829979
3,31,3000,55,46,0,169,14,448.0,0.0
4,31,3000,55,47,1,177,22,510.0,302.0219061139934
7,31,2500,55,50,0,87,7,308.0,0.0
4,31,2500,55,36,1,161,23,468.0,209.5636394865267
3,31,1900,55,41,0,133,7,202.0,0.0
8,31,2100,55,43,1,107,9,278.0,150.95497763634145
3,31,1600,55,38,1,45,10,106.0,69.34873702473179
3,31,2300,55,45,0,263,14,424.0,0.0
6,31,1700,55,48,0,31,1,32.0,0.0
9,31,2000,55,50,1,61,5,132.0,119.49194235732062
8,31,2400,55,35,1,93,21,416.0,310.29694689227966
6,31,1700,55,37,1,45,7,104.0,58.000267861843945
3,31,1700,55,37,0,67,6,132.0,0.0
10,31,1900,55,40,0,37,7,134.0,0.0
6,31,2700,55,41,0,153,20,496.0,0.0
6,31,2700,55,45,0,115,11,388.0,0.0
9,31,2100,55,44,1,79,10,242.0,201.6093443691754
5,31,2000,55,37,1,213,17,364.0,237.34896056979608
9,31,3000,55,36,0,95,13,366.0,0.0
10,31,1900,55,40,1,49,8,158.0,122.7800330461304
9,31,1900,55,41,1,109,12,302.0,287.97441555649505
9,31,2600,50,44,1,97,12,342.0,278.48221638172623
10,31,2700,50,38,0,155,21,584.0,0.0
8,31,3000,55,47,0,149,18,496.0,0.0
8,31,1500,55,48,0,79,6,80.0,0.0
6,31,1500,50,35,1,65,7,124.0,76.54218092034935
3,31,2000,50,39,1,113,7,168.0,270.3499738104121
6,31,1600,50,36,0,61,5,86.0,0.0
10,31,2400,50,39,0,93,12,336.0,0.0
10,31,3000,50,40,1,95,25,468.0,417.4688961558225
7,31,1500,50,42,0,73,4,100.0,0.0
5,31,2000,50,48,1,75,4,146.0,123.14738964783176
6,31,2800,50,36,1,151,19,524.0,294.6572819818689
10,31,2600,50,38,0,93,18,440.0,0.0
5,31,2300,50,39,1,107,15,326.0,294.78969283247704
7,31,3000,50,41,0,157,22,632.0,0.0
10,31,2100,50,46,0,61,4,142.0,0.0
8,31,2300,50,48,0,81,11,186.0,0.0
3,31,2300,50,48,1,49,9,134.0,143.07127269572496
3,31,2400,50,36,1,179,17,262.0,223.95339943772044
5,31,1500,50,38,0,25,2,26.0,0.0
5,31,1600,50,42,0,43,7,104.0,0.0
5,31,1900,50,43,1,85,10,222.0,156.43339169667598
10,31,3000,50,46,1,113,10,248.0,141.17484199794455
3,31,2800,50,46,1,161,20,298.0,403.1721407235224
9,31,1800,50,40,1,61,12,176.0,163.78168738735764
3,31,1900,50,49,0,93,4,94.0,0.0
6,31,2900,50,39,0,99,18,476.0,0.0
6,31,2900,50,35,0,107,24,500.0,0.0
8,31,1600,50,40,0,57,10,184.0,0.0
10,31,2500,50,37,1,99,15,374.0,164.02458941672344
9,31,1600,50,45,1,81,5,104.0,111.35716398506395
10,31,2300,50,40,1,81,13,218.0,149.85247900434888
8,31,1600,50,44,0,49,3,50.0,0.0
4,31,2000,50,47,1,87,5,124.0,50.90908561633624
8,31,2100,50,47,0,111,8,220.0,0.0
10,31,1700,50,47,0,31,4,62.0,0.0
8,31,3000,50,36,0,141,23,512.0,0.0
6,31,2100,50,36,1,119,14,200.0,116.815969921568
4,31,2600,50,36,1,169,25,392.0,228.37465790023916
7,31,2700,50,37,0,159,20,578.0,0.0
9,31,2200,50,50,1,75,7,178.0,127.57280857972479
6,31,2000,50,36,1,45,11,180.0,128.70937239999284
5,31,1500,50,48,0,65,3,66.0,0.0
7,31,1800,50,42,0,33,3,62.0,0.0
6,31,1900,50,42,1,75,13,132.0,205.52767870616006
7,31,2000,50,39,1,97,8,222.0,229.20039412309092
10,31,2100,50,40,0,113,11,290.0,0.0
4,31,1500,50,42,0,25,2,48.0,0.0
4,31,3000,50,44,1,141,20,370.0,466.2355329284099
10,31,2700,50,40,1,109,13,362.0,193.77799555309423
8,31,2100,50,35,0,77,11,338.0,0.0
10,31,2800,50,43,0,99,10,400.0,0.0
4,31,1900,50,37,0,89,8,188.0,0.0
7,31,1700,50,39,0,97,10,194.0,0.0
10,31,1600,50,39,0,55,7,102.0,0.0
3,31,1500,50,46,1,101,7,128.0,129.35261858809136
3,31,1500,50,41,1,51,3,82.0,82.38347394430629
9,31,3000,50,46,1,103,18,510.0,301.65051353050904
3,31,2700,50,47,1,191,15,362.0,296.06748580055375
8,31,2800,50,38,1,215,26,618.0,507.7736309431354
4,31,1800,50,50,0,33,2,62.0,0.0
9,31,2000,50,36,0,39,6,120.0,0.0
4,31,2600,50,46,0,129,10,310.0,0.0
4,31,2800,50,47,1,107,18,282.0,275.57548272606056
3,31,2800,50,44,1,147,22,378.0,557.3751807284216
9,31,2700,50,48,0,151,14,412.0,0.0
8,31,2300,50,38,1,77,8,214.0,178.90624734558804
4,31,2100,50,35,0,113,10,264.0,0.0
7,31,1500,50,39,1,47,4,64.0,114.61341371133733
7,31,1800,50,38,1,55,14,184.0,188.65458252617807
7,31,2100,50,45,0,71,3,72.0,0.0
5,31,2100,50,37,0,113,13,260.0,0.0
9,31,2500,50,46,0,141,18,490.0,0.0
3,31,1700,50,46,1,61,2,62.0,26.0483255770794
7,31,2200,50,41,0,103,13,346.0,0.0
10,31,2900,50,43,1,153,18,564.0,319.0330454307237
6,31,2100,50,35,1,109,11,358.0,105.98419300138431
3,31,2500,50,49,1,143,14,318.0,197.48955037366235
4,31,1700,50,40,1,33,5,66.0,59.890830140840066
7,31,2100,50,38,1,69,9,192.0,118.03918631907788
7,31,2100,50,44,0,77,7,220.0,0.0
6,31,1900,50,50,0,99,4,100.0,0.0
5,31,1600,50,40,0,49,5,50.0,0.0
10,31,2700,50,46,0,103,14,440.0,0.0
4,31,1800,50,42,0,65,7,100.0,0.0
9,31,2500,50,40,0,105,14,414.0,0.0
4,31,2600,50,47,1,139,9,294.0,113.56552141289897
6,31,1500,50,48,1,97,5,98.0,146.97098426038687
9,31,1700,50,41,0,61,6,122.0,0.0
3,31,1800,50,42,1,101,9,134.0,127.00562351186971
9,31,1700,50,45,1,63,4,130.0,79.57633037954061
7,31,1600,50,43,0,93,5,112.0,0.0
7,31,2000,50,42,0,105,11,238.0,0.0
6,31,2300,50,49,1,125,9,208.0,95.45635074380839
4,31,3000,50,40,0,225,20,650.0,0.0
9,31,2000,50,43,1,43,6,114.0,101.89902488664879
4,31,2400,50,44,0,153,15,294.0,0.0
9,31,1800,50,36,0,61,5,130.0,0.0
9,31,3000,50,44,1,89,19,362.0,417.35629423655257
8,31,1600,50,49,1,31,2,62.0,40.901183658919706
9,31,1800,50,40,1,71,11,218.0,115.6085893515325
5,30,1500,90,36,0,41,6,134.0,0.0
9,30,2300,90,37,1,67,18,324.0,245.18695655151396
9,31,2300,50,45,0,115,8,196.0,0.0
8,30,2900,90,39,0,147,25,602.0,0.0
6,30,2800,90,39,1,99,29,448.0,691.8099520001222
3,30,2400,90,36,0,263,22,510.0,0.0
6,30,2500,90,49,0,133,16,340.0,0.0
4,30,1800,90,48,1,79,11,134.0,311.0099523702857
4,30,1900,90,44,1,59,4,130.0,76.92563419466082
9,30,1700,90,44,0,29,4,60.0,0.0
9,30,2100,90,43,1,71,11,216.0,226.44070582002615
6,30,1700,90,46,1,47,4,94.0,27.690951272926334
3,30,2000,90,36,1,127,16,226.0,126.4445466771663
3,30,2100,90,38,0,193,17,392.0,0.0
6,30,2700,90,39,1,147,21,500.0,465.3081165552227
9,30,2700,90,39,0,101,22,476.0,0.0
8,30,2600,90,45,0,151,16,498.0,0.0
5,30,1500,90,43,1,37,8,96.0,104.06339997225929
8,30,3000,90,35,1,101,29,506.0,515.5405994574177
9,30,2600,90,46,0,93,13,336.0,0.0
4,30,2800,90,39,0,199,21,396.0,0.0
3,30,3000,90,39,0,269,25,606.0,0.0
5,30,2500,90,38,1,125,24,416.0,438.18873453168214
7,30,2900,90,35,0,103,29,568.0,0.0
9,30,2500,90,47,1,77,12,210.0,162.02255756723915
10,30,1900,90,48,0,73,7,154.0,0.0
6,30,1600,90,50,1,63,5,96.0,138.9832993248542
10,30,3000,90,48,1,107,21,522.0,531.5938050426186
9,30,2200,90,39,0,73,15,244.0,0.0
8,30,1600,90,41,0,49,6,118.0,0.0
10,30,2000,90,44,1,101,15,310.0,315.667419692361
7,30,2300,90,41,1,91,12,292.0,179.14392740319806
8,30,1500,90,48,0,37,3,56.0,0.0
9,30,1900,90,49,1,57,11,172.0,142.1121002643514
3,30,2500,90,38,1,197,25,380.0,385.8307206914506
4,30,1600,90,43,0,59,9,136.0,0.0
8,30,2900,90,35,0,171,26,680.0,0.0
10,30,1800,90,37,1,133,13,274.0,139.01327556409194
7,30,3000,90,36,0,167,29,520.0,0.0
6,30,2900,90,41,1,143,27,522.0,423.4672404515586
4,30,2700,90,40,0,153,22,480.0,0.0
5,30,2800,90,45,1,99,9,282.0,156.4782155184475
3,30,2700,90,48,0,101,11,252.0,0.0
10,30,2200,90,38,1,61,11,310.0,228.33572620592878
5,30,2700,90,35,1,87,29,370.0,452.52056068493806
4,30,1900,90,42,0,69,8,98.0,0.0
7,30,2100,90,40,0,81,11,300.0,0.0
10,30,2600,90,45,1,67,18,274.0,456.63140765580556
8,30,2800,90,44,0,107,18,462.0,0.0
3,30,3000,90,36,0,199,29,488.0,0.0
7,30,1700,90,49,1,45,3,54.0,30.903634207158614
10,30,2800,90,42,0,107,21,466.0,0.0
10,30,1900,90,35,0,93,14,288.0,0.0
9,30,2400,90,49,0,91,10,208.0,0.0
6,30,2100,90,46,1,107,11,254.0,139.08426569291245
5,30,1700,90,49,1,33,4,92.0,26.92419204435231
8,30,2900,90,49,1,105,22,514.0,376.132762194763
3,30,2000,90,35,0,141,14,320.0,0.0
10,30,2600,90,41,1,67,19,326.0,379.40836973179125
4,30,1800,90,43,1,49,8,116.0,110.1218470481102
7,30,3000,90,42,1,109,25,474.0,570.7653193212436
5,30,2600,90,45,1,99,23,372.0,442.3985505621359
7,30,2100,90,46,0,157,11,306.0,0.0
9,30,2400,90,48,0,127,11,296.0,0.0
8,30,1500,90,35,0,59,10,154.0,0.0
7,30,1500,90,36,1,73,7,148.0,66.01823323068834
3,30,2100,90,37,0,143,15,328.0,0.0
9,30,2400,90,46,1,127,13,294.0,196.53740215338257
6,30,2500,90,47,0,145,18,504.0,0.0
9,30,2200,90,50,0,93,5,168.0,0.0
8,30,2700,90,49,1,87,16,310.0,250.23969503000777
4,30,2300,90,38,0,173,10,304.0,0.0
4,30,2500,90,40,0,179,19,404.0,0.0
3,30,1700,90,44,1,55,7,86.0,100.08099349600332
8,30,2200,90,36,1,67,20,298.0,253.1201337210445
3,30,1500,90,46,1,57,4,86.0,65.91939280767895
9,30,1800,90,47,1,45,10,196.0,157.911317021215
10,30,1500,90,43,0,65,7,118.0,0.0
4,30,2000,90,37,0,73,16,240.0,0.0
8,30,1900,90,38,1,69,15,200.0,183.74934392305516
4,30,1600,90,37,1,61,9,154.0,148.15971567844954
7,30,1800,90,43,0,65,11,190.0,0.0
4,30,2600,90,40,0,151,17,558.0,0.0
10,30,3000,90,49,1,93,17,402.0,396.9874071167789
6,30,1700,90,49,0,31,4,88.0,0.0
10,30,2400,90,35,1,89,22,454.0,324.62417098495143
5,30,2300,90,38,1,105,19,356.0,266.3384851708877
6,30,2300,90,45,1,95,10,216.0,162.2200853594129
6,30,2800,90,46,0,197,21,616.0,0.0
7,30,1700,90,44,0,51,6,102.0,0.0
5,30,2800,90,50,0,157,11,456.0,0.0
7,30,2200,90,42,1,85,18,250.0,263.8822936402192
3,30,2700,90,37,0,263,27,648.0,0.0
7,30,2600,90,39,0,199,17,456.0,0.0
3,30,2100,90,37,1,223,16,366.0,242.3720536170462
3,30,2500,90,38,1,117,25,292.0,330.24423056318824
7,30,2200,90,42,0,91,10,248.0,0.0
6,30,1600,90,48,1,71,5,92.0,183.70129435078076
5,30,2700,90,48,0,189,19,424.0,0.0
6,30,1800,85,42,0,95,10,194.0,0.0
5,30,2900,85,40,1,97,29,410.0,374.0086284124651
4,30,2600,85,47,1,149,13,338.0,225.36823563470418
7,30,2200,90,50,1,73,11,130.0,328.49063096172915
4,30,1900,85,36,0,107,13,310.0,0.0
3,30,3000,90,49,0,159,19,410.0,0.0
5,30,1800,85,47,1,97,5,146.0,64.525504176368
3,30,2400,85,36,0,175,23,474.0,0.0
7,30,2600,85,41,1,85,19,366.0,454.0866041169337
3,30,2400,85,45,0,129,10,264.0,0.0
7,30,1700,85,50,0,137,6,158.0,0.0
10,30,1800,85,50,1,31,2,48.0,87.90082711133945
5,30,2500,85,49,1,105,17,304.0,247.3691458842456
8,30,2100,85,39,0,105,12,254.0,0.0
6,30,2600,85,40,1,135,22,426.0,303.55996611508516
5,30,1500,85,50,0,21,2,40.0,0.0
10,30,2300,85,42,1,105,15,364.0,158.78176456318727
4,30,1900,85,42,0,103,11,198.0,0.0
4,30,2800,85,45,1,143,22,454.0,432.9421139088814
7,30,3000,85,39,1,161,29,640.0,649.7646076418524
6,30,2700,85,39,0,155,26,748.0,0.0
3,30,1600,85,42,0,53,7,108.0,0.0
9,30,1800,85,49,0,63,8,208.0,0.0
8,30,2500,85,43,1,95,19,344.0,338.88986855039246
9,30,2100,85,46,1,61,10,162.0,113.17088527919036
6,30,2600,85,44,0,145,12,376.0,0.0
8,30,1600,85,38,1,45,7,94.0,44.34403989306792
5,30,2800,85,38,0,203,26,550.0,0.0
6,30,2200,85,45,0,117,15,342.0,0.0
8,30,2900,85,36,1,75,26,464.0,343.9088968659208
7,30,1800,85,45,1,61,7,132.0,168.97097795786976
5,30,2000,85,44,0,93,13,228.0,0.0
3,30,2300,85,46,1,209,14,378.0,170.60494008108398
9,30,1800,85,47,0,97,9,156.0,0.0
7,30,2100,85,39,0,83,13,238.0,0.0
9,30,3000,85,37,1,73,29,454.0,428.57730828325214
6,30,2600,85,41,1,95,22,382.0,426.1352700928586
3,30,2300,85,39,0,173,17,382.0,0.0
7,30,2200,85,45,1,75,13,242.0,242.84871756838993
9,30,2300,85,38,1,177,23,558.0,366.08253289277195
5,30,2000,85,47,0,135,9,210.0,0.0
7,30,2000,85,41,0,113,9,220.0,0.0
4,30,2600,85,42,1,131,24,428.0,381.20975055605584
9,30,2700,85,45,1,93,21,328.0,341.3993225087065
8,30,2700,85,44,0,105,16,360.0,0.0
9,30,2100,85,50,0,41,10,192.0,0.0
8,30,1700,85,48,0,111,7,146.0,0.0
3,30,1500,85,49,1,35,6,66.0,67.2864488644413
9,30,1500,85,37,0,111,7,154.0,0.0
7,30,1700,85,41,0,65,5,132.0,0.0
9,30,2000,85,42,1,55,11,128.0,147.18744189296527
6,30,2200,85,39,1,69,19,220.0,319.4758193993983
10,30,2300,85,40,0,91,18,402.0,0.0
6,30,2200,85,42,1,69,14,240.0,158.93572714266656
4,30,1500,85,46,1,49,6,80.0,83.35761923899038
7,30,2400,85,36,0,135,19,450.0,0.0
8,30,2200,85,35,1,85,27,392.0,358.6952187155691
3,30,2200,85,41,0,147,17,346.0,0.0
7,30,2000,85,44,0,109,8,174.0,0.0
10,30,2900,85,38,0,229,28,668.0,0.0
5,30,1500,85,50,1,47,6,76.0,138.03328392789408
5,30,2700,85,50,1,111,16,382.0,305.25192848359023
10,30,2700,85,44,1,97,16,440.0,307.41664926273603
4,30,2600,85,37,1,117,25,372.0,268.63615163677576
4,30,2900,85,39,0,301,28,778.0,0.0
3,30,1500,85,42,0,101,8,156.0,0.0
8,30,2200,85,43,0,135,16,420.0,0.0
9,30,1700,85,44,1,63,8,120.0,165.42099183057343
7,30,1800,85,44,0,61,7,120.0,0.0
5,30,2200,85,47,1,111,14,254.0,168.32769772097225
8,30,2700,85,36,0,103,24,432.0,0.0
4,30,1700,85,38,1,79,11,184.0,154.4880385298022
6,30,2600,85,43,1,101,19,334.0,306.12976510654755
4,30,2100,85,41,0,71,8,188.0,0.0
10,30,1500,85,42,0,65,6,90.0,0.0
4,30,1700,85,40,1,31,5,80.0,69.95356419821137
8,30,2500,85,46,1,77,15,302.0,190.844043318248
5,30,2700,85,37,1,99,22,360.0,299.7107289712324
3,30,1900,85,43,0,99,11,232.0,0.0
3,30,2800,85,43,0,309,23,706.0,0.0
5,30,1900,85,44,1,101,12,198.0,218.8145748886815
3,30,1600,85,46,0,51,7,76.0,0.0
6,30,2900,85,45,1,113,27,436.0,518.2972612202537
10,30,1800,85,46,0,95,10,248.0,0.0
7,30,1700,85,44,0,31,4,86.0,0.0
7,30,2400,85,41,1,135,23,448.0,525.1080860378187
3,30,2500,85,45,1,125,22,340.0,328.7276498559782
6,30,2200,85,43,0,123,14,232.0,0.0
6,30,2800,85,49,0,153,17,536.0,0.0
3,30,1600,85,50,1,57,4,58.0,87.23407719794287
3,30,2900,85,37,1,145,30,348.0,455.32661924900157
8,30,2400,85,39,0,89,18,422.0,0.0
10,30,2600,85,45,0,103,13,312.0,0.0
10,30,2200,85,49,1,77,7,184.0,63.3939622041805
3,30,2400,85,48,1,125,16,284.0,340.61252352910367
6,30,3000,85,43,0,115,22,508.0,0.0
4,30,1700,85,43,1,55,4,84.0,65.66257039949264
6,30,2200,85,37,0,119,16,384.0,0.0
9,30,3000,85,42,0,113,21,492.0,0.0
8,30,2100,85,44,1,71,13,256.0,268.94403008549807
9,30,2400,80,40,1,85,22,390.0,284.98484814440604
9,30,2100,80,37,0,77,12,260.0,0.0
7,30,2400,85,46,0,81,14,360.0,0.0
3,30,3000,85,48,1,271,21,542.0,422.547482759243
7,30,1700,80,48,1,55,8,106.0,157.78824749485293
9,30,1700,80,35,0,111,11,262.0,0.0
6,30,2900,80,40,1,91,30,428.0,518.7234719153655
7,30,2600,80,43,0,139,13,348.0,0.0
5,30,2000,80,35,0,83,15,262.0,0.0
3,30,3000,80,48,1,193,24,404.0,517.0408996933396
4,30,1800,80,35,1,101,16,226.0,161.34284383764108
8,30,1900,80,50,1,35,4,72.0,59.09177432596542
6,30,1800,80,50,0,53,7,88.0,0.0
7,30,1700,80,41,0,79,9,136.0,0.0
9,30,2100,80,44,1,57,11,222.0,311.5717220749341
3,30,1800,80,47,0,55,4,66.0,0.0
3,30,2100,80,35,1,165,24,272.0,264.28797070580174
8,30,2900,80,46,1,113,27,478.0,516.2024297671628
3,30,1800,80,37,0,89,9,180.0,0.0
5,30,2900,80,41,0,151,22,484.0,0.0
7,30,2400,80,49,0,87,13,324.0,0.0
9,30,2100,80,39,1,63,12,238.0,271.5277989503368
5,30,2900,80,46,1,211,26,586.0,455.3264799084342
4,30,2600,80,50,1,139,19,396.0,402.80825185095796
9,30,2400,80,49,0,91,9,212.0,0.0
8,30,2200,80,39,1,127,16,314.0,455.03530706588253
6,30,2600,80,35,1,93,28,432.0,358.58766125367765
8,30,3000,80,41,0,177,28,914.0,0.0
10,30,2300,80,43,0,131,13,370.0,0.0
8,30,2600,80,45,0,103,16,420.0,0.0
10,30,2100,80,41,1,79,12,238.0,133.33421277456122
7,30,2100,80,38,1,113,13,286.0,202.50352942558132
7,30,1500,80,41,0,81,10,218.0,0.0
3,30,1900,80,37,0,87,9,124.0,0.0
3,30,2500,80,44,0,157,13,330.0,0.0
3,30,2800,80,40,0,273,24,646.0,0.0
10,30,1700,80,41,0,57,5,92.0,0.0
4,30,1600,80,50,1,71,7,134.0,144.67552356683933
7,30,2900,80,48,1,109,21,520.0,510.7394345966202
4,30,2400,80,37,1,125,25,330.0,465.7581155303985
4,30,1700,80,44,1,33,7,84.0,164.59479575691805
10,30,1800,80,50,1,31,3,74.0,66.38007223511627
7,30,1500,80,48,0,55,4,96.0,0.0
3,30,2700,80,40,0,291,22,538.0,0.0
8,30,1600,80,41,0,47,7,154.0,0.0
3,30,2100,80,43,1,119,12,232.0,185.78893576092298
5,30,2900,80,38,0,163,29,564.0,0.0
10,30,2300,80,37,1,67,21,366.0,355.5543986320538
7,30,1900,80,42,0,71,12,260.0,0.0
5,30,2100,80,39,1,75,20,318.0,398.3639857310061
4,30,2200,80,44,1,83,17,250.0,361.26157943651333
10,30,2700,80,36,0,193,22,542.0,0.0
6,30,2200,80,39,1,57,12,108.0,251.95120108320717
3,30,2800,80,48,0,203,17,538.0,0.0
10,30,1800,80,48,1,75,5,92.0,103.27442479904315
4,30,1600,80,38,1,47,12,92.0,122.8767565072745
8,30,1900,80,47,0,65,7,102.0,0.0
8,30,1500,80,42,0,51,4,96.0,0.0
4,30,1900,80,40,0,139,12,278.0,0.0
8,30,1700,80,48,1,0,0,0.0,0.0
6,30,1500,80,36,1,49,9,116.0,67.84502708091097
10,30,2000,80,40,0,113,11,288.0,0.0
6,30,2000,80,35,0,77,16,180.0,0.0
6,30,2500,80,47,1,91,11,322.0,161.97781462600668
10,30,2700,80,44,0,97,19,410.0,0.0
8,30,2000,80,35,1,55,16,258.0,242.51814658473387
8,30,2300,80,43,1,125,18,410.0,335.92899627716196
7,30,2300,80,37,0,177,22,464.0,0.0
7,30,2200,80,40,1,97,18,320.0,284.85267683283666
5,30,1900,80,45,0,117,9,150.0,0.0
4,30,2500,80,45,1,97,13,254.0,299.7543357392755
4,30,2900,80,45,0,215,19,568.0,0.0
10,30,2400,80,47,1,45,11,250.0,225.28039454411004
6,30,2900,80,49,1,93,17,264.0,318.5168458604657
9,30,1800,80,49,0,67,6,134.0,0.0
3,30,2300,80,37,0,209,20,470.0,0.0
4,30,2100,80,39,1,89,15,210.0,331.06050184457274
7,30,2600,80,37,0,151,24,656.0,0.0
8,30,3000,80,41,1,235,23,600.0,573.8526947223354
9,30,2000,80,44,0,71,9,190.0,0.0
7,30,2700,80,44,1,119,14,310.0,444.3530907696274
6,30,2100,80,46,0,39,5,116.0,0.0
6,30,2400,80,35,1,141,20,424.0,239.52917631269415
8,30,2500,80,41,0,141,18,406.0,0.0
5,30,1700,80,37,0,79,5,134.0,0.0
9,30,2900,80,41,0,123,21,652.0,0.0
6,30,2700,80,41,1,101,25,384.0,612.5127965817644
5,30,2100,80,40,1,67,16,216.0,247.6937623530537
10,30,1700,80,50,1,31,3,32.0,71.68421624332125
5,30,1600,80,37,1,125,8,180.0,104.53044252230787
8,30,2600,80,36,0,143,21,442.0,0.0
4,30,1600,80,39,0,39,6,96.0,0.0
8,30,2400,80,42,1,93,13,260.0,223.10971080091676
3,30,2700,80,41,1,101,17,176.0,353.6586786645787
6,30,2100,80,45,0,69,11,246.0,0.0
6,30,1800,80,48,0,63,4,80.0,0.0
8,30,1600,80,35,0,61,13,162.0,0.0
8,30,2500,80,36,1,179,23,496.0,295.6898810144031
8,30,2700,80,40,1,149,26,494.0,377.97468009465047
8,30,1800,80,43,1,71,10,190.0,146.13740148180605
7,30,2700,75,36,1,143,25,474.0,296.41038715722374
3,30,2900,75,37,0,299,28,592.0,0.0
9,30,2300,75,38,1,119,25,392.0,328.4641788989123
4,30,1500,80,49,0,43,5,122.0,0.0
6,30,1600,80,47,0,31,2,50.0,0.0
10,30,2500,75,48,0,127,17,424.0,0.0
4,30,1500,75,35,1,45,12,128.0,134.21714068097347
4,30,2000,75,36,0,99,11,254.0,0.0
8,30,2700,75,36,0,101,22,540.0,0.0
6,30,2100,75,45,0,79,10,284.0,0.0
5,30,2200,75,40,1,115,14,304.0,204.2835982216637
10,30,1800,75,49,1,67,5,124.0,74.66837128281657
5,30,2900,75,37,1,113,27,434.0,380.07098735138743
4,30,1500,75,45,1,77,4,78.0,54.404468450459746
5,30,2700,75,43,0,207,16,458.0,0.0
3,30,2600,75,41,1,115,20,250.0,256.9253740122731
5,30,2900,75,42,1,113,25,474.0,366.47767933466673
4,30,2100,75,44,0,113,11,184.0,0.0
10,30,2400,75,47,0,139,13,460.0,0.0
4,30,2200,75,45,0,189,11,272.0,0.0
5,30,2800,75,46,1,71,16,242.0,211.68259759772778
8,30,2600,75,35,1,137,30,484.0,297.63100497129955
3,30,1900,75,45,0,33,5,66.0,0.0
6,30,1500,75,50,0,23,2,46.0,0.0
7,30,1600,75,40,1,27,8,82.0,146.80175376822692
10,30,2600,75,45,1,139,14,406.0,390.0014643298564
8,30,2900,75,41,0,115,18,552.0,0.0
8,30,2100,75,41,0,79,11,232.0,0.0
10,30,1800,75,41,1,69,8,160.0,137.99065337028037
10,30,1600,75,37,0,61,10,154.0,0.0
6,30,2700,75,39,1,151,27,536.0,693.3057279268437
6,30,1700,75,48,0,89,5,124.0,0.0
6,30,1900,75,45,0,59,10,130.0,0.0
4,30,2700,75,41,1,93,25,312.0,412.6338161206206
4,30,2200,75,46,1,79,16,174.0,249.249720405574
8,30,2500,75,42,0,127,19,468.0,0.0
6,30,1800,75,35,0,65,11,186.0,0.0
6,30,1500,75,42,0,53,6,100.0,0.0
4,30,2100,75,39,1,83,14,276.0,220.9122376680667
10,30,2300,75,41,1,163,20,478.0,294.4865154289377
6,30,1600,75,40,0,61,7,118.0,0.0
6,30,1500,75,43,1,51,7,92.0,66.39526500789687
6,30,1500,75,44,1,51,6,132.0,200.43793198544594
3,30,2500,75,36,1,135,28,344.0,361.51619725590876
5,30,2800,75,41,1,143,28,556.0,489.6009852395368
5,30,2800,75,40,0,239,23,724.0,0.0
5,30,2400,75,43,0,123,12,272.0,0.0
9,30,2200,75,42,0,65,13,230.0,0.0
6,30,2300,75,36,1,75,19,284.0,259.7074056837772
8,30,2300,75,39,0,135,14,374.0,0.0
8,30,2500,75,36,1,103,28,442.0,466.68715328870724
4,30,2300,75,36,1,95,22,252.0,190.21425235604298
6,30,2300,75,47,1,107,17,278.0,331.61589125800515
6,30,2500,75,42,1,79,16,210.0,174.8288713063648
10,30,1600,75,47,0,45,5,76.0,0.0
3,30,2000,75,48,0,97,11,230.0,0.0
5,30,2200,75,50,0,127,10,266.0,0.0
6,30,2500,75,39,1,93,15,376.0,361.82925539027207
7,30,2100,75,47,0,45,9,184.0,0.0
6,30,1900,75,35,1,69,14,212.0,151.8580465628459
9,30,3000,75,38,0,151,22,490.0,0.0
3,30,2400,75,45,1,119,17,342.0,424.29443335629736
10,30,3000,75,46,1,111,17,422.0,325.26789274659865
5,30,3000,75,37,0,205,27,640.0,0.0
9,30,2100,75,45,0,67,9,176.0,0.0
7,30,1600,75,50,0,53,5,80.0,0.0
9,30,2200,75,37,1,75,16,330.0,249.86014845104444
5,30,2600,75,38,1,113,27,446.0,505.7842260391438
8,30,1600,75,41,0,55,4,84.0,0.0
7,30,2000,75,44,1,53,8,126.0,174.14385280949895
5,30,2300,75,43,1,117,17,294.0,317.69094570922147
3,30,2400,75,49,0,133,11,260.0,0.0
7,30,2800,75,48,0,191,13,326.0,0.0
4,30,2000,75,37,1,93,18,228.0,238.82148876050644
5,30,2000,75,45,0,73,11,254.0,0.0
10,30,2800,75,45,1,109,19,468.0,363.41731501070745
4,30,2000,75,43,1,77,11,148.0,180.92029382218715
5,30,1700,75,47,0,93,9,188.0,0.0
10,30,1900,75,45,0,75,3,76.0,0.0
9,30,2600,75,36,0,103,22,470.0,0.0
7,30,2500,75,49,0,85,15,300.0,0.0
7,30,1500,75,41,1,101,6,130.0,144.3460698024766
9,30,1500,75,41,0,81,11,180.0,0.0
9,30,2600,75,35,1,101,27,546.0,480.7190858191001
8,30,3000,75,49,0,119,17,412.0,0.0
7,30,3000,75,50,1,117,17,450.0,469.1227081628689
8,30,2600,75,50,1,131,14,272.0,291.1668653492366
3,30,2000,75,36,1,115,15,270.0,220.40070736205962
10,30,1500,75,38,0,53,5,130.0,0.0
3,30,2500,75,38,1,151,22,272.0,267.0166759855399
5,30,2600,75,43,0,245,22,614.0,0.0
10,30,1800,75,36,0,89,10,190.0,0.0
4,30,2200,75,45,0,121,13,294.0,0.0
3,30,2900,75,48,1,113,16,334.0,415.4840095352399
3,30,2800,75,36,1,143,30,352.0,419.5996914731231
6,30,2900,75,46,1,163,15,432.0,236.75162471524476
5,30,1600,75,47,0,79,9,188.0,0.0
5,30,1700,75,47,1,67,5,94.0,66.70840866641507
9,30,1600,75,46,0,31,5,82.0,0.0
3,30,2900,75,44,1,119,28,352.0,492.9795764093012
8,30,1600,75,49,0,55,4,98.0,0.0
4,30,2700,70,42,1,147,20,406.0,322.9952113483764
6,30,2700,75,44,0,153,20,558.0,0.0
4,30,1500,70,36,1,79,8,154.0,112.57255191535887
5,30,2100,70,39,0,81,9,178.0,0.0
4,30,1600,70,41,0,27,1,28.0,0.0
10,30,2900,70,44,1,113,24,612.0,503.45094314129807
3,30,1600,70,48,0,91,7,136.0,0.0
9,30,2900,70,36,1,197,18,452.0,284.56070465473084
7,30,2700,70,41,1,207,22,512.0,439.6123049527699
5,30,2800,70,38,1,151,26,514.0,452.1265017889028
10,30,1800,70,49,0,55,5,68.0,0.0
7,30,2600,70,39,1,191,25,508.0,608.4206205593283
4,30,3000,70,42,0,213,23,632.0,0.0
6,30,1500,70,37,1,49,9,132.0,154.96329942172585
9,30,2700,70,36,0,147,25,658.0,0.0
9,30,2800,70,46,0,111,16,498.0,0.0
3,30,2900,70,41,0,281,22,618.0,0.0
5,30,2600,70,41,0,99,13,284.0,0.0
4,30,2500,70,41,1,133,21,316.0,293.64753749932805
5,30,3000,70,43,1,229,26,688.0,408.90454751555495
9,30,1900,70,45,0,111,10,280.0,0.0
8,30,1900,70,37,0,67,10,222.0,0.0
6,30,1900,70,47,1,43,5,74.0,61.395623943194025
9,30,1700,70,38,1,87,8,174.0,71.45980225508315
6,30,2600,70,41,0,217,23,818.0,0.0
8,30,1800,70,47,1,97,8,170.0,111.6657026494943
9,30,3000,70,39,1,151,28,574.0,545.8472591940463
8,30,2100,70,50,0,101,8,170.0,0.0
10,30,2000,70,38,0,67,10,202.0,0.0
3,30,2600,70,39,1,145,17,324.0,397.708812944747
7,30,2600,70,38,1,101,22,412.0,411.80022081790855
7,30,2500,70,41,0,179,16,398.0,0.0
9,30,2200,70,42,1,105,13,262.0,259.6405302894677
8,30,2900,70,36,0,109,29,570.0,0.0
9,30,2300,70,37,1,85,15,350.0,299.94374928535535
5,30,2800,70,37,0,155,26,538.0,0.0
8,30,2100,70,46,0,111,7,152.0,0.0
6,30,2000,70,36,0,111,14,292.0,0.0
5,30,2500,70,43,0,141,16,370.0,0.0
6,30,2500,70,43,1,141,20,482.0,458.2952678346595
3,30,2200,70,44,1,161,6,242.0,150.34507253887668
4,30,1900,70,44,1,69,11,158.0,242.16200468143782
10,30,1500,70,47,0,29,4,80.0,0.0
8,30,2600,70,43,1,101,21,470.0,565.0342143205727
3,30,2100,70,39,0,121,15,280.0,0.0
5,30,2800,70,40,0,147,23,450.0,0.0
7,30,3000,70,37,0,173,26,766.0,0.0
7,30,2800,70,41,1,147,23,428.0,483.8889517902796
5,30,3000,70,46,1,115,26,478.0,455.33035314643416
7,30,2800,70,39,1,81,22,472.0,436.3997555987375
10,30,1500,70,43,0,51,4,106.0,0.0
10,30,1900,70,36,1,31,9,94.0,77.24893954467265
10,30,2500,70,43,0,97,18,322.0,0.0
7,30,2800,70,41,1,147,24,466.0,411.7976566696758
8,30,1900,70,48,1,27,2,46.0,68.35133178149735
10,30,2800,70,43,0,141,22,586.0,0.0
3,30,1800,70,37,0,91,8,152.0,0.0
3,30,1800,70,40,1,67,7,164.0,88.36997029665524
5,30,1800,70,44,0,27,3,48.0,0.0
7,30,2100,70,35,1,93,16,316.0,303.1256651222302
8,30,2700,70,36,1,135,23,530.0,321.4848232800398
4,30,2300,70,38,0,175,17,432.0,0.0
8,30,1500,70,45,0,45,4,104.0,0.0
10,30,1900,70,48,1,69,5,106.0,132.94271422523553
4,30,2600,70,49,0,147,15,362.0,0.0
8,30,2500,70,38,0,97,18,438.0,0.0
5,30,2400,70,50,1,93,8,194.0,191.26119381406764
3,30,1700,70,38,0,119,10,186.0,0.0
7,30,2100,70,37,0,93,15,334.0,0.0
4,30,1800,70,39,1,97,9,196.0,217.52576071696737
6,30,2100,70,48,1,73,7,152.0,195.72970199755727
8,30,2100,70,35,0,149,16,342.0,0.0
5,30,2100,70,47,1,69,12,212.0,131.9425116610118
8,30,1800,70,49,0,81,8,172.0,0.0
3,30,2800,70,50,1,141,17,322.0,377.11276951301204
6,30,2300,70,44,1,65,15,302.0,352.52800414990935
7,30,1900,70,36,0,69,13,228.0,0.0
9,30,2200,70,37,1,61,11,244.0,194.16844985384492
7,30,2100,70,39,0,81,13,276.0,0.0
4,30,2800,70,35,1,103,27,382.0,413.46131744756
7,30,1900,70,40,0,63,7,188.0,0.0
8,30,2300,70,44,1,83,19,266.0,390.88859984361545
10,30,1700,70,48,0,63,5,132.0,0.0
10,30,1600,70,49,1,23,1,24.0,13.843759561329454
6,30,2900,70,40,0,161,23,560.0,0.0
3,30,2400,70,39,0,129,12,270.0,0.0
6,30,2700,70,42,0,181,21,470.0,0.0
7,30,2000,70,40,1,55,15,202.0,259.90766617710676
4,30,1700,70,46,1,61,9,106.0,49.19046769374146
5,30,2600,70,49,0,147,8,272.0,0.0
6,30,2900,70,49,1,107,21,392.0,372.39398789433875
4,30,2000,70,38,1,85,13,174.0,160.32024955966028
10,30,3000,70,42,0,119,21,472.0,0.0
7,30,1600,70,43,1,53,5,104.0,42.28163612203576
7,30,2500,70,46,0,135,13,394.0,0.0
9,30,2000,70,49,1,37,4,98.0,57.7314778021792
10,30,1600,70,46,1,93,11,222.0,160.09661047435412
8,30,2000,70,47,0,125,12,268.0,0.0
5,30,1600,65,35,0,79,9,168.0,0.0
8,30,2500,70,38,0,139,16,522.0,0.0
6,30,2500,65,38,1,109,20,362.0,337.3721029268926
8,30,2200,70,41,0,101,12,246.0,0.0
9,30,2700,70,35,1,99,23,470.0,364.2323656869572
5,30,2800,65,39,0,199,21,528.0,0.0
4,30,2600,65,36,0,175,22,506.0,0.0
4,30,2000,65,46,0,87,8,196.0,0.0
3,30,1800,65,39,1,75,12,142.0,214.77742551849457
10,30,1800,65,46,1,65,7,160.0,102.43591915097043
7,30,1700,65,44,1,33,8,98.0,182.5953449501122
10,30,3000,65,45,1,85,22,358.0,447.14108047328
4,30,1500,65,39,0,35,3,52.0,0.0
4,30,2700,65,40,0,145,12,426.0,0.0
6,30,2700,65,46,0,149,15,436.0,0.0
7,30,2700,65,48,1,107,17,294.0,474.8357267335386
10,30,2400,65,41,0,95,20,508.0,0.0
5,30,2900,65,43,1,127,23,396.0,390.8780799753304
4,30,2000,65,50,1,103,7,164.0,183.30433239221472
5,30,3000,65,35,0,227,26,636.0,0.0
9,30,1700,65,38,0,53,9,146.0,0.0
3,30,2800,65,41,1,99,23,296.0,434.5190049888932
3,30,2300,65,37,1,163,17,364.0,256.8837573656247
8,30,1700,65,36,0,85,9,180.0,0.0
3,30,2000,65,46,1,67,7,90.0,109.04789857542657
5,30,2800,65,36,0,209,23,650.0,0.0
8,30,2500,65,36,1,73,25,390.0,314.3311646141782
5,30,2200,65,46,1,125,9,216.0,94.76556853941973
8,30,1600,65,35,1,31,4,60.0,62.30788572479233
8,30,1500,65,35,0,59,9,146.0,0.0
7,30,2400,65,38,0,93,15,346.0,0.0
8,30,1600,65,46,1,29,3,56.0,53.84026936091214
9,30,1700,65,46,0,33,3,102.0,0.0
10,30,1800,65,43,1,57,5,116.0,93.97738091308034
8,30,1500,65,38,1,29,4,72.0,51.80570585442551
7,30,1600,65,45,0,29,4,60.0,0.0
5,30,2300,65,48,1,71,12,186.0,301.02582143160134
7,30,2400,65,50,0,91,10,272.0,0.0
8,30,1700,65,37,1,51,9,98.0,101.4608738164463
6,30,2200,65,43,0,113,15,264.0,0.0
10,30,2600,65,41,0,101,14,312.0,0.0
10,30,2100,65,41,1,117,13,338.0,266.9331014866241
5,30,2100,65,37,1,83,16,282.0,286.83851046164284
4,30,1600,65,42,0,29,5,30.0,0.0
10,30,1800,65,47,1,31,4,58.0,51.948379319124385
7,30,2100,65,47,0,39,5,112.0,0.0
9,30,1900,65,48,0,63,5,130.0,0.0
3,30,2200,65,46,0,111,11,242.0,0.0
8,30,2300,65,50,1,43,5,140.0,99.68727049300028
3,30,1500,65,40,1,77,4,94.0,59.56641176529468
6,30,1800,65,41,1,109,10,162.0,172.24627462348863
10,30,2500,65,47,1,143,14,366.0,229.66383744277846
7,30,2800,65,46,1,81,18,288.0,222.2636392238157
6,30,2200,65,50,0,117,5,202.0,0.0
4,30,2500,65,50,0,129,11,332.0,0.0
6,30,2100,65,49,0,61,4,118.0,0.0
8,30,1600,65,35,1,81,6,174.0,68.40757613180416
5,30,2100,65,38,0,109,12,260.0,0.0
5,30,2700,65,38,0,95,19,338.0,0.0
7,30,3000,65,43,0,173,17,586.0,0.0
6,30,2400,65,43,1,95,16,354.0,229.17571163547544
8,30,2700,65,45,1,95,14,382.0,356.07385558001033
7,30,2500,65,48,0,99,11,384.0,0.0
6,30,1700,65,36,0,85,8,180.0,0.0
9,30,2500,65,39,1,97,15,354.0,296.3970360106452
3,30,2100,65,41,1,145,15,364.0,297.86210991152734
6,30,3000,65,41,0,161,20,492.0,0.0
10,30,2600,65,41,1,85,13,264.0,276.0638140648652
7,30,2700,65,41,0,133,14,342.0,0.0
5,30,2400,65,45,1,115,18,334.0,420.0608910187073
3,30,2200,65,37,0,113,11,268.0,0.0
4,30,2000,65,38,1,83,12,228.0,142.59619668611646
9,30,2200,65,41,1,89,15,300.0,325.0947002590974
6,30,2600,65,45,0,175,16,522.0,0.0
8,30,2000,65,49,0,59,6,122.0,0.0
5,30,2700,65,45,0,105,15,384.0,0.0
4,30,2700,65,47,1,141,16,398.0,296.70909880421715
6,30,1600,65,43,0,111,9,200.0,0.0
6,30,3000,65,35,0,165,25,578.0,0.0
5,30,1600,65,39,1,65,10,186.0,272.8101794083508
10,30,2000,65,50,1,107,6,166.0,124.74073947183093
3,30,2300,65,45,0,125,14,232.0,0.0
10,30,1800,65,48,1,29,4,60.0,97.32033929836378
5,30,2900,65,47,1,139,23,520.0,459.7217323495825
9,30,2600,65,36,0,97,24,474.0,0.0
9,30,2000,65,42,1,103,10,204.0,196.59034980382427
3,30,2000,65,45,0,89,7,134.0,0.0
7,30,2200,65,49,1,75,5,182.0,100.14418058589497
10,30,1900,65,45,0,93,9,202.0,0.0
3,30,3000,65,47,0,215,13,452.0,0.0
10,30,1500,65,47,1,91,5,92.0,78.81829745349573
9,30,2100,65,37,1,57,12,188.0,155.63587111743985
5,30,1700,65,43,0,87,6,122.0,0.0
8,30,2500,65,43,1,57,11,194.0,158.45741348729197
3,30,1800,65,43,1,123,8,184.0,101.80269533495895
3,30,3000,65,42,1,189,29,464.0,375.7611606888866
4,30,1700,65,43,0,55,6,156.0,0.0
8,30,3000,65,50,0,111,18,486.0,0.0
5,30,2600,65,37,1,109,26,370.0,376.8353443117522
3,30,1900,65,43,0,59,6,98.0,0.0
5,30,2500,65,44,1,99,14,346.0,357.77795221373754
8,30,1800,65,49,0,67,9,158.0,0.0
9,30,1900,60,43,1,65,10,198.0,185.09381945648386
7,30,1900,60,47,0,91,7,200.0,0.0
3,30,2600,65,49,0,127,9,306.0,0.0
5,30,2500,60,37,0,235,20,510.0,0.0
9,30,2800,60,43,1,155,17,548.0,409.3657546965701
7,30,2100,60,43,0,73,5,190.0,0.0
3,30,2700,60,44,1,119,14,214.0,243.60044363124175
6,30,1900,60,50,1,63,5,160.0,143.84584904323884
3,30,1500,60,50,1,89,5,138.0,137.21650250774752
7,30,1500,60,50,0,53,7,150.0,0.0
9,30,1900,60,38,0,103,12,330.0,0.0
10,30,2500,60,40,0,69,8,234.0,0.0
3,30,1700,60,38,1,59,7,112.0,55.31009794572205
10,30,1500,60,37,0,27,4,96.0,0.0
9,30,2300,60,42,1,89,19,364.0,377.23447826737663
3,30,2000,60,49,0,39,2,78.0,0.0
8,30,2700,60,50,1,95,14,354.0,405.8333706842756
7,30,2100,60,36,1,65,15,180.0,118.31035971203987
6,30,2200,60,35,0,129,20,500.0,0.0
7,30,1600,60,36,0,79,6,134.0,0.0
8,30,3000,60,44,0,59,21,332.0,0.0
8,30,1500,60,41,0,51,6,78.0,0.0
5,30,2400,60,47,1,83,10,244.0,118.16742429999609
4,30,2200,60,46,1,147,14,312.0,166.47465122419757
3,30,2400,60,44,1,159,17,314.0,281.46334797978443
7,30,1700,60,44,1,29,3,30.0,82.22940841777512
10,30,2000,60,40,0,35,9,90.0,0.0
10,30,2700,60,42,0,101,16,364.0,0.0
10,30,2800,60,37,0,55,17,400.0,0.0
4,30,2700,60,48,1,93,19,294.0,388.57639180606685
6,30,2800,60,39,1,91,22,338.0,373.9884092502972
7,30,2200,60,48,1,45,8,170.0,280.7100517514501
4,30,2100,60,47,1,113,10,230.0,134.66237388450773
10,30,2100,60,50,0,77,7,160.0,0.0
7,30,1900,60,37,1,97,13,198.0,189.51398340856557
5,30,1600,60,43,0,45,4,78.0,0.0
7,30,2000,60,38,1,115,12,240.0,143.62047526521556
10,30,2500,60,45,0,143,12,360.0,0.0
5,30,2500,60,43,1,187,17,426.0,301.109188329396
3,30,2700,60,39,0,149,15,342.0,0.0
6,30,1800,60,43,0,69,8,160.0,0.0
5,30,1800,60,47,1,87,8,148.0,143.25218637667408
3,30,1500,60,50,0,49,4,78.0,0.0
5,30,2500,60,37,0,187,13,524.0,0.0
4,30,2400,60,35,1,101,22,250.0,351.13923551669274
4,30,2300,60,39,1,155,16,336.0,337.22166080041035
9,30,2900,60,36,0,107,23,376.0,0.0
9,30,2800,60,41,1,109,16,360.0,415.67175011577234
10,30,2700,60,48,1,83,19,328.0,557.0910367752131
9,30,2000,60,47,0,75,10,248.0,0.0
9,30,2900,60,45,0,161,19,576.0,0.0
10,30,3000,60,36,0,115,25,754.0,0.0
5,30,1700,60,37,1,87,5,140.0,63.48928770626723
10,30,1700,60,36,1,39,7,104.0,59.65077497758804
5,30,1500,60,35,1,43,4,44.0,40.21168816826218
7,30,2800,60,46,1,109,21,506.0,340.48763288196614
5,30,1600,60,40,0,45,3,70.0,0.0
3,30,2100,60,49,0,115,11,316.0,0.0
6,30,3000,60,35,0,211,26,844.0,0.0
6,30,1600,60,35,0,31,4,86.0,0.0
4,30,1600,60,43,1,83,8,138.0,83.16301066951347
5,30,2300,60,48,1,77,9,196.0,212.15893648371667
9,30,1700,60,49,0,29,1,30.0,0.0
8,30,2200,60,50,1,79,9,208.0,258.5297783838738
6,30,2900,60,46,0,213,17,568.0,0.0
10,30,1600,60,37,1,53,3,84.0,21.959921204034508
8,30,1700,60,36,1,55,4,106.0,39.16270016654958
5,30,2000,60,36,0,103,14,254.0,0.0
10,30,2900,60,37,1,169,25,638.0,386.3138959302202
6,30,1500,60,42,0,27,2,48.0,0.0
4,30,2400,60,44,1,117,13,254.0,302.4889427471095
9,30,1800,60,46,0,71,6,144.0,0.0
7,30,1500,60,40,0,55,6,136.0,0.0
3,30,1800,60,35,0,115,12,232.0,0.0
9,30,1500,60,43,1,45,4,60.0,44.45835147982268
5,30,1700,60,38,1,127,9,170.0,100.81662926852138
10,30,2400,60,43,1,67,16,242.0,311.3730534237485
6,30,1800,60,46,0,55,7,156.0,0.0
5,30,2400,60,46,1,103,9,244.0,142.91441404085592
7,30,3000,60,49,0,97,9,210.0,0.0
5,30,2400,60,37,0,127,17,376.0,0.0
9,30,2900,60,35,1,57,20,372.0,176.5227649014374
8,30,2300,60,36,0,91,12,322.0,0.0
5,30,2500,60,38,1,155,24,364.0,310.3887171992836
4,30,2000,60,42,0,105,7,140.0,0.0
5,30,1600,60,47,1,89,6,152.0,63.63871068624972
7,30,2300,60,41,0,125,16,456.0,0.0
5,30,1900,60,48,1,75,5,100.0,160.94243678919568
4,30,2600,60,44,1,155,17,204.0,309.7221766189724
6,30,1600,60,41,0,75,6,76.0,0.0
10,30,1600,60,44,0,25,1,26.0,0.0
7,30,1800,60,45,1,75,12,174.0,209.4515876781222
5,30,2200,60,46,0,105,10,220.0,0.0
6,30,3000,60,42,1,109,19,404.0,303.0675401571027
8,30,1900,60,41,0,33,8,98.0,0.0
6,30,1600,60,50,1,49,4,82.0,87.41191967944077
6,30,2400,60,38,1,71,12,184.0,163.80742414727962
6,30,1700,60,46,0,51,5,84.0,0.0
6,30,2900,60,44,0,221,21,744.0,0.0
8,30,1800,60,46,1,57,4,128.0,78.38656477979434
9,30,2600,55,46,1,75,7,180.0,151.25174535199966
8,30,2400,55,35,1,55,17,252.0,164.89954130937144
5,30,2100,55,42,0,139,8,140.0,0.0
4,30,1900,55,44,0,95,5,170.0,0.0
7,30,1500,55,50,1,0,0,0.0,0.0
10,30,2200,60,48,0,79,8,200.0,0.0
3,30,1900,55,41,0,65,7,104.0,0.0
6,30,1500,55,41,1,27,4,52.0,49.93424866039542
3,30,2700,55,41,0,147,19,376.0,0.0
4,30,1700,55,39,1,71,7,150.0,226.05305291999673
8,30,2100,55,45,1,43,7,116.0,174.12481441314597
9,30,2100,55,44,0,41,5,136.0,0.0
3,30,2300,55,48,1,67,8,168.0,173.74275132759234
5,30,1900,55,49,0,47,4,72.0,0.0
9,30,2000,55,40,0,105,11,246.0,0.0
4,30,2200,55,36,1,87,12,282.0,131.9214868277487
5,30,2500,55,42,0,129,14,380.0,0.0
10,30,1600,55,39,0,27,4,74.0,0.0
4,30,2100,55,40,1,137,14,280.0,162.93273748527238
10,30,2200,55,48,1,43,6,146.0,116.24349313295541
8,30,2500,55,47,0,103,15,322.0,0.0
3,30,1900,55,48,1,63,4,130.0,84.84290802090882
3,30,2400,55,42,1,111,16,270.0,248.49105233779
10,30,1500,55,35,0,29,2,52.0,0.0
4,30,2600,55,50,0,85,12,260.0,0.0
10,30,1700,55,47,0,67,4,96.0,0.0
6,30,3000,55,45,0,167,16,418.0,0.0
7,30,2800,55,49,1,147,14,506.0,217.9546830513818
7,30,2400,55,44,1,87,8,194.0,276.2584601567683
10,30,1700,55,35,0,49,8,144.0,0.0
5,30,2500,55,46,1,131,17,326.0,387.0345684069779
9,30,1900,55,48,1,67,6,98.0,170.05127530247938
6,30,2200,55,49,0,75,8,202.0,0.0
6,30,2700,55,46,1,49,5,140.0,89.51836763963549
7,30,1500,55,49,1,87,6,88.0,52.14485502281812
10,30,2100,55,50,0,195,6,196.0,0.0
7,30,1700,55,36,1,85,10,122.0,94.20710484770535
5,30,2700,55,37,0,149,19,534.0,0.0
4,30,2300,55,44,1,115,18,200.0,380.31024314905244
4,30,2900,55,42,0,151,16,440.0,0.0
7,30,2600,55,46,0,135,18,388.0,0.0
6,30,2600,55,35,0,149,23,520.0,0.0
10,30,2900,55,41,1,207,23,754.0,440.76233507130684
8,30,2400,55,43,0,127,9,252.0,0.0
10,30,2600,55,41,1,99,19,418.0,433.7837875818621
9,30,2700,55,45,0,131,14,446.0,0.0
7,30,2100,55,41,0,79,9,236.0,0.0
3,30,2200,55,37,1,85,13,154.0,153.44319704019216
9,30,2700,55,44,1,125,17,350.0,496.89052393814626
5,30,2800,55,45,1,101,20,308.0,439.85686965364516
8,30,2600,55,36,0,185,20,520.0,0.0
8,30,1700,55,36,0,89,9,178.0,0.0
8,30,3000,55,38,0,233,23,658.0,0.0
4,30,2400,55,40,1,75,16,262.0,133.94725369932377
7,30,2000,55,44,1,83,10,168.0,249.6175328567808
3,30,1800,55,40,0,71,7,136.0,0.0
7,30,2000,55,41,1,77,10,148.0,216.75674141836845
5,30,1600,55,35,1,61,7,114.0,93.1149742040211
5,30,2700,55,39,0,195,20,538.0,0.0
6,30,2700,55,43,0,147,19,590.0,0.0
7,30,2900,55,50,1,75,13,232.0,231.90771693272072
5,30,1500,55,45,0,25,2,50.0,0.0
9,30,2000,55,47,1,63,5,122.0,63.551045301815556
8,30,2300,55,47,1,85,13,262.0,260.38356338828896
3,30,1500,55,47,0,83,3,84.0,0.0
8,30,1600,55,43,0,31,3,32.0,0.0
4,30,2400,55,37,1,87,14,196.0,210.33764044025244
4,30,2000,55,41,0,97,8,158.0,0.0
9,30,1800,55,45,0,97,9,230.0,0.0
8,30,2300,55,47,1,63,10,154.0,159.11349806141297
10,30,2100,55,50,1,71,5,128.0,131.08929793095157
5,30,1700,55,36,1,47,6,100.0,57.947723767425444
6,30,1500,55,48,1,105,6,106.0,152.9603423489263
8,30,2300,55,47,0,87,9,314.0,0.0
9,30,2500,55,37,0,121,13,382.0,0.0
7,30,2600,55,35,1,89,22,364.0,337.35658075995315
7,30,1900,55,37,0,101,9,176.0,0.0
6,30,2100,55,40,1,125,15,278.0,194.40495191468378
9,30,2700,55,38,0,105,22,472.0,0.0
10,30,3000,55,41,1,117,17,512.0,407.8529513726408
5,30,2400,55,44,0,123,9,192.0,0.0
6,30,1500,55,42,1,83,6,128.0,101.05303160767058
9,30,2200,55,36,0,131,13,390.0,0.0
10,30,1500,55,48,0,51,5,94.0,0.0
4,30,3000,55,48,1,169,23,358.0,500.27558405474394
8,30,1700,55,40,0,95,4,108.0,0.0
3,30,1900,55,43,1,53,3,82.0,47.26163077214095
8,30,2400,55,42,0,127,11,312.0,0.0
7,30,1700,55,42,1,43,6,78.0,59.62337715362914
3,30,2200,55,40,1,107,11,176.0,210.21270409046573
9,30,2900,55,47,0,101,12,452.0,0.0
8,30,2700,55,44,1,101,7,324.0,154.28506658802056
8,30,2300,55,43,0,123,11,262.0,0.0
10,30,2900,55,46,1,57,9,242.0,206.28432518171115
7,30,2300,55,44,0,133,18,458.0,0.0
7,30,2800,55,47,1,105,17,328.0,396.6664380658193
3,30,1500,55,50,0,29,3,56.0,0.0
7,30,1700,55,43,0,29,3,44.0,0.0
5,30,1600,55,50,1,51,4,52.0,51.251550861311244
9,30,2500,55,37,0,189,17,496.0,0.0
6,30,3000,55,41,1,117,16,468.0,352.01688025304924
8,30,2600,50,36,1,191,24,548.0,340.26334544052673
10,30,2200,50,40,1,99,13,254.0,129.07993825087814
10,30,3000,50,46,0,57,4,114.0,0.0
5,30,1600,50,42,0,53,3,84.0,0.0
8,30,1900,50,43,1,55,4,94.0,79.03387063461386
5,30,2300,50,46,1,81,17,260.0,267.6309436770467
7,30,2100,50,44,0,69,5,124.0,0.0
3,30,2200,50,45,0,119,9,240.0,0.0
5,30,1800,50,38,0,71,6,108.0,0.0
4,30,2400,50,45,1,233,9,276.0,153.50226727336897
8,30,1600,50,38,0,31,2,32.0,0.0
7,30,2700,50,37,1,139,22,454.0,350.461434037196
8,30,1800,50,42,0,87,10,182.0,0.0
4,30,1800,50,47,1,47,6,82.0,37.92536921032748
6,30,1800,50,42,1,67,9,146.0,105.30179888708791
3,30,2600,50,40,1,181,16,330.0,161.39553074875045
9,30,1900,50,44,0,59,3,60.0,0.0
9,30,1700,50,49,0,51,4,52.0,0.0
8,30,2800,50,50,1,103,14,264.0,391.2522622584654
8,30,2400,50,42,0,125,9,210.0,0.0
4,30,1800,50,48,1,95,6,148.0,175.92767678652157
4,30,2400,50,38,0,129,18,414.0,0.0
8,30,2600,50,44,0,83,8,248.0,0.0
4,30,2000,50,46,1,143,8,144.0,100.75105828199351
4,30,2600,50,47,1,97,8,170.0,117.48211684387002
7,30,2500,50,47,0,115,8,204.0,0.0
5,30,1800,50,39,1,105,8,234.0,325.9757868529507
6,30,2100,50,47,1,69,9,192.0,156.89494239154223
3,30,2100,50,41,1,91,8,152.0,177.6118334791159
4,30,1800,50,42,0,35,4,68.0,0.0
7,30,1900,50,46,0,55,4,86.0,0.0
5,30,2200,50,44,1,113,13,234.0,290.7271986756609
3,30,1900,50,38,0,71,7,102.0,0.0
3,30,2800,50,40,0,219,18,378.0,0.0
3,30,1700,50,50,0,27,1,28.0,0.0
10,30,2300,50,36,0,115,16,314.0,0.0
8,30,1500,50,42,1,59,6,114.0,141.58422255071594
8,30,3000,50,35,1,89,24,384.0,318.5197860903443
9,30,2900,50,49,1,71,15,314.0,221.6010585414037
4,30,2600,50,44,0,99,15,314.0,0.0
10,30,1500,50,37,0,63,8,116.0,0.0
7,30,1600,50,38,1,31,5,58.0,42.13402992972384
8,30,1700,50,39,0,65,8,182.0,0.0
6,30,2200,50,49,0,101,8,186.0,0.0
9,30,1500,50,48,1,73,4,88.0,152.895131843978
8,30,2200,50,49,1,81,6,212.0,100.14019506573854
3,30,2000,50,35,1,113,9,290.0,94.42314736771857
7,30,1500,50,36,0,77,6,134.0,0.0
3,30,1500,50,38,1,55,6,114.0,42.61138385325605
3,30,2300,50,43,0,177,10,344.0,0.0
8,30,1600,50,35,0,79,6,80.0,0.0
9,30,2600,50,47,1,99,17,282.0,249.82625543728506
8,30,2800,50,49,0,101,11,366.0,0.0
7,30,2100,50,42,0,81,9,236.0,0.0
8,30,2400,50,46,1,45,4,124.0,88.06161004197774
7,30,1600,50,49,1,27,2,52.0,33.570277125728914
4,30,2600,50,35,0,195,21,522.0,0.0
5,30,2500,50,40,1,135,10,290.0,148.73915216620532
7,30,2700,50,36,1,75,18,336.0,269.95950547063563
7,30,1900,50,49,1,51,3,84.0,24.945565040004016
8,30,2800,50,39,0,93,17,394.0,0.0
7,30,2600,50,36,0,247,19,614.0,0.0
8,30,2800,50,50,0,131,15,388.0,0.0
8,30,1900,50,45,1,55,5,86.0,110.93699369748137
4,30,1600,50,39,0,115,6,116.0,0.0
3,30,2900,50,38,0,313,26,764.0,0.0
6,30,1500,50,49,1,25,2,26.0,11.138610316712885
6,30,2700,50,50,1,87,9,270.0,163.21258119181863
7,30,3000,50,39,1,129,20,464.0,582.8834950545902
5,30,2900,50,38,0,209,14,498.0,0.0
4,30,2400,50,45,1,95,8,234.0,185.40654939406204
9,30,3000,50,47,0,167,12,510.0,0.0
10,30,3000,50,35,0,153,28,740.0,0.0
5,30,2800,50,35,0,213,17,616.0,0.0
9,30,2200,50,47,1,61,7,108.0,99.62264857592707
6,30,1600,50,36,0,59,8,120.0,0.0
6,30,2600,50,42,1,129,21,412.0,290.5715962598677
6,30,2800,50,44,1,147,12,300.0,263.47281247625756
9,30,2400,50,48,1,65,11,218.0,339.1746137974165
9,30,1900,50,35,0,73,7,164.0,0.0
5,30,1700,50,47,0,69,6,170.0,0.0
5,30,1500,50,44,1,63,5,64.0,81.65733396045039
6,30,2300,50,35,1,77,18,326.0,328.77599759959804
7,30,3000,50,38,0,161,21,672.0,0.0
7,30,2200,50,37,1,137,16,362.0,211.032648003596
4,30,2000,50,45,1,101,9,176.0,194.18493199900396
8,30,2500,50,39,1,97,20,378.0,465.315964156146
8,30,2200,50,50,0,113,5,114.0,0.0
9,30,2500,50,50,1,89,12,254.0,303.4279301714725
3,30,2400,50,48,0,173,11,306.0,0.0
3,30,2800,50,35,0,279,21,558.0,0.0
10,30,2400,50,37,1,93,14,330.0,219.81354338215726
7,30,1500,50,49,0,59,3,60.0,0.0
3,30,1600,50,36,1,45,3,68.0,29.99696687342565
7,30,3000,50,39,0,289,24,826.0,0.0
8,30,3000,50,35,1,105,27,438.0,327.7661293468862
9,30,2900,50,48,0,103,10,330.0,0.0
7,30,1800,50,36,0,47,4,84.0,0.0
9,30,1800,50,44,0,55,5,116.0,0.0
7,30,2000,50,40,1,71,8,180.0,88.52290462276972
6,29,2900,90,45,1,111,22,422.0,403.61030365035117
3,29,1500,90,43,1,75,4,100.0,33.65444603082133
4,29,3000,90,42,0,177,23,592.0,0.0
7,29,2100,90,47,0,41,6,162.0,0.0
7,29,3000,90,36,1,109,29,486.0,372.5085206280524
9,29,1900,90,40,1,85,14,164.0,186.6870325865904
8,29,2200,90,46,0,79,10,278.0,0.0
8,29,1800,90,40,0,35,7,102.0,0.0
3,29,1700,90,38,1,99,10,160.0,114.36555979794235
8,29,1900,90,35,0,37,9,132.0,0.0
3,29,2000,90,42,1,77,7,150.0,104.66433734095565
10,29,1600,90,36,1,33,7,96.0,76.55119961344307
10,29,2400,90,39,1,69,12,204.0,352.87110244109266
5,29,1600,90,35,0,31,9,140.0,0.0
9,29,3000,90,50,1,85,19,420.0,511.2331620925171
4,29,2800,90,50,0,143,11,288.0,0.0
5,29,1500,90,49,0,29,4,54.0,0.0
9,29,2400,90,50,0,71,8,276.0,0.0
5,29,1500,90,47,1,49,5,80.0,69.85089447238076
8,29,2800,90,41,0,157,17,628.0,0.0
6,29,3000,90,40,1,103,27,438.0,452.86748916076255
5,29,1500,90,37,0,79,10,162.0,0.0
6,29,2500,90,41,1,115,14,318.0,265.6194824327255
8,29,2200,90,41,0,85,15,272.0,0.0
8,29,2500,90,37,1,147,24,392.0,481.7786545324179
8,29,1800,90,50,1,53,8,120.0,124.27873184061346
7,29,2100,90,46,0,81,10,228.0,0.0
7,29,2300,90,40,0,129,19,532.0,0.0
6,29,1900,90,42,1,73,8,140.0,196.26916595780736
8,29,1500,90,49,0,51,3,52.0,0.0
4,29,1500,90,50,1,45,4,74.0,112.62287191713581
7,29,1900,90,44,1,91,8,184.0,197.18328869329133
9,29,2100,90,45,0,65,12,248.0,0.0
7,29,2800,90,48,0,103,18,500.0,0.0
6,29,2600,90,39,0,97,13,236.0,0.0
3,29,2600,90,35,1,145,27,386.0,357.2299463226549
10,29,2300,90,45,1,87,12,294.0,302.949576576418
8,29,2200,90,36,0,113,17,318.0,0.0
6,29,2200,90,40,1,101,16,248.0,191.15030717810154
8,29,1700,90,45,1,55,9,156.0,168.82948490986746
10,29,2500,90,37,0,123,23,570.0,0.0
7,29,2200,90,41,1,81,17,336.0,297.06493832911707
3,29,2900,90,36,0,219,27,534.0,0.0
7,29,2800,90,50,0,217,20,628.0,0.0
4,29,2000,90,40,1,69,12,168.0,134.07667326139892
8,29,1500,90,35,1,55,9,174.0,127.12967755759638
3,29,2200,90,35,0,149,20,392.0,0.0
7,29,2600,90,41,0,187,21,632.0,0.0
4,29,1600,90,43,1,59,8,88.0,99.65696783006365
9,29,1500,90,43,0,29,4,74.0,0.0
4,29,2400,90,46,1,155,14,350.0,220.56135956191974
7,29,1500,90,46,0,53,5,118.0,0.0
8,29,2100,90,41,0,79,14,228.0,0.0
10,29,2800,90,38,1,109,25,538.0,382.7851414182082
4,29,2000,90,43,0,141,12,276.0,0.0
3,29,1500,90,45,0,59,5,104.0,0.0
9,29,2500,90,49,1,99,11,280.0,198.7380135634058
4,29,2300,90,38,1,71,9,110.0,92.72478078390601
5,29,2500,90,44,1,187,18,524.0,350.38550920927344
5,29,1900,90,50,1,51,7,116.0,136.66062231538706
8,29,1600,90,35,0,57,9,118.0,0.0
4,29,2200,90,37,1,111,12,234.0,152.17241808622146
6,29,2800,90,48,0,97,15,342.0,0.0
10,29,2500,90,42,0,97,17,450.0,0.0
8,29,1700,90,38,0,31,3,76.0,0.0
8,29,2600,90,40,1,99,16,360.0,170.8662044190288
10,29,2600,90,35,1,59,25,440.0,315.8625031268108
4,29,2800,90,36,0,139,12,284.0,0.0
4,29,2100,90,36,1,105,21,280.0,266.9886934936176
4,29,2200,90,38,0,207,14,416.0,0.0
6,29,1700,90,40,1,65,6,126.0,66.93934182634449
10,29,1700,90,45,0,33,3,42.0,0.0
5,29,2400,90,47,1,99,11,348.0,155.60531095468426
9,29,2200,90,35,1,143,23,376.0,286.53744875431164
5,29,2600,90,35,1,81,27,304.0,348.454723775554
10,29,1600,90,38,0,85,12,224.0,0.0
4,29,1700,90,38,0,61,9,172.0,0.0
3,29,2600,90,35,0,299,23,584.0,0.0
9,29,3000,90,46,0,147,20,718.0,0.0
5,29,2600,90,35,0,255,26,624.0,0.0
6,29,2300,90,36,1,89,22,354.0,320.3912538785577
3,29,1700,90,44,1,93,11,152.0,174.37136013775108
10,29,2300,90,37,1,45,19,292.0,161.94613594308782
8,29,1700,90,39,0,101,11,214.0,0.0
5,29,2700,90,49,1,95,22,378.0,431.18127748060675
7,29,1500,90,46,1,39,4,64.0,85.30857751239573
4,29,1500,90,48,0,57,7,102.0,0.0
10,29,2400,90,42,0,89,13,332.0,0.0
7,29,2900,90,43,0,167,19,498.0,0.0
4,29,2000,90,49,1,83,10,168.0,140.9182415173426
7,29,2500,90,46,0,97,19,374.0,0.0
7,29,2300,90,47,1,63,9,140.0,154.34750997185773
9,29,1800,90,45,1,41,8,140.0,156.6152924411631
5,29,2000,90,45,0,99,7,134.0,0.0
8,29,2000,90,36,1,65,15,246.0,217.7331630062447
6,29,3000,90,40,0,151,22,462.0,0.0
9,29,2800,90,41,1,77,24,412.0,445.59208997142497
10,29,2900,90,43,1,109,16,502.0,433.12234259598
8,29,2600,90,46,0,189,15,464.0,0.0
3,29,2400,85,36,1,127,28,308.0,400.41133590042415
3,29,2900,85,41,0,145,18,352.0,0.0
5,29,3000,90,43,0,149,25,586.0,0.0
8,29,2000,85,35,0,63,14,248.0,0.0
4,29,3000,85,40,1,105,26,376.0,386.8528021178558
4,29,2300,85,35,1,91,21,256.0,258.1501240061136
9,29,1600,85,40,0,45,4,84.0,0.0
8,29,2300,85,35,1,67,22,236.0,213.01291218333412
5,29,2200,85,39,0,121,11,326.0,0.0
4,29,2700,85,37,0,137,21,466.0,0.0
6,29,2700,85,48,1,71,15,226.0,413.0931411667849
10,29,1500,85,43,1,55,9,112.0,114.0749750696571
4,29,2000,85,43,0,113,11,214.0,0.0
9,29,2000,85,43,0,75,6,118.0,0.0
5,29,2000,85,46,1,117,13,256.0,187.4336707283625
9,29,2000,85,37,1,107,9,184.0,117.50355305345616
6,29,2600,85,39,0,127,23,474.0,0.0
9,29,1600,85,50,1,41,2,42.0,49.621221025090364
4,29,2300,85,46,0,153,15,284.0,0.0
8,29,1500,85,42,1,43,6,120.0,128.6347942000821
4,29,2700,85,38,1,139,29,418.0,363.7359854339367
5,29,1600,85,50,1,37,2,38.0,41.01784287936994
9,29,3000,85,38,0,115,25,656.0,0.0
10,29,1500,85,43,0,59,6,142.0,0.0
6,29,2900,85,42,1,161,27,536.0,409.9466022717464
6,29,1600,85,46,0,57,5,90.0,0.0
10,29,3000,85,47,0,173,19,634.0,0.0
3,29,1900,85,37,0,127,14,202.0,0.0
3,29,1900,85,39,1,137,16,256.0,277.4038254137123
6,29,2900,85,42,1,79,26,394.0,400.1509331074415
6,29,2600,85,35,0,141,26,562.0,0.0
3,29,2000,85,42,1,103,13,288.0,279.1334260861772
6,29,2800,85,36,0,145,25,492.0,0.0
5,29,2600,85,40,1,91,24,318.0,342.25790486758837
6,29,2600,85,37,0,147,22,614.0,0.0
4,29,2200,85,41,1,65,15,174.0,257.4449389452451
5,29,1700,85,36,1,65,9,142.0,85.94565498821167
3,29,2700,85,43,0,257,18,458.0,0.0
9,29,1900,85,43,0,73,10,168.0,0.0
4,29,2800,85,44,0,145,20,374.0,0.0
3,29,2500,85,44,1,189,17,268.0,387.7931147012766
7,29,1800,85,49,1,35,2,70.0,15.981504570790378
3,29,2800,85,50,0,249,14,376.0,0.0
10,29,1600,85,36,0,31,5,62.0,0.0
8,29,2800,85,38,1,75,23,362.0,330.85402893347333
10,29,2600,85,38,0,151,26,752.0,0.0
5,29,2600,85,41,0,149,17,346.0,0.0
7,29,2600,85,50,1,135,19,330.0,393.21594147528106
3,29,2800,85,37,1,203,27,380.0,275.1455197175839
9,29,2300,85,45,1,53,15,232.0,297.9337753623512
7,29,2300,85,39,0,91,16,330.0,0.0
3,29,2000,85,39,0,145,13,292.0,0.0
4,29,2000,85,38,1,113,12,248.0,188.07082522376385
7,29,1600,85,37,1,81,7,146.0,117.9930300871276
6,29,1500,85,39,0,53,7,132.0,0.0
10,29,2800,85,46,1,97,21,346.0,300.5801435736264
5,29,2700,85,42,0,153,17,500.0,0.0
5,29,2500,85,36,1,93,27,306.0,428.70137621384254
8,29,2200,85,40,1,65,15,240.0,302.1047578109915
10,29,2900,85,36,0,111,26,548.0,0.0
3,29,2700,85,35,1,123,27,328.0,426.29885829562056
3,29,2600,85,36,0,241,24,532.0,0.0
8,29,3000,85,41,0,165,20,534.0,0.0
8,29,1500,85,42,1,63,10,118.0,154.57825158332724
8,29,2400,85,50,0,89,13,300.0,0.0
8,29,2600,85,35,1,97,26,384.0,319.24870615190645
9,29,2700,85,41,0,151,16,534.0,0.0
3,29,2600,85,37,0,233,23,464.0,0.0
5,29,1900,85,42,0,69,10,194.0,0.0
3,29,1700,85,47,1,61,5,126.0,53.476716541969125
9,29,1900,85,48,1,59,7,168.0,206.55445763677412
9,29,1500,85,49,1,79,7,110.0,67.3749536892829
7,29,2500,85,40,0,91,19,452.0,0.0
8,29,2100,85,44,1,75,12,190.0,270.0008620445693
6,29,1900,85,47,1,99,14,232.0,184.10288443376714
10,29,2800,85,38,0,103,20,510.0,0.0
5,29,2700,85,38,0,149,22,432.0,0.0
6,29,2300,85,38,1,129,18,326.0,263.69611954911045
3,29,2200,85,48,0,83,5,146.0,0.0
10,29,2900,85,37,1,113,26,526.0,511.04760644336335
3,29,1800,85,38,1,93,9,190.0,153.70605253786988
4,29,2800,85,45,0,161,21,476.0,0.0
10,29,3000,85,48,0,149,17,468.0,0.0
4,29,1900,85,48,0,97,8,192.0,0.0
3,29,2200,85,47,1,111,16,204.0,145.47122209911257
7,29,1600,85,47,1,57,6,98.0,86.98212551420062
10,29,1800,85,43,0,45,8,140.0,0.0
4,29,2700,85,41,0,265,23,724.0,0.0
6,29,2900,85,36,1,99,27,396.0,345.4927847073629
5,29,2900,85,50,1,107,16,296.0,261.60959736750823
8,29,2900,85,43,1,65,18,234.0,258.24882183028217
5,29,2200,85,43,0,119,12,274.0,0.0
5,29,3000,85,50,0,217,22,650.0,0.0
3,29,1700,85,35,1,97,6,146.0,61.07485007847129
8,29,2100,85,46,0,59,7,124.0,0.0
10,29,2800,85,38,0,99,23,448.0,0.0
4,29,2400,85,49,1,91,9,210.0,142.90613566715
7,29,3000,85,39,1,109,26,518.0,556.2927360079834
5,29,2300,85,49,1,135,12,342.0,97.0519880657123
5,29,3000,85,49,0,225,20,596.0,0.0
3,29,2700,80,37,0,157,20,344.0,0.0
5,29,1500,80,45,1,31,9,82.0,98.88793023692917
9,29,2700,80,37,0,105,25,582.0,0.0
9,29,2500,80,37,1,79,20,352.0,236.13225699523892
9,29,1700,85,47,0,63,5,98.0,0.0
7,29,2600,80,46,1,113,22,464.0,385.701344736893
7,29,2200,80,48,0,127,14,326.0,0.0
3,29,2400,80,39,1,157,28,350.0,624.8978718467282
4,29,2300,80,43,0,173,12,252.0,0.0
3,29,2900,80,35,1,173,28,344.0,485.579434360862
4,29,2000,80,37,0,113,15,252.0,0.0
3,29,2700,80,43,0,101,15,290.0,0.0
6,29,1800,80,43,1,79,9,150.0,141.75704980119485
7,29,3000,80,48,1,91,17,306.0,413.9673175596546
7,29,2100,80,36,1,41,10,170.0,54.26780353406889
5,29,1800,80,38,1,119,12,264.0,199.00042530035861
6,29,2000,80,44,0,73,7,126.0,0.0
10,29,2100,80,43,1,103,5,168.0,98.13733217943175
10,29,3000,80,48,0,119,22,566.0,0.0
4,29,2900,80,49,0,161,16,350.0,0.0
4,29,1800,80,49,0,65,4,138.0,0.0
10,29,2900,80,36,1,105,23,542.0,323.4901447073768
6,29,1900,80,41,0,103,11,230.0,0.0
10,29,1600,80,38,1,35,7,118.0,118.36095529592167
4,29,1700,80,47,0,29,4,54.0,0.0
7,29,2800,80,48,1,153,14,362.0,415.1806050388319
4,29,2600,80,47,1,135,9,278.0,123.13583262581999
5,29,2700,80,50,0,155,13,410.0,0.0
5,29,2600,80,35,0,153,24,476.0,0.0
7,29,2900,80,41,1,73,25,364.0,367.87555663698777
7,29,1600,80,45,0,51,9,156.0,0.0
9,29,2600,80,48,1,129,18,366.0,462.47761604772273
7,29,2100,80,48,1,67,9,162.0,273.3018155510356
3,29,2200,80,49,0,63,6,96.0,0.0
3,29,2700,80,49,0,241,20,546.0,0.0
9,29,2800,80,40,1,109,20,428.0,304.9636611886644
10,29,1800,80,43,1,43,8,136.0,149.26767818826835
3,29,2900,80,43,0,229,21,556.0,0.0
10,29,2700,80,43,0,107,17,408.0,0.0
5,29,1500,80,49,0,29,2,46.0,0.0
5,29,2000,80,46,1,71,11,208.0,155.68237904614398
6,29,3000,80,49,1,141,14,372.0,202.85068933450347
7,29,1600,80,41,0,45,3,56.0,0.0
3,29,3000,80,41,0,203,26,576.0,0.0
3,29,2100,80,39,1,115,16,208.0,324.36836456700513
9,29,2200,80,45,1,41,9,224.0,260.94703037704943
3,29,2100,80,46,0,141,6,180.0,0.0
9,29,1500,80,47,0,23,3,66.0,0.0
10,29,1800,80,46,1,39,8,110.0,64.590486856547
6,29,3000,80,36,1,175,28,480.0,385.0096215580547
5,29,2100,80,42,0,101,14,290.0,0.0
5,29,2800,80,46,1,107,12,252.0,246.183229689056
9,29,2200,80,43,0,121,10,238.0,0.0
10,29,2500,80,41,1,147,17,558.0,291.68686349288515
4,29,2800,80,49,1,207,18,422.0,238.9774314608946
5,29,2200,80,50,0,115,9,228.0,0.0
9,29,1600,80,40,1,77,7,156.0,131.3557477913891
3,29,2900,80,44,0,327,17,544.0,0.0
10,29,1800,80,36,1,35,10,200.0,126.21189041323574
6,29,1800,80,38,0,65,5,102.0,0.0
5,29,3000,80,36,0,207,28,548.0,0.0
4,29,2300,80,38,1,127,21,334.0,275.4216842650872
10,29,1700,80,37,1,45,9,204.0,79.84036081793217
8,29,1800,80,41,0,93,7,194.0,0.0
3,29,1700,80,44,0,57,7,146.0,0.0
6,29,2800,80,39,1,133,29,578.0,588.3029763570585
7,29,2100,80,40,0,55,8,90.0,0.0
6,29,1700,80,40,1,57,3,58.0,61.11053215322733
5,29,1600,80,41,1,37,6,98.0,71.93940859382583
8,29,2800,80,43,0,165,24,524.0,0.0
9,29,2600,80,37,1,81,23,434.0,341.64891116878505
7,29,2700,80,37,1,107,26,560.0,510.8152182309338
9,29,2100,80,38,0,71,17,318.0,0.0
3,29,1800,80,35,0,71,12,166.0,0.0
7,29,2700,80,49,0,137,15,460.0,0.0
8,29,2900,80,35,1,79,28,448.0,393.4628126897912
6,29,1500,80,38,1,55,9,144.0,95.1936929302765
9,29,1700,80,39,0,33,5,146.0,0.0
8,29,1700,80,41,1,67,7,180.0,147.95743933824255
7,29,2500,80,36,1,141,24,392.0,312.4249474653743
10,29,1800,80,47,0,63,5,88.0,0.0
5,29,3000,80,45,0,153,15,408.0,0.0
3,29,1800,80,48,0,31,6,62.0,0.0
4,29,2400,80,36,0,227,22,576.0,0.0
6,29,2400,80,37,1,91,26,424.0,340.0581272698464
7,29,2500,80,36,1,109,26,398.0,266.882744773311
6,29,1600,80,43,1,49,7,50.0,64.13392174029202
9,29,2500,80,36,0,93,25,532.0,0.0
6,29,2700,80,49,0,91,13,268.0,0.0
8,29,2800,80,45,1,75,17,380.0,452.8201163656118
10,29,2100,80,43,0,73,12,208.0,0.0
7,29,2500,80,46,0,93,15,356.0,0.0
4,29,2700,80,44,1,139,17,412.0,302.23253383101763
10,29,1700,80,42,1,39,11,168.0,189.1531189700867
9,29,2300,80,48,1,91,12,324.0,339.0831944435688
4,29,2800,80,41,0,289,20,550.0,0.0
10,29,2600,80,40,0,79,16,310.0,0.0
3,29,1600,80,47,0,179,9,180.0,0.0
3,29,3000,75,36,0,211,26,576.0,0.0
8,29,1600,75,39,1,81,7,168.0,229.44137738668513
5,29,2200,80,46,1,81,9,206.0,161.0811427013143
5,29,2100,80,41,0,83,9,248.0,0.0
7,29,1800,80,48,1,89,6,188.0,190.44301520711346
4,29,2900,75,44,0,223,19,506.0,0.0
9,29,1500,75,50,1,25,3,40.0,86.73342084382477
10,29,2300,75,36,1,81,15,268.0,124.48976187510628
10,29,1800,75,41,0,53,8,120.0,0.0
3,29,2000,75,37,0,145,13,314.0,0.0
9,29,1700,75,37,1,91,12,280.0,143.61456048418003
8,29,1800,75,37,1,41,4,76.0,16.47213595499958
5,29,1900,75,35,0,109,16,278.0,0.0
6,29,2300,75,49,0,75,7,220.0,0.0
7,29,2600,75,44,1,83,10,264.0,323.2914670830392
7,29,2400,75,46,1,51,6,138.0,88.01371060803024
9,29,2400,75,46,0,67,9,158.0,0.0
7,29,2800,75,37,0,141,23,470.0,0.0
4,29,2900,75,37,0,251,26,726.0,0.0
5,29,1500,75,39,1,25,3,50.0,94.7685321383797
8,29,2700,75,39,0,99,23,516.0,0.0
5,29,2000,75,45,1,55,9,186.0,213.52790637944483
7,29,2200,75,50,1,125,10,286.0,231.2261261033576
9,29,2400,75,50,1,133,14,364.0,375.0737155841625
3,29,2100,75,49,0,99,9,210.0,0.0
4,29,3000,75,39,1,133,27,446.0,498.8179990418755
6,29,1500,75,40,1,73,8,132.0,110.93380625112309
8,29,1500,75,40,0,53,7,108.0,0.0
5,29,2400,75,43,0,129,14,388.0,0.0
5,29,1800,75,42,1,63,15,192.0,198.37592208714742
7,29,2700,75,39,1,101,18,340.0,379.8767660612228
4,29,2500,75,49,0,125,11,272.0,0.0
8,29,1900,75,37,1,65,6,114.0,49.334612081856186
8,29,2300,75,48,0,107,7,244.0,0.0
8,29,2500,75,45,0,125,13,468.0,0.0
3,29,2300,75,41,1,105,14,258.0,279.9954400336768
5,29,2500,75,49,0,87,12,220.0,0.0
3,29,1800,75,36,0,125,11,220.0,0.0
8,29,2000,75,37,0,67,12,204.0,0.0
4,29,2500,75,43,1,95,14,298.0,245.4787427600885
7,29,2600,75,42,1,147,23,552.0,414.73884084523485
4,29,2400,75,37,0,175,16,472.0,0.0
3,29,2600,75,47,1,141,16,342.0,230.50493179814384
6,29,1500,75,48,1,27,3,42.0,80.14353636954205
5,29,1500,75,50,0,49,3,50.0,0.0
6,29,1600,75,42,1,29,5,106.0,122.66114697354082
10,29,2000,75,48,0,65,10,174.0,0.0
6,29,2300,75,43,1,79,15,246.0,249.7331873630096
7,29,1800,75,37,0,57,8,164.0,0.0
10,29,2300,75,35,1,81,18,350.0,273.45408414974395
7,29,1700,75,36,0,87,15,242.0,0.0
9,29,2400,75,36,1,79,18,280.0,255.64879828722158
10,29,2600,75,37,1,95,24,542.0,435.58027138914883
8,29,1600,75,36,0,55,11,178.0,0.0
3,29,2900,75,48,0,253,20,532.0,0.0
6,29,2300,75,47,1,153,17,310.0,322.94195588301784
6,29,1600,75,39,1,51,7,120.0,176.38076433576748
8,29,2300,75,42,0,79,11,258.0,0.0
10,29,1600,75,46,1,43,7,130.0,96.61923668204886
9,29,2300,75,47,0,89,12,316.0,0.0
10,29,1900,75,49,0,75,7,172.0,0.0
9,29,2600,75,48,1,71,12,234.0,291.32500887766116
6,29,2400,75,46,0,111,12,268.0,0.0
6,29,1600,75,36,0,69,11,150.0,0.0
7,29,1700,75,38,1,81,9,138.0,94.69493883756209
6,29,1500,75,37,1,55,10,210.0,126.25565725829355
6,29,2200,75,39,0,117,15,272.0,0.0
6,29,2900,75,36,0,111,24,562.0,0.0
5,29,2900,75,46,1,101,19,304.0,276.01949802836873
9,29,2000,75,50,1,39,2,40.0,73.87372757996633
5,29,3000,75,37,1,99,28,410.0,419.7964006232751
7,29,1800,75,43,0,91,8,152.0,0.0
6,29,2000,75,38,1,79,12,182.0,181.44967553647294
9,29,2200,75,45,0,171,10,322.0,0.0
5,29,1800,75,35,1,63,11,152.0,74.39496204610532
10,29,2100,75,40,0,41,6,142.0,0.0
10,29,2900,75,35,0,111,28,616.0,0.0
9,29,1700,75,41,1,55,5,88.0,69.90803318081932
9,29,2000,75,50,0,113,8,176.0,0.0
4,29,1900,75,43,1,89,12,150.0,208.15819513013219
7,29,2300,75,42,0,135,15,342.0,0.0
9,29,2700,75,46,1,103,16,472.0,339.9548678037415
9,29,1600,75,50,0,93,5,118.0,0.0
9,29,3000,75,36,0,117,28,608.0,0.0
5,29,1900,75,40,1,103,12,268.0,177.15342938356412
4,29,2100,75,44,1,39,4,102.0,93.72708267557606
6,29,1900,75,37,1,75,16,208.0,261.1969799556325
3,29,1800,75,40,1,103,10,250.0,141.79874261828374
3,29,2100,75,39,0,221,16,378.0,0.0
8,29,3000,75,50,0,139,20,552.0,0.0
9,29,1600,75,39,0,79,8,158.0,0.0
8,29,2300,75,40,0,91,18,386.0,0.0
3,29,1900,75,41,1,63,11,150.0,182.90601002117893
5,29,2000,75,50,1,33,1,34.0,0.0
5,29,1500,75,40,0,29,3,60.0,0.0
5,29,2700,75,40,1,125,18,258.0,179.5799038849738
8,29,1500,75,37,1,39,9,128.0,124.21854498011821
10,29,2800,75,49,0,101,11,324.0,0.0
6,29,2600,75,38,0,147,19,458.0,0.0
5,29,2400,75,41,0,95,13,386.0,0.0
5,29,2000,70,39,0,73,9,218.0,0.0
8,29,2000,75,44,0,99,10,200.0,0.0
4,29,2200,75,39,1,183,22,288.0,346.41031049838193
9,29,2500,70,42,1,67,15,266.0,232.73333191503895
7,29,1800,75,46,1,85,7,156.0,169.0645721419856
4,29,2200,70,36,0,163,14,318.0,0.0
4,29,1500,70,41,1,45,7,118.0,137.58093200701458
7,29,2600,70,36,1,135,23,508.0,301.20479615879395
9,29,2600,70,50,1,103,8,312.0,188.26453631582646
10,29,2400,70,48,0,93,14,360.0,0.0
5,29,1800,70,37,0,83,6,146.0,0.0
5,29,1800,70,45,1,35,3,72.0,54.00093329725477
5,29,2200,70,37,1,83,15,294.0,178.15558742555467
7,29,2300,70,37,1,99,20,320.0,303.8096498273927
3,29,2100,70,37,0,197,15,310.0,0.0
10,29,2900,70,41,0,105,21,526.0,0.0
8,29,2600,70,45,0,147,19,524.0,0.0
7,29,1900,70,36,1,99,11,256.0,96.38246514625057
9,29,1900,70,36,0,113,14,322.0,0.0
10,29,1700,70,39,1,53,6,138.0,172.6976197147508
8,29,2000,70,44,0,105,12,326.0,0.0
7,29,2000,70,42,1,113,9,228.0,142.47713568186379
7,29,2700,70,40,0,151,20,462.0,0.0
9,29,2000,70,46,1,71,9,198.0,78.86939648803843
6,29,1900,70,50,1,67,9,212.0,247.1439526570451
9,29,2300,70,49,0,89,6,188.0,0.0
4,29,1900,70,37,1,99,14,216.0,163.04297050945584
4,29,2900,70,40,0,253,21,526.0,0.0
5,29,2500,70,40,0,177,13,442.0,0.0
4,29,1800,70,45,0,93,10,218.0,0.0
8,29,1900,70,41,1,73,14,222.0,225.73434587240615
10,29,2400,70,50,1,59,10,212.0,336.2543520970696
9,29,2600,70,44,0,95,17,312.0,0.0
6,29,2800,70,39,0,161,26,606.0,0.0
4,29,2600,70,48,1,99,10,312.0,169.20349355430852
6,29,2800,70,43,1,95,26,344.0,505.90050244573024
10,29,1800,70,35,1,107,12,226.0,94.67292664229568
10,29,1900,70,43,0,61,10,220.0,0.0
9,29,2300,70,50,0,129,10,374.0,0.0
7,29,3000,70,41,1,175,26,584.0,396.6745283866319
9,29,2400,70,40,0,85,16,276.0,0.0
5,29,1900,70,44,1,71,16,240.0,372.564492184477
7,29,2100,70,47,0,141,8,208.0,0.0
4,29,2500,70,36,0,143,23,408.0,0.0
10,29,2100,70,48,1,39,5,102.0,117.64605075325663
4,29,2400,70,35,1,151,24,494.0,287.1723598177423
6,29,1800,70,46,1,41,4,68.0,39.796779508195556
4,29,2700,70,49,0,153,9,320.0,0.0
8,29,3000,70,42,1,113,23,532.0,322.8796310285099
3,29,2000,70,46,0,67,4,100.0,0.0
10,29,2200,70,44,0,43,13,264.0,0.0
10,29,1800,70,41,0,117,10,198.0,0.0
10,29,1800,70,37,0,67,8,128.0,0.0
10,29,2100,70,45,1,75,9,160.0,216.78178899530894
4,29,3000,70,44,1,235,25,704.0,463.36796710153243
7,29,2800,70,37,0,109,24,462.0,0.0
5,29,2100,70,39,1,133,17,280.0,461.97786785135264
3,29,1600,70,45,1,37,3,52.0,49.07319991154835
9,29,1700,70,46,0,77,7,170.0,0.0
9,29,2300,70,35,0,89,24,468.0,0.0
6,29,2200,70,43,0,87,18,244.0,0.0
10,29,2500,70,47,1,137,10,322.0,210.86587407941263
10,29,2600,70,36,1,101,22,556.0,332.60348758629567
5,29,2900,70,40,1,91,29,380.0,521.9601991477614
8,29,2100,70,49,1,57,7,182.0,118.0852936503411
9,29,1800,70,45,0,89,4,90.0,0.0
8,29,2100,70,36,0,81,14,252.0,0.0
8,29,2800,70,37,1,103,24,414.0,369.75699530532836
9,29,2000,70,40,1,89,11,236.0,134.26511407576092
6,29,2300,70,43,1,141,15,464.0,297.19812927301064
8,29,2700,70,42,0,103,16,528.0,0.0
10,29,2200,70,47,0,79,11,298.0,0.0
6,29,1700,70,41,1,31,7,94.0,126.27289178611181
4,29,2800,70,47,0,89,12,248.0,0.0
6,29,1800,70,50,0,59,5,60.0,0.0
8,29,2200,70,37,1,121,18,392.0,140.48908211091563
9,29,2600,70,40,0,145,17,474.0,0.0
7,29,2900,70,47,0,169,16,508.0,0.0
10,29,2300,70,39,1,85,13,304.0,270.85681238281427
6,29,1800,70,41,1,57,8,148.0,187.43660078873762
9,29,2200,70,38,0,73,14,274.0,0.0
4,29,2400,70,45,1,123,13,298.0,224.1140138005177
7,29,1800,70,42,1,49,6,82.0,48.446115603453826
4,29,2500,70,45,0,179,15,386.0,0.0
8,29,1600,70,42,0,29,5,82.0,0.0
8,29,3000,70,46,0,115,16,552.0,0.0
10,29,2300,70,38,0,73,17,320.0,0.0
4,29,2500,70,40,0,97,10,308.0,0.0
8,29,2000,70,41,1,115,14,254.0,237.93714533032747
6,29,2100,70,42,1,45,5,128.0,74.65744270587948
3,29,1600,70,48,1,41,3,68.0,111.50148883014202
3,29,3000,70,35,1,159,28,354.0,421.78833458642765
8,29,2200,70,46,0,81,14,290.0,0.0
10,29,2100,70,36,1,53,17,312.0,204.24341820739585
5,29,3000,70,42,0,163,19,526.0,0.0
8,29,1700,70,39,0,95,11,210.0,0.0
5,29,1600,70,48,1,27,4,52.0,112.73087652722074
3,29,2400,70,36,1,115,19,322.0,261.15653515474196
3,29,1500,70,42,0,57,2,58.0,0.0
3,29,2000,70,41,1,77,10,170.0,183.177842442834
10,29,2600,70,37,1,83,19,400.0,414.7859230401749
8,29,2000,65,39,0,69,11,176.0,0.0
8,29,2100,70,46,0,101,6,220.0,0.0
9,29,1500,70,50,0,17,1,18.0,0.0
8,29,1500,65,40,1,55,5,94.0,41.5933371165366
6,29,2900,65,50,1,103,12,424.0,258.3396672895557
5,29,2800,65,43,0,147,21,478.0,0.0
9,29,2600,65,49,1,71,13,204.0,198.59110933818
6,29,2200,65,44,0,129,14,462.0,0.0
9,29,1500,65,42,1,39,4,62.0,74.22199690996156
7,29,2300,65,35,1,125,15,316.0,190.76651763935698
7,29,2100,65,40,0,85,7,204.0,0.0
3,29,2800,65,48,0,147,11,338.0,0.0
3,29,2900,65,40,0,271,22,592.0,0.0
7,29,2600,65,46,1,99,15,322.0,235.0240782140257
5,29,1500,65,40,0,27,3,64.0,0.0
7,29,2200,65,49,1,67,10,146.0,180.96873970014252
4,29,2900,65,41,0,225,20,562.0,0.0
7,29,1700,65,46,1,91,8,136.0,153.6781113371179
5,29,1800,65,37,1,53,10,146.0,171.6366074713223
7,29,2000,65,38,0,79,14,264.0,0.0
4,29,1500,65,50,0,53,4,98.0,0.0
6,29,2800,65,46,1,83,20,316.0,319.3004212301503
7,29,2000,65,49,1,57,4,128.0,53.0802497455477
4,29,2200,65,40,1,115,17,218.0,286.291439076016
3,29,2700,65,46,0,251,11,394.0,0.0
8,29,2900,65,45,0,113,21,560.0,0.0
3,29,2200,65,50,1,141,8,182.0,163.729796563937
5,29,2400,65,43,1,69,13,178.0,206.4231477513898
8,29,2900,65,46,0,55,11,298.0,0.0
9,29,2800,65,49,0,107,10,352.0,0.0
6,29,2600,65,41,0,139,16,338.0,0.0
4,29,2400,65,45,0,81,11,280.0,0.0
8,29,1700,65,48,1,31,3,52.0,78.93743052166502
4,29,2800,65,48,1,177,14,306.0,234.45666951742686
9,29,2100,65,39,1,61,13,266.0,411.7144063241153
7,29,2000,65,41,1,153,11,262.0,223.93757674565916
4,29,2800,65,50,0,107,5,214.0,0.0
5,29,2400,65,47,0,139,14,348.0,0.0
5,29,1700,65,47,1,59,4,92.0,54.708509341474276
7,29,1700,65,44,0,33,4,94.0,0.0
3,29,1900,65,50,1,69,5,126.0,124.35070540461604
5,29,1500,65,42,1,37,6,94.0,101.12252421710616
10,29,2400,65,47,0,87,14,378.0,0.0
4,29,1800,65,48,0,81,5,114.0,0.0
8,29,2100,65,35,1,95,15,212.0,151.67491120904955
6,29,1500,65,39,1,29,3,30.0,31.84271753586435
5,29,1900,65,40,0,97,10,206.0,0.0
5,29,1800,65,42,0,33,3,66.0,0.0
4,29,2900,65,42,0,171,21,566.0,0.0
7,29,2000,65,43,1,45,8,122.0,127.41923449791204
7,29,2300,65,48,1,85,20,298.0,449.4239219272096
8,29,2200,65,50,1,79,11,248.0,251.18932786549257
3,29,1900,65,45,0,57,5,96.0,0.0
10,29,2800,65,44,0,103,15,444.0,0.0
3,29,2900,65,48,0,141,17,350.0,0.0
4,29,1700,65,50,1,45,5,64.0,157.67449471239675
9,29,2100,65,36,0,75,14,308.0,0.0
6,29,2300,65,45,0,113,8,226.0,0.0
9,29,2400,65,46,1,53,8,182.0,134.44445923631605
9,29,1500,65,40,0,27,3,56.0,0.0
10,29,1600,65,41,1,41,5,104.0,143.42746391825654
7,29,2800,65,48,1,69,9,218.0,164.0692028249604
3,29,2800,65,36,0,307,23,708.0,0.0
3,29,1800,65,49,1,79,7,116.0,113.42378346167003
9,29,2800,65,48,1,89,20,432.0,497.4767112648444
6,29,1500,65,37,1,59,10,134.0,154.6140448757881
6,29,1700,65,39,1,33,4,86.0,144.79177414720834
8,29,2600,65,45,0,101,12,364.0,0.0
5,29,2700,65,46,0,193,16,494.0,0.0
4,29,2700,65,46,0,127,10,350.0,0.0
4,29,2500,65,50,1,115,10,294.0,225.5143171654017
8,29,1600,65,50,0,81,4,82.0,0.0
8,29,2000,65,37,1,71,12,246.0,154.6671601166332
8,29,1700,65,37,0,33,6,68.0,0.0
6,29,1800,65,36,1,129,8,184.0,54.29268683314281
4,29,2800,65,46,1,141,18,410.0,275.2053006675027
3,29,1900,65,40,1,125,17,266.0,177.01007263325496
4,29,2800,65,37,1,191,12,332.0,170.9072864673647
8,29,2300,65,50,0,63,5,110.0,0.0
3,29,2200,65,50,0,121,10,202.0,0.0
10,29,1600,65,37,1,89,8,142.0,91.06473586531816
5,29,2600,65,48,0,225,15,414.0,0.0
10,29,2400,65,49,0,125,12,296.0,0.0
9,29,2000,65,36,0,69,10,212.0,0.0
3,29,1900,65,40,0,33,9,98.0,0.0
5,29,2000,65,43,1,63,9,114.0,139.75845276411889
9,29,2500,65,42,0,49,9,192.0,0.0
7,29,1600,65,46,1,57,8,138.0,74.82059630621984
8,29,2800,65,36,0,207,24,704.0,0.0
4,29,2800,65,50,1,97,7,166.0,143.34851939561312
6,29,3000,65,44,1,137,21,528.0,614.6359670508036
9,29,2100,65,46,1,41,6,148.0,93.69138793680382
9,29,2600,65,49,0,97,16,466.0,0.0
6,29,2300,65,37,1,83,8,208.0,111.91598860097828
5,29,2100,65,42,0,81,8,156.0,0.0
7,29,2500,65,46,1,137,9,332.0,106.39501667764229
5,29,2300,65,37,1,103,16,392.0,214.150285201293
3,29,2300,65,42,0,195,17,324.0,0.0
8,29,1700,65,42,0,43,5,78.0,0.0
10,29,1800,65,45,0,59,7,150.0,0.0
8,29,1900,60,42,1,53,7,86.0,100.34983428619078
10,29,2200,65,44,1,69,9,126.0,121.31453283902717
3,29,1900,65,43,0,63,7,128.0,0.0
10,29,2700,60,41,0,101,15,424.0,0.0
5,29,2600,60,41,1,71,9,208.0,124.5458573261237
8,29,2100,60,44,1,145,12,336.0,311.5669946131843
3,29,2600,60,47,0,135,12,300.0,0.0
5,29,2700,60,39,1,155,20,502.0,470.6427059459429
9,29,2900,60,39,1,101,18,536.0,434.57188882010536
5,29,2400,60,45,0,91,9,258.0,0.0
4,29,2700,60,42,0,149,18,418.0,0.0
4,29,1600,60,45,0,29,3,60.0,0.0
9,29,2400,60,39,1,67,13,218.0,364.7297896487846
7,29,2600,60,39,0,139,16,376.0,0.0
8,29,2500,60,37,1,93,17,374.0,324.2602863329855
7,29,3000,60,39,0,171,15,424.0,0.0
5,29,1700,60,45,1,31,3,62.0,38.33273686580954
5,29,2700,60,35,1,151,24,440.0,346.45542563759454
10,29,1700,60,47,0,87,8,186.0,0.0
3,29,2100,60,42,0,73,6,104.0,0.0
8,29,2600,60,42,1,109,19,396.0,293.5861360146991
5,29,1800,60,47,0,65,4,124.0,0.0
5,29,1600,60,41,1,25,4,68.0,69.91856836770253
5,29,3000,60,36,0,215,26,684.0,0.0
5,29,1700,60,43,0,77,7,104.0,0.0
10,29,2000,60,35,1,69,11,246.0,157.94126098425863
4,29,1600,60,36,1,89,14,234.0,128.9703416403798
9,29,2500,60,37,1,87,14,280.0,142.28090102775124
3,29,1900,60,46,0,95,6,176.0,0.0
3,29,1900,60,35,1,49,9,84.0,90.70361637167417
5,29,1600,60,46,0,11,1,12.0,0.0
3,29,2000,60,43,0,79,7,174.0,0.0
3,29,2100,60,37,0,223,14,306.0,0.0
4,29,2800,60,44,1,109,12,312.0,281.80700616698954
3,29,2300,60,48,1,167,7,258.0,224.44893887166123
9,29,2300,60,39,1,45,11,174.0,294.28718611332755
6,29,2600,60,41,0,151,16,492.0,0.0
4,29,2100,60,41,1,81,12,220.0,172.54213655395068
4,29,1500,60,36,0,113,10,188.0,0.0
4,29,1600,60,38,0,23,4,40.0,0.0
7,29,2600,60,47,1,99,15,282.0,171.75642425336125
10,29,2000,60,50,0,67,8,118.0,0.0
6,29,2100,60,38,0,79,13,210.0,0.0
10,29,1900,60,36,0,67,10,186.0,0.0
4,29,1500,60,36,1,49,8,68.0,88.93294030838474
8,29,1600,60,41,1,51,7,80.0,148.29057897785074
5,29,1600,60,46,1,55,6,82.0,122.26477365791077
7,29,2800,60,39,1,139,26,562.0,608.1109663756511
8,29,2800,60,50,0,149,10,312.0,0.0
4,29,2900,60,37,0,205,23,642.0,0.0
4,29,2500,60,40,0,139,13,352.0,0.0
10,29,1600,60,36,1,31,9,140.0,121.45158071635356
4,29,2300,60,35,0,169,17,386.0,0.0
4,29,2000,60,40,1,83,9,224.0,107.05586184987209
3,29,1900,60,42,1,55,5,124.0,84.64821432014261
5,29,1500,60,47,0,43,4,64.0,0.0
9,29,3000,60,42,1,99,26,548.0,372.6164624391589
9,29,1900,60,35,1,53,13,192.0,112.0604829930365
7,29,2800,60,44,0,109,18,532.0,0.0
10,29,1900,60,37,1,101,9,206.0,84.94824958467971
6,29,2100,60,39,1,81,6,162.0,162.73117364251522
5,29,2000,60,47,0,97,5,98.0,0.0
10,29,2500,60,46,0,97,13,328.0,0.0
4,29,1800,60,35,0,59,6,132.0,0.0
9,29,1900,60,38,0,37,4,100.0,0.0
8,29,1800,60,39,1,93,9,212.0,223.010562756182
3,29,1700,60,48,1,53,5,120.0,136.04630660906295
8,29,2600,60,43,0,91,12,316.0,0.0
7,29,1700,60,37,1,61,7,128.0,91.79122924816474
4,29,2100,60,38,0,141,12,320.0,0.0
7,29,2400,60,36,1,69,21,276.0,261.8710592387152
9,29,2700,60,35,0,107,25,462.0,0.0
5,29,1600,60,50,1,17,2,18.0,51.58270788337468
5,29,1900,60,47,0,97,4,98.0,0.0
6,29,2400,60,37,1,121,12,298.0,149.9631066376839
9,29,2200,60,39,1,85,16,326.0,373.00835992043034
10,29,2300,60,43,0,87,11,294.0,0.0
5,29,2200,60,43,0,79,5,110.0,0.0
5,29,2500,60,47,0,99,12,222.0,0.0
5,29,1900,60,49,1,27,3,48.0,28.025343709678392
10,29,1700,60,48,1,41,3,76.0,73.02058528740726
3,29,2900,60,38,1,171,20,412.0,166.77782507694027
9,29,2000,60,49,0,65,5,136.0,0.0
9,29,1900,60,49,0,63,9,150.0,0.0
10,29,2000,60,44,1,73,10,190.0,221.2262629793025
7,29,2100,60,39,0,185,11,294.0,0.0
9,29,2700,60,35,0,101,23,460.0,0.0
7,29,2900,60,40,1,101,20,362.0,276.63319727548395
3,29,2000,60,43,0,69,6,130.0,0.0
8,29,2300,60,36,0,85,14,236.0,0.0
10,29,1600,60,39,1,63,8,150.0,165.27824355993772
8,29,1600,60,43,1,51,4,52.0,53.90591465551147
9,29,1800,60,44,1,61,10,158.0,263.87564489212525
10,29,2900,60,43,1,93,25,526.0,363.1478397550703
3,29,1900,60,47,0,53,4,128.0,0.0
7,29,3000,60,44,0,215,20,756.0,0.0
6,29,2700,60,45,1,153,13,238.0,224.59999431213217
7,29,2800,60,44,0,147,15,502.0,0.0
4,29,2000,60,40,1,79,9,136.0,118.6929861625302
10,29,2200,60,44,0,81,11,260.0,0.0
5,29,1700,55,43,1,33,6,92.0,77.18526873700722
5,29,3000,60,49,0,165,13,414.0,0.0
4,29,2100,60,50,1,97,9,166.0,155.9076603723771
10,29,2600,55,40,1,67,13,362.0,244.0539189208219
4,29,2500,55,43,0,173,17,440.0,0.0
5,29,2200,55,36,0,205,15,352.0,0.0
10,29,1800,55,41,0,59,5,152.0,0.0
3,29,1700,55,41,1,69,9,150.0,191.5347495791505
4,29,2400,55,47,0,129,11,274.0,0.0
6,29,2000,55,47,0,77,7,142.0,0.0
3,29,2600,55,45,1,167,18,238.0,390.6482728221316
5,29,1800,55,50,1,53,4,114.0,115.19788129661934
5,29,2300,55,37,0,133,17,410.0,0.0
6,29,2700,55,40,1,125,15,442.0,242.40057164096422
3,29,1500,55,36,0,177,12,178.0,0.0
8,29,2600,55,41,1,73,15,354.0,284.9941761202782
4,29,2700,55,42,1,127,17,308.0,228.31129491431457
4,29,1900,55,43,1,77,10,154.0,156.66827628752645
8,29,2900,55,45,0,103,14,408.0,0.0
3,29,2900,55,35,0,223,24,548.0,0.0
6,29,2400,55,38,1,135,13,352.0,185.3049012646764
7,29,1900,55,42,1,77,13,178.0,240.24405161816176
8,29,1600,55,41,1,55,8,156.0,176.36056661575282
6,29,1900,55,39,0,59,6,130.0,0.0
4,29,2300,55,43,0,83,9,200.0,0.0
4,29,2300,55,49,0,89,9,218.0,0.0
3,29,2000,55,36,0,109,7,172.0,0.0
7,29,2500,55,38,1,141,15,288.0,197.40742096474986
5,29,2400,55,42,1,125,14,226.0,274.60977554814684
7,29,2000,55,45,0,51,7,124.0,0.0
9,29,1600,55,40,0,77,7,170.0,0.0
7,29,2300,55,39,1,121,13,260.0,291.3546243511092
4,29,2700,55,46,1,75,6,210.0,79.21041858102932
3,29,2800,55,45,1,261,18,474.0,418.05535734878464
5,29,2900,55,43,0,153,21,508.0,0.0
9,29,2100,55,45,0,67,7,176.0,0.0
5,29,2000,55,38,0,97,6,164.0,0.0
3,29,2500,55,37,0,309,15,386.0,0.0
3,29,2000,55,50,1,107,8,236.0,187.70514489419702
6,29,2600,55,35,1,159,22,454.0,273.98477819674736
9,29,2700,55,36,1,89,18,412.0,230.0062669386859
7,29,2300,55,48,1,59,8,228.0,292.6945771755202
6,29,1600,55,47,0,31,4,72.0,0.0
6,29,2100,55,39,1,75,7,208.0,207.3008015069392
6,29,2000,55,42,0,69,4,102.0,0.0
7,29,2000,55,39,1,59,9,172.0,219.38424970434585
9,29,2600,55,48,0,51,9,170.0,0.0
4,29,1700,55,46,0,15,1,16.0,0.0
5,29,1500,55,42,0,0,0,0.0,0.0
3,29,2600,55,39,1,217,19,322.0,405.3347211062618
10,29,2900,55,37,0,113,23,712.0,0.0
7,29,3000,55,49,1,103,12,326.0,222.16781445726562
9,29,1600,55,48,1,0,0,0.0,0.0
4,29,1800,55,41,0,99,6,134.0,0.0
8,29,1500,55,43,1,51,3,74.0,41.823703943289125
7,29,1900,55,49,0,75,5,102.0,0.0
7,29,2300,55,47,1,57,6,164.0,69.06765604420012
10,29,2900,55,46,1,95,18,472.0,314.2207855774984
8,29,3000,55,48,0,151,12,448.0,0.0
3,29,2600,55,35,1,165,26,366.0,355.85046853561437
6,29,1500,55,40,0,55,6,102.0,0.0
3,29,3000,55,45,0,253,18,574.0,0.0
7,29,2400,55,46,1,131,11,210.0,128.94697949964421
9,29,2100,55,35,1,77,11,330.0,123.79342972404662
3,29,2100,55,41,0,105,10,206.0,0.0
4,29,1900,55,49,0,97,7,124.0,0.0
9,29,2000,55,44,0,51,6,156.0,0.0
8,29,2500,55,48,1,131,5,196.0,124.32693282270654
4,29,1700,55,36,1,75,10,158.0,85.18949310466611
7,29,1800,55,47,1,43,6,72.0,93.93017921217708
9,29,2300,55,50,0,59,2,60.0,0.0
10,29,1800,55,43,1,47,3,48.0,62.82873523079507
3,29,1700,55,41,1,99,3,100.0,58.527413285021716
3,29,2700,55,36,0,205,19,500.0,0.0
5,29,2700,55,48,0,135,13,404.0,0.0
10,29,2700,55,36,1,153,20,726.0,296.904902299958
4,29,2400,55,39,0,141,15,322.0,0.0
8,29,2100,55,37,1,97,20,278.0,320.2084888972809
3,29,2800,55,44,1,161,18,402.0,522.2603525791917
4,29,2500,55,50,0,93,7,216.0,0.0
3,29,2000,55,45,1,67,4,108.0,52.698667111072915
4,29,2400,55,50,0,159,7,264.0,0.0
3,29,2400,55,50,0,45,6,120.0,0.0
8,29,2700,55,46,1,77,13,238.0,228.6927339315866
4,29,2500,55,37,1,129,17,332.0,283.1447927886615
9,29,2400,55,42,0,93,11,300.0,0.0
7,29,1500,55,45,0,27,2,52.0,0.0
10,29,2100,55,36,1,79,13,248.0,189.29258409974273
10,29,3000,55,38,0,163,23,686.0,0.0
3,29,2400,55,36,1,159,18,312.0,246.10719417662634
7,29,1700,55,36,0,93,11,256.0,0.0
3,29,2600,55,42,1,143,18,366.0,255.9825519600792
4,29,2100,55,50,0,107,10,180.0,0.0
8,29,2900,55,36,0,107,24,590.0,0.0
8,29,2700,55,45,1,83,13,222.0,166.44987422335754
6,29,2900,55,35,1,109,22,410.0,290.7058665335459
7,29,2200,55,41,0,43,11,110.0,0.0
5,29,2800,55,37,1,117,23,342.0,348.88549999299204
8,29,2400,55,45,0,91,15,382.0,0.0
6,29,2500,55,43,0,137,11,282.0,0.0
10,29,2400,55,38,1,95,12,348.0,176.11047050870326
8,29,2800,55,50,0,205,14,438.0,0.0
10,29,2300,50,42,1,65,11,242.0,214.4274593186543
10,29,3000,50,39,1,117,18,504.0,529.1490296162751
8,29,2800,50,40,0,103,19,418.0,0.0
9,29,2600,50,42,0,83,19,350.0,0.0
3,29,1600,50,44,1,21,2,22.0,34.47935255554331
9,29,3000,50,41,1,115,22,556.0,455.1057776250737
10,29,2000,50,50,0,39,6,104.0,0.0
9,29,2300,50,49,0,69,11,152.0,0.0
4,29,2500,50,43,1,125,11,356.0,229.97485603226104
4,29,2400,50,45,0,91,13,182.0,0.0
6,29,2700,50,41,1,97,13,348.0,303.83988766612885
4,29,2300,50,39,1,101,13,194.0,360.2764774528385
3,29,1600,50,45,1,51,3,72.0,86.36790139533474
7,29,2000,50,48,0,65,7,142.0,0.0
6,29,1800,50,37,1,67,14,230.0,190.9023229763283
5,29,2300,50,40,0,127,8,206.0,0.0
3,29,2800,50,42,0,151,13,344.0,0.0
8,29,3000,50,37,1,99,14,362.0,284.4438829977192
8,29,3000,50,47,0,89,13,308.0,0.0
9,29,2600,50,44,1,53,8,200.0,207.62934239061784
8,29,2200,50,44,0,103,8,180.0,0.0
9,29,2600,50,42,0,121,16,450.0,0.0
7,29,2400,50,35,0,89,17,380.0,0.0
5,29,2700,50,46,0,139,10,338.0,0.0
10,29,2300,50,41,1,61,12,238.0,200.6384609721831
9,29,2200,50,43,1,43,7,132.0,112.200366254319
7,29,1500,50,46,1,27,2,28.0,22.0
8,29,2200,50,45,0,85,9,232.0,0.0
10,29,2200,50,40,0,83,6,160.0,0.0
5,29,2700,50,41,1,169,12,282.0,188.47517051072333
6,29,2300,50,42,0,87,15,364.0,0.0
8,29,3000,50,36,0,117,25,488.0,0.0
4,29,2800,50,41,1,205,26,472.0,454.1601454147038
8,29,2600,50,39,1,49,12,232.0,244.0880053322856
6,29,1900,50,50,1,55,4,56.0,25.39247132986342
10,29,2500,50,40,0,99,17,360.0,0.0
9,29,2300,50,41,1,83,7,202.0,143.29058790815932
4,29,1600,50,44,0,55,4,86.0,0.0
6,29,2000,50,37,0,67,5,144.0,0.0
4,29,2600,50,40,1,237,17,446.0,226.62442395720026
8,29,1700,50,49,0,29,2,30.0,0.0
10,29,2300,50,38,1,117,13,378.0,226.265216551022
6,29,2600,50,37,1,79,18,218.0,179.73808313257103
9,29,3000,50,46,1,117,17,530.0,292.55137036633175
7,29,2600,50,36,0,97,16,398.0,0.0
5,29,2900,50,39,1,123,21,416.0,431.23875968379605
6,29,1800,50,45,0,59,2,60.0,0.0
10,29,2000,50,45,1,67,10,170.0,129.57827325127877
9,29,2400,50,50,0,109,7,186.0,0.0
9,29,1700,50,37,1,47,8,100.0,97.63401030809761
6,29,2800,50,44,0,153,15,348.0,0.0
7,29,2600,50,35,0,153,22,530.0,0.0
9,29,2200,50,44,0,69,3,114.0,0.0
7,29,1900,50,37,0,59,7,164.0,0.0
6,29,1600,50,37,0,55,4,76.0,0.0
4,29,2400,50,40,1,105,14,262.0,169.76909221874214
6,29,2600,50,45,1,95,13,384.0,301.1384068237346
10,29,2700,50,40,1,67,16,284.0,295.7963680482803
4,29,2800,50,36,0,191,20,606.0,0.0
4,29,1600,50,46,1,63,6,118.0,84.26156593233746
7,29,3000,50,40,1,103,21,468.0,280.712883229236
4,29,2100,50,47,0,145,9,244.0,0.0
7,29,2700,50,35,0,103,20,504.0,0.0
8,29,1600,50,37,1,43,5,102.0,56.99998777765936
4,29,2600,50,37,1,123,20,308.0,263.8924616052988
5,29,1800,50,49,0,53,3,88.0,0.0
10,29,2800,50,47,1,153,15,524.0,240.31181008212099
3,29,2500,50,42,1,115,15,294.0,197.65047426766876
10,29,2400,50,45,1,77,14,342.0,318.5042097931322
6,29,2200,50,48,0,75,5,106.0,0.0
7,29,2900,50,50,0,203,14,408.0,0.0
9,29,3000,50,40,0,169,24,752.0,0.0
4,29,2300,50,41,1,157,15,284.0,210.98519300352666
8,29,2000,50,47,0,71,4,108.0,0.0
8,29,2700,50,36,1,105,19,374.0,229.43679250443785
7,29,1500,50,42,0,19,2,20.0,0.0
9,29,3000,50,50,0,169,14,540.0,0.0
5,29,3000,50,47,1,159,14,328.0,183.33581770977466
5,29,2100,50,36,1,113,9,192.0,93.83018055667222
4,29,1900,50,40,0,27,2,54.0,0.0
9,29,1900,50,50,1,65,4,120.0,108.28098878917147
5,29,2800,50,47,0,157,13,460.0,0.0
8,29,2200,50,42,0,65,8,154.0,0.0
3,29,3000,50,38,1,219,29,454.0,416.86774592412996
3,29,1600,50,42,0,37,2,38.0,0.0
3,29,2500,50,44,1,159,11,250.0,300.809203622589
5,29,2300,50,35,1,131,16,350.0,166.90893831253112
5,29,2300,50,35,0,171,13,334.0,0.0
5,29,2200,50,50,1,115,5,140.0,98.2384544443068
3,29,1800,50,47,0,121,10,268.0,0.0
8,29,2900,50,36,1,65,22,440.0,355.5142778684518
9,29,1600,50,39,1,37,6,60.0,85.04926294635277
6,29,1600,50,42,0,55,7,134.0,0.0
3,29,1500,50,37,1,39,6,68.0,75.55610814023117
9,29,2100,50,46,0,81,5,154.0,0.0
5,29,1800,50,37,1,39,6,74.0,111.121278106035
8,29,1700,50,37,0,63,3,80.0,0.0
9,28,2300,90,38,0,133,21,430.0,0.0
3,29,1600,50,46,0,31,3,72.0,0.0
7,28,1700,90,36,1,51,9,178.0,83.1988222370266
5,29,2900,50,49,1,131,11,262.0,205.65870108742772
7,29,2000,50,42,0,69,7,144.0,0.0
10,28,2900,90,43,0,113,23,566.0,0.0
6,28,2700,90,46,1,99,15,374.0,269.64972070384255
3,28,2900,90,37,1,113,28,300.0,382.6715158803112
3,28,2100,90,35,1,127,24,302.0,351.4283193215169
6,28,1700,90,41,0,67,9,160.0,0.0
3,28,2900,90,38,0,255,25,518.0,0.0
8,28,2700,90,39,0,151,23,522.0,0.0
10,28,2500,90,41,1,97,17,384.0,319.7611653597972
10,28,2100,90,45,0,117,11,300.0,0.0
4,28,2300,90,45,1,159,12,378.0,258.44705981262945
7,28,2600,90,45,1,149,15,436.0,371.0641927260287
10,28,2700,90,36,1,93,25,486.0,301.6502999027969
9,28,2500,90,40,0,93,19,502.0,0.0
10,28,2400,90,37,1,91,18,426.0,388.36554504210716
10,28,2900,90,45,0,105,14,444.0,0.0
5,28,2100,90,46,1,47,9,152.0,122.92864508381089
3,28,2900,90,46,1,215,23,544.0,449.18830212037517
8,28,1800,90,50,0,59,6,138.0,0.0
6,28,2500,90,48,0,145,11,384.0,0.0
8,28,1900,90,46,0,71,11,200.0,0.0
9,28,1600,90,40,1,39,7,108.0,79.4748231721425
10,28,1800,90,40,0,59,6,138.0,0.0
8,28,2500,90,46,1,59,10,238.0,208.35947394608505
10,28,2700,90,46,1,153,17,444.0,239.70941034271596
6,28,1500,90,49,1,31,6,86.0,69.47422710093251
6,28,2500,90,36,0,97,23,460.0,0.0
5,28,2700,90,48,0,155,17,478.0,0.0
4,28,1600,90,44,0,113,6,114.0,0.0
7,28,2300,90,39,0,81,16,294.0,0.0
3,28,2500,90,44,1,153,18,256.0,336.6153410154312
4,28,2900,90,39,1,105,28,368.0,544.4379608254418
5,28,2200,90,35,0,123,19,418.0,0.0
8,28,2200,90,38,0,75,14,348.0,0.0
6,28,2500,90,44,1,137,21,414.0,358.4657913342295
9,28,1700,90,47,1,55,8,162.0,125.2699640938687
6,28,2800,90,42,1,107,14,360.0,178.708627264708
5,28,2600,90,45,0,149,15,476.0,0.0
5,28,2000,90,49,0,107,8,178.0,0.0
9,28,2700,90,50,1,63,17,304.0,317.230471408628
8,28,2700,90,40,1,153,26,556.0,469.06971766854554
3,28,2800,90,43,0,287,22,512.0,0.0
7,28,1800,90,41,0,93,8,154.0,0.0
7,28,2200,90,35,0,169,14,352.0,0.0
6,28,2800,90,39,0,309,26,848.0,0.0
3,28,2000,90,42,1,121,13,188.0,231.04534794778073
7,28,1500,90,44,1,27,2,56.0,38.89539331382586
3,28,2200,90,37,0,107,13,270.0,0.0
5,28,3000,90,38,1,99,27,412.0,470.5010569755217
10,28,2400,90,42,1,91,21,396.0,353.6514606502871
3,28,3000,90,46,0,229,19,558.0,0.0
7,28,2600,90,40,1,85,24,298.0,436.02859689991124
6,28,1600,90,35,0,53,8,106.0,0.0
7,28,2100,90,48,1,87,9,158.0,205.78301533360892
6,28,2300,90,48,0,83,6,196.0,0.0
9,28,2200,90,40,0,79,13,326.0,0.0
4,28,2500,90,40,1,145,21,330.0,313.7698234368432
10,28,1900,90,40,1,91,10,202.0,127.98326789191434
4,28,3000,90,43,1,131,17,414.0,332.46420179019464
8,28,1900,90,50,0,67,8,172.0,0.0
9,28,2800,90,48,0,157,15,514.0,0.0
3,28,2700,90,49,1,123,25,330.0,335.9913403427401
3,28,2400,90,36,0,179,11,318.0,0.0
4,28,2900,90,36,0,211,28,708.0,0.0
9,28,2500,90,48,1,85,12,328.0,365.30010754146355
3,28,2400,90,40,0,211,17,388.0,0.0
7,28,1500,90,49,1,59,4,106.0,59.02990787198366
5,28,1500,90,46,1,53,6,78.0,77.96977717156722
6,28,2700,90,48,0,151,16,450.0,0.0
7,28,2900,90,38,1,85,26,416.0,404.21874998333857
5,28,2200,90,40,1,137,11,252.0,168.25956855494505
6,28,2800,90,50,1,139,14,322.0,394.51534675356027
7,28,3000,90,42,0,119,23,540.0,0.0
5,28,2200,90,46,0,117,13,238.0,0.0
10,28,1600,90,36,0,61,15,262.0,0.0
9,28,1900,90,46,0,55,7,170.0,0.0
3,28,2100,90,45,1,157,10,218.0,251.6866434958642
10,28,1500,90,40,1,59,5,102.0,46.001731162743475
6,28,2300,90,43,1,81,13,214.0,151.74048712251266
5,28,2800,90,42,1,105,21,438.0,433.1419158336912
7,28,2200,90,50,0,61,9,230.0,0.0
3,28,1900,90,47,0,139,8,170.0,0.0
10,28,2000,90,36,1,39,16,278.0,219.87059871992247
3,28,1700,90,43,0,83,8,132.0,0.0
5,28,2800,90,40,1,139,26,450.0,399.8675111066765
3,28,2500,90,45,0,165,12,338.0,0.0
7,28,2700,90,45,1,91,15,296.0,420.28442834718277
8,28,3000,90,37,0,103,27,510.0,0.0
9,28,2000,90,44,0,75,15,356.0,0.0
5,28,1900,90,38,0,99,10,232.0,0.0
5,28,2900,90,41,1,107,27,356.0,508.79738137754345
10,28,1500,90,50,1,29,2,58.0,28.606782921813277
10,28,3000,90,35,1,59,27,442.0,425.0493238243042
5,28,2500,90,49,0,131,13,284.0,0.0
5,28,1900,90,50,0,159,9,196.0,0.0
4,28,1600,90,43,1,45,9,136.0,171.97473633097084
5,28,1800,90,41,1,79,5,136.0,80.93532707215704
4,28,1800,90,43,0,103,10,264.0,0.0
8,28,2900,90,46,0,163,17,690.0,0.0
9,28,2300,85,45,0,127,7,186.0,0.0
4,28,2000,85,47,1,81,9,192.0,135.39184513235526
3,28,1900,85,41,0,179,13,212.0,0.0
6,28,2400,85,45,1,95,13,270.0,177.97987953295936
4,28,1800,85,35,1,87,20,230.0,265.4526189988349
8,28,1500,85,38,0,83,12,220.0,0.0
4,28,2900,85,43,1,117,24,318.0,477.12348709483877
5,28,1600,85,38,1,33,5,64.0,42.69537993307933
5,28,2200,85,38,1,109,21,308.0,282.42013389126015
5,28,1600,85,50,0,61,5,124.0,0.0
7,28,1500,85,43,0,49,4,78.0,0.0
4,28,1900,85,43,1,89,11,156.0,219.11663056646847
3,28,2200,85,45,0,131,10,324.0,0.0
7,28,1600,85,43,0,31,7,142.0,0.0
10,28,2500,85,44,1,91,18,380.0,420.04580005499787
3,28,2600,85,36,0,197,24,564.0,0.0
10,28,2600,85,43,1,93,15,378.0,355.3126497028548
4,28,1800,85,43,1,71,14,172.0,223.46851916850218
3,28,2500,85,47,0,151,13,338.0,0.0
3,28,2800,85,39,1,163,27,378.0,484.68087253209853
5,28,2000,85,46,1,35,6,94.0,76.69852522835568
8,28,2100,85,43,0,57,8,154.0,0.0
4,28,1800,85,41,0,69,11,142.0,0.0
10,28,2700,85,50,0,89,15,382.0,0.0
5,28,3000,85,38,0,167,25,484.0,0.0
4,28,1600,85,40,1,53,7,120.0,84.60522829951415
4,28,2700,85,44,0,241,16,528.0,0.0
8,28,3000,85,37,1,85,24,466.0,415.1688998461421
8,28,2100,85,37,1,89,22,326.0,407.9995767055729
4,28,1500,85,39,1,57,8,140.0,214.21164881564147
7,28,2700,85,44,0,151,21,562.0,0.0
7,28,2600,85,43,1,89,16,372.0,298.4490775144697
3,28,2400,85,49,0,131,11,290.0,0.0
6,28,1500,85,41,1,49,7,106.0,174.9852179816482
5,28,2400,85,49,0,129,11,322.0,0.0
3,28,1900,85,47,0,93,9,132.0,0.0
5,28,2100,85,43,0,101,9,244.0,0.0
6,28,2400,85,49,0,75,8,230.0,0.0
4,28,2400,85,39,1,103,23,314.0,519.91627147117
8,28,2000,85,45,1,107,16,154.0,182.16487152202765
7,28,2700,85,50,1,97,17,360.0,460.2095180801236
4,28,1500,85,38,1,131,7,162.0,107.72253107152163
9,28,2900,85,38,1,85,27,526.0,446.9352488601342
10,28,1600,85,42,0,25,3,26.0,0.0
7,28,1600,85,41,0,25,3,50.0,0.0
8,28,2500,85,46,0,95,14,364.0,0.0
5,28,1700,85,37,0,131,14,352.0,0.0
3,28,2500,85,41,1,139,25,276.0,366.2169781127757
4,28,3000,85,47,0,213,20,492.0,0.0
6,28,3000,85,49,1,163,13,328.0,210.25571568359248
7,28,1700,85,46,1,51,6,92.0,75.90484901172336
3,28,2500,85,46,1,169,16,298.0,280.884098316632
7,28,1600,85,50,0,31,2,62.0,0.0
9,28,1700,85,37,0,63,11,236.0,0.0
9,28,1600,85,43,1,39,8,126.0,100.6774591157999
10,28,1600,85,44,0,55,4,80.0,0.0
4,28,2200,85,44,0,123,12,194.0,0.0
6,28,1800,85,49,1,45,3,76.0,35.387084116600036
8,28,1700,85,43,0,163,8,196.0,0.0
9,28,1500,85,37,0,57,6,108.0,0.0
8,28,3000,85,36,1,167,27,548.0,340.2547395681177
6,28,1500,85,41,1,45,4,74.0,66.83203351755651
9,28,2700,85,47,1,153,19,386.0,215.5329763696366
10,28,2400,85,45,0,47,9,272.0,0.0
9,28,2200,85,48,1,89,12,284.0,368.3974779696353
7,28,1500,85,36,1,49,13,148.0,134.17826549197684
8,28,1900,85,37,0,65,9,188.0,0.0
9,28,1800,85,46,0,23,3,66.0,0.0
9,28,2100,85,38,1,73,14,260.0,244.77350914452308
6,28,2800,85,47,1,153,19,408.0,293.012216632617
3,28,2200,85,49,0,151,12,292.0,0.0
8,28,1500,85,38,0,53,8,170.0,0.0
6,28,2200,85,41,1,63,11,166.0,210.5635066711552
5,28,2900,85,37,1,123,27,420.0,419.55256990924164
3,28,1900,85,36,0,171,11,268.0,0.0
5,28,2400,85,47,0,87,8,252.0,0.0
5,28,2900,85,39,0,201,24,684.0,0.0
3,28,2100,85,41,1,115,21,278.0,333.8949660828271
5,28,3000,85,50,1,101,21,404.0,496.5919284913512
10,28,2800,85,40,1,109,24,532.0,323.11130821226465
7,28,2700,85,50,0,133,18,390.0,0.0
8,28,2000,85,35,0,103,17,262.0,0.0
9,28,1700,85,35,1,37,9,146.0,96.01865967144755
10,28,1700,85,36,1,59,15,204.0,150.13225622047887
5,28,2000,85,39,1,113,19,276.0,459.47661664212046
10,28,2900,85,42,0,111,20,506.0,0.0
7,28,2900,85,44,0,153,18,460.0,0.0
7,28,2300,85,35,0,131,19,440.0,0.0
6,28,2500,85,39,1,95,17,386.0,417.82093008466586
8,28,1900,85,47,0,107,6,146.0,0.0
6,28,2100,85,36,1,107,13,290.0,135.68080655353697
9,28,3000,85,36,0,169,25,722.0,0.0
10,28,2600,85,36,1,87,20,404.0,334.69429320972193
10,28,1500,85,42,0,83,10,164.0,0.0
10,28,1600,85,37,1,39,8,72.0,77.13086702520567
9,28,2400,85,36,1,89,21,364.0,283.7936452354504
9,28,1900,85,38,1,43,15,166.0,182.28374970943958
7,28,1600,80,35,0,31,2,60.0,0.0
3,28,2500,85,48,0,127,9,230.0,0.0
7,28,2100,85,50,0,97,5,134.0,0.0
5,28,2900,80,46,1,107,18,450.0,241.0630911327911
4,28,2200,85,48,0,145,11,176.0,0.0
8,28,2400,80,35,0,139,22,596.0,0.0
6,28,1600,80,39,0,63,10,190.0,0.0
4,28,2500,80,41,1,187,26,504.0,526.1834001584944
6,28,2600,80,47,1,135,16,378.0,279.42100602412484
4,28,3000,80,47,1,97,12,300.0,127.50325952685309
9,28,1600,80,46,1,47,12,116.0,118.75074582041691
5,28,3000,80,46,0,209,17,486.0,0.0
3,28,2400,80,35,1,109,25,262.0,354.3960672746368
8,28,1600,80,42,1,81,10,170.0,148.88051359530925
10,28,1700,80,35,1,63,10,166.0,149.34365299864683
5,28,2100,80,46,0,145,10,224.0,0.0
7,28,2400,80,47,0,133,16,366.0,0.0
8,28,2700,80,40,0,97,22,474.0,0.0
10,28,1500,80,48,0,27,4,86.0,0.0
3,28,1600,80,35,1,85,12,188.0,137.47895679800703
6,28,1900,80,37,0,35,7,162.0,0.0
9,28,2600,80,36,1,97,12,370.0,183.78329882404756
4,28,2700,80,36,1,155,27,394.0,343.09961321172506
7,28,2500,80,39,1,137,22,598.0,488.71847225185
3,28,1500,80,35,0,89,10,144.0,0.0
6,28,1700,80,50,0,81,7,106.0,0.0
7,28,2300,80,36,0,87,19,378.0,0.0
6,28,2300,80,38,1,131,16,380.0,310.00069582209284
4,28,2100,80,41,0,117,10,188.0,0.0
7,28,2700,80,47,1,85,14,292.0,252.58650917416549
3,28,2600,80,41,0,181,17,440.0,0.0
5,28,1700,80,50,1,31,5,84.0,71.18168516686481
10,28,1900,80,50,0,67,10,222.0,0.0
9,28,2400,80,36,0,123,20,446.0,0.0
9,28,2400,80,40,1,71,19,280.0,283.28929750950346
10,28,2300,80,43,0,87,11,256.0,0.0
9,28,2700,80,42,1,65,21,286.0,272.7442548451728
6,28,2000,80,45,1,95,15,214.0,365.55012699332843
8,28,2500,80,39,1,97,22,478.0,548.7190042121055
7,28,2300,80,38,0,115,13,318.0,0.0
7,28,3000,80,39,1,155,23,468.0,430.5801510060044
10,28,1900,80,41,0,87,12,258.0,0.0
10,28,1800,80,48,0,69,10,170.0,0.0
9,28,2400,80,45,1,81,17,296.0,392.7028014210058
4,28,2300,80,41,0,129,14,374.0,0.0
4,28,3000,80,35,1,97,26,348.0,404.40267823369516
8,28,1700,80,44,1,57,10,120.0,280.6360924335029
5,28,1900,80,48,1,67,4,100.0,155.79438616722905
7,28,2200,80,41,0,81,14,238.0,0.0
10,28,2800,80,44,0,95,17,454.0,0.0
8,28,1600,80,49,1,47,7,96.0,79.51155968341386
4,28,2300,80,41,0,221,16,450.0,0.0
8,28,2300,80,37,0,83,16,288.0,0.0
5,28,1500,80,48,0,59,7,112.0,0.0
9,28,2800,80,40,1,69,24,398.0,359.64989269945676
5,28,2800,80,49,1,119,20,270.0,309.81073517267515
10,28,1700,80,46,1,67,6,126.0,89.74190153830725
7,28,2100,80,45,0,115,14,272.0,0.0
8,28,2500,80,50,1,55,10,206.0,249.9167371862514
10,28,2400,80,49,0,69,7,210.0,0.0
3,28,2900,80,45,0,255,23,678.0,0.0
9,28,1500,80,43,1,29,7,82.0,69.94021724747563
8,28,2700,80,39,1,95,25,544.0,515.6650378002413
7,28,2700,80,49,0,105,8,208.0,0.0
10,28,2800,80,44,1,89,23,500.0,488.77069939474035
8,28,1700,80,37,0,61,7,148.0,0.0
5,28,3000,80,47,0,119,20,418.0,0.0
7,28,2200,80,49,0,155,14,418.0,0.0
10,28,2500,80,47,1,91,8,268.0,122.80521115730423
10,28,2600,80,37,0,103,23,470.0,0.0
3,28,2300,80,38,1,121,17,296.0,246.91893319234381
8,28,2400,80,41,1,85,19,346.0,427.3523765589519
4,28,2300,80,42,0,89,13,258.0,0.0
3,28,2900,80,43,0,189,17,436.0,0.0
3,28,2300,80,50,1,79,11,178.0,171.8985064533348
10,28,2800,80,46,0,103,14,422.0,0.0
4,28,2900,80,47,1,147,23,456.0,485.73517008081126
8,28,2900,80,38,1,113,24,490.0,447.7196227086196
4,28,1700,80,46,0,65,7,160.0,0.0
10,28,1500,80,48,0,49,4,50.0,0.0
5,28,2600,80,47,1,89,12,246.0,220.80855051940983
5,28,2400,80,41,1,99,15,328.0,300.4812782202209
10,28,2000,80,42,0,71,10,172.0,0.0
5,28,2900,80,43,0,167,21,576.0,0.0
4,28,1600,80,41,1,113,8,196.0,145.3315969005919
8,28,2100,80,41,1,77,13,272.0,228.12303717818224
9,28,2800,80,49,1,79,11,246.0,134.31221928344104
7,28,2800,80,43,0,157,15,504.0,0.0
9,28,2200,80,49,0,97,6,140.0,0.0
4,28,2100,80,40,0,143,12,244.0,0.0
9,28,1700,80,36,1,43,4,108.0,61.289071437413845
5,28,1600,80,35,1,79,8,96.0,56.745723428240765
3,28,2300,80,40,1,131,22,284.0,323.8595187958075
7,28,2000,80,35,1,71,13,214.0,117.80491303231891
5,28,2400,80,49,0,133,12,254.0,0.0
6,28,2500,80,49,0,137,11,276.0,0.0
8,28,3000,80,40,0,173,26,668.0,0.0
3,28,2100,80,42,1,63,11,102.0,162.13982635311484
6,28,3000,80,49,0,117,20,582.0,0.0
9,28,2400,80,47,0,89,12,222.0,0.0
10,28,2900,80,48,1,75,17,312.0,399.2045052264737
6,28,1900,80,49,0,59,4,98.0,0.0
7,28,2300,80,48,1,63,12,188.0,297.66117740413864
9,28,2600,75,36,0,101,22,470.0,0.0
6,28,2200,75,39,1,125,16,282.0,389.39546151404033
8,28,1500,75,41,1,35,4,66.0,56.46675503645477
9,28,2100,75,39,1,41,7,186.0,250.76475644396146
6,28,2500,75,45,0,83,6,132.0,0.0
5,28,2000,75,47,0,39,4,108.0,0.0
8,28,2200,75,50,1,113,9,234.0,252.7806017938437
5,28,2000,75,38,0,69,12,180.0,0.0
10,28,1900,75,43,0,29,4,84.0,0.0
6,28,2500,75,45,1,117,14,236.0,283.2520046025502
8,28,2000,75,42,1,63,11,200.0,167.5103685800264
9,28,1800,75,39,0,61,9,150.0,0.0
3,28,2500,75,35,1,197,19,398.0,189.49575563343282
9,28,2100,75,38,0,81,15,350.0,0.0
8,28,2600,75,36,1,141,24,476.0,313.8077039149175
9,28,1900,75,40,0,65,9,190.0,0.0
6,28,1800,75,46,0,61,6,88.0,0.0
10,28,3000,75,48,1,101,16,412.0,514.4653897484924
10,28,2500,75,39,1,97,19,388.0,502.0939945247655
7,28,2800,75,42,0,123,18,418.0,0.0
5,28,2200,75,36,1,111,21,326.0,266.35007801543395
6,28,1700,75,40,0,33,5,66.0,0.0
10,28,2000,75,41,0,99,7,150.0,0.0
3,28,2800,75,47,1,121,22,340.0,402.5471404682917
4,28,3000,75,46,1,113,24,370.0,421.1086079231974
9,28,1700,75,35,0,51,9,174.0,0.0
3,28,1500,75,35,1,53,8,116.0,82.10132072474002
3,28,2100,75,37,0,109,11,190.0,0.0
7,28,2900,75,43,1,115,23,482.0,390.27349053729984
8,28,2500,75,50,1,107,9,218.0,225.3835111065791
3,28,2100,75,38,1,119,14,184.0,156.27589951578008
10,28,1600,75,50,0,61,5,120.0,0.0
4,28,2900,75,48,0,193,16,534.0,0.0
5,28,1700,75,42,0,93,12,186.0,0.0
3,28,2500,75,37,1,121,26,306.0,310.3428499612622
3,28,2600,75,36,0,183,23,416.0,0.0
3,28,2900,75,45,1,237,23,450.0,541.8052140480341
10,28,2700,75,46,0,103,18,470.0,0.0
8,28,1600,75,48,1,63,6,122.0,205.6562797724619
10,28,2300,75,35,1,63,21,328.0,301.43595444678056
8,28,2300,75,42,0,65,10,222.0,0.0
8,28,2400,75,49,1,65,14,242.0,183.63790326953873
5,28,2500,75,35,1,87,21,328.0,242.56395751944413
5,28,2100,75,41,0,105,13,268.0,0.0
7,28,2800,75,36,0,151,24,470.0,0.0
5,28,2500,75,35,0,167,20,532.0,0.0
6,28,2500,75,40,1,137,15,342.0,167.8763386043005
8,28,2200,75,44,0,87,12,246.0,0.0
5,28,1800,75,44,1,49,7,112.0,162.00224908150685
8,28,2500,75,40,0,83,12,358.0,0.0
8,28,2500,75,38,0,141,16,376.0,0.0
3,28,2600,75,48,1,107,13,250.0,348.08825782404983
4,28,2000,75,46,1,87,13,260.0,153.24435956241499
4,28,2600,75,36,1,127,26,358.0,270.2353721499586
10,28,2500,75,39,0,91,20,434.0,0.0
9,28,2700,75,37,0,107,20,482.0,0.0
5,28,2700,75,41,0,141,15,342.0,0.0
9,28,1600,75,39,1,63,9,182.0,174.77491753103317
3,28,2300,75,40,1,117,17,248.0,194.5013697909019
5,28,2200,75,42,0,75,9,148.0,0.0
10,28,2200,75,37,1,85,18,384.0,328.13559378170214
7,28,2500,75,45,1,47,9,136.0,133.31124490771964
8,28,2600,75,47,0,125,10,306.0,0.0
5,28,3000,75,42,1,99,25,414.0,554.370214467588
9,28,2400,75,39,0,47,15,274.0,0.0
9,28,2700,75,50,0,97,14,472.0,0.0
6,28,2900,75,48,1,91,19,304.0,464.87004821220626
6,28,2700,75,49,0,101,13,378.0,0.0
7,28,1700,75,50,1,31,4,58.0,72.63760448180417
4,28,2600,75,45,0,191,17,424.0,0.0
10,28,2600,75,38,0,123,23,632.0,0.0
10,28,1800,75,46,1,59,5,128.0,60.604241833876166
4,28,2100,75,43,0,63,6,140.0,0.0
5,28,1800,75,45,1,89,3,90.0,103.56314542424903
10,28,1600,75,49,1,99,7,162.0,86.19597282316566
7,28,2200,75,44,1,75,12,220.0,341.17660439245475
5,28,2000,75,36,0,77,12,244.0,0.0
7,28,1500,75,40,0,29,4,54.0,0.0
4,28,2300,75,45,0,141,15,370.0,0.0
3,28,1900,75,35,1,117,15,308.0,145.0601694377244
7,28,2400,75,50,1,57,12,184.0,315.89810817727334
3,28,2300,75,47,0,153,14,364.0,0.0
6,28,2200,75,49,1,53,12,220.0,172.09496597291812
8,28,2600,75,40,1,69,21,356.0,347.28169544523143
5,28,2100,75,41,0,103,9,304.0,0.0
7,28,2700,75,42,0,233,18,572.0,0.0
6,28,2400,75,50,1,85,12,214.0,335.60282753884974
5,28,2700,75,36,1,97,24,358.0,358.7925425659965
7,28,1600,75,47,0,31,2,52.0,0.0
6,28,2900,75,41,0,193,19,580.0,0.0
4,28,2900,75,42,1,135,26,430.0,613.8583350892764
6,28,2400,75,42,1,97,19,216.0,299.8981167343498
9,28,2100,75,43,0,75,6,126.0,0.0
6,28,2600,75,43,0,149,20,492.0,0.0
10,28,2400,75,45,0,69,13,258.0,0.0
4,28,2900,75,41,1,113,27,352.0,326.5003659814396
6,28,2900,75,37,1,83,26,408.0,476.5775583472905
7,28,2700,75,38,0,151,20,550.0,0.0
10,28,2600,70,38,1,101,23,460.0,400.741171598791
7,28,1600,75,47,1,31,3,58.0,43.52009958921035
9,28,2000,75,47,0,75,12,236.0,0.0
9,28,1800,70,42,0,33,7,92.0,0.0
4,28,2500,70,47,1,75,18,264.0,310.5942358674371
10,28,2300,70,35,0,135,16,304.0,0.0
4,28,1700,70,35,0,57,7,170.0,0.0
6,28,1900,70,39,1,87,10,128.0,245.90072284324157
10,28,2600,70,45,0,143,15,570.0,0.0
6,28,1500,70,42,1,103,8,150.0,171.6339508376069
3,28,2600,70,47,1,113,14,270.0,184.61244836757356
7,28,1700,70,37,0,31,3,52.0,0.0
5,28,2700,70,39,1,111,22,334.0,519.9209542694973
6,28,3000,70,45,0,155,21,644.0,0.0
8,28,2000,70,45,0,105,12,212.0,0.0
10,28,1700,70,39,1,67,8,190.0,235.33531775274662
6,28,1800,70,42,0,69,11,150.0,0.0
8,28,1700,70,49,1,65,2,66.0,32.142001259709495
10,28,1800,70,41,0,63,7,154.0,0.0
4,28,2800,70,45,1,147,13,356.0,221.33075433551468
6,28,1600,70,43,0,55,5,100.0,0.0
3,28,2800,70,49,1,165,21,364.0,284.661295029428
9,28,2700,70,36,0,149,25,630.0,0.0
8,28,1600,70,38,1,53,7,94.0,55.941379419469385
8,28,2100,70,45,0,81,6,156.0,0.0
6,28,2000,70,47,1,51,8,128.0,96.48330066464376
8,28,2000,70,39,0,73,11,204.0,0.0
7,28,2600,70,37,1,103,17,396.0,314.849797647989
8,28,1900,70,45,1,43,4,82.0,81.31796151370136
10,28,3000,70,40,0,107,18,554.0,0.0
7,28,2000,70,45,1,75,10,192.0,273.47857430485783
7,28,2100,70,42,1,73,10,166.0,143.79002687016373
9,28,2000,70,37,1,57,15,246.0,250.12473177995588
3,28,1800,70,45,0,59,6,120.0,0.0
10,28,2300,70,39,1,127,17,370.0,347.1778314176405
9,28,1700,70,49,0,33,5,64.0,0.0
9,28,2500,70,44,0,93,14,278.0,0.0
9,28,2000,70,38,0,109,17,302.0,0.0
4,28,2700,70,43,1,137,21,426.0,403.78522043190037
3,28,2000,70,36,0,105,13,234.0,0.0
10,28,2900,70,50,1,161,14,478.0,463.6657645806147
8,28,2300,70,38,1,121,14,390.0,249.11823375208598
7,28,1800,70,44,1,63,8,160.0,214.2411018171543
5,28,2000,70,46,0,67,8,204.0,0.0
4,28,2800,70,50,0,109,12,340.0,0.0
10,28,1600,70,39,1,53,8,152.0,234.56236023209507
4,28,2200,70,50,0,43,6,88.0,0.0
6,28,2200,70,50,0,113,11,266.0,0.0
9,28,1700,70,42,1,27,2,42.0,13.339577474860013
10,28,2300,70,36,0,117,18,474.0,0.0
10,28,2100,70,42,1,51,6,132.0,92.23027683971857
10,28,2400,70,47,0,45,10,194.0,0.0
5,28,1600,70,38,1,83,10,174.0,71.00730839295129
7,28,1900,70,36,1,73,15,328.0,145.3623824654085
7,28,2100,70,44,0,73,5,140.0,0.0
8,28,2100,70,37,1,83,13,296.0,176.0963741821441
4,28,2400,70,41,1,111,15,336.0,234.17120657263095
4,28,1800,70,44,0,61,5,114.0,0.0
10,28,2900,70,42,0,103,20,442.0,0.0
8,28,1600,70,47,0,31,4,110.0,0.0
5,28,2600,70,37,1,83,24,348.0,444.0680637404583
4,28,2200,70,37,1,103,18,268.0,286.5300626173906
4,28,2300,70,41,0,107,8,250.0,0.0
3,28,2300,70,41,0,115,11,234.0,0.0
8,28,2700,70,46,1,87,14,228.0,231.08931439728278
8,28,1800,70,49,0,69,6,170.0,0.0
4,28,2600,70,35,1,193,26,416.0,373.1090793170624
3,28,1900,70,44,0,37,4,98.0,0.0
3,28,2100,70,45,1,147,14,254.0,224.30581210580107
4,28,2000,70,40,0,91,10,224.0,0.0
7,28,2900,70,40,0,111,20,540.0,0.0
10,28,2100,70,41,1,41,5,96.0,81.47617456611943
6,28,1700,70,44,1,63,9,156.0,163.09787250138228
6,28,2500,70,43,1,97,17,382.0,354.6777312382419
3,28,2100,70,36,1,91,13,238.0,166.46911401038028
8,28,2500,70,36,0,183,24,634.0,0.0
10,28,2900,70,37,1,105,28,600.0,515.0529089940891
7,28,1900,70,46,0,67,6,164.0,0.0
3,28,1800,70,41,1,73,9,110.0,122.86176170982209
4,28,1800,70,42,0,65,6,118.0,0.0
9,28,2500,70,41,0,91,21,460.0,0.0
5,28,2000,70,35,1,77,13,212.0,143.84494551199188
8,28,2700,70,41,0,161,16,454.0,0.0
6,28,2800,70,43,0,207,20,632.0,0.0
8,28,1600,70,40,1,43,4,82.0,72.27424449051358
5,28,1600,70,35,1,61,12,120.0,146.38134406539086
5,28,2600,70,38,0,183,19,490.0,0.0
9,28,2100,70,40,0,63,9,214.0,0.0
6,28,2300,70,50,1,95,12,208.0,233.1015044530381
9,28,1600,70,40,0,89,7,174.0,0.0
6,28,1500,70,38,1,17,1,18.0,11.694516107500572
5,28,2000,70,43,0,73,7,140.0,0.0
3,28,2000,70,41,1,111,10,214.0,188.02658837996222
4,28,2900,70,41,0,185,22,614.0,0.0
3,28,1600,70,45,1,53,2,54.0,43.88016212955101
10,28,2400,70,41,0,119,9,280.0,0.0
6,28,2900,70,46,0,97,12,352.0,0.0
7,28,2000,70,38,1,111,10,208.0,117.46862655252745
10,28,1800,70,43,1,45,5,80.0,69.74765995245217
5,28,2300,65,36,0,131,9,178.0,0.0
3,28,1800,70,48,1,75,6,110.0,175.69044979813717
10,28,2500,70,45,0,105,12,358.0,0.0
9,28,2300,70,48,0,87,6,220.0,0.0
8,28,2300,65,46,1,69,13,198.0,197.41853788683986
8,28,1800,65,43,0,35,5,68.0,0.0
3,28,2700,65,49,1,167,13,298.0,301.6036761229193
6,28,2200,65,35,0,111,14,366.0,0.0
10,28,1600,65,36,1,31,6,102.0,45.94150362121493
4,28,1500,65,44,0,23,3,44.0,0.0
9,28,2700,65,49,1,93,10,258.0,179.53699403228825
8,28,1700,65,44,1,39,3,54.0,69.45403155131741
10,28,2200,65,39,1,87,16,400.0,404.22779843461575
9,28,2900,65,37,0,151,25,646.0,0.0
8,28,1600,65,45,0,63,6,148.0,0.0
8,28,1700,65,45,0,33,4,58.0,0.0
3,28,2400,65,45,1,129,13,222.0,252.97423392125594
8,28,1700,65,35,0,87,9,178.0,0.0
3,28,1600,65,50,1,53,4,54.0,115.50625428360911
4,28,2400,65,43,1,175,11,278.0,196.98222088770507
8,28,3000,65,39,1,75,24,406.0,570.4593182967391
8,28,1700,65,40,0,51,5,110.0,0.0
7,28,2800,65,38,1,115,22,482.0,347.44486687455066
3,28,2600,65,44,1,245,22,516.0,410.28933236402133
4,28,2500,65,36,0,195,19,534.0,0.0
10,28,2700,65,36,0,197,22,568.0,0.0
5,28,2100,65,39,1,83,13,216.0,226.42796754558955
5,28,2400,65,41,1,67,11,198.0,160.3818157686512
7,28,2700,65,42,0,131,16,432.0,0.0
9,28,3000,65,47,0,115,15,538.0,0.0
10,28,2400,65,50,0,43,8,122.0,0.0
8,28,2200,65,38,1,83,18,270.0,249.82839169243795
4,28,2900,65,41,0,165,16,488.0,0.0
7,28,1800,65,40,0,95,9,208.0,0.0
6,28,3000,65,44,1,155,20,476.0,528.0315320969888
4,28,2000,65,44,1,153,11,290.0,262.6381319497926
4,28,2600,65,46,0,135,10,244.0,0.0
5,28,2300,65,42,1,85,10,280.0,101.89321773954529
7,28,1900,65,38,1,137,10,224.0,127.09718192684834
4,28,2400,65,42,0,129,12,328.0,0.0
3,28,1600,65,42,0,61,5,126.0,0.0
8,28,1700,65,37,1,65,11,132.0,149.50345379610945
3,28,1900,65,40,0,65,6,138.0,0.0
8,28,2100,65,44,1,81,12,252.0,308.20044972256625
5,28,1600,65,48,1,53,3,86.0,103.96582884030254
5,28,1800,65,39,0,119,9,216.0,0.0
7,28,2200,65,37,0,127,13,416.0,0.0
6,28,2200,65,47,1,81,10,224.0,248.18896734812404
4,28,2900,65,50,0,105,14,352.0,0.0
8,28,2200,65,36,0,81,16,334.0,0.0
8,28,2100,65,42,0,121,12,304.0,0.0
5,28,2700,65,41,1,73,17,316.0,418.10667135749685
5,28,1900,65,44,1,71,10,166.0,201.80117185335502
8,28,3000,65,45,0,105,14,460.0,0.0
6,28,2600,65,36,1,145,23,520.0,309.61327617344455
4,28,1800,65,39,1,53,7,106.0,109.91545414588764
9,28,2200,65,36,1,77,17,328.0,176.9455278131569
10,28,1800,65,49,0,99,9,132.0,0.0
10,28,1500,65,37,1,35,4,66.0,34.895595129990554
10,28,1800,65,48,0,65,7,128.0,0.0
9,28,2200,65,45,1,71,10,206.0,228.4614774588358
8,28,2300,65,36,0,89,15,434.0,0.0
10,28,2900,65,45,0,127,16,550.0,0.0
7,28,2400,65,50,1,115,7,184.0,181.64476332181542
9,28,2700,65,48,0,139,12,422.0,0.0
4,28,2200,65,47,1,125,9,288.0,109.1837208072545
8,28,2800,65,40,0,97,21,404.0,0.0
4,28,2700,65,40,0,205,18,462.0,0.0
6,28,1800,65,40,1,79,8,176.0,95.65829591688919
5,28,1900,65,42,1,75,10,196.0,213.21355597521026
9,28,2500,65,49,1,69,11,194.0,106.44765181427078
8,28,1500,65,40,0,99,12,230.0,0.0
7,28,2000,65,47,0,39,7,140.0,0.0
5,28,2500,65,43,1,83,12,190.0,191.06491817190428
6,28,2900,65,43,0,139,19,510.0,0.0
3,28,2300,65,43,1,103,20,236.0,440.539420145316
5,28,1900,65,44,0,161,6,162.0,0.0
6,28,1600,65,47,1,29,3,70.0,41.348803835520634
3,28,2600,65,39,0,195,13,280.0,0.0
5,28,3000,65,39,1,103,25,434.0,453.4111046526944
4,28,2200,65,40,1,75,10,128.0,93.03681058648583
4,28,1500,65,49,0,71,4,72.0,0.0
8,28,1900,65,46,1,63,8,126.0,99.11580629706953
3,28,2800,65,40,0,203,22,488.0,0.0
3,28,2700,65,46,0,195,15,408.0,0.0
6,28,2500,65,48,0,97,6,160.0,0.0
8,28,2800,65,36,1,105,19,396.0,187.4420852286392
3,28,2300,65,49,1,159,13,230.0,226.84784883360496
9,28,2400,65,37,1,125,15,394.0,247.24225640635868
9,28,1700,65,38,1,57,9,178.0,152.63065174370098
8,28,1700,65,41,0,91,4,92.0,0.0
4,28,2800,65,38,0,209,18,558.0,0.0
10,28,2800,65,48,0,107,14,362.0,0.0
10,28,1700,65,43,1,29,2,50.0,44.17787128251922
4,28,2200,65,49,0,111,7,226.0,0.0
3,28,3000,65,48,1,157,17,450.0,305.31965514278215
6,28,2700,65,43,0,107,16,470.0,0.0
9,28,1700,65,45,1,51,5,78.0,79.66201682819631
9,28,2200,65,36,0,85,15,330.0,0.0
5,28,2600,60,36,1,83,25,332.0,407.88205109938644
3,28,1600,65,50,1,117,6,142.0,113.23695077460711
8,28,2300,65,50,0,83,6,166.0,0.0
4,28,2900,65,49,0,211,17,424.0,0.0
7,28,2200,65,50,1,79,8,238.0,195.83112557902584
3,28,2300,60,39,1,211,14,332.0,329.12645413688955
8,28,1800,60,40,0,105,6,140.0,0.0
9,28,2400,60,41,0,75,10,298.0,0.0
5,28,2100,60,42,1,87,12,238.0,275.5557548082794
7,28,2500,60,49,1,77,11,246.0,97.80931304435379
6,28,1700,60,42,0,63,5,122.0,0.0
8,28,2200,60,36,0,125,13,348.0,0.0
9,28,2200,60,36,0,121,21,418.0,0.0
7,28,2900,60,40,1,159,20,524.0,313.2947232114419
6,28,2600,60,40,1,95,20,308.0,424.2483372803555
9,28,1900,60,48,0,37,4,128.0,0.0
4,28,2800,60,50,1,195,14,358.0,310.87602109574334
5,28,2100,60,42,0,119,8,268.0,0.0
7,28,1500,60,35,1,29,5,86.0,78.79535783061922
10,28,3000,60,36,1,227,25,722.0,415.19049786668626
3,28,2200,60,44,0,71,6,116.0,0.0
10,28,2100,60,49,0,63,4,102.0,0.0
5,28,2600,60,35,0,147,21,588.0,0.0
9,28,2700,60,49,0,73,8,224.0,0.0
5,28,2900,60,43,1,107,25,448.0,561.0100958772764
4,28,2000,60,44,1,77,11,216.0,277.78320617255696
8,28,2700,60,35,1,95,21,466.0,257.51163624339193
3,28,2900,60,42,1,163,21,386.0,348.410202434278
6,28,2200,60,44,1,43,3,74.0,62.989673933329925
6,28,2500,60,38,0,177,14,360.0,0.0
6,28,2200,60,47,0,73,7,178.0,0.0
9,28,2200,60,35,0,43,19,296.0,0.0
10,28,2800,60,37,0,163,19,598.0,0.0
6,28,2400,60,41,1,91,9,268.0,173.92167583557938
7,28,2100,60,46,1,69,8,150.0,87.11880305376874
7,28,1700,60,40,0,61,6,116.0,0.0
5,28,2700,60,44,1,135,17,364.0,389.9545636352365
6,28,1900,60,41,0,53,7,126.0,0.0
7,28,2800,60,39,1,67,23,400.0,488.20260410806833
5,28,2000,60,43,1,59,5,94.0,81.2953472861919
3,28,1700,60,48,0,91,6,108.0,0.0
5,28,1800,60,48,0,21,2,22.0,0.0
4,28,1500,60,40,0,35,3,66.0,0.0
10,28,2000,60,48,1,61,6,142.0,194.3931103904166
4,28,2600,60,37,1,137,20,310.0,286.559638316414
3,28,1700,60,42,0,119,9,172.0,0.0
8,28,2200,60,45,1,83,10,252.0,195.46030323367816
9,28,2300,60,41,0,45,9,208.0,0.0
9,28,2300,60,44,1,87,7,124.0,148.0304097584118
8,28,2900,60,35,1,205,26,666.0,416.459459900886
5,28,2400,60,50,1,71,5,162.0,160.00364398885017
5,28,2300,60,36,0,115,9,262.0,0.0
10,28,2600,60,37,0,97,16,402.0,0.0
6,28,1500,60,41,0,27,4,52.0,0.0
9,28,2500,60,44,0,95,11,308.0,0.0
3,28,2100,60,39,1,75,7,128.0,175.67792405811463
8,28,2500,60,49,1,57,8,184.0,86.29106888604163
8,28,2100,60,36,0,41,9,166.0,0.0
7,28,2900,60,35,1,113,26,532.0,344.8353661490522
4,28,2100,60,45,1,73,11,138.0,133.8323726813042
7,28,2100,60,48,0,77,6,114.0,0.0
6,28,2200,60,43,0,79,11,268.0,0.0
9,28,1600,60,47,1,61,3,62.0,43.70640053889234
3,28,2300,60,46,0,161,10,238.0,0.0
3,28,2200,60,43,1,125,11,266.0,226.28846909162763
3,28,1600,60,49,0,55,7,138.0,0.0
3,28,3000,60,45,1,205,18,368.0,370.30816860359
6,28,2100,60,44,1,77,9,206.0,259.69814966931676
6,28,1600,60,40,0,53,4,82.0,0.0
8,28,2900,60,44,1,105,19,366.0,354.12068385079476
6,28,2100,60,43,0,139,9,220.0,0.0
8,28,2300,60,45,0,61,5,146.0,0.0
3,28,2500,60,49,1,127,10,290.0,180.78896114398475
4,28,2200,60,47,0,111,8,234.0,0.0
6,28,2200,60,47,1,57,4,86.0,55.96539098192072
4,28,2700,60,39,0,157,20,438.0,0.0
4,28,2400,60,46,0,83,7,148.0,0.0
7,28,2000,60,41,1,71,7,168.0,116.69584257877165
6,28,2200,60,46,1,55,6,132.0,59.09071134666631
6,28,2400,60,46,1,81,16,244.0,229.0187848530417
10,28,1900,60,50,0,49,6,126.0,0.0
4,28,2300,60,38,0,129,15,338.0,0.0
3,28,3000,60,39,1,111,21,328.0,480.53422756414074
10,28,2300,60,48,0,97,8,298.0,0.0
10,28,3000,60,39,0,167,22,620.0,0.0
4,28,2500,60,42,1,149,17,400.0,218.45809982149555
10,28,1800,60,50,1,63,8,112.0,159.86917419141065
8,28,2100,60,39,1,77,13,226.0,262.18844900530905
8,28,2100,60,45,1,61,10,164.0,107.12286553420473
8,28,2000,60,46,0,97,11,236.0,0.0
3,28,2500,60,45,0,87,9,174.0,0.0
10,28,2700,60,49,0,103,12,284.0,0.0
10,28,1800,60,38,1,63,12,242.0,145.48159224114232
8,28,3000,60,43,1,151,13,510.0,272.1369556858188
10,28,2400,60,46,1,129,10,294.0,154.69860187238896
3,28,2300,60,44,0,113,10,228.0,0.0
10,28,2000,60,41,0,67,5,166.0,0.0
9,28,1900,60,36,1,71,8,138.0,59.57791816207515
10,28,2200,60,38,0,79,13,276.0,0.0
3,28,2900,60,46,0,99,10,246.0,0.0
9,28,1500,60,38,0,29,3,82.0,0.0
7,28,2000,60,37,0,101,13,294.0,0.0
9,28,1800,60,50,1,33,3,60.0,57.545406372757625
6,28,1500,60,50,1,43,2,44.0,65.62980289554079
4,28,1800,55,45,0,29,4,56.0,0.0
10,28,3000,55,37,1,97,25,438.0,442.3571692363161
7,28,2800,55,38,1,103,22,346.0,263.1816987388865
9,28,2200,55,50,1,1,1,2.0,6.0
10,28,1700,55,43,1,63,5,114.0,111.6821135442005
3,28,2600,55,42,0,233,11,334.0,0.0
10,28,2200,55,46,0,85,7,206.0,0.0
5,28,2800,55,38,1,89,20,348.0,279.06154033483887
6,28,2600,55,36,1,83,18,352.0,199.4176117406212
6,28,2300,55,36,0,69,9,146.0,0.0
3,28,1800,55,42,0,83,6,114.0,0.0
3,28,2400,55,42,1,113,12,278.0,249.64760077224668
10,28,1600,55,36,0,31,6,92.0,0.0
8,28,2300,55,38,1,67,13,220.0,164.9028692537952
9,28,2000,55,50,0,55,4,56.0,0.0
8,28,2200,55,41,1,83,15,288.0,283.4001157258703
5,28,3000,55,50,1,153,12,378.0,192.80830371915292
3,28,2800,55,43,0,213,19,490.0,0.0
6,28,1800,55,36,0,59,9,146.0,0.0
4,28,2800,55,47,0,131,12,270.0,0.0
7,28,3000,55,41,0,167,21,626.0,0.0
5,28,3000,55,39,1,169,21,470.0,436.1349424982519
8,28,2500,55,44,1,113,13,368.0,372.95699221009113
5,28,2800,55,45,0,139,12,270.0,0.0
4,28,2000,55,50,0,37,3,92.0,0.0
10,28,1600,55,46,1,57,4,98.0,31.26715016279227
8,28,1900,55,39,0,67,9,188.0,0.0
5,28,2100,55,43,0,173,12,250.0,0.0
9,28,3000,55,47,1,71,19,374.0,321.2648834148451
7,28,2700,55,50,1,65,6,204.0,128.2860317290464
9,28,1800,55,48,0,31,2,60.0,0.0
9,28,2400,55,35,1,91,20,412.0,232.63453794950323
4,28,2700,55,40,1,113,19,266.0,278.5089641486677
5,28,1600,55,40,0,27,3,54.0,0.0
3,28,2100,55,50,1,77,5,152.0,92.21454589775523
9,28,2000,55,50,0,79,4,80.0,0.0
10,28,2800,55,37,0,99,17,588.0,0.0
6,28,2200,55,50,1,77,10,212.0,278.4319458618902
7,28,3000,55,48,1,141,10,448.0,195.85118085824206
10,28,1500,55,39,1,27,6,76.0,107.62483963669773
5,28,2500,55,35,1,91,14,312.0,161.33706305972072
8,28,1700,55,38,0,67,6,162.0,0.0
3,28,2200,55,40,0,279,14,376.0,0.0
9,28,2600,55,37,1,121,20,460.0,265.4530227591753
3,28,1900,55,38,0,137,12,270.0,0.0
3,28,2700,55,50,0,137,9,290.0,0.0
3,28,3000,55,41,1,171,18,342.0,249.77924082924082
6,28,2700,55,42,0,249,13,382.0,0.0
6,28,2900,55,36,1,89,22,390.0,264.61617011340695
3,28,2400,55,37,0,149,14,336.0,0.0
3,28,2900,55,45,0,219,12,422.0,0.0
10,28,2700,55,37,1,103,20,510.0,386.4136001789537
9,28,2400,55,47,1,87,10,198.0,172.34648772957556
10,28,2400,55,43,1,87,11,286.0,191.5833140925996
7,28,1900,55,48,0,73,7,122.0,0.0
4,28,2300,55,41,0,117,12,324.0,0.0
3,28,2400,55,37,1,163,25,364.0,330.99199095437524
3,28,2000,55,43,0,101,6,144.0,0.0
5,28,2500,55,40,0,97,16,328.0,0.0
9,28,3000,55,42,1,103,20,522.0,289.103176008151
4,28,2100,55,50,0,63,3,64.0,0.0
10,28,2400,55,39,1,71,8,184.0,226.32671632431902
5,28,1500,55,41,1,29,2,58.0,41.28559477025106
8,28,2400,55,47,0,93,9,292.0,0.0
6,28,1500,55,37,1,33,5,56.0,48.1972518989197
3,28,2600,55,43,0,99,12,276.0,0.0
5,28,2700,55,37,0,155,16,474.0,0.0
6,28,3000,55,45,1,167,22,466.0,450.5116067110202
5,28,1900,55,45,1,47,3,82.0,63.704922121068535
5,28,1700,55,35,1,73,12,210.0,129.97273656153524
7,28,2500,55,39,1,127,21,492.0,430.9906554502645
10,28,2600,55,41,0,87,14,336.0,0.0
9,28,1700,55,39,0,33,1,34.0,0.0
3,28,2000,55,50,0,61,7,158.0,0.0
4,28,2600,55,35,0,149,21,426.0,0.0
3,28,2000,55,48,1,71,9,172.0,285.77319500332527
6,28,2800,55,41,1,103,14,352.0,290.6875352290212
8,28,2700,55,42,1,99,14,354.0,213.66415064065473
10,28,2500,55,47,0,97,7,270.0,0.0
3,28,2300,55,38,0,201,15,390.0,0.0
5,28,1500,55,37,0,57,3,58.0,0.0
7,28,1900,55,40,1,63,4,114.0,40.762900365583576
8,28,2800,55,48,1,131,11,332.0,304.1185339042293
9,28,3000,55,36,0,111,22,508.0,0.0
8,28,2300,55,41,0,89,11,266.0,0.0
7,28,2600,55,45,1,103,10,336.0,269.89829526929356
7,28,2900,55,48,0,113,15,388.0,0.0
10,28,2200,55,35,1,83,12,324.0,126.62039983012923
3,28,1800,55,49,1,41,5,102.0,71.3553246778481
7,28,3000,55,45,1,115,18,514.0,330.83770820944784
10,28,2700,55,41,0,105,12,376.0,0.0
9,28,2600,55,43,1,65,13,234.0,272.28199033668267
4,28,3000,55,45,0,271,19,614.0,0.0
10,28,2800,55,37,1,155,21,438.0,293.274958031042
3,28,3000,55,37,0,257,22,640.0,0.0
10,28,1800,55,39,0,53,7,124.0,0.0
9,28,1700,55,40,1,79,6,164.0,94.55393724012342
4,28,1500,55,37,0,29,5,56.0,0.0
10,28,1900,50,38,1,41,7,108.0,51.083606514785444
3,28,2400,55,42,1,91,13,176.0,200.00215100573823
10,28,3000,55,48,0,113,15,414.0,0.0
5,28,2700,50,49,0,149,10,328.0,0.0
8,28,3000,50,45,1,111,23,532.0,575.4758864665295
8,28,2800,50,39,0,109,21,628.0,0.0
4,28,1700,50,43,0,73,8,108.0,0.0
4,28,2800,50,40,1,161,14,344.0,175.28040615882492
6,28,2900,50,35,1,121,25,434.0,306.3337789641003
7,28,2900,50,44,0,161,15,504.0,0.0
5,28,2600,50,47,0,89,5,202.0,0.0
3,28,2600,50,38,1,137,16,286.0,232.8625052380756
3,28,2600,50,43,1,131,17,270.0,337.0324702026633
4,28,2700,50,41,0,101,18,238.0,0.0
6,28,2500,50,40,0,151,13,378.0,0.0
9,28,2600,50,40,0,101,12,368.0,0.0
10,28,2100,50,36,1,71,13,218.0,93.59476820037162
6,28,2300,50,50,1,99,8,178.0,173.89141569287062
6,28,2000,50,43,1,65,6,138.0,72.37826330014532
3,28,2800,50,50,0,101,8,200.0,0.0
9,28,1500,50,39,1,25,1,26.0,35.511780506114526
3,28,2000,50,44,1,49,5,124.0,90.05911381334204
10,28,2600,50,49,0,101,8,194.0,0.0
6,28,2400,50,40,1,129,14,462.0,273.25256991604124
6,28,1700,50,36,0,89,7,154.0,0.0
8,28,2800,50,36,1,71,22,390.0,277.21212974779615
10,28,1800,50,46,0,69,5,102.0,0.0
5,28,1700,50,39,0,61,6,96.0,0.0
7,28,2200,50,45,0,155,8,220.0,0.0
3,28,1800,50,45,1,49,5,70.0,68.2630506477566
9,28,2400,50,48,1,109,10,230.0,292.15051061456643
8,28,2100,50,47,0,39,6,120.0,0.0
3,28,2200,50,45,1,71,7,132.0,143.0565829520935
10,28,2200,50,35,1,75,16,286.0,224.47992351454874
9,28,2700,50,36,0,123,16,452.0,0.0
9,28,1500,50,42,1,57,4,114.0,65.889544791072
4,28,2500,50,43,0,121,15,340.0,0.0
8,28,1700,50,47,0,27,1,28.0,0.0
7,28,1500,50,35,1,51,8,112.0,79.35736626211587
3,28,1900,50,38,1,111,9,212.0,93.67249566349972
3,28,2200,50,45,1,61,7,112.0,177.88181047716563
7,28,2200,50,41,1,107,13,298.0,232.61048743897516
7,28,1800,50,43,0,67,6,134.0,0.0
5,28,2100,50,49,0,151,11,316.0,0.0
4,28,1500,50,38,0,65,6,92.0,0.0
6,28,2900,50,47,0,159,16,422.0,0.0
8,28,1900,50,48,1,55,3,88.0,82.50596424051142
7,28,2500,50,50,1,85,9,208.0,198.22403884343714
3,28,1900,50,40,0,27,3,28.0,0.0
10,28,2600,50,50,1,85,11,308.0,388.4467289386306
10,28,1500,50,43,0,29,3,60.0,0.0
3,28,2300,50,45,0,111,7,184.0,0.0
10,28,2100,50,36,1,121,13,314.0,164.4564794465166
10,28,2800,50,45,0,109,12,248.0,0.0
7,28,2100,50,48,1,77,8,188.0,237.20124187339883
9,28,2000,50,48,1,67,3,104.0,54.48650198744523
7,28,3000,50,37,0,175,19,562.0,0.0
9,28,2300,50,42,0,81,13,274.0,0.0
3,28,3000,50,38,1,197,23,448.0,293.1015967836268
4,28,2200,50,40,0,83,10,246.0,0.0
4,28,2000,50,39,1,135,14,272.0,248.92671786458328
9,28,1600,50,48,1,29,1,30.0,38.589128520857784
9,28,2000,50,48,0,37,2,38.0,0.0
3,28,2500,50,36,0,179,16,392.0,0.0
6,28,1600,50,44,1,0,0,0.0,0.0
9,28,2300,50,44,1,69,5,120.0,118.12204720578539
8,28,2800,50,50,0,101,9,302.0,0.0
5,28,2800,50,39,1,161,22,470.0,467.7438033057817
4,28,2700,50,42,0,135,14,358.0,0.0
9,28,1500,50,46,0,45,5,76.0,0.0
3,28,2400,50,47,0,91,10,216.0,0.0
7,28,1500,50,40,1,23,1,24.0,14.68357008075538
7,28,1700,50,47,1,33,4,50.0,80.18309239211675
4,28,2400,50,45,0,113,10,242.0,0.0
6,28,2500,50,43,1,103,11,316.0,268.29518013105866
6,28,2800,50,43,0,163,14,420.0,0.0
7,28,2400,50,45,1,75,6,166.0,124.7386945911644
4,28,1700,50,49,0,29,1,30.0,0.0
3,28,1800,50,35,1,85,13,190.0,171.70614531245545
4,28,1600,50,42,0,21,2,38.0,0.0
8,28,1800,50,35,0,67,5,130.0,0.0
7,28,2000,50,48,0,139,10,198.0,0.0
6,28,2300,50,48,1,73,7,160.0,189.20253248724273
3,28,2700,50,48,1,125,10,250.0,236.3129221143586
7,28,1600,50,45,1,35,3,66.0,42.01629909941982
10,28,2800,50,50,0,109,9,340.0,0.0
4,28,2300,50,37,0,135,12,310.0,0.0
3,28,2200,50,41,0,81,4,150.0,0.0
5,28,2400,50,45,0,71,9,306.0,0.0
4,28,1600,50,49,1,61,5,110.0,98.45986571835662
10,28,2400,50,48,1,77,10,292.0,217.1674813298209
9,28,2100,50,38,1,41,7,170.0,118.79322190467462
10,28,2000,50,49,1,33,7,94.0,45.402388097429565
3,28,2500,50,37,1,167,19,430.0,270.75705782214925
5,28,2100,50,44,0,101,8,216.0,0.0
10,28,3000,50,38,0,109,20,514.0,0.0
6,28,2100,50,37,1,107,17,244.0,227.18274238098766
10,28,1600,50,42,0,49,5,82.0,0.0
10,28,1600,50,42,1,27,4,44.0,88.99260364913978
7,28,2400,50,46,0,131,14,356.0,0.0
5,27,1500,90,42,1,53,5,82.0,88.98010371030324
10,28,2100,50,43,1,57,8,148.0,140.48703514465336
6,28,1700,50,44,0,25,2,46.0,0.0
3,27,1500,90,40,1,29,6,82.0,48.82595407000665
3,27,1800,90,47,0,63,8,148.0,0.0
10,27,2800,90,36,0,55,22,416.0,0.0
8,27,2400,90,45,0,83,11,250.0,0.0
10,27,2100,90,47,1,113,10,312.0,128.2802328961
9,27,2300,90,44,1,63,12,232.0,296.5522652001251
7,27,2200,90,39,1,73,12,200.0,258.33242313364894
10,27,2700,90,49,1,73,12,222.0,124.06277692410123
4,27,2000,90,47,0,61,6,160.0,0.0
10,27,3000,90,46,0,119,20,466.0,0.0
4,27,2000,90,44,0,73,7,150.0,0.0
5,27,1900,90,47,0,105,5,168.0,0.0
3,27,1800,90,50,1,51,8,122.0,143.71478548834506
9,27,2700,90,36,1,85,23,434.0,343.5668459362264
9,27,2400,90,37,0,81,20,418.0,0.0
8,27,3000,90,44,1,97,25,494.0,658.7812434573017
6,27,1500,90,47,1,85,5,114.0,60.56441374763695
9,27,2200,90,36,0,81,17,318.0,0.0
10,27,1700,90,36,0,67,9,176.0,0.0
5,27,2300,90,40,0,135,9,272.0,0.0
3,27,1800,90,47,1,33,3,48.0,44.489096069079686
5,27,2700,90,38,1,91,24,372.0,469.812244907266
10,27,2200,90,43,0,75,10,220.0,0.0
6,27,2700,90,48,1,85,12,316.0,270.87893707148123
3,27,2800,90,41,1,157,24,370.0,419.4499219953942
8,27,2700,90,47,0,151,12,454.0,0.0
7,27,1800,90,43,0,103,9,186.0,0.0
5,27,2800,90,48,0,93,10,262.0,0.0
3,27,2200,90,36,0,125,19,308.0,0.0
3,27,2100,90,37,1,117,18,296.0,264.6381952553596
7,27,2400,90,37,1,125,18,436.0,236.09664959432686
9,27,1900,90,45,1,67,10,196.0,223.31388633968578
5,27,2900,90,45,1,217,24,544.0,406.1717292200372
7,27,2200,90,49,0,73,8,186.0,0.0
5,27,2200,90,42,0,71,14,250.0,0.0
6,27,2500,90,41,0,89,8,232.0,0.0
7,27,3000,90,41,1,133,27,608.0,592.4721593340062
9,27,2100,90,48,1,53,7,130.0,180.1286645032239
4,27,2400,90,37,1,91,27,326.0,400.4673129358568
8,27,1600,90,50,1,49,5,100.0,120.726751451986
8,27,2200,90,40,0,139,18,374.0,0.0
9,27,1700,90,42,0,45,8,126.0,0.0
9,27,3000,90,45,1,111,20,512.0,540.5708303195701
9,27,2800,90,48,0,55,13,348.0,0.0
5,27,2900,90,35,0,147,25,538.0,0.0
4,27,1800,90,45,1,55,6,134.0,140.62884922213595
4,27,2600,90,47,0,201,12,378.0,0.0
4,27,2900,90,35,1,157,16,356.0,255.48807648404315
8,27,2700,90,35,1,77,25,362.0,409.2304438616093
8,27,2300,90,40,0,85,12,294.0,0.0
6,27,2400,90,45,0,129,9,282.0,0.0
3,27,2800,90,37,0,203,23,522.0,0.0
5,27,2400,90,38,1,101,22,250.0,305.1809624743211
5,27,2500,90,48,0,127,9,296.0,0.0
5,27,2800,90,37,0,157,23,540.0,0.0
8,27,2100,90,39,1,73,21,372.0,396.34430132322296
10,27,2700,90,46,1,105,17,480.0,326.00571831251705
3,27,2000,90,38,1,83,10,192.0,110.77534060654003
7,27,2900,90,35,1,91,26,376.0,425.9281476035035
8,27,1600,90,38,1,79,8,208.0,102.53649191822194
6,27,1600,90,46,1,53,2,54.0,16.3616095191001
5,27,2300,90,49,0,159,8,238.0,0.0
6,27,2800,90,40,0,201,23,546.0,0.0
10,27,3000,90,45,0,151,19,554.0,0.0
4,27,2000,90,49,1,37,7,126.0,85.01915019043058
4,27,3000,90,50,0,159,14,438.0,0.0
7,27,2600,90,36,0,145,24,502.0,0.0
4,27,1600,90,48,0,25,3,54.0,0.0
3,27,2000,90,50,1,31,3,84.0,91.14876704760769
6,27,2100,90,37,1,63,17,234.0,267.5211585890582
3,27,1700,90,38,0,61,5,92.0,0.0
7,27,2700,90,50,0,113,21,464.0,0.0
5,27,2300,90,50,1,115,9,300.0,199.7562169683933
6,27,3000,90,40,0,175,23,594.0,0.0
4,27,1900,90,41,0,71,6,128.0,0.0
5,27,1500,90,47,1,51,6,100.0,84.46749393623129
8,27,2900,90,37,1,103,22,480.0,458.0011182485981
5,27,2800,90,50,1,167,13,244.0,317.91466118631706
9,27,1900,90,43,1,37,9,158.0,97.77400467049628
7,27,1900,90,48,0,71,7,126.0,0.0
4,27,2400,90,38,1,173,19,468.0,257.2488475171244
5,27,2300,90,36,1,141,23,436.0,306.7580380813313
4,27,2800,90,49,0,109,15,356.0,0.0
4,27,2500,90,50,0,95,12,354.0,0.0
3,27,1700,90,42,0,61,5,106.0,0.0
8,27,2700,90,36,1,79,27,418.0,451.25146970572865
8,27,1900,90,43,0,43,9,184.0,0.0
5,27,2400,90,43,1,107,16,330.0,342.6831861687006
10,27,2400,90,39,0,111,16,304.0,0.0
5,27,1600,90,40,1,89,13,188.0,172.4335122517184
3,27,2500,90,44,0,265,19,508.0,0.0
7,27,1900,90,49,1,75,11,168.0,138.86095811642122
4,27,2400,90,36,0,131,22,512.0,0.0
8,27,2200,90,37,1,81,16,322.0,145.80254506066328
8,27,1700,90,43,0,59,8,116.0,0.0
5,27,2100,90,37,0,111,17,358.0,0.0
10,27,2100,90,44,1,65,8,190.0,262.1610070454225
3,27,1900,90,48,0,35,2,66.0,0.0
7,27,1900,90,47,1,69,8,138.0,133.7886769684017
6,27,2100,85,45,1,65,16,210.0,339.37675242664835
6,27,2600,85,35,0,139,22,464.0,0.0
9,27,2700,85,36,1,107,24,506.0,298.3452405391813
6,27,2700,85,40,0,101,16,376.0,0.0
4,27,2700,85,38,1,153,26,372.0,495.50898828529614
6,27,2100,85,36,0,67,13,184.0,0.0
4,27,2000,85,48,1,81,7,158.0,185.35183364308034
9,27,2900,85,49,0,159,14,448.0,0.0
3,27,2200,85,40,1,123,16,334.0,234.083902872903
7,27,2600,85,42,0,151,16,326.0,0.0
6,27,2500,85,36,0,97,22,416.0,0.0
5,27,1900,85,41,0,139,9,242.0,0.0
8,27,2700,85,50,0,105,15,264.0,0.0
8,27,1600,85,40,1,41,6,74.0,74.712881567852
9,27,1800,85,46,1,41,5,102.0,53.606935622157344
5,27,2700,85,47,1,115,17,280.0,291.5882398682742
8,27,2500,85,50,1,71,10,304.0,317.4292620330311
5,27,1800,85,37,1,69,10,140.0,130.04002492341755
7,27,2000,85,43,0,105,11,224.0,0.0
9,27,2800,85,42,1,213,21,590.0,359.503901776174
8,27,2400,85,38,0,131,17,428.0,0.0
6,27,2700,85,35,1,139,27,452.0,379.10885804068187
3,27,1700,85,36,0,95,9,194.0,0.0
6,27,2800,85,38,1,107,20,352.0,261.52031636241816
7,27,2600,85,48,0,99,15,362.0,0.0
4,27,2200,85,40,1,123,21,310.0,314.56183558347976
8,27,1500,85,44,0,71,4,72.0,0.0
5,27,2600,85,36,0,203,21,506.0,0.0
3,27,2400,85,41,1,129,17,280.0,284.4252389471718
10,27,2900,85,44,0,113,21,528.0,0.0
6,27,2200,85,46,1,125,9,248.0,115.58975011700336
9,27,3000,85,44,1,117,21,464.0,508.90474355058114
8,27,1900,85,48,0,69,10,176.0,0.0
6,27,2700,85,49,0,49,3,138.0,0.0
8,27,2500,85,39,0,93,15,364.0,0.0
7,27,1600,85,47,1,33,3,34.0,59.018780490143094
3,27,2800,85,37,0,207,22,418.0,0.0
5,27,2100,85,45,1,105,12,290.0,333.5412186656648
9,27,1900,85,46,1,45,8,150.0,93.5745390718419
10,27,2300,85,41,1,121,16,328.0,238.0260359629977
4,27,2900,85,49,0,111,15,356.0,0.0
6,27,2800,85,47,1,113,20,378.0,373.95990486102386
5,27,2700,85,49,0,133,12,384.0,0.0
8,27,2500,85,38,1,109,22,424.0,397.33873424530395
8,27,2600,85,49,1,159,13,330.0,184.9151216825434
7,27,1600,85,36,0,31,5,108.0,0.0
9,27,1700,85,35,1,43,10,120.0,128.84507268204004
8,27,2800,85,39,1,69,23,370.0,428.0929331757383
4,27,2700,85,48,0,139,13,338.0,0.0
5,27,2500,85,47,0,97,10,232.0,0.0
6,27,2800,85,44,0,207,20,658.0,0.0
7,27,2100,85,40,0,63,9,190.0,0.0
4,27,2700,85,42,1,139,25,376.0,339.11837581586593
3,27,1900,85,43,0,37,3,82.0,0.0
9,27,1800,85,47,0,67,8,154.0,0.0
7,27,2200,85,39,0,121,9,206.0,0.0
9,27,2100,85,42,1,71,15,212.0,202.76559703771747
4,27,3000,85,41,1,133,27,376.0,524.3252946233365
5,27,1500,85,46,1,29,2,60.0,58.46270057246168
7,27,2500,85,35,1,71,26,326.0,425.8691359907315
9,27,2600,85,36,0,89,19,390.0,0.0
7,27,1800,85,48,0,35,6,104.0,0.0
7,27,3000,85,47,0,223,15,474.0,0.0
3,27,2600,85,40,0,285,21,558.0,0.0
10,27,2500,85,38,0,83,16,358.0,0.0
9,27,2500,85,45,1,123,16,492.0,294.40423247674624
5,27,2400,85,47,1,151,17,450.0,239.1530705996386
3,27,2100,85,42,1,143,12,258.0,190.27958511467352
7,27,2800,85,36,1,159,25,442.0,285.38482217192416
4,27,2500,85,47,0,97,10,276.0,0.0
3,27,2700,85,49,1,117,14,242.0,202.90583749154956
10,27,1700,85,42,1,31,5,52.0,78.93081064766527
9,27,2500,85,36,0,127,20,556.0,0.0
5,27,2200,85,41,0,119,15,312.0,0.0
10,27,2700,85,47,1,193,23,524.0,357.24357738780515
7,27,2600,85,39,1,79,22,322.0,545.585735058121
5,27,2500,85,42,1,115,16,302.0,225.03996351060448
5,27,2500,85,46,0,209,16,430.0,0.0
3,27,2500,85,49,0,93,8,220.0,0.0
4,27,2300,85,49,0,123,8,202.0,0.0
3,27,1600,85,35,0,85,9,168.0,0.0
9,27,2600,85,46,1,91,15,398.0,287.6510522641494
5,27,1800,85,43,1,89,12,196.0,158.18290797411944
10,27,2400,85,36,0,91,22,364.0,0.0
5,27,1700,85,46,0,55,4,120.0,0.0
9,27,2200,85,44,1,75,7,252.0,239.51476438621665
4,27,2000,85,46,1,39,4,86.0,64.43627733156791
6,27,1500,85,50,1,9,1,10.0,18.0
5,27,2300,85,37,0,137,14,370.0,0.0
10,27,2300,85,38,0,171,21,446.0,0.0
7,27,1600,85,42,1,31,3,48.0,74.81646296960483
9,27,1600,85,50,0,31,4,82.0,0.0
9,27,1900,85,45,1,49,6,92.0,68.4366292302524
7,27,1800,85,40,0,95,9,184.0,0.0
4,27,2900,85,40,1,219,24,510.0,412.7766732290453
10,27,1900,85,38,0,35,6,96.0,0.0
9,27,1900,85,39,0,75,12,224.0,0.0
6,27,1900,80,36,0,111,9,250.0,0.0
3,27,1500,85,50,1,41,6,72.0,141.5027188581442
4,27,1600,85,49,0,63,8,148.0,0.0
9,27,3000,85,49,1,101,19,446.0,402.23535390451093
6,27,2300,80,37,0,107,16,392.0,0.0
9,27,1700,80,40,1,59,6,124.0,87.14099490666034
4,27,2800,80,47,1,115,19,262.0,295.8863050892011
10,27,2200,80,42,0,43,15,196.0,0.0
10,27,2300,80,41,1,51,15,292.0,349.80770524053986
8,27,2400,80,46,1,77,10,240.0,164.60834608666352
6,27,2800,80,41,1,77,18,298.0,352.49177482035907
8,27,1600,80,49,0,87,7,118.0,0.0
10,27,1800,80,49,1,59,6,92.0,99.61440123274377
4,27,2800,80,48,0,107,14,298.0,0.0
3,27,2600,80,41,1,139,22,296.0,510.1708578881986
4,27,2800,80,48,0,235,18,476.0,0.0
7,27,2300,80,44,0,43,10,194.0,0.0
3,27,1600,80,35,0,49,6,76.0,0.0
9,27,2000,80,42,0,73,8,184.0,0.0
5,27,1500,80,36,1,61,9,118.0,74.88084722460766
10,27,2100,80,39,1,67,12,198.0,287.6280114809329
10,27,2200,80,41,1,83,15,334.0,332.3237563576056
6,27,1800,80,45,1,69,15,198.0,312.0465847033138
3,27,2700,80,49,0,205,15,454.0,0.0
7,27,2400,80,47,1,125,11,252.0,105.80320111217323
3,27,2000,80,41,0,103,6,162.0,0.0
9,27,1600,80,42,1,37,5,58.0,50.196988306064064
7,27,2600,80,48,0,125,8,262.0,0.0
10,27,1800,80,38,0,67,13,198.0,0.0
6,27,3000,80,37,0,105,26,466.0,0.0
6,27,2000,80,35,1,85,16,256.0,281.070138579793
8,27,1500,80,44,1,29,1,30.0,28.108616608653325
10,27,2700,80,45,0,97,16,354.0,0.0
7,27,2900,80,49,1,91,11,368.0,165.5075485569707
7,27,1800,80,46,1,61,6,124.0,90.46600596298886
10,27,1800,80,43,0,35,3,62.0,0.0
10,27,2000,80,41,1,71,11,180.0,137.09362414528186
4,27,2700,80,42,0,137,13,348.0,0.0
10,27,1700,80,41,0,61,8,178.0,0.0
4,27,2000,80,41,0,71,8,158.0,0.0
10,27,2600,80,47,1,93,12,314.0,121.58468717266192
4,27,1800,80,49,1,129,6,130.0,69.61912451062913
6,27,1500,80,35,1,43,10,102.0,128.26960767285706
7,27,2900,80,48,0,107,15,474.0,0.0
3,27,1900,80,42,0,97,7,170.0,0.0
8,27,1900,80,48,1,97,11,248.0,233.99546017742506
8,27,3000,80,37,0,161,27,634.0,0.0
7,27,1500,80,38,0,49,5,126.0,0.0
6,27,2300,80,41,1,125,18,334.0,239.77479135006834
7,27,3000,80,49,1,115,20,386.0,349.2505657803227
8,27,3000,80,36,1,167,25,518.0,395.50341903596745
9,27,1600,80,39,0,59,9,130.0,0.0
8,27,2100,80,37,1,93,19,286.0,256.18567397768675
9,27,2600,80,38,0,93,21,466.0,0.0
8,27,1800,80,49,1,67,6,166.0,56.0981282631463
4,27,3000,80,39,0,163,25,528.0,0.0
9,27,2600,80,39,0,193,20,586.0,0.0
4,27,1600,80,38,0,31,5,88.0,0.0
10,27,2300,80,43,1,49,14,260.0,255.85750009107682
3,27,3000,80,46,1,209,19,396.0,312.03803140335833
4,27,1600,80,45,1,27,2,50.0,46.11037645859545
4,27,2500,80,40,1,117,23,342.0,422.84789422592485
6,27,2000,80,50,0,79,8,220.0,0.0
7,27,1500,80,37,0,67,5,90.0,0.0
7,27,2400,80,38,0,135,18,458.0,0.0
10,27,2000,80,41,1,67,7,204.0,156.90533041261122
5,27,2800,80,45,1,111,20,328.0,444.1381458665865
4,27,2000,80,47,0,65,6,106.0,0.0
8,27,2100,80,41,1,55,11,172.0,243.4269082143298
3,27,2900,80,37,0,249,22,584.0,0.0
3,27,2600,80,39,0,133,12,326.0,0.0
8,27,1800,80,39,0,107,10,214.0,0.0
10,27,2300,80,45,1,75,10,238.0,280.26966532487245
7,27,1600,80,49,1,59,4,88.0,28.804445365222684
10,27,1700,80,37,1,47,7,162.0,76.28207609194246
6,27,3000,80,49,0,167,16,398.0,0.0
8,27,1900,80,35,0,75,9,174.0,0.0
10,27,1800,80,39,1,67,10,224.0,168.34069176266564
5,27,2900,80,37,1,119,25,452.0,358.8906380088351
6,27,2600,80,41,1,135,21,380.0,352.8338978300792
8,27,2200,80,50,0,81,10,204.0,0.0
8,27,1800,80,50,0,33,2,34.0,0.0
3,27,2600,80,49,0,87,10,214.0,0.0
4,27,1800,80,48,1,33,5,64.0,90.15526083774004
3,27,2100,80,46,0,149,9,296.0,0.0
7,27,2200,80,35,1,87,20,294.0,284.28226677633575
4,27,2600,80,37,1,115,25,316.0,364.5342744750509
3,27,2400,80,39,0,167,15,334.0,0.0
10,27,2700,80,47,1,71,9,188.0,146.49534793072047
4,27,2800,80,40,0,205,24,588.0,0.0
4,27,2000,80,36,0,69,9,160.0,0.0
7,27,1900,80,39,1,69,8,196.0,127.971606866928
6,27,2700,80,36,0,137,20,470.0,0.0
6,27,2500,80,38,1,99,20,364.0,319.25459004334976
4,27,3000,80,41,0,199,20,460.0,0.0
3,27,2300,80,43,1,163,14,296.0,208.93317608775462
4,27,2900,80,50,0,81,13,226.0,0.0
3,27,2100,80,35,1,111,17,242.0,155.92985805656372
10,27,1900,80,36,0,69,11,232.0,0.0
10,27,1600,80,45,0,49,5,102.0,0.0
5,27,1700,80,50,1,77,6,78.0,97.77225843109686
3,27,2200,80,45,1,123,9,194.0,191.74444227411274
8,27,2800,75,35,1,75,23,386.0,356.8858199537843
8,27,1800,80,42,0,67,6,160.0,0.0
4,27,1500,75,38,1,39,6,76.0,42.08117238003097
6,27,1600,75,44,1,55,5,88.0,94.77285180797679
7,27,2700,75,49,0,51,9,226.0,0.0
7,27,1700,75,40,0,33,5,94.0,0.0
3,27,2200,75,38,1,111,20,246.0,266.4660036670216
6,27,1600,75,44,0,31,3,76.0,0.0
9,27,2500,75,43,0,135,17,562.0,0.0
8,27,2800,75,36,1,105,19,342.0,215.10087982071164
5,27,3000,75,45,0,159,20,522.0,0.0
5,27,2700,75,48,1,123,14,236.0,350.2683514670902
3,27,2700,75,37,1,129,25,314.0,266.73354323049483
3,27,1800,75,47,0,115,8,144.0,0.0
5,27,3000,75,45,1,113,25,422.0,592.4074653268017
9,27,1700,75,41,0,41,4,72.0,0.0
6,27,3000,75,43,0,157,22,510.0,0.0
10,27,3000,75,45,1,59,19,500.0,427.75792046658
7,27,2700,75,46,0,151,14,374.0,0.0
4,27,1800,75,46,1,69,6,106.0,51.043829915193704
3,27,2400,75,49,0,131,10,244.0,0.0
6,27,2900,75,37,1,99,25,416.0,427.4259680506753
6,27,2700,75,46,0,139,16,496.0,0.0
5,27,2900,75,48,1,95,13,246.0,328.50958225804044
8,27,2600,75,49,0,91,14,230.0,0.0
3,27,1800,75,50,1,47,3,66.0,51.75507253007831
3,27,1900,75,40,0,109,8,210.0,0.0
4,27,1800,75,48,1,35,3,98.0,94.19250833013855
3,27,2800,75,47,1,175,18,402.0,293.53481759435056
3,27,2800,75,50,0,151,13,330.0,0.0
4,27,1900,75,35,1,99,6,210.0,47.95423660039215
9,27,2700,75,41,0,105,16,410.0,0.0
4,27,1900,75,48,0,61,6,100.0,0.0
4,27,2800,75,35,0,159,24,484.0,0.0
3,27,2300,75,35,0,177,18,340.0,0.0
5,27,2000,75,39,1,57,9,206.0,194.39849645395145
5,27,1500,75,42,1,51,3,80.0,42.136870997027245
5,27,1800,75,45,1,49,5,104.0,145.3478199408212
4,27,3000,75,46,1,177,23,366.0,510.73306443440106
4,27,2800,75,41,0,199,17,462.0,0.0
3,27,2600,75,43,0,139,15,304.0,0.0
7,27,2700,75,50,1,159,11,350.0,294.89085018056227
7,27,1600,75,35,0,63,7,152.0,0.0
10,27,2100,75,35,0,75,15,224.0,0.0
6,27,1900,75,40,1,67,14,196.0,190.9002033067953
3,27,1600,75,43,1,31,3,58.0,63.51675485103803
6,27,2300,75,46,1,93,14,252.0,271.89164339191694
9,27,1800,75,36,0,67,8,188.0,0.0
9,27,1800,75,39,1,61,6,126.0,155.40635466229546
8,27,1700,75,48,0,77,6,78.0,0.0
8,27,1700,75,50,0,33,5,82.0,0.0
7,27,2300,75,43,1,119,17,242.0,306.1042690771568
3,27,1800,75,37,0,131,6,164.0,0.0
9,27,1500,75,38,1,23,2,42.0,14.485281374238571
9,27,1600,75,37,1,67,8,118.0,152.23271370015124
9,27,2900,75,35,0,109,21,530.0,0.0
7,27,2400,75,37,0,109,15,354.0,0.0
3,27,2900,75,44,1,141,17,268.0,294.1985997630004
4,27,2100,75,46,0,115,12,226.0,0.0
10,27,1800,75,43,1,67,9,180.0,164.8579403662488
8,27,2800,75,38,1,157,26,642.0,489.140664306837
4,27,2500,75,41,0,145,13,282.0,0.0
3,27,2800,75,45,1,141,20,340.0,438.60280463073855
8,27,1600,75,48,0,37,3,68.0,0.0
9,27,2700,75,50,0,101,13,360.0,0.0
8,27,1900,75,48,1,89,8,126.0,253.19803449437592
9,27,2400,75,49,0,47,5,158.0,0.0
4,27,2900,75,35,0,253,26,524.0,0.0
9,27,1800,75,36,0,69,12,246.0,0.0
5,27,2300,75,45,0,131,16,368.0,0.0
9,27,2500,75,47,1,117,8,188.0,98.13157151062263
8,27,2700,75,46,1,95,18,328.0,226.96736453885646
5,27,2700,75,49,1,105,16,348.0,295.7593490441325
4,27,1900,75,40,1,113,13,206.0,165.4388389482829
6,27,2600,75,37,1,95,21,268.0,450.26955491074864
7,27,2500,75,41,1,73,12,230.0,272.89172988035904
6,27,2200,75,39,0,69,11,182.0,0.0
8,27,1800,75,50,0,53,7,144.0,0.0
7,27,2500,75,47,0,89,9,290.0,0.0
8,27,2300,75,41,1,59,14,240.0,224.2086503132247
7,27,2700,75,46,0,99,14,326.0,0.0
5,27,2500,75,37,0,175,20,634.0,0.0
6,27,2700,75,40,1,117,26,460.0,325.30680826905296
7,27,3000,75,38,1,113,26,562.0,439.93949949122185
3,27,2100,75,40,1,91,12,242.0,161.7122191888853
6,27,2300,75,50,0,113,10,198.0,0.0
6,27,2400,75,46,1,59,12,250.0,211.15972882138166
5,27,2700,75,45,0,137,15,284.0,0.0
8,27,2400,75,35,1,85,22,396.0,332.2124346543332
10,27,2100,75,39,0,79,10,274.0,0.0
8,27,2600,75,41,0,99,16,282.0,0.0
4,27,1900,75,39,0,83,9,160.0,0.0
6,27,3000,75,49,1,147,15,376.0,256.553058638833
4,27,2200,75,49,1,101,13,234.0,204.77616153937484
5,27,1600,75,50,0,35,3,62.0,0.0
7,27,1700,75,36,0,31,5,114.0,0.0
3,27,2500,75,42,0,149,16,374.0,0.0
3,27,3000,75,42,1,147,22,328.0,274.5001606666708
7,27,2600,75,42,1,85,17,256.0,252.40700266045653
3,27,1600,70,44,1,51,5,78.0,132.24697144160788
10,27,2900,75,47,1,155,20,628.0,358.6465672815505
6,27,1700,75,50,0,31,3,32.0,0.0
7,27,2100,70,35,0,121,16,314.0,0.0
7,27,2900,70,42,0,135,19,652.0,0.0
8,27,2400,70,39,1,89,18,310.0,434.2513589209313
7,27,1500,70,50,0,25,2,48.0,0.0
9,27,3000,70,49,0,163,17,570.0,0.0
10,27,1500,70,49,1,43,4,70.0,27.131181152784638
4,27,1500,70,48,1,41,6,70.0,137.2585024375377
5,27,1700,70,35,0,85,9,144.0,0.0
8,27,2200,70,43,0,77,10,198.0,0.0
5,27,2100,70,35,1,125,17,304.0,209.39710801365132
4,27,1800,70,45,1,103,4,104.0,70.19770697081404
3,27,2800,70,39,0,197,19,486.0,0.0
6,27,2200,70,48,1,73,9,116.0,194.188035747994
10,27,2300,70,46,1,55,6,100.0,106.22140778642147
8,27,1900,70,35,1,57,9,172.0,178.41465225355628
5,27,2900,70,35,0,163,25,652.0,0.0
3,27,2900,70,37,0,199,21,528.0,0.0
8,27,2800,70,43,1,93,20,454.0,470.8563411968507
3,27,2000,70,37,1,85,13,208.0,142.27533946473872
7,27,2600,70,49,0,91,11,242.0,0.0
4,27,1700,70,43,0,113,8,140.0,0.0
4,27,2500,70,36,1,137,25,362.0,268.5767458827737
8,27,2300,70,42,0,85,11,242.0,0.0
4,27,2800,70,40,0,187,17,466.0,0.0
4,27,3000,70,42,1,171,22,486.0,318.51676630362243
7,27,1700,70,47,1,85,6,148.0,65.08197394725464
3,27,2800,70,45,1,125,16,242.0,271.1570958842351
7,27,2200,70,49,0,85,8,204.0,0.0
10,27,2400,70,38,0,91,18,374.0,0.0
4,27,3000,70,41,0,173,23,504.0,0.0
9,27,1700,70,43,0,57,4,84.0,0.0
6,27,2000,70,46,0,59,6,96.0,0.0
4,27,2500,70,45,1,119,13,274.0,190.4610967233041
7,27,2500,70,47,1,89,13,222.0,171.1486213230973
3,27,2000,70,46,1,75,10,190.0,170.0565144822492
10,27,3000,70,36,1,109,26,582.0,316.6750060910633
9,27,2300,70,40,0,83,9,282.0,0.0
4,27,1600,70,41,0,45,5,78.0,0.0
10,27,1700,70,40,1,47,9,116.0,97.84349836590724
6,27,2900,70,44,1,105,18,466.0,481.1304464011973
8,27,2600,70,44,0,103,15,414.0,0.0
5,27,2000,70,49,1,47,7,86.0,101.13548833664692
5,27,2600,70,44,0,241,13,416.0,0.0
4,27,1600,70,35,0,85,10,204.0,0.0
7,27,2100,70,35,1,73,15,266.0,157.0915681000819
5,27,2900,70,36,1,167,26,440.0,348.36068351170286
3,27,2000,70,39,1,95,12,162.0,307.28735445007607
3,27,1500,70,50,1,57,4,112.0,106.75816627422134
9,27,2800,70,50,0,97,14,396.0,0.0
8,27,1800,70,43,0,65,6,160.0,0.0
3,27,1500,70,39,0,51,4,102.0,0.0
3,27,2700,70,36,1,179,26,384.0,361.1610821329819
10,27,2300,70,35,1,89,20,322.0,214.47994334401074
9,27,2700,70,39,1,75,24,406.0,563.6304083512076
6,27,2200,70,37,0,117,13,292.0,0.0
3,27,1500,70,44,0,33,4,62.0,0.0
7,27,2100,70,44,0,93,9,250.0,0.0
10,27,2900,70,43,1,151,23,662.0,519.9072450155523
3,27,1500,70,37,0,47,9,140.0,0.0
3,27,1900,70,40,0,89,9,152.0,0.0
6,27,1700,70,41,1,51,4,98.0,81.73873327883474
9,27,1600,70,36,0,59,10,136.0,0.0
6,27,2900,70,46,1,153,20,526.0,444.46309837602746
5,27,2900,70,46,1,139,16,396.0,314.99042205822286
6,27,2800,70,36,0,191,24,602.0,0.0
10,27,1500,70,36,1,29,7,70.0,56.08126402306182
5,27,1800,70,38,1,67,9,160.0,105.77188363835461
7,27,2900,70,38,0,163,18,548.0,0.0
3,27,2400,70,40,0,169,18,450.0,0.0
9,27,2000,70,47,1,61,8,176.0,136.24928638682488
3,27,3000,70,49,0,171,14,478.0,0.0
7,27,2200,70,37,1,75,11,248.0,119.28401315358091
3,27,2500,70,36,0,219,19,486.0,0.0
9,27,1500,70,40,0,53,8,122.0,0.0
9,27,2000,70,45,1,75,7,158.0,195.5202271892992
4,27,2600,70,43,0,89,8,216.0,0.0
10,27,2200,70,41,1,87,19,458.0,408.6545172177143
8,27,1800,70,50,1,55,7,92.0,139.60482036094143
4,27,2800,70,35,0,263,26,518.0,0.0
10,27,2900,70,40,1,109,25,628.0,461.7221622324882
9,27,2800,70,39,0,99,18,528.0,0.0
5,27,2100,70,45,0,61,13,178.0,0.0
10,27,1800,70,47,1,57,5,132.0,88.07476737073586
4,27,2000,70,45,1,105,8,166.0,157.09761548805136
6,27,2500,70,48,0,161,8,200.0,0.0
10,27,2800,70,44,0,149,19,524.0,0.0
4,27,2000,70,50,1,115,7,220.0,157.58227330152098
8,27,2600,70,42,0,193,19,630.0,0.0
5,27,1800,70,43,1,77,11,162.0,124.2120120409956
7,27,2400,70,44,1,81,19,356.0,472.98008341478766
3,27,2300,70,48,1,77,10,186.0,159.5930285585556
6,27,1500,70,50,0,11,2,20.0,0.0
4,27,2400,70,48,1,93,15,208.0,339.62417488477587
4,27,3000,70,50,0,171,12,446.0,0.0
5,27,2100,70,39,0,77,12,224.0,0.0
10,27,1600,70,36,0,45,6,66.0,0.0
10,27,1900,65,35,0,71,16,256.0,0.0
7,27,1700,65,41,1,39,5,84.0,130.9436973247928
9,27,1700,70,37,1,65,8,104.0,87.16813877366855
5,27,2600,70,43,1,95,18,240.0,329.3560368289232
8,27,2800,70,49,0,153,11,490.0,0.0
4,27,1700,65,39,1,59,7,164.0,189.6762740991772
8,27,1600,65,35,1,27,4,54.0,48.43030868532082
10,27,2700,65,38,1,149,20,514.0,359.37942408554153
5,27,2800,65,39,0,143,17,432.0,0.0
9,27,1500,65,43,0,55,6,116.0,0.0
10,27,1600,65,50,1,55,4,86.0,121.48872118224592
3,27,2700,65,46,0,139,12,246.0,0.0
4,27,2600,65,50,0,241,12,452.0,0.0
4,27,1900,65,40,1,37,6,96.0,64.12467433820969
6,27,2900,65,40,1,107,23,476.0,449.4097760846321
7,27,2300,65,43,1,117,14,360.0,269.7590274670468
6,27,2400,65,45,0,87,7,196.0,0.0
4,27,2900,65,44,0,187,15,362.0,0.0
7,27,1500,65,38,1,57,5,110.0,36.15651780180792
10,27,2200,65,49,1,61,6,144.0,95.45737423552632
7,27,2800,65,47,0,153,11,322.0,0.0
8,27,3000,65,43,0,169,23,694.0,0.0
10,27,1900,65,39,0,71,8,148.0,0.0
5,27,2100,65,36,0,151,14,298.0,0.0
4,27,1800,65,40,1,67,8,126.0,97.79707060155462
10,27,1500,65,42,1,53,9,138.0,133.99621236531456
3,27,2800,65,47,0,201,13,390.0,0.0
6,27,1600,65,45,1,87,8,150.0,154.51635656065093
7,27,1500,65,44,0,11,2,12.0,0.0
3,27,2900,65,47,1,295,17,486.0,306.6046204739051
3,27,1900,65,40,0,109,5,162.0,0.0
4,27,2600,65,42,0,107,11,348.0,0.0
10,27,3000,65,45,1,269,16,562.0,410.18026092486133
9,27,2700,65,39,0,99,16,444.0,0.0
6,27,2400,65,46,0,121,9,258.0,0.0
9,27,2300,65,47,1,87,6,100.0,94.78634942679413
5,27,2600,65,49,1,101,9,246.0,199.4537094579036
7,27,2200,65,36,1,103,20,316.0,267.64440305215953
8,27,3000,65,40,0,105,18,464.0,0.0
7,27,2100,65,43,0,65,10,142.0,0.0
10,27,1800,65,46,1,71,5,108.0,50.18651665097191
5,27,3000,65,45,1,143,19,404.0,385.47458525032573
6,27,1800,65,47,0,55,5,122.0,0.0
3,27,2500,65,46,1,207,8,254.0,44.98387685177785
8,27,2500,65,36,1,71,20,328.0,318.8308812719481
6,27,2400,65,36,0,131,18,388.0,0.0
9,27,2800,65,39,1,69,23,458.0,423.2165630472425
3,27,3000,65,46,1,213,17,430.0,360.9990081527105
5,27,2400,65,47,0,175,13,390.0,0.0
7,27,1700,65,47,0,11,1,12.0,0.0
6,27,2000,65,50,0,25,1,26.0,0.0
6,27,2700,65,35,0,199,22,570.0,0.0
3,27,2300,65,40,1,117,14,296.0,146.6886951736937
7,27,1800,65,43,1,61,3,88.0,54.71515646254796
7,27,1700,65,43,0,87,7,170.0,0.0
9,27,1500,65,46,0,29,2,36.0,0.0
9,27,2200,65,49,1,43,8,204.0,75.75042976566222
5,27,2700,65,49,1,75,18,292.0,253.41773678269325
4,27,2300,65,35,0,121,16,296.0,0.0
10,27,1600,65,35,1,79,10,180.0,136.6731246300518
4,27,1700,65,37,1,93,4,94.0,48.10650856929501
10,27,2600,65,38,0,143,25,596.0,0.0
6,27,2800,65,40,0,207,20,572.0,0.0
5,27,1800,65,45,0,123,8,158.0,0.0
9,27,1600,65,49,1,47,6,92.0,64.09767182191595
3,27,2600,65,37,1,129,19,256.0,316.8263784469555
3,27,2600,65,39,0,229,15,346.0,0.0
7,27,1700,65,47,1,57,8,126.0,97.5135809791909
9,27,2700,65,49,1,63,15,314.0,229.75301526247102
4,27,1700,65,44,0,63,9,180.0,0.0
7,27,1600,65,50,0,51,4,84.0,0.0
4,27,1500,65,49,1,29,2,30.0,17.37714835123947
9,27,2800,65,41,0,151,17,516.0,0.0
6,27,2600,65,41,1,113,14,324.0,135.5119979951765
8,27,2200,65,42,0,43,9,172.0,0.0
3,27,2300,65,42,1,133,16,268.0,274.44675432110677
3,27,1500,65,49,1,31,7,76.0,77.99097653054977
7,27,2500,65,48,0,221,12,418.0,0.0
3,27,2400,65,48,0,133,11,254.0,0.0
8,27,3000,65,44,1,117,18,526.0,369.5973172771112
5,27,1800,65,38,1,31,2,58.0,22.274352897551132
6,27,2200,65,39,1,81,16,282.0,425.46934288703767
6,27,2000,65,40,0,39,7,120.0,0.0
4,27,2800,65,43,1,101,18,304.0,349.8071189487132
6,27,2700,65,47,0,145,13,422.0,0.0
8,27,1700,65,42,0,87,10,148.0,0.0
7,27,2700,65,39,0,197,14,354.0,0.0
6,27,3000,65,35,0,161,26,584.0,0.0
7,27,2400,65,49,1,51,7,192.0,122.2091367721653
7,27,1900,65,49,0,65,5,128.0,0.0
7,27,2300,65,50,1,77,12,208.0,274.9075139670685
7,27,2200,65,45,0,71,12,240.0,0.0
8,27,1600,65,48,1,57,4,86.0,34.07171043177754
5,27,1900,65,35,0,91,11,158.0,0.0
3,27,1700,65,36,1,61,8,122.0,64.5659294898785
3,27,2500,65,36,1,227,9,288.0,119.02100888461669
10,27,3000,65,37,1,105,23,504.0,427.69439321101504
10,27,2900,65,39,0,99,23,574.0,0.0
6,27,1800,65,48,1,71,6,108.0,130.81194763220236
8,27,2300,65,49,0,73,7,166.0,0.0
6,27,2600,65,36,0,97,18,426.0,0.0
6,27,1800,60,38,1,31,3,60.0,35.02610511385185
8,27,3000,60,42,1,67,17,356.0,413.26933363451724
6,27,2400,60,45,0,95,8,236.0,0.0
7,27,2700,65,46,0,93,15,442.0,0.0
10,27,3000,65,46,1,115,17,530.0,252.82953122608666
6,27,2100,60,48,0,35,1,36.0,0.0
9,27,2300,60,49,1,45,4,110.0,41.35203026540438
5,27,2600,60,35,0,95,21,408.0,0.0
5,27,2500,60,36,0,73,9,270.0,0.0
5,27,2300,60,37,0,133,17,488.0,0.0
9,27,2100,60,39,0,111,12,332.0,0.0
7,27,2900,60,41,1,103,13,338.0,267.87137900609446
3,27,3000,60,50,1,159,19,394.0,574.2268518506066
4,27,2000,60,48,1,99,6,100.0,126.70402765429071
3,27,1700,60,36,0,127,9,194.0,0.0
7,27,1600,60,35,1,31,2,46.0,13.843759561329454
8,27,2300,60,40,1,61,16,216.0,190.93180711220444
6,27,2200,60,41,1,113,12,274.0,182.18801045936445
8,27,2900,60,43,0,111,12,362.0,0.0
10,27,2800,60,46,1,63,10,220.0,181.5398176684227
6,27,2700,60,46,0,147,13,390.0,0.0
3,27,2100,60,35,0,199,18,356.0,0.0
3,27,2000,60,40,1,89,12,204.0,169.66396447197158
7,27,2600,60,41,1,63,17,260.0,305.7879835689493
4,27,1500,60,44,0,47,2,48.0,0.0
3,27,2700,60,46,0,103,14,292.0,0.0
10,27,2700,60,46,1,77,12,254.0,217.95894851186125
9,27,2300,60,50,0,115,9,206.0,0.0
10,27,1800,60,36,0,51,12,270.0,0.0
9,27,2100,60,37,1,75,11,250.0,148.94811559910738
3,27,2800,60,38,1,159,23,384.0,343.23289364367685
7,27,2400,60,44,1,81,15,214.0,277.56958548988626
7,27,3000,60,49,0,159,16,406.0,0.0
8,27,1800,60,49,1,33,3,60.0,32.63432938761133
3,27,2700,60,49,0,137,9,268.0,0.0
8,27,1500,60,39,0,25,2,26.0,0.0
6,27,2000,60,41,1,67,9,148.0,241.57594075347615
7,27,1600,60,41,0,61,8,180.0,0.0
8,27,2300,60,45,0,91,9,218.0,0.0
5,27,2000,60,43,0,97,5,138.0,0.0
6,27,2700,60,45,1,93,15,242.0,391.24028925515887
3,27,2800,60,48,1,181,13,362.0,300.4852201550582
6,27,1700,60,36,0,55,6,110.0,0.0
7,27,2200,60,39,1,77,10,182.0,272.9156373679497
8,27,1700,60,43,1,39,6,64.0,43.50805521278299
7,27,2300,60,42,0,87,7,206.0,0.0
10,27,1500,60,42,1,29,3,78.0,48.99144888485028
9,27,2700,60,43,1,211,18,490.0,355.612878268076
6,27,3000,60,45,0,221,18,534.0,0.0
4,27,2600,60,39,0,141,16,440.0,0.0
10,27,1700,60,36,1,59,9,166.0,95.47279062070237
10,27,2300,60,40,1,83,11,282.0,154.27924839211954
7,27,2300,60,43,0,135,9,332.0,0.0
5,27,1600,60,46,0,29,4,76.0,0.0
9,27,2800,60,48,0,151,20,598.0,0.0
9,27,2600,60,48,1,59,8,164.0,181.37690099699915
3,27,2800,60,46,0,153,14,352.0,0.0
10,27,2000,60,48,1,69,9,160.0,270.0136390186956
8,27,3000,60,37,1,87,23,398.0,296.19583518822395
8,27,2400,60,41,0,137,17,414.0,0.0
10,27,2600,60,37,0,97,16,504.0,0.0
6,27,2000,60,35,1,75,19,274.0,179.7488786178763
6,27,1700,60,39,1,109,9,176.0,235.34910128493493
8,27,2800,60,41,0,145,18,506.0,0.0
6,27,2100,60,39,1,79,5,178.0,98.98559856292574
4,27,2400,60,49,1,133,8,230.0,98.63828083005711
3,27,1700,60,46,0,149,10,230.0,0.0
10,27,1800,60,42,0,35,5,136.0,0.0
8,27,1500,60,35,1,57,7,110.0,74.24121026023562
5,27,1900,60,39,0,75,6,76.0,0.0
8,27,1900,60,40,1,77,12,188.0,201.59311565188483
6,27,1800,60,45,0,25,1,26.0,0.0
5,27,1800,60,44,1,79,9,122.0,195.8742487042039
8,27,2300,60,46,1,83,8,260.0,115.23819032393078
4,27,2000,60,39,0,39,5,106.0,0.0
7,27,1600,60,35,0,31,7,116.0,0.0
3,27,2400,60,35,1,111,22,282.0,203.7755975762518
6,27,2200,60,35,0,121,14,318.0,0.0
7,27,2100,60,40,0,117,12,342.0,0.0
10,27,2600,60,39,1,79,16,314.0,418.3050033693743
6,27,1700,60,48,1,93,4,120.0,115.46397835109464
4,27,2500,60,49,0,75,8,140.0,0.0
5,27,2900,60,35,1,135,25,412.0,335.9030946647675
10,27,2900,60,41,1,109,15,500.0,254.5567616187138
3,27,1900,60,44,1,41,5,106.0,122.00381163701542
7,27,2900,60,47,0,91,12,306.0,0.0
5,27,2600,60,40,0,145,19,526.0,0.0
4,27,2700,60,47,1,199,12,302.0,189.03867970867142
9,27,2000,60,50,0,109,3,110.0,0.0
10,27,2500,60,36,0,109,20,650.0,0.0
4,27,2100,60,37,0,181,19,386.0,0.0
3,27,2200,60,35,1,207,18,354.0,184.82354822301744
3,27,2700,60,41,1,155,18,432.0,261.7524387675183
8,27,2500,60,44,1,95,14,316.0,317.4465828158187
10,27,1500,60,46,0,29,2,58.0,0.0
6,27,1500,60,47,0,7,1,8.0,0.0
9,27,2200,60,42,1,69,11,176.0,214.52011198414385
9,27,2300,60,36,0,83,14,350.0,0.0
7,27,1700,60,41,1,129,8,184.0,172.1741590653361
5,27,2300,60,39,1,125,10,244.0,223.68859064816567
9,27,2600,60,47,0,201,17,480.0,0.0
9,27,2900,55,45,1,97,11,342.0,296.2240322671141
10,27,1900,60,48,0,33,6,96.0,0.0
9,27,3000,55,44,0,103,17,400.0,0.0
9,27,1600,55,37,1,39,8,124.0,90.49643809578444
10,27,1800,55,41,1,29,3,60.0,48.075614700943056
8,27,1700,55,41,1,43,6,82.0,170.6711565141064
10,27,2000,55,45,0,67,7,164.0,0.0
10,27,2100,55,47,1,39,3,92.0,37.618531796330544
6,27,2200,55,44,0,131,10,204.0,0.0
6,27,2500,55,46,0,87,10,288.0,0.0
5,27,2700,55,37,0,197,17,378.0,0.0
10,27,2000,55,37,0,73,15,268.0,0.0
4,27,2800,55,41,1,111,16,248.0,285.3224246415708
3,27,2600,55,47,0,99,9,194.0,0.0
4,27,2200,55,48,0,163,11,244.0,0.0
4,27,2800,55,44,1,89,13,198.0,259.0464646029278
7,27,2700,55,48,1,87,12,294.0,373.05884586625695
7,27,1500,55,36,1,29,6,56.0,30.19173835602757
7,27,2300,55,39,0,85,9,262.0,0.0
6,27,2000,55,35,0,69,9,138.0,0.0
9,27,2000,55,41,1,53,9,182.0,220.8031719678876
8,27,1900,55,49,1,35,6,116.0,68.18278324384139
8,27,2300,55,50,0,91,6,198.0,0.0
8,27,2200,55,48,1,59,5,60.0,148.2464790257094
5,27,2900,55,36,1,223,24,508.0,286.5677973557824
7,27,2400,55,37,0,91,14,374.0,0.0
5,27,1900,55,36,1,75,8,138.0,46.06231558934005
9,27,2200,55,43,0,119,9,244.0,0.0
3,27,2100,55,39,0,129,12,200.0,0.0
9,27,1800,55,42,0,67,10,186.0,0.0
8,27,2700,55,43,1,161,11,346.0,214.60208832069313
7,27,2500,55,37,1,137,14,312.0,182.37640517820677
3,27,2900,55,41,0,219,18,524.0,0.0
7,27,2300,55,42,0,79,6,158.0,0.0
7,27,2800,55,45,1,97,14,286.0,358.13856796336273
8,27,2800,55,42,0,111,14,482.0,0.0
4,27,2500,55,48,1,83,9,234.0,301.61745423457774
9,27,2300,55,50,1,71,9,170.0,233.41236440775245
3,27,2700,55,47,0,227,12,300.0,0.0
6,27,2200,55,39,0,117,11,234.0,0.0
6,27,1500,55,44,1,73,4,74.0,113.9294844652379
10,27,2900,55,42,1,55,12,284.0,279.2415482617666
5,27,1700,55,42,1,27,3,74.0,71.45824020135103
6,27,3000,55,46,0,215,17,478.0,0.0
6,27,1700,55,44,0,67,5,100.0,0.0
9,27,2800,55,49,1,75,14,332.0,177.61110136406995
7,27,2900,55,36,0,99,22,432.0,0.0
4,27,1500,55,36,1,45,3,66.0,20.86679665582414
6,27,2000,55,40,1,33,3,72.0,57.333690117480906
3,27,1800,55,41,0,49,4,84.0,0.0
6,27,2600,55,40,0,97,13,272.0,0.0
10,27,2200,55,47,1,63,11,238.0,209.2888753399002
9,27,2700,55,46,1,81,7,252.0,100.2673445352647
4,27,1500,55,45,0,29,3,46.0,0.0
5,27,2200,55,49,0,81,8,158.0,0.0
4,27,1500,55,40,0,23,2,26.0,0.0
7,27,1800,55,47,0,63,7,166.0,0.0
4,27,2300,55,46,0,113,4,160.0,0.0
8,27,2100,55,46,1,75,4,98.0,53.355914918932086
10,27,2400,55,48,1,89,6,158.0,89.14465909111843
3,27,2000,55,46,1,103,8,172.0,111.58830390583691
5,27,2000,55,50,1,49,8,158.0,182.91383849440274
4,27,1700,55,37,0,87,8,216.0,0.0
5,27,2800,55,45,1,93,13,300.0,242.16767388020173
9,27,2400,55,47,1,83,14,226.0,240.48131361174597
9,27,2200,55,48,1,65,7,152.0,177.6454820675262
5,27,1800,55,50,1,21,2,22.0,26.131300094225818
10,27,1700,55,49,0,33,2,34.0,0.0
10,27,2900,55,49,0,205,16,588.0,0.0
3,27,2900,55,50,0,251,11,320.0,0.0
9,27,2100,55,40,0,79,8,212.0,0.0
7,27,2400,55,44,1,79,11,214.0,221.60551272096416
8,27,1900,55,46,0,37,3,62.0,0.0
9,27,2600,55,46,0,99,7,256.0,0.0
9,27,1700,55,41,1,29,4,76.0,117.92421995650493
5,27,2700,55,50,1,137,6,178.0,115.80384365369133
10,27,2200,55,47,0,115,8,238.0,0.0
6,27,2000,55,49,1,59,6,100.0,65.08318828694868
10,27,2900,55,42,0,107,18,528.0,0.0
6,27,2400,55,40,1,77,12,216.0,122.21404106701628
3,27,2700,55,41,0,161,14,290.0,0.0
7,27,2300,55,45,0,83,11,330.0,0.0
7,27,2000,55,50,1,67,6,130.0,153.47197804878326
6,27,2900,55,49,1,107,10,252.0,149.66913224217564
3,27,2700,55,36,0,237,22,526.0,0.0
8,27,2600,55,35,0,87,17,400.0,0.0
9,27,2800,55,35,0,167,19,454.0,0.0
5,27,2900,55,40,1,187,22,524.0,389.9123616849016
8,27,2400,55,46,1,41,7,176.0,82.58154187846533
6,27,1900,55,50,1,0,0,0.0,0.0
3,27,3000,55,43,1,145,14,346.0,269.385348061934
3,27,2600,55,44,0,133,10,322.0,0.0
3,27,2700,55,38,0,193,13,478.0,0.0
4,27,1600,55,40,1,53,6,96.0,86.70679128296597
5,27,2900,55,47,1,199,18,432.0,267.32127033979333
9,27,3000,55,41,0,161,19,630.0,0.0
10,27,2300,55,48,0,165,7,208.0,0.0
10,27,1700,55,46,1,43,4,72.0,46.42516084956921
4,27,1900,55,44,0,37,3,108.0,0.0
3,27,2800,50,37,1,181,23,380.0,329.39609887681655
7,27,2800,50,41,1,125,19,492.0,294.18814340606
3,27,1500,55,48,1,25,2,44.0,76.22481211358112
4,27,1600,50,46,0,55,3,82.0,0.0
6,27,2300,50,44,0,81,7,202.0,0.0
7,27,1800,55,46,0,97,3,98.0,0.0
6,27,1600,50,48,1,31,2,32.0,28.31407352631777
9,27,1900,50,37,0,37,6,108.0,0.0
7,27,2200,50,35,0,73,12,250.0,0.0
4,27,2700,50,43,0,151,17,434.0,0.0
9,27,2200,50,45,1,119,5,120.0,35.32668980907937
10,27,2200,50,37,0,117,6,194.0,0.0
6,27,3000,50,42,1,101,15,266.0,197.3982053001158
3,27,3000,50,49,1,189,18,458.0,286.14360892321844
10,27,2100,50,45,1,75,4,76.0,70.94056943316951
7,27,3000,50,42,1,115,19,434.0,212.73553919707692
7,27,1500,50,41,0,45,5,72.0,0.0
4,27,2300,50,44,0,45,8,134.0,0.0
4,27,2100,50,37,1,117,15,238.0,162.9431540967487
5,27,2700,50,50,1,101,19,330.0,575.0670089354876
7,27,2700,50,47,0,227,8,280.0,0.0
3,27,2900,50,36,0,229,21,458.0,0.0
10,27,2700,50,36,1,77,19,358.0,206.41440274887847
3,27,2300,50,36,0,123,9,268.0,0.0
7,27,2500,50,43,1,99,16,366.0,339.54756140826805
5,27,2200,50,42,1,91,11,238.0,179.82928189509965
10,27,2500,50,50,0,137,5,172.0,0.0
7,27,1600,50,49,0,29,4,56.0,0.0
10,27,1800,50,43,1,17,1,18.0,17.942741478897126
8,27,2500,50,36,1,77,18,322.0,202.3920414698652
3,27,1500,50,35,1,59,5,74.0,58.05430175906997
5,27,3000,50,39,0,111,17,428.0,0.0
9,27,3000,50,42,0,175,21,800.0,0.0
3,27,1800,50,41,0,69,6,148.0,0.0
6,27,1500,50,50,0,79,5,80.0,0.0
10,27,2700,50,49,1,63,7,198.0,134.22878722157603
9,27,2000,50,35,1,77,11,206.0,139.5082284870634
9,27,1900,50,36,1,55,10,154.0,75.47486617449887
9,27,2200,50,40,1,43,2,44.0,11.739674483726604
7,27,2400,50,47,1,53,5,118.0,42.02316820236361
3,27,2800,50,38,0,305,17,454.0,0.0
9,27,1800,50,49,0,35,6,86.0,0.0
8,27,2300,50,48,0,101,11,270.0,0.0
8,27,2000,50,37,1,75,4,136.0,49.16467369638141
6,27,2300,50,38,1,85,13,262.0,196.17460742594716
8,27,2100,50,41,0,79,8,212.0,0.0
7,27,1900,50,50,0,35,3,66.0,0.0
9,27,2700,50,48,0,127,10,324.0,0.0
4,27,1800,50,50,1,95,7,96.0,108.05333854011145
7,27,1500,50,50,0,35,3,36.0,0.0
7,27,2600,50,40,1,113,12,374.0,187.51537341557508
8,27,1800,50,40,0,91,9,174.0,0.0
7,27,2300,50,42,1,107,11,208.0,133.69569697532626
6,27,2700,50,35,0,107,12,348.0,0.0
4,27,2200,50,44,1,129,8,218.0,185.80190315331774
10,27,2700,50,46,0,139,15,466.0,0.0
10,27,2100,50,46,1,33,1,34.0,0.0
9,27,1500,50,41,1,73,4,96.0,69.10046344765667
4,27,1900,50,41,1,69,4,106.0,87.0776633717403
3,27,2900,50,41,0,305,24,708.0,0.0
8,27,1900,50,47,0,31,2,32.0,0.0
3,27,2600,50,43,1,175,12,194.0,191.24076306303786
4,27,2700,50,50,0,145,8,306.0,0.0
5,27,2800,50,45,0,171,9,326.0,0.0
3,27,2600,50,37,1,145,19,364.0,286.06288681908455
10,27,2800,50,38,1,55,15,416.0,285.18960847492707
4,27,2900,50,40,0,145,18,478.0,0.0
7,27,2100,50,44,1,55,6,132.0,195.2885074393442
10,27,2300,50,48,1,71,11,160.0,238.00081740371016
8,27,2500,50,47,0,95,10,238.0,0.0
3,27,2300,50,39,0,299,16,432.0,0.0
10,27,2000,50,42,0,117,9,154.0,0.0
5,27,3000,50,43,1,209,20,612.0,407.2341952058311
7,27,2600,50,44,0,91,10,266.0,0.0
5,27,2600,50,46,0,145,9,314.0,0.0
8,27,1800,50,49,0,33,3,68.0,0.0
10,27,1800,50,49,1,45,4,46.0,34.40373033334068
8,27,2200,50,49,1,71,8,214.0,129.44241127530455
8,27,2200,50,40,1,161,13,376.0,135.23386830905042
7,27,3000,50,42,0,109,13,382.0,0.0
9,27,1900,50,44,1,63,5,138.0,123.79735862087827
3,27,2500,50,36,1,203,17,402.0,209.59866034450405
6,27,2500,50,42,0,91,12,352.0,0.0
3,27,2400,50,49,1,79,4,156.0,73.11124316173405
3,27,2200,50,45,0,111,8,218.0,0.0
6,27,1900,50,43,0,37,3,62.0,0.0
10,27,3000,50,38,0,157,22,538.0,0.0
7,27,2300,50,41,1,81,8,166.0,150.4040244958097
5,27,1600,50,49,1,23,2,24.0,13.009455142990335
3,27,2800,50,40,0,255,12,428.0,0.0
9,27,1800,50,45,1,79,7,138.0,189.2531600035513
7,27,1700,50,48,0,47,3,78.0,0.0
3,27,2000,50,38,1,95,8,174.0,62.31362460164131
6,27,2700,50,40,0,147,16,510.0,0.0
8,27,1800,50,44,0,67,8,238.0,0.0
7,27,1700,50,43,1,53,7,88.0,132.25982614568224
6,27,2700,50,44,0,149,9,370.0,0.0
10,27,2700,50,38,0,93,14,420.0,0.0
7,27,1900,50,46,1,49,8,190.0,98.87259910349376
5,27,2300,50,35,1,85,11,232.0,127.38369460847677
6,27,2700,50,47,1,97,8,250.0,78.02688796264202
4,27,2200,50,42,0,157,7,264.0,0.0
8,26,1500,90,35,0,83,9,142.0,0.0
10,26,1600,90,40,1,31,7,116.0,115.0799146400123
10,26,1700,90,37,0,31,8,138.0,0.0
3,26,1600,90,41,0,85,8,202.0,0.0
4,26,2800,90,48,1,151,16,324.0,308.21732805458385
3,26,2400,90,40,1,195,18,406.0,269.5844102879915
3,26,3000,90,36,0,229,23,550.0,0.0
3,26,2400,90,42,1,113,21,286.0,212.36914050121138
8,26,3000,90,44,1,115,18,484.0,489.650809680669
5,26,2600,90,38,0,131,18,378.0,0.0
8,26,2500,90,45,1,143,13,474.0,250.14361804537623
8,26,2000,90,48,0,65,8,130.0,0.0
7,26,2000,90,50,0,109,8,186.0,0.0
4,26,1900,90,50,1,41,7,88.0,167.40062946179438
4,26,1900,90,39,1,109,17,264.0,403.20999631476565
10,26,1700,90,40,0,33,6,134.0,0.0
9,26,2800,90,47,0,105,16,364.0,0.0
7,26,2200,90,48,0,69,11,176.0,0.0
4,26,2600,90,47,1,227,14,424.0,146.4459928447161
6,26,2700,90,47,1,75,17,338.0,259.9829937517507
8,26,1700,90,38,0,25,7,76.0,0.0
4,26,2200,90,49,1,71,6,124.0,100.96368130170201
3,26,1800,90,47,1,47,5,78.0,70.57159909922322
9,26,2400,90,39,1,53,15,232.0,312.38802058856044
7,26,2000,90,40,0,101,14,314.0,0.0
9,26,2400,90,39,1,95,19,346.0,292.8156120058659
10,26,3000,90,42,0,59,18,364.0,0.0
3,26,2800,90,46,1,179,21,392.0,457.4445215359031
6,26,1600,90,47,0,61,7,148.0,0.0
4,26,2600,90,50,0,135,13,318.0,0.0
5,26,2900,90,44,1,161,23,448.0,569.8610943574755
7,26,1900,90,37,0,75,10,230.0,0.0
5,26,2800,90,36,0,101,25,392.0,0.0
10,26,1600,90,37,1,47,10,138.0,110.63146160755235
3,26,2800,90,42,1,197,24,388.0,377.7147101259946
4,26,2200,90,43,1,119,16,360.0,298.7497150430722
9,26,2700,90,47,1,105,13,348.0,237.34695679598295
8,26,2300,90,46,0,83,13,300.0,0.0
4,26,1600,90,50,0,83,6,84.0,0.0
8,26,3000,90,37,0,101,22,450.0,0.0
5,26,1600,90,40,1,31,5,70.0,105.9006093930354
3,26,2400,90,42,0,215,19,536.0,0.0
9,26,2300,90,44,0,111,8,234.0,0.0
5,26,2000,90,43,1,91,13,214.0,180.83149642573466
6,26,3000,90,50,1,153,15,438.0,411.962669343295
7,26,2700,90,44,0,103,15,280.0,0.0
4,26,2500,90,36,1,103,22,326.0,306.4182254386921
6,26,2000,90,39,1,131,13,328.0,240.94359539975812
8,26,2200,90,36,1,45,13,168.0,146.9346763624224
7,26,2300,90,39,0,129,11,236.0,0.0
9,26,1500,90,38,0,51,6,92.0,0.0
6,26,1800,90,47,1,59,9,126.0,125.00097433206415
3,26,2700,90,50,0,97,8,178.0,0.0
8,26,3000,90,48,0,113,16,546.0,0.0
4,26,2100,90,37,1,71,19,234.0,413.37115317438327
9,26,2300,90,37,1,89,18,404.0,359.9748148643538
8,26,2100,90,40,1,113,9,168.0,96.07941279897678
8,26,2700,90,46,0,145,17,564.0,0.0
6,26,2000,90,44,0,93,8,200.0,0.0
9,26,2600,90,41,0,147,20,466.0,0.0
8,26,2200,90,46,1,57,7,128.0,163.69435479274978
6,26,2100,90,36,0,111,15,274.0,0.0
4,26,2200,90,39,0,85,9,162.0,0.0
6,26,2600,90,44,1,87,19,336.0,461.1861748923506
10,26,2700,90,43,0,105,17,366.0,0.0
6,26,2100,90,44,1,73,7,110.0,188.72466116823577
10,26,2700,90,45,0,101,12,280.0,0.0
3,26,2300,90,41,1,125,17,316.0,238.73208623475728
9,26,1900,90,38,1,39,10,166.0,107.26644283286043
9,26,2800,90,41,1,105,22,462.0,509.65113569883243
3,26,2000,90,48,1,57,7,136.0,211.00663574229588
10,26,2600,90,49,0,43,13,300.0,0.0
8,26,2300,90,48,0,75,10,260.0,0.0
7,26,1800,90,49,1,87,10,148.0,127.94859327302049
5,26,3000,90,49,0,183,12,402.0,0.0
3,26,1800,90,37,1,93,15,232.0,156.71727894204108
4,26,1500,90,41,0,85,7,152.0,0.0
5,26,1600,90,46,1,43,5,68.0,72.07411312391233
7,26,1700,90,39,0,89,8,116.0,0.0
3,26,2200,90,45,0,127,11,308.0,0.0
9,26,2900,90,50,1,73,18,466.0,447.3528603782561
3,26,1600,90,46,0,49,5,50.0,0.0
4,26,2600,90,36,1,87,24,288.0,254.45912694097314
7,26,2800,90,39,0,97,19,396.0,0.0
3,26,2300,90,37,1,133,17,310.0,174.88475269815427
8,26,2200,90,35,1,79,22,288.0,211.85290673001163
3,26,2300,90,38,1,153,20,332.0,212.94915989314214
8,26,1600,90,47,0,57,4,88.0,0.0
8,26,2400,90,46,0,93,11,334.0,0.0
3,26,1600,90,37,0,75,10,208.0,0.0
8,26,2500,90,46,0,91,15,312.0,0.0
6,26,1800,90,47,0,31,4,118.0,0.0
8,26,2600,90,50,1,55,8,152.0,236.18364240033688
8,26,1500,90,38,1,37,6,62.0,91.66887152884759
9,26,1600,90,49,1,57,4,88.0,40.7925046490903
4,26,1500,90,42,0,87,6,138.0,0.0
5,26,2600,90,40,1,101,19,392.0,350.25163429492625
10,26,2900,90,35,0,111,25,496.0,0.0
9,26,1600,90,35,0,83,10,222.0,0.0
10,26,1600,85,35,1,87,13,224.0,162.86011545718864
8,26,2200,85,39,0,87,11,328.0,0.0
6,26,2300,90,44,1,83,9,210.0,252.011948250928
7,26,1900,85,49,0,67,7,170.0,0.0
3,26,1500,85,45,1,197,9,198.0,220.27606542114043
7,26,2700,85,44,1,147,17,360.0,238.26530641800449
4,26,2200,85,39,0,121,14,358.0,0.0
6,26,1600,85,46,1,25,3,66.0,42.84525094629592
9,26,2100,85,43,1,37,6,96.0,67.22750252593008
10,26,1700,85,49,0,65,7,160.0,0.0
5,26,2100,85,36,1,91,17,258.0,197.80666729965148
10,26,2400,85,48,0,89,15,298.0,0.0
4,26,1500,85,47,1,29,2,42.0,30.382544358863445
9,26,2800,85,46,0,151,16,452.0,0.0
10,26,2200,85,35,1,87,18,370.0,254.72251214641457
4,26,3000,85,40,0,175,21,500.0,0.0
5,26,1500,85,42,0,81,4,82.0,0.0
4,26,3000,85,35,0,167,25,492.0,0.0
3,26,2600,85,43,1,121,17,270.0,225.83719407389256
7,26,2100,85,46,0,123,7,166.0,0.0
4,26,2900,85,49,1,149,20,314.0,263.5698430131365
6,26,1600,85,36,1,57,8,92.0,43.88945310492095
3,26,2300,85,36,0,161,17,326.0,0.0
10,26,1800,85,38,1,63,8,172.0,77.86331244795713
7,26,2600,85,38,0,149,12,420.0,0.0
6,26,2200,85,41,1,99,17,284.0,328.80747665452327
9,26,1900,85,43,0,71,11,236.0,0.0
3,26,1700,85,46,1,59,7,104.0,97.98478054763476
9,26,1900,85,40,1,49,10,188.0,152.8836783817497
6,26,1500,85,42,0,51,6,80.0,0.0
5,26,1600,85,37,1,51,11,152.0,188.92562952209897
9,26,1600,85,39,0,31,6,124.0,0.0
3,26,2400,85,50,0,77,7,178.0,0.0
6,26,2900,85,42,0,159,20,530.0,0.0
5,26,1800,85,45,1,51,5,116.0,92.1884373433804
8,26,2200,85,35,1,69,15,258.0,229.8661503244988
6,26,3000,85,38,0,163,26,604.0,0.0
8,26,1600,85,38,0,51,4,82.0,0.0
4,26,2100,85,42,1,97,15,262.0,218.30445627116168
3,26,2300,85,42,1,89,16,214.0,287.8587158068693
9,26,2500,85,41,0,85,11,310.0,0.0
3,26,2500,85,49,1,129,15,346.0,288.40213809749457
6,26,1700,85,40,0,51,8,120.0,0.0
10,26,1600,85,39,1,49,11,138.0,281.6132008568491
8,26,1500,85,41,0,49,4,66.0,0.0
7,26,2000,85,40,1,59,15,184.0,276.769381689434
6,26,2100,85,45,0,35,3,68.0,0.0
9,26,2400,85,44,1,85,8,252.0,265.62596386616684
6,26,2300,85,44,0,125,10,354.0,0.0
3,26,2100,85,43,1,91,11,198.0,176.92907993204983
5,26,2900,85,38,1,109,25,430.0,504.4567909915437
6,26,1700,85,42,0,55,4,88.0,0.0
7,26,1700,85,42,1,47,6,80.0,126.55332909385838
7,26,1800,85,44,0,61,11,200.0,0.0
7,26,2400,85,45,0,47,9,132.0,0.0
7,26,2800,85,46,0,189,15,468.0,0.0
5,26,2100,85,50,1,59,4,100.0,120.10917341593074
3,26,2900,85,39,1,129,25,358.0,516.5553475964799
5,26,2400,85,50,1,77,7,136.0,217.86653281204372
10,26,1800,85,42,1,101,10,236.0,153.1799754554373
10,26,2500,85,46,0,89,12,266.0,0.0
9,26,2400,85,44,1,127,13,356.0,261.9142491493449
7,26,2600,85,47,0,51,12,202.0,0.0
10,26,2000,85,49,0,69,5,108.0,0.0
6,26,3000,85,49,0,219,18,552.0,0.0
3,26,2500,85,40,0,187,18,472.0,0.0
8,26,1500,85,46,0,51,4,80.0,0.0
5,26,2500,85,43,1,121,15,338.0,234.4110912669069
4,26,2100,85,50,1,37,3,70.0,25.074114871469323
10,26,2600,85,49,1,91,12,350.0,185.8943411522389
10,26,2000,85,48,0,77,8,148.0,0.0
3,26,1500,85,37,0,109,7,144.0,0.0
8,26,2700,85,44,0,85,13,352.0,0.0
9,26,2700,85,45,1,109,14,346.0,326.60094131592393
3,26,1900,85,43,0,79,5,116.0,0.0
8,26,3000,85,46,1,117,18,426.0,240.99777914927859
4,26,3000,85,44,1,125,23,394.0,400.1284929035863
3,26,2200,85,49,1,123,6,168.0,64.44500309331728
6,26,1500,85,35,0,75,8,140.0,0.0
9,26,2400,85,36,0,125,17,386.0,0.0
6,26,2000,85,41,0,75,12,236.0,0.0
6,26,2500,85,40,1,137,14,362.0,253.19331972634922
4,26,2400,85,44,0,91,12,232.0,0.0
3,26,2900,85,49,1,145,13,244.0,190.51779835034543
4,26,2200,85,47,1,111,18,286.0,285.7165901175707
6,26,2600,85,36,1,65,23,336.0,288.0920635777172
6,26,2900,85,41,1,91,23,414.0,483.3489704801906
7,26,2300,85,43,0,81,12,346.0,0.0
10,26,2400,85,48,0,89,9,228.0,0.0
6,26,1600,85,49,1,55,5,84.0,58.03230510872764
6,26,2600,85,50,1,117,16,340.0,499.3858288373553
3,26,3000,85,50,0,157,16,428.0,0.0
8,26,2700,85,35,1,103,25,492.0,373.86869775444745
8,26,2100,85,40,0,77,13,262.0,0.0
5,26,1800,85,40,0,67,8,194.0,0.0
3,26,1700,85,46,0,67,5,110.0,0.0
10,26,1900,85,43,1,49,8,120.0,197.2587125722535
5,26,2300,85,49,0,87,10,242.0,0.0
10,26,1900,85,47,1,63,7,198.0,135.6653041634464
4,26,1900,80,36,0,99,7,148.0,0.0
6,26,1900,80,42,1,37,3,106.0,47.80746046584832
9,26,2300,80,41,0,61,7,188.0,0.0
9,26,2000,85,43,0,97,8,198.0,0.0
4,26,1800,80,44,1,59,4,96.0,86.71709011950841
6,26,2700,85,46,1,145,13,298.0,129.45677982002994
6,26,3000,80,46,1,157,21,430.0,349.8618202163304
3,26,1500,80,35,1,67,12,138.0,102.72724512116729
4,26,3000,80,36,1,109,26,372.0,353.46202604100625
9,26,1700,80,40,0,93,12,250.0,0.0
10,26,2400,80,42,0,91,15,366.0,0.0
10,26,2100,80,48,0,41,10,188.0,0.0
6,26,2100,80,43,1,81,5,134.0,80.55177552477197
7,26,2400,80,44,0,87,10,190.0,0.0
3,26,2000,80,35,0,97,14,264.0,0.0
4,26,1500,80,42,0,17,1,18.0,0.0
5,26,2500,80,43,1,89,12,272.0,163.46511519505853
10,26,1800,80,42,1,57,5,118.0,89.69023242926407
5,26,1700,80,44,1,49,5,58.0,107.59284241499928
3,26,2900,80,47,0,263,11,378.0,0.0
10,26,2200,80,42,1,83,8,214.0,105.03773334596914
3,26,2500,80,38,1,77,10,140.0,142.35013488747435
8,26,3000,80,39,0,111,22,528.0,0.0
6,26,2800,80,42,0,145,15,386.0,0.0
6,26,1900,80,42,1,105,7,202.0,102.41861496676033
4,26,2800,80,43,0,157,18,308.0,0.0
7,26,2500,80,49,1,125,11,344.0,161.7381720700836
5,26,2400,80,48,0,95,10,224.0,0.0
6,26,1800,80,35,0,61,6,122.0,0.0
9,26,1600,80,39,1,31,1,32.0,34.23288546248108
7,26,1800,80,46,0,33,3,66.0,0.0
10,26,1700,80,46,0,87,6,120.0,0.0
7,26,1900,80,47,1,55,5,100.0,44.31223668190656
8,26,2100,80,48,1,79,4,116.0,65.60632958981286
4,26,2300,80,50,1,125,13,238.0,389.28761242648716
8,26,2100,80,36,1,81,15,302.0,144.9154289428283
7,26,2400,80,37,0,135,20,486.0,0.0
9,26,2300,80,45,0,123,13,298.0,0.0
8,26,1500,80,47,0,27,1,28.0,0.0
6,26,2900,80,48,0,153,17,370.0,0.0
6,26,2700,80,49,1,155,13,298.0,146.32780270983588
3,26,2000,80,47,1,125,13,248.0,201.99945512515475
3,26,1500,80,48,1,49,5,106.0,180.5327331470656
8,26,2700,80,35,0,97,22,472.0,0.0
7,26,2200,80,40,1,77,11,288.0,242.86031699693373
7,26,1900,80,35,0,69,10,190.0,0.0
10,26,1800,80,37,1,53,12,130.0,137.87669513898362
8,26,2500,80,47,1,59,8,168.0,172.03362830656368
4,26,2100,80,44,0,159,15,348.0,0.0
10,26,2200,80,47,0,39,6,128.0,0.0
5,26,1600,80,36,1,85,8,178.0,86.94231359353462
8,26,2800,80,41,1,95,14,298.0,254.51217857557586
10,26,2600,80,38,0,51,19,316.0,0.0
5,26,1600,80,39,0,61,9,170.0,0.0
7,26,2500,80,40,1,101,18,342.0,260.12453472495514
7,26,2100,80,48,0,79,11,204.0,0.0
6,26,1900,80,45,0,127,7,166.0,0.0
7,26,2400,80,44,1,103,13,342.0,453.806533285611
7,26,1800,80,35,1,103,14,282.0,104.27005547285177
8,26,1800,80,35,1,67,11,210.0,148.916693338631
4,26,2800,80,37,0,201,19,462.0,0.0
4,26,2900,80,49,1,205,21,468.0,400.11156093397005
4,26,1700,80,47,0,89,5,90.0,0.0
5,26,1900,80,49,1,45,6,78.0,108.64444858046892
6,26,1900,80,49,0,33,3,46.0,0.0
6,26,2900,80,37,0,107,23,428.0,0.0
8,26,1500,80,35,0,53,6,110.0,0.0
3,26,2800,80,37,1,101,25,290.0,384.3110997107531
8,26,1700,80,39,1,31,8,114.0,211.0879596879182
6,26,1800,80,45,0,27,3,72.0,0.0
5,26,2300,80,40,0,121,14,344.0,0.0
7,26,2900,80,49,1,83,15,302.0,231.6569295487223
7,26,1500,80,46,1,45,6,62.0,54.81331966558061
3,26,2800,80,37,1,125,24,324.0,385.9696167602777
4,26,2600,80,45,0,175,16,400.0,0.0
3,26,1800,80,47,0,35,4,70.0,0.0
6,26,2600,80,40,0,195,15,438.0,0.0
4,26,2400,80,47,1,93,10,224.0,183.00554592585678
10,26,2400,80,45,1,93,10,226.0,180.43383655817195
6,26,2500,80,50,0,145,8,274.0,0.0
4,26,2900,80,35,0,165,24,368.0,0.0
9,26,1500,80,38,1,27,4,72.0,62.40825970986682
9,26,2600,80,41,1,83,16,432.0,330.396106268579
6,26,2300,80,43,0,115,9,160.0,0.0
9,26,2600,80,44,0,139,16,360.0,0.0
9,26,1900,80,47,1,47,10,156.0,152.8848756261522
3,26,1900,80,44,1,85,6,86.0,168.58635626055465
3,26,2100,80,35,1,113,22,292.0,291.94167992323906
10,26,2900,80,39,1,145,24,582.0,541.5344716182765
8,26,1800,80,42,0,95,7,160.0,0.0
10,26,2800,80,45,0,107,18,512.0,0.0
9,26,3000,80,45,0,109,14,464.0,0.0
10,26,2300,80,47,1,55,11,166.0,289.0723035153529
9,26,1700,80,50,0,61,7,126.0,0.0
8,26,2400,80,35,1,93,15,358.0,235.43608384161718
10,26,3000,80,38,1,115,24,568.0,479.2998433904261
5,26,2200,80,37,0,113,19,334.0,0.0
7,26,2100,80,38,1,79,15,264.0,267.96600457676766
4,26,2900,80,38,1,153,21,332.0,330.48829295669907
4,26,1600,80,46,0,57,5,122.0,0.0
6,26,2600,80,48,0,101,11,284.0,0.0
8,26,2100,75,36,0,123,9,258.0,0.0
10,26,1900,75,40,0,47,8,148.0,0.0
4,26,2000,75,37,1,125,16,238.0,245.6153226929397
5,26,2300,75,47,0,127,11,296.0,0.0
3,26,1900,75,44,1,79,11,148.0,225.56981939982546
5,26,2700,80,49,0,157,10,298.0,0.0
7,26,2900,75,50,1,111,15,320.0,270.08349384080685
6,26,2100,75,35,1,65,19,244.0,199.93483956247292
6,26,1600,75,40,0,55,6,150.0,0.0
7,26,2000,75,42,1,69,9,212.0,147.84381587123121
10,26,2800,75,44,1,63,19,352.0,405.5284957932301
10,26,1600,75,48,0,61,6,116.0,0.0
8,26,2300,75,47,1,123,12,274.0,170.92023562883122
5,26,2100,75,49,0,77,9,216.0,0.0
6,26,2600,75,36,0,191,24,654.0,0.0
4,26,2500,75,39,0,191,18,374.0,0.0
10,26,1700,75,42,1,67,6,128.0,105.17408800666854
9,26,2000,75,45,0,39,11,184.0,0.0
10,26,1900,75,40,1,37,7,126.0,84.22479507014059
9,26,1600,75,44,1,27,5,76.0,104.51659705161498
3,26,1500,75,50,0,71,5,84.0,0.0
3,26,1600,75,37,0,109,6,110.0,0.0
8,26,1800,75,43,1,35,7,94.0,104.1150395590493
8,26,2000,75,38,1,41,9,184.0,80.11241869220741
5,26,2100,75,39,1,79,9,110.0,258.19228953350955
6,26,2000,75,50,0,57,3,58.0,0.0
7,26,2500,75,47,1,69,9,180.0,150.59993077840187
9,26,2300,75,50,0,87,9,270.0,0.0
7,26,2600,75,38,0,51,14,274.0,0.0
4,26,1500,75,40,1,57,6,104.0,100.47270806936078
3,26,1500,75,40,0,33,3,62.0,0.0
4,26,2300,75,48,0,83,7,222.0,0.0
9,26,2200,75,50,0,73,11,230.0,0.0
3,26,2800,75,46,1,175,16,386.0,248.91612049831224
10,26,1800,75,49,1,35,2,60.0,16.16506262778774
10,26,1900,75,38,1,35,10,188.0,130.60339715581853
4,26,2600,75,37,0,237,20,514.0,0.0
6,26,2700,75,43,1,141,16,448.0,320.7976809391381
7,26,2300,75,39,0,135,15,486.0,0.0
3,26,1700,75,42,0,119,10,208.0,0.0
9,26,2800,75,41,1,79,18,380.0,337.8511251171441
9,26,1800,75,45,1,93,8,212.0,167.6903050949354
5,26,2900,75,38,1,91,23,354.0,384.1121805659263
9,26,2600,75,44,0,145,13,432.0,0.0
6,26,2200,75,43,1,103,16,232.0,270.4222332044701
5,26,2300,75,46,0,169,12,296.0,0.0
3,26,2600,75,41,0,171,17,392.0,0.0
6,26,2600,75,50,0,103,12,336.0,0.0
3,26,1800,75,50,1,67,9,114.0,198.3181463215537
6,26,2600,75,40,1,101,19,452.0,258.581577558857
8,26,2200,75,45,1,71,11,206.0,237.64074370452317
3,26,3000,75,45,0,131,16,342.0,0.0
3,26,2300,75,44,0,125,10,206.0,0.0
10,26,2000,75,47,1,57,7,134.0,106.72307541587854
10,26,2500,75,48,0,83,10,254.0,0.0
3,26,1900,75,46,1,45,6,88.0,124.35096883459295
3,26,2000,75,39,1,99,12,164.0,225.5369708099977
3,26,2600,75,40,0,179,16,456.0,0.0
8,26,2600,75,45,1,83,11,226.0,323.90895462539225
8,26,2200,75,46,1,61,15,242.0,188.7173930125516
5,26,2700,75,45,0,101,11,246.0,0.0
5,26,2200,75,49,0,147,10,264.0,0.0
3,26,2900,75,49,0,187,14,414.0,0.0
6,26,2800,75,36,0,107,21,504.0,0.0
3,26,2400,75,41,1,179,22,356.0,400.3306435605901
3,26,1800,75,45,0,53,5,86.0,0.0
9,26,1600,75,40,1,47,6,116.0,113.7495031507385
10,26,1500,75,47,0,27,6,68.0,0.0
5,26,2000,75,46,1,87,8,186.0,97.93886890548558
9,26,2600,75,47,1,71,12,274.0,250.96695967814296
3,26,2300,75,36,1,123,23,312.0,354.6995176630497
4,26,1900,75,39,0,103,7,188.0,0.0
8,26,1500,75,45,1,77,6,132.0,184.56036626463867
3,26,2500,75,44,0,125,12,296.0,0.0
10,26,1900,75,45,0,63,7,196.0,0.0
3,26,2000,75,47,1,113,8,198.0,99.36895402849643
6,26,2600,75,48,0,149,15,422.0,0.0
6,26,3000,75,40,1,87,22,418.0,304.6900299009524
8,26,1700,75,38,1,57,10,166.0,95.755459741564
6,26,3000,75,39,1,125,22,470.0,450.68063013218546
3,26,2500,75,42,0,253,16,430.0,0.0
5,26,2000,75,44,0,191,7,192.0,0.0
4,26,2300,75,35,0,177,9,298.0,0.0
6,26,1900,75,49,0,37,5,132.0,0.0
4,26,2600,75,50,1,111,11,236.0,206.5226810743261
10,26,1900,75,44,1,55,4,98.0,117.04156628717735
9,26,2300,75,41,0,89,15,264.0,0.0
9,26,2300,75,41,1,77,17,228.0,326.62309517667717
6,26,1800,75,47,1,35,3,68.0,51.00357344579286
3,26,2800,75,48,0,105,12,286.0,0.0
9,26,2400,75,41,0,169,18,432.0,0.0
6,26,1700,75,49,1,117,5,152.0,39.79346489626296
8,26,1700,75,38,0,41,10,140.0,0.0
6,26,2800,75,35,0,153,24,492.0,0.0
6,26,2600,75,46,0,129,9,372.0,0.0
5,26,1700,75,48,1,51,4,52.0,151.426905793216
5,26,2800,75,46,1,145,14,440.0,234.22286518946072
4,26,1900,75,48,0,93,7,128.0,0.0
5,26,2700,75,50,1,95,13,322.0,329.3203594754717
8,26,2100,75,39,1,113,12,272.0,427.4740859723567
7,26,2700,70,35,1,147,22,510.0,365.6712033537857
4,26,2900,75,38,0,113,20,268.0,0.0
8,26,2500,70,40,0,89,15,324.0,0.0
3,26,2300,70,40,1,155,18,338.0,183.00456864702525
7,26,1900,70,45,0,99,7,184.0,0.0
5,26,2400,70,45,0,175,15,460.0,0.0
3,26,2700,70,44,1,179,19,400.0,485.8794695557895
9,26,1500,70,38,0,43,4,78.0,0.0
7,26,2400,70,38,1,135,19,384.0,357.2458234459429
5,26,2100,70,43,0,33,5,96.0,0.0
4,26,2600,70,44,1,103,17,342.0,539.7086444359987
4,26,1500,70,46,1,35,4,58.0,34.34940368744161
4,26,1700,70,48,1,19,2,40.0,28.51180853580329
3,26,2200,70,42,0,123,11,314.0,0.0
6,26,1800,70,42,0,97,9,188.0,0.0
9,26,2900,70,44,1,97,12,236.0,251.01890310623605
9,26,1500,70,45,1,47,5,96.0,49.763414024793505
9,26,2800,70,43,0,107,16,448.0,0.0
9,26,3000,70,48,1,157,16,540.0,419.73831315288174
4,26,2600,70,46,0,147,11,244.0,0.0
4,26,2000,70,47,0,89,8,182.0,0.0
10,26,2500,70,35,0,99,20,512.0,0.0
4,26,1500,70,36,1,33,7,64.0,34.24483498974493
9,26,1600,70,38,1,51,7,164.0,84.68134217950438
6,26,1700,70,44,1,57,7,112.0,95.81481439032494
8,26,2900,70,42,0,225,22,594.0,0.0
10,26,3000,70,50,0,171,18,640.0,0.0
8,26,2800,70,44,1,107,18,428.0,385.0624943258169
10,26,2300,70,35,0,87,17,370.0,0.0
3,26,2500,70,37,0,185,16,370.0,0.0
4,26,2200,70,39,1,81,14,226.0,265.95648163896146
6,26,2100,70,42,1,49,12,212.0,133.64677408807694
7,26,2400,70,43,0,177,17,488.0,0.0
10,26,2700,70,45,1,97,14,362.0,337.14098002633824
7,26,2500,70,50,0,49,7,232.0,0.0
5,26,1800,70,35,1,47,7,100.0,123.97022075671238
5,26,2300,70,42,0,45,10,134.0,0.0
6,26,2400,70,43,1,105,14,246.0,237.1204946175118
4,26,2200,70,47,1,51,3,52.0,63.822623090727774
7,26,2600,70,44,1,89,6,262.0,75.01250048377544
4,26,2700,70,45,0,155,10,404.0,0.0
7,26,2300,70,49,0,55,5,138.0,0.0
6,26,1800,70,39,0,33,4,56.0,0.0
10,26,1600,70,37,1,39,7,104.0,75.45119838299667
7,26,2000,70,43,0,59,5,128.0,0.0
9,26,1700,70,42,0,119,8,172.0,0.0
8,26,2600,70,46,1,81,17,346.0,238.44062697024003
6,26,1600,70,47,0,53,8,102.0,0.0
7,26,1500,70,49,1,31,4,58.0,47.279331726732494
9,26,2900,70,50,1,107,15,390.0,500.1923745973697
5,26,1800,70,38,1,45,9,106.0,143.88795538946377
6,26,1900,70,47,0,97,8,132.0,0.0
8,26,2700,70,37,0,101,17,468.0,0.0
7,26,2800,70,43,1,103,16,400.0,326.5701456514304
8,26,2300,70,46,1,75,13,232.0,235.50911967931916
4,26,3000,70,49,0,103,13,394.0,0.0
10,26,1800,70,49,1,27,2,28.0,16.16665206250015
6,26,1700,70,44,0,147,11,178.0,0.0
7,26,1700,70,44,0,87,6,142.0,0.0
5,26,1700,70,37,0,57,6,120.0,0.0
8,26,1700,70,40,1,67,8,98.0,95.6118937507745
4,26,2400,70,40,1,171,17,374.0,327.69222693585374
8,26,2100,70,47,0,69,5,140.0,0.0
8,26,2700,70,44,1,89,15,366.0,412.7237810795565
3,26,2600,70,47,0,183,9,274.0,0.0
10,26,1500,70,45,1,57,6,144.0,160.53688814419093
5,26,2000,70,37,0,109,8,246.0,0.0
7,26,3000,70,38,0,169,21,504.0,0.0
10,26,1800,70,36,1,97,12,276.0,114.80333344295788
6,26,1500,70,43,1,49,7,116.0,72.7717834768863
3,26,1900,70,48,0,47,4,92.0,0.0
6,26,2000,70,50,0,99,11,244.0,0.0
5,26,1900,70,50,1,0,0,0.0,0.0
3,26,3000,70,47,1,133,19,346.0,352.28506566900035
7,26,1900,70,40,0,67,10,134.0,0.0
6,26,2600,70,46,0,91,11,268.0,0.0
3,26,1600,70,48,0,47,4,80.0,0.0
6,26,2300,70,38,0,123,16,320.0,0.0
3,26,2300,70,42,1,125,12,246.0,184.45079792897525
5,26,2700,70,44,1,137,16,420.0,345.9385773401864
6,26,2800,70,44,1,109,20,446.0,422.26532043434287
7,26,1500,70,39,0,29,3,60.0,0.0
5,26,2700,70,43,1,91,17,332.0,439.4044648757612
6,26,2000,70,38,0,73,9,202.0,0.0
3,26,1900,70,48,1,37,2,38.0,38.19825594256988
4,26,1600,70,45,1,29,3,60.0,47.92894845919924
8,26,2200,70,45,1,75,13,220.0,232.69898697215245
10,26,2000,70,48,0,77,9,214.0,0.0
3,26,1700,70,37,0,63,8,138.0,0.0
3,26,2100,70,40,0,159,11,276.0,0.0
10,26,2900,70,39,1,107,22,456.0,527.5873267498808
9,26,1500,70,45,1,49,3,80.0,74.07691026263753
5,26,2000,70,40,0,71,11,216.0,0.0
9,26,2900,70,42,1,109,17,450.0,259.8843796219576
3,26,2300,70,46,0,83,8,202.0,0.0
4,26,2500,70,39,0,91,18,272.0,0.0
9,26,2500,70,37,1,97,24,536.0,454.8163513167495
8,26,2200,70,41,0,97,11,270.0,0.0
9,26,2000,70,38,0,63,13,246.0,0.0
7,26,1500,70,36,1,23,1,24.0,2.8284271247461903
7,26,3000,70,49,1,171,18,594.0,316.3484558167183
5,26,2400,65,49,1,103,7,170.0,146.771432170607
5,26,2700,65,36,1,125,24,428.0,380.1343675945163
5,26,1500,65,38,0,53,10,146.0,0.0
8,26,2200,65,44,1,61,6,62.0,118.11984996112244
5,26,1700,65,45,0,85,7,86.0,0.0
10,26,3000,65,43,1,227,22,722.0,566.1863073989599
6,26,2100,65,47,0,39,4,74.0,0.0
9,26,2900,65,49,0,57,13,364.0,0.0
3,26,1600,65,38,1,55,7,86.0,66.52220850557869
6,26,2000,65,39,0,39,4,106.0,0.0
9,26,2800,65,40,0,155,14,460.0,0.0
8,26,2100,65,43,0,41,8,178.0,0.0
5,26,1600,65,44,1,73,4,74.0,108.4169945311607
9,26,2700,65,49,1,85,11,248.0,153.21157598894308
3,26,2900,65,48,1,267,12,430.0,197.53264238152784
7,26,2100,65,35,1,67,14,212.0,160.17478462256693
10,26,2700,65,37,1,145,15,374.0,189.72745419507547
9,26,2300,65,38,0,83,14,314.0,0.0
9,26,1800,65,37,0,69,8,164.0,0.0
7,26,1900,65,47,1,71,9,122.0,120.16977473169536
10,26,2200,65,49,0,65,9,180.0,0.0
8,26,2200,65,50,0,69,6,150.0,0.0
7,26,2300,65,37,0,73,10,224.0,0.0
6,26,2500,65,38,1,57,10,190.0,122.70710656371368
10,26,2400,65,38,0,93,12,346.0,0.0
7,26,2200,65,38,1,83,15,288.0,197.43814128739916
10,26,2700,65,41,0,99,15,338.0,0.0
5,26,1700,65,41,1,59,7,88.0,97.59350065329001
7,26,2000,65,48,1,35,4,58.0,126.96365363227295
7,26,2500,65,36,0,193,18,410.0,0.0
3,26,2600,65,41,0,139,13,374.0,0.0
4,26,2600,65,42,0,163,11,258.0,0.0
9,26,2200,65,39,1,73,10,200.0,147.8863170049232
8,26,2600,65,42,1,93,18,446.0,309.00674449966965
4,26,2300,65,46,1,109,15,230.0,237.68462650302538
3,26,2900,65,50,0,209,17,468.0,0.0
3,26,2200,65,36,0,113,8,190.0,0.0
5,26,2100,65,38,0,69,9,242.0,0.0
7,26,2000,65,45,1,37,5,74.0,103.34537391009103
5,26,1700,65,47,0,33,3,66.0,0.0
10,26,2800,65,40,1,155,19,578.0,220.40415892898164
9,26,2700,65,38,0,103,18,436.0,0.0
3,26,2000,65,41,1,117,12,226.0,189.2377356354187
9,26,2900,65,50,1,103,14,302.0,415.55750673552245
8,26,2400,65,36,0,87,11,254.0,0.0
4,26,2200,65,42,1,111,13,232.0,168.71055217086789
3,26,2300,65,42,1,93,18,250.0,172.14035895628976
6,26,3000,65,48,0,101,10,348.0,0.0
6,26,2600,65,49,1,117,13,304.0,219.09577444348983
7,26,1800,65,49,1,89,9,130.0,61.700411999703
5,26,2100,65,49,0,79,6,120.0,0.0
6,26,2000,65,35,0,73,11,184.0,0.0
10,26,1500,65,41,0,47,2,48.0,0.0
6,26,1900,65,36,1,109,13,322.0,138.27737829507325
7,26,2800,65,35,1,79,20,412.0,263.19166960234344
10,26,2000,65,36,1,75,8,172.0,64.24561658948839
9,26,2600,65,38,1,53,14,256.0,232.2469132396036
9,26,2600,65,35,0,99,23,526.0,0.0
10,26,1600,65,42,1,31,2,32.0,62.18547474651632
7,26,1900,65,35,0,73,13,236.0,0.0
7,26,2100,65,47,0,127,9,244.0,0.0
6,26,2700,65,45,0,199,13,480.0,0.0
9,26,1900,65,39,0,71,10,188.0,0.0
6,26,2200,65,40,1,113,10,288.0,169.95917181607732
9,26,2600,65,39,1,53,16,350.0,407.6039932065332
4,26,2400,65,41,0,129,16,394.0,0.0
8,26,2300,65,48,0,165,6,242.0,0.0
7,26,2500,65,47,1,77,12,234.0,141.67123076860796
9,26,1600,65,49,1,57,4,58.0,49.77248108682555
8,26,2500,65,41,0,93,14,354.0,0.0
9,26,2900,65,38,1,107,23,590.0,459.0789548888337
10,26,2300,65,39,1,59,12,156.0,316.0456908635719
10,26,2700,65,46,0,53,16,348.0,0.0
5,26,1900,65,37,0,73,9,142.0,0.0
5,26,1600,65,40,0,49,7,132.0,0.0
10,26,1900,65,40,1,37,5,92.0,86.3628988338739
4,26,1800,65,50,0,77,5,110.0,0.0
3,26,2500,65,49,1,91,13,256.0,215.93504635396985
4,26,1500,65,36,1,45,8,104.0,71.91911928236682
8,26,2300,65,38,1,75,15,330.0,211.73574161446007
7,26,1900,65,43,1,63,10,164.0,214.5640731556261
10,26,1600,65,48,0,29,4,54.0,0.0
5,26,3000,65,38,0,147,22,446.0,0.0
8,26,1500,65,41,1,25,5,48.0,60.902182247660875
9,26,2200,65,38,0,121,10,310.0,0.0
9,26,2600,65,37,0,145,17,484.0,0.0
6,26,2700,65,40,1,95,13,274.0,226.77485784845567
10,26,2100,65,38,0,119,11,320.0,0.0
6,26,3000,65,37,0,159,24,550.0,0.0
6,26,2400,65,46,1,89,13,278.0,242.53654684522513
6,26,2200,65,46,0,163,8,230.0,0.0
8,26,2500,65,50,1,91,9,204.0,264.18090176838496
5,26,3000,65,38,1,167,23,478.0,281.9661336338707
4,26,2300,65,44,0,135,8,230.0,0.0
4,26,2700,65,45,1,145,19,366.0,373.7801965978834
7,26,2700,65,46,1,103,15,380.0,229.74004569750326
6,26,2700,65,49,1,99,12,262.0,144.85370510004742
4,26,2300,65,48,0,81,9,216.0,0.0
5,26,2500,65,43,0,93,8,212.0,0.0
4,26,1800,65,35,0,89,8,158.0,0.0
3,26,2200,60,38,1,133,12,276.0,159.4178757317414
7,26,1700,60,40,0,55,6,118.0,0.0
6,26,2700,60,43,1,143,20,384.0,321.11264550821
7,26,2900,60,42,0,109,19,434.0,0.0
6,26,2400,60,46,1,47,4,112.0,22.148165896676453
7,26,2800,60,49,0,103,11,356.0,0.0
5,26,2200,60,42,1,101,9,214.0,145.1975616909189
5,26,2000,60,39,0,39,3,102.0,0.0
5,26,2800,60,42,1,111,18,432.0,253.27786100710316
8,26,1900,60,39,0,69,9,166.0,0.0
7,26,2300,60,42,1,45,5,174.0,102.7073926814401
10,26,2900,60,44,0,99,13,430.0,0.0
4,26,1900,60,45,1,111,6,176.0,99.28731127677892
7,26,3000,60,49,1,103,6,232.0,74.17857595789918
3,26,2200,60,47,0,89,7,166.0,0.0
9,26,1600,60,38,1,31,5,80.0,59.58594066254197
5,26,2300,60,38,0,83,9,240.0,0.0
9,26,2700,60,47,1,101,18,514.0,301.1370759456829
10,26,2300,60,47,0,135,9,180.0,0.0
8,26,1600,60,48,0,25,2,48.0,0.0
7,26,2600,60,49,0,97,10,272.0,0.0
7,26,2600,60,50,1,99,12,250.0,384.27871433366676
7,26,2700,60,38,1,65,19,350.0,328.83674177919363
5,26,2700,60,36,0,157,20,424.0,0.0
9,26,1800,60,38,1,41,3,42.0,53.86826219840377
6,26,2700,60,42,0,145,12,452.0,0.0
9,26,2800,60,44,1,69,10,182.0,331.69701687045614
8,26,2400,60,44,0,43,8,198.0,0.0
7,26,2100,60,48,0,35,2,62.0,0.0
4,26,2100,60,50,1,57,7,140.0,216.51612935573448
10,26,1900,60,39,1,73,6,168.0,215.37403979019473
4,26,1900,60,35,0,69,6,154.0,0.0
3,26,2900,60,37,0,205,15,364.0,0.0
9,26,2600,60,42,1,69,16,326.0,288.1478165989337
5,26,1800,60,43,1,105,10,178.0,158.95499709921674
9,26,3000,60,45,1,71,19,330.0,377.3301551849091
4,26,1900,60,46,0,69,4,140.0,0.0
3,26,2700,60,38,0,249,20,450.0,0.0
8,26,2100,60,38,1,47,11,170.0,117.9075747469316
5,26,3000,60,41,1,127,18,370.0,300.06124975789675
6,26,1600,60,45,0,63,5,96.0,0.0
10,26,2300,60,44,0,79,13,228.0,0.0
4,26,1500,60,48,0,0,0,0.0,0.0
3,26,2900,60,48,1,167,15,310.0,330.44572329913143
5,26,1600,60,40,0,59,3,92.0,0.0
5,26,2200,60,40,1,131,14,262.0,170.20774378402476
4,26,2400,60,41,0,163,9,260.0,0.0
6,26,2200,60,45,1,105,8,264.0,192.5611337070156
10,26,2900,60,45,0,103,14,488.0,0.0
4,26,1700,60,46,1,39,4,68.0,36.44234919214993
5,26,2800,60,50,1,171,14,372.0,277.27958372807245
9,26,2000,60,36,0,65,8,174.0,0.0
6,26,2200,60,36,0,115,13,280.0,0.0
7,26,2800,60,37,1,105,20,334.0,311.1892830257281
7,26,2400,60,47,1,79,11,262.0,183.75387767543734
3,26,2400,60,38,1,113,19,280.0,318.92923843225265
8,26,2300,60,39,0,87,11,324.0,0.0
4,26,2800,60,47,0,143,13,362.0,0.0
6,26,2100,60,48,1,39,2,80.0,22.677583120434672
10,26,1900,60,36,0,37,6,102.0,0.0
9,26,2600,60,42,0,93,13,270.0,0.0
8,26,2400,60,50,1,83,5,170.0,82.84786898327458
9,26,1700,60,43,1,11,1,12.0,10.074009447944972
6,26,1900,60,45,0,65,5,128.0,0.0
9,26,2900,60,46,0,105,11,260.0,0.0
6,26,2700,60,44,1,93,11,268.0,226.0136608029808
5,26,1900,60,50,1,67,6,90.0,127.37186308760768
4,26,1600,60,41,0,29,5,54.0,0.0
10,26,1500,60,42,1,53,6,106.0,86.49531413477916
10,26,2200,60,43,1,63,9,136.0,178.4613595770514
8,26,2800,60,48,0,101,14,372.0,0.0
4,26,2700,60,46,0,151,16,426.0,0.0
9,26,2700,60,41,1,97,18,520.0,416.53531461313645
8,26,1800,60,42,0,63,6,136.0,0.0
3,26,2900,60,37,1,175,25,346.0,344.52193601409607
5,26,2100,60,37,0,41,6,146.0,0.0
3,26,1800,60,41,0,91,3,92.0,0.0
4,26,2700,60,47,0,97,11,270.0,0.0
9,26,2400,60,48,1,47,6,174.0,154.6255003287328
3,26,1800,60,48,1,63,7,94.0,166.76985475125002
9,26,2700,60,49,1,101,12,262.0,141.3282937400417
7,26,2500,60,39,0,195,17,470.0,0.0
9,26,2800,60,43,1,97,17,398.0,289.2674127023916
5,26,2800,60,43,1,119,16,268.0,267.5134900818293
4,26,2000,60,44,1,73,9,144.0,251.90653270085073
4,26,2900,60,47,1,139,21,360.0,361.50339841481787
10,26,2600,60,49,0,95,13,372.0,0.0
8,26,2900,60,48,0,169,11,450.0,0.0
4,26,2800,60,46,0,151,12,378.0,0.0
7,26,2300,60,35,0,83,17,354.0,0.0
7,26,1800,60,39,1,55,8,130.0,183.31208350072944
7,26,2000,60,39,0,57,7,184.0,0.0
5,26,1500,60,43,1,117,8,118.0,68.17113719066255
6,26,2500,60,42,0,91,12,346.0,0.0
5,26,1500,60,43,0,55,4,56.0,0.0
9,26,2700,60,44,1,99,14,442.0,335.3758788748832
8,26,3000,60,35,1,167,26,530.0,476.0916630940412
9,26,2000,60,36,0,107,14,288.0,0.0
3,26,1600,60,40,1,0,0,0.0,0.0
9,26,1500,55,43,1,25,2,44.0,26.852802339447333
8,26,1800,55,45,1,111,5,146.0,105.33407648643806
8,26,2800,55,44,0,141,9,412.0,0.0
9,26,2700,60,50,0,141,11,324.0,0.0
8,26,2900,55,44,0,95,6,186.0,0.0
5,26,1500,55,35,1,39,6,96.0,50.963078393665775
3,26,2500,55,35,0,265,15,458.0,0.0
9,26,2100,55,38,1,121,12,312.0,223.6287016531688
9,26,2200,55,47,0,83,8,210.0,0.0
4,26,2000,55,39,1,57,9,106.0,201.3576242521159
7,26,1600,55,37,0,25,3,38.0,0.0
3,26,1600,55,50,1,43,3,74.0,85.6538133869459
3,26,2800,55,43,0,203,14,404.0,0.0
6,26,2300,55,35,0,125,17,434.0,0.0
3,26,2700,55,36,1,149,19,342.0,237.9755374092985
9,26,2900,55,38,0,55,18,328.0,0.0
5,26,1700,55,44,1,33,4,58.0,76.46278135333857
7,26,1500,55,41,0,43,5,98.0,0.0
4,26,1700,55,39,1,113,10,228.0,217.85654686348286
6,26,2200,55,50,1,161,8,282.0,188.44054622372
7,26,2000,55,35,1,57,11,214.0,125.50835520695053
6,26,2600,55,36,0,97,17,378.0,0.0
6,26,1500,55,35,1,51,6,108.0,95.3380854176615
8,26,1600,55,38,0,63,12,182.0,0.0
10,26,2500,55,40,0,93,14,360.0,0.0
3,26,3000,55,39,1,149,22,390.0,510.1662796448717
3,26,1800,55,48,0,79,4,112.0,0.0
5,26,2300,55,44,1,51,4,88.0,89.57798693665843
3,26,2300,55,47,0,83,3,84.0,0.0
5,26,2200,55,46,1,91,10,202.0,123.7372902826444
7,26,2800,55,47,0,105,12,238.0,0.0
9,26,1500,55,48,1,0,0,0.0,0.0
3,26,2200,55,49,1,83,4,168.0,54.05437122772157
3,26,2000,55,48,0,143,9,214.0,0.0
3,26,2000,55,35,0,189,13,270.0,0.0
9,26,3000,55,39,1,119,22,560.0,449.0150513839507
7,26,1900,55,42,1,107,9,146.0,138.56513633397032
10,26,3000,55,39,0,117,17,434.0,0.0
8,26,2600,55,45,1,93,17,340.0,368.9123907957021
9,26,2200,55,45,0,43,5,108.0,0.0
7,26,3000,55,49,0,119,18,470.0,0.0
8,26,2800,55,35,0,55,13,296.0,0.0
8,26,1500,55,42,1,41,5,64.0,55.224879432596225
9,26,3000,55,44,1,57,10,260.0,153.51501539820026
5,26,3000,55,49,0,137,8,248.0,0.0
9,26,1800,55,50,1,35,3,100.0,50.442531596850095
10,26,2600,55,48,1,47,5,48.0,109.77202657912952
3,26,2200,55,47,0,93,6,172.0,0.0
4,26,2700,55,36,1,121,24,368.0,363.1482499828242
8,26,1700,55,39,1,31,1,32.0,40.41850672145132
4,26,2600,55,40,0,153,9,206.0,0.0
5,26,1700,55,48,0,29,5,82.0,0.0
5,26,1700,55,47,0,107,7,108.0,0.0
6,26,2500,55,48,1,93,11,220.0,247.97734325639115
3,26,2200,55,50,0,63,4,64.0,0.0
7,26,2200,55,36,1,85,12,352.0,158.0530518065946
8,26,2800,55,36,1,109,21,494.0,231.33711984543817
8,26,1800,55,40,0,59,7,128.0,0.0
4,26,1900,55,43,0,69,7,154.0,0.0
6,26,2700,55,44,0,145,15,426.0,0.0
7,26,3000,55,49,1,111,10,316.0,141.03446807880488
4,26,2500,55,48,1,169,13,318.0,308.8340231210253
10,26,2000,55,40,1,39,3,102.0,22.325153925573034
7,26,2000,55,43,0,81,10,264.0,0.0
5,26,1800,55,45,0,61,7,124.0,0.0
7,26,1900,55,47,0,139,6,176.0,0.0
4,26,1500,55,46,0,29,3,30.0,0.0
8,26,1500,55,47,1,25,2,38.0,41.620914712430974
5,26,2600,55,49,1,93,10,200.0,128.6472985744334
9,26,2500,55,35,1,95,18,400.0,190.8154484819547
6,26,1800,55,35,1,41,7,130.0,77.11046798662386
7,26,2000,55,35,0,97,9,186.0,0.0
6,26,2000,55,37,0,139,12,256.0,0.0
8,26,2500,55,35,1,89,14,280.0,192.94655830944072
8,26,2600,55,40,1,85,19,330.0,277.33474036018345
3,26,2700,55,49,0,95,8,234.0,0.0
9,26,2300,55,45,0,85,14,316.0,0.0
3,26,2800,55,44,1,177,15,470.0,360.0028242756486
7,26,2200,55,38,0,111,8,198.0,0.0
9,26,2900,55,40,0,107,18,444.0,0.0
3,26,2800,55,42,1,195,19,366.0,329.71553836855554
8,26,2200,55,48,0,113,8,214.0,0.0
5,26,2400,55,43,1,89,10,176.0,146.44060109926096
4,26,2500,55,39,0,183,16,396.0,0.0
7,26,1800,55,45,1,41,5,60.0,68.12125978189873
4,26,1700,55,36,0,59,6,116.0,0.0
10,26,2000,55,44,1,79,8,236.0,200.60984688789705
4,26,2500,55,44,1,93,6,146.0,167.7048696236395
3,26,2600,55,49,1,115,12,264.0,167.0830102818651
8,26,2600,55,50,0,59,4,156.0,0.0
9,26,3000,55,42,1,107,20,496.0,388.18829287973546
9,26,1700,55,41,0,55,3,62.0,0.0
8,26,2200,55,43,1,27,2,28.0,27.07459972053019
9,26,1900,55,44,1,47,4,48.0,59.45589286774686
6,26,1500,55,45,0,107,6,108.0,0.0
4,26,2100,55,49,0,77,7,110.0,0.0
3,26,2000,55,46,0,161,6,198.0,0.0
5,26,1900,55,36,0,63,9,194.0,0.0
8,26,2400,55,42,1,89,11,242.0,139.80901660558993
10,26,1600,55,44,0,31,4,102.0,0.0
5,26,2600,55,44,1,129,12,276.0,235.54051160207055
7,26,1700,50,44,0,63,4,78.0,0.0
8,26,2100,50,47,1,83,6,164.0,60.70312784344808
4,26,2800,50,47,1,111,10,216.0,104.35743287399384
10,26,3000,50,35,0,117,21,498.0,0.0
10,26,2800,50,37,1,101,17,490.0,389.7111176520362
6,26,2300,50,37,1,91,9,248.0,92.11978349003296
5,26,1600,50,48,0,61,3,94.0,0.0
3,26,1800,50,44,1,57,6,102.0,136.50686452827117
5,26,3000,50,41,0,115,11,354.0,0.0
3,26,2400,50,45,0,177,10,270.0,0.0
9,26,2300,50,36,1,41,4,156.0,49.63290113646846
5,26,1600,50,41,1,31,5,84.0,119.64762762726794
4,26,1700,50,38,0,67,6,118.0,0.0
4,26,1800,50,45,0,59,4,96.0,0.0
8,26,1700,50,48,1,11,2,22.0,42.0
5,26,2400,50,45,1,77,8,194.0,152.4303052548626
8,26,2800,50,50,0,107,11,300.0,0.0
3,26,2400,50,35,1,121,22,342.0,318.24461058720203
5,26,1800,50,39,1,49,8,134.0,248.17549216397865
10,26,2100,50,42,1,73,10,178.0,181.98195476788956
6,26,2100,50,40,0,79,9,196.0,0.0
5,26,2800,50,49,0,101,11,258.0,0.0
4,26,2500,50,46,0,95,11,318.0,0.0
9,26,2500,50,41,0,89,13,292.0,0.0
7,26,1600,50,37,0,57,3,58.0,0.0
7,26,1600,50,35,1,55,2,56.0,29.36115210393623
6,26,2900,50,39,1,103,18,432.0,502.0802691611796
10,26,1700,50,43,1,61,8,162.0,126.74288644074224
8,26,2900,50,47,1,139,13,338.0,176.68734341129752
4,26,3000,50,44,0,157,12,358.0,0.0
9,26,1900,50,50,0,67,10,202.0,0.0
5,26,2500,50,35,1,93,22,316.0,389.40004390339243
6,26,2700,50,43,1,101,14,320.0,316.88061750493364
10,26,1500,50,46,0,29,5,86.0,0.0
4,26,1700,50,50,0,97,4,98.0,0.0
3,26,2100,50,47,0,139,9,214.0,0.0
9,26,2400,50,50,1,47,6,170.0,163.79182321845465
3,26,2600,50,47,0,99,5,182.0,0.0
7,26,2100,50,35,1,79,14,308.0,147.01308942679728
4,26,2300,50,36,1,103,11,176.0,141.08152781253193
8,26,1900,50,36,0,63,6,100.0,0.0
4,26,1800,50,41,1,71,6,136.0,105.3820449044734
3,26,2200,50,43,1,59,7,150.0,146.4632115411004
8,26,2600,50,48,0,99,10,322.0,0.0
10,26,2500,50,49,0,133,8,228.0,0.0
10,26,1800,50,35,0,35,8,100.0,0.0
6,26,1500,50,35,1,1,1,2.0,6.0
10,26,2400,50,36,0,91,11,312.0,0.0
10,26,2900,50,38,0,111,14,468.0,0.0
3,26,2700,50,42,0,99,6,180.0,0.0
7,26,2300,50,48,1,55,5,94.0,184.75035432035537
10,26,1700,50,48,1,51,5,118.0,165.2780717552097
7,26,2000,50,35,0,103,10,212.0,0.0
3,26,1800,50,39,1,97,9,144.0,239.85587512304528
7,26,1800,50,35,1,87,9,182.0,101.11394608678545
9,26,2400,50,40,0,89,9,214.0,0.0
7,26,1700,50,43,1,31,4,62.0,46.424513211037294
4,26,1600,50,48,0,0,0,0.0,0.0
5,26,2700,50,50,1,143,6,200.0,164.4049468428935
8,26,2500,50,35,1,79,17,258.0,161.9588702081933
4,26,2300,50,38,1,53,10,164.0,123.01865042542748
6,26,2400,50,40,0,119,16,334.0,0.0
10,26,2600,50,40,1,93,12,288.0,148.27791363110035
10,26,1800,50,39,0,89,8,200.0,0.0
8,26,2100,50,49,0,41,4,160.0,0.0
9,26,2400,50,43,0,87,9,272.0,0.0
9,26,1800,50,40,1,35,5,102.0,84.10766482528011
5,26,1500,50,41,1,13,1,14.0,19.243471794573516
8,26,2300,50,45,1,85,12,268.0,211.20398641512804
7,26,2800,50,44,1,145,11,234.0,213.28409028004475
10,26,2900,50,43,0,107,12,312.0,0.0
6,26,2900,50,48,0,81,12,226.0,0.0
4,26,2500,50,46,0,97,12,238.0,0.0
9,26,2300,50,35,0,89,12,352.0,0.0
6,26,1700,50,35,1,61,5,124.0,52.34191177819433
8,26,2700,50,39,1,107,15,298.0,318.02515256798705
3,26,1700,50,36,1,27,3,48.0,16.335087491092576
10,26,2000,50,40,0,79,11,214.0,0.0
5,26,1700,50,42,0,59,5,92.0,0.0
10,26,2000,50,49,1,47,4,66.0,85.63200333284527
3,26,1500,50,39,1,55,7,90.0,142.77927371748322
6,26,1700,50,35,1,155,12,310.0,120.3092893849738
5,26,2400,50,38,0,129,10,310.0,0.0
7,26,2700,50,47,0,53,3,80.0,0.0
10,26,2700,50,35,0,91,16,426.0,0.0
4,26,2400,50,46,1,69,9,154.0,121.73057571682928
10,26,2600,50,45,0,87,7,200.0,0.0
9,26,2100,50,37,1,87,6,158.0,102.5910789486132
3,26,2900,50,41,0,301,14,468.0,0.0
3,26,2600,50,37,1,115,17,294.0,197.97329770948838
5,26,2700,50,40,0,127,20,492.0,0.0
10,26,2400,50,39,0,83,13,318.0,0.0
6,26,1500,50,43,1,29,2,54.0,31.6416329091944
4,26,2100,50,40,0,97,6,98.0,0.0
5,26,2800,50,38,0,165,21,590.0,0.0
10,26,2700,50,46,1,157,14,468.0,253.71094914756023
4,26,1600,50,46,1,49,5,112.0,83.49017732016065
5,26,2700,50,48,1,87,11,194.0,203.1892232360218
5,26,2400,50,37,0,143,21,396.0,0.0
7,26,2400,50,40,1,89,11,162.0,146.72057537519132
6,26,2800,50,48,1,133,14,320.0,307.89658807938594
7,26,1600,50,49,0,21,1,22.0,0.0
10,26,2000,50,36,0,59,6,80.0,0.0
4,26,2500,50,47,0,29,1,30.0,0.0
8,26,3000,50,43,1,91,18,380.0,364.48333852751284
10,26,2600,50,35,1,85,15,360.0,171.81767925485337
5,26,2900,50,37,1,103,25,330.0,435.8472163711967
6,26,1900,50,44,0,91,6,174.0,0.0
6,26,2600,50,46,0,133,11,264.0,0.0
8,26,2500,50,42,1,179,17,466.0,252.2536120187117
8,26,1500,50,40,1,21,2,24.0,20.89919845249423
4,26,1900,50,46,0,45,5,106.0,0.0
7,26,2200,50,50,1,73,9,202.0,240.7124005748397
8,26,2100,50,47,0,31,2,58.0,0.0
6,26,2600,50,46,1,109,10,210.0,150.82209587253428
10,26,1500,50,48,0,9,1,10.0,0.0
5,26,2400,50,41,1,133,11,352.0,179.68303276169806
5,26,2500,50,47,0,97,7,204.0,0.0
7,26,2800,50,45,1,75,16,318.0,411.8386090107221
8,26,2200,50,39,1,65,13,222.0,343.35591747176187
8,26,1500,50,46,0,45,2,46.0,0.0
4,26,2200,50,41,1,73,11,138.0,199.33159263735317
9,26,2800,50,50,0,105,8,344.0,0.0
10,26,2400,50,36,1,51,16,294.0,200.37879102604214
8,26,2100,50,46,0,23,1,24.0,0.0
6,26,2000,50,36,1,39,2,66.0,22.73703468529943
3,26,2000,50,36,0,97,10,198.0,0.0
4,26,2600,50,50,0,97,9,274.0,0.0
8,26,1500,50,39,1,27,1,28.0,41.85772052524432
7,26,2900,50,44,0,107,14,386.0,0.0
6,26,1600,50,46,0,19,2,20.0,0.0
6,26,2600,50,44,1,135,13,356.0,288.2281212238907
8,26,1500,50,41,0,19,2,34.0,0.0
10,26,2100,50,47,1,73,6,186.0,99.8270674427538
9,26,2200,50,47,0,79,7,140.0,0.0
6,26,2600,50,49,0,91,6,218.0,0.0
4,26,2200,50,47,1,39,5,92.0,76.02091172718163
7,26,2300,50,37,0,69,6,200.0,0.0
7,26,2300,50,36,1,71,14,240.0,119.32162516915743
6,26,1700,50,36,0,143,11,228.0,0.0
8,26,2400,50,45,1,85,7,228.0,159.24751843920953
10,26,1900,50,48,1,65,4,96.0,136.95647919874824
5,26,1500,50,39,1,71,6,142.0,217.02142855029538
7,26,2800,50,48,0,133,8,328.0,0.0
3,26,1700,50,35,0,61,5,148.0,0.0
9,26,2600,50,38,0,67,14,368.0,0.0
7,26,2300,50,42,1,85,8,232.0,174.66932323817062
5,26,1800,50,45,0,33,1,34.0,0.0
5,26,1900,50,39,0,83,10,246.0,0.0
5,26,1700,50,50,1,55,3,84.0,107.56474948121964
10,26,2100,50,38,1,65,10,156.0,118.53577550466825
6,26,1800,50,45,1,31,2,62.0,46.3153423174417
4,26,1800,50,44,0,37,6,108.0,0.0
4,26,2200,50,48,1,43,3,62.0,59.95593133957173
7,26,1900,50,49,0,57,4,58.0,0.0
4,26,2200,50,42,1,87,12,212.0,162.30769653432398
9,26,3000,50,36,0,115,13,408.0,0.0
8,26,1500,50,37,0,41,6,96.0,0.0
9,26,2900,50,42,1,107,15,308.0,189.61953090948631
7,26,2700,50,37,0,105,17,426.0,0.0
4,26,2800,50,44,0,251,17,494.0,0.0
9,26,2300,50,41,1,81,10,250.0,180.28853232003354
8,26,1500,50,48,1,25,2,26.0,26.453129955118165
3,26,1800,50,35,0,123,6,168.0,0.0
8,26,2400,50,36,1,137,15,314.0,174.55373116599085
8,26,2800,50,38,1,85,14,250.0,233.2363610386969
6,26,2100,50,44,0,69,7,110.0,0.0
5,26,1500,50,44,0,57,2,58.0,0.0
7,26,2800,50,49,1,47,7,228.0,103.68724866250231
6,26,2200,50,49,1,107,6,108.0,136.3504193056215
7,26,2600,50,35,0,125,20,454.0,0.0
8,25,2700,90,35,1,65,23,410.0,297.82147860719556
8,25,1900,90,36,1,63,16,190.0,217.41940938274064
4,25,2500,90,36,0,139,16,422.0,0.0
10,26,1900,50,39,0,67,5,166.0,0.0
7,25,1800,90,42,0,93,8,120.0,0.0
5,25,2100,90,39,0,125,10,216.0,0.0
9,25,1900,90,35,1,61,17,220.0,124.95068298185588
5,26,2000,50,48,1,45,3,46.0,91.6966233085356
6,25,1900,90,40,1,67,8,148.0,90.21948780772568
9,25,2400,90,44,1,67,10,216.0,190.4432868379394
4,25,1500,90,38,0,83,10,114.0,0.0
3,25,1900,90,48,0,117,7,192.0,0.0
9,25,1700,90,35,0,91,15,270.0,0.0
3,25,2800,90,38,0,185,21,506.0,0.0
3,25,2600,90,38,0,153,21,436.0,0.0
7,25,1500,90,41,1,37,7,126.0,160.32267929978204
4,25,1900,90,38,0,73,7,180.0,0.0
9,25,1700,90,48,1,65,5,116.0,167.3600310890459
9,25,2700,90,50,1,85,14,262.0,328.7652967846529
3,25,3000,90,50,1,187,15,400.0,438.94923564334056
7,25,1600,90,35,0,71,7,160.0,0.0
3,25,1500,90,35,1,81,9,136.0,63.79716621768074
7,25,1600,90,37,0,59,9,202.0,0.0
8,25,3000,90,38,1,99,23,392.0,427.7707168431892
3,25,2800,90,38,1,131,25,304.0,351.3789132872608
5,25,2800,90,43,0,103,15,350.0,0.0
7,25,2400,90,36,0,43,14,188.0,0.0
5,25,1600,90,42,1,83,5,142.0,80.57718387158427
5,25,2700,90,43,0,139,21,484.0,0.0
9,25,1700,90,47,1,29,5,56.0,25.271797897618374
8,25,1700,90,46,0,67,7,120.0,0.0
7,25,2600,90,49,1,55,14,206.0,128.876572273792
3,25,1500,90,37,1,37,6,76.0,43.277239004551035
3,25,2400,90,40,0,183,16,396.0,0.0
7,25,2900,90,50,1,99,12,340.0,395.06972979676283
9,25,2600,90,38,1,145,19,474.0,419.9856066930977
6,25,1500,90,38,0,51,7,132.0,0.0
5,25,1800,90,36,0,89,9,196.0,0.0
8,25,1600,90,48,0,41,4,92.0,0.0
3,25,2200,90,35,1,95,12,200.0,116.53897058351647
4,25,2300,90,43,1,83,12,264.0,225.79789709886163
8,25,1800,90,42,0,27,5,70.0,0.0
6,25,1700,90,40,1,53,6,54.0,59.050711115631955
9,25,2300,90,37,1,55,19,412.0,284.8595215304394
4,25,2800,90,41,0,203,22,494.0,0.0
7,25,2200,90,35,1,55,21,324.0,298.217533918183
9,25,1800,90,48,0,21,1,22.0,0.0
5,25,2000,90,44,1,69,13,160.0,198.12488609888987
7,25,1900,90,37,1,95,9,174.0,125.61950264980314
9,25,2900,90,46,0,105,14,486.0,0.0
8,25,2200,90,42,0,83,13,274.0,0.0
10,25,1900,90,39,0,109,12,276.0,0.0
10,25,3000,90,43,1,153,22,564.0,408.1043076393163
6,25,2200,90,38,1,79,18,290.0,282.8829892021287
5,25,2200,90,43,0,85,6,194.0,0.0
3,25,1600,90,41,0,87,8,166.0,0.0
8,25,2900,90,48,1,73,13,190.0,320.65225751654214
10,25,2500,90,37,0,95,17,364.0,0.0
3,25,2600,90,37,1,111,23,268.0,406.00956983861755
8,25,2200,90,48,0,149,12,264.0,0.0
8,25,2400,90,50,1,61,11,256.0,251.1070525923483
7,25,3000,90,38,1,79,23,384.0,363.6761242925218
9,25,1600,90,49,0,29,5,70.0,0.0
8,25,2400,90,37,0,119,15,360.0,0.0
9,25,2300,90,46,0,41,7,126.0,0.0
5,25,1900,90,46,0,31,4,54.0,0.0
4,25,2700,90,47,1,97,17,366.0,310.4731741300342
4,25,2700,90,49,1,153,16,336.0,208.57327327036697
8,25,2900,90,36,1,65,25,410.0,363.99473377968485
10,25,1900,90,36,1,35,8,112.0,62.47067737648142
7,25,2400,90,39,0,127,17,498.0,0.0
7,25,2000,90,39,0,75,10,252.0,0.0
4,25,2200,90,42,1,123,9,202.0,168.50784120893368
4,25,2100,90,43,1,97,6,158.0,76.51354902454638
8,25,1500,90,38,1,45,10,164.0,100.86487629387942
6,25,1700,90,49,0,63,3,64.0,0.0
3,25,1900,90,40,1,109,12,198.0,134.0329657815956
6,25,1700,90,36,0,61,12,146.0,0.0
5,25,2800,90,44,0,145,16,438.0,0.0
5,25,2200,90,49,0,103,9,208.0,0.0
9,25,2300,90,38,1,125,15,384.0,264.83927639120316
5,25,1500,90,46,1,35,4,66.0,32.87168707048448
8,25,2100,90,40,0,75,13,268.0,0.0
3,25,1700,90,42,1,65,8,148.0,147.26564827195617
3,25,2900,90,50,0,231,14,338.0,0.0
3,25,1800,90,37,1,89,13,174.0,157.6507865459518
8,25,1600,90,47,0,83,6,106.0,0.0
7,25,1700,90,50,1,27,2,54.0,56.371325572838984
10,25,2600,90,47,0,49,9,242.0,0.0
6,25,3000,90,38,0,169,23,596.0,0.0
10,25,2500,90,39,1,97,6,222.0,171.5944538561274
8,25,2400,90,43,0,127,11,300.0,0.0
9,25,2400,90,45,0,117,8,236.0,0.0
7,25,2400,90,47,1,67,11,144.0,96.48514457445232
9,25,2600,90,41,0,97,16,448.0,0.0
5,25,2300,90,47,1,53,7,180.0,107.73028220153842
8,25,2100,90,44,0,107,8,192.0,0.0
4,25,1500,90,40,1,73,7,182.0,133.69116905259463
4,25,2600,90,44,0,119,16,344.0,0.0
8,25,1600,90,49,1,57,4,74.0,57.89287823380717
4,25,1800,90,42,0,105,7,166.0,0.0
7,25,3000,85,41,1,161,24,510.0,401.5017156824365
9,25,1900,90,50,1,57,7,154.0,112.11255687061036
3,25,1500,85,36,1,35,5,36.0,21.616941824981364
8,25,2500,85,39,0,135,20,522.0,0.0
4,25,1800,85,38,1,73,10,194.0,109.3817250493593
9,25,2400,85,45,1,83,9,270.0,183.1205230661329
4,25,2200,85,48,0,87,11,214.0,0.0
3,25,2600,85,38,1,221,17,378.0,207.85179938795523
7,25,2800,85,45,0,139,17,488.0,0.0
9,25,2100,85,35,1,55,18,328.0,276.82749819254934
7,25,1600,85,50,0,23,2,24.0,0.0
6,25,1600,85,42,0,31,3,62.0,0.0
8,25,1700,85,39,0,31,5,100.0,0.0
5,25,2200,85,38,1,115,12,254.0,237.43373640408865
10,25,2300,85,39,1,77,16,362.0,332.04636894903564
5,25,2700,85,46,0,149,13,396.0,0.0
9,25,2900,85,35,1,93,23,456.0,352.10831602422496
5,25,2700,85,48,0,139,12,346.0,0.0
9,25,2800,85,43,1,69,14,378.0,289.597076434636
9,25,1600,85,43,0,57,6,86.0,0.0
6,25,1600,85,44,0,29,3,56.0,0.0
7,25,2000,85,48,0,61,7,176.0,0.0
4,25,2400,85,46,1,139,10,340.0,214.00148160613236
5,25,1700,85,40,0,57,6,124.0,0.0
8,25,1600,85,36,1,49,7,110.0,47.519795828553306
6,25,2800,85,48,1,71,19,288.0,559.6202481043427
4,25,1600,85,44,0,85,8,144.0,0.0
6,25,1500,85,50,1,55,7,76.0,141.68976914420324
9,25,2700,85,45,0,53,12,252.0,0.0
8,25,2500,85,38,0,141,17,342.0,0.0
6,25,2200,85,38,1,67,19,248.0,388.2115278162268
7,25,1500,85,49,1,57,6,156.0,74.413925742751
7,25,2500,85,44,1,63,16,226.0,365.9308410259281
10,25,2200,85,48,0,77,9,156.0,0.0
9,25,3000,85,43,0,159,21,584.0,0.0
3,25,2800,85,35,0,157,24,404.0,0.0
5,25,2200,85,49,1,75,6,176.0,65.11317281697008
4,25,2400,85,48,0,125,14,330.0,0.0
4,25,2600,85,47,1,145,12,298.0,155.00060080243227
10,25,1500,85,49,1,29,5,86.0,48.023823614258326
8,25,1500,85,46,0,25,2,48.0,0.0
8,25,2300,85,49,0,75,7,184.0,0.0
7,25,3000,85,46,1,111,23,420.0,413.8196242279166
6,25,1800,85,43,1,95,5,156.0,71.81264763549805
4,25,1500,85,46,0,47,7,106.0,0.0
9,25,1700,85,35,1,43,8,150.0,117.33325682902176
3,25,2800,85,49,1,95,19,264.0,282.45199043592476
8,25,3000,85,35,0,59,23,420.0,0.0
10,25,1900,85,42,0,65,9,180.0,0.0
3,25,1700,85,37,1,69,13,150.0,173.06282494751704
8,25,1600,85,45,0,85,7,108.0,0.0
10,25,2200,85,47,1,81,9,252.0,175.70214477254584
10,25,1800,85,37,1,47,11,196.0,148.84556714579975
6,25,1700,85,44,0,33,6,130.0,0.0
9,25,1600,85,44,1,87,7,132.0,214.11950454040775
10,25,2900,85,46,0,113,18,526.0,0.0
3,25,2800,85,47,0,249,15,370.0,0.0
9,25,2500,85,44,0,129,11,334.0,0.0
6,25,2300,85,48,1,61,9,146.0,160.96011360537744
4,25,2400,85,40,1,113,19,264.0,256.70527861467366
7,25,2300,85,44,1,83,10,242.0,232.4026068348223
9,25,2000,85,47,0,55,6,94.0,0.0
5,25,1800,85,42,1,69,10,138.0,149.58965073453552
10,25,1500,85,42,0,41,3,72.0,0.0
4,25,1500,85,50,0,47,6,76.0,0.0
5,25,2800,85,39,0,163,19,560.0,0.0
8,25,2400,85,38,1,67,20,284.0,250.8511021996606
4,25,2400,85,35,1,101,20,296.0,293.2201106844851
9,25,2500,85,40,0,97,19,510.0,0.0
10,25,2200,85,48,1,69,6,182.0,124.17259298053901
8,25,1600,85,45,1,47,6,80.0,134.12670041608982
8,25,1800,85,41,0,71,9,232.0,0.0
10,25,1700,85,47,0,47,6,112.0,0.0
6,25,2800,85,36,0,109,23,350.0,0.0
6,25,1500,85,37,0,55,4,112.0,0.0
10,25,2300,85,43,1,87,11,312.0,285.5576214026741
10,25,1700,85,47,0,33,5,94.0,0.0
8,25,3000,85,44,1,115,20,422.0,420.4862521949456
6,25,2800,85,43,1,123,24,408.0,417.39754028317606
6,25,2100,85,49,1,109,10,188.0,136.50387486210005
4,25,3000,85,37,1,137,24,390.0,414.3761920274954
9,25,2100,85,39,0,121,11,296.0,0.0
5,25,1600,85,41,0,75,9,136.0,0.0
3,25,2900,85,45,1,171,21,382.0,446.34075339948316
7,25,1600,85,47,1,31,1,32.0,17.86773258897442
6,25,2000,85,48,0,117,8,216.0,0.0
4,25,2700,85,50,0,51,9,190.0,0.0
4,25,2700,85,35,0,149,21,446.0,0.0
7,25,2200,85,42,1,111,12,340.0,213.42417428591074
6,25,1600,85,35,1,41,8,122.0,73.95681445812669
10,25,1600,85,49,0,81,5,112.0,0.0
10,25,2200,85,46,1,79,9,216.0,180.88101720214516
7,25,2800,85,49,1,103,11,352.0,218.28300536000089
7,25,1600,85,35,0,57,9,148.0,0.0
9,25,2700,85,35,1,99,23,388.0,236.5927509061591
3,25,1500,85,50,0,47,3,76.0,0.0
6,25,2500,85,37,1,83,19,276.0,324.45340456308776
9,25,1900,85,44,1,63,9,180.0,231.24233521867117
6,25,2200,85,49,0,81,12,280.0,0.0
6,25,1600,85,50,0,73,8,132.0,0.0
6,25,2300,80,37,1,105,19,302.0,197.0373941370186
3,25,2900,80,36,0,253,22,574.0,0.0
9,25,1700,80,39,0,55,6,88.0,0.0
4,25,2800,80,40,0,153,21,458.0,0.0
4,25,1500,85,50,0,23,4,38.0,0.0
9,25,2000,80,47,1,37,2,58.0,23.894975449614407
7,25,2500,80,48,1,97,8,262.0,203.80973274711073
4,25,2900,80,40,1,157,24,402.0,384.8030370624865
3,25,1800,80,38,1,57,10,134.0,114.86359405073463
10,25,2000,80,38,1,57,13,176.0,155.47907353690832
8,25,3000,80,43,0,107,14,376.0,0.0
7,25,2600,80,35,0,97,23,502.0,0.0
10,25,1500,80,49,0,29,5,86.0,0.0
5,25,3000,80,46,1,101,18,334.0,285.6725524981659
3,25,2500,80,48,0,95,10,224.0,0.0
5,25,1500,80,38,0,57,7,132.0,0.0
4,25,1800,80,41,0,61,3,90.0,0.0
6,25,2900,80,43,1,145,22,434.0,531.128199761174
4,25,1600,80,41,1,89,13,250.0,290.9413817790561
4,25,2900,80,40,0,155,17,392.0,0.0
10,25,2700,80,44,1,149,16,394.0,379.4532127594557
5,25,1900,80,40,1,73,10,176.0,179.02439134699674
6,25,2700,80,37,0,151,17,470.0,0.0
7,25,1900,80,47,1,67,6,158.0,69.14207985263211
10,25,2500,80,43,1,53,12,316.0,262.0518249060539
7,25,2800,80,46,0,153,17,424.0,0.0
7,25,2100,80,41,1,57,11,174.0,264.2954236698257
4,25,2800,80,48,0,165,14,368.0,0.0
8,25,2900,80,41,0,165,19,664.0,0.0
10,25,2900,80,36,0,145,23,598.0,0.0
7,25,2500,80,37,0,95,17,464.0,0.0
9,25,2700,80,38,0,105,19,408.0,0.0
10,25,1500,80,42,1,29,3,52.0,51.80769671602993
9,25,1600,80,43,1,39,4,72.0,76.49956786300534
5,25,2800,80,45,1,159,20,416.0,346.0321653996918
10,25,2700,80,39,1,69,16,334.0,396.7513218544248
4,25,1600,80,36,1,69,11,168.0,99.48795274570323
3,25,2900,80,39,0,219,20,540.0,0.0
10,25,1700,80,35,0,55,7,102.0,0.0
9,25,3000,80,44,1,85,19,420.0,573.0617150727146
7,25,1500,80,44,1,57,3,58.0,60.20808122853001
6,25,2000,80,45,0,77,9,182.0,0.0
4,25,1600,80,50,0,37,5,90.0,0.0
6,25,2900,80,42,1,103,20,396.0,257.49929917048433
8,25,2700,80,42,0,143,17,524.0,0.0
8,25,2500,80,43,0,91,11,270.0,0.0
4,25,1700,80,43,0,59,7,152.0,0.0
4,25,2500,80,46,1,95,11,238.0,172.86821208125565
3,25,2700,80,48,1,89,13,224.0,250.68033594376777
3,25,2200,80,49,1,73,11,126.0,198.62783465450323
7,25,1600,80,37,0,79,6,132.0,0.0
7,25,2900,80,44,0,155,16,396.0,0.0
7,25,2600,80,49,0,145,7,240.0,0.0
7,25,2100,80,35,1,53,18,262.0,228.1454662007765
6,25,1900,80,49,1,35,5,66.0,47.70612653441748
7,25,1700,80,47,1,37,4,68.0,89.63308601892808
8,25,2800,80,49,0,109,11,250.0,0.0
7,25,2500,80,49,1,65,12,254.0,166.16103265550862
6,25,3000,80,35,0,165,22,516.0,0.0
5,25,1700,80,36,0,65,8,192.0,0.0
4,25,2000,80,39,1,89,13,234.0,277.0021452377816
9,25,1800,80,40,1,59,9,222.0,115.38307654484521
6,25,2300,80,36,1,47,7,182.0,118.21304645051586
8,25,1900,80,47,0,35,5,96.0,0.0
4,25,1700,80,46,1,29,3,46.0,49.28954042021491
7,25,1800,80,48,0,53,3,78.0,0.0
6,25,2000,80,49,1,121,9,234.0,117.92285098981725
10,25,2600,80,44,0,87,13,310.0,0.0
6,25,1500,80,37,1,35,7,64.0,96.25676160005999
5,25,2900,80,50,0,167,20,632.0,0.0
10,25,2500,80,45,0,91,11,296.0,0.0
9,25,1800,80,47,1,33,5,66.0,46.67501953710558
9,25,1700,80,36,0,57,10,192.0,0.0
3,25,2700,80,45,1,117,20,274.0,477.42339538030626
6,25,2300,80,47,0,71,10,158.0,0.0
9,25,1700,80,38,1,41,6,88.0,77.00613636520677
6,25,2300,80,43,0,77,8,158.0,0.0
3,25,2500,80,44,0,131,8,256.0,0.0
9,25,2900,80,47,1,107,11,362.0,195.1222052505622
10,25,2800,80,46,1,107,13,364.0,159.99437818881393
6,25,1700,80,46,1,13,2,14.0,13.338471932718052
3,25,2000,80,48,0,145,7,186.0,0.0
9,25,2300,80,37,0,89,16,362.0,0.0
6,25,1700,80,40,0,59,6,114.0,0.0
10,25,1500,80,41,1,27,4,54.0,101.90112631636887
4,25,2300,80,44,0,165,10,236.0,0.0
5,25,1900,80,47,1,83,9,120.0,160.32895930709105
10,25,2300,80,49,0,117,6,154.0,0.0
9,25,2500,80,44,1,129,14,372.0,314.4667882630855
3,25,1800,80,47,1,61,9,146.0,152.72484438767205
4,25,2400,80,35,1,85,21,278.0,231.62205529276997
6,25,2000,80,39,0,91,12,160.0,0.0
9,25,2400,80,38,1,97,14,338.0,191.4080953621858
10,25,2100,80,42,0,81,13,328.0,0.0
4,25,2300,80,44,0,157,13,284.0,0.0
8,25,1600,80,49,1,3,1,4.0,0.0
10,25,2100,80,38,1,73,9,190.0,147.7204105157217
3,25,2300,80,44,0,85,8,238.0,0.0
10,25,2100,75,36,1,79,16,322.0,148.89128912042867
8,25,2700,80,39,1,73,18,318.0,378.1199121955562
3,25,2500,80,48,0,139,15,306.0,0.0
8,25,1800,75,39,0,55,11,174.0,0.0
9,25,1800,75,44,1,37,6,104.0,144.26993299164883
10,25,2300,80,49,0,121,8,198.0,0.0
9,25,2500,75,40,1,137,15,370.0,230.77621643451087
10,25,3000,75,39,1,117,22,616.0,463.6841434098073
6,25,2400,75,41,0,77,7,214.0,0.0
6,25,2500,75,50,0,91,11,294.0,0.0
4,25,2400,75,47,0,133,11,304.0,0.0
9,25,1800,75,42,1,63,8,104.0,126.47795296129
5,25,1900,75,40,1,73,13,256.0,187.18929268104822
6,25,1600,75,35,1,83,9,172.0,59.96347524458567
8,25,2400,75,36,0,93,21,458.0,0.0
8,25,2000,75,47,0,39,4,96.0,0.0
6,25,2000,75,44,0,39,8,146.0,0.0
7,25,2900,75,43,0,111,20,440.0,0.0
9,25,1600,75,45,1,75,5,108.0,124.59282277236852
5,25,2400,75,44,1,91,11,228.0,236.52557178542781
4,25,2300,75,35,1,87,16,266.0,262.5791558494125
7,25,1900,75,47,0,67,7,198.0,0.0
6,25,2300,75,37,0,113,13,230.0,0.0
5,25,2200,75,48,0,107,13,320.0,0.0
10,25,2200,75,49,1,51,7,172.0,108.9716616142136
9,25,1600,75,46,0,35,3,68.0,0.0
6,25,2900,75,50,1,197,17,482.0,347.25758786968487
6,25,2100,75,37,1,83,13,342.0,174.27993113091014
9,25,2000,75,38,1,63,10,246.0,145.29348759588297
9,25,3000,75,38,0,163,20,602.0,0.0
9,25,2900,75,48,1,111,13,526.0,364.6585401236114
10,25,1800,75,37,0,63,11,224.0,0.0
7,25,2800,75,36,1,153,22,466.0,288.4269405848616
4,25,2000,75,46,0,33,2,56.0,0.0
8,25,1700,75,37,0,61,8,120.0,0.0
10,25,3000,75,37,0,111,22,502.0,0.0
6,25,2100,75,37,0,109,10,240.0,0.0
10,25,2300,75,40,1,55,14,288.0,210.29456720520096
5,25,2800,75,49,1,151,13,314.0,197.22751088826928
5,25,2600,75,46,1,65,11,242.0,183.0398164411831
4,25,2200,75,50,1,87,6,132.0,166.20347239660921
10,25,2900,75,50,0,111,10,422.0,0.0
5,25,2600,75,37,0,153,20,576.0,0.0
7,25,2200,75,36,0,79,12,280.0,0.0
9,25,1800,75,35,1,71,15,236.0,170.4998317722729
9,25,1700,75,38,1,97,9,186.0,134.07559856785724
6,25,2900,75,40,0,107,18,446.0,0.0
6,25,2400,75,38,1,97,16,244.0,288.5744921539319
10,25,2000,75,48,0,47,5,118.0,0.0
9,25,2100,75,41,1,45,9,112.0,145.153240256167
9,25,2700,75,37,1,103,21,468.0,370.2120138547589
7,25,1500,75,45,0,65,3,66.0,0.0
4,25,3000,75,39,1,169,23,458.0,522.6581115368919
5,25,2700,75,36,0,145,19,470.0,0.0
6,25,2900,75,47,0,161,17,374.0,0.0
7,25,1900,75,47,1,71,8,134.0,160.52933570937464
3,25,1500,75,49,0,29,4,48.0,0.0
7,25,2800,75,39,1,81,23,364.0,515.5970914139825
10,25,2900,75,36,1,55,20,380.0,265.16962563540136
5,25,2500,75,44,0,137,9,300.0,0.0
8,25,1700,75,46,0,23,2,42.0,0.0
10,25,2700,75,45,0,97,14,274.0,0.0
3,25,2900,75,49,1,115,17,222.0,193.69897719859418
8,25,1800,75,50,1,55,10,194.0,335.0839765065924
3,25,3000,75,35,0,199,22,424.0,0.0
7,25,2500,75,35,0,139,21,474.0,0.0
3,25,1800,75,40,0,71,5,126.0,0.0
9,25,2900,75,42,0,107,15,442.0,0.0
5,25,2600,75,45,1,131,14,308.0,266.7294288339079
8,25,1900,75,44,1,101,6,150.0,164.0040308895912
6,25,2200,75,49,1,69,11,222.0,138.3954069652813
3,25,1500,75,37,0,59,6,112.0,0.0
9,25,2000,75,39,1,65,11,226.0,286.7026369466687
9,25,2400,75,39,0,83,15,380.0,0.0
3,25,2500,75,49,1,115,12,214.0,142.58257821391283
6,25,2800,75,44,0,87,13,360.0,0.0
8,25,2500,75,49,1,93,9,164.0,91.55222254238888
6,25,1600,75,46,1,0,0,0.0,0.0
10,25,1500,75,36,0,29,5,88.0,0.0
6,25,2700,75,38,1,91,22,326.0,450.3883755407201
5,25,2500,75,40,0,99,11,266.0,0.0
6,25,2500,75,42,0,135,6,162.0,0.0
3,25,2900,75,42,1,139,23,364.0,286.06064642185447
7,25,1700,75,47,0,33,7,92.0,0.0
3,25,1500,75,37,1,107,10,136.0,135.09854054891406
8,25,1800,75,48,1,65,6,118.0,157.45374689801912
7,25,1500,75,38,1,31,5,60.0,57.58221090066284
8,25,2200,75,37,0,145,19,358.0,0.0
9,25,2200,75,37,1,77,17,310.0,333.02189992781587
6,25,1800,75,35,0,61,7,118.0,0.0
3,25,1800,75,49,1,77,6,78.0,60.78577628127845
9,25,2400,75,46,0,87,11,260.0,0.0
5,25,1600,75,49,0,61,4,118.0,0.0
8,25,2300,75,39,1,43,10,228.0,266.0778393657719
4,25,1800,75,39,0,89,8,200.0,0.0
7,25,2700,75,44,1,81,14,288.0,305.41344019197805
3,25,2800,75,45,0,305,13,570.0,0.0
8,25,1700,75,46,1,107,8,140.0,113.48951679488897
8,25,1600,75,41,1,43,5,70.0,90.09393458224098
6,25,2300,75,39,0,81,13,260.0,0.0
3,25,2300,75,46,0,91,6,190.0,0.0
5,25,1800,75,39,1,53,10,176.0,237.14376766260403
3,25,2200,70,38,1,115,17,322.0,259.1405082147131
10,25,1700,70,35,1,63,9,194.0,99.65865539112097
9,25,1500,70,35,1,55,6,116.0,66.24715598667746
6,25,1500,75,44,0,55,5,84.0,0.0
5,25,2900,70,38,0,153,21,464.0,0.0
4,25,2600,70,39,0,139,16,362.0,0.0
9,25,2700,70,35,1,99,20,420.0,276.53220839918345
3,25,2400,70,48,0,121,6,204.0,0.0
5,25,2700,70,36,0,199,23,472.0,0.0
6,25,2200,70,44,1,55,12,140.0,230.247468104117
9,25,1600,70,49,0,45,4,70.0,0.0
7,25,2400,70,43,1,85,13,272.0,246.95200030633262
3,25,1500,70,42,0,55,4,90.0,0.0
9,25,1800,70,44,1,81,12,280.0,306.2565142842131
10,25,3000,70,49,0,117,16,412.0,0.0
9,25,2300,70,47,1,73,6,114.0,63.519424781068984
4,25,1500,70,48,0,83,5,110.0,0.0
10,25,2600,70,45,1,61,10,254.0,202.59730200991513
6,25,2500,70,39,0,123,18,434.0,0.0
9,25,1900,70,39,1,37,7,110.0,164.45287851849113
9,25,2000,70,40,0,75,8,202.0,0.0
9,25,2200,70,42,0,63,14,180.0,0.0
10,25,2600,70,46,1,51,11,290.0,184.19156151249382
8,25,2500,70,41,0,95,13,402.0,0.0
9,25,2500,70,35,0,99,16,380.0,0.0
5,25,2200,70,50,1,125,9,218.0,176.35538873768152
7,25,2300,70,43,1,109,8,210.0,150.22400085860534
9,25,2800,70,43,1,121,17,518.0,329.85866053931034
7,25,1900,70,40,1,99,10,248.0,135.50493502352958
5,25,2600,70,46,0,99,14,422.0,0.0
7,25,2300,70,36,1,91,20,350.0,339.9595076615672
6,25,2700,70,43,1,109,17,316.0,348.61454907292205
4,25,2600,70,49,0,131,13,394.0,0.0
8,25,2500,70,40,0,91,17,388.0,0.0
5,25,3000,70,50,1,111,12,328.0,317.42520682984093
4,25,2800,70,48,0,137,10,328.0,0.0
3,25,2400,70,47,0,111,12,232.0,0.0
4,25,2000,70,38,1,103,15,296.0,190.66365061124773
5,25,1800,70,41,1,41,6,106.0,104.84549064738431
3,25,1700,70,43,1,53,3,84.0,73.45764658789824
6,25,2600,70,47,0,145,13,354.0,0.0
8,25,2200,70,40,0,81,11,236.0,0.0
8,25,2400,70,46,1,97,11,270.0,231.11675248062488
10,25,1600,70,49,0,27,2,50.0,0.0
9,25,2100,70,36,1,41,8,182.0,103.41034017106324
3,25,1600,70,47,0,61,5,138.0,0.0
9,25,1800,70,39,1,69,13,244.0,395.9949816943647
5,25,1500,70,36,1,67,10,130.0,70.35179963367203
8,25,1700,70,38,1,55,9,162.0,55.22124877893803
5,25,2100,70,35,0,81,18,294.0,0.0
10,25,3000,70,41,0,115,21,506.0,0.0
7,25,2700,70,48,0,185,15,390.0,0.0
9,25,1500,70,49,0,21,3,58.0,0.0
3,25,1900,70,35,1,151,11,226.0,105.41598464426501
6,25,1500,70,39,1,41,3,72.0,102.64866073526022
8,25,2600,70,37,0,153,18,416.0,0.0
9,25,1500,70,40,0,49,4,78.0,0.0
4,25,2800,70,39,1,127,20,364.0,509.21981596525796
8,25,1700,70,40,1,93,9,200.0,120.14320938467169
3,25,2500,70,43,0,233,15,342.0,0.0
9,25,2100,70,37,0,79,9,242.0,0.0
3,25,2200,70,37,1,127,12,258.0,134.60628317454422
9,25,1700,70,36,1,59,9,148.0,79.85173559156357
5,25,1900,70,41,0,67,7,106.0,0.0
4,25,1800,70,45,0,27,1,28.0,0.0
6,25,2300,70,37,1,129,17,348.0,292.92801772979215
6,25,2000,70,46,1,69,7,184.0,75.5966938995322
9,25,2400,70,45,0,93,10,318.0,0.0
10,25,2500,70,35,0,97,11,334.0,0.0
9,25,1800,70,48,0,63,6,126.0,0.0
9,25,1700,70,46,1,43,7,78.0,79.99107092960327
10,25,2500,70,40,1,59,14,246.0,186.829566638266
9,25,2200,70,46,1,79,5,172.0,90.02610877044296
8,25,1500,70,45,0,23,2,24.0,0.0
4,25,1600,70,48,0,47,4,80.0,0.0
9,25,2200,70,41,0,81,9,156.0,0.0
10,25,2700,70,44,1,99,19,442.0,454.62959757050197
5,25,2400,70,45,0,115,13,274.0,0.0
3,25,2400,70,45,0,83,8,174.0,0.0
7,25,1700,70,41,1,41,6,86.0,140.95312554413368
9,25,2800,70,38,0,105,19,432.0,0.0
6,25,2900,70,49,1,143,24,506.0,411.07234688846927
6,25,2100,70,38,0,115,9,268.0,0.0
6,25,2300,70,50,1,75,7,156.0,199.966510470643
7,25,2000,70,35,1,91,14,170.0,153.04598480900447
8,25,2400,70,48,1,77,10,168.0,210.39257045089283
6,25,2800,70,45,0,111,16,390.0,0.0
4,25,2000,70,48,1,131,6,162.0,169.8268758706512
7,25,2400,70,37,0,133,16,492.0,0.0
7,25,1800,70,35,1,45,8,116.0,112.0819133104349
3,25,2100,70,36,0,147,9,252.0,0.0
7,25,2200,70,46,1,73,4,108.0,71.99733661598587
8,25,2000,70,36,0,79,12,234.0,0.0
3,25,2000,70,42,1,111,9,176.0,144.9258876202525
7,25,2900,70,49,0,157,9,258.0,0.0
10,25,2500,70,44,0,143,18,496.0,0.0
6,25,2100,70,45,1,65,4,142.0,130.6972601789268
9,25,1500,70,39,1,29,2,30.0,29.768097923490338
4,25,2500,70,42,0,155,16,420.0,0.0
6,25,2100,70,40,0,111,9,212.0,0.0
4,25,2900,70,47,1,159,14,406.0,253.7452868328295
6,25,2700,65,41,0,143,14,386.0,0.0
4,25,2100,65,38,0,111,9,188.0,0.0
6,25,2400,65,45,1,81,9,254.0,176.28142625708875
6,25,2800,65,41,0,107,13,310.0,0.0
4,25,2600,65,49,1,121,8,224.0,82.12497411261513
10,25,1700,65,46,1,33,2,60.0,34.81244020549522
9,25,2900,65,46,1,103,15,354.0,180.97414349854705
4,25,2000,65,40,0,75,6,166.0,0.0
5,25,2800,65,35,0,157,22,346.0,0.0
4,25,2600,65,39,1,107,18,330.0,314.9795297627308
5,25,2700,65,39,0,149,16,474.0,0.0
10,25,2000,65,36,1,71,12,204.0,149.96921488886525
5,25,2000,65,43,1,71,7,156.0,104.52158876722719
10,25,2900,65,36,1,61,24,408.0,312.2225282622769
6,25,2500,65,43,0,145,11,408.0,0.0
6,25,2300,65,36,0,75,12,274.0,0.0
9,25,1600,65,38,0,61,6,138.0,0.0
9,25,2200,65,37,1,75,16,296.0,232.19991746248326
3,25,3000,65,41,1,145,24,374.0,353.7669887756864
3,25,2700,65,41,0,175,17,374.0,0.0
4,25,2300,65,42,1,61,9,190.0,91.39670707660537
8,25,1800,65,39,0,35,2,70.0,0.0
4,25,1600,65,45,0,31,5,58.0,0.0
3,25,2800,65,43,1,205,14,358.0,227.07041273199823
5,25,2800,65,47,1,113,12,300.0,187.0554335612826
9,25,3000,65,43,1,101,18,490.0,384.99076455522504
9,25,2800,65,42,0,53,9,280.0,0.0
7,25,2100,65,44,1,49,6,146.0,207.6896839896196
10,25,1900,65,36,0,59,8,206.0,0.0
8,25,2900,65,46,0,89,11,324.0,0.0
5,25,2300,65,44,1,87,15,256.0,236.65663231315926
10,25,2700,65,35,1,59,22,468.0,328.0122547318562
10,25,1700,65,38,0,81,7,174.0,0.0
4,25,2700,65,49,0,137,9,256.0,0.0
3,25,1900,65,39,0,103,13,260.0,0.0
9,25,2500,65,41,1,89,13,292.0,224.39985042153805
5,25,2600,65,47,1,123,16,322.0,258.8514433975063
3,25,2900,65,43,0,163,18,462.0,0.0
5,25,1500,65,37,1,91,5,92.0,75.3222660759035
10,25,1800,65,37,0,67,8,172.0,0.0
9,25,2900,65,42,0,109,14,352.0,0.0
10,25,1500,65,43,1,51,6,114.0,80.64381365684497
4,25,1800,65,50,1,33,3,66.0,36.12518855601652
5,25,2000,65,35,1,47,4,48.0,30.644818787100892
5,25,2100,65,41,0,67,8,180.0,0.0
8,25,1900,65,41,1,75,8,184.0,150.87727823594304
5,25,2700,65,42,0,175,10,316.0,0.0
8,25,2300,65,36,1,89,16,420.0,182.3434748160168
10,25,3000,65,35,1,71,24,500.0,412.1210271308788
8,25,1900,65,41,0,67,5,106.0,0.0
9,25,2700,65,44,0,155,14,444.0,0.0
7,25,1900,65,36,1,95,11,228.0,131.79249585668762
4,25,1800,65,46,0,49,3,60.0,0.0
7,25,1900,65,44,0,37,4,104.0,0.0
5,25,2300,65,44,1,45,5,168.0,188.22116352140495
9,25,2400,65,50,1,0,0,0.0,0.0
3,25,2000,65,44,1,95,9,134.0,168.79445089592863
6,25,2800,65,47,0,103,9,374.0,0.0
8,25,2300,65,49,0,121,9,268.0,0.0
7,25,2900,65,44,0,193,14,304.0,0.0
9,25,1900,65,35,0,71,7,198.0,0.0
9,25,2200,65,43,1,57,9,182.0,149.4694780466299
6,25,2100,65,35,1,153,6,234.0,60.1513779207439
4,25,1700,65,43,0,33,3,34.0,0.0
10,25,1900,65,45,1,37,4,96.0,64.37161829026229
10,25,2000,65,37,0,75,9,248.0,0.0
6,25,3000,65,49,1,117,15,320.0,242.97506807792485
7,25,2300,65,49,0,117,7,186.0,0.0
3,25,1500,65,44,1,139,8,170.0,163.1989489267283
6,25,3000,65,45,0,111,16,310.0,0.0
10,25,2400,65,47,1,77,5,190.0,79.53602149913137
8,25,2100,65,38,0,51,10,198.0,0.0
4,25,2000,65,40,0,73,10,202.0,0.0
9,25,2700,65,44,0,99,17,392.0,0.0
9,25,2500,65,44,1,83,13,282.0,371.90199164816323
10,25,2700,65,44,1,79,13,304.0,363.829406690632
8,25,2600,65,42,1,83,16,302.0,278.78566495288965
9,25,1500,65,41,0,71,5,102.0,0.0
3,25,1600,65,42,0,53,4,54.0,0.0
5,25,1800,65,44,1,31,2,32.0,34.52375830845923
5,25,1900,65,47,0,91,6,128.0,0.0
10,25,1800,65,50,1,35,7,142.0,142.3379092619788
3,25,3000,65,48,1,141,17,340.0,476.2283246539164
8,25,3000,65,46,0,113,15,474.0,0.0
3,25,2800,65,42,0,193,18,496.0,0.0
10,25,1700,65,43,1,99,8,194.0,108.64625963699494
3,25,2300,65,40,0,163,9,248.0,0.0
9,25,2600,65,48,1,59,10,188.0,285.65216106868263
4,25,2000,65,40,1,173,15,276.0,179.76428392213904
8,25,2700,65,49,0,103,10,304.0,0.0
9,25,2200,65,48,1,81,3,120.0,62.92808728478136
9,25,2000,65,37,0,77,11,214.0,0.0
6,25,2600,65,35,1,93,20,390.0,235.63872064541513
5,25,2000,65,38,0,151,12,216.0,0.0
5,25,2500,65,37,0,175,16,418.0,0.0
8,25,1900,65,41,1,63,9,156.0,248.00979022987138
10,25,2900,65,41,1,111,17,472.0,397.73613454157027
7,25,2800,65,43,0,165,16,418.0,0.0
10,25,1500,65,36,1,29,3,58.0,16.46368529501698
8,25,2900,60,38,0,103,20,576.0,0.0
7,25,1600,60,39,1,53,9,132.0,179.15151462103003
5,25,1700,60,42,0,89,8,144.0,0.0
5,25,1500,65,43,0,35,3,36.0,0.0
7,25,1500,60,44,1,51,5,126.0,157.82094966687956
6,25,2900,60,36,0,167,22,492.0,0.0
8,25,2800,60,50,1,133,13,314.0,223.83810345927978
3,25,2900,60,50,0,135,11,310.0,0.0
9,25,2000,60,43,1,75,8,228.0,119.23637130221482
6,25,2900,60,46,1,103,15,352.0,219.52533719593316
8,25,2600,60,46,0,139,11,364.0,0.0
10,25,2300,60,49,1,129,9,298.0,171.35831909748796
10,25,2300,60,41,1,127,7,212.0,125.09008833200528
10,25,2600,60,38,0,97,15,406.0,0.0
7,25,1600,60,40,0,43,2,44.0,0.0
5,25,2000,60,35,1,71,7,150.0,113.70684577960473
5,25,1800,60,48,0,31,3,32.0,0.0
4,25,1900,60,39,0,95,7,142.0,0.0
3,25,1500,60,35,1,23,1,24.0,14.537292555341066
3,25,2200,60,46,1,119,11,232.0,144.31940045236774
10,25,2100,60,38,0,31,3,82.0,0.0
9,25,1500,60,40,1,23,3,46.0,39.550318035705985
10,25,2900,60,37,0,111,22,522.0,0.0
4,25,2000,60,46,1,105,10,106.0,139.6801665453548
10,25,2900,60,43,1,57,12,300.0,268.7694688144554
9,25,1500,60,48,0,61,4,62.0,0.0
10,25,3000,60,38,1,73,21,496.0,412.2806457542265
6,25,1800,60,42,0,35,3,72.0,0.0
8,25,1600,60,39,1,35,6,86.0,148.74486681016376
7,25,2900,60,38,0,129,21,424.0,0.0
4,25,1600,60,42,0,47,3,48.0,0.0
6,25,1600,60,45,1,27,2,48.0,26.778962997442644
7,25,1900,60,41,0,51,5,80.0,0.0
9,25,2000,60,45,0,33,3,90.0,0.0
10,25,1500,60,46,1,27,3,62.0,34.487957748161165
7,25,1500,60,36,0,47,6,108.0,0.0
7,25,2900,60,38,0,111,19,542.0,0.0
3,25,2500,60,38,1,119,14,270.0,211.4696653580024
4,25,1600,60,48,1,53,3,54.0,116.19632933700214
8,25,2700,60,46,0,173,9,262.0,0.0
3,25,2000,60,48,1,83,6,120.0,191.79620114441468
8,25,3000,60,49,1,69,13,314.0,166.6265262233411
4,25,2200,60,38,0,73,10,174.0,0.0
7,25,2800,60,39,1,63,18,330.0,421.3199996172062
9,25,2100,60,42,0,83,10,216.0,0.0
10,25,1500,60,37,1,47,5,110.0,56.39258101129669
3,25,1600,60,42,1,75,4,76.0,38.43989927430008
3,25,2100,60,50,0,181,10,254.0,0.0
6,25,3000,60,43,0,171,23,566.0,0.0
7,25,2600,60,35,0,93,10,306.0,0.0
3,25,2900,60,41,1,113,21,282.0,495.06539660057194
9,25,2200,60,41,1,47,8,130.0,127.99510508430905
6,25,3000,60,43,1,99,14,246.0,287.22292195168274
7,25,1600,60,45,1,49,4,50.0,85.36400581097533
3,25,2600,60,46,0,181,11,354.0,0.0
9,25,2600,60,48,0,127,9,308.0,0.0
4,25,2800,60,36,0,191,16,518.0,0.0
9,25,2700,60,39,0,101,19,392.0,0.0
4,25,1600,60,39,1,45,5,76.0,130.7531196227412
9,25,2100,60,40,1,37,5,74.0,74.05849008374722
9,25,1900,60,39,0,61,10,190.0,0.0
8,25,2400,60,36,1,131,17,308.0,226.7494930987263
9,25,1700,60,47,0,61,4,94.0,0.0
9,25,1700,60,38,0,31,4,84.0,0.0
7,25,1700,60,49,1,45,5,78.0,46.08780719483818
8,25,1700,60,40,1,59,3,72.0,29.611511569093512
3,25,2300,60,49,1,85,7,148.0,99.68566327105074
10,25,3000,60,50,0,115,13,304.0,0.0
8,25,2400,60,40,1,89,14,310.0,210.86776566624027
8,25,1800,60,47,0,35,3,90.0,0.0
6,25,2100,60,40,1,61,15,236.0,214.43674256068627
10,25,2400,60,40,0,79,12,282.0,0.0
3,25,3000,60,42,0,169,14,398.0,0.0
10,25,2800,60,48,1,101,15,396.0,368.79454790241937
7,25,2300,60,49,0,165,11,320.0,0.0
8,25,1800,60,36,0,27,2,56.0,0.0
4,25,1500,60,39,1,45,5,66.0,112.23290153081076
6,25,2400,60,36,0,105,15,366.0,0.0
9,25,2200,60,43,1,85,7,186.0,92.3082504827759
10,25,2800,60,35,1,163,21,584.0,304.30355334407807
9,25,1800,60,37,0,55,8,164.0,0.0
3,25,3000,60,45,0,351,15,496.0,0.0
8,25,1700,60,46,1,47,7,124.0,93.5392402922742
5,25,2100,60,49,1,37,4,92.0,43.047763239847875
5,25,1600,60,38,0,155,11,216.0,0.0
5,25,1700,60,41,1,47,4,114.0,99.59219592424165
9,25,2100,60,39,1,79,7,188.0,148.67038332650282
4,25,1600,60,39,0,71,5,98.0,0.0
10,25,2100,60,44,0,75,6,150.0,0.0
9,25,1700,60,46,1,41,5,90.0,52.20692013379172
7,25,2600,60,46,0,123,13,294.0,0.0
8,25,2000,60,36,1,75,14,276.0,148.5282431667489
7,25,2200,60,39,0,127,10,304.0,0.0
6,25,1900,60,45,0,91,8,148.0,0.0
10,25,2300,60,47,1,63,12,266.0,219.77953969398214
4,25,2500,60,47,0,101,12,272.0,0.0
7,25,1800,60,50,1,31,3,62.0,23.957856670129555
6,25,2900,60,48,1,155,12,352.0,274.2795622683322
10,25,1600,60,36,1,57,7,158.0,38.86734688047672
4,25,2500,60,45,0,157,14,392.0,0.0
10,25,1500,60,46,0,57,4,84.0,0.0
5,25,1700,55,46,0,45,2,46.0,0.0
10,25,1800,55,47,1,93,6,186.0,91.64632778338668
6,25,1600,55,50,1,31,4,32.0,60.39871285635916
9,25,2700,55,35,0,101,22,416.0,0.0
5,25,2600,55,50,0,95,8,170.0,0.0
8,25,2300,55,40,1,61,13,298.0,131.38210754917125
4,25,2700,55,41,0,181,13,422.0,0.0
6,25,2800,55,35,0,103,15,286.0,0.0
4,25,2100,55,46,1,75,11,158.0,102.91209985860525
7,25,2900,55,48,1,179,11,446.0,387.11639790344816
3,25,2500,55,35,1,171,21,442.0,255.43708072790022
9,25,2500,55,46,1,175,8,276.0,115.21718487189395
4,25,2200,55,42,0,75,7,148.0,0.0
6,25,2800,55,40,1,139,10,288.0,209.10755964159586
9,25,1900,55,48,0,47,6,98.0,0.0
6,25,2200,55,48,0,59,3,100.0,0.0
9,25,1500,55,39,0,45,7,130.0,0.0
8,25,2200,55,48,1,95,4,96.0,93.19519748407559
4,25,2400,55,35,0,87,16,264.0,0.0
9,25,1700,55,35,1,69,9,160.0,80.50042186594516
10,25,2800,55,39,0,103,12,424.0,0.0
4,25,3000,55,43,1,141,19,366.0,310.51089408664546
7,25,2400,55,45,1,83,6,168.0,174.38148240065533
8,25,2800,55,47,0,105,12,298.0,0.0
3,25,2900,55,48,1,181,10,182.0,321.11244705006783
10,25,1900,55,40,0,71,6,138.0,0.0
6,25,2800,55,36,0,109,25,500.0,0.0
7,25,1800,55,41,1,67,4,138.0,69.98491436130607
7,25,2400,55,35,0,71,9,168.0,0.0
3,25,2800,55,37,1,121,19,268.0,362.34150352773855
5,25,1800,55,43,1,21,3,48.0,10.781989345202014
7,25,1700,55,46,0,65,7,172.0,0.0
8,25,2200,55,38,1,59,11,180.0,170.3895467043298
8,25,2400,55,46,1,59,10,152.0,85.20046917713441
6,25,2300,55,49,0,73,3,104.0,0.0
5,25,2100,55,47,1,65,6,142.0,67.61213713507442
10,25,3000,55,49,0,105,13,404.0,0.0
5,25,1800,55,50,1,65,5,66.0,81.98917371942927
4,25,2000,55,50,0,33,3,76.0,0.0
9,25,2800,55,44,0,103,12,432.0,0.0
5,25,2600,55,40,1,73,17,238.0,187.72999840242943
8,25,3000,55,37,1,175,21,632.0,354.4319227303561
10,25,2100,55,38,1,59,10,202.0,100.89333303390684
9,25,1600,55,43,0,53,5,78.0,0.0
3,25,2600,55,42,0,223,13,374.0,0.0
3,25,2700,55,35,1,131,24,332.0,245.22025582076654
6,25,2400,55,41,0,91,8,216.0,0.0
4,25,2500,55,49,0,85,7,202.0,0.0
7,25,2400,55,50,1,83,10,214.0,210.548802702146
5,25,1600,55,50,0,19,2,20.0,0.0
8,25,1900,55,36,1,49,10,152.0,89.80696770327297
10,25,2000,55,46,0,39,6,144.0,0.0
6,25,3000,55,48,1,213,11,388.0,242.2101584419634
5,25,2600,55,39,0,127,13,330.0,0.0
6,25,2900,55,42,1,107,14,286.0,224.9302334530359
6,25,2400,55,36,0,171,14,426.0,0.0
5,25,2100,55,41,1,109,15,296.0,280.05482778010776
8,25,2200,55,50,0,101,6,184.0,0.0
3,25,2100,55,50,0,35,1,36.0,0.0
9,25,1700,55,49,1,83,7,116.0,85.26242389670448
10,25,1600,55,38,0,55,6,102.0,0.0
9,25,1600,55,40,1,37,4,38.0,54.5014401436636
5,25,1900,55,40,1,81,6,124.0,102.42660221955376
8,25,2800,55,42,0,101,11,292.0,0.0
5,25,2900,55,43,1,95,16,270.0,417.1759830525409
7,25,1700,55,43,1,31,5,48.0,42.377832658622125
6,25,2100,55,45,0,69,7,212.0,0.0
4,25,1600,55,43,0,33,3,66.0,0.0
8,25,2000,55,41,0,105,12,234.0,0.0
5,25,3000,55,38,0,153,18,610.0,0.0
5,25,1700,55,47,0,27,1,28.0,0.0
6,25,1600,55,49,1,0,0,0.0,0.0
10,25,2700,55,47,1,93,12,394.0,175.79317687259362
8,25,2400,55,45,1,59,8,150.0,216.8283572082596
7,25,2800,55,36,1,87,19,360.0,222.49391145790602
7,25,1900,55,36,1,89,14,230.0,110.9865481702874
4,25,1900,55,41,1,125,6,126.0,160.1044925108295
8,25,1500,55,41,0,27,4,76.0,0.0
6,25,1700,55,42,0,55,5,84.0,0.0
7,25,2700,55,40,1,177,8,370.0,144.11964031614556
4,25,2300,55,50,0,45,7,158.0,0.0
9,25,2200,55,40,0,123,5,158.0,0.0
9,25,1600,55,40,0,45,4,68.0,0.0
10,25,2600,55,44,1,99,9,292.0,195.0213451081302
6,25,1700,55,44,1,41,3,42.0,68.39039374211193
7,25,2800,55,47,1,99,15,236.0,113.63963965957355
6,25,2900,55,47,0,155,9,364.0,0.0
9,25,2700,55,40,0,147,14,360.0,0.0
4,25,1800,55,37,0,105,8,218.0,0.0
9,25,1800,55,35,1,51,4,118.0,36.34252452156145
5,25,2600,55,39,1,65,9,166.0,141.7601183907025
6,25,1500,55,46,1,0,0,0.0,0.0
7,25,2700,55,48,0,85,9,232.0,0.0
8,25,2100,55,49,0,95,8,138.0,0.0
3,25,2600,55,48,1,105,9,190.0,240.348502537207
8,25,2400,55,36,0,129,17,376.0,0.0
10,25,2500,55,41,1,63,14,318.0,260.63873262556973
10,25,2100,55,44,1,69,6,198.0,188.41623576410507
10,25,1900,55,44,0,61,9,98.0,0.0
9,25,2300,50,45,0,89,8,166.0,0.0
10,25,2900,50,48,1,79,10,240.0,233.5933810910681
5,25,2400,55,48,0,91,7,206.0,0.0
8,25,2700,50,35,0,103,12,342.0,0.0
9,25,2800,50,37,1,95,10,306.0,156.53638187993025
3,25,2400,50,42,0,111,8,204.0,0.0
10,25,2200,50,39,0,43,10,192.0,0.0
5,25,1700,50,50,1,29,1,30.0,0.0
7,25,2100,50,42,1,105,11,278.0,178.79396610921003
7,25,1700,50,36,1,75,9,154.0,95.64719880843003
3,25,2200,50,36,0,81,6,162.0,0.0
9,25,3000,50,41,0,117,12,486.0,0.0
9,25,2500,50,45,1,131,15,374.0,291.1830150440829
9,25,2700,50,49,1,67,8,146.0,73.19839527266451
10,25,1800,50,35,1,69,12,236.0,121.25833098061032
10,25,1600,50,39,0,47,4,76.0,0.0
4,25,2600,50,37,0,149,18,428.0,0.0
7,25,2700,50,40,1,123,16,382.0,320.14444456704354
4,25,3000,50,38,1,89,17,292.0,276.0045264103255
10,25,2000,50,48,0,77,11,202.0,0.0
6,25,3000,50,45,0,167,18,468.0,0.0
9,25,1600,50,42,1,61,3,62.0,56.88763751705827
6,25,1800,50,45,0,61,4,94.0,0.0
9,25,2200,50,41,1,49,7,96.0,98.71985845722432
4,25,2600,50,44,0,103,13,334.0,0.0
4,25,2000,50,49,1,33,2,60.0,24.056270703587803
10,25,2700,50,48,0,51,10,246.0,0.0
4,25,2100,50,47,1,77,3,92.0,29.54359456022836
9,25,1700,50,42,0,25,3,26.0,0.0
6,25,1500,50,38,1,25,3,42.0,24.46169274502019
6,25,2000,50,41,0,69,6,142.0,0.0
10,25,2000,50,37,1,67,10,226.0,98.58133365243359
5,25,2700,50,46,0,89,6,184.0,0.0
8,25,1800,50,47,0,25,2,26.0,0.0
9,25,3000,50,35,0,107,21,614.0,0.0
3,25,2800,50,46,1,107,5,164.0,135.9876661273809
10,25,1700,50,47,1,41,5,70.0,58.65827687994495
8,25,2500,50,43,1,95,13,370.0,256.31715447538676
9,25,2800,50,35,1,61,18,266.0,291.29672524458755
3,25,1700,50,41,1,51,2,52.0,40.21919406015632
6,25,1700,50,43,0,79,5,114.0,0.0
5,25,1700,50,43,0,0,0,0.0,0.0
4,25,1600,50,43,0,23,2,24.0,0.0
10,25,2200,50,43,0,35,3,46.0,0.0
9,25,2300,50,44,1,83,11,294.0,287.09412776181284
9,25,3000,50,35,0,209,20,530.0,0.0
7,25,1900,50,41,1,69,4,108.0,99.10780299282764
5,25,2500,50,42,0,117,9,298.0,0.0
3,25,1600,50,44,0,63,4,94.0,0.0
9,25,1900,50,43,1,37,3,112.0,55.206324867285836
9,25,1800,50,45,1,59,5,156.0,75.7020535050349
6,25,2900,50,46,1,121,17,398.0,371.3315468485787
5,25,2300,50,37,0,115,11,286.0,0.0
10,25,2000,50,42,0,123,9,242.0,0.0
3,25,1900,50,42,1,9,2,10.0,17.99234743478869
5,25,2100,50,38,0,75,7,192.0,0.0
8,25,2200,50,41,1,61,8,174.0,142.10625402437142
5,25,2000,50,44,0,35,2,68.0,0.0
9,25,2400,50,49,1,77,5,154.0,57.24469765635863
7,25,2600,50,37,0,61,14,274.0,0.0
10,25,2200,50,41,1,61,9,172.0,142.65871580830697
3,25,2100,50,35,0,151,11,256.0,0.0
7,25,2800,50,43,1,97,18,380.0,328.0915780838915
7,25,2200,50,37,1,101,11,232.0,168.94475983227926
10,25,1700,50,49,1,27,2,50.0,25.20090706006221
4,25,2100,50,49,0,117,7,140.0,0.0
6,25,2300,50,35,1,73,12,242.0,165.04293164070535
5,25,1500,50,40,0,57,6,78.0,0.0
5,25,2700,50,44,1,163,13,422.0,373.97390179857376
7,25,2300,50,45,0,77,6,78.0,0.0
9,25,1700,50,41,1,53,5,130.0,127.18818682113894
10,25,2200,50,50,0,75,8,218.0,0.0
9,25,2300,50,45,1,89,5,148.0,119.30071186507362
10,25,1800,50,46,0,29,2,56.0,0.0
4,25,1700,50,49,0,65,4,66.0,0.0
8,25,1600,50,47,1,0,0,0.0,0.0
4,25,1600,50,37,1,89,7,142.0,69.80887114671613
4,25,2800,50,43,1,135,10,358.0,165.0580718467666
3,25,1900,50,49,1,29,2,60.0,37.720212795585255
6,25,2600,50,50,0,117,9,210.0,0.0
7,25,2900,50,50,0,141,12,350.0,0.0
6,25,1800,50,46,0,59,6,124.0,0.0
9,25,1700,50,46,0,57,8,144.0,0.0
10,25,2500,50,45,0,97,12,302.0,0.0
6,25,2000,50,40,0,85,7,182.0,0.0
8,25,1800,50,44,0,97,6,136.0,0.0
4,25,2400,50,40,1,199,16,340.0,187.52743345062186
8,25,2400,50,48,1,45,3,86.0,106.7478716415036
10,25,2200,50,46,1,115,8,318.0,109.86383934750486
3,25,2800,50,50,1,139,12,358.0,257.15863190643114
5,25,2600,50,35,1,143,17,462.0,230.32471202518104
10,25,1500,50,45,0,47,3,66.0,0.0
7,25,1900,50,35,0,71,6,160.0,0.0
7,25,2600,50,38,1,99,15,320.0,194.21710050662963
5,25,2500,50,43,0,105,10,284.0,0.0
9,25,1700,50,36,0,71,3,72.0,0.0
8,25,2700,50,39,1,101,15,414.0,459.30879125058505
8,25,2600,50,44,0,61,6,160.0,0.0
3,25,1900,50,50,0,143,5,144.0,0.0
5,25,1700,50,46,1,65,6,106.0,50.395733392996085
4,25,1500,50,44,1,23,3,24.0,57.51744624210705
7,24,3000,90,45,1,75,20,416.0,327.96493463597966
5,24,1600,90,37,1,79,7,110.0,88.73721483748122
4,24,2400,90,41,0,137,12,270.0,0.0
7,24,1900,90,48,1,101,4,116.0,174.28818354369605
8,24,2400,90,50,0,143,12,348.0,0.0
7,24,1500,90,50,0,0,0,0.0,0.0
3,24,2900,90,48,1,145,12,332.0,197.37771215226996
6,24,2600,90,48,0,49,6,174.0,0.0
5,24,2400,90,41,0,87,10,330.0,0.0
9,24,2300,90,46,1,65,13,220.0,216.73182554827287
9,24,2500,90,39,1,67,15,278.0,337.5318036848536
4,24,3000,90,36,0,227,20,514.0,0.0
3,24,2200,90,37,1,129,13,238.0,225.01530676176534
4,24,2300,90,38,1,143,22,332.0,458.7201361875577
3,24,2800,90,39,0,233,14,426.0,0.0
5,24,1500,90,37,0,51,6,110.0,0.0
9,24,2700,90,35,0,153,21,516.0,0.0
9,24,1700,90,46,0,55,5,86.0,0.0
8,24,2200,90,49,1,75,14,280.0,185.82316767551512
8,24,2100,90,49,1,39,7,138.0,84.26518038602181
8,24,2200,90,42,1,49,7,168.0,134.52492226850524
7,24,1700,90,36,1,93,11,166.0,113.87323795001114
7,24,2300,90,40,0,87,14,382.0,0.0
9,24,2300,90,42,0,91,8,254.0,0.0
8,24,1700,90,47,1,81,3,82.0,30.186660095376077
3,24,2500,90,41,1,111,20,304.0,290.06493254831605
10,24,2800,90,48,0,97,14,334.0,0.0
4,24,2100,90,37,1,103,17,308.0,220.73336709688633
10,24,2400,90,44,0,91,17,384.0,0.0
10,24,2400,90,42,0,83,13,286.0,0.0
10,24,2200,90,37,0,77,16,244.0,0.0
4,24,1700,90,46,1,67,7,186.0,82.02471759821465
4,24,2600,90,38,0,247,19,532.0,0.0
3,24,2400,90,42,0,199,13,360.0,0.0
6,24,2900,90,47,1,107,18,404.0,447.22850692048814
9,24,3000,90,42,1,163,22,536.0,327.8254427769677
9,24,2000,90,36,0,75,12,288.0,0.0
8,24,2200,90,46,1,103,7,154.0,58.25164994138041
8,24,2600,90,39,1,91,15,382.0,253.01534637985617
8,24,2900,90,41,1,103,16,424.0,275.7421333996985
3,24,1500,90,50,0,73,5,74.0,0.0
9,24,2600,90,35,0,149,20,520.0,0.0
3,24,2900,90,36,0,151,22,358.0,0.0
10,24,1800,90,42,1,35,6,130.0,99.74775511749463
5,24,2300,90,48,0,41,4,110.0,0.0
9,24,2700,90,39,1,127,19,372.0,386.7097193924628
4,24,2300,90,46,1,71,11,138.0,174.35933249232906
7,24,1600,90,36,0,87,10,198.0,0.0
8,24,2700,90,50,0,99,13,424.0,0.0
7,24,1500,90,41,1,53,6,136.0,112.42848468401033
9,24,2400,90,43,0,95,15,350.0,0.0
7,24,3000,90,43,1,111,16,436.0,293.095736801572
8,24,1800,90,46,1,41,6,128.0,82.41070327282661
3,24,3000,90,49,0,171,12,364.0,0.0
3,24,1500,90,40,0,29,3,60.0,0.0
3,24,2500,90,42,1,129,14,260.0,199.56369560120515
8,24,2700,90,44,0,101,16,306.0,0.0
6,24,2400,90,46,1,133,11,306.0,163.548185147459
3,24,1900,90,47,1,85,10,158.0,161.82096591359462
6,24,2100,90,46,1,51,10,90.0,63.91476244098804
9,24,2400,90,49,0,77,7,252.0,0.0
6,24,1700,90,37,0,57,10,142.0,0.0
7,24,2400,90,38,0,85,16,294.0,0.0
10,24,1700,90,37,1,33,8,148.0,83.47255139898469
8,24,2600,90,35,0,89,17,298.0,0.0
7,24,1600,90,48,0,27,3,56.0,0.0
8,24,1800,90,50,1,41,6,78.0,135.82596921689452
6,24,1500,90,38,1,27,7,122.0,37.75464930593305
3,24,2800,90,46,1,159,17,430.0,292.3708104166798
6,24,1700,90,37,0,91,6,126.0,0.0
10,24,1900,90,37,1,59,8,226.0,59.021550787564095
9,24,2800,90,42,1,109,19,488.0,412.1575323844832
10,24,2400,90,47,0,79,12,228.0,0.0
5,24,2500,90,43,0,177,16,350.0,0.0
3,24,2500,90,37,0,209,19,510.0,0.0
6,24,1800,90,45,1,49,11,124.0,176.22054298476857
8,24,1600,90,35,0,53,6,114.0,0.0
6,24,2000,90,35,0,71,10,274.0,0.0
3,24,2700,90,40,1,209,12,354.0,131.71464023388458
10,24,2900,90,45,0,145,20,540.0,0.0
6,24,1800,90,40,1,69,10,206.0,133.5341518833593
3,24,2500,90,42,0,139,17,410.0,0.0
3,24,2500,90,50,1,241,13,242.0,240.1107123117753
5,24,1800,90,50,1,47,10,120.0,251.15619243895574
5,24,1800,90,38,1,89,12,204.0,192.0350047710227
3,24,2600,90,39,0,283,19,508.0,0.0
5,24,1600,90,41,1,31,4,52.0,77.6108197913773
9,24,2100,90,39,0,83,16,408.0,0.0
5,24,3000,90,42,0,225,18,652.0,0.0
8,24,2100,90,43,1,53,10,194.0,201.67714836324154
3,24,2700,90,46,1,95,20,264.0,361.6441773954945
3,24,2200,90,35,1,119,16,294.0,229.4621161538572
10,24,2700,90,35,1,65,20,460.0,282.1319680148158
3,24,1600,90,36,1,69,11,168.0,70.99959853974752
5,24,1900,90,40,0,105,12,260.0,0.0
6,24,2400,90,40,0,123,15,380.0,0.0
6,24,2400,90,39,0,135,15,376.0,0.0
6,24,2300,85,37,1,77,13,340.0,141.36815042569074
9,24,1700,90,50,0,33,4,76.0,0.0
7,24,2400,85,42,0,121,12,304.0,0.0
3,24,1600,85,44,1,63,8,146.0,115.22177004474753
6,24,2100,85,49,0,39,4,98.0,0.0
8,24,2200,85,39,1,79,8,228.0,189.4724757395686
9,24,3000,90,50,0,111,14,380.0,0.0
3,24,2300,90,50,1,121,11,248.0,190.4199576880534
10,24,1900,85,36,1,67,14,210.0,164.4483959619066
6,24,1700,85,37,1,61,7,142.0,78.677131059838
6,24,1900,85,40,0,61,8,136.0,0.0
4,24,2900,85,47,1,127,15,336.0,347.2610011571353
7,24,2000,85,48,0,71,6,152.0,0.0
9,24,1800,85,49,0,61,6,122.0,0.0
10,24,2000,85,50,0,37,3,108.0,0.0
4,24,2700,85,38,0,151,21,480.0,0.0
5,24,1700,85,39,1,63,11,152.0,238.45868145141048
6,24,2800,85,47,1,95,11,274.0,156.85096600953753
3,24,2500,85,41,1,109,19,276.0,248.32553143093614
7,24,2100,85,39,1,67,16,272.0,444.77146599790655
9,24,2200,85,47,0,83,6,190.0,0.0
9,24,2000,85,39,0,35,5,84.0,0.0
7,24,2500,85,50,0,95,10,270.0,0.0
3,24,2600,85,38,1,115,21,292.0,372.7331381713391
4,24,2500,85,44,0,187,13,406.0,0.0
4,24,1800,85,49,1,41,5,70.0,69.24473005816772
6,24,2600,85,36,1,135,17,444.0,205.4169845721276
6,24,2900,85,36,0,105,21,414.0,0.0
9,24,2900,85,46,0,111,17,538.0,0.0
5,24,2700,85,43,1,259,19,542.0,415.96200477827443
10,24,2200,85,42,1,51,11,176.0,281.0664669957699
6,24,2900,85,36,0,89,22,412.0,0.0
9,24,2200,85,48,0,79,11,264.0,0.0
4,24,1700,85,37,0,125,11,252.0,0.0
9,24,1500,85,43,1,39,4,66.0,91.49689981920397
5,24,1800,85,47,1,69,7,172.0,130.05526694719453
9,24,2100,85,38,1,69,13,234.0,231.68400229809694
7,24,1900,85,46,0,57,4,84.0,0.0
6,24,1700,85,43,0,63,4,130.0,0.0
6,24,2600,85,35,1,95,24,416.0,351.03907388865315
9,24,2200,85,44,0,87,10,254.0,0.0
10,24,1500,85,48,1,43,3,74.0,100.76240247201001
9,24,1500,85,36,1,55,9,154.0,90.84084824331937
3,24,2000,85,39,1,107,13,250.0,301.7027907858516
10,24,2400,85,39,0,93,15,438.0,0.0
9,24,2500,85,35,1,87,20,396.0,249.9557593504882
6,24,1700,85,44,0,55,5,82.0,0.0
3,24,2600,85,35,0,245,17,480.0,0.0
7,24,2600,85,37,1,143,21,464.0,254.67753781620084
3,24,2300,85,45,0,155,7,198.0,0.0
4,24,3000,85,35,1,147,24,382.0,427.29147332682913
8,24,1500,85,47,0,29,6,92.0,0.0
7,24,2100,85,35,0,93,13,242.0,0.0
4,24,2900,85,42,1,85,15,310.0,250.75422930888004
8,24,2900,85,47,0,109,12,426.0,0.0
4,24,2700,85,49,1,93,14,338.0,246.6250067145835
8,24,2600,85,50,0,127,10,318.0,0.0
8,24,1800,85,35,1,37,9,140.0,97.3804915028778
6,24,2300,85,39,0,115,18,356.0,0.0
6,24,2700,85,41,1,103,21,396.0,305.7611905501698
9,24,2500,85,42,0,141,14,438.0,0.0
4,24,2000,85,43,0,103,7,142.0,0.0
8,24,2900,85,45,1,101,13,354.0,243.7825307600114
3,24,1500,85,49,1,29,4,76.0,38.1647089427959
5,24,1600,85,35,0,31,5,90.0,0.0
6,24,2100,85,39,1,97,9,196.0,200.31819006611175
8,24,2700,85,45,0,53,12,248.0,0.0
3,24,2000,85,37,1,113,12,300.0,120.68806115141216
4,24,2000,85,40,1,109,12,258.0,195.01229230916107
6,24,2900,85,35,1,149,23,418.0,310.9145128567212
7,24,3000,85,46,0,99,12,328.0,0.0
7,24,3000,85,40,1,103,18,310.0,300.29990095796416
5,24,1600,85,42,0,95,8,96.0,0.0
3,24,2100,85,37,1,109,15,216.0,276.62986575701706
6,24,2900,85,43,0,171,19,530.0,0.0
3,24,2900,85,40,1,127,23,332.0,416.75743929646035
8,24,2700,85,42,0,101,14,378.0,0.0
3,24,2400,85,50,0,159,9,200.0,0.0
5,24,1800,85,42,0,59,7,164.0,0.0
4,24,1900,85,46,1,63,8,116.0,34.23343615949772
5,24,2600,85,47,0,111,11,246.0,0.0
5,24,1700,85,41,0,67,7,156.0,0.0
6,24,2500,85,50,1,95,11,246.0,337.0520688864082
9,24,2600,85,43,1,93,18,400.0,273.1336833591905
6,24,3000,85,49,0,229,20,604.0,0.0
3,24,1700,85,50,1,41,4,42.0,98.64724162234647
4,24,2100,85,41,0,109,14,362.0,0.0
5,24,1700,85,47,0,79,7,170.0,0.0
7,24,2200,85,48,1,75,11,144.0,231.89395361723714
8,24,2200,85,46,1,75,7,148.0,65.56156290161819
5,24,1700,85,38,0,111,12,224.0,0.0
3,24,2800,85,42,1,115,16,322.0,220.15349556268205
8,24,3000,85,49,1,113,16,428.0,290.22542445193574
6,24,1900,85,50,0,69,8,150.0,0.0
10,24,2600,85,39,0,99,17,396.0,0.0
4,24,2500,85,42,1,83,19,244.0,293.73847467250533
7,24,1700,85,45,1,45,8,156.0,125.272979335642
4,24,2500,85,50,0,137,9,222.0,0.0
8,24,2400,85,36,1,57,19,292.0,240.90926463629216
10,24,2000,85,38,0,69,12,284.0,0.0
6,24,2600,85,38,0,99,16,320.0,0.0
7,24,3000,85,38,1,81,21,394.0,380.98164780347
7,24,1600,85,45,0,41,5,70.0,0.0
7,24,1900,80,41,1,73,7,156.0,128.94292946657907
4,24,3000,80,41,1,111,24,342.0,374.49703648095715
3,24,2700,80,46,0,239,16,438.0,0.0
4,24,2700,80,36,1,111,24,396.0,291.4950813042809
10,24,2600,80,36,0,101,19,468.0,0.0
3,24,2600,80,47,0,97,11,226.0,0.0
4,24,2400,80,49,1,115,6,202.0,60.27849783862638
6,24,2600,80,46,0,95,14,336.0,0.0
9,24,1600,80,35,1,31,6,106.0,85.81502515669355
9,24,2700,80,37,1,107,22,502.0,337.83686742262813
7,24,2200,80,40,0,81,10,220.0,0.0
10,24,1800,80,40,1,35,4,70.0,48.19933509108328
6,24,2000,80,44,0,67,6,68.0,0.0
4,24,1900,80,48,1,103,7,150.0,230.67344896448532
9,24,2800,80,50,0,111,8,268.0,0.0
10,24,2900,80,39,1,57,18,438.0,456.03873957769844
6,24,2300,80,39,0,101,12,310.0,0.0
4,24,2600,80,43,0,149,15,296.0,0.0
6,24,2400,80,43,1,107,11,244.0,198.7093170659658
6,24,1700,80,42,0,67,9,172.0,0.0
3,24,2800,80,49,1,145,12,302.0,206.06787998192948
8,24,2900,80,48,0,55,11,212.0,0.0
6,24,2300,80,45,1,73,3,110.0,43.68808729983015
3,24,2800,80,37,0,201,23,520.0,0.0
8,24,1500,80,35,0,89,9,146.0,0.0
10,24,2200,80,45,0,81,14,314.0,0.0
6,24,1700,80,47,1,65,3,100.0,33.29536728358837
9,24,3000,80,35,1,111,24,502.0,393.21477672510827
3,24,1700,80,46,1,107,6,164.0,85.91338832694107
7,24,2600,80,40,0,87,20,426.0,0.0
10,24,1500,80,37,1,27,4,78.0,40.454344536594604
7,24,2000,80,35,0,69,8,168.0,0.0
9,24,2900,80,38,0,85,17,466.0,0.0
5,24,2900,80,44,1,85,19,292.0,277.50310671249775
9,24,2200,80,44,1,49,12,210.0,252.8211091283333
7,24,1700,80,47,0,55,6,138.0,0.0
3,24,2600,80,47,1,105,11,270.0,147.79776656333294
8,24,2400,80,50,0,89,8,196.0,0.0
7,24,2500,80,39,1,69,14,246.0,334.00558530757564
8,24,2300,80,38,0,91,13,324.0,0.0
5,24,2100,80,39,1,167,12,364.0,236.15327403291082
6,24,2900,80,42,1,165,24,516.0,420.11551345868963
7,24,1700,80,47,0,107,8,142.0,0.0
5,24,2500,80,48,1,89,11,180.0,206.53010599539888
5,24,2600,80,50,0,103,10,300.0,0.0
7,24,2800,80,37,0,105,20,376.0,0.0
7,24,2600,80,40,0,147,21,334.0,0.0
8,24,2100,80,41,1,35,3,88.0,46.86456286288267
4,24,2400,80,41,1,201,15,260.0,234.56434217744157
7,24,2700,80,43,0,135,14,330.0,0.0
4,24,3000,80,41,1,149,23,340.0,386.9155490424112
3,24,2400,80,39,0,123,13,258.0,0.0
6,24,2300,80,42,1,85,9,204.0,105.39963049835242
9,24,2900,80,39,1,73,22,396.0,535.9038226137955
10,24,2200,80,36,0,75,15,296.0,0.0
5,24,1600,80,35,1,147,10,148.0,140.40631180864338
10,24,3000,80,36,0,89,20,380.0,0.0
8,24,2700,80,44,1,99,19,374.0,535.8028111303705
4,24,2700,80,46,0,203,15,400.0,0.0
8,24,2600,80,48,0,91,13,350.0,0.0
4,24,1700,80,37,0,57,9,142.0,0.0
8,24,1700,80,40,0,61,7,110.0,0.0
4,24,1800,80,41,1,31,3,90.0,51.89559109066141
6,24,2500,80,42,1,115,17,310.0,269.6767743856364
5,24,2800,80,40,0,155,19,502.0,0.0
7,24,2900,80,44,1,115,18,402.0,460.59889465531154
9,24,2400,80,41,1,183,13,358.0,272.0002250739133
7,24,1500,80,39,0,47,5,112.0,0.0
9,24,2000,80,38,1,59,16,262.0,308.4506576507181
3,24,2600,80,45,0,145,12,318.0,0.0
10,24,2300,80,40,0,89,11,268.0,0.0
3,24,3000,80,50,1,253,19,480.0,493.20314367238706
8,24,2400,80,46,1,123,17,364.0,304.9372308860186
7,24,2500,80,47,0,137,13,360.0,0.0
3,24,1600,80,46,0,57,6,82.0,0.0
8,24,2600,80,46,1,115,16,448.0,306.19881553358243
3,24,1900,80,47,1,97,7,164.0,110.68707648189555
6,24,2000,80,41,1,61,13,156.0,238.1315821912944
5,24,2600,80,49,0,175,11,354.0,0.0
7,24,2000,80,38,1,51,13,190.0,125.4099438691761
8,24,1500,80,47,0,27,1,28.0,0.0
7,24,2700,80,48,1,189,16,350.0,326.4719763533505
5,24,2800,80,48,0,111,9,216.0,0.0
8,24,2400,80,38,0,91,15,392.0,0.0
5,24,1900,80,49,1,103,12,252.0,149.73533026337617
7,24,1900,80,36,1,89,13,254.0,188.16641463736153
6,24,2000,80,50,0,67,6,180.0,0.0
4,24,2700,80,36,1,97,23,338.0,252.65165586522463
5,24,2500,80,44,1,155,16,272.0,300.61487623249496
9,24,2800,80,45,0,97,16,382.0,0.0
6,24,2800,80,44,0,101,16,466.0,0.0
8,24,1800,80,35,0,87,14,308.0,0.0
9,24,2200,80,45,0,67,8,134.0,0.0
3,24,2200,80,48,1,87,8,158.0,131.61923707702059
7,24,2000,80,38,1,83,13,250.0,128.01942594458293
6,24,2000,80,40,1,91,13,266.0,144.27253829299906
7,24,3000,80,39,1,79,23,416.0,605.3191979564573
5,24,2500,80,47,0,143,14,398.0,0.0
6,24,2900,75,38,1,107,23,460.0,418.7395791979874
10,24,1900,75,40,0,73,9,254.0,0.0
5,24,2700,75,39,1,75,21,256.0,338.5191782858879
10,24,1900,80,48,0,69,6,150.0,0.0
3,24,2400,80,48,0,153,11,308.0,0.0
7,24,2800,75,39,0,97,17,372.0,0.0
9,24,2800,75,37,1,157,18,406.0,424.1166910721265
7,24,1900,75,36,1,63,14,202.0,115.1993469359372
7,24,2300,75,41,1,91,17,354.0,287.77516529093356
9,24,1900,75,44,0,71,8,196.0,0.0
8,24,2200,75,46,1,81,5,164.0,55.0373551182652
7,24,2500,75,46,0,95,9,276.0,0.0
6,24,1600,75,48,0,51,3,78.0,0.0
9,24,1600,75,48,0,21,2,34.0,0.0
10,24,2200,75,37,0,85,15,288.0,0.0
4,24,1600,75,36,1,95,8,128.0,58.438166304130185
9,24,2400,75,41,1,87,12,206.0,161.17809692841817
8,24,2100,75,40,0,81,11,236.0,0.0
7,24,1600,75,47,1,79,7,124.0,124.55475443559601
3,24,3000,75,45,0,169,11,336.0,0.0
7,24,2300,75,42,0,63,8,102.0,0.0
4,24,2300,75,39,1,79,21,266.0,478.96029506764603
8,24,3000,75,48,1,149,13,340.0,313.5363615790391
3,24,3000,75,44,0,261,18,552.0,0.0
5,24,2700,75,39,0,143,19,554.0,0.0
9,24,1800,75,44,1,93,6,156.0,188.57712238051093
7,24,2900,75,44,1,67,14,346.0,312.23672325148834
5,24,2300,75,40,0,83,14,314.0,0.0
3,24,1900,75,45,0,109,7,182.0,0.0
7,24,2000,75,48,1,65,5,134.0,164.6153370126893
4,24,2900,75,46,1,103,14,272.0,259.42613275956796
7,24,2800,75,36,1,157,24,480.0,335.2374087711196
10,24,2300,75,38,1,91,15,416.0,238.75131724235317
8,24,1500,75,42,0,27,3,54.0,0.0
9,24,2500,75,43,0,133,13,464.0,0.0
8,24,2200,75,38,1,73,7,220.0,93.58285108402335
5,24,1600,75,48,0,47,4,98.0,0.0
10,24,1700,75,36,0,57,8,170.0,0.0
5,24,2600,75,38,1,135,19,312.0,337.6717913499604
5,24,2700,75,49,0,101,9,192.0,0.0
5,24,2400,75,45,1,95,15,292.0,304.73999762375394
3,24,2200,75,44,1,97,12,232.0,332.92888078083337
3,24,1800,75,46,0,69,10,206.0,0.0
6,24,1500,75,42,0,59,5,104.0,0.0
3,24,2200,75,42,1,49,6,84.0,80.88295434665874
8,24,2400,75,38,1,183,19,516.0,330.88973092146574
9,24,1800,75,42,0,55,7,160.0,0.0
4,24,2000,75,37,1,85,15,140.0,170.1486536464634
4,24,2200,75,39,0,121,12,320.0,0.0
4,24,3000,75,44,0,223,19,608.0,0.0
7,24,2900,75,36,0,139,21,476.0,0.0
9,24,1600,75,45,1,43,8,128.0,200.7836319953679
3,24,2500,75,35,1,125,20,292.0,296.5753479330139
7,24,1900,75,47,1,75,6,154.0,63.15682459276272
5,24,1600,75,48,0,53,4,54.0,0.0
6,24,1600,75,41,0,47,6,94.0,0.0
6,24,2500,75,43,1,119,16,328.0,292.4450739949824
3,24,2300,75,48,0,45,5,74.0,0.0
10,24,1900,75,40,0,37,8,172.0,0.0
8,24,2200,75,43,1,43,4,44.0,66.75157929713926
8,24,2700,75,35,1,95,23,356.0,293.63982334150825
7,24,2000,75,40,1,67,10,208.0,144.44526168627752
3,24,3000,75,45,0,219,15,372.0,0.0
3,24,2200,75,39,0,149,10,298.0,0.0
4,24,1500,75,47,0,67,5,126.0,0.0
6,24,2800,75,47,1,111,13,274.0,194.13830145087678
5,24,2800,75,40,1,81,18,306.0,198.88741384541163
10,24,1800,75,41,0,85,8,208.0,0.0
9,24,3000,75,38,1,113,24,574.0,401.54927804947187
8,24,2200,75,50,1,93,8,260.0,167.82167523928342
3,24,2100,75,39,1,113,16,250.0,305.9109391322238
7,24,1700,75,47,0,55,3,56.0,0.0
8,24,2200,75,44,0,49,6,124.0,0.0
10,24,2000,75,36,1,51,16,236.0,168.58502212553242
4,24,1900,75,36,0,119,10,256.0,0.0
8,24,1600,75,42,0,59,5,88.0,0.0
6,24,2900,75,41,1,109,21,426.0,437.44956339175775
3,24,2200,75,46,1,95,8,160.0,144.86624646129945
5,24,1900,75,48,0,71,4,78.0,0.0
9,24,2600,75,44,0,83,7,176.0,0.0
10,24,2700,75,35,0,99,16,368.0,0.0
10,24,2000,75,36,0,71,10,166.0,0.0
9,24,2400,75,41,1,89,13,342.0,260.4635739667376
6,24,1800,75,37,1,99,7,146.0,110.29696430359502
6,24,1900,75,47,0,65,4,136.0,0.0
4,24,2400,75,50,1,51,7,124.0,130.87565018300614
8,24,1900,75,46,1,51,4,112.0,82.31497879392161
5,24,2500,75,38,1,77,15,308.0,251.112440193011
4,24,2100,75,43,1,81,7,158.0,94.32842501283534
10,24,1600,75,43,0,55,3,78.0,0.0
6,24,1600,75,40,0,27,4,82.0,0.0
10,24,2900,75,49,0,111,14,358.0,0.0
3,24,2200,75,42,0,67,7,112.0,0.0
10,24,1500,75,49,1,0,0,0.0,0.0
7,24,2400,75,36,1,93,16,300.0,198.57876615585306
10,24,2900,75,39,0,109,18,474.0,0.0
9,24,2400,75,43,1,91,13,366.0,250.12468380194676
6,24,1900,75,40,1,85,14,186.0,169.3515217291773
7,24,2100,75,41,0,97,12,232.0,0.0
4,24,2400,75,46,1,135,13,340.0,215.88704577216245
5,24,2100,75,47,0,41,4,112.0,0.0
6,24,1700,70,42,1,59,6,138.0,140.46487275375594
9,24,2800,75,43,0,109,17,570.0,0.0
9,24,1800,70,41,0,35,5,86.0,0.0
9,24,2800,70,39,1,157,19,482.0,363.8800879471641
6,24,3000,70,42,0,167,23,644.0,0.0
7,24,1900,70,39,1,59,9,192.0,196.5612469253442
7,24,2900,70,46,0,105,13,384.0,0.0
10,24,2000,70,45,1,43,7,130.0,218.50116774451322
3,24,1700,70,41,0,67,5,98.0,0.0
9,24,1600,70,43,1,35,6,66.0,42.130787880503505
4,24,2800,70,37,0,241,20,404.0,0.0
4,24,2500,70,38,0,169,12,308.0,0.0
9,24,2400,70,38,0,79,13,272.0,0.0
6,24,2600,70,48,1,111,8,242.0,144.3102534283824
10,24,2700,70,48,1,51,8,212.0,164.96175347787542
6,24,2800,70,48,1,95,15,324.0,266.1295559028677
5,24,2100,70,46,0,69,5,108.0,0.0
9,24,2700,70,39,1,53,14,268.0,393.668494026334
8,24,2500,70,44,0,197,13,350.0,0.0
4,24,2600,70,43,1,149,17,372.0,318.5168997412423
7,24,2300,70,42,0,81,13,280.0,0.0
6,24,1600,70,46,0,27,4,56.0,0.0
6,24,1700,70,47,1,61,4,94.0,31.70021603920484
10,24,1500,70,49,0,51,3,78.0,0.0
3,24,1600,70,37,0,61,7,142.0,0.0
4,24,2300,70,50,1,85,9,188.0,203.5235983485177
7,24,1900,70,35,1,65,13,228.0,133.23661624349603
6,24,2700,70,50,1,153,12,376.0,318.8470184552232
10,24,1900,70,37,0,69,11,206.0,0.0
10,24,1800,70,36,1,51,9,102.0,133.1055655073831
10,24,2600,70,38,0,89,14,324.0,0.0
10,24,2800,70,36,0,167,21,496.0,0.0
10,24,2300,70,46,1,45,7,166.0,88.25457495089749
6,24,2400,70,43,0,81,10,244.0,0.0
5,24,1700,70,44,1,61,7,94.0,96.02724571761617
9,24,2000,70,48,1,37,5,74.0,88.09628165421064
10,24,1600,70,39,1,31,5,62.0,117.41909163357312
8,24,1900,70,42,0,51,7,104.0,0.0
7,24,2000,70,35,0,107,10,326.0,0.0
9,24,2800,70,43,1,81,12,296.0,236.06890658661464
7,24,1700,70,46,0,33,3,52.0,0.0
6,24,2400,70,35,0,91,17,334.0,0.0
8,24,2000,70,44,1,39,9,182.0,217.4439151705333
3,24,1500,70,46,0,35,3,52.0,0.0
10,24,1600,70,38,1,39,7,118.0,133.37246086516782
4,24,2300,70,50,1,123,14,282.0,247.19637415310314
10,24,2100,70,47,1,41,8,142.0,88.16207667296663
9,24,2000,70,40,0,37,8,102.0,0.0
7,24,2600,70,39,0,135,16,406.0,0.0
7,24,2600,70,49,0,103,12,302.0,0.0
8,24,1600,70,46,1,41,5,94.0,20.12899020449196
8,24,1500,70,45,1,15,2,30.0,34.422332956064906
3,24,1900,70,35,1,153,16,308.0,183.77875297658812
4,24,2900,70,37,1,125,21,398.0,320.92490360974335
3,24,2600,70,36,1,155,18,352.0,282.4380811605483
4,24,1500,70,45,0,59,4,60.0,0.0
10,24,2000,70,45,0,95,8,170.0,0.0
5,24,2700,70,44,0,103,12,328.0,0.0
10,24,2600,70,36,1,91,19,460.0,216.76135146038166
5,24,1600,70,48,0,57,3,58.0,0.0
3,24,2500,70,46,1,155,9,210.0,65.22646921550637
9,24,2500,70,50,0,49,6,104.0,0.0
9,24,2500,70,36,0,81,17,354.0,0.0
9,24,2700,70,49,0,91,13,320.0,0.0
4,24,2100,70,43,0,79,8,120.0,0.0
9,24,2100,70,46,1,63,8,190.0,118.48818652277951
6,24,1900,70,50,1,59,4,114.0,105.22396475839534
3,24,2200,70,47,1,55,9,136.0,205.62373437525784
6,24,2200,70,45,0,95,6,128.0,0.0
7,24,1600,70,43,1,35,5,98.0,93.81657160830825
3,24,1800,70,35,0,61,4,92.0,0.0
9,24,2900,70,36,1,109,23,556.0,342.4088914233704
5,24,2400,70,41,0,89,12,290.0,0.0
9,24,2100,70,40,1,63,13,258.0,318.7316766640969
9,24,2600,70,35,0,93,18,458.0,0.0
10,24,2800,70,44,0,219,18,710.0,0.0
10,24,2200,70,41,0,41,10,182.0,0.0
4,24,2200,70,41,1,87,14,244.0,220.25042733851868
5,24,1600,70,38,1,59,7,146.0,60.03132750114546
5,24,2900,70,50,1,101,8,258.0,267.6317940769575
3,24,2800,70,48,0,189,11,348.0,0.0
10,24,2500,70,48,1,49,9,164.0,190.10232764839358
6,24,2700,70,37,1,159,22,526.0,428.6442974151596
10,24,2700,70,35,0,89,22,480.0,0.0
9,24,1700,70,40,1,59,6,86.0,85.472734014708
7,24,2800,70,50,0,161,13,374.0,0.0
6,24,1600,70,44,0,35,3,36.0,0.0
10,24,1700,70,38,1,53,4,90.0,44.27435289755114
9,24,2500,70,39,0,89,17,338.0,0.0
10,24,2700,70,44,1,67,14,278.0,282.46684919770894
10,24,2700,70,35,0,153,19,492.0,0.0
6,24,1800,70,44,1,67,7,166.0,142.24080739618438
10,24,2200,70,44,1,43,10,174.0,262.892379532539
9,24,2300,70,37,1,73,12,278.0,166.32897246700358
9,24,2200,70,39,0,157,13,290.0,0.0
5,24,1600,70,41,0,61,8,168.0,0.0
6,24,2300,70,42,1,71,14,152.0,235.8038751712765
9,24,2900,70,36,0,149,24,658.0,0.0
8,24,1700,70,47,0,55,7,142.0,0.0
4,24,2000,70,43,1,91,11,194.0,127.97046335954691
3,24,2400,65,39,0,215,14,386.0,0.0
5,24,1900,65,35,0,111,10,216.0,0.0
8,24,2500,65,39,1,81,16,302.0,436.31994140433807
10,24,1800,65,40,1,39,4,76.0,54.450278113517555
7,24,2000,65,46,1,141,10,228.0,154.4747716023464
9,24,2600,70,47,0,97,9,248.0,0.0
6,24,2300,65,37,1,69,18,222.0,357.80701805881057
3,24,2400,65,49,0,117,8,208.0,0.0
6,24,3000,65,35,0,97,20,384.0,0.0
6,24,2600,65,35,1,89,19,388.0,203.68190553438777
6,24,2100,65,41,1,113,12,238.0,212.29382033892423
8,24,2600,65,43,0,103,11,242.0,0.0
5,24,2000,65,41,0,37,3,74.0,0.0
9,24,2500,65,48,1,75,6,164.0,241.55916046811063
5,24,2700,65,50,0,147,10,336.0,0.0
7,24,2000,65,40,0,109,9,182.0,0.0
3,24,2300,65,49,1,49,6,90.0,89.23950991696584
5,24,2900,65,47,1,173,19,474.0,246.57673547418617
5,24,1600,65,39,1,109,7,172.0,182.41723357186274
5,24,2200,65,49,0,87,6,202.0,0.0
7,24,3000,65,42,0,99,15,370.0,0.0
9,24,2800,65,35,0,155,21,556.0,0.0
8,24,3000,65,40,1,105,21,572.0,516.6616525515803
5,24,1700,65,47,1,41,4,42.0,68.6849028387815
6,24,1900,65,40,0,59,10,174.0,0.0
3,24,1800,65,35,0,97,11,254.0,0.0
9,24,2400,65,44,1,79,9,276.0,229.18994302409925
6,24,1700,65,38,1,65,6,144.0,69.73556783034559
7,24,2900,65,35,1,67,21,326.0,290.17406865956724
7,24,2500,65,44,0,91,9,138.0,0.0
8,24,2300,65,46,1,65,8,208.0,85.8402743703145
7,24,1600,65,46,0,43,4,66.0,0.0
5,24,2100,65,44,0,69,7,148.0,0.0
4,24,1900,65,36,1,75,11,178.0,118.59761397411755
3,24,2000,65,38,0,113,10,154.0,0.0
4,24,1900,65,39,1,43,4,44.0,75.29079218931432
10,24,1700,65,43,1,33,5,88.0,74.72450049509628
7,24,2000,65,42,0,67,6,166.0,0.0
4,24,2400,65,44,0,169,12,350.0,0.0
5,24,1600,65,36,1,51,6,110.0,55.38114468339645
6,24,3000,65,40,0,217,13,506.0,0.0
7,24,2500,65,48,1,83,8,230.0,252.10867021325296
7,24,1600,65,44,1,31,2,46.0,50.74605685443348
9,24,2100,65,46,0,71,10,290.0,0.0
3,24,2200,65,47,1,63,9,140.0,128.82702907724558
8,24,2600,65,36,0,97,14,298.0,0.0
10,24,1800,65,50,0,57,6,100.0,0.0
10,24,1700,65,41,0,33,5,72.0,0.0
10,24,1500,65,39,1,43,5,78.0,129.9636039413337
6,24,1500,65,44,0,53,4,54.0,0.0
10,24,2000,65,35,1,51,7,192.0,76.87147187138982
10,24,2900,65,49,1,87,13,330.0,186.7180076792827
8,24,2600,65,48,1,73,10,250.0,293.5766281079206
8,24,1500,65,49,0,25,1,26.0,0.0
3,24,2600,65,37,1,167,19,366.0,298.1252972137051
7,24,2000,65,41,1,145,11,264.0,239.9825332705419
9,24,1900,65,42,0,63,4,132.0,0.0
10,24,1800,65,46,0,35,8,122.0,0.0
8,24,3000,65,45,1,115,16,514.0,280.8859514728115
3,24,3000,65,48,0,203,10,382.0,0.0
8,24,1600,65,45,0,25,2,50.0,0.0
8,24,2100,65,41,1,41,6,84.0,108.9067152590667
5,24,2200,65,40,0,79,9,220.0,0.0
3,24,2300,65,36,0,177,16,402.0,0.0
10,24,3000,65,46,1,105,15,352.0,253.8978696955939
7,24,2300,65,39,1,75,13,190.0,246.62433759110615
7,24,3000,65,45,0,169,13,362.0,0.0
3,24,1900,65,49,1,37,4,64.0,34.5284515387272
3,24,2900,65,37,0,203,21,448.0,0.0
10,24,2200,65,39,1,165,10,280.0,280.8114682807485
6,24,2900,65,38,0,155,15,464.0,0.0
7,24,2200,65,45,1,87,11,246.0,225.51653247357123
10,24,1800,65,38,0,31,4,78.0,0.0
5,24,2200,65,48,0,123,9,240.0,0.0
7,24,2700,65,35,0,151,20,506.0,0.0
3,24,2300,65,38,1,111,20,290.0,361.9555296156475
9,24,2600,65,50,1,99,5,214.0,77.57587074534506
6,24,2300,65,40,1,91,14,278.0,195.75240013502184
5,24,1800,65,45,0,67,4,94.0,0.0
10,24,2800,65,47,1,151,11,340.0,154.208169080693
9,24,1900,65,47,0,53,9,158.0,0.0
7,24,2000,65,35,1,37,3,66.0,12.955559868005261
10,24,1700,65,43,1,25,3,48.0,5.656854249492381
6,24,1500,65,45,0,25,4,46.0,0.0
6,24,3000,65,44,1,109,21,358.0,434.9460710702586
9,24,1800,65,42,0,63,7,142.0,0.0
9,24,1700,65,48,0,33,4,58.0,0.0
7,24,2900,65,35,1,99,18,414.0,265.0123071438191
10,24,2500,65,45,0,93,11,326.0,0.0
10,24,2000,65,48,1,69,5,114.0,138.83927233569804
4,24,1700,65,40,0,33,4,100.0,0.0
3,24,1900,65,46,1,73,8,132.0,163.4308117964054
9,24,1800,65,49,1,41,6,100.0,92.10004546423372
9,24,2600,65,50,0,131,12,298.0,0.0
3,24,1700,65,37,0,49,4,104.0,0.0
3,24,3000,65,47,0,281,16,474.0,0.0
7,24,2800,65,44,1,163,10,390.0,200.48901072714818
3,24,2700,65,48,1,117,8,200.0,114.48433890673253
4,24,2400,65,43,0,183,14,286.0,0.0
4,24,2100,65,41,1,89,11,232.0,178.2968709714761
3,24,1700,60,35,0,53,5,74.0,0.0
9,24,1600,60,45,1,51,6,116.0,121.63757253298886
4,24,2700,65,50,0,81,7,234.0,0.0
7,24,3000,60,45,0,173,17,508.0,0.0
3,24,2400,60,45,1,141,4,172.0,78.240642434258
5,24,2300,60,47,0,79,7,166.0,0.0
8,24,1900,60,50,1,35,2,70.0,65.36780152976482
5,24,3000,60,47,1,97,14,372.0,265.6177318814538
4,24,1600,60,45,0,27,4,48.0,0.0
9,24,1900,60,41,1,37,6,130.0,106.6072636347123
5,24,2200,60,37,0,119,12,380.0,0.0
5,24,2800,60,36,0,109,15,398.0,0.0
10,24,2300,60,44,1,87,8,254.0,158.69672434604453
4,24,2300,60,43,1,121,11,290.0,196.55236361557502
7,24,1700,60,43,0,27,2,28.0,0.0
9,24,2200,60,49,1,79,9,166.0,108.92673600268358
9,24,2200,60,48,0,85,7,214.0,0.0
7,24,2200,60,39,1,67,15,300.0,268.5347420353748
8,24,2300,60,42,0,87,8,178.0,0.0
4,24,2400,60,40,0,91,13,334.0,0.0
5,24,2800,60,45,1,119,14,340.0,319.47543532871487
5,24,1700,60,40,0,27,3,54.0,0.0
7,24,1700,60,37,1,59,8,124.0,102.93440864866982
6,24,2600,60,45,0,133,10,260.0,0.0
9,24,2300,60,38,0,79,13,250.0,0.0
4,24,2000,60,49,1,119,12,196.0,181.66724374280602
6,24,2900,60,50,1,119,12,404.0,401.53761808369063
5,24,2500,60,49,1,89,9,172.0,109.98761040359254
6,24,2100,60,38,0,113,9,216.0,0.0
6,24,2000,60,39,0,77,9,284.0,0.0
9,24,2500,60,37,1,127,14,370.0,220.4051585208851
6,24,2700,60,43,1,89,7,186.0,125.475406508608
8,24,2500,60,41,1,49,5,132.0,133.19286951411215
8,24,2100,60,41,0,41,7,122.0,0.0
4,24,2200,60,37,0,157,16,424.0,0.0
5,24,2200,60,50,0,125,8,232.0,0.0
9,24,2600,60,50,1,67,8,190.0,148.2672782732592
9,24,2700,60,50,1,109,15,380.0,453.31476395129215
8,24,2800,60,40,1,87,20,412.0,340.01844108004326
9,24,1500,60,43,0,29,3,56.0,0.0
8,24,2800,60,46,1,99,10,342.0,133.38413991509526
6,24,2100,60,46,0,69,7,146.0,0.0
4,24,2700,60,41,0,139,12,340.0,0.0
3,24,2500,60,46,0,207,11,352.0,0.0
4,24,1800,60,48,1,99,8,140.0,269.2803311591012
10,24,2600,60,36,0,99,14,436.0,0.0
9,24,3000,60,40,1,97,22,454.0,452.8145111352454
6,24,1500,60,39,0,95,5,96.0,0.0
8,24,2800,60,49,0,135,15,422.0,0.0
10,24,1800,60,40,1,35,5,144.0,82.93377124749928
6,24,1600,60,45,1,87,7,134.0,107.25445026623348
9,24,1700,60,49,1,29,3,58.0,28.122353118217642
8,24,2400,60,36,0,47,8,226.0,0.0
4,24,2700,60,38,0,105,16,414.0,0.0
6,24,3000,60,36,1,107,22,410.0,242.0988032033356
8,24,2500,60,40,1,95,13,246.0,203.24919745993526
7,24,2000,60,44,0,39,2,76.0,0.0
8,24,1800,60,42,0,57,4,88.0,0.0
10,24,1500,60,45,1,21,2,22.0,31.83435956193197
6,24,2300,60,36,1,99,20,378.0,210.14812406969986
8,24,2900,60,36,0,101,22,466.0,0.0
3,24,2500,60,37,1,123,19,286.0,235.1888060183676
3,24,2700,60,38,0,141,12,414.0,0.0
8,24,1500,60,43,1,29,3,56.0,40.21278381475983
10,24,2200,60,40,0,125,9,286.0,0.0
7,24,1700,60,43,1,57,7,124.0,121.4137032761464
8,24,2800,60,35,1,73,21,388.0,278.96916089925674
5,24,1800,60,39,0,65,9,128.0,0.0
10,24,3000,60,35,0,173,19,534.0,0.0
7,24,2800,60,43,1,163,16,402.0,288.30557103863015
5,24,2600,60,45,0,99,6,198.0,0.0
7,24,1500,60,48,1,0,0,0.0,0.0
3,24,2300,60,47,0,203,9,292.0,0.0
7,24,1800,60,37,0,27,5,50.0,0.0
5,24,3000,60,38,1,153,23,536.0,438.8141838909015
10,24,1900,60,35,1,37,6,116.0,43.602693924758206
9,24,1600,60,44,0,27,2,52.0,0.0
3,24,2000,60,37,1,89,15,192.0,202.41600702193054
9,24,1700,60,38,0,59,10,200.0,0.0
8,24,1700,60,43,1,117,5,138.0,43.97151336668708
8,24,1900,60,36,1,55,10,198.0,127.41952490831564
8,24,2300,60,38,0,87,13,252.0,0.0
5,24,1500,60,36,1,33,7,116.0,68.57072569379235
3,24,2700,60,44,0,147,10,288.0,0.0
6,24,2600,60,46,0,91,8,284.0,0.0
3,24,2500,60,50,1,93,8,122.0,112.45147555157588
5,24,1500,60,49,0,97,4,98.0,0.0
7,24,2100,60,36,0,119,12,252.0,0.0
5,24,2800,60,39,1,143,22,442.0,492.0285800484003
3,24,2100,60,38,1,69,15,132.0,115.74270523835722
9,24,2300,60,38,0,91,14,384.0,0.0
8,24,2200,60,38,1,41,8,152.0,96.2014873515726
3,24,1600,60,46,0,41,3,74.0,0.0
8,24,2300,60,46,1,43,3,98.0,91.00330738556875
10,24,1600,60,35,1,37,6,94.0,84.10814438506776
6,24,2400,60,36,0,85,15,274.0,0.0
10,24,2500,60,38,0,95,16,388.0,0.0
10,24,2300,60,38,1,81,8,260.0,75.68365349988282
8,24,2800,60,48,0,103,9,348.0,0.0
8,24,1900,60,50,0,67,7,198.0,0.0
3,24,2900,60,49,1,209,11,210.0,133.22242042176558
3,24,2600,55,38,0,239,12,388.0,0.0
3,24,2900,55,40,1,247,17,460.0,240.26206795249215
9,24,3000,55,41,1,211,15,486.0,297.26883122292014
10,24,2800,55,37,0,93,18,416.0,0.0
7,24,2500,55,47,0,89,7,246.0,0.0
5,24,2100,55,35,1,123,10,218.0,117.13624595733015
8,24,2800,55,40,1,79,16,332.0,341.79129648098296
5,24,2200,55,48,1,93,9,202.0,195.31746950810094
5,24,1900,55,40,0,129,7,162.0,0.0
5,24,2000,55,37,0,75,8,178.0,0.0
8,24,2700,55,48,0,83,11,274.0,0.0
3,24,2600,55,45,1,201,14,352.0,234.94491437271515
5,24,1800,55,41,0,61,4,98.0,0.0
8,24,1800,55,43,1,65,8,140.0,113.8535001708471
10,24,1900,55,46,0,107,4,142.0,0.0
7,24,1800,55,50,1,47,2,48.0,47.71265362392749
3,24,2700,55,41,0,295,14,548.0,0.0
10,24,2300,55,46,1,87,6,210.0,60.459262046237946
8,24,2800,55,39,1,91,16,358.0,433.43708045333204
10,24,2200,55,35,1,83,11,230.0,144.53187602827006
5,24,1700,55,44,0,31,3,32.0,0.0
8,24,2600,55,37,1,67,18,308.0,342.35266517844667
9,24,1600,55,42,0,31,1,32.0,0.0
4,24,2700,55,47,0,191,8,292.0,0.0
6,24,2700,55,46,1,53,3,142.0,73.17416047437618
5,24,1800,55,49,0,69,4,92.0,0.0
8,24,1700,55,50,1,47,3,48.0,59.01151733086647
5,24,2100,55,47,0,81,7,112.0,0.0
4,24,1600,55,37,1,63,4,96.0,80.18105450997517
3,24,2400,55,38,0,89,7,210.0,0.0
10,24,2000,55,38,0,39,8,146.0,0.0
8,24,1900,55,44,1,103,8,164.0,203.86115456748217
5,24,2000,55,45,1,77,5,152.0,102.71904528940465
3,24,3000,55,48,0,177,12,404.0,0.0
8,24,2000,55,50,1,39,4,70.0,58.91358013173554
4,24,2600,55,46,0,93,8,224.0,0.0
7,24,2400,55,35,1,91,16,378.0,198.87112919698487
6,24,2600,55,38,1,79,17,346.0,280.54509869926653
10,24,2900,55,37,0,113,17,580.0,0.0
3,24,2700,55,38,0,83,6,160.0,0.0
6,24,2600,55,40,0,85,9,162.0,0.0
4,24,2100,55,41,1,151,8,184.0,139.38184731517137
9,24,2900,55,50,1,107,7,272.0,167.73094223876265
6,24,1900,55,47,0,131,5,132.0,0.0
8,24,2700,55,37,0,101,16,322.0,0.0
10,24,2300,55,37,1,43,11,256.0,207.88674757901828
4,24,2600,55,40,1,119,17,322.0,253.20854715963281
6,24,1600,55,48,1,31,1,32.0,40.07250978343869
4,24,3000,55,49,0,119,8,284.0,0.0
6,24,2700,55,41,0,129,11,264.0,0.0
4,24,1900,55,37,1,77,8,160.0,114.03006678631786
3,24,2000,55,42,1,33,4,78.0,67.58090544728226
10,24,2500,55,39,0,47,6,172.0,0.0
9,24,2600,55,41,1,57,14,294.0,234.39734508340513
3,24,2500,55,42,0,123,11,260.0,0.0
10,24,1800,55,35,0,59,6,120.0,0.0
7,24,2200,55,35,1,79,7,184.0,72.94801000780842
8,24,2700,55,39,1,151,13,450.0,353.3404843730862
7,24,3000,55,42,1,95,15,356.0,191.37493546169955
10,24,1900,55,45,1,65,7,144.0,163.6756381975911
7,24,2400,55,47,0,135,12,348.0,0.0
4,24,2600,55,40,0,183,18,358.0,0.0
4,24,1600,55,49,0,115,6,176.0,0.0
8,24,3000,55,36,1,121,23,496.0,344.1870891686442
3,24,2400,55,39,0,125,13,336.0,0.0
6,24,2500,55,41,1,71,14,274.0,306.7926459138244
10,24,2300,55,40,0,117,10,286.0,0.0
10,24,2900,55,35,1,113,18,578.0,331.48650029108427
10,24,2900,55,46,0,109,14,450.0,0.0
5,24,2300,55,48,0,91,8,224.0,0.0
7,24,1900,55,36,0,65,8,170.0,0.0
9,24,2100,55,42,1,115,10,210.0,187.86527947988327
6,24,3000,55,39,0,211,19,574.0,0.0
8,24,3000,55,37,0,109,13,330.0,0.0
4,24,1500,55,46,1,29,3,56.0,45.79374004200032
9,24,2400,55,41,1,47,10,176.0,228.66940990048346
6,24,2500,55,40,1,69,14,224.0,226.79769631951956
8,24,1800,55,38,0,61,8,192.0,0.0
7,24,2300,55,38,0,87,8,200.0,0.0
4,24,2900,55,41,0,97,10,282.0,0.0
3,24,2200,55,36,0,131,12,280.0,0.0
8,24,1800,55,45,1,49,4,86.0,53.90140194637134
3,24,2600,55,41,1,245,17,550.0,295.72792951041214
8,24,1500,55,46,1,13,2,14.0,26.13861105073322
10,24,2500,55,39,1,79,11,252.0,221.75945240966834
7,24,1800,55,39,0,33,4,92.0,0.0
10,24,2700,55,41,1,61,14,304.0,255.93589174806303
8,24,2300,55,42,1,69,13,212.0,144.77462147286744
5,24,2300,55,44,0,83,10,204.0,0.0
8,24,2200,55,49,0,39,6,116.0,0.0
9,24,2400,55,49,1,63,8,146.0,88.13251204029243
10,24,2200,55,43,1,117,11,304.0,244.3639051095472
3,24,2700,55,41,1,159,14,270.0,296.53610447853634
9,24,1500,55,49,0,29,2,54.0,0.0
8,24,1700,55,50,0,25,2,52.0,0.0
6,24,1500,55,49,1,0,0,0.0,0.0
6,24,2000,55,45,0,77,6,154.0,0.0
8,24,3000,55,50,0,119,12,384.0,0.0
10,24,1600,55,44,1,41,8,124.0,248.28447168647327
8,24,2600,50,35,1,117,15,290.0,228.40211311538053
6,24,2700,50,49,1,63,10,268.0,148.55411096065112
10,24,2900,50,41,0,105,16,466.0,0.0
3,24,2900,55,49,0,103,12,296.0,0.0
10,24,2100,50,46,0,37,2,38.0,0.0
8,24,2700,50,44,1,57,14,312.0,369.6272393680987
6,24,2800,50,36,1,99,20,346.0,192.79490858230824
6,24,2400,50,49,0,141,8,294.0,0.0
9,24,1900,50,36,0,61,8,184.0,0.0
8,24,2500,50,41,1,71,10,258.0,237.45275232491122
10,24,2300,50,44,0,83,6,158.0,0.0
4,24,2300,50,43,0,119,6,190.0,0.0
6,24,2300,50,43,1,89,9,156.0,172.45943773351684
5,24,2900,50,39,0,107,15,262.0,0.0
10,24,1800,50,42,1,27,6,94.0,145.68145856800163
6,24,2700,50,38,1,97,9,228.0,111.68382492963106
6,24,2000,50,44,1,37,2,38.0,54.89087118853334
3,24,2000,50,49,0,71,5,102.0,0.0
6,24,2700,50,43,1,109,13,336.0,333.8556321371731
4,24,2100,50,46,0,119,6,120.0,0.0
6,24,3000,50,41,0,77,12,238.0,0.0
5,24,2400,50,43,1,71,10,174.0,148.44125555033287
3,24,1600,50,36,0,79,4,80.0,0.0
5,24,2000,50,50,0,0,0,0.0,0.0
3,24,2700,50,49,1,133,9,238.0,111.34167507473506
6,24,1700,50,43,0,61,4,94.0,0.0
5,24,2200,50,48,1,83,4,112.0,47.325235519263046
6,24,2800,50,36,0,107,15,346.0,0.0
4,24,2400,50,41,0,65,4,106.0,0.0
3,24,1600,50,36,0,109,11,174.0,0.0
9,24,2900,50,44,1,107,11,464.0,300.3008479372494
8,24,2500,50,42,1,73,11,266.0,155.27709913564317
9,24,2200,50,49,1,71,4,156.0,37.377119357246386
9,24,1600,50,39,1,35,6,100.0,158.06960752595614
8,24,2700,50,39,1,71,11,220.0,361.75101080167076
5,24,1600,50,40,0,39,2,40.0,0.0
9,24,2100,50,37,0,41,6,148.0,0.0
9,24,2500,50,40,0,47,13,230.0,0.0
7,24,3000,50,42,1,93,13,384.0,219.60062140622375
10,24,2000,50,49,1,21,2,44.0,21.896774625099734
4,24,1900,50,50,0,65,4,120.0,0.0
3,24,2200,50,37,0,121,6,188.0,0.0
6,24,2800,50,41,1,97,14,370.0,248.54307377194655
8,24,1700,50,38,1,29,5,114.0,82.29954903054595
4,24,2900,50,38,0,305,19,558.0,0.0
4,24,2400,50,42,1,113,10,300.0,189.44089959651978
6,24,2100,50,46,1,71,6,150.0,148.2319937786179
6,24,1500,50,43,0,55,4,56.0,0.0
9,24,1800,50,37,0,65,5,122.0,0.0
3,24,2500,50,35,1,241,17,360.0,180.79658332167617
5,24,1700,50,39,1,25,1,26.0,38.36316480576352
9,24,3000,50,43,0,119,9,396.0,0.0
8,24,2700,50,41,1,121,15,290.0,329.29169401583687
10,24,1900,50,46,0,67,8,186.0,0.0
6,24,2800,50,48,0,101,10,258.0,0.0
8,24,2300,50,37,1,59,9,182.0,99.6691652071023
8,24,1600,50,46,0,57,2,58.0,0.0
10,24,2700,50,47,0,85,8,170.0,0.0
10,24,1800,50,48,1,29,1,30.0,38.472590264190956
5,24,2000,50,48,1,71,5,134.0,105.45603465743606
9,24,2600,50,49,1,97,9,294.0,184.24835966946293
6,24,1600,50,49,0,29,2,46.0,0.0
9,24,2100,50,47,0,77,9,268.0,0.0
9,24,1700,50,39,1,33,5,82.0,107.22582451098857
3,24,2800,50,40,1,159,19,344.0,249.79156228305004
4,24,2800,50,41,0,149,10,298.0,0.0
6,24,1700,50,43,1,59,4,88.0,77.47106312143463
8,24,1500,50,42,0,29,4,54.0,0.0
4,24,2900,50,45,0,157,11,316.0,0.0
9,24,2900,50,42,0,99,13,434.0,0.0
6,24,2700,50,44,1,141,15,356.0,367.24180610192775
7,24,2000,50,38,0,67,6,136.0,0.0
3,24,2400,50,43,1,211,9,306.0,162.66983349588244
3,24,3000,50,42,1,109,17,248.0,387.44549695624374
8,24,2700,50,42,0,99,12,360.0,0.0
3,24,2900,50,41,1,205,20,486.0,365.8161626567934
5,24,1700,50,46,1,29,3,80.0,65.83302317239978
5,24,2900,50,49,0,151,13,390.0,0.0
10,24,2000,50,36,1,39,4,80.0,41.524424031372995
8,24,2400,50,37,0,87,10,210.0,0.0
3,24,2100,50,38,0,117,12,240.0,0.0
4,24,2700,50,36,1,239,20,454.0,235.92075457950722
3,24,2900,50,39,1,139,15,334.0,339.8045657403065
3,24,2200,50,47,0,119,6,190.0,0.0
5,24,1600,50,41,1,61,5,120.0,89.33356208266515
6,24,1900,50,48,0,59,3,98.0,0.0
9,24,2100,50,50,1,75,8,140.0,125.2939708369376
10,24,2100,50,50,0,59,5,138.0,0.0
4,24,2400,50,44,1,105,10,196.0,203.18012868954818
10,24,1700,50,50,0,31,2,32.0,0.0
6,24,2300,50,38,0,45,7,200.0,0.0
6,24,2600,50,40,1,89,13,324.0,226.01218452709938
4,24,2300,50,41,0,45,4,108.0,0.0
10,24,2800,50,38,1,59,11,210.0,221.34151807267955
10,24,2300,50,42,0,43,4,60.0,0.0
9,24,1600,50,40,0,59,3,72.0,0.0
6,24,2200,50,46,1,81,11,202.0,159.03261076352578
8,23,2000,90,37,0,73,12,202.0,0.0
5,24,2600,50,40,1,121,14,378.0,264.24792589992546
5,24,2700,50,42,0,147,6,242.0,0.0
7,23,2700,90,40,1,103,17,438.0,250.39042997721248
9,24,2200,50,47,1,83,11,240.0,170.92554167468538
9,24,2200,50,50,0,127,6,238.0,0.0
8,23,2600,90,50,1,95,13,306.0,337.57619193615415
10,23,1600,90,36,0,47,4,72.0,0.0
9,23,2200,90,42,0,73,12,240.0,0.0
9,23,2400,90,45,1,61,10,200.0,227.2949313032051
8,23,2100,90,45,1,83,5,106.0,94.22868124174533
10,23,2500,90,49,1,89,14,274.0,189.86521025536035
10,23,1800,90,45,0,57,7,110.0,0.0
10,23,2600,90,50,0,51,9,138.0,0.0
4,23,3000,90,35,1,93,23,300.0,346.0132371097656
9,23,3000,90,38,0,113,21,530.0,0.0
5,23,2100,90,41,1,129,13,240.0,190.82042507217577
4,23,2500,90,46,0,81,8,236.0,0.0
3,23,1700,90,48,1,31,2,64.0,70.91862923023888
9,23,2000,90,48,1,39,5,122.0,165.87776066679947
8,23,2900,90,48,0,55,10,242.0,0.0
7,23,2000,90,36,1,73,12,206.0,133.050943664791
5,23,2100,90,36,0,77,13,260.0,0.0
5,23,2600,90,37,0,143,20,378.0,0.0
5,23,2700,90,42,1,145,15,360.0,178.2570865704373
5,23,2000,90,39,1,75,9,174.0,233.34095575244592
10,23,2900,90,40,0,105,21,556.0,0.0
5,23,1900,90,49,0,83,10,194.0,0.0
7,23,2100,90,38,0,71,12,290.0,0.0
8,23,1900,90,37,1,57,11,208.0,192.244008479003
7,23,2200,90,42,0,43,7,158.0,0.0
5,23,2200,90,45,1,91,11,250.0,266.9198954091254
5,23,1700,90,46,0,95,7,126.0,0.0
10,23,1600,90,47,1,71,8,110.0,61.23607701345984
9,23,1600,90,45,1,51,3,52.0,87.50478590159786
6,23,1800,90,35,0,67,12,226.0,0.0
9,23,2800,90,44,0,101,12,338.0,0.0
6,23,2300,90,40,0,155,10,278.0,0.0
8,23,2100,90,50,1,47,7,126.0,141.5948184459296
9,23,2000,90,37,0,67,12,234.0,0.0
8,23,1500,90,47,0,29,5,96.0,0.0
3,23,2000,90,49,1,85,8,148.0,139.84489797114674
7,23,1500,90,41,1,33,5,76.0,116.27676161348118
8,23,1600,90,46,1,55,11,170.0,125.0251864985998
8,23,2900,90,49,1,99,17,408.0,312.19133005346555
6,23,2100,90,45,0,41,5,156.0,0.0
8,23,1900,90,35,0,67,11,208.0,0.0
6,23,2400,90,38,0,87,16,248.0,0.0
9,23,1600,90,44,1,21,3,32.0,69.02357825656605
8,23,2400,90,42,1,79,16,370.0,338.983994762706
3,23,2400,90,46,1,113,10,210.0,155.53826280396254
3,23,2700,90,48,0,113,9,224.0,0.0
3,23,2500,90,50,1,109,12,240.0,317.70749483556057
9,23,2800,90,50,0,101,9,230.0,0.0
4,23,2300,90,36,0,129,10,258.0,0.0
6,23,2100,90,41,1,75,6,214.0,90.97400752683788
8,23,2700,90,42,1,61,14,238.0,302.9843819706008
6,23,2000,90,43,1,73,11,216.0,106.76115387797878
8,23,2800,90,47,0,149,12,384.0,0.0
5,23,2600,90,47,0,99,12,328.0,0.0
5,23,1900,90,47,1,49,7,80.0,50.46167477511327
9,23,1600,90,42,0,75,10,182.0,0.0
7,23,1700,90,39,1,55,8,180.0,209.15766144705256
6,23,2500,90,37,1,97,18,414.0,380.2351739273731
3,23,2800,90,42,1,179,22,398.0,240.46278892535375
7,23,2100,90,40,0,35,4,104.0,0.0
3,23,2100,90,44,0,77,8,190.0,0.0
3,23,1700,90,43,1,31,2,58.0,39.7922180877366
4,23,1800,90,46,0,89,7,118.0,0.0
10,23,2000,90,47,0,39,8,118.0,0.0
7,23,2400,90,36,0,91,16,294.0,0.0
3,23,2700,90,37,1,103,22,252.0,293.2912387946526
4,23,1700,90,36,1,35,5,56.0,40.11221174073118
7,23,2700,90,41,0,103,19,486.0,0.0
6,23,1600,90,42,1,29,4,52.0,112.9800855534037
7,23,2500,90,39,0,95,20,388.0,0.0
8,23,2900,90,39,1,85,21,320.0,502.8696833195094
5,23,2900,90,35,0,153,22,510.0,0.0
5,23,1700,90,35,1,61,9,156.0,92.63974612612957
10,23,2700,90,40,0,107,19,488.0,0.0
5,23,3000,90,36,0,111,20,406.0,0.0
5,23,1700,90,35,0,63,13,178.0,0.0
4,23,2300,90,45,1,87,8,218.0,172.03270736174179
7,23,2200,90,49,1,73,7,160.0,128.29154812760402
8,23,2100,90,37,1,77,12,216.0,271.9506162675433
5,23,3000,90,38,0,111,20,382.0,0.0
10,23,1600,90,40,1,85,12,170.0,181.64192248915973
8,23,2100,90,45,0,77,5,114.0,0.0
7,23,2500,90,46,1,63,10,238.0,190.51377911202684
6,23,1500,90,49,0,41,3,68.0,0.0
5,23,2200,90,49,1,81,8,174.0,79.94291912512547
8,23,2200,90,41,1,77,15,246.0,246.93035551572885
4,23,2600,90,41,0,125,18,404.0,0.0
10,23,1600,90,38,0,63,6,148.0,0.0
3,23,1600,90,42,0,55,6,88.0,0.0
5,23,1700,90,45,1,83,5,104.0,55.15668271205473
5,23,3000,90,46,0,171,17,502.0,0.0
9,23,2100,90,47,1,111,10,310.0,191.08720722095035
6,23,1500,90,40,1,59,7,168.0,123.29250379645947
6,23,2300,90,44,1,59,8,176.0,229.8103429441444
7,23,2900,90,45,0,147,15,506.0,0.0
3,23,2400,90,47,0,127,8,204.0,0.0
4,23,2300,85,49,1,49,7,140.0,119.19670340271684
3,23,2700,90,46,1,141,20,400.0,353.8862039204032
5,23,2600,90,45,0,87,8,240.0,0.0
5,23,2600,85,38,0,93,16,390.0,0.0
9,23,2800,85,47,1,205,15,414.0,213.52243566665098
9,23,1600,85,37,1,19,2,38.0,34.978911364330536
6,23,2300,85,38,1,83,17,268.0,228.44002224935457
4,23,2600,85,39,1,105,12,236.0,351.71336810787903
9,23,1500,85,41,0,55,5,110.0,0.0
4,23,1800,85,47,0,31,3,62.0,0.0
4,23,2700,85,35,1,81,21,224.0,302.91474469043095
3,23,1500,85,39,0,73,5,74.0,0.0
10,23,2300,85,40,0,83,10,228.0,0.0
4,23,2000,85,47,0,75,9,218.0,0.0
10,23,2600,85,38,1,197,19,504.0,256.43106955713944
10,23,1700,85,38,0,65,9,150.0,0.0
9,23,2900,85,40,1,111,20,484.0,486.10184291385445
4,23,2300,85,44,1,89,14,258.0,324.446493821913
5,23,1600,85,47,1,25,3,48.0,50.29598851063387
5,23,2400,85,48,0,93,10,186.0,0.0
8,23,1500,85,50,0,27,1,28.0,0.0
4,23,2500,85,35,1,93,21,274.0,314.5928980285
8,23,1900,85,36,0,73,13,268.0,0.0
4,23,2800,85,35,1,161,19,346.0,269.78577125428035
4,23,3000,85,38,1,191,21,374.0,410.33796070147656
4,23,1900,85,35,0,65,11,188.0,0.0
10,23,2600,85,45,0,149,15,392.0,0.0
3,23,2900,85,47,0,215,16,488.0,0.0
8,23,2200,85,49,0,75,8,192.0,0.0
4,23,2600,85,44,1,77,12,172.0,251.24796805163544
10,23,2900,85,35,1,101,23,508.0,291.64901404975234
6,23,2500,85,36,0,93,17,414.0,0.0
8,23,2600,85,41,1,137,19,468.0,332.93275042817834
7,23,1500,85,38,1,27,4,40.0,39.83812232413924
3,23,3000,85,41,0,147,17,298.0,0.0
7,23,2800,85,44,0,99,13,338.0,0.0
6,23,2000,85,44,1,73,7,170.0,181.2530700503017
5,23,2800,85,39,0,141,21,508.0,0.0
10,23,2300,85,46,1,47,6,126.0,78.05607682127042
10,23,2600,85,47,0,95,9,268.0,0.0
8,23,2500,85,36,0,93,20,448.0,0.0
8,23,2400,85,38,0,85,17,376.0,0.0
3,23,2000,85,49,0,101,7,142.0,0.0
8,23,1900,85,49,1,71,6,138.0,34.80706759870233
7,23,2800,85,45,1,85,8,272.0,185.92584507688224
9,23,1900,85,45,1,85,7,148.0,155.7774089835671
7,23,2900,85,45,1,107,14,354.0,336.34544031022006
3,23,2600,85,40,0,171,17,406.0,0.0
7,23,1600,85,39,1,55,10,190.0,284.06748194258677
3,23,2300,85,40,0,207,18,458.0,0.0
6,23,2300,85,40,0,153,13,382.0,0.0
10,23,2100,85,41,0,77,9,234.0,0.0
6,23,2700,85,44,1,83,21,346.0,333.1336664187833
6,23,1800,85,45,1,35,3,64.0,68.12144977084647
10,23,2900,85,40,1,73,19,426.0,205.71598608650504
5,23,1500,85,48,0,41,3,72.0,0.0
4,23,2900,85,49,1,125,13,212.0,197.5170413768098
6,23,2200,85,37,1,67,18,230.0,247.6501133634715
8,23,2800,85,41,0,107,14,424.0,0.0
8,23,2700,85,41,0,95,11,276.0,0.0
6,23,2600,85,47,0,81,13,228.0,0.0
4,23,1500,85,48,1,69,3,70.0,107.94672884842004
10,23,2700,85,36,1,149,20,584.0,306.0103689629192
6,23,2100,85,45,0,83,11,234.0,0.0
10,23,2700,85,35,0,101,22,492.0,0.0
6,23,1900,85,36,0,65,10,148.0,0.0
4,23,2500,85,38,1,99,18,332.0,195.095163931435
5,23,1800,85,44,1,97,5,98.0,120.91636574050355
8,23,2600,85,49,1,141,13,300.0,187.39406782311366
8,23,2500,85,38,0,83,10,196.0,0.0
3,23,1800,85,38,1,65,7,128.0,85.48266915658115
6,23,3000,85,50,0,211,16,524.0,0.0
7,23,3000,85,35,0,149,18,506.0,0.0
10,23,2700,85,39,1,101,20,430.0,442.4438811539528
7,23,2700,85,43,0,107,13,372.0,0.0
3,23,2300,85,39,0,157,9,238.0,0.0
9,23,1600,85,42,1,31,5,78.0,95.67686934782127
8,23,2600,85,47,1,143,9,222.0,120.11274354775082
4,23,2300,85,36,0,173,10,300.0,0.0
10,23,1700,85,43,1,33,7,134.0,97.79743527360317
4,23,2000,85,37,1,87,10,178.0,177.8343154965149
6,23,2900,85,37,1,133,22,432.0,318.3800856510284
7,23,2400,85,47,1,51,9,166.0,174.63944447099857
8,23,2500,85,45,0,71,6,202.0,0.0
3,23,2100,85,47,1,65,3,88.0,58.128211255277265
8,23,1900,85,47,0,31,4,76.0,0.0
5,23,1700,85,49,0,59,4,84.0,0.0
5,23,2800,85,35,1,77,19,240.0,231.47836487457707
10,23,2000,85,44,0,57,11,232.0,0.0
8,23,1700,85,36,0,49,8,166.0,0.0
3,23,1900,85,41,1,103,9,178.0,226.68770751999807
10,23,2900,85,36,1,73,23,512.0,326.60056591907363
10,23,2500,85,40,0,49,11,358.0,0.0
9,23,1700,85,35,1,33,8,154.0,78.05381858594535
8,23,2100,85,37,0,79,12,254.0,0.0
8,23,2700,85,50,0,53,9,226.0,0.0
10,23,1800,85,35,0,55,9,138.0,0.0
7,23,3000,85,37,1,113,20,460.0,279.2072393858378
6,23,2100,85,45,1,43,11,178.0,180.89001194989345
4,23,2800,85,46,0,153,10,346.0,0.0
8,23,2300,85,39,0,87,11,242.0,0.0
8,23,2500,80,44,1,145,13,368.0,281.0131913547157
3,23,2300,85,44,1,95,16,254.0,409.91650460415906
6,23,2500,80,40,1,87,16,346.0,275.7073640799657
5,23,1900,80,43,0,35,4,128.0,0.0
7,23,2400,80,35,1,87,12,314.0,134.32726549678875
10,23,2000,80,48,0,73,7,114.0,0.0
6,23,1900,80,42,1,31,4,110.0,88.74498388008256
7,23,2500,80,47,0,87,9,282.0,0.0
4,23,2600,80,38,0,147,14,318.0,0.0
4,23,2600,80,47,1,93,10,214.0,178.21054883827895
3,23,1900,80,48,0,129,7,192.0,0.0
4,23,2600,80,41,1,103,14,290.0,215.82240566982267
7,23,1700,80,44,1,55,4,56.0,107.02044932618206
7,23,1600,80,50,0,27,1,28.0,0.0
9,23,3000,80,35,0,115,21,474.0,0.0
9,23,2400,80,36,0,85,15,344.0,0.0
3,23,1900,80,37,1,101,10,200.0,133.80450190203348
10,23,2400,80,38,1,81,13,310.0,178.92742504701022
8,23,1600,80,47,0,45,3,68.0,0.0
7,23,1900,80,43,0,87,8,154.0,0.0
9,23,2400,80,47,1,91,12,246.0,196.39350104066614
6,23,2700,80,36,1,99,22,406.0,340.84534504361034
6,23,2200,80,35,1,81,13,218.0,135.36059535081242
3,23,2100,80,43,0,117,8,192.0,0.0
6,23,2400,80,47,0,87,7,164.0,0.0
4,23,1800,80,47,1,11,2,22.0,17.332484276543497
3,23,2700,80,50,1,147,9,378.0,166.32247088615114
5,23,2300,80,50,0,153,13,272.0,0.0
4,23,1600,80,35,1,51,10,122.0,85.28495451868456
8,23,2200,80,41,0,41,8,150.0,0.0
10,23,2100,80,45,0,61,8,214.0,0.0
5,23,1800,80,40,1,49,5,102.0,99.0994178540832
5,23,2200,80,37,0,123,13,232.0,0.0
6,23,2900,80,45,1,81,9,198.0,200.53093027335856
9,23,2200,80,46,0,83,13,304.0,0.0
10,23,2100,80,37,1,41,9,160.0,111.10954839136707
10,23,2800,80,42,1,105,15,486.0,333.0150903289985
3,23,2700,80,43,0,189,15,394.0,0.0
7,23,2200,80,40,1,83,10,182.0,143.8178243101721
8,23,2500,80,47,1,75,12,238.0,148.50003154492282
10,23,1800,80,47,0,91,7,152.0,0.0
3,23,2400,80,35,1,111,21,254.0,275.28768056910855
7,23,2000,80,49,0,95,5,164.0,0.0
5,23,2100,80,38,0,65,7,184.0,0.0
3,23,1900,80,38,1,57,9,140.0,86.8265237844777
8,23,2700,80,39,1,151,20,450.0,446.2433923558926
9,23,1800,80,41,0,69,6,156.0,0.0
10,23,2800,80,49,0,145,15,534.0,0.0
4,23,2200,80,50,0,65,5,98.0,0.0
8,23,2100,80,44,1,41,4,102.0,177.24316407459847
3,23,1900,80,50,1,63,6,98.0,148.27424327735295
6,23,2300,80,37,1,67,13,240.0,187.20255934633263
7,23,3000,80,39,0,117,21,408.0,0.0
9,23,2000,80,48,1,47,6,108.0,133.7144063075878
4,23,2900,80,48,0,113,9,326.0,0.0
8,23,2600,80,46,0,95,12,298.0,0.0
3,23,2400,80,41,1,117,17,242.0,261.874753068588
7,23,2000,80,35,0,111,15,442.0,0.0
4,23,1600,80,37,0,61,5,74.0,0.0
8,23,2900,80,39,1,57,20,310.0,303.89429459060364
7,23,2500,80,45,0,91,16,332.0,0.0
7,23,1500,80,36,1,51,8,112.0,69.50062616865891
4,23,2500,80,37,1,117,20,306.0,350.6394149988843
5,23,1500,80,43,0,55,6,132.0,0.0
7,23,1900,80,49,1,107,10,226.0,126.82576025463472
8,23,3000,80,47,0,113,15,498.0,0.0
9,23,3000,80,42,0,109,18,340.0,0.0
9,23,2700,80,48,1,95,8,298.0,187.15922808616648
8,23,2300,80,39,0,109,13,368.0,0.0
6,23,1700,80,38,1,93,10,218.0,121.32105045205508
4,23,2700,80,45,1,197,18,388.0,414.0276116577711
10,23,2100,80,46,0,101,9,238.0,0.0
10,23,2600,80,46,0,95,15,332.0,0.0
4,23,2300,80,47,1,107,13,274.0,151.66135273094372
5,23,2300,80,49,0,85,13,254.0,0.0
9,23,1700,80,46,1,31,1,32.0,0.0
7,23,2200,80,45,0,77,10,230.0,0.0
3,23,1700,80,41,1,25,3,34.0,80.86192784901796
7,23,1700,80,43,1,65,5,130.0,93.51877407568222
10,23,2000,80,44,1,51,8,184.0,271.1375495136408
3,23,1900,80,42,0,105,10,196.0,0.0
7,23,2600,80,42,1,79,16,350.0,312.6277131915805
7,23,2400,80,44,0,87,10,286.0,0.0
10,23,1600,80,48,0,43,6,92.0,0.0
3,23,2100,80,41,1,69,10,174.0,195.60731814829822
9,23,2700,80,41,0,99,16,494.0,0.0
4,23,1800,80,40,0,111,11,210.0,0.0
9,23,2300,80,46,1,83,12,278.0,134.57121767636264
3,23,2100,80,49,0,25,2,26.0,0.0
6,23,2700,80,40,0,151,17,488.0,0.0
7,23,2200,80,48,0,43,6,132.0,0.0
9,23,1600,80,42,1,63,7,176.0,157.44070662426012
3,23,2800,80,50,1,169,16,368.0,378.4163166757721
6,23,2200,80,39,0,79,14,266.0,0.0
3,23,2200,80,43,1,77,13,162.0,233.0253685016176
9,23,1900,80,44,1,35,5,104.0,139.29479456058513
4,23,2100,80,35,0,161,13,300.0,0.0
9,23,1900,80,47,1,45,7,158.0,125.55468486348623
7,23,1800,75,36,1,57,12,150.0,112.94429345241679
10,23,2800,80,49,0,91,10,282.0,0.0
9,23,3000,75,37,1,73,20,446.0,369.79917038865057
7,23,2100,75,45,0,97,9,170.0,0.0
5,23,1600,80,45,1,0,0,0.0,0.0
7,23,2900,80,50,0,109,9,370.0,0.0
6,23,2700,75,39,0,99,14,388.0,0.0
8,23,2400,75,40,1,91,15,298.0,211.95987019929723
4,23,1700,75,47,0,155,5,156.0,0.0
4,23,2900,75,39,0,115,14,214.0,0.0
9,23,2900,75,40,1,71,17,356.0,334.9847359347547
7,23,1500,75,42,1,75,3,76.0,53.45763465651427
9,23,2100,75,45,0,75,10,248.0,0.0
5,23,2200,75,41,0,87,11,218.0,0.0
3,23,3000,75,49,1,77,17,188.0,245.8574363940028
7,23,3000,75,36,1,113,23,486.0,348.37285974895826
8,23,1900,75,40,0,57,6,134.0,0.0
9,23,2800,75,37,0,105,18,426.0,0.0
7,23,2700,75,41,0,103,16,384.0,0.0
9,23,1700,75,43,1,59,8,108.0,161.71239219020845
6,23,2400,75,48,1,81,12,266.0,244.82003270217035
9,23,1700,75,42,1,75,9,136.0,67.72942525459895
5,23,2500,75,46,1,79,14,258.0,245.00703388001392
6,23,2400,75,46,0,119,9,232.0,0.0
6,23,2700,75,36,0,145,18,384.0,0.0
4,23,2200,75,45,0,131,7,132.0,0.0
4,23,2000,75,36,1,105,12,230.0,142.99800650749316
10,23,2600,75,40,1,143,14,350.0,265.4698314625763
6,23,2200,75,37,0,123,12,290.0,0.0
10,23,2700,75,46,1,61,12,296.0,184.25150363350724
4,23,2900,75,48,1,109,15,292.0,372.95441570425396
4,23,2000,75,39,0,85,10,174.0,0.0
4,23,2100,75,49,0,41,4,68.0,0.0
7,23,2300,75,35,0,89,12,282.0,0.0
7,23,2500,75,38,1,67,17,252.0,238.80786683278953
4,23,2400,75,46,1,121,10,266.0,134.21917815549912
4,23,2400,75,43,1,87,14,290.0,249.7839149341541
10,23,1500,75,44,0,53,4,112.0,0.0
3,23,3000,75,48,1,169,17,390.0,366.52239927955804
9,23,1900,75,49,0,71,7,132.0,0.0
5,23,2600,75,45,0,135,11,296.0,0.0
4,23,1600,75,41,1,15,1,16.0,0.0
4,23,2700,75,50,1,129,11,274.0,310.72569789658706
9,23,2000,75,39,0,37,6,132.0,0.0
5,23,2900,75,43,0,161,15,422.0,0.0
8,23,2500,75,47,1,83,8,212.0,146.64024823678062
6,23,2600,75,50,0,167,14,386.0,0.0
3,23,1800,75,41,0,33,8,78.0,0.0
10,23,3000,75,49,1,61,11,320.0,224.7079837766424
8,23,3000,75,44,0,117,13,398.0,0.0
5,23,2400,75,39,0,91,13,292.0,0.0
8,23,2000,75,41,1,57,11,136.0,146.43891867739163
3,23,1600,75,43,1,89,12,180.0,183.4100930824078
5,23,1800,75,44,0,123,5,124.0,0.0
3,23,2900,75,41,1,117,16,258.0,218.74527208407372
10,23,3000,75,50,1,99,13,430.0,356.70432011913675
7,23,2100,75,39,0,69,14,248.0,0.0
4,23,1500,75,40,1,81,7,82.0,86.49141117187871
8,23,2200,75,43,0,79,11,236.0,0.0
9,23,1500,75,43,0,53,9,148.0,0.0
5,23,1700,75,41,1,47,6,94.0,121.74906170733729
3,23,2000,75,35,1,53,8,124.0,100.02936684408986
6,23,2400,75,50,0,85,6,212.0,0.0
4,23,3000,75,37,0,179,22,602.0,0.0
9,23,2200,75,37,1,39,10,166.0,166.00315358923493
5,23,2200,75,38,1,73,9,210.0,78.65945666076678
10,23,2900,75,43,0,101,17,436.0,0.0
6,23,2100,75,49,1,41,2,62.0,8.258608585802625
5,23,2900,75,41,0,147,15,426.0,0.0
8,23,2800,75,50,1,75,10,178.0,201.77763394166075
3,23,1900,75,39,1,75,11,182.0,230.18642334915478
10,23,1500,75,39,1,21,1,22.0,25.87923512930662
4,23,2100,75,42,0,63,5,100.0,0.0
5,23,1900,75,46,0,63,6,98.0,0.0
6,23,2800,75,45,0,111,15,410.0,0.0
8,23,2800,75,48,0,105,11,294.0,0.0
4,23,2100,75,48,1,63,7,94.0,186.1022392924738
8,23,2400,75,35,1,77,17,300.0,265.6556650253002
8,23,1800,75,40,1,55,7,146.0,99.22691095805386
7,23,1600,75,40,0,25,3,48.0,0.0
7,23,3000,75,41,0,109,16,470.0,0.0
9,23,2500,75,40,0,117,12,320.0,0.0
5,23,2900,75,48,1,87,8,202.0,203.90938679168082
3,23,1600,75,49,1,27,3,28.0,6.0
7,23,1700,75,40,0,89,8,198.0,0.0
8,23,2300,75,37,0,85,15,322.0,0.0
9,23,2400,75,42,1,133,17,406.0,246.71280129166274
3,23,1800,75,44,1,65,3,98.0,89.5009982251305
3,23,3000,75,44,0,219,16,434.0,0.0
8,23,2600,75,45,1,95,13,320.0,318.6805801774827
8,23,2000,75,45,0,107,10,214.0,0.0
3,23,2600,75,40,1,151,19,334.0,203.7697412414752
3,23,1700,75,37,1,71,8,72.0,111.10016594989573
7,23,1600,75,39,1,57,4,104.0,142.87536519029678
5,23,2700,75,45,0,141,12,344.0,0.0
3,23,2300,75,36,0,163,17,402.0,0.0
10,23,2200,75,37,1,81,15,322.0,277.17204604639466
5,23,1600,75,48,0,79,5,112.0,0.0
10,23,3000,75,50,0,101,10,342.0,0.0
3,23,2200,75,37,0,77,6,154.0,0.0
9,23,1700,75,49,1,33,2,34.0,22.871657798707147
6,23,1600,70,38,0,59,7,118.0,0.0
9,23,2900,70,41,1,93,19,400.0,410.11622442233727
10,23,2100,75,49,1,63,9,160.0,131.44360633411185
8,23,1600,75,47,0,31,3,60.0,0.0
5,23,1800,70,43,0,67,5,156.0,0.0
10,23,1800,70,44,1,93,11,224.0,379.95228690829725
3,23,1900,70,37,0,101,5,132.0,0.0
8,23,2100,70,46,1,59,11,148.0,149.21755487837845
4,23,2000,70,44,0,101,7,202.0,0.0
10,23,2500,70,45,1,89,11,276.0,201.8987628237994
6,23,2600,70,46,1,69,11,232.0,171.9436343603151
8,23,1700,70,50,1,53,4,106.0,107.64300385251293
3,23,2300,70,45,0,79,10,226.0,0.0
5,23,1900,70,46,1,127,6,162.0,114.16921739850648
10,23,2600,70,49,0,71,13,236.0,0.0
9,23,1700,70,38,0,33,3,90.0,0.0
9,23,1900,70,39,1,39,9,150.0,233.0742477601927
7,23,1700,70,40,0,65,6,130.0,0.0
6,23,2800,70,36,0,129,20,476.0,0.0
3,23,2800,70,39,1,133,16,268.0,433.62325484344416
4,23,2300,70,39,0,137,10,244.0,0.0
10,23,1600,70,46,0,49,5,80.0,0.0
7,23,2400,70,37,1,119,16,332.0,265.76745928558285
5,23,2800,70,35,1,91,21,360.0,292.3740873176716
9,23,1500,70,44,1,25,2,26.0,53.22568691119041
6,23,2900,70,37,1,225,21,522.0,276.87258654783193
5,23,2800,70,38,1,103,21,378.0,295.6820933038943
4,23,2100,70,38,0,41,4,124.0,0.0
7,23,1500,70,37,1,95,6,96.0,89.83358285351018
10,23,1900,70,44,0,37,7,140.0,0.0
7,23,2400,70,49,0,89,5,210.0,0.0
3,23,2800,70,47,0,203,17,354.0,0.0
9,23,2900,70,35,1,163,22,614.0,385.0190229198102
4,23,3000,70,37,1,105,21,324.0,286.5163163515363
4,23,2900,70,37,0,135,18,382.0,0.0
4,23,2200,70,39,1,85,10,170.0,263.30980884394614
8,23,2400,70,36,0,115,15,344.0,0.0
5,23,2400,70,42,1,73,9,246.0,177.6210375399923
7,23,2800,70,49,0,95,11,270.0,0.0
7,23,2400,70,40,0,95,14,354.0,0.0
9,23,2100,70,43,0,69,9,170.0,0.0
5,23,2500,70,40,0,97,14,340.0,0.0
8,23,2700,70,39,0,147,19,634.0,0.0
4,23,1800,70,48,1,67,5,102.0,164.8670759033344
6,23,2300,70,46,1,117,11,242.0,193.8226828459546
4,23,2800,70,50,1,133,15,384.0,410.9007510351231
7,23,2900,70,40,1,165,19,524.0,277.02560078852935
6,23,1900,70,39,1,121,10,192.0,224.43229935042186
5,23,2800,70,45,0,101,11,270.0,0.0
4,23,2200,70,41,1,177,10,222.0,209.46448365436842
7,23,2300,70,48,0,81,6,162.0,0.0
9,23,2600,70,44,1,89,15,356.0,393.82399748766125
4,23,1800,70,49,0,67,4,112.0,0.0
6,23,1500,70,35,0,85,9,192.0,0.0
9,23,1800,70,39,1,69,6,164.0,107.56411432330057
8,23,1500,70,45,1,27,2,54.0,8.670398078928095
3,23,2600,70,50,0,137,12,274.0,0.0
10,23,1700,70,40,1,33,5,94.0,65.90482618114413
4,23,1600,70,41,0,25,3,50.0,0.0
5,23,1900,70,48,0,43,4,80.0,0.0
4,23,2300,70,35,0,155,12,214.0,0.0
4,23,1800,70,39,1,89,4,90.0,124.45040577626865
6,23,2100,70,37,1,45,8,186.0,114.09793824375865
9,23,2500,70,41,0,75,12,284.0,0.0
3,23,2100,70,46,1,63,6,124.0,67.83927973798536
5,23,1600,70,48,1,29,3,56.0,43.4387098142457
5,23,2900,70,43,0,107,14,394.0,0.0
4,23,2700,70,40,0,149,19,454.0,0.0
3,23,2100,70,41,0,105,6,142.0,0.0
7,23,2000,70,44,1,107,5,148.0,111.77100742858354
5,23,2600,70,49,0,101,11,230.0,0.0
3,23,2100,70,46,0,103,5,104.0,0.0
9,23,2800,70,46,1,67,10,258.0,171.18433768154176
6,23,2400,70,50,1,73,10,204.0,257.47668581432845
10,23,2000,70,38,0,53,8,154.0,0.0
4,23,1700,70,40,0,59,7,142.0,0.0
10,23,1900,70,43,1,37,5,92.0,62.247780408635485
10,23,2500,70,41,1,145,16,406.0,450.31885068458655
9,23,2600,70,47,0,85,13,278.0,0.0
3,23,2900,70,49,1,137,13,278.0,175.26684391576273
3,23,3000,70,50,1,135,13,384.0,275.2532485971249
9,23,2600,70,38,1,61,11,286.0,168.23425379477837
10,23,2800,70,41,0,99,13,366.0,0.0
9,23,2500,70,46,0,117,9,232.0,0.0
8,23,2500,70,44,0,99,10,314.0,0.0
7,23,2900,70,45,1,161,18,488.0,402.7142956322314
5,23,1600,70,40,1,59,3,60.0,21.885822477662867
3,23,2900,70,45,0,203,16,552.0,0.0
10,23,2400,70,40,0,47,10,236.0,0.0
7,23,2400,70,43,1,89,11,266.0,187.2150918284877
9,23,1500,70,45,0,29,3,60.0,0.0
9,23,1800,70,40,1,53,5,118.0,90.89951128820483
8,23,2300,70,41,0,79,12,272.0,0.0
3,23,1900,70,47,1,99,10,130.0,134.28429362110015
6,23,2200,70,50,1,121,8,198.0,233.68913552759844
8,23,2900,70,35,0,103,18,402.0,0.0
8,23,1800,70,38,0,35,5,102.0,0.0
9,23,2800,70,38,1,105,17,442.0,284.9921089475522
7,23,1500,70,42,1,51,4,100.0,85.63537488573003
10,23,3000,70,43,0,107,14,372.0,0.0
5,23,2600,70,35,0,131,15,422.0,0.0
5,23,1700,70,45,1,7,1,8.0,10.787537069931057
6,23,2900,65,36,0,215,20,488.0,0.0
9,23,1800,65,39,1,65,6,118.0,147.1807618568621
8,23,2900,65,35,1,113,20,468.0,272.56695848409674
7,23,2700,65,37,0,197,13,400.0,0.0
6,23,1500,65,44,1,53,8,114.0,199.96394968609016
6,23,2800,65,47,1,119,13,324.0,215.95091518628556
10,23,1700,65,48,0,31,4,70.0,0.0
4,23,2600,65,37,0,189,16,512.0,0.0
3,23,2400,65,41,1,65,5,118.0,128.64810950997705
9,23,1500,65,41,0,55,7,136.0,0.0
7,23,2500,65,37,1,79,17,324.0,261.1779769581795
4,23,2400,65,35,0,127,13,302.0,0.0
8,23,2600,65,42,1,151,14,346.0,272.37957067654133
10,23,2800,65,38,1,163,20,524.0,376.4357380317897
7,23,1500,65,41,0,27,4,68.0,0.0
9,23,2500,65,41,1,99,15,482.0,380.6577125342656
7,23,3000,65,43,0,119,18,420.0,0.0
4,23,1600,65,45,1,21,1,22.0,28.729561737669616
5,23,2000,65,48,0,67,4,68.0,0.0
3,23,1600,65,48,0,75,3,76.0,0.0
10,23,2000,65,42,1,71,7,178.0,121.9382392960326
3,23,1600,65,38,1,63,7,156.0,60.98909958573063
5,23,1600,65,38,0,55,3,70.0,0.0
4,23,3000,65,41,1,103,20,290.0,359.58842616305697
10,23,2200,65,44,0,79,10,276.0,0.0
8,23,3000,65,35,1,73,21,432.0,313.91966300873855
9,23,2700,65,41,1,99,18,422.0,321.9148559781919
8,23,1900,65,47,0,71,8,178.0,0.0
10,23,2300,65,45,0,41,5,116.0,0.0
10,23,2700,65,39,1,59,17,394.0,273.5136719927626
9,23,1600,65,44,0,29,2,58.0,0.0
4,23,2100,65,38,1,85,14,292.0,209.11401465897177
7,23,1700,65,45,1,29,2,58.0,33.38277430746523
4,23,1500,65,38,0,29,3,58.0,0.0
7,23,2800,65,46,0,149,14,518.0,0.0
10,23,2100,65,40,1,79,8,250.0,107.51051799454402
8,23,2900,65,37,1,109,18,460.0,185.76382300009166
5,23,2900,65,46,0,129,15,388.0,0.0
10,23,2200,65,50,0,81,10,272.0,0.0
9,23,2500,65,42,0,47,9,154.0,0.0
9,23,2900,65,37,0,105,18,420.0,0.0
5,23,1900,65,39,0,75,8,196.0,0.0
8,23,2400,65,47,1,87,10,316.0,125.02480818348468
8,23,2200,65,36,1,65,12,258.0,134.60950327763803
7,23,2300,65,41,1,87,12,228.0,186.95774958889572
7,23,2700,65,49,1,67,11,194.0,103.3869340303113
4,23,2400,65,49,0,93,6,234.0,0.0
10,23,1800,65,44,0,33,4,52.0,0.0
10,23,2900,65,35,1,65,19,378.0,288.4851063136675
7,23,2300,65,37,1,67,13,208.0,225.2303438654344
6,23,2000,65,48,1,47,5,48.0,68.55557349580485
5,23,2700,65,40,0,193,14,384.0,0.0
4,23,1800,65,46,0,67,6,90.0,0.0
10,23,2700,65,37,0,147,18,532.0,0.0
8,23,2800,65,45,1,105,11,266.0,227.3763491396613
10,23,2400,65,37,0,91,15,292.0,0.0
8,23,2100,65,38,1,77,9,240.0,106.18103100077946
10,23,2500,65,39,0,97,13,448.0,0.0
5,23,2800,65,40,0,157,18,526.0,0.0
4,23,1700,65,41,0,33,4,62.0,0.0
6,23,2700,65,43,1,211,16,416.0,397.20250558984026
5,23,2700,65,45,1,113,14,262.0,344.3519988552474
4,23,2400,65,37,0,129,13,356.0,0.0
7,23,2400,65,38,1,63,15,200.0,143.56545901092767
9,23,1800,65,45,0,45,6,102.0,0.0
10,23,1500,65,46,1,29,3,46.0,31.87125758768643
10,23,1800,65,46,1,51,5,76.0,32.05414348314834
4,23,2000,65,47,1,35,4,92.0,80.7666425857543
6,23,1700,65,45,0,27,1,28.0,0.0
7,23,1800,65,35,0,63,9,202.0,0.0
5,23,2000,65,36,0,111,9,202.0,0.0
3,23,1600,65,35,1,49,7,98.0,77.02640330906236
6,23,2900,65,44,0,115,13,456.0,0.0
10,23,1600,65,36,1,33,8,146.0,88.14040347168553
4,23,2100,65,48,1,55,7,100.0,195.69996204078183
8,23,3000,65,48,1,107,13,410.0,307.35557310786413
3,23,1900,65,49,0,37,3,52.0,0.0
3,23,2400,65,37,0,257,16,430.0,0.0
4,23,2100,65,39,1,111,14,328.0,353.5536254009393
10,23,1900,65,37,0,75,10,192.0,0.0
5,23,2000,65,42,0,93,16,302.0,0.0
5,23,1600,65,36,0,29,4,56.0,0.0
3,23,1800,65,37,0,91,7,186.0,0.0
3,23,2200,65,44,1,81,15,230.0,320.67512045232667
6,23,2100,65,47,1,39,4,102.0,42.63789445167445
3,23,2300,65,44,1,115,13,202.0,185.39084240539552
8,23,2300,65,48,1,71,8,168.0,309.02363638866586
3,23,2700,65,37,1,177,22,398.0,321.1059129979962
10,23,3000,65,42,0,107,16,568.0,0.0
7,23,2900,65,43,0,105,15,444.0,0.0
5,23,2400,65,48,1,63,7,108.0,196.08460265709246
5,23,1800,65,43,1,61,6,122.0,80.6278257300407
9,23,1900,65,41,0,65,6,142.0,0.0
3,23,2700,65,46,1,125,11,274.0,166.28920673421428
10,23,1900,65,47,0,33,4,60.0,0.0
6,23,1700,65,50,0,65,4,100.0,0.0
9,23,2200,65,44,1,77,8,188.0,175.44740293524507
10,23,1800,65,42,0,97,8,148.0,0.0
3,23,2000,65,40,0,95,10,234.0,0.0
10,23,2300,60,41,1,83,9,184.0,143.5821127010522
8,23,1600,60,47,1,11,2,12.0,30.644586916314456
8,23,2800,60,38,0,103,14,434.0,0.0
5,23,2700,65,50,1,89,7,172.0,152.0879755827713
5,23,1600,60,37,1,23,3,42.0,31.211746989037035
8,23,1900,60,49,0,41,2,42.0,0.0
4,23,2200,60,35,1,105,11,256.0,122.67081396396807
3,23,1500,60,38,1,31,3,32.0,29.19672745485551
7,23,1700,60,37,0,49,7,152.0,0.0
3,23,2400,60,35,0,161,10,238.0,0.0
7,23,1500,60,39,0,63,4,94.0,0.0
6,23,1500,60,38,0,75,9,170.0,0.0
9,23,2200,60,48,1,125,7,200.0,229.48517633413724
9,23,2900,60,38,1,125,22,562.0,361.30773689644207
9,23,2500,60,36,0,133,13,368.0,0.0
3,23,2000,60,44,1,131,11,186.0,254.7671645981469
3,23,3000,60,42,1,129,18,328.0,279.1373196960303
9,23,1600,60,46,0,13,1,14.0,0.0
6,23,1700,60,48,0,81,6,140.0,0.0
3,23,2900,60,44,1,149,13,294.0,215.17922608882697
10,23,2700,60,47,0,61,9,214.0,0.0
10,23,2100,60,47,1,41,4,134.0,53.18240045072321
9,23,1900,60,43,0,37,6,96.0,0.0
4,23,1500,60,38,0,25,2,40.0,0.0
10,23,1500,60,40,0,25,4,70.0,0.0
8,23,3000,60,36,1,79,23,468.0,446.44320242440483
3,23,2500,60,46,1,123,12,252.0,126.79088496965556
5,23,2400,60,39,1,87,9,264.0,183.72037127869916
10,23,2000,60,41,0,63,9,196.0,0.0
4,23,2700,60,39,0,215,15,494.0,0.0
9,23,1800,60,46,1,39,5,104.0,49.20291585423743
10,23,1800,60,38,0,69,6,176.0,0.0
5,23,2100,60,43,1,107,8,186.0,145.69508223902062
8,23,2300,60,48,1,43,5,160.0,168.1934104620529
8,23,2700,60,36,1,115,17,280.0,191.8392079831255
5,23,2300,60,37,0,135,11,300.0,0.0
4,23,2400,60,42,0,155,10,340.0,0.0
3,23,3000,60,43,1,149,20,382.0,369.97428554457844
10,23,2000,60,44,0,105,11,262.0,0.0
3,23,2300,60,45,1,185,12,300.0,261.29561056305613
8,23,2900,60,43,0,113,17,434.0,0.0
5,23,2000,60,40,0,71,5,142.0,0.0
6,23,2000,60,40,1,71,5,130.0,45.928437111970524
6,23,1600,60,37,1,31,5,92.0,79.49816807855416
7,23,2500,60,38,1,89,17,308.0,343.52245186131
10,23,2000,60,43,0,73,5,170.0,0.0
10,23,2300,60,47,0,43,4,104.0,0.0
8,23,2400,60,37,0,91,11,264.0,0.0
10,23,1500,60,38,1,57,9,202.0,98.9245816729209
5,23,2000,60,43,0,39,4,104.0,0.0
6,23,1700,60,46,1,65,5,124.0,119.15355327378191
6,23,2600,60,48,1,99,14,232.0,298.7881027434671
6,23,1700,60,38,1,81,6,116.0,68.14377148354104
8,23,2500,60,38,0,97,13,342.0,0.0
10,23,2900,60,50,0,101,12,358.0,0.0
7,23,2400,60,40,1,71,6,234.0,99.50399034734413
6,23,1700,60,44,1,53,3,82.0,95.48289727006096
8,23,1500,60,45,1,29,2,58.0,34.286943341049664
6,23,3000,60,47,0,167,13,430.0,0.0
7,23,2300,60,43,0,165,6,212.0,0.0
7,23,3000,60,49,0,157,7,312.0,0.0
7,23,1900,60,42,1,35,3,62.0,37.75276426629776
5,23,1700,60,41,0,67,4,100.0,0.0
8,23,2400,60,37,0,79,12,254.0,0.0
9,23,2400,60,35,0,85,12,366.0,0.0
10,23,3000,60,42,1,169,14,430.0,269.57019902252887
7,23,2300,60,37,1,91,11,232.0,213.9764225776868
7,23,2200,60,45,1,83,7,182.0,168.2011922560376
3,23,3000,60,35,0,153,20,404.0,0.0
10,23,2700,60,45,1,57,12,304.0,230.32859337629085
5,23,2500,60,36,0,99,16,322.0,0.0
5,23,2400,60,37,1,91,14,282.0,216.64905896605023
6,23,1900,60,37,0,71,8,160.0,0.0
10,23,1900,60,43,1,37,7,126.0,105.48458671597893
10,23,1500,60,43,1,17,1,18.0,20.388343586977506
6,23,1700,60,45,0,45,6,96.0,0.0
6,23,2000,60,37,1,51,13,138.0,155.27031956957765
8,23,2400,60,49,0,95,8,288.0,0.0
8,23,2500,60,37,0,87,15,346.0,0.0
5,23,2900,60,48,1,159,13,326.0,293.1387711985364
4,23,3000,60,48,0,107,7,254.0,0.0
7,23,1600,60,37,1,105,8,136.0,125.54697137264698
3,23,2400,60,47,1,107,8,178.0,166.43375873387072
5,23,1600,60,48,0,71,5,72.0,0.0
9,23,1900,60,38,0,23,2,24.0,0.0
10,23,3000,60,41,1,111,18,540.0,426.36387066321544
3,23,2600,60,49,0,147,9,278.0,0.0
7,23,1500,60,47,1,37,4,52.0,78.75973572656451
6,23,1800,60,41,0,51,5,116.0,0.0
7,23,2600,60,41,0,91,7,184.0,0.0
7,23,1500,60,35,0,41,5,70.0,0.0
10,23,1500,60,42,1,25,3,50.0,71.91415257713976
7,23,2800,60,48,1,73,8,184.0,153.98782402872962
5,23,2400,60,35,0,221,14,384.0,0.0
3,23,1500,60,42,0,21,3,28.0,0.0
4,23,2000,60,41,1,79,5,152.0,113.775199234242
6,23,1500,60,47,1,45,2,46.0,28.09553194030825
8,23,2500,60,46,1,99,8,178.0,98.96705535587006
4,23,2200,60,47,0,79,5,112.0,0.0
5,23,2100,60,46,1,89,8,186.0,142.02576303207337
10,23,1700,60,38,0,85,8,176.0,0.0
4,23,1700,55,42,0,31,3,84.0,0.0
7,23,1900,55,45,1,41,5,100.0,93.8037407812103
9,23,1900,55,49,1,33,1,34.0,25.014558721862194
9,23,2100,55,45,0,77,9,216.0,0.0
5,23,2500,55,36,0,131,14,334.0,0.0
5,23,1500,55,46,1,23,3,24.0,33.769511573091435
6,23,1500,55,47,1,0,0,0.0,0.0
4,23,1900,55,44,1,95,4,108.0,121.90374090716257
5,23,2700,55,46,0,115,14,402.0,0.0
8,23,2000,55,45,0,35,3,62.0,0.0
10,23,1600,55,37,1,41,9,110.0,88.41054395187521
10,23,1500,55,38,0,0,0,0.0,0.0
5,23,1600,55,41,0,31,4,82.0,0.0
6,23,2200,55,38,1,79,5,114.0,35.91625490497766
4,23,2000,55,39,1,103,7,176.0,147.57958524741397
3,23,2900,55,44,0,199,13,404.0,0.0
3,23,1500,55,45,1,49,6,88.0,119.65433222704053
7,23,2900,55,36,1,83,20,402.0,331.03725339100356
8,23,2200,55,43,0,75,7,144.0,0.0
9,23,1900,55,43,0,37,9,178.0,0.0
8,23,2500,55,41,1,59,11,328.0,335.7044571458892
5,23,2400,55,45,0,97,10,222.0,0.0
3,23,2700,55,48,0,179,7,180.0,0.0
3,23,2600,55,50,1,103,7,186.0,148.14518985864632
10,23,1800,55,43,1,69,6,136.0,82.1155745569596
7,23,2100,55,39,1,113,9,218.0,307.6832447117746
10,23,1500,55,38,1,33,6,58.0,18.750332161778143
7,23,2400,55,42,1,125,12,300.0,179.8141285462222
10,23,2100,55,43,0,79,12,254.0,0.0
8,23,2400,55,40,0,89,10,252.0,0.0
10,23,2300,55,50,0,43,6,150.0,0.0
6,23,2500,55,38,1,85,14,248.0,130.90127571630967
10,23,2800,55,38,0,149,19,508.0,0.0
5,23,2600,55,40,0,181,16,348.0,0.0
8,23,2900,55,40,0,81,14,400.0,0.0
6,23,2800,55,38,0,99,13,410.0,0.0
3,23,1600,55,46,1,43,4,88.0,103.05237671227906
6,23,2000,55,50,1,91,4,126.0,104.49084923312742
7,23,2700,55,38,1,107,12,352.0,163.56156628596
4,23,2000,55,42,1,73,8,140.0,102.67220493531488
7,23,1700,55,45,0,27,4,66.0,0.0
5,23,2500,55,49,0,83,8,204.0,0.0
5,23,1900,55,37,0,65,8,168.0,0.0
4,23,2200,55,43,1,57,9,148.0,194.57006405363694
3,23,1700,55,42,0,93,5,144.0,0.0
9,23,3000,55,50,1,99,9,348.0,157.94152088675213
10,23,2500,55,44,1,95,13,308.0,324.76121528390547
3,23,3000,55,46,0,217,11,368.0,0.0
3,23,2300,55,36,0,125,14,214.0,0.0
9,23,2100,55,36,0,53,10,238.0,0.0
4,23,1800,55,41,1,45,3,74.0,59.03836284421996
3,23,2400,55,42,1,115,10,240.0,153.66265397698936
6,23,3000,55,47,1,167,11,322.0,285.41255631951395
9,23,2300,55,43,1,59,10,198.0,155.5499429651349
8,23,2000,55,47,0,71,10,232.0,0.0
9,23,1500,55,39,1,59,4,60.0,117.26386111844194
8,23,2300,55,40,1,95,10,212.0,125.59272303713291
8,23,2600,55,43,0,95,13,340.0,0.0
7,23,1700,55,42,0,33,1,34.0,0.0
8,23,1900,55,41,0,35,4,116.0,0.0
6,23,1500,55,46,0,75,5,94.0,0.0
3,23,1900,55,48,1,83,6,118.0,179.04562435886535
9,23,2600,55,40,0,91,5,180.0,0.0
9,23,2900,55,41,1,67,12,278.0,116.66251005583621
3,23,2800,55,47,0,133,8,298.0,0.0
7,23,1700,55,43,1,29,3,58.0,52.79510456183577
4,23,1900,55,45,1,37,3,38.0,34.46368529501697
6,23,2600,55,47,0,121,13,370.0,0.0
8,23,2300,55,47,1,83,7,176.0,69.31674046757253
5,23,2600,55,35,0,141,16,434.0,0.0
6,23,2300,55,39,1,77,13,218.0,296.9176140552439
5,23,2800,55,42,0,161,13,516.0,0.0
5,23,2700,55,43,0,155,11,270.0,0.0
3,23,1800,55,42,1,53,4,86.0,64.9482847477031
3,23,2000,55,40,0,71,9,146.0,0.0
7,23,2300,55,48,1,65,6,108.0,167.77574559632896
10,23,2700,55,36,1,79,17,374.0,221.3334301002824
8,23,2000,55,42,0,61,5,110.0,0.0
4,23,1500,55,46,1,53,2,54.0,55.64786456331755
9,23,3000,55,46,0,111,13,518.0,0.0
7,23,2100,55,48,1,43,5,80.0,132.1712413485316
6,23,1900,55,46,1,53,4,54.0,35.87401259724368
10,23,2400,55,46,0,87,10,262.0,0.0
4,23,1600,55,36,0,93,7,136.0,0.0
4,23,1700,55,39,0,67,8,166.0,0.0
7,23,1900,55,43,1,89,7,122.0,182.40852177706358
8,23,3000,55,45,1,95,14,334.0,351.48893816372
7,23,1800,55,48,0,33,2,58.0,0.0
3,23,1700,55,50,1,57,4,58.0,104.34303955102509
6,23,2300,55,36,1,83,13,304.0,101.97657837674414
5,23,2400,55,46,0,61,4,108.0,0.0
8,23,2900,55,35,0,103,19,492.0,0.0
4,23,2000,55,40,1,77,10,78.0,148.45683594781252
9,23,2300,55,44,1,61,8,250.0,266.649452996136
5,23,2900,55,41,0,149,12,408.0,0.0
10,23,2100,55,37,0,93,11,256.0,0.0
10,23,1700,55,48,1,49,5,84.0,148.03085207509417
7,23,1500,55,47,0,25,2,52.0,0.0
7,23,2300,50,37,1,121,18,316.0,248.20637799262477
7,23,1800,50,40,0,93,7,176.0,0.0
4,23,2000,55,44,1,79,6,172.0,128.94100717487962
9,23,2700,50,48,1,51,8,224.0,214.60117353121112
8,23,2500,55,50,0,91,9,222.0,0.0
7,23,1900,50,49,0,0,0,0.0,0.0
4,23,1900,50,50,1,93,5,94.0,104.92505023470764
9,23,2300,50,38,0,83,11,208.0,0.0
7,23,2700,50,41,0,79,11,220.0,0.0
6,23,1700,50,45,0,61,3,84.0,0.0
10,23,2000,50,39,0,35,4,102.0,0.0
9,23,2700,50,42,1,95,9,310.0,185.8989760129813
9,23,2600,50,50,1,51,3,100.0,61.18883437602143
8,23,2200,50,46,1,49,5,86.0,80.40831654023059
8,23,2000,50,48,1,63,5,104.0,84.8110925558046
3,23,2000,50,35,0,109,7,190.0,0.0
3,23,1500,50,38,0,53,4,84.0,0.0
6,23,1800,50,43,1,35,5,98.0,65.60760660087249
7,23,2300,50,45,0,45,4,82.0,0.0
4,23,3000,50,48,1,109,9,274.0,219.73297122551432
7,23,2300,50,37,0,77,11,258.0,0.0
10,23,1900,50,35,0,71,6,166.0,0.0
7,23,3000,50,48,1,105,11,390.0,289.29827692622416
4,23,3000,50,49,1,151,11,338.0,135.28085920359882
9,23,2200,50,37,1,85,11,212.0,181.62442715749899
5,23,2600,50,40,1,157,13,348.0,233.39055323277535
10,23,2600,50,42,0,51,8,186.0,0.0
3,23,1800,50,48,1,103,6,204.0,135.09352282616356
7,23,1500,50,38,0,25,5,64.0,0.0
9,23,3000,50,50,0,97,9,260.0,0.0
10,23,1800,50,46,1,31,2,38.0,17.082476487701967
5,23,2400,50,38,1,113,14,244.0,242.0442500564354
4,23,2500,50,47,1,129,12,334.0,208.13921132070445
4,23,1900,50,39,0,35,4,84.0,0.0
5,23,2600,50,43,0,113,10,292.0,0.0
8,23,1800,50,46,0,49,3,86.0,0.0
8,23,1500,50,44,1,69,7,126.0,188.44484034360633
5,23,1500,50,42,0,51,4,76.0,0.0
3,23,2400,50,37,1,101,7,198.0,71.92884816799183
3,23,1900,50,38,0,29,1,30.0,0.0
10,23,2800,50,40,1,77,12,342.0,272.8651354667831
3,23,1700,50,46,1,47,5,104.0,66.33346467208186
5,23,1500,50,42,0,105,7,154.0,0.0
3,23,2300,50,45,0,123,7,154.0,0.0
3,23,1900,50,41,1,43,5,68.0,99.44189445960154
8,23,2200,50,38,0,43,6,190.0,0.0
9,23,1600,50,39,1,29,2,42.0,80.1924616162967
10,23,2200,50,45,1,77,7,190.0,160.4788405464767
10,23,2700,50,40,0,83,9,230.0,0.0
6,23,2500,50,44,0,91,7,190.0,0.0
5,23,2100,50,47,1,41,4,100.0,69.34735942654036
5,23,2900,50,48,0,103,8,210.0,0.0
4,23,2800,50,36,0,145,15,404.0,0.0
10,23,2400,50,35,1,75,13,348.0,241.91895222804143
5,23,2000,50,36,0,99,6,138.0,0.0
6,23,2200,50,46,1,63,5,98.0,67.25552363047501
8,23,1800,50,46,1,31,2,32.0,23.892675622809094
8,23,1900,50,46,1,49,6,54.0,75.49156753438241
9,23,1500,50,48,0,43,6,70.0,0.0
10,23,2200,50,35,0,75,13,270.0,0.0
9,23,1900,50,37,0,59,5,94.0,0.0
7,23,2300,50,45,1,119,6,182.0,154.5417945841397
10,23,1900,50,35,0,103,5,174.0,0.0
10,23,1800,50,48,0,33,1,34.0,0.0
9,23,2000,50,46,1,43,5,76.0,63.12743515192832
10,23,2700,50,50,1,93,7,204.0,113.47033679006742
5,23,1900,50,36,1,101,8,168.0,70.63317031181816
9,23,2400,50,39,1,43,2,50.0,47.60773512445009
8,23,2600,50,46,0,99,12,250.0,0.0
4,23,2900,50,39,1,85,9,240.0,212.40222182862314
3,23,3000,50,39,1,161,19,354.0,495.447306002485
9,23,1900,50,36,1,79,6,146.0,78.51930969648683
3,23,1500,50,47,0,27,4,42.0,0.0
9,23,2400,50,45,0,77,5,150.0,0.0
8,23,2100,50,43,1,121,6,216.0,94.6406799422045
9,23,2800,50,41,0,141,9,342.0,0.0
7,23,3000,50,48,0,161,10,322.0,0.0
7,23,1500,50,38,1,57,5,118.0,71.92910270282007
9,23,2600,50,47,0,51,5,94.0,0.0
6,23,2200,50,38,0,77,6,176.0,0.0
4,23,2200,50,36,0,121,11,244.0,0.0
10,23,1700,50,37,1,59,3,78.0,17.915462835295003
8,23,1500,50,40,1,59,7,140.0,109.8400028363713
9,23,1600,50,42,0,51,2,52.0,0.0
8,23,2800,50,48,0,99,11,354.0,0.0
8,23,1700,50,45,1,43,4,74.0,91.38692118073247
3,23,1800,50,40,1,29,4,46.0,60.41973577895855
8,23,2700,50,42,1,89,13,278.0,179.99738108751043
4,23,2900,50,47,0,107,7,210.0,0.0
10,23,2900,50,47,0,55,14,292.0,0.0
6,23,2100,50,45,0,77,4,120.0,0.0
4,23,2200,50,46,1,51,4,92.0,35.39923153672224
5,23,1700,50,40,1,49,4,50.0,32.12353646479221
9,23,2700,50,41,0,53,13,320.0,0.0
4,23,2700,50,40,1,157,17,316.0,184.97698897100886
3,23,2100,50,45,0,113,5,162.0,0.0
3,23,2700,50,45,0,357,13,422.0,0.0
5,23,2200,50,49,1,99,10,270.0,159.8637297251866
3,23,1800,50,45,1,55,7,82.0,98.30940934600866
9,23,2900,50,47,0,103,11,392.0,0.0
8,22,2600,90,35,1,61,15,286.0,238.99405406497328
6,22,1600,90,35,0,31,4,86.0,0.0
4,23,2500,50,45,1,129,8,178.0,173.32045533442977
5,22,2200,90,45,0,73,6,134.0,0.0
5,22,2500,90,47,1,93,11,280.0,157.6840334291296
3,23,2000,50,50,0,109,6,172.0,0.0
10,22,1800,90,49,1,33,6,98.0,61.06739099275548
8,22,2800,90,38,0,97,16,348.0,0.0
3,22,2000,90,37,0,137,11,280.0,0.0
8,22,1600,90,39,1,31,6,82.0,131.5078153246042
3,22,1500,90,42,1,47,8,90.0,139.6513581001063
7,22,1800,90,39,1,61,15,252.0,380.60737502681883
7,22,1700,90,45,1,121,9,170.0,135.30108417288162
3,22,2600,90,47,0,145,10,334.0,0.0
4,22,1800,90,49,0,83,7,150.0,0.0
10,22,1800,90,37,0,91,9,160.0,0.0
4,22,2100,90,39,0,139,9,168.0,0.0
3,22,2500,90,38,1,123,14,258.0,252.10930778039545
10,22,2900,90,40,0,57,20,378.0,0.0
8,22,1700,90,42,1,41,6,92.0,80.73944040095027
6,22,2200,90,39,1,173,17,426.0,392.2615087881437
4,22,2600,90,45,0,139,9,284.0,0.0
3,22,2900,90,47,1,141,18,234.0,224.75095334178943
9,22,2400,90,38,0,79,12,296.0,0.0
4,22,2200,90,40,1,121,10,212.0,146.1785972954051
8,22,2800,90,35,0,155,20,508.0,0.0
5,22,2100,90,41,0,81,7,146.0,0.0
10,22,2100,90,42,0,115,10,272.0,0.0
5,22,2300,90,35,1,77,16,318.0,149.6262006198936
3,22,2900,90,49,1,105,17,248.0,332.3917325424749
7,22,2400,90,41,1,87,15,382.0,337.5030409314034
6,22,1500,90,35,0,31,3,32.0,0.0
8,22,2700,90,40,1,203,15,504.0,175.26662216132777
3,22,1700,90,42,0,95,6,158.0,0.0
3,22,1700,90,44,1,67,7,114.0,165.1829298438594
4,22,2500,90,39,0,139,16,362.0,0.0
7,22,1800,90,45,1,39,4,66.0,79.91518969429401
10,22,2000,90,48,0,31,3,32.0,0.0
5,22,2000,90,50,0,109,9,178.0,0.0
9,22,2500,90,50,1,63,11,188.0,359.14791232954354
9,22,2100,90,37,0,41,9,144.0,0.0
10,22,2200,90,48,1,53,8,132.0,230.19159977478205
7,22,2900,90,39,0,101,17,484.0,0.0
9,22,1900,90,42,1,37,8,162.0,86.08926651784738
6,22,1800,90,47,1,61,3,88.0,28.41981115330549
5,22,1900,90,39,0,73,7,152.0,0.0
9,22,1900,90,47,0,71,7,126.0,0.0
9,22,2800,90,46,1,103,15,404.0,263.0338093885412
7,22,2700,90,43,1,97,16,420.0,376.26785907569575
7,22,1800,90,37,1,55,11,140.0,208.55537521399322
10,22,2600,90,41,0,51,15,308.0,0.0
8,22,2100,90,41,0,71,6,152.0,0.0
3,22,3000,90,46,1,143,16,354.0,399.43825587355184
4,22,2100,90,47,0,65,8,148.0,0.0
8,22,2500,90,36,1,69,18,238.0,242.78858671783902
10,22,2800,90,50,0,111,10,342.0,0.0
3,22,1600,90,40,1,79,8,80.0,114.02121966670875
9,22,1500,90,46,0,21,2,22.0,0.0
8,22,2700,90,44,1,107,14,406.0,340.4965258560637
3,22,2600,90,48,0,123,13,198.0,0.0
4,22,2900,90,50,1,113,12,234.0,219.5641991860896
10,22,1700,90,39,0,59,8,154.0,0.0
3,22,2900,90,46,0,213,13,460.0,0.0
4,22,2100,90,46,1,61,5,92.0,38.171751400724766
3,22,2700,90,47,0,147,11,242.0,0.0
10,22,2400,90,50,1,63,12,226.0,237.15377259565975
9,22,2400,90,42,1,85,15,372.0,191.4940137444802
7,22,2700,90,36,0,107,22,532.0,0.0
4,22,2900,90,48,0,103,10,346.0,0.0
6,22,2900,90,40,0,111,19,526.0,0.0
5,22,2200,90,45,1,79,9,190.0,225.56908235127835
7,22,1900,90,48,0,71,7,126.0,0.0
6,22,1900,90,47,1,71,5,136.0,73.04217641954831
8,22,2100,90,46,1,75,8,210.0,65.78452686889244
3,22,3000,90,44,1,109,20,322.0,454.17425695294713
4,22,2800,90,44,0,157,15,300.0,0.0
8,22,1800,90,36,0,119,12,274.0,0.0
5,22,2800,90,42,1,131,10,400.0,130.77729962134944
8,22,2200,90,42,0,113,12,262.0,0.0
10,22,2200,90,46,1,49,7,154.0,90.53012815960183
8,22,1800,90,39,1,77,8,148.0,233.4950192437173
10,22,1800,90,42,0,53,6,104.0,0.0
8,22,3000,90,50,1,101,13,374.0,363.2997402905945
8,22,2200,90,36,0,79,16,342.0,0.0
6,22,3000,90,37,1,79,22,328.0,328.28840337748295
5,22,1900,90,36,1,71,13,206.0,168.73007353418978
3,22,2600,90,38,0,187,18,328.0,0.0
9,22,2000,90,38,1,73,9,226.0,84.87682558478681
4,22,2100,90,38,0,113,12,302.0,0.0
8,22,1500,90,47,0,27,2,56.0,0.0
6,22,2300,90,45,1,121,12,292.0,299.34168485312284
8,22,1700,90,36,1,65,8,160.0,74.14182255060007
6,22,2900,90,37,0,151,19,530.0,0.0
9,22,2500,90,40,1,63,12,214.0,205.01526713844373
6,22,2800,90,43,1,99,15,290.0,277.0679710022705
4,22,2600,90,42,0,151,13,340.0,0.0
10,22,1600,90,44,0,83,5,126.0,0.0
8,22,2000,90,49,0,55,4,120.0,0.0
8,22,2100,90,38,0,79,9,220.0,0.0
4,22,2700,90,41,1,133,15,320.0,267.5761446579183
10,22,2200,85,35,1,73,13,262.0,167.47082763466142
3,22,2200,90,43,0,117,13,232.0,0.0
7,22,1800,85,46,1,101,5,172.0,34.98537290142352
5,22,2700,85,45,0,137,13,334.0,0.0
8,22,2500,90,46,1,143,14,406.0,253.21771887570864
3,22,2200,85,36,0,149,12,308.0,0.0
8,22,2900,85,45,0,103,18,464.0,0.0
4,22,3000,85,42,0,149,18,378.0,0.0
9,22,2200,85,49,1,37,5,158.0,62.911358214375795
6,22,1500,85,49,1,33,3,62.0,40.67569249216144
5,22,2000,85,48,1,85,11,166.0,316.63891829020986
8,22,2500,85,43,0,139,11,302.0,0.0
4,22,1500,85,36,0,79,8,110.0,0.0
4,22,1900,85,40,1,101,10,196.0,134.31511682166374
10,22,2300,85,42,1,93,11,240.0,90.29788418548598
5,22,3000,85,40,0,163,22,474.0,0.0
5,22,3000,85,50,1,171,16,440.0,341.4307101338788
9,22,3000,85,45,1,109,20,506.0,521.0349765327798
5,22,2100,85,50,0,39,5,108.0,0.0
4,22,1900,85,42,0,67,6,142.0,0.0
10,22,3000,85,39,0,109,18,444.0,0.0
6,22,1700,85,38,1,53,5,54.0,44.00020238071219
9,22,2500,85,43,1,53,13,216.0,232.70707204888672
10,22,1500,85,35,1,53,9,140.0,61.97214850305764
8,22,1900,85,38,0,57,12,204.0,0.0
6,22,2200,85,40,0,123,11,222.0,0.0
9,22,1800,85,37,1,39,10,108.0,161.6626908845806
3,22,3000,85,40,0,223,18,482.0,0.0
9,22,1800,85,48,1,35,3,68.0,72.5579061954808
10,22,1800,85,45,1,55,5,120.0,60.74657345733836
10,22,1800,85,47,0,33,4,94.0,0.0
5,22,2600,85,42,1,93,18,302.0,342.6724015777629
5,22,3000,85,47,0,115,13,412.0,0.0
5,22,2500,85,39,1,189,17,344.0,377.2273732266172
4,22,2200,85,37,0,157,10,250.0,0.0
6,22,1500,85,40,0,35,5,86.0,0.0
4,22,2700,85,40,0,145,17,368.0,0.0
10,22,2600,85,44,1,83,9,268.0,245.53888175025122
8,22,2200,85,42,1,43,5,112.0,82.10437318240862
10,22,2000,85,47,0,115,10,282.0,0.0
5,22,2300,85,38,1,99,15,230.0,214.08149275454525
10,22,1800,85,41,1,63,6,132.0,96.77443769380987
8,22,2700,85,45,1,53,14,266.0,308.5471160492771
6,22,1800,85,44,0,61,9,156.0,0.0
10,22,1700,85,48,0,17,1,18.0,0.0
7,22,2400,85,41,0,71,6,156.0,0.0
4,22,1900,85,50,1,71,3,104.0,39.053121060537705
7,22,2200,85,38,0,43,8,136.0,0.0
6,22,2600,85,37,1,69,18,284.0,189.6878542782783
8,22,2200,85,42,1,59,11,172.0,178.33519912660333
4,22,2700,85,36,0,197,17,512.0,0.0
8,22,1600,85,44,1,47,5,80.0,144.58096447332719
5,22,2800,85,46,0,153,16,410.0,0.0
7,22,2800,85,50,0,167,10,354.0,0.0
4,22,1600,85,35,0,59,9,110.0,0.0
5,22,2100,85,38,0,77,9,194.0,0.0
9,22,1900,85,43,1,37,8,124.0,90.63854768837227
5,22,2000,85,49,1,97,6,176.0,73.43578880612021
7,22,2200,85,35,1,117,13,312.0,134.27293775885252
8,22,3000,85,41,1,117,13,396.0,241.63802320610998
6,22,2100,85,46,0,99,8,180.0,0.0
3,22,1900,85,38,0,103,8,170.0,0.0
4,22,2000,85,35,1,85,16,294.0,225.37263341988506
5,22,2000,85,41,1,55,6,128.0,109.54543501235172
5,22,1600,85,47,0,27,2,28.0,0.0
4,22,2000,85,45,1,63,7,122.0,112.53246717978345
5,22,2300,85,49,1,81,6,168.0,73.06548184762975
9,22,1600,85,46,0,29,2,30.0,0.0
9,22,2200,85,49,0,69,10,176.0,0.0
3,22,2400,85,36,0,209,15,378.0,0.0
7,22,1900,85,44,0,29,4,50.0,0.0
5,22,1700,85,36,0,123,8,158.0,0.0
8,22,2300,85,45,1,51,8,176.0,160.4499984799432
4,22,2100,85,44,1,73,10,136.0,196.5238751685302
7,22,1800,85,46,0,99,6,100.0,0.0
4,22,2300,85,42,1,113,8,156.0,131.3834805071169
3,22,1500,85,36,0,79,7,160.0,0.0
8,22,1500,85,39,0,59,6,128.0,0.0
7,22,2800,85,39,1,105,19,378.0,437.11036162889474
3,22,2400,85,36,1,129,21,274.0,318.69185812122254
6,22,2900,85,42,1,91,19,368.0,313.7038670988546
5,22,2800,85,38,0,151,18,514.0,0.0
9,22,2700,85,48,1,103,14,452.0,410.38573086651917
4,22,1800,85,36,0,81,8,128.0,0.0
5,22,3000,85,36,0,171,20,544.0,0.0
3,22,2200,85,38,1,99,14,188.0,183.92831931058353
8,22,2700,85,39,1,71,13,302.0,273.326361903559
8,22,1700,85,48,1,49,4,50.0,117.97802517950716
4,22,2200,85,35,0,153,16,234.0,0.0
3,22,2000,85,43,0,189,9,254.0,0.0
10,22,1700,85,38,1,33,6,88.0,86.68037912142368
7,22,3000,85,41,0,57,19,350.0,0.0
5,22,3000,85,41,0,163,18,490.0,0.0
8,22,2100,85,45,1,81,9,240.0,156.33840595737115
9,22,1600,85,40,1,31,6,82.0,71.68148177986434
10,22,2100,85,49,0,67,8,140.0,0.0
6,22,2100,85,50,1,49,7,108.0,132.20271165150146
4,22,2900,85,36,0,105,21,320.0,0.0
5,22,2100,85,39,1,111,12,230.0,339.76262471013746
6,22,3000,80,42,0,111,18,366.0,0.0
8,22,2300,80,41,1,133,10,312.0,177.46790671827787
6,22,2800,85,48,1,141,16,430.0,225.85884442899334
10,22,2300,85,48,0,43,5,112.0,0.0
8,22,1700,85,49,0,67,5,68.0,0.0
6,22,2900,80,35,0,107,20,498.0,0.0
5,22,2900,80,41,0,213,19,640.0,0.0
5,22,2600,80,40,1,129,15,304.0,204.627996466235
3,22,2400,80,43,0,83,8,156.0,0.0
3,22,2100,80,47,1,73,5,104.0,32.39469765691287
6,22,2900,80,49,1,83,13,222.0,232.0950363125286
4,22,1800,80,48,1,13,1,14.0,20.908954612784367
10,22,2700,80,37,0,105,19,446.0,0.0
8,22,1900,80,40,0,69,5,126.0,0.0
7,22,2100,80,48,1,73,9,178.0,260.1679877238473
3,22,2100,80,40,1,65,10,166.0,124.25503321506734
5,22,2700,80,42,1,95,11,300.0,147.34601146854374
4,22,2000,80,42,0,89,6,122.0,0.0
5,22,1600,80,48,0,45,4,76.0,0.0
5,22,2900,80,42,1,97,19,372.0,284.9723679781623
5,22,2600,80,35,0,137,18,320.0,0.0
6,22,2200,80,43,0,73,8,242.0,0.0
3,22,1500,80,45,0,29,3,54.0,0.0
9,22,2200,80,47,1,49,8,156.0,139.57825538239084
4,22,2900,80,45,1,147,15,330.0,332.2465338728014
8,22,2700,80,49,0,147,14,388.0,0.0
5,22,2900,80,48,1,103,15,278.0,385.83399133477997
4,22,2300,80,35,1,77,14,222.0,140.61612695240748
7,22,2000,80,42,0,77,8,148.0,0.0
6,22,1700,80,40,0,57,6,100.0,0.0
9,22,2200,80,50,1,79,7,228.0,292.69786731860194
7,22,1600,80,46,1,53,5,90.0,72.96980516043456
8,22,2200,80,39,0,125,9,272.0,0.0
4,22,2000,80,49,0,65,4,138.0,0.0
10,22,1800,80,44,1,99,8,208.0,212.61181573805484
7,22,2900,80,35,0,109,20,458.0,0.0
4,22,3000,80,42,1,107,22,352.0,293.8768307208732
5,22,1500,80,39,0,51,6,80.0,0.0
5,22,2200,80,38,1,113,10,148.0,133.1373502025202
8,22,2800,80,41,0,55,13,394.0,0.0
4,22,2000,80,49,1,91,7,92.0,90.08133633359837
8,22,2300,80,40,1,45,12,236.0,166.16930751592392
8,22,2900,80,39,0,139,19,490.0,0.0
4,22,2800,80,47,0,151,16,402.0,0.0
9,22,2600,80,39,1,51,9,222.0,256.0925464972119
6,22,2800,80,39,1,79,17,332.0,454.47574028692134
10,22,2800,80,46,1,87,12,250.0,226.45374983724798
6,22,2600,80,37,0,97,14,314.0,0.0
7,22,2600,80,46,0,95,12,318.0,0.0
8,22,2000,80,40,0,59,7,130.0,0.0
4,22,1800,80,48,1,71,4,126.0,160.105173575811
8,22,1500,80,49,1,33,4,62.0,35.29552217834204
5,22,2400,80,42,0,75,8,192.0,0.0
9,22,2900,80,35,1,105,20,464.0,298.5564446466605
7,22,1600,80,39,1,63,7,126.0,187.89711446328687
3,22,1600,80,46,1,89,5,142.0,48.91769330587688
5,22,2800,80,46,0,95,12,364.0,0.0
9,22,2500,80,46,0,137,12,358.0,0.0
3,22,2200,80,38,0,157,18,350.0,0.0
9,22,2300,80,50,1,45,7,160.0,160.15632748266358
9,22,3000,80,36,0,109,18,432.0,0.0
8,22,2900,80,39,0,111,18,444.0,0.0
8,22,2500,80,45,1,101,14,272.0,297.0823591275086
5,22,2500,80,39,0,165,14,360.0,0.0
4,22,1900,80,46,1,35,2,36.0,35.639406950176934
6,22,1900,80,43,1,57,9,158.0,95.59452385507214
9,22,1800,80,46,1,35,2,64.0,32.46823814602769
10,22,2000,80,50,0,69,7,198.0,0.0
8,22,3000,80,35,0,109,18,548.0,0.0
7,22,1700,80,48,1,59,7,106.0,189.65776455058054
3,22,2000,80,38,0,147,12,302.0,0.0
5,22,2100,80,43,0,85,9,128.0,0.0
7,22,1900,80,44,1,49,5,82.0,160.18764523823947
4,22,2300,80,48,1,85,10,250.0,185.02034804658481
8,22,2700,80,50,0,89,10,286.0,0.0
3,22,1600,80,35,0,83,7,162.0,0.0
6,22,2600,80,43,1,93,15,360.0,378.25504193493356
8,22,1500,80,45,1,81,6,122.0,140.77850188423642
10,22,2000,80,47,0,37,4,140.0,0.0
5,22,3000,80,39,1,117,21,412.0,524.4095642152669
4,22,1600,80,46,0,59,3,90.0,0.0
8,22,2100,80,48,1,53,4,90.0,101.36939176165905
4,22,2100,80,40,1,107,10,202.0,106.95132255186428
7,22,1700,80,35,1,33,4,98.0,26.771982420213334
9,22,1800,80,39,0,31,4,96.0,0.0
8,22,1800,80,45,0,69,4,106.0,0.0
7,22,2700,80,47,1,69,15,266.0,154.41683093185182
10,22,2700,80,35,0,105,20,648.0,0.0
8,22,2400,80,47,0,43,6,180.0,0.0
10,22,3000,80,37,1,103,20,496.0,403.47814186906584
9,22,1600,80,38,0,61,5,84.0,0.0
8,22,2900,80,40,1,115,15,476.0,274.6368511438561
8,22,1500,80,42,1,33,6,74.0,105.22808604263282
4,22,1800,80,43,0,63,6,144.0,0.0
8,22,2700,80,40,0,99,13,422.0,0.0
5,22,2700,80,49,0,47,8,226.0,0.0
10,22,2900,80,49,1,81,13,372.0,251.73890320632157
4,22,2700,80,35,1,99,20,322.0,316.3015158411087
7,22,3000,80,44,0,157,17,526.0,0.0
4,22,1600,75,44,1,29,2,60.0,50.870822750673284
6,22,1700,80,47,0,41,5,76.0,0.0
6,22,1500,75,40,0,47,3,68.0,0.0
6,22,2600,80,46,1,91,15,358.0,329.0559123369114
8,22,2700,80,43,1,101,13,310.0,232.35330292959563
9,22,2600,80,50,0,85,8,258.0,0.0
3,22,2500,75,38,1,165,20,402.0,327.061022863292
4,22,2100,75,38,0,73,10,176.0,0.0
9,22,2600,75,46,1,97,11,326.0,202.1096679234346
5,22,2400,75,38,1,97,12,318.0,265.23985327778786
8,22,1700,75,44,0,33,2,52.0,0.0
7,22,1500,75,46,1,29,2,58.0,24.00431305831673
8,22,2400,75,35,0,129,16,460.0,0.0
3,22,2600,75,42,0,141,10,286.0,0.0
5,22,2300,75,46,1,81,8,100.0,154.00627605299294
10,22,1500,75,35,0,45,4,104.0,0.0
7,22,2000,75,42,1,67,8,148.0,139.16825833495741
5,22,2100,75,36,1,51,9,164.0,109.18822619045649
10,22,2000,75,45,0,61,5,136.0,0.0
9,22,1500,75,42,1,27,3,60.0,71.75568014121058
9,22,2200,75,44,0,113,12,340.0,0.0
10,22,2700,75,45,0,97,11,294.0,0.0
9,22,2200,75,40,0,113,12,258.0,0.0
7,22,3000,75,36,0,117,20,574.0,0.0
7,22,1700,75,44,1,61,3,94.0,20.199094683964663
10,22,3000,75,46,1,119,15,550.0,280.55954476410176
3,22,2900,75,47,1,135,19,336.0,307.50840567401696
8,22,1600,75,48,0,29,5,50.0,0.0
3,22,2400,75,38,0,115,13,292.0,0.0
7,22,3000,75,47,1,107,16,386.0,209.51943738703832
7,22,1500,75,35,1,25,2,50.0,17.29267044430228
9,22,2600,75,38,0,91,14,356.0,0.0
4,22,1600,75,39,0,53,5,112.0,0.0
10,22,2500,75,42,0,93,11,280.0,0.0
3,22,1500,75,44,1,29,5,60.0,111.29313513802246
4,22,2400,75,43,1,101,11,204.0,161.86189063398805
4,22,2200,75,47,1,81,8,218.0,97.00305175264847
9,22,2700,75,42,0,147,15,376.0,0.0
8,22,2300,75,43,1,45,7,164.0,161.5796859879331
8,22,2200,75,48,0,85,8,152.0,0.0
4,22,3000,75,39,1,105,21,358.0,596.3453575204409
4,22,2700,75,47,1,147,11,286.0,187.464086429149
8,22,1700,75,48,0,81,5,82.0,0.0
8,22,2500,75,44,0,181,13,442.0,0.0
6,22,1900,75,35,0,71,11,214.0,0.0
4,22,1800,75,36,0,59,7,144.0,0.0
6,22,1500,75,37,1,101,5,122.0,81.04667870441993
8,22,1800,75,39,1,63,7,148.0,224.0750274273622
5,22,2900,75,43,1,77,18,292.0,302.8641594526023
10,22,2100,75,50,1,35,6,130.0,99.38031969507453
8,22,1700,75,49,0,33,7,92.0,0.0
8,22,2300,75,40,0,89,9,292.0,0.0
6,22,2700,75,35,0,133,20,416.0,0.0
5,22,3000,75,38,1,77,19,278.0,310.34270858505835
4,22,1900,75,43,1,67,7,158.0,139.46117912621372
9,22,2500,75,46,1,61,14,194.0,264.7803927850658
10,22,2700,75,44,0,147,13,400.0,0.0
3,22,1800,75,45,1,69,6,166.0,156.79261352631693
9,22,2500,75,35,1,93,16,450.0,255.37040697728446
4,22,2800,75,43,0,153,12,364.0,0.0
6,22,1700,75,43,0,65,5,134.0,0.0
6,22,1800,75,37,0,61,8,152.0,0.0
10,22,2000,75,45,1,79,6,204.0,96.09248625755887
4,22,2000,75,35,0,69,11,212.0,0.0
9,22,2100,75,41,0,41,6,154.0,0.0
4,22,2400,75,38,1,105,13,230.0,136.07219158822488
8,22,1900,75,35,0,29,4,84.0,0.0
6,22,2100,75,35,1,57,12,208.0,145.31204663394902
5,22,1600,75,37,0,89,10,214.0,0.0
9,22,1900,75,49,1,37,5,132.0,27.962129307313692
10,22,1700,75,42,1,67,7,114.0,138.15764481951362
5,22,2700,75,35,0,105,14,342.0,0.0
9,22,2500,75,36,0,49,15,328.0,0.0
4,22,1800,75,45,1,61,5,114.0,116.10598778712341
5,22,3000,75,49,0,153,13,330.0,0.0
6,22,2700,75,45,1,77,12,244.0,294.07525164771806
8,22,2700,75,47,0,101,11,352.0,0.0
4,22,2000,75,49,1,37,5,102.0,68.04807107318307
3,22,2900,75,35,1,145,21,260.0,266.6203676409463
9,22,1500,75,36,0,25,6,88.0,0.0
10,22,2400,75,38,0,91,15,250.0,0.0
9,22,1600,75,43,1,79,7,166.0,56.23114417966671
5,22,2400,75,48,0,47,5,126.0,0.0
3,22,2900,75,46,1,179,16,456.0,312.17117585751697
10,22,1500,75,45,0,45,6,112.0,0.0
9,22,1800,75,44,1,79,5,150.0,163.58128263189295
10,22,2000,75,48,1,75,5,128.0,124.63682410477607
3,22,2100,75,35,1,105,17,206.0,193.97137824248762
5,22,1900,75,40,0,69,9,170.0,0.0
9,22,1800,75,42,0,61,6,152.0,0.0
9,22,1700,75,40,0,61,6,122.0,0.0
6,22,2500,75,45,1,83,11,222.0,245.01634048359514
6,22,2200,75,36,0,79,10,186.0,0.0
9,22,2800,75,40,1,103,14,384.0,233.1771437696518
5,22,2700,75,39,1,99,17,336.0,367.2133163163232
6,22,2200,75,37,1,103,13,292.0,196.07166831048406
7,22,3000,75,42,0,173,17,654.0,0.0
8,22,2400,75,39,1,89,12,270.0,249.18682256584896
8,22,2300,75,45,0,37,5,92.0,0.0
7,22,2500,75,47,0,117,12,318.0,0.0
5,22,2300,75,36,0,121,15,278.0,0.0
9,22,2700,75,37,0,151,14,456.0,0.0
10,22,2900,75,41,1,111,19,602.0,398.4987481948825
8,22,1800,70,36,0,55,5,126.0,0.0
4,22,3000,70,46,1,95,16,302.0,236.0840575141998
10,22,2400,75,47,1,49,6,92.0,32.02902726804167
5,22,2200,70,39,0,37,6,96.0,0.0
5,22,1500,70,36,1,39,7,84.0,82.05770164013528
9,22,2300,70,36,0,89,14,246.0,0.0
9,22,1500,70,39,0,55,3,82.0,0.0
10,22,1900,70,44,1,27,4,52.0,112.22955692702864
4,22,2200,70,47,1,115,5,116.0,86.75185087301378
8,22,2700,70,50,0,121,7,256.0,0.0
7,22,2200,70,50,1,43,3,78.0,62.67969645380192
3,22,2600,70,35,0,145,18,396.0,0.0
8,22,1800,70,39,0,65,7,136.0,0.0
8,22,2200,70,35,1,121,14,450.0,154.5678634623752
9,22,1800,70,42,1,53,6,114.0,95.95838142295344
7,22,2000,70,47,1,67,8,162.0,69.73134701289027
4,22,2200,70,37,0,129,12,288.0,0.0
5,22,2000,70,43,1,93,7,132.0,131.57046096489148
4,22,2800,70,41,0,165,15,394.0,0.0
7,22,1600,70,35,0,47,5,68.0,0.0
9,22,2700,70,36,1,97,19,494.0,271.53319524339156
10,22,2200,70,38,1,83,17,370.0,274.67336453829756
9,22,2400,70,45,0,87,10,254.0,0.0
3,22,1800,70,37,1,99,13,180.0,174.97760311991004
5,22,1600,70,38,1,31,3,58.0,19.914467539230223
7,22,2700,70,47,0,89,15,306.0,0.0
8,22,1700,70,35,1,43,7,140.0,53.932914470564704
7,22,2200,70,40,0,105,13,372.0,0.0
6,22,2800,70,38,0,97,19,372.0,0.0
3,22,2900,70,41,1,145,18,362.0,291.22233858908396
6,22,1800,70,39,0,35,4,68.0,0.0
3,22,2200,70,43,0,77,7,222.0,0.0
8,22,1800,70,35,1,67,8,160.0,138.2401562026758
7,22,2500,70,45,1,83,9,192.0,159.3592628072628
5,22,2000,70,48,0,51,8,124.0,0.0
7,22,1700,70,36,1,61,6,104.0,56.87018519777885
7,22,2900,70,41,1,85,14,254.0,211.26205838272546
4,22,1800,70,41,0,35,2,36.0,0.0
3,22,1600,70,45,0,27,2,28.0,0.0
3,22,2600,70,47,0,175,9,226.0,0.0
3,22,2300,70,39,1,73,10,162.0,235.65728507633386
5,22,2000,70,41,1,73,6,166.0,97.77015949785637
8,22,2300,70,38,1,85,12,286.0,120.4945034456554
7,22,2700,70,37,0,103,15,352.0,0.0
7,22,2200,70,35,0,77,11,234.0,0.0
8,22,2800,70,43,1,107,15,316.0,199.2818572282686
4,22,2400,70,45,0,83,9,168.0,0.0
4,22,2400,70,50,0,117,5,118.0,0.0
6,22,1700,70,49,1,53,7,126.0,93.54182959656478
3,22,2700,70,37,0,193,17,434.0,0.0
5,22,2600,70,40,1,89,14,290.0,113.01021905789236
10,22,2000,70,40,1,29,5,86.0,76.13752616217629
10,22,2600,70,42,1,101,11,370.0,163.8759975975518
6,22,1500,70,50,1,43,2,44.0,42.96916799359367
5,22,2500,70,50,0,77,2,78.0,0.0
4,22,2700,70,38,0,135,16,334.0,0.0
3,22,1800,70,42,0,55,6,102.0,0.0
5,22,2300,70,40,0,75,11,244.0,0.0
7,22,2700,70,46,1,97,8,264.0,172.0147536470295
6,22,2000,70,43,0,35,5,108.0,0.0
7,22,2700,70,44,1,73,13,252.0,286.09085949985644
9,22,2300,70,46,1,91,9,216.0,113.68276197935505
9,22,1900,70,37,1,71,12,274.0,184.48316467674763
6,22,2900,70,43,0,145,13,444.0,0.0
7,22,2300,70,38,1,123,15,446.0,285.69476338172825
3,22,2900,70,41,0,153,12,360.0,0.0
4,22,2300,70,35,0,85,8,248.0,0.0
8,22,1500,70,36,0,47,5,84.0,0.0
10,22,2500,70,47,1,49,8,196.0,39.94146184716831
5,22,1500,70,38,1,65,4,80.0,54.279685040833535
5,22,2600,70,49,0,69,7,146.0,0.0
9,22,2700,70,38,1,99,16,388.0,252.87489427578515
4,22,2200,70,39,0,125,11,250.0,0.0
8,22,2000,70,47,1,41,5,76.0,75.78617882149798
9,22,2700,70,35,0,89,13,356.0,0.0
4,22,2900,70,45,0,209,15,428.0,0.0
4,22,2400,70,37,0,121,8,274.0,0.0
3,22,2800,70,46,1,129,11,206.0,123.44655953082344
4,22,2500,70,46,1,171,9,256.0,118.53961278891875
6,22,2800,70,46,0,141,14,318.0,0.0
4,22,2700,70,45,1,145,10,294.0,273.84710116165513
6,22,2600,70,49,1,81,11,196.0,189.78116117716866
5,22,2400,70,45,0,125,12,242.0,0.0
10,22,2800,70,38,0,107,16,418.0,0.0
8,22,2100,70,41,1,69,10,188.0,217.58041116828178
10,22,1900,70,45,1,51,8,154.0,120.15926442018207
6,22,2100,70,46,0,73,10,218.0,0.0
9,22,1500,70,37,0,57,6,128.0,0.0
3,22,2000,70,39,1,85,4,86.0,106.87083141074956
7,22,3000,70,36,1,79,19,354.0,304.31456057572797
10,22,1900,70,43,0,35,4,68.0,0.0
10,22,2700,70,38,0,99,17,474.0,0.0
8,22,1900,70,42,1,67,5,122.0,52.7522395915347
6,22,2100,70,46,0,113,6,114.0,0.0
10,22,1800,70,50,0,31,1,32.0,0.0
9,22,1800,70,42,1,33,3,66.0,72.2592764097638
5,22,2400,70,49,1,93,14,260.0,230.4511338958014
3,22,2200,70,39,0,85,7,200.0,0.0
8,22,1700,65,40,1,57,6,130.0,66.37271558925625
8,22,2200,70,43,0,121,9,264.0,0.0
4,22,2600,70,43,1,149,12,360.0,220.14244407601535
4,22,2000,70,49,1,49,5,104.0,56.35362471398588
3,22,3000,65,48,0,163,11,414.0,0.0
8,22,2400,65,48,1,75,11,200.0,263.5280202843343
5,22,2600,65,36,1,107,20,332.0,257.1536721614511
7,22,2400,65,39,0,77,9,198.0,0.0
5,22,3000,65,42,0,213,19,510.0,0.0
4,22,2900,65,39,0,203,18,358.0,0.0
3,22,2700,65,46,1,169,11,318.0,185.0942402134586
8,22,1900,65,44,0,47,5,84.0,0.0
6,22,1500,65,46,1,47,4,106.0,60.664192989582105
7,22,2200,65,38,0,121,15,340.0,0.0
3,22,2200,65,38,0,125,13,310.0,0.0
5,22,2100,65,40,0,113,10,238.0,0.0
3,22,2800,65,44,1,279,17,436.0,419.4531606306627
5,22,2400,65,48,1,115,5,208.0,133.7340034997594
7,22,2400,65,50,1,47,3,112.0,76.8468129910539
7,22,2800,65,45,1,95,16,368.0,340.0815169249081
7,22,2200,65,39,0,127,11,264.0,0.0
5,22,1900,65,37,1,93,8,184.0,119.47875748637692
6,22,2400,65,47,0,85,9,154.0,0.0
8,22,2600,65,49,1,69,9,184.0,140.54901392083383
5,22,2200,65,50,1,43,5,122.0,145.6359055101421
9,22,1600,65,44,0,59,6,144.0,0.0
5,22,1600,65,39,0,47,5,110.0,0.0
9,22,1800,65,36,0,67,7,158.0,0.0
9,22,1900,65,36,0,109,6,144.0,0.0
5,22,1900,65,39,1,99,8,134.0,164.4553137087252
8,22,2000,65,48,1,97,6,154.0,200.8385803317925
3,22,2200,65,49,1,139,8,184.0,100.66720386804991
9,22,2600,65,48,1,149,6,232.0,169.54472939164174
3,22,2800,65,43,0,151,13,372.0,0.0
8,22,2200,65,43,0,39,7,162.0,0.0
7,22,1900,65,40,1,67,8,142.0,82.66082236153702
4,22,2500,65,47,1,87,8,218.0,85.94126640118468
3,22,2800,65,46,0,177,10,282.0,0.0
9,22,2800,65,50,0,55,9,228.0,0.0
8,22,2400,65,35,1,61,16,334.0,241.9837553396129
5,22,2700,65,50,0,139,12,394.0,0.0
4,22,2200,65,37,1,65,9,196.0,127.74451563867405
8,22,1600,65,40,1,53,8,108.0,114.0562085230897
5,22,1900,65,47,1,37,5,74.0,45.75256096843287
5,22,2600,65,49,0,87,9,268.0,0.0
6,22,2000,65,46,0,109,7,204.0,0.0
3,22,2600,65,37,1,173,18,462.0,184.7244274183112
3,22,2500,65,48,0,77,5,142.0,0.0
5,22,1600,65,43,0,19,1,20.0,0.0
4,22,2000,65,41,1,61,3,94.0,42.90142152367645
8,22,1800,65,43,1,45,4,106.0,84.06381117742886
10,22,2100,65,48,0,39,3,76.0,0.0
4,22,1900,65,49,0,101,6,192.0,0.0
6,22,2300,65,43,0,127,13,256.0,0.0
9,22,2200,65,49,1,65,8,104.0,179.73748629939772
9,22,1600,65,36,1,31,2,32.0,28.688378732059682
10,22,2900,65,37,0,111,17,400.0,0.0
3,22,1700,65,44,0,85,4,110.0,0.0
7,22,1800,65,38,1,35,4,100.0,39.87024763693252
7,22,2300,65,45,1,71,8,108.0,109.9999456821091
3,22,2000,65,46,1,61,6,146.0,94.16903878230247
4,22,2500,65,41,0,97,8,138.0,0.0
6,22,2100,65,46,0,69,4,112.0,0.0
7,22,2200,65,44,1,131,14,304.0,257.85009662727344
5,22,2100,65,41,0,115,9,224.0,0.0
5,22,2300,65,38,1,131,13,342.0,185.95954207193932
10,22,1800,65,46,1,29,2,48.0,46.361984409274626
5,22,2200,65,46,1,65,8,130.0,83.62858156372342
8,22,3000,65,50,0,145,9,206.0,0.0
6,22,3000,65,44,0,217,15,506.0,0.0
6,22,1600,65,46,0,27,3,28.0,0.0
9,22,2200,65,37,0,43,11,152.0,0.0
4,22,2200,65,44,1,93,12,250.0,269.23330836452806
5,22,2700,65,44,0,87,10,282.0,0.0
3,22,1500,65,44,1,25,3,60.0,101.07141851589138
8,22,2000,65,50,0,39,6,98.0,0.0
8,22,1900,65,48,1,15,1,16.0,23.42432599859654
10,22,2900,65,39,1,57,13,314.0,343.80867644942464
5,22,2900,65,38,0,111,15,412.0,0.0
7,22,2400,65,45,0,115,7,204.0,0.0
8,22,2600,65,40,0,101,12,272.0,0.0
9,22,2900,65,47,1,109,11,332.0,191.73475864086024
10,22,1600,65,45,1,49,3,50.0,49.3456671822057
3,22,1900,65,36,1,47,7,130.0,50.82747517714762
10,22,2500,65,45,0,95,10,296.0,0.0
10,22,2900,65,38,1,69,17,422.0,340.97863208017543
7,22,2000,65,42,1,69,6,172.0,136.2837633844326
3,22,1500,65,50,1,57,5,112.0,163.07238214111402
6,22,1600,65,39,0,55,4,88.0,0.0
8,22,1800,65,47,0,51,4,52.0,0.0
7,22,1800,65,50,0,33,3,54.0,0.0
3,22,2800,65,49,1,177,11,178.0,161.9043567245155
4,22,1900,65,41,1,69,6,158.0,100.33997129594695
8,22,1800,65,44,0,31,3,50.0,0.0
6,22,2100,65,40,0,113,8,156.0,0.0
6,22,1800,65,49,0,35,4,60.0,0.0
8,22,1900,65,47,0,33,4,98.0,0.0
3,22,2000,65,50,1,81,7,138.0,158.47836695798787
6,22,2300,65,36,0,129,17,364.0,0.0
5,22,2200,65,43,1,79,8,222.0,180.85828301935638
9,22,2500,65,46,1,61,8,184.0,74.77950575341451
8,22,1700,65,43,1,15,1,16.0,14.226158393026381
4,22,1600,60,36,1,31,3,78.0,20.569115046709502
10,22,1700,65,47,0,31,3,56.0,0.0
3,22,2100,60,35,0,115,16,254.0,0.0
7,22,1900,60,37,0,37,8,160.0,0.0
4,22,1700,60,40,1,57,6,122.0,62.94459496998856
6,22,2300,60,46,0,67,8,114.0,0.0
3,22,2700,60,38,1,165,20,300.0,294.72363209881775
8,22,2100,60,45,1,39,4,98.0,57.92219619977209
7,22,1600,60,37,0,27,2,52.0,0.0
10,22,1900,60,39,0,71,7,180.0,0.0
8,22,2600,60,42,0,99,7,100.0,0.0
3,22,2200,60,42,1,85,7,192.0,92.53754848083393
9,22,2500,60,40,0,97,13,364.0,0.0
5,22,2800,60,43,1,99,13,200.0,234.51957902599332
8,22,2200,60,49,1,81,5,138.0,68.55076791864914
10,22,1700,60,35,1,65,11,168.0,92.30478570201491
9,22,1800,60,35,0,33,5,102.0,0.0
3,22,1500,60,43,0,25,1,26.0,0.0
5,22,1500,60,39,1,83,4,84.0,125.86679951737636
5,22,1700,60,41,1,33,5,66.0,90.72474191252245
6,22,2300,60,36,0,85,11,300.0,0.0
6,22,1600,60,41,1,55,7,172.0,170.2498388944181
5,22,2300,60,35,0,135,9,240.0,0.0
7,22,2200,60,35,1,49,12,234.0,196.32536039419605
7,22,1900,60,37,0,93,8,202.0,0.0
4,22,2900,60,38,0,211,21,564.0,0.0
5,22,2200,60,40,0,81,5,128.0,0.0
4,22,1900,60,42,1,75,8,188.0,125.60156945647746
3,22,2700,60,37,1,173,18,366.0,293.5603277064616
4,22,3000,60,47,1,165,16,514.0,432.7506660766088
4,22,1900,60,36,1,59,6,98.0,65.80720100485661
6,22,2300,60,36,0,121,13,274.0,0.0
9,22,1500,60,41,0,0,0,0.0,0.0
3,22,1600,60,40,1,45,10,120.0,170.78189306516668
7,22,2200,60,48,0,43,8,164.0,0.0
9,22,2500,60,37,1,101,15,350.0,226.39933780641945
5,22,1500,60,41,0,55,3,56.0,0.0
7,22,3000,60,39,0,161,16,364.0,0.0
3,22,2400,60,42,1,79,11,200.0,148.70084160977416
8,22,3000,60,40,1,77,17,302.0,204.20368593852885
5,22,1600,60,38,0,99,6,132.0,0.0
9,22,1600,60,41,1,73,6,120.0,134.4453004794151
3,22,2500,60,38,1,111,11,250.0,200.28550655972725
5,22,2000,60,43,0,99,11,290.0,0.0
3,22,2500,60,37,1,121,20,314.0,264.58486780803395
9,22,1500,60,39,0,49,6,104.0,0.0
8,22,1600,60,40,0,31,3,86.0,0.0
9,22,1800,60,43,1,0,0,0.0,0.0
6,22,2100,60,43,0,119,8,204.0,0.0
8,22,2700,60,48,0,89,8,222.0,0.0
8,22,2600,60,46,1,73,8,132.0,172.74621981677487
10,22,1700,60,36,0,47,4,80.0,0.0
4,22,2400,60,39,1,133,13,298.0,293.96552081879304
6,22,2000,60,42,1,73,9,194.0,167.8952574084692
6,22,2600,60,46,1,75,10,202.0,133.22498749096314
10,22,2900,60,44,0,115,14,382.0,0.0
10,22,2600,60,49,1,77,9,220.0,163.4472064746134
3,22,1600,60,35,0,55,5,88.0,0.0
6,22,1800,60,37,0,33,7,116.0,0.0
4,22,1700,60,40,1,109,8,134.0,108.48058576688148
7,22,2600,60,50,0,81,5,120.0,0.0
5,22,1700,60,43,0,67,5,100.0,0.0
9,22,2700,60,46,1,65,8,200.0,117.51230552789464
4,22,1500,60,50,1,25,2,46.0,51.71297936648435
9,22,1600,60,39,0,31,3,96.0,0.0
4,22,1800,60,46,1,87,4,88.0,57.075490291899015
10,22,2000,60,47,0,69,8,126.0,0.0
3,22,2800,60,37,1,119,21,286.0,294.69321537965254
6,22,2400,60,37,1,79,17,234.0,237.52079396159957
3,22,2700,60,49,0,161,7,252.0,0.0
5,22,2000,60,38,1,113,8,210.0,168.62761934011206
3,22,2700,60,35,0,207,17,546.0,0.0
10,22,1600,60,40,0,53,5,104.0,0.0
3,22,2800,60,47,0,85,6,136.0,0.0
4,22,1500,60,45,1,25,3,44.0,45.28135651721682
10,22,2100,60,45,0,39,3,104.0,0.0
5,22,1600,60,48,1,59,5,82.0,132.14773395808302
5,22,2800,60,42,0,137,9,346.0,0.0
6,22,2200,60,44,1,61,8,174.0,196.5390569740683
3,22,1600,60,45,1,55,6,116.0,115.82599736484765
7,22,2300,60,44,1,99,8,256.0,188.04396333217522
9,22,3000,60,46,1,95,10,308.0,160.36306118809742
4,22,2100,60,49,0,83,8,192.0,0.0
7,22,1800,60,40,0,57,8,120.0,0.0
9,22,2700,60,36,0,53,9,202.0,0.0
6,22,2000,60,38,0,71,9,196.0,0.0
10,22,2000,60,39,1,75,5,112.0,142.50764474884298
5,22,2500,60,39,1,169,14,318.0,314.14708476528523
10,22,2900,60,40,1,71,10,312.0,151.5517981565186
7,22,2300,60,38,0,91,7,220.0,0.0
4,22,1900,60,49,0,99,5,172.0,0.0
5,22,2200,60,49,1,75,4,150.0,67.15004018067235
6,22,2700,60,46,1,107,10,192.0,190.26165804274058
4,22,3000,60,50,0,171,13,396.0,0.0
6,22,2000,60,43,1,39,5,116.0,87.08821957562006
8,22,2000,60,49,0,69,8,152.0,0.0
4,22,2700,60,49,1,99,13,358.0,181.20293387844563
7,22,2500,60,41,0,93,12,326.0,0.0
3,22,2300,60,43,0,83,5,152.0,0.0
8,22,2100,60,36,0,67,7,174.0,0.0
4,22,3000,55,38,1,111,21,334.0,409.6273877532731
5,22,2200,55,39,1,97,11,206.0,244.67733322196432
8,22,2400,55,41,0,119,8,208.0,0.0
8,22,1700,55,43,1,103,10,174.0,144.60263071848317
5,22,2600,60,48,1,95,9,250.0,269.2963309082794
9,22,2100,55,37,0,73,9,190.0,0.0
5,22,2700,55,50,0,99,9,248.0,0.0
7,22,2600,55,38,0,63,9,202.0,0.0
10,22,2200,55,38,1,79,10,206.0,142.76406810852444
9,22,1800,55,45,0,27,1,28.0,0.0
6,22,2200,55,45,1,119,8,274.0,139.0988668688542
7,22,1900,55,49,1,69,2,70.0,6.0
6,22,2400,55,43,0,131,11,202.0,0.0
8,22,2100,55,50,1,59,5,134.0,137.51964619498142
7,22,2000,55,38,1,67,13,230.0,156.41408595885423
4,22,2400,55,41,0,87,7,172.0,0.0
5,22,1900,55,44,1,53,7,114.0,177.0525473025186
4,22,2400,55,43,0,125,12,342.0,0.0
8,22,2400,55,48,0,95,9,256.0,0.0
6,22,2500,55,48,0,83,7,208.0,0.0
5,22,2400,55,49,1,73,8,116.0,105.51585809259947
7,22,2800,55,38,1,87,19,338.0,337.16178028118316
5,22,2300,55,42,1,85,8,148.0,65.10189694968585
3,22,2800,55,43,0,119,9,274.0,0.0
3,22,2000,55,38,0,103,7,172.0,0.0
9,22,1700,55,43,0,63,8,146.0,0.0
7,22,2700,55,40,1,155,17,448.0,245.70748633294838
9,22,2300,55,45,1,51,7,198.0,169.84901701587359
6,22,2200,55,35,0,81,9,186.0,0.0
6,22,1500,55,35,1,39,9,110.0,98.42277024401935
3,22,2200,55,40,0,81,8,158.0,0.0
3,22,2000,55,39,1,113,9,218.0,203.23173540936216
10,22,1600,55,44,0,31,4,64.0,0.0
7,22,2000,55,47,1,31,5,88.0,62.79458143008203
8,22,3000,55,49,0,101,12,418.0,0.0
10,22,2300,55,38,1,83,12,322.0,174.9504565187055
9,22,1500,55,38,1,47,4,88.0,38.649927552918925
6,22,3000,55,43,1,163,19,510.0,352.06965626493763
3,22,1700,55,45,0,49,4,82.0,0.0
3,22,1900,55,48,0,37,4,66.0,0.0
5,22,1800,55,50,1,35,2,66.0,13.343678254757547
10,22,1600,55,39,1,31,5,90.0,87.71416222105096
4,22,2100,55,42,0,139,8,206.0,0.0
3,22,2000,55,43,0,63,4,96.0,0.0
7,22,2300,55,37,0,83,12,270.0,0.0
7,22,1600,55,37,0,85,5,114.0,0.0
9,22,2000,55,37,1,37,5,122.0,58.19300151551578
8,22,2000,55,45,0,69,7,168.0,0.0
8,22,2600,55,45,1,85,13,226.0,306.4200045923873
3,22,2100,55,35,0,113,8,164.0,0.0
5,22,1900,55,50,1,63,4,64.0,78.90369268305665
7,22,2700,55,45,0,99,13,324.0,0.0
10,22,1800,55,49,1,41,4,64.0,21.040927732768893
3,22,2400,55,40,1,141,12,234.0,174.18337845027844
5,22,2000,55,41,0,75,6,140.0,0.0
9,22,2700,55,41,0,103,15,374.0,0.0
10,22,2800,55,47,1,93,8,246.0,109.11515038588603
5,22,2200,55,49,1,101,4,144.0,52.95486779964817
8,22,2800,55,46,1,109,12,410.0,222.51592394812116
4,22,2700,55,39,1,157,14,320.0,226.91747255216947
7,22,2500,55,40,0,49,6,156.0,0.0
5,22,2600,55,39,1,93,9,188.0,199.92271213848343
6,22,2900,55,42,0,99,14,348.0,0.0
10,22,1800,55,46,0,33,4,80.0,0.0
7,22,2900,55,38,1,169,20,444.0,281.5924610106016
4,22,2100,55,50,0,111,5,148.0,0.0
6,22,2300,55,49,0,65,6,142.0,0.0
6,22,3000,55,38,1,117,22,520.0,428.2273676289878
4,22,1800,55,45,1,35,7,62.0,74.37789589430282
8,22,1600,55,49,0,59,6,86.0,0.0
10,22,1800,55,50,1,5,2,6.0,15.0
9,22,2700,55,47,0,101,10,312.0,0.0
7,22,2000,55,47,1,37,2,68.0,44.49059898102416
5,22,1700,55,48,0,27,3,54.0,0.0
4,22,2900,55,35,1,109,21,366.0,330.342959906062
5,22,1500,55,35,0,27,3,54.0,0.0
5,22,2800,55,39,0,161,11,344.0,0.0
10,22,3000,55,39,0,109,16,450.0,0.0
9,22,2300,55,44,1,69,10,258.0,275.8402160184698
3,22,1900,55,48,1,69,7,128.0,221.84415883730102
9,22,1500,55,40,0,45,3,46.0,0.0
3,22,2400,55,38,1,105,13,214.0,169.63878651807482
6,22,2000,55,50,1,43,7,158.0,213.20225894189184
10,22,1800,55,43,1,33,6,116.0,85.54423513590748
7,22,2900,55,36,0,113,13,420.0,0.0
3,22,1700,55,44,0,51,4,78.0,0.0
6,22,1500,55,37,1,73,5,130.0,56.66528849137971
5,22,1800,55,35,0,59,5,92.0,0.0
10,22,1500,55,39,1,29,3,60.0,74.02464763249101
8,22,2800,55,42,1,61,13,250.0,236.5692788585794
5,22,2500,55,48,0,147,9,282.0,0.0
10,22,3000,55,35,0,113,17,464.0,0.0
10,22,2700,55,46,0,85,9,280.0,0.0
9,22,1600,55,42,1,33,7,92.0,165.258002395034
5,22,2400,55,35,1,93,7,176.0,74.3830650172903
9,22,2000,55,38,1,37,5,104.0,61.89048022486753
5,22,2900,55,43,0,157,15,412.0,0.0
8,22,2700,55,45,0,91,10,248.0,0.0
4,22,2800,55,42,1,183,15,398.0,197.06251872371848
8,22,2400,55,48,0,81,4,126.0,0.0
7,22,2000,55,50,0,35,3,48.0,0.0
6,22,2500,50,35,1,113,13,334.0,112.97017064824367
7,22,1800,50,37,1,0,0,0.0,0.0
7,22,1700,50,38,1,31,2,58.0,20.38742427301267
4,22,1800,50,42,0,33,2,54.0,0.0
7,22,2700,50,43,0,145,10,322.0,0.0
4,22,2000,50,44,0,177,7,212.0,0.0
8,22,1600,50,47,1,25,2,26.0,17.943029334367623
8,22,2000,50,35,0,69,12,202.0,0.0
10,22,1500,50,37,1,59,8,134.0,57.094234069655094
8,22,2100,50,35,0,39,5,106.0,0.0
10,22,2600,50,43,1,95,5,184.0,83.07882085254707
3,22,1600,50,41,0,45,6,78.0,0.0
4,22,2300,50,47,0,87,6,158.0,0.0
5,22,1600,50,35,0,61,6,90.0,0.0
5,22,1900,50,37,0,67,7,120.0,0.0
10,22,2400,50,39,1,47,8,178.0,259.3953234400662
8,22,2500,50,42,1,49,6,142.0,93.38980323535515
10,22,2800,50,47,1,55,8,222.0,138.2490401585503
7,22,3000,50,38,1,113,14,462.0,280.30328286730196
7,22,1600,50,41,0,91,5,110.0,0.0
5,22,2600,50,36,0,179,15,474.0,0.0
10,22,1600,50,35,0,31,7,150.0,0.0
7,22,1500,50,36,1,67,6,90.0,19.264816182782315
8,22,2300,50,46,1,95,7,156.0,119.4815765001787
10,22,1700,50,44,1,33,3,54.0,60.48390833494582
6,22,2100,50,50,0,41,1,42.0,0.0
5,22,1500,50,43,1,45,3,46.0,39.63729602361846
10,22,2500,50,38,0,49,12,282.0,0.0
5,22,1700,50,39,1,33,4,60.0,109.0776041413504
3,22,1800,50,39,0,115,9,144.0,0.0
4,22,2200,50,40,0,43,4,130.0,0.0
5,22,2000,50,41,1,51,4,90.0,73.75995555353241
5,22,2300,50,40,0,45,4,114.0,0.0
8,22,2400,50,38,0,85,9,248.0,0.0
10,22,1700,50,47,1,31,2,50.0,40.22519060719079
9,22,3000,50,47,1,61,12,182.0,173.87984152575217
8,22,2900,50,47,0,89,8,170.0,0.0
10,22,2200,50,48,1,53,5,92.0,158.60531613681866
4,22,2300,50,49,1,111,6,126.0,47.59418902574175
9,22,2200,50,35,0,43,7,150.0,0.0
6,22,2100,50,37,1,75,6,160.0,95.25628344775545
8,22,2000,50,42,0,89,7,166.0,0.0
10,22,2300,50,39,1,81,10,268.0,219.53573211659136
9,22,2200,50,43,1,65,5,128.0,79.59461641164512
8,22,2300,50,45,0,65,5,108.0,0.0
3,22,1600,50,47,0,29,1,30.0,0.0
7,22,2700,50,37,0,153,9,292.0,0.0
4,22,2200,50,41,1,79,4,146.0,115.5092469252328
4,22,2900,50,36,0,153,13,400.0,0.0
9,22,2200,50,41,1,69,6,144.0,121.14857389538567
5,22,2300,50,48,1,89,10,216.0,281.65969013280153
4,22,2600,50,48,0,91,7,190.0,0.0
8,22,2700,50,47,1,131,9,216.0,123.29039107422953
8,22,2300,50,35,0,45,10,256.0,0.0
5,22,1700,50,36,0,31,2,50.0,0.0
3,22,1700,50,38,1,39,7,72.0,48.383237125160655
4,22,2400,50,40,1,47,5,98.0,66.48589638171433
10,22,2300,50,40,0,85,8,218.0,0.0
5,22,3000,50,38,0,149,15,398.0,0.0
7,22,2800,50,44,1,99,10,290.0,291.32193199756836
4,22,2900,50,43,0,143,14,450.0,0.0
4,22,1900,50,44,0,0,0,0.0,0.0
7,22,2500,50,44,0,49,11,244.0,0.0
6,22,2300,50,42,1,135,10,242.0,149.54747557079557
4,22,2900,50,44,1,135,13,358.0,203.57426265183162
8,22,2700,50,45,1,91,5,136.0,97.90720836993168
4,22,1900,50,49,1,139,10,262.0,123.10552632428654
9,22,2400,50,44,1,93,6,220.0,145.63116922540075
4,22,1500,50,45,0,27,2,28.0,0.0
3,22,2100,50,42,0,73,7,108.0,0.0
3,22,1700,50,42,1,33,6,100.0,81.40737393097692
4,22,2800,50,43,1,143,12,418.0,280.26077119482125
10,22,2300,50,46,0,77,8,192.0,0.0
9,22,2000,50,44,0,57,6,124.0,0.0
7,22,2100,50,35,0,39,6,146.0,0.0
8,22,2100,50,38,1,75,9,190.0,120.32896743282163
6,22,2300,50,43,1,53,7,164.0,107.79503063038722
8,22,2800,50,50,0,155,11,292.0,0.0
3,22,2600,50,44,1,133,10,264.0,188.45240871151185
4,22,3000,50,44,0,215,15,484.0,0.0
5,22,2200,50,50,1,49,4,88.0,84.18356019970167
5,22,2500,50,43,0,83,4,116.0,0.0
8,22,2500,50,35,0,99,13,410.0,0.0
4,22,2200,50,41,1,85,7,184.0,138.29879983996904
3,22,2000,50,44,0,35,4,90.0,0.0
4,22,1900,50,49,1,59,5,94.0,75.57931213197413
8,22,2300,50,50,0,89,10,290.0,0.0
5,22,2500,50,35,1,63,9,186.0,158.4076771165168
9,22,2700,50,40,1,63,14,286.0,167.061879133597
8,22,3000,50,39,0,141,13,390.0,0.0
3,22,2100,50,36,1,131,13,230.0,82.77306596907975
4,22,2000,50,41,1,35,3,88.0,31.67797213859566
4,22,2000,50,41,1,79,8,164.0,154.51573765501126
4,22,2500,50,49,0,139,6,220.0,0.0
10,22,1600,50,40,0,27,2,50.0,0.0
10,22,1900,50,50,0,61,5,134.0,0.0
4,22,1800,50,47,1,35,3,58.0,36.01263250146173
4,21,2300,90,40,1,67,7,120.0,89.54656899742866
10,22,2600,50,47,0,83,10,346.0,0.0
10,22,2800,50,42,0,103,16,348.0,0.0
5,22,2300,50,44,1,47,7,136.0,99.55138500654765
6,21,1700,90,38,1,45,9,88.0,101.56812106567659
3,21,2200,90,49,0,73,5,168.0,0.0
6,21,2100,90,35,1,39,8,158.0,66.4330754385802
6,21,2400,90,41,0,95,10,208.0,0.0
7,21,1600,90,45,1,25,1,26.0,4.47213595499958
4,21,3000,90,39,0,155,20,434.0,0.0
3,21,2000,90,41,1,75,8,222.0,100.17469200026308
3,21,2800,90,49,0,145,13,246.0,0.0
7,21,3000,90,42,0,117,19,474.0,0.0
7,21,1900,90,36,1,65,12,168.0,144.733445569254
5,21,1600,90,37,1,29,7,78.0,111.65811225922124
10,21,2900,90,41,0,159,18,576.0,0.0
7,21,2100,90,43,1,43,10,110.0,163.20030469707964
10,21,2200,90,36,1,87,14,234.0,116.07765126820425
10,21,1700,90,37,0,53,7,126.0,0.0
7,21,2400,90,45,0,91,7,200.0,0.0
6,21,2300,90,35,0,123,15,334.0,0.0
5,21,1800,90,36,1,57,8,160.0,98.83271255759246
6,21,2000,90,41,0,95,12,248.0,0.0
6,21,1800,90,45,0,119,8,218.0,0.0
3,21,1700,90,50,0,49,4,74.0,0.0
10,21,2700,90,43,1,97,16,400.0,419.2983095566788
8,21,1600,90,47,1,33,7,92.0,93.93494692027241
8,21,1500,90,45,1,21,1,22.0,11.717026194084573
5,21,1900,90,41,0,125,8,200.0,0.0
6,21,2900,90,39,1,85,18,320.0,278.26049685943866
6,21,2100,90,38,1,69,11,298.0,230.12935190219187
9,21,2800,90,39,0,83,19,426.0,0.0
6,21,1900,90,45,0,69,5,136.0,0.0
8,21,2600,90,49,1,95,11,238.0,192.58350460967384
4,21,1800,90,49,0,35,2,36.0,0.0
7,21,2200,90,36,1,57,18,218.0,167.70371631548247
3,21,2700,90,42,1,203,15,386.0,211.80821214870096
5,21,2100,90,42,0,113,11,300.0,0.0
5,21,2000,90,48,0,75,4,98.0,0.0
4,21,1900,90,39,0,95,9,194.0,0.0
3,21,1600,90,37,1,47,8,90.0,125.76193914281983
8,21,1600,90,46,1,19,1,20.0,14.43159109681827
4,21,1800,90,40,1,101,5,136.0,96.60568164485755
9,21,1500,90,48,1,21,3,44.0,72.13250778007804
8,21,2600,90,46,0,87,11,344.0,0.0
6,21,2400,90,42,0,135,12,302.0,0.0
3,21,2200,90,47,0,111,7,188.0,0.0
10,21,2400,90,45,0,47,8,174.0,0.0
7,21,1900,90,47,1,41,3,42.0,53.48356120470309
5,21,2500,90,42,1,93,18,398.0,327.7789860206259
5,21,2800,90,44,1,99,17,316.0,337.7997062982781
4,21,1900,90,44,0,87,6,158.0,0.0
9,21,3000,90,42,0,111,18,422.0,0.0
9,21,1700,90,48,1,31,2,32.0,43.45869843465858
4,21,2700,90,48,0,211,11,338.0,0.0
9,21,2500,90,42,0,49,12,292.0,0.0
5,21,2700,90,37,1,133,16,248.0,211.70161920495926
4,21,2300,90,36,0,121,11,250.0,0.0
5,21,2200,90,39,1,163,10,294.0,218.59952508425164
4,21,2100,90,37,0,115,13,298.0,0.0
8,21,2000,90,43,1,49,5,118.0,111.1281984060135
9,21,1600,90,47,0,31,2,44.0,0.0
9,21,1700,90,50,1,29,3,54.0,63.76342526870903
3,21,2800,90,35,0,153,18,384.0,0.0
8,21,1700,90,36,1,51,9,180.0,106.2275948123263
6,21,1800,90,41,1,61,6,168.0,146.3044717487735
9,21,2400,90,37,1,43,13,210.0,166.5647213787571
5,21,2200,90,39,1,105,11,302.0,309.39089302628713
10,21,2300,90,44,0,45,7,188.0,0.0
8,21,2000,90,45,0,33,2,62.0,0.0
6,21,2000,90,45,0,17,2,20.0,0.0
9,21,1500,90,39,1,29,4,70.0,139.92823098869889
10,21,1800,90,48,0,27,3,52.0,0.0
4,21,1800,90,37,0,65,9,194.0,0.0
3,21,3000,90,49,1,141,12,316.0,182.5550411683309
8,21,1600,90,45,1,79,6,108.0,127.84549298086496
3,21,2800,90,43,0,205,13,304.0,0.0
5,21,2400,90,43,1,93,11,318.0,178.8548975138264
10,21,2900,90,49,0,163,13,342.0,0.0
7,21,1900,90,46,1,41,7,122.0,105.18683151253491
7,21,3000,90,36,1,77,21,384.0,397.1288819770258
9,21,2000,90,36,0,65,9,206.0,0.0
4,21,1900,90,37,0,99,13,284.0,0.0
8,21,2600,90,44,1,53,13,344.0,331.467421628125
8,21,2700,90,44,0,99,12,326.0,0.0
5,21,2800,90,43,1,113,14,416.0,272.1146921896944
7,21,1800,90,40,0,31,3,32.0,0.0
6,21,1800,90,36,1,71,9,174.0,122.06662197822052
4,21,2800,90,41,0,159,14,370.0,0.0
4,21,2500,90,46,1,111,18,304.0,259.5231364725646
6,21,1900,90,48,1,35,4,68.0,123.76449936109692
6,21,2800,90,48,0,159,14,420.0,0.0
8,21,1700,90,44,0,33,3,68.0,0.0
8,21,2400,90,44,1,87,11,302.0,232.5590640694281
7,21,2500,90,35,0,139,16,428.0,0.0
4,21,1900,90,39,1,71,12,194.0,253.2998144788266
10,21,3000,90,38,0,103,17,426.0,0.0
6,21,2100,90,39,0,109,12,230.0,0.0
7,21,2900,90,48,1,143,13,460.0,425.5965918226145
7,21,2800,90,42,0,107,15,396.0,0.0
8,21,1600,90,41,1,61,8,132.0,147.7277758395391
4,21,1900,90,39,1,81,9,188.0,238.90620805640862
6,21,2500,85,38,1,137,9,240.0,153.74716943743567
10,21,2100,85,42,0,81,5,162.0,0.0
9,21,1500,85,42,0,29,3,80.0,0.0
7,21,1600,85,47,1,19,2,30.0,33.81579995952077
6,21,1800,90,43,0,65,3,92.0,0.0
3,21,1900,85,37,1,133,12,258.0,143.4858973541409
5,21,1600,85,38,0,27,3,52.0,0.0
8,21,2800,85,43,1,99,16,402.0,351.6281188886886
3,21,2900,85,45,1,141,17,310.0,399.4056543677848
8,21,1500,85,38,1,77,4,104.0,71.74397243755588
4,21,1900,85,43,0,161,8,198.0,0.0
7,21,2000,85,48,1,91,4,130.0,125.45225483060034
10,21,1600,85,46,0,51,5,106.0,0.0
6,21,2400,85,45,0,87,11,212.0,0.0
4,21,2700,85,49,0,147,8,228.0,0.0
10,21,2300,85,35,1,51,19,360.0,336.41230150278585
4,21,2300,85,36,1,105,18,282.0,207.87288374263554
9,21,1600,85,38,0,51,3,52.0,0.0
6,21,1600,85,40,1,31,3,62.0,55.718286944536956
8,21,1700,85,42,1,45,10,144.0,155.38488500266268
4,21,2100,85,42,0,73,4,110.0,0.0
9,21,2400,85,48,0,41,9,140.0,0.0
6,21,1800,85,43,0,61,6,116.0,0.0
4,21,3000,85,35,0,103,20,358.0,0.0
9,21,2600,85,37,0,51,16,296.0,0.0
9,21,1800,85,36,1,57,6,160.0,51.792035878055124
9,21,3000,85,45,1,77,18,402.0,326.774085981658
4,21,1700,85,43,1,39,8,96.0,91.78788391689129
10,21,1700,85,47,0,57,5,92.0,0.0
3,21,2300,85,48,1,65,10,158.0,233.74489921290072
6,21,2800,85,41,0,155,16,444.0,0.0
3,21,2700,85,37,0,145,17,326.0,0.0
10,21,1500,85,35,0,53,5,66.0,0.0
5,21,1900,85,36,0,71,11,212.0,0.0
9,21,2900,85,44,1,109,16,422.0,371.3599419261325
9,21,1600,85,46,1,51,5,52.0,49.666117644300165
8,21,2500,85,41,1,143,17,456.0,397.6997817384094
8,21,1500,85,48,1,29,1,30.0,0.0
4,21,2700,85,39,0,143,19,314.0,0.0
4,21,1800,85,38,1,25,4,36.0,21.598058713902944
3,21,1500,85,35,0,45,5,70.0,0.0
5,21,2300,85,46,1,41,3,102.0,26.335278097682146
10,21,2100,85,46,1,77,7,196.0,88.41057604800974
4,21,2500,85,42,0,137,11,252.0,0.0
8,21,2900,85,37,1,59,18,342.0,197.03710262845803
3,21,2000,85,38,0,67,6,122.0,0.0
6,21,2300,85,36,1,61,17,262.0,178.84734215189027
10,21,1500,85,37,0,29,6,80.0,0.0
10,21,1900,85,41,1,63,7,188.0,130.28854207695753
4,21,2700,85,46,0,209,10,346.0,0.0
4,21,2100,85,45,0,65,5,102.0,0.0
9,21,2800,85,46,1,103,11,346.0,245.6257586540811
4,21,2400,85,49,0,133,9,134.0,0.0
7,21,2400,85,44,0,89,9,218.0,0.0
6,21,1700,85,47,1,83,5,138.0,79.61952651142047
8,21,2900,85,36,1,109,19,472.0,278.19153374937986
4,21,2100,85,49,0,79,7,142.0,0.0
10,21,1600,85,48,1,41,3,42.0,75.36946345014844
9,21,1800,85,43,0,87,6,160.0,0.0
5,21,2100,85,48,1,79,9,174.0,245.3783030152705
5,21,2900,85,39,0,193,17,482.0,0.0
7,21,1500,85,40,0,43,4,66.0,0.0
4,21,2600,85,41,1,149,15,372.0,236.7657935561423
5,21,2500,85,41,1,73,12,212.0,163.3127618809799
7,21,2200,85,41,0,81,8,274.0,0.0
7,21,1500,85,45,1,49,4,70.0,64.44399170306676
3,21,2900,85,49,1,143,13,366.0,155.01624733459397
6,21,2300,85,44,1,95,11,202.0,297.2048097940588
6,21,2600,85,46,0,95,9,260.0,0.0
5,21,2000,85,48,0,91,9,192.0,0.0
7,21,3000,85,37,0,161,20,402.0,0.0
10,21,2500,85,40,1,95,16,438.0,244.23113897534998
4,21,2300,85,40,0,127,9,200.0,0.0
9,21,3000,85,40,0,149,19,488.0,0.0
3,21,2100,85,50,1,41,4,106.0,49.715744804826386
6,21,2100,85,40,1,63,9,198.0,221.5863021064625
6,21,1600,85,44,0,61,4,78.0,0.0
7,21,3000,85,49,1,57,8,272.0,79.67397075647354
8,21,2600,85,35,0,147,16,462.0,0.0
6,21,2700,85,41,1,107,17,428.0,453.53739230405745
8,21,1900,85,47,0,35,3,72.0,0.0
8,21,3000,85,49,1,89,16,318.0,204.68875335541236
6,21,2000,85,47,0,37,4,102.0,0.0
9,21,2900,85,50,1,193,11,374.0,362.005618387107
4,21,2900,85,35,0,133,20,402.0,0.0
5,21,2900,85,38,1,85,20,326.0,379.2119349412589
3,21,2800,85,37,0,147,18,348.0,0.0
7,21,1800,85,49,0,41,4,64.0,0.0
8,21,3000,85,49,0,113,15,350.0,0.0
5,21,2900,85,41,1,93,14,262.0,276.0844595172358
5,21,1800,85,39,1,67,3,88.0,78.5478894153624
4,21,2200,85,35,1,107,9,216.0,67.93940940172317
6,21,1900,85,41,1,65,6,98.0,142.92247843850637
8,21,2400,85,40,0,95,11,334.0,0.0
10,21,3000,85,41,0,55,19,478.0,0.0
7,21,2800,85,48,1,91,12,240.0,164.71003416672912
6,21,2200,85,41,0,79,8,240.0,0.0
5,21,2500,85,40,1,99,16,298.0,185.59722152563498
8,21,2400,85,37,0,83,12,304.0,0.0
5,21,2100,85,41,1,79,10,206.0,213.99761084573274
5,21,2700,85,40,0,139,16,430.0,0.0
3,21,1700,80,42,0,83,5,112.0,0.0
3,21,2700,80,50,1,107,11,230.0,164.43620387699406
3,21,2600,80,49,1,111,13,228.0,198.93979221592883
10,21,2000,80,35,0,73,11,230.0,0.0
4,21,2800,80,43,0,191,10,448.0,0.0
7,21,2700,80,47,1,97,13,304.0,226.95163861757783
6,21,2900,80,48,1,125,14,392.0,269.531211864692
4,21,2900,80,42,0,107,11,254.0,0.0
4,21,1700,80,48,0,101,6,130.0,0.0
3,21,2700,80,49,1,113,10,188.0,120.66039066978395
7,21,2700,80,35,0,101,21,474.0,0.0
5,21,2100,80,35,1,89,11,174.0,84.53533538293057
7,21,2900,80,43,1,69,17,322.0,304.0583476307873
10,21,2000,80,43,0,69,7,128.0,0.0
8,21,2600,80,43,1,141,7,294.0,130.11792385106654
5,21,1500,80,46,0,25,3,74.0,0.0
10,21,3000,80,49,0,107,7,264.0,0.0
5,21,1900,80,39,1,83,13,208.0,255.85443584407898
7,21,2600,80,50,1,83,12,204.0,285.17742678339505
4,21,2600,80,36,0,191,18,420.0,0.0
8,21,2800,80,38,0,53,16,292.0,0.0
9,21,1800,80,35,0,33,4,116.0,0.0
4,21,2300,80,42,0,89,12,288.0,0.0
9,21,3000,80,44,1,117,17,470.0,459.70666048927825
9,21,2100,80,40,1,57,11,292.0,162.72441739273052
6,21,1500,80,49,1,27,3,28.0,20.541359064933978
8,21,2600,80,35,0,81,12,364.0,0.0
8,21,1600,80,36,1,57,10,190.0,88.22598305919176
4,21,2400,80,37,1,75,11,198.0,190.86606547333548
9,21,2700,80,38,0,107,15,408.0,0.0
9,21,1700,80,44,1,33,7,60.0,170.57603416208994
5,21,2600,80,49,0,129,7,256.0,0.0
5,21,1800,80,49,1,63,4,94.0,36.25507700580589
5,21,2600,80,42,0,175,10,396.0,0.0
6,21,1700,80,47,1,67,6,122.0,105.15985886708324
9,21,2700,80,48,1,95,14,344.0,400.6655432270398
6,21,2600,80,50,0,85,7,208.0,0.0
5,21,2700,80,50,0,77,9,238.0,0.0
5,21,1500,80,36,1,41,3,42.0,59.81679750410498
9,21,2400,80,41,0,43,8,160.0,0.0
6,21,1900,80,35,1,63,6,104.0,71.54598559436197
8,21,1900,80,41,1,35,4,64.0,75.94610261027508
3,21,1600,80,41,0,23,3,58.0,0.0
9,21,2300,80,47,1,57,10,222.0,185.51074881061356
9,21,2500,80,45,0,85,13,276.0,0.0
7,21,2400,80,46,0,127,12,214.0,0.0
6,21,1500,80,47,1,25,3,46.0,63.10926646109693
6,21,2900,80,36,0,111,17,432.0,0.0
8,21,1700,80,39,0,33,5,60.0,0.0
10,21,2500,80,39,1,97,13,300.0,268.7031432336999
5,21,1700,80,38,0,105,7,140.0,0.0
8,21,2300,80,41,1,89,13,250.0,248.47185693743413
7,21,2900,80,40,1,77,19,362.0,280.0234871162384
5,21,2300,80,48,0,135,9,254.0,0.0
8,21,1700,80,37,0,41,3,42.0,0.0
8,21,1900,80,41,1,47,11,162.0,176.57259851585368
8,21,2300,80,41,0,119,10,258.0,0.0
6,21,1700,80,50,1,59,8,116.0,252.0551165054926
4,21,2200,80,46,1,125,10,248.0,170.37088123476752
10,21,2000,80,48,1,37,4,90.0,112.553241941506
8,21,1500,80,42,0,51,4,74.0,0.0
3,21,2400,80,39,0,87,12,250.0,0.0
5,21,2600,80,43,1,131,15,368.0,302.6144642452573
3,21,2500,80,44,1,169,12,334.0,253.1937462133106
4,21,1500,80,49,0,87,4,118.0,0.0
4,21,3000,80,50,1,111,11,298.0,234.16383920239068
3,21,1900,80,48,0,53,4,90.0,0.0
5,21,2400,80,40,0,89,9,270.0,0.0
8,21,1700,80,40,1,61,7,122.0,91.63935443715107
5,21,1800,80,35,1,93,7,154.0,72.23140762500448
4,21,1900,80,40,0,63,7,152.0,0.0
3,21,2600,80,49,0,193,13,336.0,0.0
3,21,2000,80,44,1,77,8,172.0,162.63526229506542
10,21,2300,80,38,0,87,12,314.0,0.0
6,21,1700,80,35,1,55,10,120.0,160.5819693593658
4,21,2300,80,45,0,115,7,192.0,0.0
9,21,2500,80,43,1,59,11,266.0,323.1251957074118
7,21,2800,80,47,0,103,11,312.0,0.0
9,21,2300,80,50,0,37,8,140.0,0.0
7,21,1800,80,43,1,65,4,66.0,49.777319478466794
5,21,1600,80,50,1,49,4,94.0,119.80062338752839
8,21,2700,80,43,1,63,10,206.0,144.82435996025515
8,21,2100,80,47,0,67,7,156.0,0.0
5,21,1500,80,37,0,51,9,158.0,0.0
7,21,2100,80,44,1,115,7,228.0,180.50091500148943
6,21,1700,80,43,1,33,2,60.0,20.794818306059206
8,21,2700,80,41,1,91,15,330.0,289.675193111933
6,21,2200,80,48,0,159,10,316.0,0.0
10,21,3000,80,45,0,111,13,452.0,0.0
8,21,2000,80,48,1,39,4,80.0,68.82192984814401
4,21,1800,80,48,0,43,3,44.0,0.0
10,21,1900,80,35,1,73,13,236.0,201.11376380498587
8,21,2600,80,44,0,97,12,352.0,0.0
8,21,1500,80,50,0,23,1,24.0,0.0
6,21,2600,80,42,1,87,9,252.0,127.88736508506094
5,21,2000,80,50,0,37,3,102.0,0.0
6,21,2300,80,49,1,43,6,110.0,74.94711140194858
8,21,1700,80,39,0,57,5,116.0,0.0
3,21,2500,75,40,1,123,15,292.0,223.21058653305795
8,21,2000,80,43,1,71,11,164.0,149.17729829436828
7,21,2500,75,37,1,85,14,262.0,165.78901225436525
8,21,2400,75,38,0,185,12,384.0,0.0
7,21,2000,80,49,0,63,4,90.0,0.0
7,21,2800,75,40,0,147,16,592.0,0.0
5,21,2900,75,35,0,111,19,422.0,0.0
9,21,3000,75,39,1,123,19,432.0,438.5515946416829
5,21,1900,75,44,1,37,5,108.0,114.38940370723503
3,21,2000,75,43,0,117,8,230.0,0.0
8,21,2800,75,36,1,97,20,420.0,303.0931774386714
3,21,1600,75,45,0,27,3,42.0,0.0
9,21,2600,75,49,1,69,10,190.0,106.84305327904006
7,21,2900,75,38,0,113,17,462.0,0.0
5,21,2900,75,47,1,97,13,268.0,176.42954908399798
9,21,2800,75,47,0,157,14,488.0,0.0
8,21,1700,75,41,1,45,6,76.0,141.00565077832204
5,21,2700,75,39,0,149,16,288.0,0.0
8,21,2200,75,36,1,77,13,222.0,204.8933490992824
4,21,3000,75,44,1,123,18,326.0,528.6400680069527
10,21,2500,75,46,0,121,11,416.0,0.0
8,21,2100,75,41,1,71,8,170.0,147.546868834879
10,21,2500,75,40,0,49,13,312.0,0.0
10,21,2100,75,41,1,49,10,188.0,247.22204624810914
6,21,1600,75,47,0,29,2,42.0,0.0
10,21,3000,75,38,1,101,18,472.0,448.88150443610795
6,21,1900,75,40,0,37,9,174.0,0.0
10,21,2800,75,42,1,67,15,368.0,188.32687511657025
6,21,1600,75,44,1,43,3,66.0,70.70503547634765
4,21,2400,75,47,0,95,10,206.0,0.0
3,21,2000,75,40,0,119,11,222.0,0.0
6,21,3000,75,40,0,141,17,446.0,0.0
4,21,2600,75,43,1,69,12,168.0,199.04568238496722
9,21,2100,75,36,0,59,7,178.0,0.0
3,21,1700,75,38,1,67,9,142.0,134.1775749322435
10,21,2200,75,45,1,41,7,154.0,141.938255914711
6,21,2200,75,48,0,37,3,38.0,0.0
5,21,2100,75,46,0,145,7,166.0,0.0
9,21,2000,75,36,0,153,15,318.0,0.0
10,21,2300,75,38,0,79,12,330.0,0.0
7,21,2200,75,37,0,81,14,306.0,0.0
10,21,1800,75,39,1,89,9,196.0,265.55433882201226
8,21,2100,75,45,1,39,5,88.0,79.85972352367868
10,21,1800,75,49,1,35,4,72.0,54.566009669408466
9,21,2000,75,35,0,67,10,238.0,0.0
9,21,1800,75,35,0,99,9,178.0,0.0
6,21,2800,75,37,1,105,20,350.0,241.11148714734938
10,21,2200,75,35,0,69,6,154.0,0.0
10,21,2700,75,44,1,57,9,246.0,241.0864278953496
3,21,1800,75,37,1,75,9,160.0,189.43000018755404
9,21,3000,75,36,1,59,20,422.0,312.18705774612755
6,21,2500,75,35,0,137,17,392.0,0.0
3,21,2600,75,37,1,111,18,272.0,323.7831430753036
10,21,1800,75,44,1,49,5,140.0,125.45252811862743
10,21,2600,75,45,0,93,13,398.0,0.0
4,21,1700,75,40,0,57,5,106.0,0.0
10,21,1600,75,50,0,31,5,88.0,0.0
5,21,2100,75,50,1,113,9,178.0,271.24383128485204
7,21,1700,75,41,1,59,9,138.0,142.52770268832285
9,21,1700,75,42,0,29,2,58.0,0.0
7,21,2600,75,36,0,139,18,472.0,0.0
4,21,2400,75,40,1,87,8,236.0,73.25659077171358
9,21,1900,75,42,1,63,10,184.0,191.05477616598156
10,21,1500,75,45,1,51,5,102.0,184.25977301656548
6,21,1700,75,42,1,71,6,106.0,136.17803297169127
5,21,2700,75,46,0,107,14,374.0,0.0
9,21,2400,75,49,0,45,6,102.0,0.0
7,21,3000,75,45,0,117,14,460.0,0.0
4,21,2800,75,40,1,77,19,268.0,304.83063880095364
10,21,2600,75,42,0,103,15,520.0,0.0
9,21,1700,75,41,0,65,5,116.0,0.0
4,21,1700,75,48,1,55,4,96.0,122.69952549948187
5,21,1700,75,50,0,79,4,80.0,0.0
8,21,2900,75,40,1,61,17,322.0,206.33870936186753
6,21,2500,75,38,0,123,15,370.0,0.0
8,21,1700,75,47,1,35,3,36.0,23.26161625871205
8,21,1600,75,35,0,59,9,168.0,0.0
5,21,2600,75,48,1,175,12,328.0,245.31235095216803
8,21,2200,75,45,0,57,4,102.0,0.0
9,21,2200,75,44,1,87,6,190.0,81.15295353664898
8,21,2100,75,44,1,75,6,144.0,131.29839694244393
10,21,2100,75,35,0,75,11,270.0,0.0
7,21,1700,75,39,1,37,7,144.0,162.96304075417254
7,21,1500,75,43,0,99,5,126.0,0.0
9,21,2000,75,46,1,65,5,168.0,65.45922017241354
9,21,2800,75,47,0,111,10,348.0,0.0
6,21,2600,75,49,1,101,12,334.0,192.7613844712134
7,21,1700,75,47,0,57,6,118.0,0.0
6,21,2000,75,36,1,75,13,212.0,169.53760322366102
7,21,2900,75,42,1,101,18,284.0,261.55498990817995
8,21,2500,75,43,0,83,8,218.0,0.0
7,21,1700,75,45,0,51,5,86.0,0.0
6,21,2700,75,49,1,77,11,154.0,145.43521281255306
5,21,2600,75,45,1,153,14,330.0,266.3395470168931
5,21,2600,75,47,0,71,6,162.0,0.0
6,21,1900,75,50,0,47,4,74.0,0.0
5,21,2300,75,35,0,97,14,336.0,0.0
9,21,1800,75,37,0,67,7,148.0,0.0
9,21,2400,75,38,1,87,12,338.0,198.6039940454341
10,21,1700,75,42,1,47,4,108.0,58.82369929193261
10,21,1500,75,47,1,29,4,50.0,33.66616057043984
10,21,1600,75,50,0,13,2,14.0,0.0
10,21,1700,70,38,1,51,6,76.0,33.72186819108164
7,21,2200,70,46,0,61,5,130.0,0.0
6,21,2400,70,39,1,69,16,256.0,298.57097910275183
10,21,2500,70,50,1,95,7,190.0,146.78526774054373
4,21,2900,70,39,0,153,17,448.0,0.0
7,21,2700,70,39,0,105,13,366.0,0.0
4,21,1700,70,35,0,63,7,148.0,0.0
9,21,1500,70,37,1,27,4,72.0,49.020711496603475
9,21,2600,70,41,0,93,13,392.0,0.0
6,21,2300,70,46,0,77,6,108.0,0.0
8,21,2200,70,37,1,47,11,216.0,123.18887224309216
3,21,2500,70,47,1,179,8,346.0,147.05139885412757
4,21,2400,70,47,1,95,13,200.0,199.53708479791672
8,21,1800,70,36,1,59,12,200.0,98.53369374191298
7,21,2700,70,39,0,97,16,358.0,0.0
10,21,3000,70,37,1,99,14,330.0,227.94454150686093
3,21,2700,70,44,1,245,20,572.0,564.0204982743568
5,21,1600,70,44,0,55,6,142.0,0.0
6,21,2300,70,44,0,129,9,296.0,0.0
9,21,2600,70,40,1,61,10,178.0,76.07122064322654
7,21,2200,70,45,0,73,7,140.0,0.0
5,21,2900,70,47,0,133,13,398.0,0.0
6,21,2600,70,39,0,103,16,372.0,0.0
3,21,2100,70,42,1,97,9,182.0,161.9278134619078
6,21,2900,70,45,1,125,13,304.0,224.87526623115065
10,21,2800,70,38,1,109,18,488.0,287.3723221469812
3,21,1500,70,44,0,77,5,104.0,0.0
5,21,2200,70,47,1,69,11,186.0,150.224890173901
7,21,1700,70,49,0,25,2,26.0,0.0
6,21,2500,70,36,1,71,15,238.0,174.2295354766639
4,21,2500,70,39,1,139,17,236.0,307.71269955230673
6,21,1700,70,43,0,89,8,186.0,0.0
7,21,2300,70,50,0,77,4,112.0,0.0
10,21,1600,70,50,0,49,4,104.0,0.0
7,21,1500,70,46,0,29,3,68.0,0.0
8,21,2100,70,44,1,97,7,200.0,172.71567375442768
9,21,2800,70,36,1,97,19,454.0,248.2346037928503
4,21,2900,70,35,1,107,20,246.0,282.5288440676463
8,21,2800,70,36,1,79,17,326.0,223.53556179854874
3,21,2100,70,39,0,79,6,154.0,0.0
10,21,2300,70,46,0,137,11,326.0,0.0
5,21,1500,70,44,0,21,1,22.0,0.0
9,21,2400,70,46,1,93,10,202.0,106.08122492319066
6,21,2200,70,38,1,59,12,216.0,214.47994212099934
4,21,2300,70,42,1,157,17,342.0,301.5154506825406
8,21,2100,70,49,0,39,11,114.0,0.0
10,21,2700,70,46,0,51,6,204.0,0.0
3,21,2200,70,47,0,71,5,116.0,0.0
9,21,2700,70,40,0,105,18,560.0,0.0
8,21,2300,70,47,1,43,7,216.0,79.01960905275752
3,21,2000,70,35,0,63,6,104.0,0.0
9,21,2500,70,36,1,95,12,282.0,165.73916989200626
6,21,2000,70,41,1,69,7,182.0,179.00379723220496
8,21,2600,70,39,0,95,12,296.0,0.0
9,21,2700,70,44,1,99,10,322.0,193.05436960108509
3,21,2200,70,43,0,69,8,132.0,0.0
5,21,1600,70,50,1,31,2,38.0,62.92477984716499
3,21,2000,70,35,0,85,9,154.0,0.0
8,21,2200,70,40,1,49,12,194.0,193.13155341387792
9,21,2600,70,40,1,97,16,336.0,209.79022327930636
3,21,1600,70,41,0,93,7,116.0,0.0
7,21,2200,70,46,0,43,6,166.0,0.0
6,21,2800,70,37,1,103,16,434.0,260.2657900356571
5,21,2800,70,50,0,87,9,246.0,0.0
8,21,1800,70,41,1,65,6,116.0,67.00949646460292
6,21,1900,70,43,0,59,8,160.0,0.0
4,21,1700,70,44,1,11,1,12.0,16.825156165105934
9,21,2000,70,48,0,67,6,138.0,0.0
9,21,1600,70,36,1,43,8,74.0,41.342029598570576
4,21,2400,70,40,1,79,11,232.0,126.53909879608017
7,21,2300,70,47,0,71,7,200.0,0.0
4,21,3000,70,35,0,219,19,594.0,0.0
10,21,2900,70,38,0,97,19,424.0,0.0
3,21,2700,70,39,1,131,20,274.0,416.4734372709368
6,21,1500,70,45,1,43,2,44.0,48.18039906552335
5,21,2300,70,50,0,43,6,122.0,0.0
10,21,2600,70,38,1,153,18,500.0,411.3871478003186
10,21,2700,70,40,0,99,11,278.0,0.0
8,21,2000,70,35,0,93,12,252.0,0.0
10,21,2100,70,41,1,111,10,224.0,249.35600787627956
10,21,2300,70,43,1,63,13,260.0,263.08420944194773
4,21,2000,70,39,0,77,7,188.0,0.0
3,21,2900,70,45,1,167,15,310.0,174.43944718864017
10,21,1500,70,48,1,29,3,64.0,69.50788769630863
9,21,2700,70,42,0,103,15,410.0,0.0
9,21,2500,70,37,1,89,12,266.0,85.5692603705857
3,21,2500,70,38,0,125,12,304.0,0.0
4,21,1900,70,36,0,97,7,130.0,0.0
5,21,2900,70,40,1,179,18,438.0,218.59668645911142
6,21,2000,70,38,0,63,8,136.0,0.0
8,21,2300,70,38,1,57,14,254.0,171.48254165179554
10,21,2500,70,48,0,77,9,284.0,0.0
9,21,1600,70,35,0,31,6,86.0,0.0
4,21,2000,70,38,1,97,9,168.0,166.6150902478608
7,21,2100,70,43,1,43,8,188.0,96.68545944299049
10,21,2900,70,43,1,79,15,354.0,320.63628892802376
5,21,2000,70,46,0,139,9,180.0,0.0
8,21,2700,70,35,0,105,19,466.0,0.0
3,21,1500,70,46,1,59,6,120.0,105.8777659961443
3,21,2400,70,36,0,133,16,336.0,0.0
9,21,1500,65,39,1,27,1,28.0,37.985367637039886
10,21,2600,65,39,0,97,11,382.0,0.0
8,21,2500,65,38,0,49,11,278.0,0.0
6,21,2300,65,40,0,89,5,136.0,0.0
3,21,2100,65,46,1,69,9,130.0,120.42967842742485
10,21,1800,65,50,1,25,3,58.0,84.11926940260318
6,21,2900,65,38,1,161,17,520.0,265.8621761318904
4,21,1800,65,35,0,75,7,138.0,0.0
7,21,3000,65,38,0,117,17,378.0,0.0
7,21,1500,65,48,0,23,2,44.0,0.0
5,21,2900,65,45,0,115,12,310.0,0.0
7,21,1800,65,48,1,0,0,0.0,0.0
6,21,3000,65,48,1,213,15,450.0,466.37037023966366
4,21,1700,65,36,1,45,5,80.0,52.46606651146027
5,21,3000,65,36,1,97,21,378.0,340.0871179917319
10,21,2100,65,43,0,71,7,168.0,0.0
9,21,2400,65,43,1,91,12,320.0,240.80910733784606
3,21,1900,65,39,0,107,9,146.0,0.0
9,21,2500,65,41,0,91,11,260.0,0.0
4,21,2900,65,40,1,145,20,384.0,266.84081626395715
7,21,2100,65,42,1,69,8,154.0,150.69965415992172
10,21,1600,65,42,1,41,3,42.0,49.10399753745842
5,21,2600,65,48,0,103,8,202.0,0.0
3,21,2100,65,44,1,93,5,116.0,100.56511990938927
5,21,2300,65,43,0,117,7,232.0,0.0
6,21,2100,65,45,0,31,3,60.0,0.0
8,21,2600,65,42,1,67,13,246.0,141.88701910025736
10,21,2100,65,44,0,63,5,94.0,0.0
4,21,2900,65,44,0,165,16,534.0,0.0
7,21,1500,65,49,1,27,1,28.0,14.906091423057967
8,21,1500,65,38,1,47,8,108.0,142.69135305694368
6,21,1800,65,39,0,65,5,120.0,0.0
4,21,1900,65,42,1,81,7,154.0,149.96234354497292
5,21,2200,65,37,0,79,9,274.0,0.0
9,21,2300,65,41,1,49,9,174.0,138.5732421083076
8,21,2800,65,41,0,107,17,444.0,0.0
5,21,2700,65,43,0,99,15,390.0,0.0
8,21,2500,65,49,0,123,5,222.0,0.0
3,21,2500,65,49,1,81,7,238.0,102.02014725559444
9,21,2900,65,41,1,63,16,288.0,280.6712098027165
9,21,3000,65,45,1,117,16,406.0,291.0633988466703
3,21,2400,65,35,0,163,16,336.0,0.0
3,21,1600,65,37,1,45,4,92.0,48.4305327282637
3,21,1700,65,44,0,63,8,152.0,0.0
9,21,2300,65,41,1,45,9,216.0,210.76208763209522
6,21,2500,65,45,1,145,11,346.0,231.58219771785463
9,21,2400,65,47,0,87,9,236.0,0.0
9,21,2200,65,50,0,77,4,114.0,0.0
6,21,2600,65,39,1,91,15,392.0,278.70920428232756
9,21,2300,65,45,0,45,4,88.0,0.0
8,21,2600,65,43,1,153,14,428.0,258.5368688713881
8,21,2800,65,47,0,107,13,356.0,0.0
7,21,2600,65,44,1,79,7,108.0,130.87715217282025
6,21,2800,65,46,0,103,10,300.0,0.0
5,21,2700,65,50,1,127,15,306.0,292.8660669051786
6,21,2000,65,36,0,105,7,142.0,0.0
10,21,2200,65,50,0,43,5,128.0,0.0
3,21,2300,65,42,0,87,7,170.0,0.0
3,21,2500,65,41,0,53,8,144.0,0.0
8,21,2200,65,47,1,65,8,172.0,146.62711782039898
3,21,2200,65,43,1,107,6,188.0,106.95076297553605
6,21,2000,65,49,1,47,5,88.0,83.60053155738466
6,21,1800,65,38,1,33,8,158.0,104.80521077034967
4,21,2900,65,40,0,111,11,322.0,0.0
6,21,2100,65,42,1,71,6,130.0,119.10808835022237
9,21,1900,65,48,1,71,5,166.0,77.00299866226862
6,21,1900,65,50,0,89,6,188.0,0.0
9,21,2400,65,48,0,81,7,160.0,0.0
4,21,2500,65,50,1,57,7,178.0,171.11571767985532
3,21,2600,65,37,1,113,19,314.0,216.47744918091226
9,21,2300,65,44,0,71,9,170.0,0.0
6,21,2800,65,44,1,155,8,320.0,217.04095091100845
8,21,1700,65,46,0,31,3,64.0,0.0
3,21,2000,65,49,0,59,4,74.0,0.0
9,21,1600,65,44,0,43,3,76.0,0.0
8,21,2100,65,46,1,29,2,52.0,28.081667611816307
3,21,2300,65,37,0,113,14,204.0,0.0
8,21,2700,65,39,0,95,8,264.0,0.0
6,21,2600,65,38,1,85,14,326.0,290.53638532338937
9,21,2000,65,38,1,41,7,190.0,112.73468840709322
7,21,1700,65,42,0,33,2,34.0,0.0
4,21,2100,65,46,1,177,7,236.0,92.65378347336294
5,21,2100,65,44,1,21,3,22.0,55.22778513506006
3,21,1500,65,37,0,69,4,80.0,0.0
4,21,1800,65,36,1,107,10,178.0,61.236718106829855
3,21,2900,65,40,1,117,18,288.0,171.64024116257985
8,21,3000,65,41,0,105,16,502.0,0.0
8,21,2600,65,46,0,95,10,274.0,0.0
4,21,1500,65,48,1,25,4,52.0,99.25608205045661
8,21,1800,65,44,0,67,5,164.0,0.0
3,21,1600,65,39,1,23,1,24.0,33.54413402536336
4,21,2800,65,38,1,93,19,306.0,271.6411639800563
4,21,2000,65,44,0,101,8,172.0,0.0
8,21,2100,65,46,1,41,1,42.0,0.0
10,21,1900,65,50,0,35,5,120.0,0.0
9,21,2100,65,36,1,81,13,216.0,137.9490413483435
8,21,2800,65,48,0,103,9,294.0,0.0
5,21,2000,65,39,0,129,8,198.0,0.0
9,21,2300,65,35,1,81,15,350.0,203.8041175627589
10,21,1600,60,39,0,31,4,100.0,0.0
9,21,1700,60,37,1,33,8,142.0,120.99031295661314
6,21,1600,60,38,0,63,2,64.0,0.0
3,21,1900,60,50,1,65,4,120.0,114.17957174503746
6,21,1500,65,49,0,27,2,52.0,0.0
7,21,1600,60,41,0,25,2,44.0,0.0
7,21,3000,60,49,1,55,5,186.0,65.42950011048957
10,21,1800,60,47,1,35,3,78.0,20.21661702166118
3,21,2500,60,42,1,115,10,224.0,220.6584099476309
6,21,2000,60,37,0,67,12,244.0,0.0
9,21,2700,60,43,1,81,12,318.0,198.16814766501966
3,21,2600,60,40,0,151,12,336.0,0.0
7,21,1700,60,47,0,95,3,96.0,0.0
5,21,2600,60,35,0,185,13,328.0,0.0
4,21,2700,60,36,1,137,15,378.0,201.74801217796087
4,21,2700,60,35,1,149,16,360.0,187.89360476915058
6,21,2600,60,46,0,93,8,210.0,0.0
7,21,2700,60,36,0,119,10,300.0,0.0
6,21,1800,60,48,1,19,1,20.0,0.0
10,21,1800,60,49,1,55,8,160.0,140.31579670883744
6,21,1700,60,45,0,47,5,112.0,0.0
3,21,2300,60,40,1,175,10,236.0,219.72271711322213
6,21,1600,60,38,1,21,4,50.0,26.226191812017714
7,21,2300,60,37,0,45,8,208.0,0.0
8,21,1700,60,41,1,39,4,66.0,70.79065090922117
5,21,2400,60,40,0,81,10,206.0,0.0
6,21,2600,60,47,0,79,8,216.0,0.0
10,21,2300,60,36,0,81,12,248.0,0.0
10,21,2400,60,43,1,91,10,258.0,125.03999621112997
8,21,2700,60,35,0,153,18,492.0,0.0
6,21,3000,60,35,0,169,18,502.0,0.0
8,21,2700,60,42,1,157,15,392.0,308.90845965518196
9,21,3000,60,36,0,115,21,674.0,0.0
5,21,1700,60,44,1,33,4,54.0,74.60357374002206
6,21,2400,60,38,1,83,9,212.0,79.13983221775987
7,21,2300,60,47,1,123,9,242.0,98.33000556349285
9,21,1500,60,35,0,29,6,74.0,0.0
9,21,2900,60,37,0,93,20,438.0,0.0
6,21,2000,60,38,1,61,12,218.0,145.94002307668597
5,21,1500,60,42,0,0,0,0.0,0.0
10,21,1900,60,41,1,37,7,172.0,167.1785144232603
10,21,2300,60,50,0,45,6,120.0,0.0
3,21,2100,60,35,1,145,10,250.0,100.87562473643965
3,21,1900,60,38,0,71,6,126.0,0.0
8,21,1600,60,37,0,51,5,82.0,0.0
9,21,2900,60,48,1,55,11,258.0,348.2678595656381
8,21,1600,60,37,1,57,5,118.0,87.0165628674218
4,21,2500,60,42,0,89,8,190.0,0.0
6,21,1500,60,46,1,29,3,72.0,45.739284356245896
8,21,1700,60,39,0,53,4,120.0,0.0
8,21,3000,60,36,0,117,19,542.0,0.0
8,21,2300,60,42,1,73,10,154.0,114.78614508207272
3,21,2500,60,42,0,163,13,384.0,0.0
4,21,2500,60,48,1,105,12,224.0,290.4284438257953
8,21,1800,60,35,1,73,7,108.0,115.17550348610703
3,21,2300,60,50,1,79,5,144.0,95.34221728761187
5,21,2400,60,43,0,175,10,396.0,0.0
9,21,2700,60,39,1,105,16,464.0,303.5729214535641
3,21,2200,60,37,1,133,12,294.0,124.22793496564704
5,21,2700,60,44,0,185,10,332.0,0.0
6,21,2100,60,47,1,141,7,218.0,69.09267617774955
8,21,1500,60,48,0,29,6,84.0,0.0
7,21,2000,60,46,0,29,3,88.0,0.0
10,21,1500,60,50,1,57,4,110.0,132.988710251139
3,21,2200,60,46,0,77,7,166.0,0.0
9,21,1500,60,41,1,27,4,78.0,82.63491062078185
10,21,2400,60,44,1,91,9,312.0,242.00313040282117
9,21,1900,60,44,0,61,5,122.0,0.0
7,21,2400,60,48,0,39,3,104.0,0.0
6,21,1800,60,39,0,61,5,152.0,0.0
10,21,1500,60,46,1,37,6,96.0,81.29711444018153
9,21,1500,60,43,0,47,7,128.0,0.0
5,21,1700,60,49,1,33,3,68.0,23.653821122918025
10,21,1500,60,41,1,53,5,84.0,134.4611539559095
8,21,2600,60,39,1,151,12,428.0,235.6303991522085
3,21,1900,60,43,1,57,5,142.0,70.30071447378761
4,21,1500,60,46,0,47,4,48.0,0.0
6,21,2000,60,47,1,23,2,42.0,35.755826047187256
9,21,1500,60,39,0,65,5,96.0,0.0
7,21,2400,60,50,0,81,7,176.0,0.0
7,21,2400,60,37,0,133,15,376.0,0.0
5,21,2700,60,46,1,73,10,222.0,191.256651574786
6,21,2600,60,38,0,101,15,482.0,0.0
5,21,2200,60,45,0,71,7,138.0,0.0
6,21,2900,60,46,0,79,11,190.0,0.0
6,21,1900,60,39,1,65,6,92.0,168.43347514103408
8,21,1700,60,50,1,31,4,62.0,98.47781407176905
10,21,1500,60,49,1,53,4,54.0,63.95359117179801
9,21,2300,60,36,0,69,9,236.0,0.0
4,21,3000,60,38,0,163,13,522.0,0.0
5,21,2400,60,41,0,83,10,206.0,0.0
3,21,1700,60,35,1,83,6,102.0,35.09415420247947
8,21,1500,60,49,1,21,2,44.0,17.9915493400174
3,21,2400,60,47,0,111,7,192.0,0.0
5,21,2200,60,47,1,71,5,114.0,64.54398023798484
3,21,1900,60,41,1,63,7,142.0,141.87397498165495
3,21,3000,60,37,1,147,21,398.0,389.1698218136108
5,21,1900,55,36,1,95,9,274.0,93.40967958675597
9,21,1700,60,40,0,33,3,68.0,0.0
4,21,2100,60,40,1,49,6,88.0,67.74814424433588
3,21,2800,60,42,0,263,12,420.0,0.0
6,21,2200,55,37,0,29,1,30.0,0.0
4,21,1600,60,46,0,31,4,90.0,0.0
6,21,1800,55,36,1,51,7,94.0,62.371862568062376
10,21,2300,55,36,0,73,11,282.0,0.0
4,21,2100,55,37,1,59,8,116.0,102.17678834257167
6,21,2800,55,46,0,55,6,142.0,0.0
3,21,2600,55,49,1,97,7,160.0,70.19725591801502
8,21,1800,55,49,0,53,3,80.0,0.0
9,21,1700,55,40,1,75,5,92.0,104.17763212503677
10,21,3000,55,44,1,57,10,220.0,227.03768486563717
4,21,1500,55,46,0,107,5,108.0,0.0
7,21,2600,55,47,1,103,6,234.0,72.2710772329624
3,21,1500,55,49,1,39,3,40.0,16.206271573841402
7,21,2400,55,46,0,133,7,238.0,0.0
10,21,2200,55,45,0,69,3,70.0,0.0
6,21,2900,55,50,0,141,10,356.0,0.0
4,21,1500,55,39,1,51,7,76.0,124.49604207859866
3,21,1500,55,37,1,45,3,70.0,20.63823284053477
6,21,1800,55,38,0,33,4,88.0,0.0
7,21,1600,55,41,1,23,2,24.0,26.333342049635277
8,21,2700,55,49,0,81,7,196.0,0.0
8,21,2600,55,45,1,135,5,208.0,95.83734571428761
5,21,3000,55,41,0,117,17,432.0,0.0
4,21,1800,55,41,0,61,7,134.0,0.0
5,21,2800,55,39,1,107,18,320.0,354.83324802293686
4,21,2900,55,37,0,305,16,564.0,0.0
5,21,3000,55,43,0,109,9,262.0,0.0
8,21,2400,55,47,0,47,6,160.0,0.0
9,21,3000,55,43,1,93,14,340.0,222.5558039591669
7,21,1700,55,45,1,63,5,124.0,76.1411140982365
5,21,2700,55,49,1,99,5,186.0,84.48713499175034
7,21,1500,55,36,1,29,3,56.0,22.86457151641123
4,21,1600,55,37,1,21,2,22.0,24.785165794508096
4,21,2200,55,42,0,39,4,76.0,0.0
8,21,1800,55,47,0,71,4,72.0,0.0
7,21,1900,55,45,0,99,7,184.0,0.0
6,21,2500,55,37,0,83,8,160.0,0.0
10,21,2800,55,44,1,61,14,344.0,357.82426309734376
4,21,2900,55,38,1,125,19,418.0,295.43409751798674
10,21,2200,55,38,0,77,8,170.0,0.0
5,21,1800,55,35,1,63,10,134.0,67.49900699249699
6,21,2900,55,40,1,105,13,426.0,160.05575664194865
10,21,2800,55,48,1,99,12,372.0,232.56650534430483
3,21,2400,55,47,0,77,5,164.0,0.0
10,21,1900,55,37,1,25,2,40.0,31.34508774062351
4,21,1800,55,49,0,153,9,154.0,0.0
9,21,2700,55,35,1,93,11,402.0,147.75963439029306
4,21,2500,55,38,1,141,12,414.0,209.87955388551808
9,21,2400,55,46,0,93,5,170.0,0.0
10,21,2800,55,49,0,107,7,240.0,0.0
6,21,2800,55,50,0,199,13,346.0,0.0
8,21,1900,55,36,0,67,6,206.0,0.0
10,21,2700,55,38,0,99,16,498.0,0.0
7,21,2200,55,44,1,75,4,144.0,121.49243234833133
3,21,2300,55,48,1,45,4,104.0,95.44813455904024
7,21,3000,55,48,1,105,6,250.0,152.59146164354735
6,21,2300,55,48,0,79,8,206.0,0.0
10,21,2000,55,42,0,37,6,126.0,0.0
7,21,3000,55,38,0,145,16,526.0,0.0
9,21,1700,55,39,0,57,6,120.0,0.0
6,21,2300,55,45,1,73,6,136.0,135.27322441092593
6,21,2400,55,43,0,107,11,234.0,0.0
3,21,1900,55,46,1,65,3,66.0,77.68430594120026
9,21,1900,55,48,1,37,3,80.0,99.93386389919563
4,21,2000,55,45,1,33,3,60.0,65.41529608676807
8,21,2000,55,35,0,39,4,156.0,0.0
5,21,2800,55,38,1,161,18,374.0,217.81701671138032
3,21,1600,55,40,0,95,9,126.0,0.0
10,21,2700,55,46,0,189,14,484.0,0.0
6,21,2700,55,46,0,49,5,180.0,0.0
8,21,1600,55,50,1,39,4,62.0,82.38188289119752
7,21,2700,55,47,1,99,16,408.0,294.5867057974711
6,21,2800,55,43,1,99,14,400.0,321.4357082972097
10,21,1600,55,35,0,37,5,94.0,0.0
6,21,1500,55,48,0,23,1,24.0,0.0
3,21,2100,55,35,0,181,8,206.0,0.0
5,21,2200,55,47,0,69,3,92.0,0.0
9,21,2500,55,50,1,69,10,198.0,323.35349050789983
8,21,2000,55,48,1,55,7,104.0,173.9228055912403
5,21,2100,55,38,1,77,8,166.0,148.85371135294344
7,21,1800,55,35,1,95,11,178.0,145.14495939272626
7,21,3000,55,37,0,177,16,450.0,0.0
10,21,2900,55,40,1,83,15,420.0,297.33140065485657
10,21,2800,55,47,0,99,13,384.0,0.0
6,21,3000,55,47,1,89,11,200.0,145.9879641977904
3,21,2400,55,49,0,47,2,48.0,0.0
3,21,2900,55,38,1,109,19,272.0,303.4917374066537
4,21,2100,55,40,1,75,4,150.0,79.7962985153328
4,21,2500,55,39,1,133,9,272.0,219.0372215562293
5,21,2900,55,41,0,115,14,340.0,0.0
8,21,2700,55,44,1,53,4,160.0,120.7332514865255
8,21,2400,55,48,0,45,5,114.0,0.0
9,21,2100,55,43,0,37,1,38.0,0.0
10,21,1700,55,37,0,97,9,216.0,0.0
7,21,2300,55,39,0,79,6,206.0,0.0
10,21,2100,55,39,0,77,10,284.0,0.0
4,21,2800,55,36,1,109,18,380.0,185.3236055139382
3,21,2900,55,43,1,177,17,384.0,332.13490695313527
8,21,3000,55,42,1,109,17,434.0,332.3125469826771
8,21,2300,55,44,0,123,9,246.0,0.0
6,21,1600,50,35,1,31,4,98.0,30.9950126318916
6,21,2300,50,36,1,79,9,162.0,88.2184678372304
9,21,2700,50,40,0,91,10,330.0,0.0
8,21,1600,50,39,0,29,3,58.0,0.0
3,21,2100,50,42,1,49,5,92.0,109.57567481173285
10,21,2700,50,45,1,51,9,234.0,175.90199478062377
8,21,1600,50,50,0,29,2,54.0,0.0
4,21,1900,50,39,0,75,5,142.0,0.0
5,21,2100,50,39,1,63,10,168.0,226.82712083921763
6,21,2100,50,41,0,41,2,82.0,0.0
5,21,2300,50,49,1,85,8,236.0,103.27155231497778
8,21,1700,50,45,0,45,4,64.0,0.0
6,21,1900,50,47,0,63,7,174.0,0.0
10,21,2400,50,35,0,91,9,326.0,0.0
5,21,2000,50,35,1,63,6,172.0,68.85484005941998
8,21,2600,50,45,1,91,7,282.0,122.18000298784982
4,21,1500,50,47,1,0,0,0.0,0.0
4,21,1600,50,36,1,27,1,28.0,11.352492843974419
7,21,2800,50,36,0,111,21,464.0,0.0
7,21,1700,50,37,0,37,4,104.0,0.0
8,21,2300,50,42,1,83,10,204.0,182.27786416291505
10,21,1900,50,36,1,73,7,156.0,68.38823360607874
7,21,1600,50,35,0,31,5,62.0,0.0
5,21,1900,50,41,0,97,11,172.0,0.0
10,21,1500,50,35,1,27,1,28.0,8.584281473619159
3,21,2400,50,42,0,79,8,146.0,0.0
9,21,1500,50,41,1,51,4,80.0,81.22432763129913
9,21,2300,50,40,1,43,1,44.0,0.0
5,21,1800,50,48,0,59,4,116.0,0.0
10,21,1800,50,49,0,31,1,32.0,0.0
7,21,2900,50,35,0,105,17,444.0,0.0
3,21,2500,50,36,1,187,11,316.0,123.42400725659851
6,21,2900,50,37,1,143,17,298.0,222.23003857013813
3,21,2500,50,40,0,119,10,252.0,0.0
4,21,1600,50,50,1,55,4,56.0,22.305798460696014
6,21,3000,50,41,1,197,15,422.0,195.79508556632592
10,21,3000,50,49,0,59,13,340.0,0.0
5,21,1500,50,35,1,63,4,64.0,61.182279135339236
10,21,1900,50,39,0,31,3,58.0,0.0
10,21,2200,50,35,1,69,9,168.0,124.37768854400854
6,21,2800,50,42,0,145,10,342.0,0.0
4,21,2200,50,47,1,43,3,110.0,43.670983999020734
4,21,2500,50,38,0,179,11,312.0,0.0
3,21,2200,50,50,0,77,5,152.0,0.0
9,21,1500,50,35,0,51,6,106.0,0.0
5,21,1600,50,40,1,49,7,80.0,105.8151887677987
4,21,2200,50,45,0,39,2,64.0,0.0
7,21,1600,50,45,1,31,3,54.0,59.81928756676912
3,21,2900,50,46,1,125,9,216.0,220.62970197389313
4,21,2700,50,35,0,99,13,332.0,0.0
5,21,1700,50,35,0,83,8,152.0,0.0
8,21,1800,50,50,1,5,1,6.0,12.0
10,21,2000,50,39,1,63,7,166.0,163.45592417396347
5,21,2800,50,38,1,77,16,310.0,268.4931651259079
8,21,2200,50,45,0,41,5,130.0,0.0
7,21,2200,50,41,0,73,10,196.0,0.0
9,21,2200,50,41,0,43,7,178.0,0.0
9,21,2500,50,43,1,53,4,100.0,109.29068627164972
10,21,2600,50,44,1,87,12,354.0,357.8249937536886
10,21,2800,50,44,1,59,12,306.0,253.95213139431775
3,21,2700,50,45,0,109,10,206.0,0.0
5,21,2500,50,50,0,97,3,134.0,0.0
4,21,2000,50,35,1,33,6,100.0,71.83593143915606
9,21,1600,50,36,0,47,3,80.0,0.0
6,21,1900,50,40,1,55,9,162.0,132.44363775709797
7,21,1900,50,35,1,69,6,148.0,101.7468987555249
3,21,1900,50,38,1,85,12,186.0,159.46627147239442
4,21,2700,50,47,0,99,7,244.0,0.0
9,21,2000,50,46,0,77,6,158.0,0.0
9,21,1900,50,40,0,35,3,66.0,0.0
8,21,1800,50,50,0,35,2,64.0,0.0
4,21,2600,50,42,1,67,9,170.0,121.31856305658978
4,21,1500,50,46,1,25,2,50.0,24.397289233655957
10,21,2700,50,47,0,53,11,268.0,0.0
6,21,2400,50,50,1,63,5,144.0,139.8210172054885
7,21,2400,50,50,0,39,3,80.0,0.0
7,21,2400,50,35,0,89,9,288.0,0.0
3,21,2300,50,38,1,79,3,124.0,40.787270253440596
4,21,2200,50,44,0,69,4,132.0,0.0
5,21,2700,50,46,1,133,14,290.0,165.11743804620465
3,21,2700,50,46,1,115,7,198.0,140.27607050444485
5,21,2800,50,38,1,91,16,310.0,361.4123232230948
7,21,3000,50,47,0,55,8,190.0,0.0
8,21,1600,50,35,1,27,3,28.0,41.28202296436767
8,21,2400,50,41,0,93,8,252.0,0.0
3,21,2500,50,42,0,123,7,246.0,0.0
4,21,1600,50,47,1,29,3,66.0,42.13777597987449
5,21,2500,50,50,0,77,4,128.0,0.0
3,21,1700,50,42,1,65,5,122.0,61.407785053765494
6,21,3000,50,45,0,135,11,278.0,0.0
5,21,1700,50,44,1,33,6,62.0,118.2978170641396
3,21,2400,50,35,1,127,12,244.0,142.51496451516743
7,21,3000,50,37,0,161,13,590.0,0.0
4,21,2000,50,44,0,67,3,106.0,0.0
10,21,2200,50,47,1,43,3,78.0,31.06118869781357
7,21,2500,50,41,0,89,11,268.0,0.0
5,21,1500,50,48,1,57,3,86.0,109.61191466639396
4,21,2800,50,36,1,133,18,286.0,196.32751886401772
7,21,1700,50,47,0,33,1,34.0,0.0
10,20,1800,90,41,1,37,5,94.0,91.24103157074576
4,21,1600,50,45,0,23,3,46.0,0.0
4,20,2100,90,48,0,71,9,184.0,0.0
8,20,2800,90,46,1,95,13,260.0,215.81067526072778
9,20,2700,90,42,1,101,13,386.0,194.8420977136525
7,20,2900,90,38,0,153,18,396.0,0.0
4,20,1600,90,50,0,17,2,18.0,0.0
3,20,2300,90,37,0,113,13,228.0,0.0
4,20,2800,90,43,1,93,17,308.0,271.0143712848777
8,20,2500,90,35,1,95,13,328.0,158.86785040513362
10,20,2400,90,43,1,59,9,166.0,194.89586365892214
7,20,2700,90,39,0,143,15,444.0,0.0
8,20,2500,90,41,0,93,15,352.0,0.0
3,20,3000,90,42,1,163,20,430.0,349.54786621099095
9,20,2300,90,36,1,57,11,230.0,97.96577072893429
9,20,3000,90,41,0,115,19,516.0,0.0
5,20,1600,90,49,0,49,4,80.0,0.0
5,20,1800,90,43,0,117,9,200.0,0.0
7,20,2000,90,43,1,33,4,60.0,55.87391813475757
7,20,2000,90,50,1,51,3,52.0,73.83797276444078
5,20,1500,90,48,0,29,3,52.0,0.0
9,20,2100,90,47,1,37,2,72.0,36.283613602145046
8,20,3000,90,43,0,103,16,376.0,0.0
5,20,2600,90,36,0,137,17,380.0,0.0
6,20,1600,90,45,1,53,5,104.0,125.58878310659387
8,20,2500,90,42,0,91,11,294.0,0.0
10,20,2200,90,45,1,115,8,202.0,140.76953673701084
8,20,2400,90,48,0,87,9,268.0,0.0
6,20,3000,90,35,0,145,19,464.0,0.0
10,20,2800,90,44,1,95,14,350.0,397.77102067350165
7,20,2000,90,50,1,71,4,110.0,117.47307698738398
4,20,3000,90,42,1,133,19,326.0,290.59962802125403
9,20,1900,90,47,1,73,5,138.0,65.3011996934414
6,20,2200,90,48,0,87,8,204.0,0.0
8,20,1600,90,36,0,55,10,146.0,0.0
8,20,2400,90,39,1,83,14,324.0,351.2002160956029
6,20,2400,90,45,0,93,11,274.0,0.0
7,20,1600,90,49,1,35,2,36.0,20.598222756313515
9,20,2700,90,44,1,57,11,226.0,287.15512516001735
9,20,1500,90,38,0,27,2,38.0,0.0
9,20,2300,90,38,0,83,15,376.0,0.0
7,20,2100,90,41,0,87,6,120.0,0.0
4,20,2300,90,47,0,83,6,152.0,0.0
3,20,2700,90,48,1,139,18,346.0,434.31897101690544
10,20,2100,90,48,1,39,5,100.0,144.75318759757593
7,20,2600,90,49,1,87,6,148.0,78.84517132803047
4,20,2600,90,50,0,97,8,226.0,0.0
8,20,2900,90,38,1,97,19,410.0,384.3967518380591
7,20,2700,90,39,0,203,14,346.0,0.0
4,20,2200,90,44,0,75,8,184.0,0.0
4,20,2700,90,45,1,137,12,348.0,241.96974864509554
5,20,1600,90,35,1,87,6,88.0,55.60038933477544
4,20,1800,90,46,1,91,10,144.0,179.97809070988419
6,20,3000,90,48,0,115,11,350.0,0.0
4,20,1500,90,37,0,55,6,136.0,0.0
5,20,2800,90,39,1,111,15,308.0,338.81323124710764
5,20,3000,90,38,1,75,19,288.0,255.5794746099672
10,20,1900,90,43,0,63,7,122.0,0.0
8,20,1700,90,48,0,53,4,84.0,0.0
9,20,1700,90,36,1,41,7,106.0,59.89034177790311
9,20,1700,90,37,0,61,6,132.0,0.0
6,20,2600,90,35,0,99,17,374.0,0.0
3,20,2600,90,40,1,87,16,236.0,222.52914046523648
7,20,2600,90,41,1,87,12,268.0,185.761146787144
9,20,2100,90,42,1,45,11,232.0,257.06610073849265
4,20,2000,90,48,0,105,5,140.0,0.0
4,20,1900,90,41,1,37,3,102.0,70.45709417910935
4,20,2300,90,47,0,87,12,220.0,0.0
5,20,1600,90,35,1,45,4,98.0,43.5527161834496
9,20,2200,90,41,0,43,10,186.0,0.0
5,20,2800,90,41,0,165,16,584.0,0.0
9,20,1800,90,43,0,65,3,90.0,0.0
10,20,2400,90,44,1,91,11,290.0,174.40703012919946
6,20,3000,90,47,0,161,13,448.0,0.0
5,20,2800,90,38,1,101,16,302.0,272.3199146046033
9,20,2400,90,41,1,133,12,326.0,262.1460641503094
7,20,2400,90,37,1,91,16,344.0,244.50353613302255
4,20,1600,90,37,0,45,4,76.0,0.0
5,20,2400,90,42,0,87,8,228.0,0.0
4,20,1700,90,47,0,31,3,56.0,0.0
10,20,2600,90,39,1,89,13,342.0,350.89136482535156
5,20,3000,90,42,0,149,17,476.0,0.0
9,20,1900,90,46,1,29,2,60.0,14.397289233655957
4,20,2000,90,41,1,71,9,172.0,135.03431325612823
6,20,2700,90,39,0,249,18,480.0,0.0
9,20,2000,90,41,0,67,12,184.0,0.0
10,20,1500,90,41,1,29,6,114.0,118.29573638099357
7,20,1700,90,48,0,77,4,112.0,0.0
8,20,3000,90,38,1,113,17,398.0,284.7866689515447
4,20,2100,90,47,1,65,6,144.0,121.35551316465043
5,20,2600,90,39,1,141,17,484.0,338.61197727804154
7,20,2100,90,41,0,41,4,64.0,0.0
5,20,1800,90,43,0,65,6,128.0,0.0
3,20,1600,90,50,0,81,5,108.0,0.0
6,20,1600,90,50,0,29,3,30.0,0.0
9,20,2100,90,49,1,73,5,122.0,43.40413793602095
10,20,2400,90,49,1,45,5,140.0,68.70558108813879
8,20,1900,90,36,0,73,10,202.0,0.0
4,20,1700,90,42,1,29,4,56.0,96.68680180551307
5,20,2400,90,43,1,61,11,196.0,156.36244571178233
3,20,3000,85,45,1,115,17,232.0,294.0278568230974
3,20,2600,90,48,0,167,13,298.0,0.0
5,20,3000,85,40,1,151,20,402.0,274.687127345035
5,20,1600,85,50,0,59,6,144.0,0.0
6,20,1800,85,41,0,31,5,76.0,0.0
10,20,2100,85,42,0,71,6,194.0,0.0
4,20,1600,85,47,1,53,8,86.0,81.53286949256874
8,20,1800,85,50,0,55,7,120.0,0.0
10,20,1800,85,37,1,57,9,126.0,122.95819061389943
4,20,2900,85,46,0,165,16,480.0,0.0
7,20,2900,85,49,1,149,9,274.0,198.207339384409
10,20,1600,85,42,1,31,2,32.0,25.084375202621835
5,20,2600,85,37,0,135,11,214.0,0.0
3,20,2000,85,44,1,61,8,102.0,189.98474909372197
5,20,2000,85,43,0,75,5,136.0,0.0
7,20,2600,85,45,1,51,5,92.0,79.15999665809447
8,20,1600,85,38,1,59,3,82.0,50.795268735784646
10,20,2200,85,49,0,43,7,208.0,0.0
3,20,2000,85,35,0,109,11,210.0,0.0
9,20,1500,85,36,0,49,3,50.0,0.0
9,20,1700,85,37,0,53,7,152.0,0.0
9,20,2900,85,40,1,57,18,408.0,367.6590401523334
6,20,2800,85,42,1,85,14,264.0,285.01655024629594
3,20,2800,85,42,0,213,16,374.0,0.0
9,20,2300,85,47,1,43,6,122.0,47.04886766901498
5,20,1600,85,41,0,47,6,72.0,0.0
7,20,2100,85,42,0,75,5,144.0,0.0
10,20,2300,85,47,0,41,6,150.0,0.0
9,20,1500,85,47,1,19,1,20.0,0.0
9,20,2400,85,49,1,87,8,232.0,149.86373390507225
4,20,1800,85,50,1,27,3,80.0,90.96330067766594
6,20,2100,85,47,1,41,4,68.0,34.918488786348256
3,20,2300,85,36,1,105,16,230.0,170.85967010186664
5,20,2600,85,42,0,85,11,250.0,0.0
6,20,1800,85,40,1,45,5,82.0,76.5518591478914
10,20,2000,85,43,0,33,4,94.0,0.0
10,20,2100,85,46,0,39,6,130.0,0.0
8,20,2200,85,49,1,127,9,282.0,90.87864479927471
10,20,2000,85,50,0,75,6,150.0,0.0
8,20,2500,85,42,1,47,3,128.0,19.668080071727267
7,20,1700,85,45,0,33,3,76.0,0.0
8,20,2400,85,38,1,57,12,318.0,237.00619299806203
4,20,2600,85,42,1,107,18,316.0,229.54653307521923
5,20,2200,85,38,0,83,8,226.0,0.0
5,20,1900,85,49,1,63,6,100.0,75.63504974870806
8,20,2700,85,36,1,95,19,406.0,291.8180235533724
10,20,1700,85,40,0,67,6,144.0,0.0
6,20,1600,85,38,0,89,11,252.0,0.0
10,20,2800,85,48,0,93,11,254.0,0.0
6,20,3000,85,50,1,79,12,252.0,393.42811566046464
9,20,1800,85,39,1,31,8,102.0,183.2239922495441
10,20,2900,85,40,1,57,18,410.0,318.62363568853203
8,20,1700,85,37,0,59,8,152.0,0.0
3,20,2000,85,43,0,35,4,68.0,0.0
3,20,1600,85,50,1,55,3,74.0,83.72839217648554
8,20,1800,85,44,0,59,5,86.0,0.0
5,20,2300,85,49,0,81,6,192.0,0.0
5,20,1600,85,37,0,53,6,108.0,0.0
8,20,1500,85,40,0,23,2,24.0,0.0
6,20,2900,85,45,0,91,12,292.0,0.0
3,20,2200,85,47,1,103,8,178.0,77.3682074009989
9,20,3000,85,46,1,105,9,412.0,176.91119095710985
9,20,2900,85,48,1,169,14,460.0,413.46222378035213
10,20,1800,85,50,1,47,6,102.0,178.18058215252384
8,20,2400,85,35,0,91,13,326.0,0.0
3,20,2100,85,35,1,103,13,212.0,105.34285623514849
5,20,2900,85,39,1,97,18,242.0,284.1544483499713
3,20,1800,85,46,0,67,7,122.0,0.0
8,20,2700,85,43,0,53,11,318.0,0.0
4,20,2000,85,39,1,85,10,224.0,267.8104643168949
8,20,2200,85,42,0,43,5,128.0,0.0
7,20,2700,85,36,0,97,18,392.0,0.0
7,20,2600,85,37,1,71,12,198.0,194.79839606995776
6,20,2500,85,38,1,57,15,256.0,181.5283643410594
9,20,2300,85,42,0,87,12,348.0,0.0
10,20,2700,85,35,1,87,16,450.0,280.71708115092764
4,20,2800,85,45,1,97,17,346.0,303.3144232799139
10,20,2700,85,45,0,149,11,354.0,0.0
9,20,2500,85,37,1,91,10,360.0,120.73620776997751
8,20,2000,85,37,1,43,12,160.0,231.50037216377686
8,20,1900,85,45,0,61,7,144.0,0.0
9,20,1900,85,45,0,57,4,76.0,0.0
10,20,2600,85,44,0,101,14,348.0,0.0
5,20,2000,85,48,0,79,6,188.0,0.0
5,20,2200,85,49,1,43,6,152.0,107.74171247520128
5,20,2000,85,35,1,61,14,216.0,133.27676307655312
9,20,1600,85,36,1,41,4,42.0,32.01769243729997
4,20,1600,85,36,0,25,3,26.0,0.0
9,20,2000,85,43,1,39,7,192.0,138.00128174156546
9,20,2900,85,37,0,57,20,434.0,0.0
3,20,1700,85,37,0,85,8,144.0,0.0
10,20,2200,85,44,1,43,6,144.0,100.43490334638874
4,20,2400,85,38,0,83,10,242.0,0.0
3,20,2000,85,40,0,77,5,142.0,0.0
8,20,2200,85,42,1,77,10,260.0,186.03260409291502
6,20,1800,85,43,1,51,7,108.0,160.1937800206192
8,20,2700,85,46,0,103,11,264.0,0.0
7,20,1500,85,44,1,33,5,78.0,135.7478521180695
9,20,2100,85,44,0,71,12,318.0,0.0
6,20,1800,80,37,1,65,11,166.0,197.01804964652558
6,20,2900,80,35,1,99,17,370.0,263.10813482756225
3,20,2100,80,42,1,93,7,180.0,149.925198173911
9,20,2300,85,44,0,119,8,234.0,0.0
6,20,1700,85,46,1,43,4,76.0,71.44841507201656
7,20,2700,80,43,0,87,11,292.0,0.0
4,20,2600,80,48,0,91,12,276.0,0.0
6,20,2400,80,37,0,131,15,356.0,0.0
9,20,2900,80,44,0,109,12,390.0,0.0
3,20,2500,80,35,1,143,17,328.0,202.12529224415243
9,20,2200,80,45,0,77,7,196.0,0.0
3,20,2500,80,44,0,127,12,300.0,0.0
7,20,1900,80,49,1,73,6,176.0,87.71449000673188
9,20,2100,80,49,1,33,5,116.0,61.22125314574817
3,20,2600,80,37,0,197,15,360.0,0.0
3,20,1700,80,41,1,31,2,62.0,33.89990780699389
3,20,2600,80,43,1,101,12,270.0,285.5021688164641
3,20,1600,80,41,1,47,3,76.0,84.41053717473496
8,20,1700,80,49,0,27,2,50.0,0.0
6,20,2000,80,47,0,77,9,218.0,0.0
10,20,2800,80,50,1,39,9,156.0,260.1074355297636
10,20,2500,80,37,0,99,17,416.0,0.0
5,20,2600,80,38,1,79,9,182.0,153.31705080195306
9,20,2700,80,41,1,53,11,294.0,215.75702929105253
10,20,2800,80,41,1,57,18,454.0,364.2196816667716
4,20,2400,80,44,0,141,11,378.0,0.0
3,20,1500,80,40,0,45,4,72.0,0.0
7,20,1600,80,47,1,35,3,36.0,48.056560177869834
4,20,1500,80,43,0,99,7,154.0,0.0
7,20,2700,80,36,1,97,18,432.0,258.78991002005785
5,20,3000,80,35,0,113,18,344.0,0.0
3,20,2100,80,37,0,99,8,220.0,0.0
5,20,1700,80,40,0,59,6,60.0,0.0
7,20,2700,80,38,0,97,15,422.0,0.0
9,20,2800,80,42,1,53,10,238.0,135.05717617246216
4,20,2400,80,42,1,101,11,320.0,161.48230008394793
5,20,1800,80,36,0,61,5,62.0,0.0
3,20,1700,80,39,1,55,5,104.0,167.09446213110863
5,20,2800,80,43,1,109,16,260.0,402.2088890617895
5,20,1500,80,47,0,99,5,100.0,0.0
3,20,3000,80,46,1,181,10,298.0,179.97987915161826
4,20,2200,80,48,0,35,2,36.0,0.0
7,20,2900,80,49,1,103,12,328.0,200.05027791030037
10,20,2100,80,35,0,61,8,202.0,0.0
10,20,1600,80,42,0,25,3,58.0,0.0
5,20,2400,80,40,1,69,6,196.0,74.57321428162184
10,20,1600,80,44,0,29,5,56.0,0.0
9,20,2200,80,44,1,41,3,94.0,90.86962629084087
7,20,2400,80,45,0,133,12,352.0,0.0
8,20,2600,80,49,1,59,8,246.0,117.08492318254541
9,20,2500,80,42,1,49,11,260.0,171.5963596606258
6,20,1800,80,35,0,65,13,210.0,0.0
10,20,2900,80,35,1,99,20,546.0,292.33348425889864
10,20,1600,80,39,0,55,8,162.0,0.0
3,20,2400,80,40,1,209,12,388.0,98.26984037785381
8,20,2000,80,38,1,59,7,184.0,96.25018153976072
7,20,2100,80,50,0,39,3,96.0,0.0
7,20,2200,80,36,1,87,11,284.0,123.1948198168283
7,20,2900,80,42,0,109,16,556.0,0.0
9,20,2500,80,45,0,49,12,294.0,0.0
8,20,1900,80,48,1,33,3,34.0,57.43235447313311
6,20,2700,80,43,0,95,13,364.0,0.0
6,20,2100,80,48,1,109,7,162.0,188.61709556891552
5,20,2700,80,48,0,133,12,356.0,0.0
3,20,1600,80,39,0,61,6,82.0,0.0
7,20,3000,80,40,0,115,16,518.0,0.0
3,20,1800,80,44,0,35,3,62.0,0.0
10,20,1800,80,47,1,33,4,96.0,55.65707230391258
6,20,1700,80,46,1,63,6,126.0,67.01811623481673
6,20,2600,80,46,1,95,15,316.0,192.1955334492668
7,20,2400,80,46,1,93,9,266.0,193.56505673311923
9,20,2100,80,36,0,67,11,250.0,0.0
6,20,2500,80,42,1,91,14,328.0,261.80907288118215
3,20,2000,80,44,0,151,7,220.0,0.0
10,20,2100,80,47,1,79,6,122.0,60.470439956382755
7,20,2900,80,47,0,151,14,460.0,0.0
5,20,2200,80,48,1,83,7,170.0,254.0831213971563
7,20,2700,80,49,0,115,9,312.0,0.0
10,20,2300,80,35,1,53,18,298.0,168.99422654882144
4,20,2800,80,35,1,219,18,442.0,231.42226318529993
3,20,1800,80,37,1,47,6,108.0,81.19228981084933
10,20,2400,80,35,0,91,15,434.0,0.0
5,20,3000,80,40,0,103,16,364.0,0.0
7,20,2600,80,43,0,83,10,250.0,0.0
4,20,2000,80,44,1,37,5,100.0,115.00496152651495
7,20,1900,80,42,0,71,9,190.0,0.0
8,20,2200,80,38,0,43,8,210.0,0.0
10,20,2600,80,46,1,51,11,218.0,187.00869763368212
4,20,2900,80,38,1,131,20,372.0,220.55506998217462
8,20,1600,80,41,1,31,5,112.0,142.49546709764732
8,20,1900,80,39,0,51,7,104.0,0.0
7,20,2500,80,45,0,89,7,226.0,0.0
5,20,2200,80,48,1,125,9,258.0,294.23909570305375
10,20,2000,80,41,0,39,11,262.0,0.0
10,20,1600,80,41,1,29,4,46.0,81.9166066031638
7,20,1900,80,39,0,71,8,166.0,0.0
4,20,2200,80,49,1,41,5,124.0,50.13136442575158
9,20,2100,80,47,0,57,4,82.0,0.0
6,20,3000,80,45,1,125,17,408.0,300.26754718527815
7,20,1600,80,50,0,45,2,46.0,0.0
10,20,1600,75,35,1,31,2,32.0,26.327929472432675
7,20,2100,75,36,0,73,10,256.0,0.0
9,20,2400,80,42,1,177,11,374.0,247.4218880144407
10,20,1900,80,42,0,37,9,176.0,0.0
10,20,1600,75,36,1,27,4,60.0,23.521515255304667
6,20,1900,75,37,0,61,6,146.0,0.0
6,20,2500,75,47,1,49,5,144.0,53.94103303517496
7,20,1900,75,41,0,85,8,156.0,0.0
8,20,2500,75,42,1,63,11,304.0,226.18796229322282
7,20,2300,75,40,1,87,10,250.0,105.27222271327278
9,20,2100,75,41,0,71,12,236.0,0.0
8,20,2700,75,39,0,87,15,308.0,0.0
6,20,2600,75,42,0,87,8,270.0,0.0
3,20,2100,75,47,1,99,9,140.0,110.15531960613517
9,20,2100,75,37,0,81,12,316.0,0.0
6,20,3000,75,43,1,103,18,442.0,380.1329547650882
7,20,1800,75,45,0,35,7,144.0,0.0
6,20,3000,75,49,1,109,13,346.0,179.14446652610638
4,20,2000,75,49,1,53,3,86.0,29.866967973010656
9,20,2000,75,49,1,67,5,136.0,34.61676391130928
5,20,2900,75,49,0,199,12,380.0,0.0
7,20,2700,75,42,0,147,14,400.0,0.0
8,20,2500,75,36,1,93,14,352.0,223.415563189412
3,20,1700,75,38,0,51,4,66.0,0.0
3,20,2100,75,42,1,97,4,130.0,68.67523781205938
6,20,1600,75,46,0,29,1,30.0,0.0
6,20,1700,75,39,1,55,5,90.0,128.5424659778181
3,20,2500,75,50,1,133,8,212.0,175.60905264712784
5,20,2300,75,49,0,45,3,86.0,0.0
3,20,2300,75,38,0,165,14,328.0,0.0
8,20,2900,75,42,1,109,12,364.0,226.94016755829622
6,20,2900,75,39,1,99,18,374.0,268.44353775447803
6,20,1900,75,43,0,37,4,88.0,0.0
6,20,3000,75,40,0,175,16,470.0,0.0
7,20,1900,75,43,1,55,3,70.0,42.67174395554507
4,20,2200,75,47,0,151,10,262.0,0.0
8,20,2800,75,35,1,57,16,424.0,240.53621775731287
8,20,2000,75,36,1,53,8,128.0,69.55793165527317
6,20,2100,75,38,0,117,10,224.0,0.0
5,20,2100,75,39,1,71,7,136.0,157.26172207953778
6,20,1600,75,42,0,31,4,76.0,0.0
6,20,1900,75,43,0,65,6,126.0,0.0
8,20,1600,75,43,1,31,4,90.0,87.29950026065102
9,20,1700,75,35,1,43,6,112.0,70.0466815228489
9,20,3000,75,42,1,109,17,386.0,296.2233930492436
3,20,2800,75,37,0,145,13,278.0,0.0
3,20,2300,75,40,0,119,10,262.0,0.0
5,20,2500,75,42,1,89,9,296.0,128.3054110348746
3,20,1600,75,42,0,85,3,86.0,0.0
5,20,2800,75,47,0,83,10,228.0,0.0
5,20,2400,75,39,0,85,9,192.0,0.0
5,20,2200,75,40,1,87,9,204.0,132.54167484261657
10,20,2700,75,43,1,87,13,314.0,221.2745461575802
6,20,1500,75,42,1,41,2,42.0,50.84919072589345
7,20,1600,75,44,0,57,6,106.0,0.0
8,20,2400,75,50,0,71,7,138.0,0.0
3,20,2400,75,48,1,115,7,234.0,224.54134715953685
5,20,2200,75,35,0,77,11,224.0,0.0
5,20,1600,75,35,0,71,9,120.0,0.0
9,20,2000,75,35,1,73,12,240.0,141.91580039222606
8,20,2400,75,37,0,47,13,294.0,0.0
5,20,3000,75,36,1,109,17,408.0,238.59075736173628
3,20,2700,75,37,0,195,15,380.0,0.0
6,20,2500,75,49,1,55,8,224.0,109.46688738095877
9,20,2500,75,36,1,55,16,324.0,203.44317499918998
4,20,2800,75,36,0,137,17,338.0,0.0
8,20,3000,75,36,0,115,17,400.0,0.0
6,20,2300,75,40,1,97,10,168.0,134.19484710006472
10,20,1800,75,48,0,35,6,106.0,0.0
3,20,2700,75,40,1,105,18,234.0,276.7363701332322
4,20,2100,75,40,1,61,10,146.0,181.35332453950292
7,20,2300,75,36,1,135,11,282.0,144.26533717119204
7,20,2700,75,35,1,101,17,408.0,158.729187242144
8,20,1800,75,39,0,63,6,114.0,0.0
7,20,1800,75,38,1,43,10,148.0,126.80770225207444
10,20,3000,75,50,0,51,10,254.0,0.0
5,20,2200,75,45,0,85,8,204.0,0.0
3,20,2200,75,49,0,81,6,118.0,0.0
7,20,2400,75,35,1,61,13,188.0,167.84054176623243
10,20,2100,75,38,0,41,6,140.0,0.0
3,20,2300,75,45,1,77,9,184.0,241.58782275869848
9,20,1900,75,48,0,31,2,52.0,0.0
10,20,2100,75,43,0,69,7,220.0,0.0
5,20,2500,75,42,1,93,10,258.0,135.35671983488945
10,20,2400,75,46,1,43,6,176.0,73.7738881219265
7,20,3000,75,36,0,89,18,362.0,0.0
8,20,2600,75,36,0,81,14,274.0,0.0
4,20,2000,75,40,1,39,4,76.0,54.80130068961263
5,20,3000,75,39,0,167,18,482.0,0.0
9,20,2700,75,41,1,57,14,342.0,367.94487777609737
6,20,3000,75,43,1,105,13,400.0,265.7816640496077
5,20,2700,75,48,0,97,8,258.0,0.0
7,20,1700,75,35,1,99,11,214.0,145.22653845061848
9,20,2300,75,36,1,89,10,278.0,187.29435636415403
10,20,2200,75,39,0,81,10,300.0,0.0
4,20,2400,75,35,1,79,15,260.0,258.0239028316895
8,20,1800,75,37,0,59,5,88.0,0.0
4,20,2400,75,49,1,101,12,204.0,136.64904262199113
7,20,2100,75,48,0,71,4,72.0,0.0
8,20,1900,75,41,0,75,8,178.0,0.0
4,20,2200,70,36,0,81,12,282.0,0.0
3,20,2500,70,40,1,87,11,252.0,193.07747372224165
8,20,2300,70,42,1,45,6,142.0,74.84237933459181
5,20,2700,70,45,0,149,12,380.0,0.0
7,20,2000,75,45,1,37,2,38.0,27.426678041502893
6,20,1900,75,49,0,101,5,120.0,0.0
7,20,2800,70,35,1,99,17,420.0,252.74860347823488
4,20,2400,70,35,0,169,16,428.0,0.0
3,20,2200,70,36,1,147,14,246.0,170.57352790799362
5,20,2800,70,38,1,99,19,320.0,297.41169176874143
6,20,2900,70,45,0,87,14,316.0,0.0
8,20,2200,70,48,1,53,8,158.0,98.936206690427
10,20,1900,70,47,0,37,2,72.0,0.0
6,20,2000,70,36,1,57,10,136.0,161.78873603483927
9,20,3000,70,37,1,107,18,486.0,297.1484363378221
4,20,2000,70,39,0,91,7,170.0,0.0
10,20,2200,70,45,0,85,9,300.0,0.0
7,20,1900,70,44,0,73,5,134.0,0.0
4,20,2500,70,49,0,97,8,222.0,0.0
8,20,2200,70,48,1,83,6,150.0,110.32689054556519
5,20,2100,70,35,1,85,11,262.0,107.99149902711065
3,20,2500,70,41,0,167,13,250.0,0.0
8,20,2000,70,38,1,113,10,250.0,76.1712671899677
3,20,2200,70,41,0,145,9,222.0,0.0
7,20,2100,70,43,1,39,4,78.0,99.45272467505386
8,20,2500,70,45,0,91,10,242.0,0.0
3,20,3000,70,49,1,119,11,226.0,172.4292942154292
10,20,2100,70,41,0,37,7,146.0,0.0
7,20,1900,70,42,1,89,6,126.0,110.68849462217646
3,20,1700,70,43,1,93,7,178.0,113.30952223499773
5,20,1700,70,48,0,49,4,50.0,0.0
3,20,2000,70,48,0,77,4,108.0,0.0
10,20,2900,70,48,0,95,12,322.0,0.0
3,20,2500,70,50,1,105,7,202.0,167.97113837999748
10,20,2700,70,36,0,103,14,476.0,0.0
5,20,1800,70,39,0,63,6,64.0,0.0
8,20,2300,70,42,1,49,6,160.0,141.04981057784104
10,20,2700,70,44,1,59,10,258.0,358.93273996508356
5,20,2200,70,44,1,41,5,118.0,169.11417933189523
7,20,1500,70,43,1,53,4,100.0,50.70825780024754
4,20,2500,70,48,0,107,8,248.0,0.0
4,20,1500,70,36,1,25,2,26.0,6.82842712474619
6,20,2200,70,39,1,73,8,156.0,214.9474199075181
4,20,2200,70,39,0,129,12,290.0,0.0
5,20,2600,70,46,1,191,10,376.0,199.77247921076986
5,20,2600,70,48,0,51,8,178.0,0.0
6,20,2200,70,49,0,111,8,176.0,0.0
5,20,2900,70,44,0,107,12,394.0,0.0
3,20,2600,70,39,0,179,16,422.0,0.0
8,20,2400,70,39,1,137,10,404.0,266.72490467748514
10,20,2700,70,43,0,95,10,332.0,0.0
8,20,1500,70,43,1,19,2,20.0,29.959907788554716
4,20,1800,70,43,0,71,9,140.0,0.0
6,20,2200,70,47,1,67,6,156.0,60.69307122009062
5,20,1700,70,48,1,35,4,54.0,101.12306769320696
3,20,2800,70,36,0,191,17,384.0,0.0
3,20,2700,70,44,1,141,17,320.0,341.4378590658154
10,20,1500,70,41,0,27,2,38.0,0.0
10,20,1900,70,45,0,57,6,122.0,0.0
5,20,1800,70,47,1,35,3,72.0,38.13091841343909
5,20,2300,70,50,1,81,6,134.0,82.17379304075797
10,20,2800,70,46,0,109,13,304.0,0.0
7,20,2000,70,36,1,107,14,284.0,167.91349706848152
7,20,2700,70,40,0,85,13,314.0,0.0
5,20,2700,70,47,1,159,14,278.0,153.408432013593
7,20,1900,70,46,1,67,7,176.0,114.36949942613516
8,20,1600,70,50,1,27,1,28.0,25.125853202309035
3,20,1600,70,50,0,23,3,44.0,0.0
10,20,2300,70,50,0,41,5,126.0,0.0
10,20,1600,70,40,1,0,0,0.0,0.0
7,20,1700,70,43,1,31,3,68.0,32.567656181271964
8,20,2200,70,43,0,43,7,168.0,0.0
6,20,2700,70,46,0,91,8,176.0,0.0
5,20,2200,70,48,1,49,5,102.0,154.54402449319994
3,20,1500,70,49,0,23,2,42.0,0.0
10,20,2100,70,42,0,81,6,160.0,0.0
7,20,1600,70,38,1,31,3,68.0,22.029716374221387
7,20,2200,70,44,1,41,5,84.0,166.9287427442601
6,20,2700,70,47,1,99,11,216.0,285.05866566336
9,20,1600,70,50,0,23,1,24.0,0.0
10,20,2400,70,45,0,85,12,348.0,0.0
5,20,2000,70,48,0,113,8,186.0,0.0
7,20,2300,70,47,1,65,11,184.0,144.60466280472667
7,20,2900,70,36,0,161,20,550.0,0.0
7,20,1600,70,38,1,31,6,114.0,37.975624272828675
5,20,1600,70,42,1,35,6,66.0,118.72123497131999
7,20,2900,70,43,0,169,14,510.0,0.0
8,20,2200,70,44,0,43,2,86.0,0.0
6,20,2200,70,44,0,111,7,250.0,0.0
10,20,1700,70,46,1,65,6,132.0,123.78374474952828
3,20,1500,70,37,1,49,6,100.0,74.50781933189421
6,20,2200,70,35,1,67,19,252.0,256.96865904475555
6,20,1500,70,36,0,17,2,34.0,0.0
3,20,2800,70,39,0,153,15,344.0,0.0
4,20,2100,70,45,1,37,1,38.0,4.47213595499958
6,20,2400,70,46,0,177,11,332.0,0.0
10,20,2600,70,49,1,87,10,288.0,159.73421742442324
8,20,1600,65,37,0,29,3,60.0,0.0
7,20,2100,70,39,0,77,7,220.0,0.0
7,20,2800,70,38,1,103,15,320.0,228.9006984012976
10,20,1600,70,47,0,57,7,118.0,0.0
3,20,2500,65,41,1,107,17,254.0,330.2026327281303
5,20,3000,70,50,1,285,16,500.0,437.38670091892243
8,20,1600,70,47,0,0,0,0.0,0.0
10,20,1900,65,36,0,37,8,138.0,0.0
7,20,2600,65,40,0,139,11,336.0,0.0
5,20,2200,65,44,1,57,5,130.0,96.6876769683751
7,20,2800,65,36,0,53,17,270.0,0.0
6,20,2400,65,39,1,107,11,280.0,254.73773493728078
8,20,1900,65,42,1,59,6,200.0,49.81853793458369
3,20,2800,65,47,1,175,18,408.0,380.0259026090231
4,20,3000,65,36,0,145,15,402.0,0.0
4,20,1800,65,38,0,91,9,210.0,0.0
6,20,1700,65,38,0,59,6,140.0,0.0
7,20,1900,65,41,1,99,6,178.0,121.71899832139411
7,20,2100,65,44,1,73,8,174.0,253.7747791641162
4,20,2500,65,43,1,91,10,132.0,144.86842230458458
6,20,1500,65,44,0,49,6,70.0,0.0
6,20,2000,65,35,1,77,10,202.0,140.9330075060608
5,20,2500,65,37,0,87,10,264.0,0.0
4,20,1700,65,40,1,23,2,42.0,41.02089153428528
8,20,2900,65,43,0,111,13,414.0,0.0
10,20,3000,65,46,1,117,16,478.0,348.2363715574631
8,20,1800,65,48,0,67,6,152.0,0.0
3,20,3000,65,49,1,127,11,284.0,199.1769514928299
8,20,2700,65,35,1,103,16,318.0,199.59547600871502
5,20,1800,65,39,1,117,7,198.0,268.1028273540157
7,20,2200,65,42,0,77,6,170.0,0.0
5,20,1500,65,38,0,41,5,72.0,0.0
9,20,2100,65,49,0,41,5,96.0,0.0
5,20,2700,65,48,1,91,8,146.0,163.32371193685742
6,20,2000,65,50,0,63,5,118.0,0.0
7,20,1800,65,37,0,51,8,138.0,0.0
7,20,1500,65,37,0,29,4,78.0,0.0
8,20,2900,65,38,1,71,14,288.0,242.37199492518462
3,20,2900,65,40,1,105,11,186.0,75.5439859415552
3,20,2200,65,39,1,79,9,186.0,158.14670080040835
7,20,1700,65,49,1,33,4,92.0,44.70199715044094
7,20,1600,65,42,0,19,2,34.0,0.0
4,20,2000,65,35,0,111,8,198.0,0.0
3,20,2100,65,36,1,115,11,190.0,117.39843644397473
7,20,2600,65,36,0,97,14,366.0,0.0
4,20,1500,65,36,1,49,3,78.0,33.86773258897443
7,20,1900,65,48,0,63,5,134.0,0.0
3,20,2700,65,39,1,153,17,358.0,336.7539202454141
9,20,3000,65,40,0,171,18,554.0,0.0
10,20,2700,65,41,0,103,10,268.0,0.0
8,20,2400,65,43,0,43,7,132.0,0.0
7,20,2300,65,43,1,83,11,294.0,189.35850585674743
9,20,1600,65,49,1,25,2,32.0,19.133434527696284
4,20,2300,65,44,1,113,5,114.0,79.18248533562273
10,20,1500,65,45,1,53,3,80.0,67.1224205711133
10,20,2900,65,47,0,77,13,370.0,0.0
3,20,1700,65,36,1,57,5,98.0,41.959570597971876
4,20,2300,65,36,1,125,16,278.0,261.8900867581721
7,20,1500,65,38,0,83,6,126.0,0.0
5,20,1500,65,36,0,91,6,122.0,0.0
5,20,2600,65,47,1,67,13,216.0,186.90617192726273
4,20,2500,65,38,0,127,11,378.0,0.0
6,20,1600,65,48,0,59,3,88.0,0.0
5,20,1900,65,35,1,77,7,152.0,74.3594755167582
5,20,2400,65,40,1,65,9,200.0,133.9267879438924
7,20,2600,65,44,0,85,9,210.0,0.0
3,20,2700,65,44,1,73,9,124.0,200.84184462580257
7,20,1900,65,46,0,57,4,82.0,0.0
4,20,1700,65,46,1,43,5,74.0,95.37329566063899
7,20,1500,65,50,0,27,3,40.0,0.0
3,20,2900,65,35,1,153,20,362.0,307.70700311269263
3,20,2100,65,41,0,109,8,176.0,0.0
4,20,2200,65,41,1,77,9,202.0,183.40174604559502
4,20,1600,65,38,0,91,7,156.0,0.0
5,20,2500,65,50,1,91,7,180.0,135.39325165834865
6,20,3000,65,50,0,95,6,184.0,0.0
9,20,2800,65,50,0,103,8,300.0,0.0
8,20,2500,65,35,1,81,18,384.0,295.9267176152535
3,20,3000,65,41,0,169,17,378.0,0.0
9,20,1600,65,43,0,53,6,108.0,0.0
7,20,2400,65,45,0,79,11,198.0,0.0
8,20,1500,65,46,1,45,3,68.0,47.49736914658785
7,20,2500,65,48,1,91,8,210.0,178.13710776242738
10,20,2500,65,46,1,75,10,300.0,143.86259368749631
5,20,3000,65,41,0,159,15,416.0,0.0
9,20,2300,65,43,1,83,9,252.0,144.20827141195238
3,20,2600,65,46,0,141,11,288.0,0.0
9,20,2600,65,46,1,89,11,290.0,190.51639134794388
9,20,2500,65,49,0,37,3,58.0,0.0
4,20,1800,65,47,0,35,5,94.0,0.0
7,20,1500,65,50,1,27,2,28.0,52.48320699973395
5,20,2100,65,36,0,53,6,170.0,0.0
10,20,2200,65,40,0,43,10,230.0,0.0
5,20,1900,65,45,1,67,4,98.0,82.40309227456025
4,20,1800,65,43,1,67,7,130.0,112.55262425076076
10,20,2000,65,49,1,33,3,86.0,45.730428368596506
6,20,2700,65,48,1,153,11,310.0,321.26671230899314
5,20,1500,65,41,0,23,2,44.0,0.0
4,20,2500,65,35,0,181,15,428.0,0.0
10,20,1900,65,40,1,59,7,130.0,96.42794874927316
8,20,2200,65,42,0,119,7,218.0,0.0
4,20,3000,65,41,0,165,15,400.0,0.0
3,20,2600,65,45,1,127,14,304.0,305.15944777394566
10,20,2000,65,40,0,63,6,202.0,0.0
5,20,3000,65,49,1,103,7,266.0,93.46598962674955
3,20,1900,60,36,0,71,3,94.0,0.0
4,20,2000,60,39,1,79,7,80.0,156.342696010951
4,20,2200,60,39,0,81,9,218.0,0.0
10,20,2500,60,45,0,99,11,310.0,0.0
10,20,2000,60,44,1,3,1,4.0,9.0
3,20,2200,60,45,1,75,8,132.0,116.29967752605863
9,20,2700,60,44,1,53,9,242.0,236.054285635908
7,20,2600,60,36,1,97,14,360.0,174.0876933217341
9,20,1900,60,39,1,37,6,124.0,171.88930716307638
5,20,3000,60,40,0,155,13,372.0,0.0
3,20,2100,60,41,0,41,3,66.0,0.0
4,20,1600,60,43,0,27,3,28.0,0.0
6,20,1900,60,37,1,67,6,136.0,48.48673238239358
5,20,2200,60,48,0,69,4,70.0,0.0
5,20,2800,60,35,1,77,17,314.0,194.21610252820545
10,20,2100,60,39,1,41,12,214.0,391.59207743582607
5,20,2300,60,43,1,75,11,214.0,172.7892785685499
6,20,2900,60,40,1,155,13,370.0,208.12496544584874
6,20,2100,60,48,0,0,0,0.0,0.0
3,20,1600,60,41,0,43,4,92.0,0.0
9,20,1500,60,48,0,49,7,90.0,0.0
7,20,2900,60,37,0,109,17,480.0,0.0
9,20,2100,60,39,0,79,9,184.0,0.0
9,20,2400,60,42,0,47,6,148.0,0.0
10,20,2500,60,43,1,85,8,228.0,132.82051795025401
3,20,1800,60,43,1,63,5,104.0,68.49882297908859
4,20,1900,60,46,0,37,2,74.0,0.0
4,20,2800,60,49,1,145,6,236.0,99.33661489245998
4,20,1900,60,37,0,99,7,218.0,0.0
8,20,2500,60,38,0,129,10,270.0,0.0
3,20,2500,60,38,1,129,16,280.0,195.68325541876104
9,20,2300,60,37,0,41,7,134.0,0.0
4,20,1800,60,40,1,59,10,104.0,141.20964752840172
10,20,1900,60,39,1,47,6,148.0,240.41875070299437
8,20,1900,60,49,1,53,8,84.0,114.34256139982072
9,20,1800,60,35,0,67,9,224.0,0.0
4,20,2000,60,39,0,105,10,210.0,0.0
9,20,1600,60,41,1,29,4,56.0,74.99994809033996
5,20,2700,60,45,0,105,9,342.0,0.0
8,20,2400,60,49,0,93,4,132.0,0.0
3,20,2500,60,48,1,161,8,198.0,191.28052782531657
3,20,2100,60,49,1,115,6,182.0,113.5837998781454
10,20,1900,60,36,1,27,4,48.0,39.70296621414682
4,20,2800,60,38,1,131,15,286.0,131.3702763550614
3,20,2900,60,39,1,149,8,206.0,292.0363671345442
3,20,2800,60,42,0,247,11,358.0,0.0
10,20,2500,60,45,0,139,10,348.0,0.0
3,20,1600,60,47,1,47,4,70.0,37.30424715049431
10,20,2300,60,47,0,43,7,110.0,0.0
5,20,1800,60,35,0,25,1,26.0,0.0
3,20,2100,60,36,0,113,10,152.0,0.0
8,20,2000,60,38,0,57,4,94.0,0.0
7,20,2300,60,37,1,71,15,256.0,204.85557527544498
7,20,2800,60,45,0,97,9,278.0,0.0
3,20,2500,60,37,1,139,14,226.0,178.29784156460744
9,20,1700,60,48,1,61,4,62.0,91.25500427895868
3,20,2100,60,37,0,111,6,146.0,0.0
6,20,2300,60,38,0,45,8,198.0,0.0
3,20,1700,60,38,1,37,4,70.0,54.26560500846711
7,20,2600,60,37,1,65,12,290.0,191.41142957109062
3,20,2000,60,45,1,37,1,38.0,40.063197151661456
3,20,2900,60,42,0,219,16,468.0,0.0
4,20,2300,60,48,1,43,4,84.0,104.25820589257599
10,20,1800,60,37,0,69,7,152.0,0.0
3,20,2800,60,42,1,137,20,394.0,305.89879037402557
4,20,2500,60,45,0,87,5,126.0,0.0
8,20,2300,60,46,0,45,5,102.0,0.0
3,20,1700,60,48,0,0,0,0.0,0.0
10,20,2600,60,49,1,45,4,132.0,88.25458754073128
8,20,2200,60,50,1,67,7,90.0,206.29931015902676
8,20,2400,60,38,1,59,10,238.0,199.18045083789713
8,20,2100,60,39,1,61,9,122.0,188.0668422864718
7,20,2300,60,44,1,89,8,148.0,197.39965294882617
10,20,2200,60,41,1,39,7,138.0,235.96086515508873
9,20,2000,60,40,0,111,6,162.0,0.0
4,20,2100,60,45,0,83,9,156.0,0.0
4,20,2000,60,43,0,119,7,184.0,0.0
3,20,2000,60,36,0,107,7,168.0,0.0
8,20,2800,60,43,1,107,14,358.0,287.58922737817164
7,20,2200,60,48,0,113,6,154.0,0.0
8,20,2000,60,50,0,113,7,224.0,0.0
7,20,2400,60,47,1,75,10,180.0,161.24361252124186
3,20,2000,60,50,0,25,1,26.0,0.0
7,20,2100,60,50,1,27,2,56.0,68.04234358867687
8,20,2200,60,36,1,85,12,288.0,103.96285202473746
4,20,3000,60,40,1,177,15,452.0,267.1482851200654
8,20,1700,60,42,1,27,3,52.0,55.02327330933744
9,20,1700,60,45,0,29,2,30.0,0.0
9,20,1700,60,50,1,33,4,66.0,73.93047073883807
3,20,2300,60,47,0,89,7,168.0,0.0
3,20,2400,60,47,0,129,10,256.0,0.0
4,20,2100,60,37,1,75,11,206.0,207.04520456822075
4,20,1600,60,42,1,13,1,14.0,20.944671811925197
6,20,2000,60,43,0,73,5,74.0,0.0
3,20,2700,60,44,0,145,9,246.0,0.0
8,20,2900,60,45,0,103,11,294.0,0.0
3,20,1600,60,47,1,51,3,78.0,50.35676358674889
4,20,2600,60,49,0,51,6,180.0,0.0
4,20,2900,55,36,1,81,17,230.0,243.29273487657017
10,20,3000,55,41,1,113,12,364.0,298.15537309080764
7,20,1900,55,43,1,33,2,60.0,10.316530554223156
10,20,1500,60,46,1,5,1,6.0,9.0
5,20,2800,55,37,0,159,13,306.0,0.0
6,20,2700,60,47,0,143,12,392.0,0.0
6,20,1900,55,39,0,93,10,180.0,0.0
10,20,1600,55,36,0,29,6,88.0,0.0
5,20,2100,55,37,0,31,1,32.0,0.0
7,20,2100,55,42,0,41,4,126.0,0.0
10,20,2000,55,45,0,77,5,78.0,0.0
10,20,2400,55,46,1,75,8,206.0,89.83285568018228
10,20,3000,55,49,1,57,9,308.0,133.82325505457484
9,20,2500,55,49,1,49,4,90.0,36.99467652631132
4,20,2600,55,42,0,147,10,300.0,0.0
7,20,2400,55,41,1,111,9,184.0,143.44690915091977
10,20,2100,55,39,1,33,3,58.0,50.01796438642419
3,20,2100,55,41,0,57,3,92.0,0.0
3,20,2500,55,48,0,97,6,148.0,0.0
6,20,2000,55,50,1,73,4,140.0,109.95972042197995
10,20,2400,55,50,1,41,4,104.0,58.43819797880656
5,20,2600,55,35,1,115,15,360.0,198.18634937584986
8,20,1600,55,36,0,29,6,92.0,0.0
3,20,2300,55,37,1,175,11,260.0,122.01808004457001
9,20,3000,55,46,0,59,11,302.0,0.0
5,20,1900,55,44,0,59,5,94.0,0.0
4,20,2500,55,41,0,135,10,352.0,0.0
10,20,3000,55,49,1,59,6,242.0,95.82713524500572
4,20,2700,55,39,1,105,16,338.0,302.10401144901385
7,20,2600,55,43,0,85,12,348.0,0.0
4,20,1700,55,45,0,87,5,116.0,0.0
4,20,2300,55,46,1,39,4,76.0,84.70194016166072
6,20,1800,55,47,0,3,1,4.0,0.0
8,20,2100,55,48,1,41,5,122.0,172.15456928104905
4,20,1700,55,49,0,67,3,68.0,0.0
8,20,3000,55,48,1,87,11,310.0,328.88365355547717
4,20,2000,55,47,1,31,3,84.0,55.39138290501265
9,20,2600,55,37,0,51,13,350.0,0.0
7,20,2100,55,43,0,71,5,114.0,0.0
3,20,1700,55,44,1,41,6,72.0,84.69429634727408
4,20,1700,55,43,0,55,7,110.0,0.0
10,20,2900,55,36,1,101,13,398.0,133.61182342886087
6,20,2500,55,45,1,115,9,262.0,77.08057995829444
6,20,1500,55,44,0,107,4,108.0,0.0
10,20,2900,55,45,1,89,14,362.0,282.9002153823664
9,20,2600,55,43,0,101,10,328.0,0.0
3,20,2500,55,45,1,159,9,208.0,114.9435553965138
6,20,2000,55,40,1,55,6,158.0,56.34810756329664
9,20,2400,55,37,1,47,13,288.0,103.04855424309888
6,20,3000,55,38,0,109,17,458.0,0.0
6,20,2200,55,50,0,87,4,130.0,0.0
6,20,1500,55,50,0,23,2,40.0,0.0
10,20,2500,55,36,1,97,13,344.0,247.35437058883576
10,20,2700,55,42,1,103,10,368.0,92.94565167554792
8,20,2500,55,37,1,49,9,224.0,174.6415285175293
4,20,1900,55,44,0,69,6,148.0,0.0
8,20,2100,55,45,0,67,5,176.0,0.0
8,20,2000,55,46,1,65,7,102.0,78.15059311993294
10,20,2200,55,47,0,129,5,190.0,0.0
9,20,1600,55,48,0,71,3,72.0,0.0
9,20,1800,55,35,0,33,3,80.0,0.0
10,20,2300,55,36,1,45,11,244.0,157.85140515026663
4,20,1500,55,47,1,27,3,42.0,52.64887946896659
8,20,2300,55,37,1,75,12,268.0,164.33301286357303
7,20,2100,55,37,1,155,14,334.0,173.24611672150237
5,20,2700,55,48,0,103,4,198.0,0.0
3,20,2700,55,47,0,83,8,172.0,0.0
9,20,2600,55,43,0,203,12,442.0,0.0
6,20,2900,55,36,1,111,17,434.0,224.08862819861028
8,20,2400,55,42,1,79,8,236.0,146.22535983415924
6,20,1500,55,35,0,23,2,26.0,0.0
8,20,2600,55,36,1,95,10,328.0,152.92488681267668
4,20,2300,55,50,0,165,7,250.0,0.0
7,20,2000,55,47,1,63,5,100.0,103.92871633433526
4,20,2600,55,48,0,91,6,182.0,0.0
8,20,2700,55,42,0,45,7,194.0,0.0
3,20,2800,55,36,1,125,18,348.0,314.46330507669904
10,20,2900,55,36,0,99,17,432.0,0.0
8,20,1600,55,44,1,31,4,68.0,127.03702153385552
8,20,2900,55,49,0,57,10,222.0,0.0
4,20,2400,55,46,1,87,9,194.0,61.08714744425566
7,20,1600,55,43,0,31,3,32.0,0.0
5,20,2200,55,39,1,49,4,74.0,107.81571404380217
8,20,2600,55,39,1,135,12,366.0,369.0757138486082
10,20,1500,55,46,1,23,1,24.0,20.28607571913531
5,20,3000,55,50,0,71,4,120.0,0.0
4,20,2700,55,50,0,87,7,192.0,0.0
3,20,2400,55,46,0,119,9,204.0,0.0
7,20,2600,55,44,1,99,15,372.0,405.1616405162899
3,20,2400,55,46,0,69,5,112.0,0.0
6,20,3000,55,39,1,95,17,470.0,451.4843170551431
8,20,2700,55,39,0,101,13,352.0,0.0
3,20,1500,55,41,1,17,2,18.0,34.28998789805567
5,20,2000,55,42,0,69,9,170.0,0.0
3,20,2600,55,40,1,103,13,298.0,212.04271033519103
9,20,1800,55,48,0,69,2,70.0,0.0
10,20,2200,55,48,1,33,3,90.0,68.64394326603085
5,20,1900,55,36,0,65,6,136.0,0.0
6,20,1800,55,36,0,53,4,88.0,0.0
10,20,2200,55,40,1,43,7,196.0,54.53073638351721
8,20,2100,50,46,0,37,4,104.0,0.0
9,20,1800,55,45,0,67,3,68.0,0.0
10,20,2000,50,43,1,37,4,72.0,81.38556733375762
4,20,2500,55,44,1,43,6,144.0,198.70651073889624
7,20,2100,50,37,1,73,9,234.0,99.59977802875419
5,20,2400,50,35,1,95,10,292.0,148.83867223613763
7,20,2100,50,37,1,39,5,82.0,92.3185375033905
7,20,1800,50,37,0,35,4,92.0,0.0
6,20,2700,50,40,0,53,9,212.0,0.0
5,20,2200,50,43,0,39,4,118.0,0.0
6,20,1800,50,49,1,21,1,22.0,14.43159109681827
5,20,3000,50,49,0,127,9,286.0,0.0
8,20,2600,50,35,0,75,13,250.0,0.0
9,20,1700,50,35,0,63,10,166.0,0.0
6,20,2300,50,47,0,89,5,122.0,0.0
5,20,1500,50,46,1,27,2,44.0,29.841620523286995
7,20,2700,50,48,1,99,10,256.0,253.919318413575
6,20,2500,50,45,1,75,6,126.0,174.64392009768218
7,20,2600,50,42,1,67,12,228.0,244.47502986441881
3,20,2000,50,36,0,65,2,66.0,0.0
4,20,1700,50,42,0,55,4,110.0,0.0
3,20,1700,50,45,1,17,1,18.0,25.950448211075646
7,20,1600,50,45,0,47,3,52.0,0.0
6,20,2200,50,49,1,89,5,128.0,31.007781769520186
4,20,2900,50,48,1,91,9,230.0,233.37555265323775
7,20,2900,50,50,0,163,5,228.0,0.0
8,20,2400,50,35,1,87,9,254.0,148.25971392738393
9,20,1600,50,37,1,45,4,84.0,72.2494820496387
10,20,1500,50,37,0,45,6,100.0,0.0
6,20,2500,50,41,1,93,9,238.0,193.04342817091597
6,20,1700,50,44,0,65,5,100.0,0.0
6,20,2200,50,45,1,35,3,36.0,52.166530122368904
9,20,2400,50,50,0,47,6,152.0,0.0
9,20,2800,50,42,0,53,9,286.0,0.0
9,20,2400,50,43,0,83,10,264.0,0.0
8,20,1900,50,42,1,37,6,136.0,117.56668484868712
6,20,2800,50,42,1,107,16,448.0,274.49559938185035
4,20,2100,50,45,1,31,3,80.0,73.80961479155745
6,20,2100,50,46,0,103,4,140.0,0.0
10,20,1900,50,50,0,63,4,124.0,0.0
10,20,2500,50,36,1,61,14,240.0,162.21924492306982
3,20,1800,50,37,0,67,6,132.0,0.0
3,20,2800,50,39,0,145,12,252.0,0.0
10,20,2800,50,42,1,79,14,280.0,258.3860993895119
6,20,1800,50,45,1,33,1,34.0,37.659572549212974
5,20,2800,50,46,1,73,6,130.0,112.74827243972445
6,20,2100,50,49,0,39,1,40.0,0.0
5,20,3000,50,39,0,205,9,340.0,0.0
9,20,2400,50,39,1,45,7,204.0,168.35102789164046
6,20,2300,50,49,0,89,4,90.0,0.0
6,20,2900,50,46,1,99,9,250.0,150.02005931890517
5,20,2000,50,37,1,57,5,98.0,82.89008974510989
9,20,2300,50,39,1,57,5,136.0,142.97265315554327
10,20,1500,50,49,0,29,1,30.0,0.0
3,20,2300,50,48,1,75,5,150.0,170.17408887067202
7,20,2200,50,46,0,85,6,128.0,0.0
5,20,2000,50,48,0,63,5,92.0,0.0
10,20,2800,50,43,0,103,11,312.0,0.0
4,20,2800,50,42,1,145,13,332.0,200.9407189875032
5,20,2100,50,39,0,41,4,104.0,0.0
5,20,1500,50,35,1,79,4,80.0,46.12919868886389
9,20,2000,50,38,0,37,4,54.0,0.0
6,20,1700,50,40,0,45,4,80.0,0.0
6,20,2000,50,43,1,111,6,152.0,82.85240540471675
10,20,2700,50,46,1,71,8,250.0,97.23685258450425
3,20,2700,50,40,0,175,12,324.0,0.0
7,20,2600,50,36,0,101,12,370.0,0.0
5,20,2100,50,37,1,93,5,160.0,50.294611411663816
3,20,2400,50,35,1,87,14,208.0,193.89432047218773
4,20,1500,50,38,0,27,5,66.0,0.0
4,20,2300,50,46,0,85,6,132.0,0.0
5,20,2200,50,45,1,45,5,132.0,106.0328681620067
4,20,2400,50,44,1,99,9,214.0,253.43284253668963
5,20,2300,50,39,1,197,13,322.0,352.87480916213417
7,20,1900,50,40,0,23,2,30.0,0.0
8,20,1700,50,43,1,39,3,72.0,8.58428147361916
8,20,2100,50,39,0,39,3,62.0,0.0
5,20,1700,50,47,0,29,1,30.0,0.0
3,20,2100,50,48,1,37,2,38.0,51.256140275247176
7,20,2700,50,48,0,53,7,248.0,0.0
9,20,2600,50,35,1,89,11,296.0,209.52540108269002
6,20,1700,50,36,0,57,6,108.0,0.0
3,20,2100,50,38,0,73,3,104.0,0.0
9,20,2800,50,41,1,67,10,168.0,190.24841316426517
10,20,1700,50,38,1,43,10,176.0,105.99927637757199
3,20,3000,50,43,1,215,10,334.0,185.6750590172883
4,20,2100,50,43,0,73,6,168.0,0.0
3,20,2600,50,48,0,233,8,274.0,0.0
5,20,2100,50,37,1,91,9,168.0,129.7049600402178
8,20,2000,50,36,1,39,9,172.0,101.26744928641006
3,20,2400,50,40,1,77,10,154.0,165.64953018580528
9,20,1500,50,42,0,23,1,24.0,0.0
10,20,2400,50,42,1,81,8,206.0,158.9323807618505
5,20,2300,50,43,0,85,4,160.0,0.0
4,20,2800,50,43,0,103,11,346.0,0.0
7,20,3000,50,50,0,59,10,300.0,0.0
4,20,2600,50,36,1,97,7,140.0,63.958829889107996
9,20,2600,50,37,1,53,9,250.0,203.95400909265499
4,20,2600,50,40,0,149,10,298.0,0.0
6,20,2000,50,43,0,61,6,92.0,0.0
3,20,2600,50,44,1,49,5,122.0,116.71415293330969
4,20,2700,50,49,0,81,8,162.0,0.0
