num_evs,num_tasks,ev_range,maze_loop_percentage,maze_size,bms,timesteps,num_tasks_finished,ev_distance,drone_distance
9,40,3000,65,35,1,109,37,598.0,584.6524734651118
9,40,3000,65,37,1,219,36,694.0,468.43316612777664
9,40,3000,60,43,1,77,25,482.0,507.55902631638867
9,40,3000,70,40,0,231,30,812.0,0.0
9,40,3000,75,41,1,177,31,574.0,586.9503015743164
9,40,3000,60,43,0,119,16,558.0,0.0
9,40,3000,90,47,0,177,32,872.0,0.0
9,40,3000,60,39,0,111,28,634.0,0.0
9,40,3000,75,37,1,117,40,650.0,646.2243262249369
9,40,3000,65,35,0,209,35,864.0,0.0
9,40,3000,65,39,1,163,33,810.0,717.9107675638329
9,40,3000,65,41,0,195,29,770.0,0.0
9,40,3000,70,48,1,117,27,606.0,654.7718202493842
9,40,3000,60,48,0,217,20,586.0,0.0
9,40,3000,60,35,0,219,29,646.0,0.0
9,40,3000,90,42,0,165,30,952.0,0.0
9,40,3000,65,46,1,165,27,582.0,493.0482143069085
9,40,3000,75,42,0,111,35,706.0,0.0
9,40,3000,75,47,1,111,26,580.0,496.4024199291101
9,40,3000,75,38,0,115,36,708.0,0.0
9,40,3000,85,50,1,89,22,422.0,553.9749865685844
9,40,3000,75,45,1,165,34,642.0,771.1743064462693
9,40,3000,80,48,0,149,23,626.0,0.0
9,40,3000,75,39,1,115,33,612.0,565.982874921899
9,40,3000,90,48,1,125,30,502.0,575.2301945275392
9,40,3000,90,38,1,105,35,614.0,495.67390120900717
9,40,3000,60,47,0,167,27,752.0,0.0
9,40,3000,60,40,0,159,28,836.0,0.0
9,40,3000,85,48,1,163,34,902.0,902.1924119910017
9,40,3000,75,48,0,167,24,670.0,0.0
9,40,3000,60,47,0,211,23,618.0,0.0
9,40,3000,60,48,1,91,19,344.0,366.3276682822388
9,40,3000,80,38,0,171,35,734.0,0.0
9,40,3000,60,45,1,117,20,540.0,424.2784620467672
9,40,3000,65,42,0,161,23,604.0,0.0
9,40,3000,65,41,1,103,32,558.0,587.1520698373594
9,40,3000,65,47,1,115,19,356.0,345.5141779499559
9,40,3000,90,39,0,163,31,892.0,0.0
9,40,3000,85,48,1,165,29,658.0,652.4237515307549
9,40,2900,60,42,1,87,29,424.0,440.03203769664634
9,40,3000,75,49,0,99,18,508.0,0.0
9,40,2900,70,37,1,137,34,592.0,590.8598193340613
9,40,2900,85,43,1,111,30,518.0,576.3569559277679
9,40,2900,70,42,1,147,34,644.0,546.7663977409214
9,40,2900,70,49,0,143,17,384.0,0.0
9,40,2900,85,49,0,111,20,494.0,0.0
9,40,2900,90,49,0,109,23,506.0,0.0
9,40,2900,90,49,0,171,21,698.0,0.0
9,40,2900,70,38,1,89,39,592.0,684.9685835886389
9,40,2900,70,41,0,163,31,826.0,0.0
9,40,2900,70,41,0,169,34,806.0,0.0
9,40,2900,70,44,0,165,27,802.0,0.0
9,40,2900,90,42,1,115,35,684.0,692.010958733343
9,40,2900,75,46,1,131,24,414.0,365.7075004109446
9,40,2900,65,36,0,207,39,890.0,0.0
9,40,2900,60,35,1,169,38,702.0,620.3594211374635
9,40,2900,90,47,1,133,33,588.0,561.9744376630368
9,40,2900,60,39,0,145,34,674.0,0.0
9,40,2900,90,39,1,99,35,466.0,635.5773255691266
9,40,2900,80,38,0,115,37,678.0,0.0
9,40,2900,60,38,1,285,35,758.0,745.1956091279859
9,40,2900,90,37,1,97,36,448.0,699.047121319129
9,40,2900,85,45,0,211,32,804.0,0.0
9,40,2900,75,43,1,159,29,682.0,532.1845133646345
9,40,2900,80,39,0,151,30,664.0,0.0
9,40,2900,90,37,0,169,38,768.0,0.0
9,40,2900,60,49,0,147,19,504.0,0.0
9,40,2900,85,44,1,81,33,516.0,561.9314640212707
9,40,2900,65,48,1,131,19,412.0,443.62478909397555
9,40,2900,60,39,0,151,32,796.0,0.0
9,40,2900,90,38,1,91,39,562.0,485.46256126158886
9,40,2900,85,47,0,171,28,822.0,0.0
9,40,2900,90,35,1,69,38,452.0,484.9110870638334
9,40,2900,60,44,0,115,16,492.0,0.0
9,40,2900,75,50,1,77,20,352.0,557.5278628392072
9,40,2900,60,43,0,163,23,594.0,0.0
9,40,2900,90,35,0,205,35,776.0,0.0
9,40,2900,85,36,1,113,37,632.0,537.2766239929317
9,40,2900,60,41,0,149,27,706.0,0.0
9,40,2800,65,40,0,151,24,616.0,0.0
9,40,2800,65,43,1,163,31,660.0,467.50172447800935
9,40,2800,90,36,1,103,38,606.0,618.3564186973273
9,40,2900,70,45,1,161,26,626.0,726.1593292678183
9,40,2800,70,35,0,145,38,672.0,0.0
9,40,2800,70,37,0,107,30,666.0,0.0
9,40,2800,90,37,1,145,39,748.0,656.7883516347413
9,40,2800,80,40,1,95,29,438.0,451.1990747757544
9,40,2800,75,41,0,263,28,748.0,0.0
9,40,2800,60,45,1,157,26,618.0,557.4316153648377
9,40,2800,75,46,0,159,23,536.0,0.0
9,40,2800,65,38,0,245,28,820.0,0.0
9,40,2800,60,37,1,105,28,568.0,467.25733940104885
9,40,2800,65,44,1,159,23,548.0,356.4490588766703
9,40,2800,65,40,1,103,25,534.0,480.355559982396
9,40,2800,75,48,1,167,26,736.0,708.1865401415238
9,40,2800,60,45,0,143,17,440.0,0.0
9,40,2800,60,47,0,109,21,504.0,0.0
9,40,2800,80,40,0,103,29,590.0,0.0
9,40,2800,85,42,1,159,26,560.0,460.7844797555906
9,40,2800,80,44,0,205,32,726.0,0.0
9,40,2800,75,42,1,83,30,392.0,528.7894551824423
9,40,2800,60,44,0,255,26,692.0,0.0
9,40,2800,65,41,0,155,23,698.0,0.0
9,40,2800,65,44,1,151,34,520.0,718.6726876033634
9,40,2800,70,37,1,161,33,714.0,559.1056534028961
9,40,2800,75,39,0,127,28,618.0,0.0
9,40,2800,70,37,1,151,32,572.0,600.3883767291692
9,40,2800,70,37,1,209,33,668.0,575.8918985958603
9,40,2800,70,46,0,199,23,584.0,0.0
9,40,2800,60,42,0,203,22,624.0,0.0
9,40,2800,60,46,1,129,25,462.0,294.8058530450495
9,40,2800,75,39,0,157,23,452.0,0.0
9,40,2800,60,37,0,153,31,596.0,0.0
9,40,2800,70,35,1,157,34,700.0,511.9552281041897
9,40,2800,60,35,0,155,32,796.0,0.0
9,40,2800,60,49,1,105,18,428.0,327.8259106261312
9,40,2800,60,43,0,207,24,596.0,0.0
9,40,2800,90,46,1,89,24,466.0,345.374021582536
9,40,2800,60,49,1,115,18,328.0,267.50220826650457
9,40,2800,85,49,0,109,19,584.0,0.0
9,40,2700,75,48,1,135,21,532.0,495.13475547600274
9,40,2700,80,42,0,153,24,656.0,0.0
9,40,2700,75,43,0,145,27,578.0,0.0
9,40,2700,80,50,1,151,24,550.0,556.0045146327416
9,40,2700,80,45,0,93,17,464.0,0.0
9,40,2700,65,44,1,145,26,586.0,639.8247617592142
9,40,2700,60,46,0,53,15,332.0,0.0
9,40,2700,85,48,1,199,25,600.0,606.3288408739598
9,40,2700,70,46,1,95,21,554.0,382.5350042240548
9,40,2700,75,50,0,131,13,320.0,0.0
9,40,2700,80,40,1,103,30,554.0,460.334077737058
9,40,2700,60,40,1,101,29,554.0,504.07604363388276
9,40,2700,80,48,0,105,18,526.0,0.0
9,40,2700,85,45,0,151,26,642.0,0.0
9,40,2700,65,37,0,103,29,536.0,0.0
9,40,2700,75,48,1,105,20,432.0,560.7265226037474
9,40,2700,85,48,0,143,22,524.0,0.0
9,40,2700,85,45,1,153,32,668.0,668.8738306553201
9,40,2700,90,41,1,133,28,684.0,516.370373097603
9,40,2700,75,43,0,159,22,568.0,0.0
9,40,2700,70,40,1,103,32,620.0,624.3424589530991
9,40,2700,70,47,1,103,23,536.0,282.59543287730537
9,40,2700,70,48,0,137,16,410.0,0.0
9,40,2700,65,43,1,125,27,436.0,533.1009838385753
9,40,2700,80,44,0,107,21,554.0,0.0
9,40,2700,70,40,0,153,25,630.0,0.0
9,40,2700,70,40,0,143,23,596.0,0.0
9,40,2700,70,36,0,155,32,702.0,0.0
9,40,2700,85,38,1,151,36,616.0,584.0958873381752
9,40,2700,80,42,1,119,28,442.0,525.6571748320442
9,40,2700,80,47,1,133,24,434.0,387.8139924989888
9,40,2700,75,40,0,157,30,800.0,0.0
9,40,2700,85,43,1,103,30,554.0,627.979648495758
9,40,2700,75,38,1,149,35,658.0,574.6243452479698
9,40,2700,60,38,0,255,29,908.0,0.0
9,40,2700,60,43,1,105,19,376.0,305.5061501875816
9,40,2700,70,41,0,105,24,540.0,0.0
9,40,2700,90,42,0,139,24,550.0,0.0
9,40,2700,70,46,0,161,29,706.0,0.0
9,40,2600,65,36,0,151,32,640.0,0.0
9,40,2600,90,36,1,71,30,376.0,359.5633908289388
9,40,2600,90,36,0,145,32,766.0,0.0
9,40,2600,90,37,1,125,34,530.0,526.6122871736135
9,40,2700,90,50,1,105,21,378.0,429.6138364476176
9,40,2600,65,42,0,97,19,416.0,0.0
9,40,2600,90,45,1,139,24,514.0,433.96654445307684
9,40,2600,70,43,1,101,24,436.0,441.61027095358713
9,40,2600,75,38,1,95,33,470.0,457.8993356585346
9,40,2600,85,40,0,147,26,536.0,0.0
9,40,2600,75,48,0,143,20,528.0,0.0
9,40,2600,85,48,1,107,23,366.0,420.23663770741643
9,40,2600,90,48,0,89,20,418.0,0.0
9,40,2600,75,50,1,127,16,326.0,399.723272966696
9,40,2600,85,44,0,101,21,512.0,0.0
9,40,2600,60,35,0,153,30,742.0,0.0
9,40,2600,90,42,1,89,33,490.0,475.40475758170174
9,40,2600,90,39,1,97,31,430.0,625.6896150261956
9,40,2600,90,46,0,145,22,556.0,0.0
9,40,2600,60,37,1,95,24,390.0,438.5901755206764
9,40,2600,60,49,1,79,18,292.0,209.97657632380475
9,40,2600,80,48,0,187,22,548.0,0.0
9,40,2600,60,35,0,95,26,592.0,0.0
9,40,2600,90,35,0,97,33,618.0,0.0
9,40,2600,90,38,1,99,32,536.0,494.68409749716994
9,40,2600,80,47,1,91,23,458.0,396.88396205917616
9,40,2600,65,46,0,119,15,342.0,0.0
9,40,2600,65,48,0,207,21,472.0,0.0
9,40,2600,75,49,1,99,18,356.0,262.000458015208
9,40,2600,90,36,1,73,40,470.0,529.0951441258193
9,40,2600,90,37,0,145,27,594.0,0.0
9,40,2600,80,36,0,133,30,726.0,0.0
9,40,2600,75,38,0,135,26,548.0,0.0
9,40,2600,85,40,1,95,29,442.0,435.76220681593645
9,40,2600,80,42,1,143,26,538.0,409.71164205520387
9,40,2600,90,43,1,115,25,532.0,617.6937030363674
9,40,2600,85,35,0,147,36,734.0,0.0
9,40,2600,75,41,0,145,24,550.0,0.0
9,40,2600,80,39,0,141,26,558.0,0.0
9,40,2600,60,46,1,83,19,418.0,268.84127384052437
9,40,2500,85,44,1,103,23,460.0,487.5565996638367
9,40,2600,80,47,1,95,24,492.0,417.5139797700585
9,40,2500,80,36,0,135,30,472.0,0.0
9,40,2500,75,44,0,139,21,508.0,0.0
9,40,2500,80,39,1,143,26,622.0,438.36228514666493
9,40,2500,60,40,1,87,22,412.0,247.84336807174793
9,40,2500,75,49,1,109,15,364.0,240.17132789928135
9,40,2500,85,47,0,135,16,458.0,0.0
9,40,2500,65,44,1,91,13,414.0,407.18563360057675
9,40,2500,85,36,1,139,31,490.0,407.99424867789975
9,40,2500,60,38,1,87,21,390.0,320.048959387908
9,40,2500,75,50,0,147,16,500.0,0.0
9,40,2500,90,43,0,127,20,464.0,0.0
9,40,2500,90,41,1,141,20,466.0,409.6295618654612
9,40,2500,80,50,0,145,13,406.0,0.0
9,40,2500,90,38,1,93,24,442.0,378.7435197611027
9,40,2500,90,42,0,95,21,400.0,0.0
9,40,2500,70,50,0,87,9,218.0,0.0
9,40,2500,60,43,1,135,19,498.0,327.4142999869823
9,40,2500,65,44,0,125,15,408.0,0.0
9,40,2500,80,43,0,127,19,514.0,0.0
9,40,2500,60,37,0,139,27,522.0,0.0
9,40,2500,75,40,1,81,29,466.0,442.6437995817664
9,40,2500,90,45,1,111,23,382.0,501.93501644335424
9,40,2500,90,38,0,95,25,542.0,0.0
9,40,2500,65,41,0,133,26,502.0,0.0
9,40,2500,65,35,1,97,33,460.0,573.4122995965903
9,40,2500,65,44,1,99,18,374.0,460.75676457977477
9,40,2500,90,38,1,139,35,520.0,533.8670905607349
9,40,2500,75,36,0,145,29,568.0,0.0
9,40,2500,85,37,0,141,30,562.0,0.0
9,40,2500,80,41,0,139,24,428.0,0.0
9,40,2500,60,40,1,103,26,446.0,369.83648218213347
9,40,2500,60,45,1,99,16,268.0,333.9128310288412
9,40,2500,85,42,0,185,28,528.0,0.0
9,40,2500,80,39,1,143,34,704.0,678.4503472704573
9,40,2500,75,47,0,97,15,408.0,0.0
9,40,2500,65,44,1,71,12,208.0,249.88263743999246
9,40,2500,85,43,0,191,23,484.0,0.0
9,40,2500,90,45,1,91,28,392.0,691.5962506162471
9,40,2500,80,46,0,143,19,410.0,0.0
9,40,2400,90,47,1,71,24,370.0,439.3631757286102
9,40,2400,65,47,0,87,10,308.0,0.0
9,40,2400,80,46,1,79,14,148.0,151.8664239637282
9,40,2400,70,49,0,129,13,316.0,0.0
9,40,2400,85,44,1,63,16,268.0,394.0290141155578
9,40,2400,80,46,0,85,23,444.0,0.0
9,40,2400,60,35,1,107,23,398.0,355.1179907160723
9,40,2400,75,45,0,89,17,382.0,0.0
9,40,2400,90,43,0,127,25,604.0,0.0
9,40,2400,90,50,1,97,11,226.0,224.00625843496408
9,40,2400,75,40,1,117,32,548.0,481.8664774772926
9,40,2400,80,50,1,73,14,300.0,272.0748149705372
9,40,2400,80,48,0,119,20,510.0,0.0
9,40,2400,60,36,1,89,31,568.0,425.7971115295071
9,40,2400,70,41,0,95,27,576.0,0.0
9,40,2400,70,40,0,173,16,360.0,0.0
9,40,2400,85,48,1,107,20,426.0,519.7195838862455
9,40,2400,90,50,0,121,18,402.0,0.0
9,40,2400,75,38,1,91,22,408.0,455.63412802697235
9,40,2400,75,41,0,113,24,492.0,0.0
9,40,2400,80,46,0,83,12,290.0,0.0
9,40,2400,90,35,1,81,33,400.0,453.8685771450004
9,40,2400,70,39,0,115,20,382.0,0.0
9,40,2400,80,40,0,139,19,446.0,0.0
9,40,2400,65,37,1,91,23,418.0,505.90828800305866
9,40,2400,70,49,1,87,15,274.0,194.2995998183053
9,40,2400,75,47,1,87,15,310.0,208.7297683729791
9,40,2400,80,37,1,83,29,472.0,411.2990832728039
9,40,2400,85,35,0,221,27,526.0,0.0
9,40,2400,80,36,1,91,28,406.0,340.5278843149696
9,40,2400,90,47,0,93,12,234.0,0.0
9,40,2400,75,48,0,135,19,436.0,0.0
9,40,2400,65,43,1,137,14,350.0,269.077171996985
9,40,2400,70,42,1,63,22,276.0,408.2026868647339
9,40,2400,60,42,1,107,14,236.0,209.42863149576252
9,40,2400,85,43,0,165,21,528.0,0.0
9,40,2400,75,50,0,95,15,386.0,0.0
9,40,2400,75,40,0,119,26,554.0,0.0
9,40,2400,75,41,0,113,20,466.0,0.0
9,40,2400,70,42,1,83,14,390.0,232.61985363839665
9,40,2300,75,35,0,175,27,598.0,0.0
9,40,2300,60,49,1,75,11,206.0,154.7110731534434
9,40,2300,60,46,0,87,9,190.0,0.0
9,40,2300,60,44,1,91,15,254.0,414.7229781813045
9,40,2300,70,42,1,89,18,374.0,229.18728046634158
9,40,2300,80,44,0,45,11,250.0,0.0
9,40,2300,85,37,0,91,27,452.0,0.0
9,40,2300,70,43,1,97,13,346.0,232.13627115306133
9,40,2300,70,40,1,89,16,382.0,257.416839042136
9,40,2300,90,40,1,79,24,268.0,275.76428405016355
9,40,2300,70,38,0,131,25,466.0,0.0
9,40,2300,65,37,0,87,19,358.0,0.0
9,40,2300,60,41,1,95,16,262.0,316.26025595944
9,40,2300,60,42,1,167,18,364.0,300.51242873202034
9,40,2300,75,48,0,127,15,404.0,0.0
9,40,2300,60,39,0,109,17,460.0,0.0
9,40,2300,70,39,1,63,19,282.0,375.78563508055925
9,40,2300,65,42,0,121,17,294.0,0.0
9,40,2300,90,37,1,125,21,480.0,424.1985169525974
9,40,2300,80,50,0,123,15,282.0,0.0
9,40,2300,70,39,0,79,15,322.0,0.0
9,40,2300,75,44,0,119,19,416.0,0.0
9,40,2300,65,45,1,111,19,466.0,450.5822110587105
9,40,2300,65,50,1,89,11,234.0,188.91311522057222
9,40,2300,85,40,1,79,19,272.0,240.91084707286228
9,40,2300,60,37,0,127,28,600.0,0.0
9,40,2300,75,35,0,113,27,490.0,0.0
9,40,2300,90,43,0,91,17,344.0,0.0
9,40,2300,80,44,1,121,22,422.0,427.4039458050761
9,40,2300,70,47,1,71,12,168.0,187.77475947018442
9,40,2300,90,37,1,61,27,314.0,372.6693327724499
9,40,2300,75,44,0,77,18,308.0,0.0
9,40,2300,75,46,1,83,10,258.0,147.79127656758968
9,40,2300,85,42,0,127,21,462.0,0.0
9,40,2300,70,35,1,87,28,484.0,307.938090492703
9,40,2300,60,39,0,87,14,262.0,0.0
9,40,2300,75,38,1,101,28,436.0,450.90716199490646
9,40,2300,90,35,0,127,27,560.0,0.0
9,40,2300,80,39,0,85,25,394.0,0.0
9,40,2300,80,50,1,55,12,198.0,348.54225443814585
9,40,2200,65,41,0,115,18,396.0,0.0
9,40,2200,85,41,1,109,13,340.0,251.80431150948053
9,40,2200,75,44,0,161,19,346.0,0.0
9,40,2200,60,43,1,95,12,202.0,196.95939721587413
9,40,2200,85,49,1,87,21,374.0,240.5267919805053
9,40,2200,80,47,0,85,14,286.0,0.0
9,40,2200,70,44,1,83,18,282.0,434.3972059581925
9,40,2200,80,38,0,123,22,382.0,0.0
9,40,2200,80,43,0,161,17,438.0,0.0
9,40,2200,60,40,1,83,13,296.0,122.45813286716471
9,40,2200,60,42,1,61,11,158.0,212.64431610226688
9,40,2200,70,35,1,95,32,468.0,457.1950953513664
9,40,2200,65,46,1,87,11,198.0,116.72724298740167
9,40,2200,75,50,0,81,15,304.0,0.0
9,40,2200,65,43,0,81,11,286.0,0.0
9,40,2200,90,45,0,83,7,170.0,0.0
9,40,2200,70,42,0,101,12,272.0,0.0
9,40,2200,70,38,0,121,19,358.0,0.0
9,40,2200,75,38,1,85,21,358.0,298.4675316181798
9,40,2200,70,50,1,101,13,276.0,322.9147067750964
9,40,2200,75,36,0,123,18,442.0,0.0
9,40,2200,90,41,1,93,17,370.0,419.57599883351605
9,40,2200,90,44,1,71,11,108.0,180.26013697555223
9,40,2200,75,37,1,119,21,432.0,380.5579079071448
9,40,2200,60,37,0,63,13,346.0,0.0
9,40,2200,60,36,1,81,21,414.0,232.82957905705075
9,40,2200,85,48,0,87,15,286.0,0.0
9,40,2200,85,45,1,113,16,222.0,294.41046386035856
9,40,2200,85,48,0,169,13,406.0,0.0
9,40,2200,65,37,1,131,21,512.0,243.3302062106394
9,40,2200,75,47,0,121,8,200.0,0.0
9,40,2200,90,40,1,81,26,444.0,337.13582251338124
9,40,2200,70,38,1,119,19,410.0,273.15865887019737
9,40,2200,80,39,0,115,17,334.0,0.0
9,40,2200,80,45,0,87,14,268.0,0.0
9,40,2200,60,36,1,75,22,290.0,257.12177403211876
9,40,2200,70,44,0,73,9,220.0,0.0
9,40,2200,60,42,1,93,12,288.0,230.8795938412277
9,40,2100,85,41,1,65,22,216.0,431.94749684318646
9,40,2100,65,37,0,151,16,264.0,0.0
9,40,2200,70,47,0,79,7,118.0,0.0
9,40,2100,70,40,1,91,17,274.0,266.49370806022023
9,40,2200,75,49,0,79,10,222.0,0.0
9,40,2100,75,39,0,115,17,340.0,0.0
9,40,2100,65,44,1,77,10,270.0,312.57780382404604
9,40,2100,60,44,1,77,13,190.0,314.73116394527773
9,40,2100,70,47,0,119,14,272.0,0.0
9,40,2100,85,38,0,95,14,332.0,0.0
9,40,2100,70,35,0,161,19,498.0,0.0
9,40,2100,85,37,0,109,25,442.0,0.0
9,40,2100,70,38,1,81,9,264.0,159.76558265294008
9,40,2100,90,48,1,79,9,240.0,257.285256053617
9,40,2100,90,49,0,73,20,346.0,0.0
9,40,2100,75,45,1,75,14,286.0,335.10542232022664
9,40,2100,70,44,1,87,14,226.0,260.16233692925255
9,40,2100,80,41,0,75,20,372.0,0.0
9,40,2100,60,40,1,69,12,210.0,167.65782114008124
9,40,2100,65,42,0,73,9,184.0,0.0
9,40,2100,80,42,0,75,18,288.0,0.0
9,40,2100,60,35,1,121,24,448.0,280.775515575202
9,40,2100,75,46,1,95,21,334.0,257.98190445552564
9,40,2100,75,47,0,111,15,298.0,0.0
9,40,2100,85,48,1,73,15,328.0,383.6253421254218
9,40,2100,90,36,1,79,26,394.0,302.8076155979113
9,40,2100,70,38,0,155,20,428.0,0.0
9,40,2100,60,41,0,151,18,376.0,0.0
9,40,2100,65,44,1,95,14,220.0,300.57090999601945
9,40,2100,65,48,0,79,7,178.0,0.0
9,40,2100,75,47,1,71,13,214.0,264.59621048926874
9,40,2100,70,37,1,111,18,290.0,276.1733758204304
9,40,2100,65,50,0,107,9,216.0,0.0
9,40,2100,85,38,0,83,16,344.0,0.0
9,40,2100,85,43,0,121,16,374.0,0.0
9,40,2100,90,45,1,83,10,286.0,247.90936778066245
9,40,2100,70,45,1,83,12,228.0,313.22593419765286
9,40,2100,75,48,1,71,13,200.0,287.14449777045354
9,40,2100,80,47,0,75,10,262.0,0.0
9,40,2100,90,45,0,73,14,276.0,0.0
9,40,2100,60,41,1,91,20,298.0,366.6774598928538
9,40,2000,75,42,1,81,15,270.0,305.2168158779933
9,40,2000,65,45,1,75,10,166.0,236.62166887090413
9,40,2000,70,47,0,69,11,198.0,0.0
9,40,2100,90,48,0,113,13,342.0,0.0
9,40,2000,85,47,0,73,13,246.0,0.0
9,40,2000,65,39,0,95,11,224.0,0.0
9,40,2000,85,48,1,97,10,234.0,238.196493795342
9,40,2000,65,37,1,111,13,280.0,151.50410993844145
9,40,2000,70,41,0,75,15,344.0,0.0
9,40,2000,80,45,1,51,12,202.0,253.68653339537835
9,40,2000,90,35,0,143,23,450.0,0.0
9,40,2000,85,35,0,73,22,318.0,0.0
9,40,2000,80,39,1,75,23,294.0,434.7738923236108
9,40,2000,70,36,1,83,18,324.0,262.44511565297853
9,40,2000,90,38,1,93,21,374.0,349.11426646473507
9,40,2000,90,49,1,59,9,150.0,95.21264644804539
9,40,2000,75,50,0,109,7,184.0,0.0
9,40,2000,80,50,0,57,6,154.0,0.0
9,40,2000,65,44,0,55,8,150.0,0.0
9,40,2000,60,38,0,75,17,284.0,0.0
9,40,2000,80,40,0,75,12,276.0,0.0
9,40,2000,75,42,1,107,13,298.0,200.95645261354636
9,40,2000,85,48,1,61,15,226.0,393.07378317372485
9,40,2000,90,41,0,73,13,184.0,0.0
9,40,2000,60,40,1,119,18,296.0,250.388222799363
9,40,2000,60,50,1,113,7,204.0,258.1196510871583
9,40,2000,70,36,0,73,21,364.0,0.0
9,40,2000,75,39,0,113,19,390.0,0.0
9,40,2000,60,46,1,97,6,146.0,64.75750009165284
9,40,2000,80,49,0,37,7,198.0,0.0
9,40,2000,75,42,1,67,15,206.0,285.17082791146885
9,40,2000,90,46,1,75,17,270.0,286.5419526032422
9,40,2000,75,46,0,117,11,302.0,0.0
9,40,2000,70,36,0,149,19,442.0,0.0
9,40,2000,80,37,1,69,23,310.0,364.7969785893665
9,40,2000,85,43,1,43,10,160.0,168.58555066334884
9,40,2000,60,42,0,107,14,332.0,0.0
9,40,2000,70,45,0,77,15,318.0,0.0
9,40,2000,60,47,1,69,9,204.0,134.83472619345196
9,40,2000,70,44,1,83,14,226.0,237.89702843726437
9,40,1900,70,36,0,107,19,354.0,0.0
9,40,1900,75,36,1,61,19,254.0,220.98080302501182
9,40,1900,75,38,1,87,15,262.0,188.01562158592046
9,40,2000,90,41,0,59,9,192.0,0.0
9,40,1900,65,39,0,75,15,244.0,0.0
9,40,1900,75,42,1,71,13,172.0,188.8201912655681
9,40,1900,75,38,1,61,15,258.0,207.95318216407543
9,40,1900,90,41,0,105,15,334.0,0.0
9,40,1900,60,42,0,77,11,186.0,0.0
9,40,1900,60,48,0,103,15,268.0,0.0
9,40,1900,60,44,1,65,11,180.0,293.81503158427705
9,40,1900,75,39,1,159,18,370.0,406.68914066097705
9,40,1900,85,48,1,75,10,174.0,203.55979678267863
9,40,1900,75,50,0,37,7,148.0,0.0
9,40,1900,60,38,0,65,4,102.0,0.0
9,40,1900,60,37,0,69,15,242.0,0.0
9,40,1900,80,42,1,93,10,220.0,163.29212559177444
9,40,1900,85,43,1,41,5,80.0,88.77936964952376
9,40,1900,70,46,0,55,5,94.0,0.0
9,40,1900,65,39,0,105,20,376.0,0.0
9,40,1900,75,35,0,135,22,418.0,0.0
9,40,1900,85,38,0,97,17,278.0,0.0
9,40,1900,75,42,1,69,13,248.0,194.10735507174235
9,40,1900,70,45,0,69,10,164.0,0.0
9,40,1900,65,45,1,81,7,146.0,106.35491459635816
9,40,1900,85,49,1,37,6,94.0,99.45698017024253
9,40,1900,80,50,1,109,12,272.0,314.48016594948746
9,40,1900,90,36,0,75,21,362.0,0.0
9,40,1900,65,37,0,181,15,364.0,0.0
9,40,1900,70,36,1,67,14,250.0,225.09415957449417
9,40,1900,65,40,1,75,12,254.0,170.9641413248024
9,40,1900,85,43,0,71,11,232.0,0.0
9,40,1900,85,44,1,51,12,158.0,271.5001944847783
9,40,1900,80,45,1,71,11,178.0,210.71429177144333
9,40,1900,70,42,0,105,9,252.0,0.0
9,40,1900,60,35,1,69,19,254.0,233.78854224982325
9,40,1900,60,38,1,57,7,140.0,94.19375269467778
9,40,1900,75,47,0,71,9,214.0,0.0
9,40,1900,60,49,0,91,7,118.0,0.0
9,40,1900,85,47,1,71,15,270.0,243.72237172055094
9,40,1900,80,49,0,103,9,244.0,0.0
9,40,1800,70,43,0,67,4,126.0,0.0
9,40,1800,65,49,1,49,7,120.0,64.78992641354783
9,40,1800,75,40,1,47,10,150.0,136.91056889372152
9,40,1800,85,41,0,97,11,204.0,0.0
9,40,1800,65,44,0,93,10,250.0,0.0
9,40,1800,85,41,0,101,12,232.0,0.0
9,40,1800,75,47,1,51,8,116.0,107.23324518206906
9,40,1800,85,37,1,67,19,270.0,320.27315471279826
9,40,1800,65,37,1,81,18,208.0,176.48490252177646
9,40,1800,85,39,0,99,16,260.0,0.0
9,40,1800,75,50,1,73,11,206.0,250.4127121854985
9,40,1800,75,38,1,135,14,312.0,159.06925970099033
9,40,1800,80,39,0,67,14,262.0,0.0
9,40,1800,75,45,0,99,14,236.0,0.0
9,40,1800,80,43,0,57,6,120.0,0.0
9,40,1800,75,41,0,69,14,264.0,0.0
9,40,1800,75,36,1,69,17,276.0,126.49458974820227
9,40,1800,70,36,1,67,21,254.0,154.8608942535262
9,40,1800,75,44,1,81,9,82.0,134.37894535159975
9,40,1800,90,50,1,101,8,152.0,188.5551810833312
9,40,1800,70,35,0,101,16,328.0,0.0
9,40,1800,60,47,0,93,12,188.0,0.0
9,40,1800,65,37,0,103,18,352.0,0.0
9,40,1800,65,44,1,99,9,136.0,124.36159044910609
9,40,1800,90,43,0,105,13,298.0,0.0
9,40,1800,85,41,0,69,11,204.0,0.0
9,40,1800,70,48,1,37,5,106.0,92.04935965286433
9,40,1800,90,50,1,69,7,220.0,189.6343185845609
9,40,1800,65,36,0,83,15,284.0,0.0
9,40,1800,60,37,1,59,13,158.0,163.06453082180892
9,40,1800,70,36,1,69,13,236.0,110.56181408025931
9,40,1800,85,49,1,77,7,98.0,84.49060963344301
9,40,1800,85,50,0,67,9,132.0,0.0
9,40,1800,85,49,0,95,9,242.0,0.0
9,40,1800,75,35,0,97,17,266.0,0.0
9,40,1800,70,36,0,99,15,218.0,0.0
9,40,1800,75,41,1,67,9,236.0,147.64835884327385
9,40,1800,60,49,0,29,3,56.0,0.0
9,40,1800,90,50,1,47,4,48.0,62.525898504764776
9,40,1700,65,36,1,55,13,164.0,93.18548480138192
9,40,1800,85,46,1,39,7,102.0,86.39257855836175
9,40,1700,75,41,0,95,13,214.0,0.0
9,40,1700,75,44,0,59,5,86.0,0.0
9,40,1700,60,39,0,61,7,152.0,0.0
9,40,1700,60,43,1,29,1,30.0,25.518359408819464
9,40,1700,75,44,1,95,9,172.0,243.35384724023953
9,40,1700,85,44,0,67,13,222.0,0.0
9,40,1700,60,48,1,63,6,130.0,172.27782278718269
9,40,1700,85,35,1,53,13,162.0,122.1739610717896
9,40,1700,75,36,1,49,15,160.0,96.0366206754582
9,40,1700,80,36,0,93,16,252.0,0.0
9,40,1700,70,35,0,89,8,184.0,0.0
9,40,1700,75,36,0,93,19,250.0,0.0
9,40,1700,70,35,1,87,10,180.0,113.78181261098356
9,40,1700,90,38,1,79,14,172.0,154.75858806664638
9,40,1700,65,38,0,65,12,194.0,0.0
9,40,1700,60,42,1,125,10,184.0,165.50322145383893
9,40,1700,70,35,1,65,15,230.0,148.71001965116935
9,40,1700,65,47,0,33,2,44.0,0.0
9,40,1700,90,36,1,61,16,192.0,134.63258825631667
9,40,1700,75,44,0,27,7,56.0,0.0
9,40,1700,85,45,0,45,8,98.0,0.0
9,40,1700,90,48,1,59,10,160.0,232.47792352088902
9,40,1700,80,42,0,57,4,86.0,0.0
9,40,1700,75,41,0,95,8,206.0,0.0
9,40,1700,75,36,0,67,21,272.0,0.0
9,40,1700,80,47,1,53,10,164.0,155.14976200852595
9,40,1700,90,35,1,51,14,212.0,186.5266678053542
9,40,1700,70,40,0,93,14,294.0,0.0
9,40,1700,75,46,1,85,7,120.0,113.82570811146948
9,40,1700,65,50,1,97,10,152.0,168.87558389034118
9,40,1700,75,38,0,89,10,172.0,0.0
9,40,1700,80,40,1,97,13,254.0,182.96926344348182
9,40,1700,60,37,0,57,9,172.0,0.0
9,40,1700,70,42,1,113,9,206.0,168.57054163629846
9,40,1700,75,48,0,65,7,110.0,0.0
9,40,1700,80,43,1,65,6,114.0,95.1740530235793
9,40,1600,75,36,0,55,10,116.0,0.0
9,40,1700,75,45,0,77,5,94.0,0.0
9,40,1700,65,45,1,61,7,122.0,139.40195610334698
9,40,1600,90,45,1,39,4,70.0,100.12981327163621
9,40,1600,80,46,1,29,6,114.0,81.4244084137774
9,40,1600,75,42,0,103,5,136.0,0.0
9,40,1700,75,50,0,59,8,124.0,0.0
9,40,1600,60,43,1,57,9,182.0,104.42761292367575
9,40,1600,80,43,0,87,6,120.0,0.0
9,40,1600,65,35,1,69,12,142.0,117.91451300194517
9,40,1600,70,36,1,51,11,170.0,76.09526740144743
9,40,1600,80,35,1,69,18,270.0,173.03552781917182
9,40,1600,75,43,0,53,6,98.0,0.0
9,40,1600,65,36,0,49,8,110.0,0.0
9,40,1600,60,50,0,63,3,90.0,0.0
9,40,1600,60,48,0,25,3,26.0,0.0
9,40,1600,60,46,1,51,6,80.0,36.65164356515889
9,40,1600,90,45,0,91,8,148.0,0.0
9,40,1600,90,48,1,67,16,190.0,431.3490426751177
9,40,1600,75,35,1,57,13,190.0,120.53487455049867
9,40,1600,90,40,0,91,8,162.0,0.0
9,40,1600,60,43,1,71,8,160.0,109.60242958961732
9,40,1600,70,49,1,79,6,116.0,64.65658397723733
9,40,1600,85,41,0,73,11,156.0,0.0
9,40,1600,80,48,0,63,7,126.0,0.0
9,40,1600,80,47,1,45,6,66.0,60.21016631967977
9,40,1600,75,44,1,53,10,112.0,189.39398534342754
9,40,1600,90,42,1,45,6,76.0,133.0725239599957
9,40,1600,70,49,0,55,6,108.0,0.0
9,40,1600,90,38,0,61,12,166.0,0.0
9,40,1600,85,44,0,53,6,118.0,0.0
9,40,1600,90,49,1,51,7,120.0,138.8487148528714
9,40,1600,75,50,0,113,8,146.0,0.0
9,40,1600,80,43,1,51,6,82.0,73.79361698642548
9,40,1600,85,36,1,37,14,154.0,114.72125577179173
9,40,1600,65,36,0,59,10,176.0,0.0
9,40,1600,70,35,1,47,15,190.0,122.69694628256555
9,40,1600,80,35,0,89,13,174.0,0.0
9,40,1600,65,36,1,59,13,178.0,115.08741677226537
9,40,1600,60,42,0,59,9,122.0,0.0
9,40,1600,65,38,0,89,9,202.0,0.0
9,40,1500,75,42,1,81,7,138.0,101.24471263922051
9,40,1500,90,45,0,89,10,174.0,0.0
9,40,1500,85,45,1,29,5,84.0,161.0145540372915
9,40,1600,75,48,1,111,9,128.0,186.1831452741046
9,40,1600,75,50,0,75,7,134.0,0.0
9,40,1500,75,50,0,27,1,28.0,0.0
9,40,1500,60,37,0,95,12,202.0,0.0
9,40,1500,65,50,1,47,2,48.0,68.71370766607818
9,40,1500,65,36,1,43,5,74.0,67.31319765910315
9,40,1500,70,41,1,43,9,116.0,167.47813464491838
9,40,1500,75,44,0,47,7,134.0,0.0
9,40,1500,65,44,0,29,4,88.0,0.0
9,40,1500,65,49,1,25,4,46.0,14.258608585802621
9,40,1500,65,41,1,69,4,96.0,79.16188051490731
9,40,1500,70,45,0,47,5,80.0,0.0
9,40,1500,85,35,1,59,14,216.0,168.90645166940445
9,40,1500,75,42,0,53,9,172.0,0.0
9,40,1500,65,36,0,47,7,150.0,0.0
9,40,1500,60,40,0,25,3,50.0,0.0
9,40,1500,60,43,1,39,5,70.0,60.82895896962805
9,40,1500,80,41,0,77,9,136.0,0.0
9,40,1500,75,44,0,55,6,130.0,0.0
9,40,1500,65,42,1,29,1,30.0,26.44552617428317
9,40,1500,70,47,1,47,8,64.0,79.58118636486421
9,40,1500,85,37,0,83,9,180.0,0.0
9,40,1500,70,47,1,75,6,154.0,41.994350542662254
9,40,1500,90,40,1,63,12,190.0,149.36382660373923
9,40,1500,70,44,0,123,6,124.0,0.0
9,40,1500,65,43,0,55,5,110.0,0.0
9,40,1500,65,44,1,73,10,120.0,220.3381286265477
9,40,1500,90,50,1,53,5,108.0,169.59349602017454
9,40,1500,60,38,1,99,11,162.0,122.39112556995086
9,40,1500,75,43,0,57,6,112.0,0.0
9,40,1500,60,45,0,83,6,114.0,0.0
9,40,1500,85,45,0,113,7,114.0,0.0
9,40,1500,90,45,1,27,7,112.0,105.89390275358375
9,40,1500,75,46,0,79,6,132.0,0.0
9,40,1500,90,48,1,53,6,92.0,196.4818713053656
9,39,3000,75,36,0,163,37,656.0,0.0
9,39,3000,90,37,1,79,37,542.0,601.5599846498897
9,40,1500,70,40,0,71,7,144.0,0.0
9,39,3000,85,37,1,107,37,526.0,613.2483267746542
9,40,1500,75,46,1,47,4,70.0,58.582769027036065
9,40,1500,60,49,1,27,3,28.0,30.280281021786376
9,40,1500,60,50,0,71,3,72.0,0.0
9,39,3000,80,35,1,109,39,580.0,537.4607807844632
9,39,3000,80,37,1,77,35,514.0,525.1375074684313
9,39,3000,85,40,0,109,30,666.0,0.0
9,39,3000,65,41,0,169,30,968.0,0.0
9,39,3000,75,44,0,139,25,592.0,0.0
9,39,3000,80,47,1,115,26,614.0,544.4078869179082
9,39,3000,60,43,1,159,29,794.0,534.443569725846
9,39,3000,70,45,0,293,27,714.0,0.0
9,39,3000,90,45,1,113,31,694.0,675.1791918872124
9,39,3000,80,50,0,187,16,522.0,0.0
9,39,3000,70,47,1,217,19,726.0,316.5949394979453
9,39,3000,90,43,0,165,30,758.0,0.0
9,39,3000,75,50,0,175,21,530.0,0.0
9,39,3000,70,36,1,115,35,464.0,552.8549471925654
9,39,3000,65,37,1,217,38,774.0,606.4527740027861
9,39,3000,75,43,0,235,32,928.0,0.0
9,39,3000,65,39,1,213,36,724.0,839.7777331211527
9,39,3000,70,42,1,159,33,618.0,510.7935178919071
9,39,3000,80,44,0,157,30,680.0,0.0
9,39,3000,75,49,0,177,24,800.0,0.0
9,39,3000,65,44,0,117,25,598.0,0.0
9,39,3000,80,36,0,155,35,608.0,0.0
9,39,3000,75,37,1,119,36,622.0,568.4394284516195
9,39,3000,60,39,0,173,33,868.0,0.0
9,39,3000,90,39,1,115,38,720.0,649.3260956577445
9,39,3000,60,41,1,113,33,686.0,614.0021654639811
9,39,3000,80,37,0,149,35,704.0,0.0
9,39,3000,60,50,0,99,12,300.0,0.0
9,39,3000,80,44,0,209,26,764.0,0.0
9,39,3000,70,47,1,99,27,406.0,462.9539830650351
9,39,3000,70,43,0,103,30,572.0,0.0
9,39,3000,65,46,1,105,15,408.0,231.30434956027602
9,39,3000,70,49,1,173,20,730.0,282.92289475986723
9,39,3000,85,41,1,159,29,764.0,580.3822301717443
9,39,3000,65,42,0,153,27,746.0,0.0
9,39,3000,75,46,0,207,27,664.0,0.0
9,39,3000,85,41,1,83,35,532.0,610.2474158971013
9,39,2900,60,44,0,115,22,698.0,0.0
9,39,2900,65,36,0,165,34,674.0,0.0
9,39,2900,60,44,1,223,23,598.0,396.63016295628006
9,39,2900,90,45,1,101,26,512.0,542.9578443011396
9,39,2900,60,38,1,111,33,638.0,384.9999836893776
9,39,2900,60,39,0,147,30,628.0,0.0
9,39,2900,80,41,1,115,33,528.0,682.1154660699717
9,39,2900,70,41,0,211,27,678.0,0.0
9,39,2900,75,43,1,113,28,582.0,418.55165443013453
9,39,2900,90,49,0,155,27,816.0,0.0
9,39,2900,85,50,1,169,24,596.0,608.0770514684207
9,39,2900,75,35,0,155,35,600.0,0.0
9,39,2900,80,39,1,107,32,614.0,797.3889094725042
9,39,2900,80,39,0,153,30,686.0,0.0
9,39,2900,70,40,0,111,31,706.0,0.0
9,39,2900,70,41,0,141,31,754.0,0.0
9,39,2900,70,44,1,79,23,486.0,611.2548571658024
9,39,2900,90,47,1,131,23,610.0,496.45452646794854
9,39,2900,90,38,0,113,33,640.0,0.0
9,39,2900,70,37,1,167,33,630.0,645.8323878969783
9,39,2900,85,45,1,165,29,688.0,658.2838742866178
9,39,2900,85,46,1,133,31,652.0,519.3813158899485
9,39,2900,90,48,0,113,22,564.0,0.0
9,39,2900,65,49,0,109,16,510.0,0.0
9,39,2900,90,40,0,113,36,786.0,0.0
9,39,2900,60,36,0,113,30,656.0,0.0
9,39,2900,90,49,1,103,30,586.0,464.3876230675607
9,39,2900,65,37,1,109,35,660.0,535.3388905929291
9,39,2900,60,40,1,125,28,522.0,469.25491661776374
9,39,2900,80,45,0,151,27,614.0,0.0
9,39,2900,70,45,0,147,21,600.0,0.0
9,39,2900,80,49,1,191,21,514.0,281.73712375038036
9,39,2900,90,37,0,209,35,826.0,0.0
9,39,2900,60,38,1,113,31,660.0,445.884006414248
9,39,2900,85,45,1,131,31,504.0,580.9168271806584
9,39,2900,70,41,0,221,27,726.0,0.0
9,39,2900,65,48,0,109,24,560.0,0.0
9,39,2900,80,37,1,79,33,514.0,513.9117116601583
9,39,2900,70,49,1,113,23,502.0,442.9626801091206
9,39,2900,75,42,0,155,23,566.0,0.0
9,39,2800,60,39,0,163,29,698.0,0.0
9,39,2800,60,38,1,105,31,558.0,592.8940713171212
9,39,2800,65,38,1,145,21,634.0,326.9286919290235
9,39,2800,60,43,0,107,26,662.0,0.0
9,39,2800,90,44,1,143,30,534.0,639.4595821989359
9,39,2800,90,40,1,155,33,680.0,606.5233155981771
9,39,2800,70,36,0,201,33,922.0,0.0
9,39,2800,90,39,0,133,27,592.0,0.0
9,39,2800,85,40,1,219,29,640.0,434.886909477352
9,39,2800,65,50,0,163,23,604.0,0.0
9,39,2800,65,43,0,143,20,564.0,0.0
9,39,2800,90,48,1,107,25,524.0,727.0183201349463
9,39,2800,85,39,1,211,32,730.0,706.2650024721196
9,39,2800,70,44,1,163,23,586.0,608.7838682901308
9,39,2800,80,49,1,151,25,716.0,440.51068571915835
9,39,2800,90,47,0,151,23,580.0,0.0
9,39,2800,60,47,0,139,18,416.0,0.0
9,39,2800,65,40,1,79,30,390.0,448.3555533945355
9,39,2800,80,43,0,107,26,546.0,0.0
9,39,2800,80,35,0,157,33,536.0,0.0
9,39,2800,90,36,0,101,33,436.0,0.0
9,39,2800,60,41,1,153,25,596.0,447.89362412638366
9,39,2800,90,39,0,161,31,674.0,0.0
9,39,2800,80,41,1,155,23,440.0,395.4475724751993
9,39,2800,70,45,1,165,25,690.0,512.3451814863005
9,39,2800,65,42,1,149,20,494.0,203.98778366541345
9,39,2800,85,46,0,107,23,536.0,0.0
9,39,2800,80,38,0,159,30,698.0,0.0
9,39,2800,75,37,1,167,35,684.0,615.9166214792474
9,39,2800,90,35,1,99,36,542.0,479.2514196001948
9,39,2800,75,37,1,215,34,946.0,614.8045391212493
9,39,2800,75,38,0,157,30,564.0,0.0
9,39,2800,70,38,1,101,31,620.0,617.345731961967
9,39,2800,85,38,1,143,33,578.0,567.3914712806298
9,39,2800,70,38,0,103,18,582.0,0.0
9,39,2800,85,44,0,255,29,820.0,0.0
9,39,2800,60,50,0,105,15,386.0,0.0
9,39,2800,75,50,0,147,24,578.0,0.0
9,39,2800,75,39,1,163,30,844.0,476.13215511880173
9,39,2800,60,40,0,145,26,606.0,0.0
9,39,2700,65,40,0,103,21,510.0,0.0
9,39,2700,85,42,1,131,29,556.0,561.942725272559
9,39,2700,85,43,0,201,33,766.0,0.0
9,39,2700,85,35,1,101,36,568.0,510.4642754329203
9,39,2700,80,37,0,143,29,564.0,0.0
9,39,2700,90,47,1,145,22,494.0,349.61824521466355
9,39,2700,75,36,0,155,34,632.0,0.0
9,39,2700,65,40,1,99,28,554.0,474.94591567024503
9,39,2700,75,42,1,97,31,532.0,583.3707851860122
9,39,2700,90,35,1,95,33,488.0,471.0147121284072
9,39,2700,60,35,0,137,33,702.0,0.0
9,39,2700,65,38,1,105,27,456.0,398.5430772170803
9,39,2700,80,39,0,103,28,504.0,0.0
9,39,2700,70,42,1,79,30,328.0,532.8962681327992
9,39,2700,85,48,0,149,20,490.0,0.0
9,39,2700,80,49,0,151,17,476.0,0.0
9,39,2700,80,35,0,203,38,748.0,0.0
9,39,2700,90,38,1,151,30,576.0,381.89270716914524
9,39,2700,70,43,0,137,19,424.0,0.0
9,39,2700,90,43,1,153,31,490.0,702.485633007088
9,39,2700,60,46,1,83,16,326.0,190.9145512728639
9,39,2700,80,48,0,155,20,512.0,0.0
9,39,2700,65,49,1,91,17,324.0,304.6233670501548
9,39,2700,90,36,0,155,36,830.0,0.0
9,39,2700,65,38,1,107,27,556.0,380.2786194185621
9,39,2700,90,46,0,89,16,368.0,0.0
9,39,2700,80,49,1,149,22,528.0,327.347071987493
9,39,2700,90,47,0,103,16,466.0,0.0
9,39,2700,70,46,1,103,22,556.0,461.5121602145367
9,39,2700,85,50,0,99,17,330.0,0.0
9,39,2700,80,36,0,139,32,782.0,0.0
9,39,2700,70,38,0,107,29,534.0,0.0
9,39,2700,70,40,1,83,26,482.0,565.1274751172333
9,39,2700,85,39,1,157,33,520.0,742.2872761199344
9,39,2700,65,37,1,145,35,596.0,686.6657814831167
9,39,2700,85,47,0,139,20,490.0,0.0
9,39,2700,60,49,1,79,17,298.0,188.66324490680728
9,39,2700,65,36,0,151,23,622.0,0.0
9,39,2700,90,41,0,157,28,546.0,0.0
9,39,2600,70,45,1,95,25,378.0,490.84504421206
9,39,2600,65,41,1,197,25,748.0,526.1840629294259
9,39,2700,75,47,1,151,19,382.0,365.1413269604007
9,39,2600,90,47,0,185,20,580.0,0.0
9,39,2600,65,39,1,141,30,612.0,650.1270363059867
9,39,2600,65,48,0,103,17,420.0,0.0
9,39,2600,85,43,0,141,23,460.0,0.0
9,39,2600,70,41,1,75,21,374.0,528.5106316305614
9,39,2600,65,47,1,73,12,232.0,179.40402824353848
9,39,2600,90,46,0,139,21,566.0,0.0
9,39,2600,60,50,0,137,12,316.0,0.0
9,39,2600,75,41,0,99,26,606.0,0.0
9,39,2600,60,46,1,77,16,256.0,173.99227800958099
9,39,2600,70,50,1,123,15,354.0,334.30617026835495
9,39,2600,60,50,0,151,15,484.0,0.0
9,39,2600,85,45,1,89,18,360.0,426.5376144934295
9,39,2600,70,36,1,239,34,650.0,512.2254646116746
9,39,2600,65,39,0,145,28,538.0,0.0
9,39,2600,60,37,1,79,31,434.0,580.9550080801607
9,39,2600,90,36,0,141,29,656.0,0.0
9,39,2600,75,38,0,187,22,610.0,0.0
9,39,2600,70,40,0,103,24,504.0,0.0
9,39,2600,75,41,1,141,26,578.0,423.10778147770196
9,39,2600,80,40,1,101,18,552.0,399.0464927202503
9,39,2600,60,37,1,145,27,496.0,482.00071639608103
9,39,2600,60,35,0,179,30,618.0,0.0
9,39,2600,65,37,0,139,29,762.0,0.0
9,39,2600,85,49,0,137,16,418.0,0.0
9,39,2600,70,45,0,99,17,446.0,0.0
9,39,2600,75,44,1,153,28,478.0,622.3129397152311
9,39,2600,65,48,1,143,17,428.0,407.46979246232263
9,39,2600,60,37,1,129,34,570.0,561.3310255345492
9,39,2600,70,46,0,93,16,336.0,0.0
9,39,2600,80,39,0,137,27,514.0,0.0
9,39,2600,60,40,1,135,22,566.0,415.6861349952659
9,39,2600,60,45,1,89,14,416.0,472.1504225417492
9,39,2600,60,45,0,97,16,380.0,0.0
9,39,2600,65,46,0,155,9,292.0,0.0
9,39,2600,85,47,1,125,24,516.0,421.91359078684656
9,39,2600,90,45,1,99,21,454.0,487.2731247221494
9,39,2500,80,37,1,91,30,528.0,459.92428519428296
9,39,2500,65,41,1,85,17,374.0,336.64218491043215
9,39,2500,65,37,1,97,26,360.0,422.58833390063046
9,39,2500,85,40,0,131,23,558.0,0.0
9,39,2600,85,45,0,141,29,550.0,0.0
9,39,2500,90,45,0,87,13,314.0,0.0
9,39,2500,60,44,0,93,9,358.0,0.0
9,39,2500,85,40,1,93,20,380.0,267.69768008158974
9,39,2500,70,43,1,95,22,378.0,515.2207942083832
9,39,2500,70,40,1,73,26,380.0,386.10417172853363
9,39,2500,70,48,0,91,18,408.0,0.0
9,39,2500,80,46,0,135,20,542.0,0.0
9,39,2500,90,43,1,83,26,366.0,525.2061479689314
9,39,2500,60,49,0,117,8,206.0,0.0
9,39,2500,65,36,0,127,28,606.0,0.0
9,39,2500,85,39,0,141,23,372.0,0.0
9,39,2500,75,38,1,99,25,486.0,398.34264859849714
9,39,2500,75,37,0,143,23,480.0,0.0
9,39,2500,70,37,1,89,31,500.0,524.9012539859414
9,39,2500,70,40,0,141,26,674.0,0.0
9,39,2500,65,36,1,95,31,596.0,371.55966626869605
9,39,2500,70,40,0,143,23,482.0,0.0
9,39,2500,65,46,1,71,23,352.0,380.0574791782032
9,39,2500,70,40,1,71,25,446.0,380.69586180691897
9,39,2500,65,42,0,149,18,526.0,0.0
9,39,2500,85,40,0,93,27,496.0,0.0
9,39,2500,60,44,1,131,18,358.0,351.10744436565597
9,39,2500,60,37,1,143,24,416.0,433.0866932998753
9,39,2500,90,39,0,189,27,588.0,0.0
9,39,2500,80,42,1,97,30,502.0,470.35355794094363
9,39,2500,80,39,0,129,24,470.0,0.0
9,39,2500,65,43,1,99,18,460.0,342.63648614156796
9,39,2500,85,48,0,97,17,470.0,0.0
9,39,2500,60,36,1,85,23,422.0,321.3418415729726
9,39,2500,75,35,0,137,31,616.0,0.0
9,39,2500,80,36,0,143,32,702.0,0.0
9,39,2500,60,50,1,87,13,274.0,363.5017573472613
9,39,2500,65,40,0,99,24,460.0,0.0
9,39,2500,90,48,1,89,17,326.0,527.0245038425003
9,39,2500,90,40,0,147,25,612.0,0.0
9,39,2400,80,41,0,89,25,526.0,0.0
9,39,2400,65,43,1,73,16,268.0,242.08363360551232
9,39,2500,90,48,1,133,18,476.0,424.9472568235799
9,39,2400,65,48,0,113,15,318.0,0.0
9,39,2400,75,50,1,141,21,480.0,552.4301107836342
9,39,2400,85,43,1,63,14,210.0,191.63567655314338
9,39,2400,80,47,1,83,17,332.0,299.74614872102234
9,39,2400,65,47,1,87,9,200.0,146.59703020703256
9,39,2400,85,48,0,141,16,450.0,0.0
9,39,2400,75,50,0,89,15,346.0,0.0
9,39,2400,65,37,1,73,25,340.0,452.855140023448
9,39,2400,85,46,0,119,20,510.0,0.0
9,39,2400,85,50,1,121,13,326.0,367.64012124939273
9,39,2400,80,49,0,47,12,266.0,0.0
9,39,2400,80,42,1,87,21,398.0,312.3016118384501
9,39,2400,85,37,0,137,19,512.0,0.0
9,39,2400,90,45,0,129,23,418.0,0.0
9,39,2400,60,40,1,93,19,454.0,198.41719736910932
9,39,2400,80,35,0,121,25,388.0,0.0
9,39,2400,75,38,1,91,29,462.0,471.05499261778925
9,39,2400,75,42,0,91,19,450.0,0.0
9,39,2400,65,49,0,121,15,364.0,0.0
9,39,2400,90,44,1,91,26,448.0,589.3047075964095
9,39,2400,90,49,1,101,16,322.0,167.85619426211048
9,39,2400,70,39,0,139,28,456.0,0.0
9,39,2400,60,43,1,81,18,334.0,461.17892561355677
9,39,2400,80,41,1,135,27,406.0,533.9489757529864
9,39,2400,65,50,0,95,11,194.0,0.0
9,39,2400,65,38,0,123,15,404.0,0.0
9,39,2400,65,35,1,89,15,260.0,205.325908796481
9,39,2400,90,48,0,135,19,370.0,0.0
9,39,2400,80,40,1,87,27,450.0,443.2997962968786
9,39,2400,75,38,0,141,19,448.0,0.0
9,39,2400,90,44,1,137,26,456.0,548.358310411982
9,39,2400,85,50,0,129,12,336.0,0.0
9,39,2400,90,41,1,93,20,406.0,327.77649589655636
9,39,2400,90,39,0,133,23,642.0,0.0
9,39,2400,75,40,1,81,17,304.0,245.340405768013
9,39,2400,65,39,1,91,10,234.0,226.330561227808
9,39,2400,60,41,0,87,11,264.0,0.0
9,39,2400,70,43,0,141,20,434.0,0.0
9,39,2300,60,42,0,123,18,380.0,0.0
9,39,2300,65,44,1,91,23,370.0,651.2591801032262
9,39,2300,85,35,0,129,28,558.0,0.0
9,39,2300,60,42,1,131,21,334.0,458.2027563619042
9,39,2300,80,36,0,133,26,510.0,0.0
9,39,2300,65,44,1,89,14,204.0,243.41272589141394
9,39,2300,60,44,1,85,20,390.0,451.7540638276012
9,39,2300,70,42,1,73,18,258.0,181.58201826118076
9,39,2300,65,50,0,79,7,166.0,0.0
9,39,2300,65,45,0,133,18,446.0,0.0
9,39,2300,60,37,0,139,24,670.0,0.0
9,39,2300,85,39,0,133,18,426.0,0.0
9,39,2300,90,44,1,83,17,242.0,475.60631153788825
9,39,2300,70,47,1,81,17,234.0,221.96456269077527
9,39,2300,65,49,0,121,11,258.0,0.0
9,39,2300,80,50,1,81,14,220.0,333.7953222190493
9,39,2300,90,38,0,129,16,418.0,0.0
9,39,2300,80,49,1,115,16,310.0,142.66587534864289
9,39,2300,85,39,0,91,20,466.0,0.0
9,39,2300,70,41,1,53,11,218.0,176.21851808902713
9,39,2300,70,44,1,91,16,282.0,399.5003172349233
9,39,2300,60,41,0,125,13,290.0,0.0
9,39,2300,85,43,1,59,18,282.0,296.5787852476466
9,39,2300,75,38,1,91,31,468.0,470.19978987548853
9,39,2300,75,39,0,127,13,358.0,0.0
9,39,2300,90,43,0,123,20,420.0,0.0
9,39,2300,85,43,1,67,16,282.0,275.23782998173294
9,39,2300,70,37,1,97,25,462.0,368.7216164995469
9,39,2300,75,48,0,89,17,264.0,0.0
9,39,2300,80,37,0,125,23,476.0,0.0
9,39,2300,85,35,1,95,34,486.0,367.5431425885285
9,39,2300,75,42,1,107,20,358.0,272.8055907027248
9,39,2300,85,50,0,85,10,300.0,0.0
9,39,2300,70,45,0,113,16,376.0,0.0
9,39,2300,80,49,0,125,11,240.0,0.0
9,39,2300,75,50,1,79,13,284.0,298.79897249267043
9,39,2300,80,47,1,87,14,402.0,213.3771290526871
9,39,2200,60,37,1,83,24,364.0,371.10488679420143
9,39,2300,65,38,0,165,20,496.0,0.0
9,39,2300,90,43,1,129,23,612.0,443.1872221693871
9,39,2300,70,50,0,81,8,238.0,0.0
9,39,2200,75,49,1,85,18,268.0,172.61467632593778
9,39,2200,85,50,0,69,10,218.0,0.0
9,39,2200,65,35,1,81,20,346.0,332.32641626693805
9,39,2200,75,35,0,93,24,498.0,0.0
9,39,2200,70,38,0,123,21,524.0,0.0
9,39,2200,90,46,0,111,17,334.0,0.0
9,39,2200,90,41,1,81,21,406.0,426.9041895458157
9,39,2200,85,41,1,79,20,308.0,389.9221425855315
9,39,2200,90,41,1,103,19,330.0,272.1005556888202
9,39,2200,80,36,0,157,23,532.0,0.0
9,39,2200,80,36,0,167,24,502.0,0.0
9,39,2200,60,48,1,87,12,202.0,248.91374296481195
9,39,2200,90,48,0,115,18,362.0,0.0
9,39,2200,75,49,1,83,15,284.0,194.07025026666798
9,39,2200,90,50,0,127,13,242.0,0.0
9,39,2200,85,40,0,87,17,440.0,0.0
9,39,2200,70,35,1,87,23,348.0,339.65355818484875
9,39,2200,80,49,1,127,12,262.0,220.79570677321004
9,39,2200,90,39,0,117,21,280.0,0.0
9,39,2200,65,41,0,85,9,262.0,0.0
9,39,2200,80,44,1,83,17,310.0,345.8711668789136
9,39,2200,90,42,0,79,17,380.0,0.0
9,39,2200,65,45,1,85,13,336.0,305.13104397363213
9,39,2200,80,50,1,107,18,272.0,519.1449037620504
9,39,2200,70,38,0,123,21,444.0,0.0
9,39,2200,60,45,0,75,6,208.0,0.0
9,39,2200,60,45,1,83,13,232.0,216.79872842809013
9,39,2200,90,47,0,125,8,222.0,0.0
9,39,2200,80,50,1,113,14,254.0,325.61865389333826
9,39,2200,80,38,0,85,18,334.0,0.0
9,39,2200,85,43,1,91,20,368.0,372.54540320804705
9,39,2200,60,35,1,77,29,482.0,425.88701309126293
9,39,2200,80,37,1,65,23,262.0,333.4524188470975
9,39,2200,70,36,0,87,19,356.0,0.0
9,39,2200,90,38,0,157,21,534.0,0.0
9,39,2200,80,48,1,123,11,212.0,311.24596312509914
9,39,2200,80,42,0,113,14,354.0,0.0
9,39,2200,80,40,1,79,25,336.0,314.415986306832
9,39,2100,90,36,0,119,23,548.0,0.0
9,39,2200,70,40,0,129,15,318.0,0.0
9,39,2100,65,37,0,123,18,428.0,0.0
9,39,2100,80,42,1,91,22,252.0,318.1097464769066
9,39,2100,60,43,1,73,9,212.0,121.87418154038868
9,39,2100,75,49,0,71,7,140.0,0.0
9,39,2100,90,50,1,73,15,228.0,380.35015196677296
9,39,2100,80,41,0,83,22,424.0,0.0
9,39,2100,90,46,0,81,13,262.0,0.0
9,39,2100,90,46,1,79,18,318.0,235.1515576378335
9,39,2100,75,45,1,119,12,266.0,322.9641463143183
9,39,2100,80,47,1,115,15,254.0,254.1580721843285
9,39,2100,80,45,1,83,13,248.0,273.333908118518
9,39,2100,90,48,0,75,11,172.0,0.0
9,39,2100,70,44,0,111,13,260.0,0.0
9,39,2100,90,36,1,77,28,438.0,343.41191490399154
9,39,2100,70,38,0,109,16,322.0,0.0
9,39,2100,70,41,1,89,18,262.0,352.94258302126474
9,39,2100,70,35,1,69,19,232.0,219.52565359937952
9,39,2100,60,35,0,115,18,316.0,0.0
9,39,2100,85,46,0,113,11,258.0,0.0
9,39,2100,85,37,0,119,22,454.0,0.0
9,39,2100,80,38,1,79,27,408.0,350.54514171738754
9,39,2100,70,44,0,81,12,246.0,0.0
9,39,2100,70,38,1,117,15,270.0,201.34138109737597
9,39,2100,85,47,1,67,12,210.0,134.68697757901194
9,39,2100,70,41,0,115,13,310.0,0.0
9,39,2100,60,45,1,51,13,170.0,184.60554515012757
9,39,2100,85,36,1,89,24,418.0,362.40615243263835
9,39,2100,65,39,0,107,15,344.0,0.0
9,39,2100,60,36,0,75,15,334.0,0.0
9,39,2100,75,39,0,75,12,292.0,0.0
9,39,2100,70,43,1,35,11,142.0,204.9324169917029
9,39,2100,85,44,1,79,14,294.0,311.29373533871654
9,39,2100,80,49,0,93,12,338.0,0.0
9,39,2100,85,42,1,81,27,392.0,439.7081191352989
9,39,2100,80,40,1,125,28,454.0,369.2581640023756
9,39,2100,75,45,1,73,18,278.0,332.5935540277383
9,39,2100,65,43,0,79,12,272.0,0.0
9,39,2100,65,47,0,41,9,204.0,0.0
9,39,2000,85,40,1,71,13,236.0,172.26024563847213
9,39,2100,65,50,0,133,12,204.0,0.0
9,39,2000,65,41,0,57,8,160.0,0.0
9,39,2000,90,48,0,115,15,366.0,0.0
9,39,2000,65,44,1,75,10,216.0,237.36990070121658
9,39,2000,70,45,0,65,10,162.0,0.0
9,39,2000,85,45,1,97,18,286.0,396.4700596215169
9,39,2000,60,46,0,75,12,188.0,0.0
9,39,2000,90,49,1,65,17,144.0,237.28116704102186
9,39,2000,70,39,1,103,13,272.0,296.0390085286684
9,39,2000,75,39,0,185,16,376.0,0.0
9,39,2000,80,45,1,115,10,254.0,159.07235612599086
9,39,2000,70,46,0,111,13,310.0,0.0
9,39,2000,75,48,0,37,5,94.0,0.0
9,39,2000,85,49,1,61,11,198.0,195.0613899025829
9,39,2000,65,47,0,73,12,202.0,0.0
9,39,2000,70,47,1,67,12,134.0,159.18881791892997
9,39,2000,85,36,0,107,21,392.0,0.0
9,39,2000,80,35,0,113,16,324.0,0.0
9,39,2000,60,38,1,97,17,360.0,219.2725490811187
9,39,2000,60,35,1,75,12,266.0,132.26138405070967
9,39,2000,70,42,1,57,15,206.0,250.09682713020152
9,39,2000,80,43,0,65,10,160.0,0.0
9,39,2000,90,50,1,143,9,204.0,253.07413486816017
9,39,2000,80,38,0,79,17,410.0,0.0
9,39,2000,70,37,0,71,11,218.0,0.0
9,39,2000,65,41,1,73,19,212.0,282.3740616509105
9,39,2000,80,43,0,73,11,250.0,0.0
9,39,2000,70,44,1,113,17,320.0,380.5011889537124
9,39,2000,85,36,1,77,25,434.0,295.9606691797086
9,39,2000,70,49,1,113,8,154.0,57.15920032698419
9,39,2000,65,50,0,89,10,232.0,0.0
9,39,2000,70,36,0,105,16,328.0,0.0
9,39,2000,70,39,0,115,15,292.0,0.0
9,39,2000,75,43,1,69,13,242.0,194.24703614209702
9,39,2000,60,35,1,91,19,344.0,275.4819600647919
9,39,2000,65,50,1,71,9,182.0,279.75839600396836
9,39,2000,90,43,0,117,7,214.0,0.0
9,39,2000,80,45,0,151,13,292.0,0.0
9,39,1900,80,36,1,45,11,146.0,67.7303391265238
9,39,2000,70,50,1,69,7,190.0,190.07187468554895
9,39,2000,80,50,0,71,7,184.0,0.0
9,39,1900,80,41,0,109,19,348.0,0.0
9,39,1900,75,41,1,79,22,294.0,296.1117945133297
9,39,1900,85,40,1,67,19,184.0,231.66996041092216
9,39,1900,70,40,1,97,15,302.0,169.26450064577583
9,39,1900,60,43,0,105,14,200.0,0.0
9,39,1900,70,45,0,71,9,140.0,0.0
9,39,1900,70,36,0,97,20,472.0,0.0
9,39,1900,90,42,0,71,14,178.0,0.0
9,39,1900,70,45,1,63,12,200.0,290.3983579671865
9,39,1900,85,38,1,53,18,210.0,216.1846393755755
9,39,1900,90,36,0,97,12,200.0,0.0
9,39,1900,75,36,1,105,17,294.0,146.29011943206044
9,39,1900,85,43,0,103,15,248.0,0.0
9,39,1900,90,42,1,121,24,312.0,435.31345425169434
9,39,1900,70,48,0,99,8,210.0,0.0
9,39,1900,60,40,1,73,11,210.0,135.54310543220663
9,39,1900,65,47,1,93,11,196.0,171.24700301729285
9,39,1900,90,41,0,123,15,330.0,0.0
9,39,1900,85,41,0,101,9,260.0,0.0
9,39,1900,90,43,1,73,9,234.0,187.24214164239916
9,39,1900,65,44,0,63,4,100.0,0.0
9,39,1900,75,45,1,89,11,182.0,230.82909458697952
9,39,1900,85,37,1,73,19,238.0,200.31753724058967
9,39,1900,75,37,0,65,14,258.0,0.0
9,39,1900,60,38,1,71,13,242.0,253.6257207712902
9,39,1900,60,47,0,55,10,166.0,0.0
9,39,1900,75,43,1,73,12,228.0,177.48255498031182
9,39,1900,65,39,1,81,16,268.0,407.48962083416745
9,39,1900,75,48,0,69,10,196.0,0.0
9,39,1900,80,49,0,65,9,166.0,0.0
9,39,1900,80,36,1,69,19,338.0,285.1008315285586
9,39,1900,85,37,0,131,13,278.0,0.0
9,39,1900,70,45,0,53,5,124.0,0.0
9,39,1900,60,43,1,89,9,174.0,145.78819848034587
9,39,1900,65,35,0,103,22,336.0,0.0
9,39,1900,70,39,0,111,11,226.0,0.0
9,39,1900,75,42,1,107,12,310.0,236.63212864735758
9,39,1900,85,36,0,109,18,406.0,0.0
9,39,1800,70,37,0,133,17,362.0,0.0
9,39,1900,85,46,1,75,12,160.0,218.32423066509233
9,39,1800,90,41,0,61,12,216.0,0.0
9,39,1800,90,47,1,39,7,74.0,73.72728135193167
9,39,1800,70,46,1,45,8,108.0,85.07432060567106
9,39,1800,60,44,0,65,9,164.0,0.0
9,39,1800,85,50,1,99,8,178.0,196.39488300005414
9,39,1800,75,44,0,97,9,214.0,0.0
9,39,1800,65,45,1,55,10,130.0,129.83840586183328
9,39,1800,65,40,1,61,12,292.0,183.83777396717227
9,39,1800,85,36,0,69,15,194.0,0.0
9,39,1800,85,44,0,123,9,212.0,0.0
9,39,1800,80,47,1,59,14,170.0,166.05556065345425
9,39,1800,85,39,1,131,16,260.0,249.91972587323255
9,39,1800,80,36,0,69,14,210.0,0.0
9,39,1800,60,39,1,67,16,300.0,330.4674641999547
9,39,1800,75,35,0,97,16,344.0,0.0
9,39,1800,80,42,1,71,14,280.0,198.76853483513102
9,39,1800,90,44,0,119,12,224.0,0.0
9,39,1800,65,42,1,59,11,160.0,217.7940076276213
9,39,1800,90,43,0,47,6,130.0,0.0
9,39,1800,85,40,0,95,10,170.0,0.0
9,39,1800,70,43,1,101,12,246.0,186.8760679791297
9,39,1800,85,37,1,87,24,348.0,347.6589528290551
9,39,1800,60,45,1,105,18,290.0,275.63155513242543
9,39,1800,75,41,1,71,13,236.0,234.111010275749
9,39,1800,85,43,0,99,10,216.0,0.0
9,39,1800,75,48,0,127,10,230.0,0.0
9,39,1800,90,50,1,57,8,130.0,141.53108539094347
9,39,1800,80,36,1,67,17,296.0,154.64381877975558
9,39,1800,65,37,0,71,16,298.0,0.0
9,39,1800,60,40,0,163,12,270.0,0.0
9,39,1800,75,42,0,63,9,222.0,0.0
9,39,1800,75,50,0,89,8,126.0,0.0
9,39,1800,70,49,1,101,11,200.0,180.3178222821102
9,39,1800,90,36,0,85,19,306.0,0.0
9,39,1800,85,39,1,97,16,236.0,358.9796467850268
9,39,1800,90,39,1,67,13,228.0,281.2725158528135
9,39,1800,85,42,1,107,9,190.0,175.54324742060356
9,39,1700,65,40,1,75,9,154.0,98.08141906913629
9,39,1800,75,42,0,69,12,188.0,0.0
9,39,1800,65,49,0,99,10,212.0,0.0
9,39,1700,70,36,1,55,10,146.0,87.13337994980883
9,39,1700,70,39,1,101,8,174.0,243.45859213992784
9,39,1700,85,41,1,65,11,182.0,218.39767590715266
9,39,1700,60,43,0,67,12,190.0,0.0
9,39,1700,70,39,0,75,14,228.0,0.0
9,39,1700,75,44,0,75,11,166.0,0.0
9,39,1700,60,43,0,81,11,238.0,0.0
9,39,1700,90,37,1,45,13,174.0,190.45191329019167
9,39,1700,70,38,1,83,11,182.0,125.54293809928355
9,39,1700,70,41,1,75,13,156.0,213.2066792647882
9,39,1700,80,40,0,81,8,156.0,0.0
9,39,1700,80,41,0,61,6,118.0,0.0
9,39,1700,85,42,1,71,10,164.0,136.08996924686556
9,39,1700,60,48,0,97,8,148.0,0.0
9,39,1700,90,36,0,101,13,204.0,0.0
9,39,1700,65,38,0,67,8,166.0,0.0
9,39,1700,90,38,1,55,9,136.0,132.71563112524518
9,39,1700,75,40,1,71,14,186.0,160.971282412014
9,39,1700,85,39,0,67,10,162.0,0.0
9,39,1700,65,41,1,83,19,290.0,415.7403838782092
9,39,1700,75,44,0,31,10,120.0,0.0
9,39,1700,80,35,0,67,19,274.0,0.0
9,39,1700,60,36,1,41,11,162.0,152.03142551342674
9,39,1700,65,39,0,61,10,180.0,0.0
9,39,1700,60,41,1,81,10,166.0,185.9430899933965
9,39,1700,75,47,1,31,7,90.0,107.89301742461454
9,39,1700,80,49,1,31,5,124.0,57.19646404360135
9,39,1700,85,50,0,61,6,124.0,0.0
9,39,1700,90,36,0,89,13,172.0,0.0
9,39,1700,80,38,0,63,9,150.0,0.0
9,39,1700,80,42,1,83,10,182.0,152.5741234453113
9,39,1700,80,41,0,61,5,96.0,0.0
9,39,1700,60,48,1,63,4,102.0,131.00828641169448
9,39,1700,75,35,1,59,13,194.0,129.44121359245008
9,39,1700,80,37,0,95,15,310.0,0.0
9,39,1700,85,41,1,89,12,186.0,260.7611232716173
9,39,1700,75,45,1,83,12,220.0,300.9976520832887
9,39,1700,70,43,0,81,5,82.0,0.0
9,39,1700,65,50,0,57,5,116.0,0.0
9,39,1600,70,45,1,31,5,88.0,136.88905241875258
9,39,1600,85,37,1,57,10,170.0,137.10194978876262
9,39,1600,70,35,0,123,12,266.0,0.0
9,39,1600,75,41,0,81,10,180.0,0.0
9,39,1600,90,37,0,79,12,204.0,0.0
9,39,1600,90,41,0,49,7,130.0,0.0
9,39,1600,75,42,1,45,9,108.0,230.69854816952204
9,39,1600,75,37,1,55,12,134.0,213.4137830547815
9,39,1600,85,49,1,65,9,128.0,78.18121211246992
9,39,1600,75,37,1,59,10,140.0,148.31213894220454
9,39,1600,85,41,1,57,8,140.0,150.2308462642987
9,39,1600,85,42,0,79,11,206.0,0.0
9,39,1600,60,43,0,41,4,70.0,0.0
9,39,1600,75,38,1,31,9,112.0,137.24643720881895
9,39,1600,80,48,0,31,6,90.0,0.0
9,39,1600,70,39,0,59,7,136.0,0.0
9,39,1600,75,41,1,69,4,94.0,84.52551127177962
9,39,1600,80,40,1,69,11,182.0,144.0081797328791
9,39,1600,90,41,0,45,8,118.0,0.0
9,39,1600,90,44,0,53,6,106.0,0.0
9,39,1600,75,35,0,55,10,194.0,0.0
9,39,1600,90,39,1,61,12,222.0,305.52991570990457
9,39,1600,60,50,1,49,8,114.0,212.5143435345844
9,39,1600,80,50,0,57,4,58.0,0.0
9,39,1600,70,37,1,65,10,106.0,78.401250054082
9,39,1600,75,45,1,79,7,106.0,86.17304385879079
9,39,1600,85,43,0,89,11,180.0,0.0
9,39,1600,60,48,0,77,8,110.0,0.0
9,39,1600,90,48,1,59,9,170.0,205.56336920732733
9,39,1600,60,48,0,85,7,146.0,0.0
9,39,1600,85,45,1,91,12,212.0,252.82702704078343
9,39,1600,75,36,1,57,8,120.0,109.17861611375278
9,39,1600,70,37,1,55,8,122.0,117.30542106598588
9,39,1600,65,38,1,41,13,200.0,152.20195663287444
9,39,1600,85,45,0,85,11,200.0,0.0
9,39,1600,90,47,0,87,8,186.0,0.0
9,39,1600,85,47,0,83,7,148.0,0.0
9,39,1600,85,44,0,49,7,78.0,0.0
9,39,1500,65,37,0,55,6,118.0,0.0
9,39,1500,70,40,1,41,8,74.0,89.02748497982319
9,39,1500,80,41,0,125,11,198.0,0.0
9,39,1600,65,42,0,83,6,106.0,0.0
9,39,1500,85,45,1,43,6,96.0,132.8965561916595
9,39,1500,70,47,1,37,5,96.0,63.318577783192524
9,39,1600,75,49,1,49,5,132.0,72.96196043382017
9,39,1500,60,38,0,37,6,124.0,0.0
9,39,1500,85,42,0,53,4,80.0,0.0
9,39,1500,60,41,1,73,7,160.0,186.37784647573199
9,39,1500,60,43,1,29,1,30.0,0.0
9,39,1500,60,43,0,111,6,112.0,0.0
9,39,1500,65,45,1,15,2,22.0,44.93364640837929
9,39,1500,75,47,0,53,3,78.0,0.0
9,39,1500,80,38,0,75,11,192.0,0.0
9,39,1500,70,42,0,55,8,122.0,0.0
9,39,1500,70,45,0,41,4,72.0,0.0
9,39,1500,70,44,1,57,13,180.0,319.66513623422827
9,39,1500,60,45,1,45,5,96.0,66.53083913696017
9,39,1500,65,49,1,45,7,46.0,62.43913751950541
9,39,1500,70,48,1,35,4,36.0,86.0677756411715
9,39,1500,85,36,0,55,8,176.0,0.0
9,39,1500,85,37,0,83,15,214.0,0.0
9,39,1500,60,38,1,59,4,86.0,43.23334672654158
9,39,1500,60,41,0,47,7,78.0,0.0
9,39,1500,75,38,1,47,8,124.0,77.93814197887076
9,39,1500,75,45,1,25,3,70.0,92.31857899746916
9,39,1500,65,48,0,55,6,114.0,0.0
9,39,1500,85,35,1,85,12,194.0,120.71102873164853
9,39,1500,60,42,1,21,2,40.0,41.88251509240576
9,39,1500,85,44,0,29,4,84.0,0.0
9,39,1500,80,45,0,79,10,130.0,0.0
9,39,1500,90,43,1,29,3,68.0,44.91749974249837
9,39,1500,85,48,0,47,7,78.0,0.0
9,39,1500,90,49,1,47,2,48.0,28.294371707393505
9,39,1500,65,39,1,55,9,128.0,233.45982150757584
9,39,1500,60,42,1,27,1,28.0,34.19923609573867
9,39,1500,70,42,0,131,9,190.0,0.0
9,39,1500,70,45,0,57,6,136.0,0.0
9,39,1500,90,43,0,57,9,118.0,0.0
9,39,1500,65,47,1,41,6,68.0,69.56401755754445
9,39,1500,80,50,0,69,5,100.0,0.0
9,38,3000,70,35,0,163,37,840.0,0.0
9,38,3000,90,37,0,159,32,572.0,0.0
9,38,3000,75,38,1,159,34,636.0,452.40332155218164
9,38,3000,60,40,1,215,26,600.0,393.5668026998038
9,38,3000,90,41,1,107,32,578.0,601.1439663881815
9,38,3000,60,46,0,101,22,462.0,0.0
9,38,3000,90,44,1,159,28,672.0,562.5123028600626
9,38,3000,60,38,0,153,32,742.0,0.0
9,38,3000,85,44,1,91,33,462.0,657.7934890302544
9,38,3000,80,43,1,81,30,446.0,524.4377921990659
9,38,3000,75,45,0,165,30,812.0,0.0
9,38,3000,75,48,1,113,19,622.0,409.2562574243595
9,38,3000,85,49,0,161,20,582.0,0.0
9,38,3000,75,48,0,113,23,548.0,0.0
9,38,3000,90,45,1,111,33,568.0,582.7319247781104
9,38,3000,75,44,0,165,25,658.0,0.0
9,38,3000,80,35,0,285,38,812.0,0.0
9,38,3000,75,36,1,107,37,590.0,541.7953202484479
9,38,3000,80,41,1,101,29,540.0,686.8707074364164
9,38,3000,60,36,0,107,32,744.0,0.0
9,38,3000,90,46,0,169,28,872.0,0.0
9,38,3000,70,47,1,91,29,440.0,459.40326643630596
9,38,3000,80,36,1,105,33,640.0,426.9457799280645
9,38,3000,70,46,1,79,23,486.0,446.7155901734129
9,38,3000,70,40,0,119,28,730.0,0.0
9,38,3000,65,41,1,109,33,528.0,904.8122055086643
9,38,3000,75,43,0,275,28,750.0,0.0
9,38,3000,85,47,1,117,25,620.0,443.2799457780513
9,38,3000,90,48,0,165,21,518.0,0.0
9,38,3000,60,35,0,161,31,816.0,0.0
9,38,3000,60,41,0,177,19,732.0,0.0
9,38,3000,90,41,1,131,34,530.0,640.486262106201
9,38,3000,75,35,0,157,37,698.0,0.0
9,38,3000,65,35,1,79,38,540.0,654.4475409892308
9,38,3000,80,41,0,151,29,694.0,0.0
9,38,3000,80,46,1,159,25,652.0,479.4494217329494
9,38,3000,65,45,0,105,21,578.0,0.0
9,38,2900,90,35,0,109,36,590.0,0.0
9,38,3000,90,39,1,77,29,424.0,486.79345370568575
9,38,2900,65,43,1,141,30,730.0,552.2553117300513
9,38,3000,70,41,0,169,29,808.0,0.0
9,38,3000,65,50,1,107,24,438.0,586.652419809404
9,38,2900,90,48,1,115,29,572.0,656.5699614692861
9,38,2900,90,35,1,113,38,572.0,560.1314782248454
9,38,2900,65,48,0,89,13,312.0,0.0
9,38,2900,85,36,0,165,33,630.0,0.0
9,38,2900,85,40,1,93,31,456.0,550.4052411906168
9,38,2900,90,36,1,71,38,476.0,538.3581543862748
9,38,2900,75,45,1,113,26,514.0,558.0492490972919
9,38,2900,80,49,0,151,23,520.0,0.0
9,38,2900,70,38,1,109,33,552.0,572.1267036458362
9,38,2900,70,40,0,165,31,698.0,0.0
9,38,2900,80,41,0,165,30,872.0,0.0
9,38,2900,90,48,0,219,22,616.0,0.0
9,38,2900,80,42,1,115,29,704.0,516.7706778574268
9,38,2900,80,35,1,159,35,694.0,503.3917308387313
9,38,2900,65,38,0,153,32,688.0,0.0
9,38,2900,65,42,1,159,20,506.0,312.29297705445293
9,38,2900,90,50,0,165,19,526.0,0.0
9,38,2900,70,44,0,109,24,460.0,0.0
9,38,2900,75,50,0,101,18,356.0,0.0
9,38,2900,60,49,1,101,17,450.0,408.2003451464104
9,38,2900,65,35,1,69,33,496.0,432.2316409755293
9,38,2900,90,36,1,165,35,588.0,450.0428081887585
9,38,2900,80,35,1,171,35,642.0,566.5729976125847
9,38,2900,75,39,1,109,31,728.0,611.6289750702958
9,38,2900,90,44,0,167,27,622.0,0.0
9,38,2900,90,44,0,113,26,668.0,0.0
9,38,2900,80,44,0,159,26,756.0,0.0
9,38,2900,70,45,0,115,19,570.0,0.0
9,38,2900,85,38,0,163,35,824.0,0.0
9,38,2900,65,41,1,145,34,568.0,550.6886732599062
9,38,2900,60,41,0,221,28,738.0,0.0
9,38,2900,70,46,0,167,22,560.0,0.0
9,38,2900,65,43,1,155,24,552.0,482.7231570655722
9,38,2900,75,49,1,111,20,546.0,275.75207880433237
9,38,2900,85,50,1,113,29,774.0,781.161614810048
9,38,2900,70,36,0,169,35,800.0,0.0
9,38,2900,60,37,1,91,36,602.0,628.4997226000164
9,38,2900,65,39,0,169,28,782.0,0.0
9,38,2800,80,44,0,107,21,528.0,0.0
9,38,2800,80,49,1,107,22,434.0,348.74007249125526
9,38,2800,60,35,1,159,32,634.0,475.6525629579329
9,38,2800,75,43,0,161,27,582.0,0.0
9,38,2800,90,48,1,151,22,548.0,410.0666810126551
9,38,2800,70,48,1,93,25,392.0,704.5157499714853
9,38,2800,80,50,0,161,18,490.0,0.0
9,38,2800,65,41,1,143,24,500.0,372.5561420852764
9,38,2800,60,40,0,209,26,642.0,0.0
9,38,2800,85,46,0,107,22,628.0,0.0
9,38,2800,85,35,1,155,37,606.0,474.9645365712276
9,38,2800,80,36,1,143,32,500.0,463.6145128961921
9,38,2800,75,45,0,105,20,424.0,0.0
9,38,2800,70,49,0,149,19,540.0,0.0
9,38,2800,70,47,1,111,24,456.0,386.93770987201174
9,38,2800,70,48,0,55,10,258.0,0.0
9,38,2800,75,49,1,139,18,520.0,239.1554797170947
9,38,2800,60,49,0,51,8,200.0,0.0
9,38,2800,80,36,0,97,29,656.0,0.0
9,38,2800,75,39,1,105,28,498.0,759.4451266384838
9,38,2800,65,45,1,109,25,468.0,646.6370121083311
9,38,2800,90,36,1,103,35,500.0,575.2665811689061
9,38,2800,85,35,0,111,34,630.0,0.0
9,38,2800,90,47,1,79,26,422.0,417.38825039265606
9,38,2800,80,48,0,103,22,530.0,0.0
9,38,2800,75,36,1,99,28,556.0,378.5875112276192
9,38,2800,90,44,1,195,30,758.0,694.2575790719202
9,38,2800,65,44,0,147,22,558.0,0.0
9,38,2800,80,48,0,163,26,574.0,0.0
9,38,2800,65,40,1,165,29,548.0,581.4336037668398
9,38,2800,90,35,0,163,36,726.0,0.0
9,38,2800,65,40,0,159,23,646.0,0.0
9,38,2800,85,39,1,101,28,550.0,521.9452044469247
9,38,2800,80,47,0,101,20,462.0,0.0
9,38,2800,75,47,1,99,15,352.0,173.1176276773067
9,38,2800,65,49,0,195,21,520.0,0.0
9,38,2800,85,46,1,81,28,488.0,455.80298415484157
9,38,2800,60,45,0,157,20,636.0,0.0
9,38,2800,65,42,1,75,24,358.0,333.17560328068464
9,38,2700,75,43,0,147,26,568.0,0.0
9,38,2800,70,46,0,143,15,546.0,0.0
9,38,2700,70,39,1,71,32,432.0,692.5132245015292
9,38,2700,60,38,0,149,19,488.0,0.0
9,38,2700,60,37,0,103,22,670.0,0.0
9,38,2700,80,48,1,147,18,516.0,509.1489787867438
9,38,2700,85,49,1,99,16,354.0,266.6546277180369
9,38,2700,65,43,0,139,20,446.0,0.0
9,38,2700,60,35,1,97,32,522.0,486.1689619003531
9,38,2700,75,48,1,115,25,458.0,664.4631235690705
9,38,2700,70,42,0,139,22,624.0,0.0
9,38,2700,70,44,1,101,21,332.0,412.6963162168002
9,38,2700,70,46,0,191,17,482.0,0.0
9,38,2700,85,43,1,103,28,542.0,480.241588580642
9,38,2700,60,38,1,89,27,392.0,413.860417391462
9,38,2700,65,41,0,155,25,602.0,0.0
9,38,2700,70,40,0,157,32,658.0,0.0
9,38,2700,90,40,1,105,29,634.0,535.330611524839
9,38,2700,75,39,0,159,25,614.0,0.0
9,38,2700,75,42,0,149,27,676.0,0.0
9,38,2700,90,46,1,139,27,608.0,384.38735186741843
9,38,2700,90,37,0,157,32,728.0,0.0
9,38,2700,80,44,0,153,23,624.0,0.0
9,38,2700,60,49,1,95,15,396.0,202.74869190262146
9,38,2700,90,46,1,99,25,448.0,302.3398569020078
9,38,2700,70,49,1,77,16,274.0,238.164610372135
9,38,2700,65,44,1,127,22,456.0,549.824461473468
9,38,2700,80,48,0,155,16,486.0,0.0
9,38,2700,60,37,0,155,25,658.0,0.0
9,38,2700,80,44,1,153,25,702.0,750.089730938545
9,38,2700,65,47,0,97,15,378.0,0.0
9,38,2700,75,46,0,161,19,548.0,0.0
9,38,2700,90,49,1,163,24,532.0,421.9403288155281
9,38,2700,70,49,0,151,16,542.0,0.0
9,38,2700,80,49,1,105,17,410.0,241.50508375706985
9,38,2700,85,37,0,133,32,678.0,0.0
9,38,2600,80,35,1,101,32,592.0,482.1649556536835
9,38,2700,90,45,1,103,19,404.0,383.1869867004276
9,38,2700,85,46,1,197,24,502.0,386.5775722082744
9,38,2700,60,47,1,205,29,726.0,334.07212694160995
9,38,2700,65,48,0,141,17,504.0,0.0
9,38,2700,70,50,0,89,17,370.0,0.0
9,38,2600,85,37,1,95,26,470.0,375.0344805410646
9,38,2600,65,36,0,141,28,554.0,0.0
9,38,2600,60,37,1,83,25,382.0,536.7314242852426
9,38,2600,70,38,0,101,25,512.0,0.0
9,38,2600,85,44,0,141,14,458.0,0.0
9,38,2600,75,46,1,75,20,388.0,259.6785562172448
9,38,2600,70,35,1,115,31,452.0,447.1361773679958
9,38,2600,85,48,0,137,16,416.0,0.0
9,38,2600,80,37,0,185,26,652.0,0.0
9,38,2600,70,44,0,145,16,366.0,0.0
9,38,2600,90,42,1,97,28,538.0,468.96065426671726
9,38,2600,60,36,1,111,23,346.0,351.05542193868865
9,38,2600,70,44,1,101,18,394.0,436.43301261816003
9,38,2600,90,47,0,127,17,408.0,0.0
9,38,2600,60,39,1,99,25,440.0,549.3241913829426
9,38,2600,75,44,0,135,20,524.0,0.0
9,38,2600,85,36,1,97,31,456.0,435.8469456129652
9,38,2600,65,41,0,145,16,542.0,0.0
9,38,2600,60,36,1,145,31,572.0,497.5612230422114
9,38,2600,70,45,1,77,25,354.0,491.5058325153074
9,38,2600,65,48,0,199,15,486.0,0.0
9,38,2600,90,44,0,103,25,456.0,0.0
9,38,2600,90,48,0,95,16,346.0,0.0
9,38,2600,70,35,1,89,23,342.0,269.71058125417
9,38,2600,65,45,1,111,22,308.0,444.6449921504977
9,38,2600,85,40,1,97,32,488.0,603.8543701900988
9,38,2600,70,42,0,129,22,562.0,0.0
9,38,2600,70,40,1,83,22,470.0,408.57710377044464
9,38,2600,90,48,0,83,13,282.0,0.0
9,38,2600,65,43,1,99,15,356.0,234.8490663547775
9,38,2600,60,48,0,165,20,590.0,0.0
9,38,2600,60,35,1,63,27,418.0,449.0945343052113
9,38,2600,85,40,0,103,20,470.0,0.0
9,38,2600,90,50,0,145,16,482.0,0.0
9,38,2600,70,37,0,195,29,612.0,0.0
9,38,2600,90,45,0,101,23,534.0,0.0
9,38,2600,85,44,0,103,24,612.0,0.0
9,38,2600,60,50,1,197,18,556.0,545.1382055895265
9,38,2600,65,49,1,77,17,244.0,186.5369462306627
9,38,2500,90,46,1,137,20,374.0,256.69261047475607
9,38,2500,60,48,0,115,12,356.0,0.0
9,38,2500,70,39,0,133,24,540.0,0.0
9,38,2500,85,40,1,95,23,384.0,336.5210427180207
9,38,2500,80,49,1,91,14,352.0,138.61380356584513
9,38,2500,75,38,1,131,22,576.0,359.3619488820312
9,38,2500,70,43,0,169,15,352.0,0.0
9,38,2500,90,46,1,131,20,460.0,276.75310298605183
9,38,2500,70,43,0,189,19,596.0,0.0
9,38,2500,90,35,1,95,32,482.0,429.714818765398
9,38,2500,75,41,0,93,24,404.0,0.0
9,38,2500,70,43,1,129,23,502.0,375.36777108109015
9,38,2500,60,44,0,119,14,324.0,0.0
9,38,2500,65,44,1,73,15,266.0,299.6196500599709
9,38,2500,85,45,0,93,19,294.0,0.0
9,38,2500,65,49,0,99,16,454.0,0.0
9,38,2500,85,35,0,139,35,670.0,0.0
9,38,2500,90,48,1,81,17,308.0,426.58680817447583
9,38,2500,70,44,0,141,19,438.0,0.0
9,38,2500,75,44,1,139,20,454.0,382.8251982787488
9,38,2500,65,43,1,143,15,408.0,249.8157274014688
9,38,2500,80,47,0,89,11,212.0,0.0
9,38,2500,90,49,1,65,20,336.0,426.36472358160046
9,38,2500,75,36,0,99,31,674.0,0.0
9,38,2500,90,38,1,99,33,486.0,522.7677717892916
9,38,2500,85,40,0,137,24,552.0,0.0
9,38,2500,90,44,0,169,27,686.0,0.0
9,38,2500,85,46,1,93,19,382.0,304.21553977727575
9,38,2500,65,49,0,91,13,210.0,0.0
9,38,2500,60,49,1,85,17,436.0,311.86538409709226
9,38,2500,60,35,1,139,28,520.0,422.0793473977254
9,38,2500,60,37,0,141,26,564.0,0.0
9,38,2500,60,38,1,99,27,488.0,462.6410471788126
9,38,2500,60,37,1,97,28,420.0,475.2414405346496
9,38,2500,75,39,0,133,20,488.0,0.0
9,38,2500,90,35,0,147,29,530.0,0.0
9,38,2400,85,36,1,115,24,384.0,266.409212384605
9,38,2500,90,39,1,91,30,502.0,618.3575020612358
9,38,2500,90,48,1,61,16,202.0,273.0144166139025
9,38,2400,60,43,0,67,13,338.0,0.0
9,38,2400,90,45,1,83,21,386.0,470.44008628543344
9,38,2500,75,44,0,271,25,690.0,0.0
9,38,2500,60,45,0,149,15,440.0,0.0
9,38,2400,80,37,0,143,28,694.0,0.0
9,38,2400,70,39,0,93,16,394.0,0.0
9,38,2400,70,45,1,105,20,342.0,451.46651094235403
9,38,2400,65,50,1,109,12,230.0,312.62385639451134
9,38,2400,60,49,1,103,15,276.0,209.51461750205635
9,38,2400,60,50,0,89,13,258.0,0.0
9,38,2400,65,50,0,127,13,344.0,0.0
9,38,2400,65,44,0,181,21,530.0,0.0
9,38,2400,75,47,1,127,14,396.0,191.19093515093377
9,38,2400,70,42,1,101,23,360.0,298.8214723048023
9,38,2400,85,44,1,87,18,356.0,379.0877881797174
9,38,2400,75,40,0,87,19,346.0,0.0
9,38,2400,80,44,1,79,17,344.0,414.52467676507064
9,38,2400,85,47,0,91,20,520.0,0.0
9,38,2400,80,40,1,133,25,518.0,411.2388917665117
9,38,2400,65,47,0,75,7,232.0,0.0
9,38,2400,65,39,0,91,17,360.0,0.0
9,38,2400,65,38,0,133,20,484.0,0.0
9,38,2400,75,42,1,91,19,384.0,301.07364516063564
9,38,2400,80,48,0,81,17,304.0,0.0
9,38,2400,60,46,1,77,17,238.0,226.25052964668473
9,38,2400,70,37,1,143,23,518.0,398.94088466150265
9,38,2400,60,36,0,139,19,474.0,0.0
9,38,2400,80,50,1,187,10,294.0,256.65865288163116
9,38,2400,70,50,0,117,15,294.0,0.0
9,38,2400,85,36,1,95,25,514.0,320.3325586918349
9,38,2400,70,41,0,183,19,514.0,0.0
9,38,2400,80,42,0,91,19,446.0,0.0
9,38,2400,80,49,1,85,14,296.0,297.46356735060726
9,38,2400,85,42,1,65,19,316.0,367.1026416766031
9,38,2400,90,42,0,89,17,476.0,0.0
9,38,2400,85,46,1,67,13,238.0,256.88229334296904
9,38,2400,65,48,0,67,8,192.0,0.0
9,38,2400,85,39,0,139,29,668.0,0.0
9,38,2400,85,40,1,117,27,382.0,398.7809146099596
9,38,2400,75,50,1,123,12,336.0,316.6633693797871
9,38,2300,90,42,1,91,21,332.0,281.232114023669
9,38,2400,75,44,0,121,16,414.0,0.0
9,38,2300,60,38,0,121,18,410.0,0.0
9,38,2300,90,41,1,91,18,304.0,293.0330503045852
9,38,2300,90,45,1,123,20,408.0,432.44142466184826
9,38,2300,90,46,0,85,16,326.0,0.0
9,38,2300,80,49,0,83,12,256.0,0.0
9,38,2300,65,41,1,133,19,390.0,476.60298690934906
9,38,2300,80,50,0,159,17,330.0,0.0
9,38,2300,65,50,1,57,6,86.0,73.68412279780327
9,38,2300,75,40,1,87,13,314.0,235.73454553846003
9,38,2300,80,49,0,117,11,290.0,0.0
9,38,2300,85,48,0,89,9,130.0,0.0
9,38,2300,70,50,1,109,13,224.0,299.79447479610724
9,38,2300,65,37,0,89,10,292.0,0.0
9,38,2300,80,39,0,121,25,544.0,0.0
9,38,2300,75,35,1,91,28,472.0,363.6738671499494
9,38,2300,65,46,1,125,12,270.0,149.11911725484768
9,38,2300,90,35,1,77,32,412.0,390.44970692492154
9,38,2300,70,50,1,73,10,206.0,277.6632244784106
9,38,2300,70,44,0,165,12,408.0,0.0
9,38,2300,70,35,0,87,20,376.0,0.0
9,38,2300,90,38,1,129,15,460.0,312.9375464736477
9,38,2300,65,35,0,171,23,710.0,0.0
9,38,2300,90,50,0,129,12,270.0,0.0
9,38,2300,85,40,1,77,21,274.0,357.987945052247
9,38,2300,70,40,1,113,21,466.0,323.6148667594459
9,38,2300,90,44,0,87,16,370.0,0.0
9,38,2300,90,35,0,219,29,614.0,0.0
9,38,2300,75,35,1,109,26,460.0,367.9080611308768
9,38,2300,80,37,0,81,17,452.0,0.0
9,38,2300,85,40,1,131,13,356.0,158.44047583806162
9,38,2300,65,44,0,117,16,350.0,0.0
9,38,2300,60,46,0,101,11,290.0,0.0
9,38,2300,60,39,0,121,20,462.0,0.0
9,38,2300,80,39,1,101,29,494.0,510.44719423358293
9,38,2300,75,43,1,169,18,380.0,262.6214571369367
9,38,2300,70,49,1,79,9,254.0,121.78089027736902
9,38,2300,60,39,1,77,18,260.0,405.7065498230679
9,38,2300,85,47,0,125,15,418.0,0.0
9,38,2200,60,35,1,97,25,438.0,349.22660479104496
9,38,2200,85,39,1,121,26,362.0,536.6601115302249
9,38,2300,75,43,0,89,17,426.0,0.0
9,38,2200,85,39,1,85,25,390.0,545.7972387978562
9,38,2200,85,36,0,123,24,486.0,0.0
9,38,2200,75,39,1,77,25,328.0,427.078225909303
9,38,2200,65,43,0,83,12,252.0,0.0
9,38,2200,85,45,1,87,18,338.0,430.48221549673383
9,38,2200,75,49,0,73,8,182.0,0.0
9,38,2200,65,49,0,121,9,276.0,0.0
9,38,2200,65,36,0,107,19,412.0,0.0
9,38,2200,60,42,0,121,22,504.0,0.0
9,38,2200,85,42,0,199,19,484.0,0.0
9,38,2200,75,45,0,117,13,308.0,0.0
9,38,2200,65,48,1,73,11,222.0,255.19160549234638
9,38,2200,70,48,1,93,8,194.0,183.65161267362552
9,38,2200,75,50,1,113,13,334.0,303.9376153227886
9,38,2200,60,44,0,121,14,404.0,0.0
9,38,2200,65,42,1,71,12,230.0,174.12418077817142
9,38,2200,85,44,1,61,11,184.0,330.6249047969256
9,38,2200,70,43,0,83,14,250.0,0.0
9,38,2200,80,48,0,43,11,196.0,0.0
9,38,2200,65,48,1,111,17,324.0,335.5255304921688
9,38,2200,80,50,1,157,9,222.0,324.0716780023588
9,38,2200,75,38,1,79,14,314.0,183.5931875823447
9,38,2200,80,46,1,81,17,286.0,207.09203395215934
9,38,2200,65,47,1,61,10,236.0,144.55105554601175
9,38,2200,90,48,0,77,12,270.0,0.0
9,38,2200,70,49,0,79,12,218.0,0.0
9,38,2200,90,49,0,117,13,318.0,0.0
9,38,2200,80,49,0,141,14,346.0,0.0
9,38,2200,60,35,0,165,22,384.0,0.0
9,38,2200,80,36,1,67,23,352.0,236.57078514102525
9,38,2200,60,38,1,85,17,386.0,263.9313634851242
9,38,2200,90,42,0,117,21,416.0,0.0
9,38,2200,65,35,1,83,24,476.0,252.31363868758595
9,38,2200,85,46,1,95,18,238.0,212.99266414060835
9,38,2200,70,49,0,77,11,240.0,0.0
9,38,2100,90,36,1,65,23,280.0,264.95066122675405
9,38,2100,70,38,0,105,13,258.0,0.0
9,38,2100,75,41,1,149,14,338.0,316.4975353691597
9,38,2200,75,45,0,83,8,246.0,0.0
9,38,2100,75,46,0,153,13,376.0,0.0
9,38,2200,80,49,0,151,12,342.0,0.0
9,38,2200,90,50,1,63,6,142.0,186.75918405260052
9,38,2100,65,38,1,63,19,322.0,282.2521323044874
9,38,2100,90,40,0,79,13,306.0,0.0
9,38,2100,60,37,0,87,15,278.0,0.0
9,38,2100,90,41,1,79,10,292.0,147.79810235235695
9,38,2100,90,39,1,81,19,390.0,313.47967224645623
9,38,2100,70,46,1,79,16,274.0,220.80198651225186
9,38,2100,80,49,0,71,8,204.0,0.0
9,38,2100,80,35,0,81,24,454.0,0.0
9,38,2100,60,41,1,103,12,294.0,235.52301121189228
9,38,2100,60,35,0,159,17,362.0,0.0
9,38,2100,70,42,0,119,11,232.0,0.0
9,38,2100,60,45,0,67,8,190.0,0.0
9,38,2100,65,46,1,51,12,180.0,218.03477978571996
9,38,2100,90,47,1,43,9,148.0,119.90503850886004
9,38,2100,75,39,0,79,13,156.0,0.0
9,38,2100,85,43,1,83,16,262.0,234.2856278621416
9,38,2100,90,42,0,121,15,346.0,0.0
9,38,2100,80,40,1,41,10,186.0,149.13047970412754
9,38,2100,80,44,0,117,14,410.0,0.0
9,38,2100,80,43,1,71,12,288.0,217.2840975781738
9,38,2100,90,47,1,61,15,218.0,196.51907181866136
9,38,2100,70,35,0,77,15,294.0,0.0
9,38,2100,90,37,0,97,18,358.0,0.0
9,38,2100,60,42,0,39,5,152.0,0.0
9,38,2100,80,42,1,103,16,278.0,278.0995723036656
9,38,2100,60,42,1,115,11,228.0,135.49195997126012
9,38,2100,80,50,0,159,12,332.0,0.0
9,38,2100,80,50,1,67,8,180.0,229.0953560020495
9,38,2100,85,39,0,83,16,366.0,0.0
9,38,2100,90,45,1,57,7,156.0,160.4860201501362
9,38,2100,65,43,1,77,13,328.0,350.5603325951703
9,38,2100,90,35,0,161,19,398.0,0.0
9,38,2100,80,39,1,57,10,176.0,242.0665469616804
9,38,2100,70,46,1,111,13,326.0,182.68770189265095
9,38,2100,70,49,0,41,5,114.0,0.0
9,38,2000,70,39,1,59,12,234.0,230.0925080905867
9,38,2000,75,40,0,77,12,324.0,0.0
9,38,2100,60,39,0,105,13,266.0,0.0
9,38,2000,80,37,1,77,20,304.0,187.39744209898913
9,38,2000,65,38,1,71,21,286.0,246.36871832755753
9,38,2000,75,37,0,95,13,254.0,0.0
9,38,2000,90,44,0,107,11,212.0,0.0
9,38,2000,85,44,1,67,13,240.0,323.49648894370307
9,38,2000,85,47,1,71,12,152.0,172.58863972288995
9,38,2000,60,50,0,75,8,224.0,0.0
9,38,2000,90,37,0,103,14,280.0,0.0
9,38,2000,60,39,0,61,7,114.0,0.0
9,38,2000,80,41,1,57,19,246.0,391.8253245052129
9,38,2000,75,47,1,69,11,240.0,191.7398324462308
9,38,2000,75,37,0,69,9,204.0,0.0
9,38,2000,60,44,0,103,14,386.0,0.0
9,38,2000,60,44,1,67,11,152.0,269.1127736160916
9,38,2000,75,48,1,79,14,228.0,429.4209567802101
9,38,2000,70,44,0,107,13,352.0,0.0
9,38,2000,70,48,1,75,8,168.0,227.14516268210016
9,38,2000,75,50,0,77,5,118.0,0.0
9,38,2000,75,37,1,59,16,224.0,170.82374079633814
9,38,2000,80,36,0,105,15,376.0,0.0
9,38,2000,70,37,1,85,23,404.0,365.808545595311
9,38,2000,80,42,1,59,18,258.0,348.22649244588126
9,38,2000,60,48,0,105,11,278.0,0.0
9,38,2000,65,50,0,39,5,108.0,0.0
9,38,2000,70,49,1,41,6,150.0,90.44244762711827
9,38,2000,75,37,0,71,13,216.0,0.0
9,38,2000,60,39,0,147,17,398.0,0.0
9,38,2000,60,44,1,73,9,184.0,217.688150383439
9,38,2000,60,37,1,67,10,210.0,98.98349829169844
9,38,2000,60,49,1,71,9,202.0,130.07358327475376
9,38,2000,80,40,1,55,14,228.0,172.9346650503095
9,38,2000,80,47,0,99,12,244.0,0.0
9,38,2000,80,36,1,135,28,434.0,404.85129409574097
9,38,2000,75,37,0,71,13,256.0,0.0
9,38,2000,60,40,1,77,13,262.0,212.05919735292463
9,38,2000,90,46,0,115,13,332.0,0.0
9,38,2000,75,50,0,201,10,290.0,0.0
9,38,2000,80,43,0,131,15,300.0,0.0
9,38,1900,60,48,1,55,7,158.0,150.1182386298014
9,38,1900,60,36,0,73,19,358.0,0.0
9,38,1900,90,36,0,73,25,384.0,0.0
9,38,1900,85,37,0,107,16,294.0,0.0
9,38,1900,70,45,1,49,12,208.0,230.5745931062572
9,38,1900,90,41,1,71,18,258.0,361.9494647557173
9,38,1900,85,43,1,93,13,256.0,249.58840561217784
9,38,1900,75,40,0,99,15,248.0,0.0
9,38,1900,70,41,0,63,7,182.0,0.0
9,38,1900,75,41,1,139,14,380.0,315.9350428448012
9,38,1900,70,35,1,89,12,252.0,65.48701717317795
9,38,1900,60,43,0,83,12,216.0,0.0
9,38,1900,85,43,1,73,12,180.0,165.3439838614348
9,38,1900,85,42,0,69,14,254.0,0.0
9,38,1900,80,49,1,69,10,168.0,191.76849973188905
9,38,1900,85,42,1,57,9,202.0,178.51484692372392
9,38,1900,65,43,1,41,8,116.0,139.0635006809338
9,38,1900,90,44,0,113,11,294.0,0.0
9,38,1900,70,50,0,71,9,198.0,0.0
9,38,1900,80,45,1,69,12,210.0,223.08783662416104
9,38,1900,90,49,0,69,9,128.0,0.0
9,38,1900,85,49,0,109,10,186.0,0.0
9,38,1900,65,35,1,99,17,282.0,163.79486969016543
9,38,1900,60,37,0,37,8,142.0,0.0
9,38,1900,85,43,0,71,8,202.0,0.0
9,38,1900,80,46,1,177,11,288.0,207.66767410626943
9,38,1900,70,47,1,73,11,118.0,159.5048433293529
9,38,1900,75,46,0,129,11,240.0,0.0
9,38,1900,90,49,1,39,7,130.0,108.55830606998863
9,38,1900,80,36,1,95,17,346.0,218.0859652680241
9,38,1900,70,36,0,143,19,352.0,0.0
9,38,1900,80,42,0,69,12,244.0,0.0
9,38,1900,70,43,1,51,12,166.0,193.5627543349663
9,38,1900,65,41,0,133,12,296.0,0.0
9,38,1900,85,38,0,101,12,218.0,0.0
9,38,1900,80,48,1,75,9,184.0,168.14897002318202
9,38,1900,80,37,1,61,13,132.0,121.39541802187358
9,38,1900,90,43,0,101,11,240.0,0.0
9,38,1800,75,45,0,81,9,184.0,0.0
9,38,1800,75,49,1,49,9,160.0,91.00856025303997
9,38,1900,80,50,1,37,7,132.0,147.21679946686547
9,38,1900,65,50,0,71,7,208.0,0.0
9,38,1800,90,50,1,45,9,112.0,223.90557168584934
9,38,1800,70,36,0,141,16,364.0,0.0
9,38,1800,80,39,1,77,13,186.0,272.2214226700958
9,38,1800,85,41,0,133,12,244.0,0.0
9,38,1800,65,45,0,81,8,164.0,0.0
9,38,1800,60,47,0,51,3,86.0,0.0
9,38,1800,65,50,1,67,5,148.0,157.8707065841072
9,38,1800,85,49,1,91,13,258.0,109.38849769038012
9,38,1800,90,36,1,79,15,212.0,168.10179959509136
9,38,1800,60,39,0,97,13,264.0,0.0
9,38,1800,70,39,0,49,6,110.0,0.0
9,38,1800,75,42,1,93,19,246.0,327.1351865709274
9,38,1800,85,48,0,47,7,106.0,0.0
9,38,1800,80,48,1,67,12,222.0,257.77160907240244
9,38,1800,65,48,1,109,10,244.0,328.38586541951383
9,38,1800,80,37,1,43,12,184.0,144.89609738802125
9,38,1800,65,44,0,65,6,86.0,0.0
9,38,1800,60,39,0,71,16,270.0,0.0
9,38,1800,70,50,0,87,5,88.0,0.0
9,38,1800,75,50,1,59,5,124.0,116.04601003842288
9,38,1800,60,48,1,69,11,184.0,309.6504434141307
9,38,1800,60,42,0,121,13,290.0,0.0
9,38,1800,70,46,0,33,5,116.0,0.0
9,38,1800,65,35,0,65,14,286.0,0.0
9,38,1800,80,35,1,59,15,172.0,183.11265868948118
9,38,1800,70,47,1,61,10,170.0,160.71050278854693
9,38,1800,70,37,0,57,9,164.0,0.0
9,38,1800,75,49,1,97,10,128.0,138.71964809646266
9,38,1800,65,41,1,31,5,132.0,125.44227944737689
9,38,1800,90,35,1,79,20,270.0,264.49369161012146
9,38,1800,85,36,0,97,18,280.0,0.0
9,38,1800,90,42,0,35,4,66.0,0.0
9,38,1800,60,46,0,103,8,172.0,0.0
9,38,1800,80,42,1,75,10,168.0,188.66251455683846
9,38,1800,85,44,0,59,10,198.0,0.0
9,38,1800,75,47,1,95,11,244.0,132.9271560629653
9,38,1700,75,37,1,67,9,184.0,118.30581969262039
9,38,1700,75,38,1,121,18,272.0,264.7509488416778
9,38,1700,85,38,0,93,13,298.0,0.0
9,38,1700,65,40,0,79,11,226.0,0.0
9,38,1700,60,48,1,51,7,90.0,137.95190337878736
9,38,1800,70,47,0,71,7,156.0,0.0
9,38,1800,75,44,1,83,7,98.0,191.41964789407817
9,38,1700,80,35,0,67,16,312.0,0.0
9,38,1700,70,37,0,129,16,294.0,0.0
9,38,1700,90,40,0,67,14,222.0,0.0
9,38,1700,90,44,1,61,6,140.0,222.10924483191133
9,38,1700,60,43,0,43,9,136.0,0.0
9,38,1700,75,50,1,81,9,160.0,186.43623862453973
9,38,1700,75,49,1,35,7,102.0,76.09505294668739
9,38,1700,70,41,1,95,9,166.0,184.0698225142771
9,38,1700,60,43,0,51,8,132.0,0.0
9,38,1700,80,45,1,89,10,170.0,233.99502896299572
9,38,1700,85,37,1,57,18,264.0,349.29954673778815
9,38,1700,60,48,1,55,7,90.0,182.93990754338262
9,38,1700,60,50,0,39,3,40.0,0.0
9,38,1700,70,46,0,63,10,152.0,0.0
9,38,1700,65,38,0,63,6,178.0,0.0
9,38,1700,85,38,1,117,12,284.0,181.829974765607
9,38,1700,65,35,1,85,22,330.0,232.90105615977916
9,38,1700,75,39,0,83,12,200.0,0.0
9,38,1700,75,41,0,67,10,198.0,0.0
9,38,1700,60,38,1,69,10,214.0,86.73284435644607
9,38,1700,70,46,0,87,6,88.0,0.0
9,38,1700,70,39,0,67,10,154.0,0.0
9,38,1700,80,48,1,33,2,66.0,69.01886602749555
9,38,1700,90,45,1,63,11,172.0,229.1075436817176
9,38,1700,70,44,0,27,2,52.0,0.0
9,38,1700,75,44,1,83,5,134.0,125.14362681003536
9,38,1700,60,36,1,79,12,242.0,139.398847436577
9,38,1700,70,44,0,93,12,188.0,0.0
9,38,1700,75,35,1,61,15,182.0,205.552682978218
9,38,1700,90,42,0,81,9,170.0,0.0
9,38,1700,90,50,1,73,12,156.0,281.18962840663744
9,38,1700,80,41,1,93,11,202.0,207.52746061182916
9,38,1700,65,35,0,61,16,242.0,0.0
9,38,1700,65,47,0,147,10,260.0,0.0
9,38,1700,75,45,0,85,9,180.0,0.0
9,38,1600,85,39,0,85,13,196.0,0.0
9,38,1600,70,39,1,61,6,98.0,144.33010899080878
9,38,1600,75,37,1,63,6,144.0,63.793002592602555
9,38,1600,90,36,1,65,19,178.0,225.41501089311566
9,38,1600,70,39,0,59,9,178.0,0.0
9,38,1600,70,39,1,107,12,170.0,296.05165677855337
9,38,1600,80,39,1,59,6,108.0,123.12538430012381
9,38,1600,80,44,0,57,6,110.0,0.0
9,38,1600,80,48,0,69,7,124.0,0.0
9,38,1600,85,49,0,29,6,58.0,0.0
9,38,1600,85,47,1,49,7,118.0,106.10270328873129
9,38,1600,70,41,0,31,7,62.0,0.0
9,38,1600,70,40,1,51,7,154.0,120.60942608676852
9,38,1600,65,37,0,53,5,78.0,0.0
9,38,1600,65,37,1,41,11,132.0,183.36305707669575
9,38,1600,65,41,0,43,5,90.0,0.0
9,38,1600,60,42,0,75,5,130.0,0.0
9,38,1600,85,47,0,87,11,176.0,0.0
9,38,1600,90,49,1,61,10,144.0,82.25618816377265
9,38,1600,90,48,1,81,9,150.0,227.12023348114857
9,38,1600,75,46,1,77,6,150.0,81.49677207569599
9,38,1600,80,39,0,75,9,136.0,0.0
9,38,1600,60,41,0,83,10,186.0,0.0
9,38,1600,90,40,0,57,11,150.0,0.0
9,38,1600,80,40,1,47,5,70.0,69.44829899790642
9,38,1600,75,45,1,31,6,84.0,69.22025070696851
9,38,1600,85,42,0,89,12,254.0,0.0
9,38,1600,90,48,1,59,14,162.0,288.7537064879113
9,38,1600,70,35,1,39,10,132.0,94.96333369685073
9,38,1600,60,37,1,49,13,150.0,177.71787548661433
9,38,1600,60,40,0,57,7,142.0,0.0
9,38,1600,60,43,0,53,6,138.0,0.0
9,38,1600,90,39,1,57,8,152.0,198.47510766381768
9,38,1600,85,49,1,57,7,176.0,71.67729879278302
9,38,1600,70,44,0,111,10,196.0,0.0
9,38,1600,75,38,1,53,16,146.0,233.04945234859662
9,38,1600,80,50,0,93,6,124.0,0.0
9,38,1600,70,37,0,85,15,258.0,0.0
9,38,1600,85,37,0,73,13,194.0,0.0
9,38,1500,80,36,1,29,8,166.0,60.45117852104577
9,38,1600,90,49,1,83,8,194.0,91.1390299540328
9,38,1500,75,43,0,85,7,132.0,0.0
9,38,1500,70,37,1,51,11,148.0,147.9559125777443
9,38,1500,65,47,1,137,9,138.0,136.77957381332075
9,38,1500,80,35,1,35,8,136.0,92.93274543008414
9,38,1500,65,49,0,41,3,68.0,0.0
9,38,1500,65,43,0,53,6,102.0,0.0
9,38,1500,70,50,1,61,6,62.0,167.22228726888645
9,38,1500,75,50,0,29,3,54.0,0.0
9,38,1500,60,35,1,65,7,112.0,40.06784989828232
9,38,1500,75,38,0,29,9,132.0,0.0
9,38,1500,75,37,0,87,8,162.0,0.0
9,38,1500,70,39,1,29,4,54.0,83.49105288364784
9,38,1500,70,39,1,81,7,112.0,155.9041397062389
9,38,1500,70,42,0,55,8,156.0,0.0
9,38,1500,90,42,0,59,15,198.0,0.0
9,38,1500,85,35,1,43,10,136.0,171.61840113087183
9,38,1500,90,37,0,53,9,158.0,0.0
9,38,1500,65,38,1,57,11,134.0,146.73004226165037
9,38,1500,60,46,1,23,3,72.0,40.68315660843038
9,38,1500,60,46,0,83,7,164.0,0.0
9,38,1500,80,45,1,15,2,16.0,42.839008062908114
9,38,1500,60,50,0,55,5,114.0,0.0
9,38,1500,90,37,1,93,9,152.0,123.77725955428967
9,38,1500,90,38,0,81,6,82.0,0.0
9,38,1500,85,35,1,41,12,142.0,100.24811733773774
9,38,1500,85,36,0,113,15,278.0,0.0
9,38,1500,65,46,0,53,8,126.0,0.0
9,38,1500,90,42,1,71,10,130.0,136.1257498711691
9,38,1500,65,43,0,29,3,42.0,0.0
9,38,1500,65,35,1,63,11,124.0,133.0360616763002
9,38,1500,80,44,1,49,7,126.0,205.89492278201453
9,38,1500,65,41,0,57,7,130.0,0.0
9,38,1500,90,45,1,63,7,92.0,147.1386153704921
9,38,1500,85,49,1,29,4,60.0,43.87395134854851
9,38,1500,75,50,0,55,5,126.0,0.0
9,38,1500,60,47,0,27,3,74.0,0.0
9,38,1500,65,47,0,101,6,120.0,0.0
9,38,1500,85,39,1,101,13,204.0,283.49098159894845
9,37,3000,60,37,1,89,29,454.0,452.79265667603704
9,38,1500,85,39,0,81,13,222.0,0.0
9,37,3000,75,41,1,97,36,608.0,641.5040299008767
9,37,3000,80,41,0,217,26,706.0,0.0
9,37,3000,70,47,1,157,13,406.0,206.84001311037804
9,37,3000,90,50,0,117,26,534.0,0.0
9,37,3000,60,35,0,115,32,648.0,0.0
9,37,3000,85,37,1,113,35,544.0,623.6547076850718
9,37,3000,65,49,0,111,22,598.0,0.0
9,37,3000,75,35,0,113,37,642.0,0.0
9,37,3000,80,48,0,213,24,624.0,0.0
9,37,3000,65,49,1,115,26,472.0,438.2410457302729
9,37,3000,70,36,1,99,35,604.0,567.1944229142922
9,37,3000,85,42,0,115,26,748.0,0.0
9,37,3000,85,41,0,115,29,682.0,0.0
9,37,3000,75,42,1,221,35,758.0,620.400748144659
9,37,3000,60,46,1,117,17,492.0,250.61893452830572
9,37,3000,80,50,1,115,18,484.0,535.2627525553629
9,37,3000,90,46,0,169,29,900.0,0.0
9,37,3000,60,37,1,87,32,524.0,463.92059558469197
9,37,3000,60,37,1,123,32,670.0,587.7652239329992
9,37,3000,85,38,1,169,35,588.0,580.4747965875746
9,37,3000,85,40,0,117,31,648.0,0.0
9,37,3000,80,40,0,113,31,754.0,0.0
9,37,3000,75,42,0,227,31,952.0,0.0
9,37,3000,60,44,1,77,24,400.0,467.3115746812337
9,37,3000,70,37,0,169,31,676.0,0.0
9,37,3000,80,38,0,153,33,736.0,0.0
9,37,3000,75,38,1,115,34,652.0,654.6309863066502
9,37,3000,80,36,0,175,32,736.0,0.0
9,37,3000,85,40,1,79,30,478.0,465.54207335007453
9,37,3000,70,41,1,177,29,714.0,709.5276286894306
9,37,3000,70,45,0,215,22,766.0,0.0
9,37,3000,75,35,0,147,36,708.0,0.0
9,37,3000,90,37,1,71,37,502.0,589.827859556346
9,37,3000,80,38,0,109,32,514.0,0.0
9,37,3000,85,41,1,83,32,508.0,476.53168991328994
9,37,3000,70,43,0,155,22,632.0,0.0
9,37,3000,90,45,1,103,30,498.0,771.9873607862578
9,37,3000,85,44,1,229,31,722.0,548.1986022786008
9,37,2900,65,36,1,87,33,488.0,381.66611442898153
9,37,2900,60,40,0,155,24,554.0,0.0
9,37,2900,60,45,0,95,15,476.0,0.0
9,37,2900,75,46,0,205,21,574.0,0.0
9,37,2900,90,43,1,99,23,474.0,460.6819453405674
9,37,3000,65,48,0,161,22,554.0,0.0
9,37,2900,75,47,1,169,23,560.0,367.589612400113
9,37,2900,65,35,0,169,32,870.0,0.0
9,37,2900,80,35,1,85,36,558.0,581.1357898441642
9,37,2900,75,37,1,163,33,674.0,508.09427185239974
9,37,2900,65,44,1,81,20,344.0,670.8185480648793
9,37,2900,65,39,0,161,29,690.0,0.0
9,37,2900,70,43,1,67,24,478.0,391.1818368582837
9,37,2900,65,45,0,213,20,536.0,0.0
9,37,2900,60,39,0,115,32,810.0,0.0
9,37,2900,85,41,1,109,32,586.0,685.9842681298244
9,37,2900,90,39,1,95,36,566.0,750.414999930543
9,37,2900,60,45,1,151,27,678.0,595.3616427828727
9,37,2900,85,47,0,157,21,412.0,0.0
9,37,2900,85,45,0,115,25,586.0,0.0
9,37,2900,90,49,0,101,23,562.0,0.0
9,37,2900,75,36,0,161,29,732.0,0.0
9,37,2900,70,36,0,159,36,756.0,0.0
9,37,2900,90,38,1,83,32,494.0,495.53741671002524
9,37,2900,85,43,1,87,29,558.0,630.2405931642313
9,37,2900,85,47,1,111,17,426.0,224.99969758430365
9,37,2900,85,45,0,107,24,466.0,0.0
9,37,2900,90,47,1,73,21,396.0,325.1615193029649
9,37,2900,80,39,1,103,30,476.0,564.5739026341731
9,37,2900,70,44,0,223,24,736.0,0.0
9,37,2900,70,46,0,165,13,364.0,0.0
9,37,2900,70,49,0,111,19,534.0,0.0
9,37,2900,65,46,0,103,25,470.0,0.0
9,37,2900,80,47,1,103,31,498.0,514.501567924718
9,37,2900,90,47,1,111,24,510.0,401.6274521300859
9,37,2900,90,38,1,101,35,506.0,514.7355540439312
9,37,2800,75,38,1,71,29,460.0,500.9151522375319
9,37,2900,60,41,0,103,20,592.0,0.0
9,37,2900,70,43,0,155,27,742.0,0.0
9,37,2900,65,47,0,113,21,624.0,0.0
9,37,2900,65,50,1,109,19,514.0,599.8357461209503
9,37,2900,80,48,1,103,27,458.0,655.2660029097485
9,37,2800,75,36,0,107,31,588.0,0.0
9,37,2800,70,43,1,91,24,344.0,357.61154616072264
9,37,2800,65,35,0,159,30,646.0,0.0
9,37,2800,80,45,0,139,24,662.0,0.0
9,37,2800,90,44,1,111,26,478.0,826.884304125244
9,37,2800,90,40,1,117,28,536.0,487.7865468372064
9,37,2800,60,47,1,95,14,300.0,244.48648972147888
9,37,2800,75,41,0,149,24,560.0,0.0
9,37,2800,60,39,1,161,26,612.0,537.3530564761621
9,37,2800,75,49,0,91,15,372.0,0.0
9,37,2800,60,40,1,145,26,580.0,323.9566446983674
9,37,2800,60,49,0,135,18,512.0,0.0
9,37,2800,90,46,0,123,26,506.0,0.0
9,37,2800,85,38,1,155,33,530.0,435.0387395414693
9,37,2800,85,40,0,157,30,604.0,0.0
9,37,2800,90,40,1,103,28,464.0,417.63600899377644
9,37,2800,80,37,0,101,34,556.0,0.0
9,37,2800,80,40,0,163,30,796.0,0.0
9,37,2800,90,48,1,103,26,404.0,558.1929077800658
9,37,2800,60,35,1,77,30,480.0,582.4518727212838
9,37,2800,75,35,1,93,32,524.0,499.37460331490985
9,37,2800,65,35,0,149,31,596.0,0.0
9,37,2800,90,42,1,77,30,470.0,405.126816338444
9,37,2800,80,46,0,107,21,442.0,0.0
9,37,2800,65,47,1,211,21,602.0,345.6824936461433
9,37,2800,90,49,0,191,22,542.0,0.0
9,37,2800,70,35,1,111,35,564.0,446.39715569086
9,37,2800,60,35,1,97,33,460.0,443.2329460696938
9,37,2800,80,38,0,149,34,812.0,0.0
9,37,2800,75,41,0,139,25,602.0,0.0
9,37,2800,80,43,0,155,26,606.0,0.0
9,37,2800,60,41,1,79,26,358.0,370.3709624078946
9,37,2800,75,49,0,159,18,614.0,0.0
9,37,2800,80,36,1,111,35,626.0,402.6838751954295
9,37,2800,75,36,0,105,31,594.0,0.0
9,37,2800,80,36,0,215,36,726.0,0.0
9,37,2800,75,42,1,107,25,560.0,480.9610237241251
9,37,2800,75,43,1,167,29,586.0,621.5365771754705
9,37,2700,75,47,1,101,20,350.0,238.51992893008506
9,37,2800,60,50,0,151,19,642.0,0.0
9,37,2700,90,40,0,141,26,648.0,0.0
9,37,2700,60,47,1,143,22,382.0,295.2503644551816
9,37,2700,85,35,0,105,33,684.0,0.0
9,37,2700,75,41,1,151,30,596.0,604.2604558571685
9,37,2700,70,49,1,95,24,466.0,309.7212245041259
9,37,2700,70,50,0,95,16,384.0,0.0
9,37,2700,90,49,0,101,17,380.0,0.0
9,37,2700,85,48,1,149,23,602.0,671.3040179547324
9,37,2700,85,40,0,97,28,506.0,0.0
9,37,2700,80,39,1,103,27,394.0,558.4140326219682
9,37,2700,80,41,0,91,23,534.0,0.0
9,37,2700,60,41,1,103,19,612.0,377.730920027998
9,37,2700,85,42,0,157,22,516.0,0.0
9,37,2700,80,47,1,109,27,498.0,394.54538955384317
9,37,2700,75,41,1,101,27,426.0,663.8974228194805
9,37,2700,85,44,0,105,23,570.0,0.0
9,37,2700,75,44,1,155,23,582.0,574.9410056919338
9,37,2700,80,46,0,101,18,396.0,0.0
9,37,2700,75,47,0,145,21,460.0,0.0
9,37,2700,70,43,0,153,25,650.0,0.0
9,37,2700,70,45,1,115,28,506.0,756.5466571182144
9,37,2700,65,50,1,95,17,412.0,377.4446636713167
9,37,2700,85,49,0,107,20,428.0,0.0
9,37,2700,70,36,0,147,29,602.0,0.0
9,37,2700,60,39,0,203,28,736.0,0.0
9,37,2700,65,39,1,127,27,518.0,456.0076126446984
9,37,2700,75,40,1,105,25,520.0,397.55378636458306
9,37,2700,75,35,1,113,33,520.0,475.6084468051645
9,37,2700,90,49,1,73,15,244.0,283.6468571110696
9,37,2700,90,50,0,149,19,508.0,0.0
9,37,2700,75,36,0,99,30,624.0,0.0
9,37,2700,70,36,0,207,30,774.0,0.0
9,37,2700,85,37,0,159,35,678.0,0.0
9,37,2700,90,48,1,85,21,342.0,445.89072515904604
9,37,2700,90,45,1,83,24,402.0,547.5737520272457
9,37,2700,75,48,1,153,13,388.0,334.7163592558426
9,37,2700,75,50,0,105,16,372.0,0.0
9,37,2600,75,38,0,189,27,556.0,0.0
9,37,2600,70,38,1,97,27,450.0,478.131736140168
9,37,2600,80,41,1,95,22,468.0,478.7930065533771
9,37,2600,75,46,0,133,15,386.0,0.0
9,37,2700,85,46,0,103,14,330.0,0.0
9,37,2700,65,48,1,87,23,414.0,554.6712387608599
9,37,2600,75,48,1,101,21,486.0,463.1838010056413
9,37,2600,75,36,1,75,33,444.0,380.9589828551769
9,37,2600,65,36,1,97,28,548.0,412.9348488170197
9,37,2600,70,40,0,127,22,544.0,0.0
9,37,2600,70,40,0,135,15,452.0,0.0
9,37,2600,90,39,1,99,29,538.0,608.6083789831724
9,37,2600,80,40,0,95,29,560.0,0.0
9,37,2600,80,48,0,89,18,380.0,0.0
9,37,2600,75,37,0,199,20,520.0,0.0
9,37,2600,60,41,1,91,16,290.0,429.5299979275332
9,37,2600,70,43,0,137,22,546.0,0.0
9,37,2600,90,44,1,97,25,456.0,585.7129599006047
9,37,2600,90,44,0,201,20,668.0,0.0
9,37,2600,60,49,1,103,18,312.0,163.8692621031603
9,37,2600,70,49,1,99,12,352.0,224.16412948861495
9,37,2600,80,36,0,103,21,622.0,0.0
9,37,2600,60,41,1,61,23,330.0,353.0921810677651
9,37,2600,85,41,1,147,25,490.0,460.7610849744373
9,37,2600,60,45,0,101,18,418.0,0.0
9,37,2600,80,44,0,143,20,620.0,0.0
9,37,2600,70,48,0,135,19,408.0,0.0
9,37,2600,80,50,1,141,10,332.0,222.21445920045127
9,37,2600,80,36,0,141,31,664.0,0.0
9,37,2600,75,35,0,145,25,538.0,0.0
9,37,2600,85,50,1,95,20,386.0,595.2954381435361
9,37,2600,85,38,0,133,24,506.0,0.0
9,37,2600,75,41,1,71,28,394.0,494.6945132686769
9,37,2600,60,48,1,69,11,210.0,193.69756419257655
9,37,2600,65,49,1,137,15,562.0,230.39049485375216
9,37,2600,60,42,0,109,19,432.0,0.0
9,37,2600,65,41,1,69,18,270.0,353.4682254003514
9,37,2600,85,44,0,141,26,708.0,0.0
9,37,2600,90,38,0,125,28,498.0,0.0
9,37,2600,60,38,1,101,24,372.0,396.5331931858375
9,37,2600,60,42,0,91,11,316.0,0.0
9,37,2600,85,49,1,109,17,278.0,253.63057517536492
9,37,2500,80,36,1,145,27,548.0,349.6617709649994
9,37,2500,65,35,1,75,25,372.0,370.7849328344483
9,37,2500,65,40,1,99,24,466.0,554.0089722061956
9,37,2500,90,40,0,183,22,490.0,0.0
9,37,2500,65,48,1,95,8,174.0,142.66688211279128
9,37,2500,90,41,0,139,22,584.0,0.0
9,37,2500,85,47,0,171,19,462.0,0.0
9,37,2500,85,39,0,97,24,524.0,0.0
9,37,2500,70,40,0,117,20,486.0,0.0
9,37,2500,80,38,1,135,25,578.0,395.17251095982164
9,37,2500,70,45,1,75,13,276.0,311.74353848908567
9,37,2500,85,42,1,155,29,528.0,546.2252636199717
9,37,2500,70,50,0,97,13,380.0,0.0
9,37,2500,85,50,0,143,19,480.0,0.0
9,37,2500,60,44,1,139,24,556.0,483.26396247261977
9,37,2500,75,45,0,137,19,410.0,0.0
9,37,2500,90,35,1,193,28,472.0,359.31782522954154
9,37,2500,80,47,0,85,16,326.0,0.0
9,37,2500,85,46,1,99,24,494.0,399.33907807036144
9,37,2500,85,45,0,93,16,356.0,0.0
9,37,2500,70,45,1,91,21,414.0,523.4436660225267
9,37,2500,65,37,0,97,23,504.0,0.0
9,37,2500,90,36,0,89,29,484.0,0.0
9,37,2500,90,40,1,93,24,350.0,312.2971007625125
9,37,2500,80,44,0,137,17,396.0,0.0
9,37,2500,80,45,1,139,22,504.0,523.3852568562912
9,37,2500,60,47,1,71,12,204.0,246.3638804371046
9,37,2500,80,37,0,93,20,488.0,0.0
9,37,2500,65,43,1,77,14,344.0,331.35286643421875
9,37,2500,85,49,0,93,11,280.0,0.0
9,37,2500,70,39,1,61,18,310.0,461.5616867297293
9,37,2500,75,38,0,147,29,564.0,0.0
9,37,2500,90,39,1,93,29,482.0,686.8385818027936
9,37,2500,60,44,0,125,8,260.0,0.0
9,37,2500,85,44,0,81,15,366.0,0.0
9,37,2500,60,50,0,85,12,262.0,0.0
9,37,2500,60,48,1,89,8,226.0,162.2428072254635
9,37,2500,70,50,1,83,12,198.0,354.367241438926
9,37,2500,80,39,1,99,23,510.0,580.9341392298151
9,37,2400,85,38,1,59,29,330.0,495.79803950560375
9,37,2500,80,46,0,181,20,600.0,0.0
9,37,2400,80,35,0,93,28,608.0,0.0
9,37,2400,75,36,1,85,31,452.0,379.25864289844947
9,37,2400,65,40,0,127,17,404.0,0.0
9,37,2400,65,38,1,175,21,498.0,364.41507505887813
9,37,2400,80,41,1,89,25,476.0,508.54320637118485
9,37,2400,75,42,0,137,15,384.0,0.0
9,37,2400,85,42,0,187,18,384.0,0.0
9,37,2400,85,36,1,67,26,406.0,379.7443834171344
9,37,2400,60,37,1,95,27,412.0,351.19373633854127
9,37,2400,75,41,0,127,17,456.0,0.0
9,37,2400,60,44,0,131,16,410.0,0.0
9,37,2400,80,48,0,129,15,376.0,0.0
9,37,2400,80,48,1,117,18,402.0,466.0118946266869
9,37,2400,75,48,1,71,15,270.0,367.4842628833827
9,37,2400,70,42,1,61,8,158.0,125.59283883634339
9,37,2400,60,43,0,93,16,300.0,0.0
9,37,2400,70,42,0,139,19,570.0,0.0
9,37,2400,85,43,0,91,19,332.0,0.0
9,37,2400,90,49,1,125,14,382.0,153.05306463459675
9,37,2400,70,46,1,91,17,456.0,210.22731060121558
9,37,2400,65,48,0,95,15,350.0,0.0
9,37,2400,60,36,0,107,18,412.0,0.0
9,37,2400,90,37,0,141,28,540.0,0.0
9,37,2400,85,38,1,125,22,464.0,470.45296052497997
9,37,2400,80,39,1,129,24,460.0,434.5149142895709
9,37,2400,65,42,1,85,17,360.0,371.3093811997997
9,37,2400,70,45,0,181,17,402.0,0.0
9,37,2400,65,47,1,79,15,196.0,179.3473190958497
9,37,2400,90,37,1,137,28,438.0,517.6117400981129
9,37,2400,75,43,1,105,19,384.0,379.28174480523404
9,37,2400,90,43,0,85,15,246.0,0.0
9,37,2400,60,42,0,83,13,302.0,0.0
9,37,2400,85,46,1,135,19,436.0,227.28740035680687
9,37,2400,90,44,0,127,23,464.0,0.0
9,37,2400,65,47,0,139,16,430.0,0.0
9,37,2400,90,35,1,61,30,414.0,385.5241514264915
9,37,2400,75,35,0,123,27,548.0,0.0
9,37,2300,60,39,0,125,22,424.0,0.0
9,37,2400,70,47,1,75,8,240.0,94.43229842407914
9,37,2300,70,38,1,91,19,378.0,234.18285644433598
9,37,2300,85,46,1,97,23,436.0,359.07993452890605
9,37,2400,80,49,0,89,11,292.0,0.0
9,37,2300,75,47,0,137,17,300.0,0.0
9,37,2300,75,37,1,77,25,376.0,390.182129322602
9,37,2300,85,40,0,77,15,228.0,0.0
9,37,2300,80,40,0,87,14,322.0,0.0
9,37,2300,85,41,1,107,22,332.0,466.74887177161526
9,37,2300,70,43,1,133,18,412.0,362.01742194187784
9,37,2300,85,41,0,131,24,606.0,0.0
9,37,2300,60,35,0,123,19,386.0,0.0
9,37,2300,70,38,1,83,22,408.0,243.10606375947717
9,37,2300,60,36,0,81,13,302.0,0.0
9,37,2300,80,45,1,89,17,254.0,363.8737343245586
9,37,2300,75,39,0,83,16,348.0,0.0
9,37,2300,80,48,1,97,14,298.0,313.9489163812951
9,37,2300,90,50,1,167,14,374.0,409.3287479531276
9,37,2300,70,45,0,129,18,370.0,0.0
9,37,2300,65,36,1,81,22,334.0,227.39097723097095
9,37,2300,75,40,0,129,13,372.0,0.0
9,37,2300,90,40,1,87,21,314.0,315.7779465154887
9,37,2300,60,46,0,81,15,256.0,0.0
9,37,2300,90,41,0,121,20,478.0,0.0
9,37,2300,70,50,1,181,14,400.0,505.3103036848525
9,37,2300,60,39,1,63,15,266.0,354.24061783752387
9,37,2300,70,36,0,123,18,414.0,0.0
9,37,2300,75,37,1,103,30,372.0,467.99090859111226
9,37,2300,70,42,1,177,21,438.0,286.60623128701474
9,37,2300,75,39,1,93,21,332.0,426.22397680003564
9,37,2300,85,40,0,125,22,564.0,0.0
9,37,2300,90,47,0,91,13,386.0,0.0
9,37,2300,80,49,0,87,10,180.0,0.0
9,37,2300,90,41,1,89,15,364.0,193.82319079880145
9,37,2300,85,36,1,89,27,366.0,352.24473685815866
9,37,2300,75,38,0,91,23,498.0,0.0
9,37,2300,80,39,0,119,20,538.0,0.0
9,37,2300,80,50,0,85,7,228.0,0.0
9,37,2300,60,41,1,89,14,238.0,259.62057015056575
9,37,2300,80,48,1,91,13,330.0,297.68877740091375
9,37,2300,60,49,0,149,11,276.0,0.0
9,37,2200,60,40,1,129,18,396.0,189.94754780197627
9,37,2200,75,44,0,155,19,464.0,0.0
9,37,2200,70,45,1,75,6,154.0,152.9240755106293
9,37,2200,75,45,0,119,13,282.0,0.0
9,37,2200,65,48,1,81,10,234.0,214.98929517078108
9,37,2200,60,45,0,71,7,150.0,0.0
9,37,2200,65,49,0,107,12,258.0,0.0
9,37,2200,70,48,1,209,10,318.0,363.64956285151146
9,37,2200,60,35,0,81,14,312.0,0.0
9,37,2200,75,36,1,83,16,344.0,241.9467017441192
9,37,2200,90,39,1,123,21,322.0,433.8282359079982
9,37,2200,85,41,1,67,19,272.0,349.1381762116363
9,37,2200,65,43,0,111,15,404.0,0.0
9,37,2200,60,38,0,127,14,368.0,0.0
9,37,2200,75,49,0,85,11,240.0,0.0
9,37,2200,85,48,1,127,13,308.0,292.9588226063359
9,37,2200,90,45,0,79,17,316.0,0.0
9,37,2200,70,45,1,83,16,338.0,331.56364037025065
9,37,2200,60,48,0,117,13,256.0,0.0
9,37,2200,90,48,1,65,12,220.0,185.4763986629751
9,37,2200,60,47,0,79,9,230.0,0.0
9,37,2200,60,47,1,85,18,316.0,298.9142438427079
9,37,2200,90,38,0,79,26,410.0,0.0
9,37,2200,85,45,1,143,15,384.0,320.9291146779971
9,37,2200,85,41,0,119,20,444.0,0.0
9,37,2200,75,46,1,71,14,212.0,321.22698782302723
9,37,2200,70,46,1,93,22,374.0,305.7104255727528
9,37,2200,85,37,1,81,21,354.0,285.30948164318295
9,37,2200,65,37,0,81,20,362.0,0.0
9,37,2200,80,40,1,79,20,312.0,271.32478183650954
9,37,2200,80,43,0,125,17,416.0,0.0
9,37,2200,85,40,1,77,25,374.0,434.7746210550112
9,37,2200,85,40,0,111,22,476.0,0.0
9,37,2200,75,49,0,85,7,208.0,0.0
9,37,2200,65,35,1,141,20,384.0,196.29226427803425
9,37,2200,70,37,0,127,19,424.0,0.0
9,37,2200,85,40,1,85,14,330.0,312.45278596102213
9,37,2200,75,35,0,129,23,458.0,0.0
9,37,2100,60,43,1,117,14,324.0,185.5468607059083
9,37,2200,60,47,1,61,13,234.0,162.77156807555141
9,37,2200,70,49,0,119,12,242.0,0.0
9,37,2100,60,35,0,119,23,538.0,0.0
9,37,2100,65,36,1,121,28,366.0,283.1415343648036
9,37,2100,70,37,1,59,16,218.0,240.74253858514473
9,37,2100,90,40,1,115,19,356.0,192.1074403721193
9,37,2100,60,42,0,105,13,298.0,0.0
9,37,2100,70,45,0,149,12,372.0,0.0
9,37,2100,60,48,0,55,4,84.0,0.0
9,37,2100,80,36,1,117,28,388.0,336.6529811609476
9,37,2100,65,39,1,69,16,238.0,429.7672481986793
9,37,2100,85,43,0,113,20,526.0,0.0
9,37,2100,70,40,1,77,16,368.0,172.84118245543007
9,37,2100,60,46,0,119,10,236.0,0.0
9,37,2100,75,45,1,49,9,136.0,226.6238615106442
9,37,2100,65,42,0,147,12,304.0,0.0
9,37,2100,90,40,1,99,18,360.0,293.867304704422
9,37,2100,80,38,0,113,14,330.0,0.0
9,37,2100,65,39,1,81,14,254.0,298.4408760954743
9,37,2100,60,44,0,83,11,232.0,0.0
9,37,2100,75,46,1,67,10,142.0,109.04856572591103
9,37,2100,65,48,0,69,10,210.0,0.0
9,37,2100,80,49,0,77,10,178.0,0.0
9,37,2100,75,38,1,69,22,294.0,402.044888741544
9,37,2100,90,39,1,81,18,420.0,357.79599719797943
9,37,2100,85,41,0,79,12,244.0,0.0
9,37,2100,85,46,1,115,15,280.0,144.47842075347026
9,37,2100,70,46,0,75,11,270.0,0.0
9,37,2100,70,45,0,73,9,186.0,0.0
9,37,2100,70,46,1,49,9,160.0,119.43815071669205
9,37,2100,90,39,0,153,19,340.0,0.0
9,37,2100,60,40,1,81,14,236.0,190.02528769300184
9,37,2100,65,40,0,103,16,300.0,0.0
9,37,2100,60,45,0,41,10,84.0,0.0
9,37,2100,90,43,1,149,17,394.0,321.0156379615412
9,37,2100,65,46,1,77,7,166.0,139.7396509857955
9,37,2100,75,47,0,65,11,164.0,0.0
9,37,2100,90,35,0,109,18,446.0,0.0
9,37,2000,65,36,1,61,12,232.0,123.48596386273259
9,37,2000,60,46,1,63,6,124.0,96.5129732497998
9,37,2100,80,50,1,73,11,250.0,286.5678454009919
9,37,2100,70,50,0,83,10,194.0,0.0
9,37,2100,60,50,1,77,7,188.0,202.20902905235843
9,37,2000,65,44,0,103,6,136.0,0.0
9,37,2000,75,35,0,77,15,362.0,0.0
9,37,2000,90,40,1,113,18,398.0,220.13846376465398
9,37,2000,85,41,0,113,9,192.0,0.0
9,37,2000,60,48,0,75,6,138.0,0.0
9,37,2000,60,46,1,61,12,144.0,200.01970785060948
9,37,2000,80,44,0,77,12,282.0,0.0
9,37,2000,60,49,1,43,8,186.0,133.29982398931278
9,37,2000,80,38,0,111,14,322.0,0.0
9,37,2000,60,41,0,113,15,412.0,0.0
9,37,2000,70,47,0,97,11,240.0,0.0
9,37,2000,70,44,1,59,8,176.0,204.05746613199264
9,37,2000,75,44,1,75,12,224.0,271.72508181154745
9,37,2000,70,49,1,37,5,106.0,59.103818507137746
9,37,2000,75,49,1,89,11,178.0,147.7190668966851
9,37,2000,70,35,0,107,21,390.0,0.0
9,37,2000,75,37,0,75,14,240.0,0.0
9,37,2000,60,43,0,107,8,268.0,0.0
9,37,2000,60,46,1,75,13,226.0,187.7918059110526
9,37,2000,80,39,0,73,11,264.0,0.0
9,37,2000,70,50,1,73,11,166.0,253.08805297101617
9,37,2000,85,50,1,73,9,144.0,170.01492482262202
9,37,2000,75,38,1,81,16,242.0,203.29883745057805
9,37,2000,85,39,0,101,15,252.0,0.0
9,37,2000,90,38,1,67,17,322.0,219.78578775059734
9,37,2000,70,42,1,101,18,262.0,266.4859096941534
9,37,2000,65,40,1,53,10,216.0,224.44661734404258
9,37,2000,65,42,0,63,10,142.0,0.0
9,37,2000,70,45,0,73,9,168.0,0.0
9,37,2000,90,37,0,107,18,270.0,0.0
9,37,2000,90,39,1,79,15,316.0,372.6261984816799
9,37,2000,90,36,1,71,15,260.0,128.92534807106372
9,37,2000,85,40,0,79,12,260.0,0.0
9,37,2000,90,46,0,115,18,240.0,0.0
9,37,2000,70,50,0,75,12,244.0,0.0
9,37,2000,75,49,1,75,6,130.0,72.02616309045148
9,37,1900,65,39,1,75,16,300.0,301.2518500681446
9,37,2000,85,42,0,77,12,210.0,0.0
9,37,1900,80,36,0,107,16,310.0,0.0
9,37,1900,70,36,1,73,13,288.0,143.67934454533852
9,37,1900,90,45,0,95,10,268.0,0.0
9,37,2000,70,48,1,55,6,94.0,183.623366466162
9,37,1900,90,50,1,55,12,192.0,314.4188063275026
9,37,1900,70,37,0,55,10,200.0,0.0
9,37,1900,70,37,1,65,8,138.0,136.4053063214011
9,37,1900,65,40,0,105,15,304.0,0.0
9,37,1900,75,38,0,65,12,216.0,0.0
9,37,1900,65,41,1,177,14,398.0,322.57311364224637
9,37,1900,90,40,0,95,13,184.0,0.0
9,37,1900,80,44,1,97,14,260.0,288.520480643667
9,37,1900,85,38,0,69,14,276.0,0.0
9,37,1900,75,42,0,73,16,246.0,0.0
9,37,1900,90,45,1,83,14,222.0,323.49122050254726
9,37,1900,75,44,1,69,9,178.0,173.454302634483
9,37,1900,70,47,0,91,9,182.0,0.0
9,37,1900,90,46,1,91,11,220.0,158.94980346327614
9,37,1900,80,49,1,45,5,110.0,115.2507410823763
9,37,1900,60,35,0,99,12,302.0,0.0
9,37,1900,75,37,1,59,8,192.0,128.51629954635195
9,37,1900,70,45,0,99,9,224.0,0.0
9,37,1900,80,43,1,75,17,254.0,252.82497544761299
9,37,1900,85,47,0,71,6,136.0,0.0
9,37,1900,80,46,1,45,10,160.0,144.12540323795744
9,37,1900,65,48,0,73,4,136.0,0.0
9,37,1900,70,37,0,73,13,284.0,0.0
9,37,1900,75,40,1,69,14,152.0,262.7184288159984
9,37,1900,85,40,0,65,14,262.0,0.0
9,37,1900,80,47,0,109,11,274.0,0.0
9,37,1900,65,43,1,61,7,180.0,62.12150789301364
9,37,1900,65,44,1,69,10,166.0,257.98914393673397
9,37,1900,80,50,1,69,11,120.0,298.9147370140758
9,37,1900,80,35,0,73,18,316.0,0.0
9,37,1900,75,40,1,69,14,256.0,212.6023894486705
9,37,1900,85,41,0,103,12,248.0,0.0
9,37,1900,65,44,0,101,11,198.0,0.0
9,37,1900,85,41,1,65,12,210.0,201.958284016556
9,37,1900,85,41,0,111,17,298.0,0.0
9,37,1900,60,49,1,83,9,158.0,146.69295170741194
9,37,1800,70,41,0,89,8,190.0,0.0
9,37,1800,75,40,1,97,13,218.0,193.74213637709462
9,37,1800,80,39,1,71,13,244.0,300.0183128751347
9,37,1800,90,39,1,101,18,328.0,426.84797734595935
9,37,1800,80,44,0,35,6,92.0,0.0
9,37,1800,90,41,0,105,14,302.0,0.0
9,37,1800,85,49,1,33,5,142.0,65.69072901557773
9,37,1800,85,35,0,91,18,382.0,0.0
9,37,1800,60,41,1,35,10,166.0,267.35223428801
9,37,1800,85,38,0,87,12,210.0,0.0
9,37,1800,75,45,0,69,10,236.0,0.0
9,37,1800,75,49,0,57,6,86.0,0.0
9,37,1800,60,50,1,97,7,194.0,87.57966035548023
9,37,1800,70,50,1,63,5,88.0,99.33238993319105
9,37,1800,65,39,1,137,9,272.0,284.36395797060226
9,37,1800,70,36,1,43,6,80.0,43.86113431319046
9,37,1800,60,41,0,33,2,54.0,0.0
9,37,1800,60,43,0,61,10,210.0,0.0
9,37,1800,65,47,1,53,6,132.0,57.69531346877538
9,37,1800,60,40,1,63,12,184.0,219.06363845822227
9,37,1800,70,45,0,99,8,166.0,0.0
9,37,1800,65,38,1,51,13,164.0,220.6666072268081
9,37,1800,90,46,0,95,13,254.0,0.0
9,37,1800,65,45,1,95,10,164.0,144.1888997612773
9,37,1800,70,47,0,71,6,106.0,0.0
9,37,1800,85,46,0,65,9,162.0,0.0
9,37,1800,75,50,0,67,6,184.0,0.0
9,37,1800,75,50,1,101,6,134.0,159.39868090619646
9,37,1800,80,36,0,97,11,222.0,0.0
9,37,1800,60,38,0,35,9,132.0,0.0
9,37,1800,70,40,1,63,8,160.0,111.73071650971269
9,37,1800,60,47,1,47,5,48.0,62.78934762347942
9,37,1800,90,43,1,57,6,162.0,81.27936481347086
9,37,1800,80,49,0,33,5,116.0,0.0
9,37,1800,70,50,1,67,4,68.0,98.6787456387332
9,37,1800,65,35,0,107,11,220.0,0.0
9,37,1800,90,36,1,103,24,382.0,233.44568280319308
9,37,1800,85,39,1,59,7,140.0,172.93970132841795
9,37,1800,60,48,0,101,8,196.0,0.0
9,37,1800,65,36,0,29,3,88.0,0.0
9,37,1700,70,45,0,43,5,44.0,0.0
9,37,1700,80,48,1,55,7,76.0,89.91402252593224
9,37,1700,75,35,1,91,15,234.0,151.61301273231575
9,37,1700,60,38,0,89,8,124.0,0.0
9,37,1700,80,42,1,39,10,100.0,187.56206608002836
9,37,1700,90,45,1,93,14,230.0,277.8503654877232
9,37,1700,65,47,0,61,5,116.0,0.0
9,37,1700,65,47,0,59,7,140.0,0.0
9,37,1700,65,47,1,61,13,176.0,160.3017629274919
9,37,1700,60,37,0,55,6,146.0,0.0
9,37,1700,60,36,0,55,6,114.0,0.0
9,37,1700,75,37,1,45,9,130.0,112.20996473962941
9,37,1700,60,37,1,77,5,134.0,57.43505386413796
9,37,1700,85,49,0,49,4,100.0,0.0
9,37,1700,60,49,1,57,4,122.0,81.10396972198255
9,37,1700,65,36,1,41,14,194.0,127.38816582884155
9,37,1700,60,40,0,63,9,188.0,0.0
9,37,1700,60,40,1,63,10,170.0,147.80002560289927
9,37,1700,90,41,0,97,16,256.0,0.0
9,37,1700,60,49,0,57,8,200.0,0.0
9,37,1700,80,47,0,57,5,112.0,0.0
9,37,1700,70,49,1,89,8,142.0,87.33100737843422
9,37,1700,75,35,0,63,13,220.0,0.0
9,37,1700,80,40,1,55,16,134.0,195.42626740053797
9,37,1700,90,46,1,67,7,144.0,124.76050403047975
9,37,1700,90,49,0,53,4,82.0,0.0
9,37,1700,85,44,1,59,8,170.0,266.4572025055171
9,37,1700,70,39,1,85,11,160.0,234.1335142905506
9,37,1700,75,39,0,99,7,166.0,0.0
9,37,1700,65,40,1,53,12,152.0,190.4892830316306
9,37,1700,65,42,0,85,9,212.0,0.0
9,37,1700,90,45,1,47,6,70.0,117.95581019447519
9,37,1700,85,44,0,99,7,150.0,0.0
9,37,1700,80,39,1,55,12,196.0,311.1003892857553
9,37,1700,70,44,0,51,6,86.0,0.0
9,37,1700,75,37,1,45,8,78.0,78.32628384669603
9,37,1700,75,35,1,61,15,266.0,240.68874879713272
9,37,1700,65,49,0,65,6,130.0,0.0
9,37,1700,75,42,0,89,8,162.0,0.0
9,37,1700,70,48,0,49,7,82.0,0.0
9,37,1600,70,41,1,61,14,166.0,215.72353363081191
9,37,1600,70,42,0,53,6,116.0,0.0
9,37,1600,75,42,1,57,6,152.0,130.98761739574286
9,37,1600,75,37,0,53,8,104.0,0.0
9,37,1600,85,37,0,41,5,94.0,0.0
9,37,1600,85,39,0,31,3,54.0,0.0
9,37,1600,90,43,1,63,13,248.0,201.8275195081434
9,37,1600,65,36,0,51,10,174.0,0.0
9,37,1600,90,41,1,63,17,226.0,234.2964310024112
9,37,1600,90,50,1,61,5,106.0,127.7255657117443
9,37,1600,70,35,1,51,13,150.0,124.63097871222116
9,37,1600,90,37,0,103,12,238.0,0.0
9,37,1600,70,36,1,91,8,130.0,100.94471368689761
9,37,1600,65,40,1,59,9,174.0,143.09751950680604
9,37,1600,90,41,0,107,12,222.0,0.0
9,37,1600,60,46,0,59,6,116.0,0.0
9,37,1600,85,50,1,59,6,134.0,121.08337972520711
9,37,1600,75,35,0,55,12,168.0,0.0
9,37,1600,70,40,1,47,10,138.0,124.7514166442193
9,37,1600,85,43,1,49,9,130.0,200.03623083765552
9,37,1600,70,46,0,75,7,144.0,0.0
9,37,1600,60,42,0,29,1,30.0,0.0
9,37,1600,60,49,0,45,5,46.0,0.0
9,37,1600,80,48,1,59,5,86.0,164.58809420139127
9,37,1600,70,35,1,61,12,164.0,120.57039399345766
9,37,1600,90,37,1,43,13,132.0,188.9358300450552
9,37,1600,65,42,1,31,4,84.0,86.03506181658749
9,37,1600,80,40,1,31,4,80.0,63.05828395801167
9,37,1600,80,38,0,61,15,200.0,0.0
9,37,1600,80,48,0,31,3,92.0,0.0
9,37,1600,80,50,0,105,10,166.0,0.0
9,37,1600,65,35,1,59,6,152.0,56.38230895252457
9,37,1600,75,50,0,51,4,76.0,0.0
9,37,1600,70,42,1,81,6,140.0,85.2161838289262
9,37,1600,85,42,1,41,6,100.0,64.30876676338941
9,37,1600,70,43,0,55,6,134.0,0.0
9,37,1600,70,49,0,29,3,76.0,0.0
9,37,1600,80,48,0,85,8,140.0,0.0
9,37,1600,60,38,1,51,8,126.0,84.59825482471062
9,37,1500,85,38,0,51,10,130.0,0.0
9,37,1500,70,35,1,51,12,126.0,113.61075502664738
9,37,1500,60,36,0,85,10,164.0,0.0
9,37,1500,90,42,1,43,8,86.0,181.7768446917965
9,37,1500,60,47,1,51,7,98.0,144.1493043801652
9,37,1600,85,50,0,127,6,168.0,0.0
9,37,1500,90,43,0,53,10,148.0,0.0
9,37,1500,75,35,1,61,12,224.0,90.38143832295263
9,37,1500,60,38,0,55,10,106.0,0.0
9,37,1500,70,39,0,65,7,66.0,0.0
9,37,1500,60,37,1,49,8,148.0,113.93433902076065
9,37,1500,60,50,1,53,4,54.0,73.41024051521106
9,37,1500,65,46,1,45,4,76.0,60.93344023351094
9,37,1500,75,47,0,85,11,252.0,0.0
9,37,1500,80,35,0,79,9,150.0,0.0
9,37,1500,85,38,0,73,9,188.0,0.0
9,37,1500,80,41,1,49,2,50.0,59.386240225505446
9,37,1500,85,43,1,39,3,54.0,25.038194362258125
9,37,1500,80,45,1,27,3,68.0,76.06057158505104
9,37,1500,65,37,0,29,5,66.0,0.0
9,37,1500,65,49,0,89,5,90.0,0.0
9,37,1500,60,37,0,77,9,148.0,0.0
9,37,1500,75,43,1,29,4,56.0,57.8058601598911
9,37,1500,75,44,0,57,6,106.0,0.0
9,37,1500,65,44,0,77,11,194.0,0.0
9,37,1500,85,47,1,57,8,134.0,95.30519317235367
9,37,1500,85,47,1,27,2,44.0,27.255301313767234
9,37,1500,70,50,1,23,1,24.0,23.007914781996192
9,37,1500,70,35,1,23,2,48.0,32.70734964757985
9,37,1500,65,38,0,83,9,106.0,0.0
9,37,1500,75,42,1,35,4,90.0,100.90902311543195
9,37,1500,70,47,0,49,6,78.0,0.0
9,37,1500,70,47,0,29,2,54.0,0.0
9,37,1500,60,48,0,75,4,76.0,0.0
9,37,1500,90,49,1,71,5,86.0,50.22379348273283
9,37,1500,85,39,1,87,11,220.0,369.4915855612488
9,37,1500,70,38,1,77,10,184.0,168.5437357437427
9,36,3000,65,42,1,173,23,600.0,325.21523247637646
9,37,1500,90,46,0,87,8,200.0,0.0
9,37,1500,85,45,0,77,8,138.0,0.0
9,37,1500,75,47,1,65,7,138.0,88.87448183143135
9,36,3000,80,38,1,77,36,562.0,566.9009044805267
9,37,1500,90,50,0,115,9,138.0,0.0
9,36,3000,85,43,0,217,29,784.0,0.0
9,36,3000,80,35,1,73,34,528.0,513.8158608640965
9,36,3000,60,35,1,117,29,588.0,351.94194060297764
9,36,3000,65,47,0,111,20,422.0,0.0
9,36,3000,90,35,1,77,33,394.0,341.82868440093455
9,36,3000,80,39,1,119,33,640.0,602.5342667914884
9,36,3000,75,43,0,163,24,634.0,0.0
9,36,3000,80,48,0,177,23,538.0,0.0
9,36,3000,70,49,0,113,24,584.0,0.0
9,36,3000,60,37,1,161,31,564.0,427.59327163065933
9,36,3000,65,36,0,171,31,750.0,0.0
9,36,3000,90,50,0,117,18,546.0,0.0
9,36,3000,75,39,1,75,26,420.0,591.7499068524448
9,36,3000,80,43,0,109,24,578.0,0.0
9,36,3000,60,36,0,169,32,702.0,0.0
9,36,3000,80,40,1,109,32,608.0,590.3486053444352
9,36,3000,75,46,0,175,21,678.0,0.0
9,36,3000,80,50,1,135,23,536.0,715.8167529404377
9,36,3000,85,46,0,173,28,770.0,0.0
9,36,3000,60,36,1,113,34,672.0,487.76795942986234
9,36,3000,75,41,0,117,28,728.0,0.0
9,36,3000,80,49,1,145,25,428.0,413.1084959446902
9,36,3000,90,43,0,163,30,770.0,0.0
9,36,3000,60,48,1,225,23,638.0,328.8146352263123
9,36,3000,60,47,1,105,17,452.0,378.8725315155854
9,36,3000,60,38,1,113,31,666.0,616.2983541687851
9,36,3000,70,37,1,161,34,700.0,563.4086826052053
9,36,3000,80,40,0,171,29,684.0,0.0
9,36,3000,60,45,0,171,27,646.0,0.0
9,36,3000,85,50,1,167,23,610.0,691.4344209974219
9,36,3000,70,50,0,151,25,726.0,0.0
9,36,3000,75,48,1,115,19,484.0,545.8942390473724
9,36,3000,80,50,0,195,29,746.0,0.0
9,36,3000,75,36,0,149,30,832.0,0.0
9,36,3000,65,39,0,141,28,576.0,0.0
9,36,3000,90,42,1,111,32,580.0,532.0718940971715
9,36,2900,70,45,1,105,29,480.0,675.2173583718095
9,36,3000,90,46,1,85,25,418.0,412.37526513631
9,36,3000,85,46,0,163,28,888.0,0.0
9,36,2900,65,40,1,113,32,604.0,682.6523935295451
9,36,2900,85,40,1,101,30,596.0,602.772264512089
9,36,2900,70,49,0,163,17,660.0,0.0
9,36,2900,90,45,0,115,21,530.0,0.0
9,36,2900,70,45,0,103,22,418.0,0.0
9,36,2900,80,41,1,107,32,614.0,651.0457589242811
9,36,2900,75,41,1,115,32,610.0,535.1053195349202
9,36,2900,75,50,0,113,16,430.0,0.0
9,36,2900,70,39,1,115,30,632.0,533.8975673495173
9,36,2900,90,41,0,111,28,662.0,0.0
9,36,2900,75,41,0,157,27,632.0,0.0
9,36,2900,65,39,1,73,32,552.0,615.6991392419725
9,36,2900,70,44,1,107,22,450.0,552.0582230212327
9,36,2900,85,49,0,159,22,656.0,0.0
9,36,2900,70,39,0,161,27,692.0,0.0
9,36,2900,60,41,1,147,22,600.0,650.2078179399259
9,36,2900,80,37,1,107,30,514.0,520.3393537812038
9,36,2900,75,38,0,207,28,858.0,0.0
9,36,2900,85,40,0,149,27,544.0,0.0
9,36,2900,75,41,1,165,31,572.0,557.488853695672
9,36,2900,85,43,1,165,31,728.0,580.8003531379167
9,36,2900,60,46,0,167,21,634.0,0.0
9,36,2900,65,39,1,107,28,578.0,747.0973357590156
9,36,2900,90,37,1,103,35,514.0,585.0418930527564
9,36,2900,80,40,0,149,28,602.0,0.0
9,36,2900,70,43,0,105,21,536.0,0.0
9,36,2900,90,43,0,153,27,678.0,0.0
9,36,2900,75,45,0,151,26,628.0,0.0
9,36,2900,70,44,1,231,22,640.0,419.52909872354024
9,36,2900,75,42,1,115,31,580.0,501.96810569062956
9,36,2900,75,40,1,99,34,522.0,537.107336168906
9,36,2900,70,45,1,77,29,534.0,562.9360597907928
9,36,2900,60,37,0,165,29,678.0,0.0
9,36,2900,75,45,0,85,22,324.0,0.0
9,36,2900,60,47,0,115,22,582.0,0.0
9,36,2900,70,50,1,135,23,500.0,525.6106117181322
9,36,2900,80,50,0,105,18,488.0,0.0
9,36,2800,65,35,1,143,29,618.0,446.95134761649325
9,36,2800,80,38,0,107,30,582.0,0.0
9,36,2800,60,41,0,141,19,424.0,0.0
9,36,2900,60,44,1,97,19,450.0,550.0865090972079
9,36,2800,75,44,1,105,26,528.0,614.6849252345538
9,36,2800,75,44,1,101,31,646.0,661.5486792966364
9,36,2900,85,45,0,153,19,590.0,0.0
9,36,2800,65,38,1,97,27,550.0,444.6815224755321
9,36,2800,60,43,0,155,14,396.0,0.0
9,36,2800,65,43,0,101,21,438.0,0.0
9,36,2800,75,45,1,85,22,326.0,553.3119530174071
9,36,2800,80,49,0,155,21,526.0,0.0
9,36,2800,65,44,0,209,20,670.0,0.0
9,36,2800,70,50,1,89,21,324.0,469.59593721167903
9,36,2800,65,36,0,153,30,658.0,0.0
9,36,2800,70,42,1,103,20,484.0,448.67125006158284
9,36,2800,75,45,1,143,24,544.0,455.2566373888965
9,36,2800,85,45,1,111,19,532.0,290.90059043283253
9,36,2800,75,48,0,135,18,454.0,0.0
9,36,2800,80,48,1,117,25,550.0,694.3265064469412
9,36,2800,70,50,0,99,13,332.0,0.0
9,36,2800,70,41,0,143,23,546.0,0.0
9,36,2800,65,44,1,105,23,534.0,499.3029362835785
9,36,2800,65,41,0,147,22,542.0,0.0
9,36,2800,70,42,1,105,22,464.0,425.47060952163923
9,36,2800,75,44,0,157,22,516.0,0.0
9,36,2800,70,42,0,159,25,898.0,0.0
9,36,2800,70,49,1,155,25,612.0,429.47434034552595
9,36,2800,65,35,1,87,33,488.0,539.8763513525215
9,36,2800,85,40,1,151,30,618.0,496.17887576389177
9,36,2800,65,38,1,145,19,496.0,290.7266880959289
9,36,2800,65,42,0,199,20,590.0,0.0
9,36,2800,60,47,1,109,20,464.0,352.41586834999407
9,36,2800,80,48,0,143,17,438.0,0.0
9,36,2800,60,45,0,203,22,612.0,0.0
9,36,2800,85,36,0,149,28,658.0,0.0
9,36,2800,70,37,1,115,32,568.0,453.02519505678043
9,36,2800,80,36,1,153,29,536.0,444.89204042990946
9,36,2800,90,45,0,163,27,624.0,0.0
9,36,2800,80,43,0,99,24,526.0,0.0
9,36,2800,65,49,0,99,13,326.0,0.0
9,36,2800,85,50,1,133,21,376.0,586.8620057991185
9,36,2700,75,36,0,103,32,522.0,0.0
9,36,2700,70,44,1,77,24,476.0,540.8740061869444
9,36,2700,65,44,1,127,24,506.0,555.6464750166446
9,36,2700,85,45,0,155,23,530.0,0.0
9,36,2700,80,40,0,105,22,504.0,0.0
9,36,2700,85,41,1,79,26,362.0,383.76033088050457
9,36,2700,90,49,1,143,17,374.0,216.32450253584608
9,36,2700,85,35,0,149,31,626.0,0.0
9,36,2700,70,43,1,105,14,392.0,259.31071630008904
9,36,2700,85,39,1,103,28,596.0,491.8303366901139
9,36,2700,85,48,1,147,21,516.0,519.636616302689
9,36,2700,85,40,0,157,27,580.0,0.0
9,36,2700,65,48,0,137,10,348.0,0.0
9,36,2700,80,48,0,147,19,432.0,0.0
9,36,2700,75,35,1,101,31,620.0,479.4909310938455
9,36,2700,65,37,0,195,25,754.0,0.0
9,36,2700,70,37,0,155,26,642.0,0.0
9,36,2700,75,39,1,101,32,540.0,562.5680203635426
9,36,2700,85,38,1,151,28,566.0,500.5143946328298
9,36,2700,85,41,1,105,31,566.0,455.9471041520601
9,36,2700,70,50,0,139,15,396.0,0.0
9,36,2700,80,35,0,209,30,730.0,0.0
9,36,2700,65,40,1,115,26,398.0,264.4602300030211
9,36,2700,70,38,0,151,29,626.0,0.0
9,36,2700,85,43,0,105,25,444.0,0.0
9,36,2700,65,44,1,107,19,452.0,398.48867950558116
9,36,2700,70,42,1,101,22,474.0,374.5819200920483
9,36,2700,60,46,0,147,19,520.0,0.0
9,36,2700,80,45,1,127,18,508.0,428.07062110531854
9,36,2700,75,37,0,159,26,572.0,0.0
9,36,2700,80,44,0,101,25,488.0,0.0
9,36,2700,70,43,1,93,18,256.0,237.77860173160977
9,36,2700,90,45,0,97,16,414.0,0.0
9,36,2700,70,47,1,101,21,488.0,315.1403295107186
9,36,2700,75,49,1,69,14,318.0,241.22670446184182
9,36,2700,65,40,0,117,23,674.0,0.0
9,36,2700,60,41,0,113,19,486.0,0.0
9,36,2700,65,49,1,61,13,220.0,170.2124321318699
9,36,2600,60,39,0,135,23,626.0,0.0
9,36,2600,80,41,1,127,23,450.0,565.3780548965037
9,36,2600,85,35,0,141,29,514.0,0.0
9,36,2700,75,45,1,99,23,398.0,414.24747707657497
9,36,2600,85,44,1,99,18,328.0,423.0884657999491
9,36,2600,85,41,1,83,23,378.0,463.1806511714057
9,36,2700,75,48,0,79,15,326.0,0.0
9,36,2600,80,37,1,123,31,676.0,519.0555812865117
9,36,2600,65,40,1,91,14,344.0,206.3559759651973
9,36,2600,65,43,0,81,16,366.0,0.0
9,36,2600,65,49,0,99,15,362.0,0.0
9,36,2600,80,37,0,101,31,606.0,0.0
9,36,2600,90,38,1,71,30,476.0,539.4502649540775
9,36,2600,80,41,0,95,19,372.0,0.0
9,36,2600,60,41,0,103,19,528.0,0.0
9,36,2600,90,49,1,145,17,424.0,221.42569438912952
9,36,2600,70,42,1,91,23,430.0,428.4844527347107
9,36,2600,70,45,1,77,19,260.0,437.0319330667952
9,36,2600,70,47,1,75,16,212.0,176.18782166614753
9,36,2600,85,49,0,141,18,488.0,0.0
9,36,2600,85,48,1,133,16,346.0,253.30529245069363
9,36,2600,80,40,0,103,21,496.0,0.0
9,36,2600,70,46,0,93,15,384.0,0.0
9,36,2600,70,36,0,143,28,608.0,0.0
9,36,2600,80,44,0,89,19,390.0,0.0
9,36,2600,80,43,0,143,20,562.0,0.0
9,36,2600,65,42,1,95,25,550.0,494.75121572051404
9,36,2600,85,41,1,101,26,516.0,495.64082830238937
9,36,2600,75,46,1,75,14,234.0,213.92835454751233
9,36,2600,60,49,0,179,10,276.0,0.0
9,36,2600,70,45,1,53,13,258.0,330.5980478891359
9,36,2600,80,37,0,193,27,638.0,0.0
9,36,2600,85,40,1,109,28,432.0,442.2711905026859
9,36,2600,85,42,0,141,19,510.0,0.0
9,36,2600,90,43,0,99,18,370.0,0.0
9,36,2600,90,42,1,101,23,520.0,426.642245978474
9,36,2600,65,42,1,153,23,556.0,367.667771677579
9,36,2600,80,46,1,101,17,440.0,251.18913296395093
9,36,2600,65,46,0,151,21,512.0,0.0
9,36,2600,85,37,0,189,24,522.0,0.0
9,36,2500,65,36,0,147,26,534.0,0.0
9,36,2500,85,40,1,71,22,348.0,286.04114193522497
9,36,2500,60,43,1,81,15,218.0,264.355772269965
9,36,2600,65,46,1,103,20,416.0,343.35572085719747
9,36,2500,80,46,0,97,16,446.0,0.0
9,36,2600,80,49,0,97,12,322.0,0.0
9,36,2500,60,36,0,145,28,682.0,0.0
9,36,2500,75,41,0,97,20,448.0,0.0
9,36,2500,65,39,1,89,19,362.0,383.2001985914616
9,36,2500,80,43,1,87,18,334.0,338.18595988941917
9,36,2500,90,38,1,143,26,666.0,491.108861192479
9,36,2500,80,47,1,79,16,204.0,335.2405044466273
9,36,2500,85,44,0,135,16,404.0,0.0
9,36,2500,60,38,0,99,26,522.0,0.0
9,36,2500,75,39,0,105,19,394.0,0.0
9,36,2500,60,42,0,143,14,282.0,0.0
9,36,2500,60,47,1,81,16,288.0,251.43291126443012
9,36,2500,75,46,1,55,12,240.0,171.46770651443165
9,36,2500,70,41,1,115,25,488.0,415.78070610223534
9,36,2500,60,48,0,121,12,424.0,0.0
9,36,2500,90,40,1,101,29,478.0,308.02327664349804
9,36,2500,85,42,1,91,19,386.0,347.40890051888147
9,36,2500,65,46,0,95,12,336.0,0.0
9,36,2500,60,49,0,93,9,324.0,0.0
9,36,2500,65,47,0,163,14,406.0,0.0
9,36,2500,90,49,1,127,17,352.0,226.86681766577277
9,36,2500,65,50,0,147,12,476.0,0.0
9,36,2500,75,45,1,91,21,444.0,487.88010383445294
9,36,2500,90,45,1,67,19,328.0,335.87387880108133
9,36,2500,60,37,0,139,26,610.0,0.0
9,36,2500,75,37,0,141,30,614.0,0.0
9,36,2500,70,44,1,91,17,378.0,291.12455098929036
9,36,2500,75,47,1,77,19,370.0,303.64207198159613
9,36,2500,85,46,0,93,15,396.0,0.0
9,36,2500,70,45,0,187,15,428.0,0.0
9,36,2500,90,44,1,99,21,398.0,449.03079213676074
9,36,2500,75,40,0,139,19,482.0,0.0
9,36,2500,90,48,1,67,9,188.0,215.0522074212469
9,36,2500,60,39,1,87,24,450.0,473.72512557383175
9,36,2500,75,41,0,131,15,312.0,0.0
9,36,2500,80,47,1,73,17,260.0,222.85245189063747
9,36,2400,90,48,1,135,17,400.0,362.47573477445104
9,36,2400,65,47,1,93,14,354.0,189.78282598483395
9,36,2500,75,48,0,141,16,482.0,0.0
9,36,2400,70,49,0,89,9,208.0,0.0
9,36,2400,90,46,0,77,18,430.0,0.0
9,36,2400,65,36,0,135,21,642.0,0.0
9,36,2400,85,36,1,81,25,378.0,372.89989991019314
9,36,2400,65,37,0,139,25,572.0,0.0
9,36,2400,70,50,1,79,8,148.0,213.44632946636526
9,36,2400,70,42,1,85,17,352.0,250.10810727383142
9,36,2400,70,48,0,87,12,372.0,0.0
9,36,2400,70,35,0,95,26,496.0,0.0
9,36,2400,70,36,1,171,27,512.0,419.9824775423349
9,36,2400,80,38,1,89,29,478.0,631.9718509461994
9,36,2400,80,48,1,123,17,376.0,365.13109243043607
9,36,2400,80,50,0,121,7,160.0,0.0
9,36,2400,75,37,0,141,26,588.0,0.0
9,36,2400,60,37,0,171,20,526.0,0.0
9,36,2400,75,38,0,139,22,508.0,0.0
9,36,2400,60,36,1,91,22,416.0,239.76873231759805
9,36,2400,60,44,1,65,8,202.0,235.28641509296128
9,36,2400,65,50,0,73,9,204.0,0.0
9,36,2400,65,47,1,137,16,328.0,312.1948142228033
9,36,2400,85,37,0,91,27,494.0,0.0
9,36,2400,70,48,1,103,15,322.0,455.278435571831
9,36,2400,65,40,1,91,21,358.0,297.2127225805847
9,36,2400,70,41,0,123,18,454.0,0.0
9,36,2400,80,46,0,137,16,430.0,0.0
9,36,2400,85,47,1,85,19,406.0,287.2213050177277
9,36,2400,80,38,1,79,19,260.0,326.0883633770357
9,36,2400,85,35,0,141,29,552.0,0.0
9,36,2400,80,50,1,71,15,182.0,390.5334797323421
9,36,2400,65,35,0,129,24,560.0,0.0
9,36,2400,85,35,1,75,26,412.0,358.98751273849246
9,36,2400,75,38,0,91,18,430.0,0.0
9,36,2400,65,43,0,119,19,582.0,0.0
9,36,2400,65,39,0,161,19,484.0,0.0
9,36,2400,75,49,1,77,13,258.0,164.91779132662225
9,36,2400,60,50,1,129,15,344.0,343.09198273295954
9,36,2400,80,44,0,137,25,546.0,0.0
9,36,2300,60,38,0,85,17,292.0,0.0
9,36,2400,80,46,1,105,21,338.0,322.6832296388137
9,36,2300,85,47,1,81,13,200.0,184.53306764979726
9,36,2300,65,46,1,103,14,374.0,245.09432505983932
9,36,2300,90,47,0,129,14,376.0,0.0
9,36,2300,65,49,1,117,14,266.0,213.64580702177787
9,36,2300,65,37,1,91,20,256.0,257.40242058842233
9,36,2300,60,43,0,85,10,312.0,0.0
9,36,2300,60,39,0,73,11,238.0,0.0
9,36,2300,65,39,0,115,19,494.0,0.0
9,36,2300,85,39,0,131,23,550.0,0.0
9,36,2300,90,43,1,53,15,254.0,275.83789521295836
9,36,2300,75,42,1,91,15,236.0,279.68863104720157
9,36,2300,75,37,1,61,22,298.0,420.71104739693646
9,36,2300,75,44,1,77,16,298.0,359.3442802581086
9,36,2300,65,44,0,89,11,294.0,0.0
9,36,2300,65,38,0,91,20,410.0,0.0
9,36,2300,60,47,1,63,13,204.0,123.08105999537021
9,36,2300,65,41,1,59,13,152.0,168.63017727039679
9,36,2300,85,49,0,85,17,336.0,0.0
9,36,2300,85,43,1,95,22,360.0,352.5372278955476
9,36,2300,85,50,0,129,9,262.0,0.0
9,36,2300,70,40,1,79,22,388.0,315.0328083065907
9,36,2300,65,46,0,85,9,166.0,0.0
9,36,2300,90,36,0,87,23,432.0,0.0
9,36,2300,70,40,0,89,16,384.0,0.0
9,36,2300,85,50,0,73,9,236.0,0.0
9,36,2300,65,40,1,89,20,412.0,251.0190842107757
9,36,2300,65,50,1,125,12,320.0,265.07330393467964
9,36,2300,60,39,0,81,6,208.0,0.0
9,36,2300,75,40,1,83,18,328.0,205.51807032348123
9,36,2300,85,39,0,91,10,290.0,0.0
9,36,2300,70,45,1,87,13,278.0,306.0551454038213
9,36,2300,80,43,1,65,17,252.0,324.8697342463972
9,36,2300,65,50,1,111,7,216.0,229.62409001180353
9,36,2300,75,43,0,129,15,354.0,0.0
9,36,2300,75,36,1,85,25,426.0,344.22257260905405
9,36,2300,90,37,0,131,25,396.0,0.0
9,36,2300,85,44,1,65,17,262.0,322.1597906229646
9,36,2300,70,48,0,89,14,372.0,0.0
9,36,2200,75,48,0,105,7,134.0,0.0
9,36,2200,70,37,0,83,17,308.0,0.0
9,36,2200,65,50,1,123,12,252.0,259.53205150201774
9,36,2200,85,38,1,93,18,386.0,304.63858201610947
9,36,2300,70,49,0,89,9,206.0,0.0
9,36,2200,65,44,1,101,15,372.0,415.14540775811423
9,36,2200,75,37,1,79,20,300.0,262.5988306741996
9,36,2200,65,49,0,115,8,192.0,0.0
9,36,2200,85,36,0,123,19,358.0,0.0
9,36,2200,90,45,0,109,12,362.0,0.0
9,36,2200,60,42,1,83,16,280.0,227.95441047924186
9,36,2200,85,35,1,81,23,288.0,310.0106300283845
9,36,2200,75,37,0,87,16,294.0,0.0
9,36,2200,80,43,0,79,18,228.0,0.0
9,36,2200,65,43,1,103,17,292.0,283.46039513010606
9,36,2200,75,46,1,81,9,212.0,94.25426663926476
9,36,2200,75,46,0,115,14,360.0,0.0
9,36,2200,90,50,1,83,11,272.0,267.3832341214569
9,36,2200,80,35,1,85,21,392.0,320.7214513142785
9,36,2200,90,38,0,127,25,494.0,0.0
9,36,2200,75,41,1,73,20,304.0,240.6397985482579
9,36,2200,60,42,1,131,17,304.0,329.51248978138153
9,36,2200,80,39,0,115,21,422.0,0.0
9,36,2200,80,49,0,117,15,318.0,0.0
9,36,2200,70,50,0,83,10,270.0,0.0
9,36,2200,90,35,1,87,27,400.0,345.9755511537065
9,36,2200,70,41,1,109,22,342.0,303.5037384775771
9,36,2200,65,39,1,77,21,312.0,410.2981381473517
9,36,2200,85,40,0,155,18,396.0,0.0
9,36,2200,80,45,0,123,16,366.0,0.0
9,36,2200,70,45,1,71,18,340.0,352.7838438450474
9,36,2200,80,50,0,75,8,184.0,0.0
9,36,2200,70,35,0,77,22,436.0,0.0
9,36,2200,70,42,1,75,15,268.0,251.92324499107295
9,36,2200,90,39,0,127,16,396.0,0.0
9,36,2200,75,38,0,161,21,516.0,0.0
9,36,2200,60,39,0,105,10,314.0,0.0
9,36,2200,60,45,0,71,4,96.0,0.0
9,36,2200,60,46,1,113,15,354.0,202.81295766154366
9,36,2200,85,45,1,41,8,122.0,105.77025778690792
9,36,2200,70,50,1,55,8,98.0,190.62839980105227
9,36,2100,80,46,1,59,14,204.0,206.2281017344839
9,36,2100,70,38,1,75,25,370.0,429.0092917413452
9,36,2100,85,40,0,49,11,230.0,0.0
9,36,2100,85,44,0,71,9,182.0,0.0
9,36,2100,65,50,1,59,10,158.0,316.1299067608768
9,36,2100,60,40,0,81,11,222.0,0.0
9,36,2100,90,39,1,111,21,382.0,469.8800709871926
9,36,2100,70,46,0,121,14,264.0,0.0
9,36,2100,65,43,0,149,19,418.0,0.0
9,36,2100,90,45,1,41,15,236.0,243.6922959231757
9,36,2100,80,37,1,83,17,256.0,308.45296890197375
9,36,2100,70,41,0,107,18,378.0,0.0
9,36,2100,80,40,1,71,17,256.0,204.71119203519893
9,36,2100,80,45,1,149,14,284.0,238.0923989858745
9,36,2100,70,48,0,73,11,156.0,0.0
9,36,2100,90,50,1,63,13,222.0,373.3004927259255
9,36,2100,75,41,0,77,13,292.0,0.0
9,36,2100,75,50,0,71,12,270.0,0.0
9,36,2100,85,35,1,153,23,434.0,346.5146849750952
9,36,2100,60,39,0,81,15,350.0,0.0
9,36,2100,80,41,1,63,24,298.0,434.524797407116
9,36,2100,65,38,0,73,17,312.0,0.0
9,36,2100,85,42,0,113,17,262.0,0.0
9,36,2100,80,49,1,111,9,232.0,168.2406106474103
9,36,2100,90,49,1,111,9,254.0,124.28602005455845
9,36,2100,85,35,0,79,20,326.0,0.0
9,36,2100,60,39,1,117,11,256.0,201.3603662099849
9,36,2100,85,38,1,73,15,258.0,177.82720186989522
9,36,2100,60,37,0,75,16,298.0,0.0
9,36,2100,90,43,0,81,21,382.0,0.0
9,36,2100,85,48,1,73,18,284.0,365.85773831308006
9,36,2100,90,43,0,103,12,232.0,0.0
9,36,2100,70,35,1,77,20,360.0,250.32373746987162
9,36,2100,70,39,0,157,15,350.0,0.0
9,36,2100,90,37,1,99,24,364.0,304.03245453444936
9,36,2100,85,41,0,83,20,270.0,0.0
9,36,2100,75,42,0,77,12,224.0,0.0
9,36,2100,90,49,1,39,7,116.0,123.24865720197953
9,36,2100,65,48,1,125,12,288.0,345.74814921311213
9,36,2000,80,38,1,69,18,274.0,212.37455850269654
9,36,2000,60,37,0,115,19,348.0,0.0
9,36,2000,90,39,0,113,14,340.0,0.0
9,36,2000,60,39,0,75,11,290.0,0.0
9,36,2000,80,39,1,73,14,226.0,251.12131212289356
9,36,2100,90,41,0,105,14,356.0,0.0
9,36,2000,60,49,1,59,4,128.0,39.26227737012775
9,36,2000,60,36,1,77,21,294.0,296.85803706280126
9,36,2000,65,37,0,109,13,324.0,0.0
9,36,2000,75,42,1,49,13,164.0,206.57320836360825
9,36,2000,85,36,0,111,20,320.0,0.0
9,36,2000,90,41,1,111,14,352.0,270.5260531438752
9,36,2000,90,41,1,45,6,116.0,82.90680096378202
9,36,2000,90,47,0,107,14,206.0,0.0
9,36,2000,70,38,1,67,22,248.0,326.6534389996583
9,36,2000,90,39,0,129,23,422.0,0.0
9,36,2000,85,44,1,97,14,196.0,240.50950423959875
9,36,2000,90,41,0,105,15,256.0,0.0
9,36,2000,80,47,0,65,5,140.0,0.0
9,36,2000,75,46,1,99,13,234.0,150.88235810220712
9,36,2000,75,46,0,91,9,204.0,0.0
9,36,2000,90,37,1,79,20,328.0,424.81207378440865
9,36,2000,65,39,1,53,10,204.0,308.8450237939735
9,36,2000,65,38,1,83,13,238.0,185.80238555817024
9,36,2000,65,39,0,103,13,294.0,0.0
9,36,2000,90,44,0,77,9,148.0,0.0
9,36,2000,65,50,0,77,5,108.0,0.0
9,36,2000,90,44,1,65,5,112.0,137.14360864442088
9,36,2000,60,35,0,69,13,294.0,0.0
9,36,2000,60,36,1,95,18,344.0,144.49778447491158
9,36,2000,70,40,1,77,19,404.0,275.7949868614905
9,36,2000,65,45,0,69,6,70.0,0.0
9,36,2000,65,45,0,63,12,274.0,0.0
9,36,2000,80,49,0,107,8,202.0,0.0
9,36,2000,85,50,1,55,9,156.0,340.26821474785095
9,36,2000,90,43,1,61,13,186.0,225.97561122934965
9,36,2000,80,38,0,73,17,280.0,0.0
9,36,2000,60,42,1,101,13,284.0,231.536474052117
9,36,2000,85,43,0,73,8,138.0,0.0
9,36,1900,75,42,0,135,8,192.0,0.0
9,36,2000,70,44,0,35,7,128.0,0.0
9,36,1900,65,47,1,35,1,36.0,10.793612673292923
9,36,2000,85,38,1,103,17,266.0,262.2719311990122
9,36,1900,75,50,1,123,7,156.0,121.05393319300133
9,36,1900,90,35,0,107,18,356.0,0.0
9,36,1900,80,39,0,69,9,184.0,0.0
9,36,1900,80,42,0,67,12,218.0,0.0
9,36,1900,75,35,0,71,11,286.0,0.0
9,36,1900,60,46,1,45,8,126.0,123.22871610285088
9,36,1900,70,44,1,95,11,276.0,227.64864620111106
9,36,1900,65,44,1,59,11,182.0,253.21773104721754
9,36,1900,85,41,1,81,17,234.0,377.2437495889176
9,36,1900,65,42,0,73,9,198.0,0.0
9,36,1900,75,43,1,67,9,218.0,160.79997872623872
9,36,1900,65,48,0,37,3,100.0,0.0
9,36,1900,85,49,0,95,7,170.0,0.0
9,36,1900,80,44,0,95,11,202.0,0.0
9,36,1900,80,50,1,111,13,234.0,276.4628451922336
9,36,1900,85,43,1,73,15,200.0,185.27506108139082
9,36,1900,85,37,0,109,12,294.0,0.0
9,36,1900,65,40,0,71,11,210.0,0.0
9,36,1900,70,39,1,93,8,186.0,238.30214128998173
9,36,1900,75,45,1,43,11,162.0,288.3931484673649
9,36,1900,60,47,1,75,10,172.0,131.49876793655721
9,36,1900,90,48,0,87,13,172.0,0.0
9,36,1900,70,49,1,89,6,90.0,90.91669257531728
9,36,1900,85,39,0,103,17,346.0,0.0
9,36,1900,70,40,1,91,17,282.0,240.92861862153856
9,36,1900,85,43,0,73,11,228.0,0.0
9,36,1900,90,43,0,69,11,236.0,0.0
9,36,1900,80,49,0,63,7,122.0,0.0
9,36,1900,75,47,1,41,6,108.0,43.988967164322446
9,36,1900,75,50,1,37,7,74.0,78.00426735521602
9,36,1900,65,44,0,57,6,120.0,0.0
9,36,1900,70,38,0,69,12,208.0,0.0
9,36,1900,65,40,1,59,8,172.0,70.8738568354364
9,36,1900,60,45,1,69,9,212.0,193.6836741351812
9,36,1900,80,44,0,57,10,162.0,0.0
9,36,1900,80,45,1,49,10,148.0,217.39884284491617
9,36,1900,70,38,0,91,13,236.0,0.0
9,36,1900,75,50,1,75,7,150.0,159.23554717740112
9,36,1800,80,38,1,127,14,280.0,173.048334235846
9,36,1800,65,38,0,83,14,242.0,0.0
9,36,1800,60,42,1,59,7,150.0,163.39201581532097
9,36,1800,70,44,0,59,8,194.0,0.0
9,36,1800,85,41,1,63,18,236.0,276.32392457371935
9,36,1800,65,45,0,57,10,188.0,0.0
9,36,1800,70,49,1,123,11,246.0,127.19794493350402
9,36,1800,80,35,0,67,13,276.0,0.0
9,36,1800,90,40,0,69,5,106.0,0.0
9,36,1800,65,36,1,65,15,258.0,149.21442468444786
9,36,1800,75,41,1,85,11,154.0,198.41039392504624
9,36,1800,90,48,0,159,13,276.0,0.0
9,36,1800,60,35,1,69,8,192.0,84.3918477036218
9,36,1800,90,46,1,33,7,146.0,83.95168836401251
9,36,1800,65,48,0,63,5,134.0,0.0
9,36,1800,85,39,1,49,14,166.0,320.02653941317317
9,36,1800,70,46,0,95,9,154.0,0.0
9,36,1800,80,39,0,65,16,252.0,0.0
9,36,1800,80,35,0,85,10,184.0,0.0
9,36,1800,70,46,1,39,10,198.0,105.85802726248802
9,36,1800,90,40,1,71,10,212.0,81.66001452631821
9,36,1800,70,45,0,35,4,88.0,0.0
9,36,1800,70,42,0,133,13,312.0,0.0
9,36,1800,90,39,1,63,8,140.0,182.39281160053523
9,36,1800,90,41,1,63,13,236.0,284.2714980239404
9,36,1800,70,41,0,63,9,136.0,0.0
9,36,1800,65,41,1,67,12,218.0,299.10336274081436
9,36,1800,80,47,0,65,5,80.0,0.0
9,36,1800,90,49,1,65,3,66.0,40.903294397974825
9,36,1800,65,35,1,49,8,84.0,68.74220454835299
9,36,1800,75,47,0,101,11,238.0,0.0
9,36,1800,80,35,0,67,15,310.0,0.0
9,36,1800,85,38,0,67,12,194.0,0.0
9,36,1800,70,40,1,47,12,148.0,96.48078597295034
9,36,1800,70,46,1,47,8,94.0,120.99912133762223
9,36,1800,75,50,0,135,8,234.0,0.0
9,36,1800,75,50,1,71,7,72.0,129.56113278487294
9,36,1800,75,44,0,69,12,168.0,0.0
9,36,1700,60,41,1,47,6,76.0,99.7783921248287
9,36,1700,90,41,1,75,8,158.0,176.56558073605834
9,36,1700,65,42,0,103,11,230.0,0.0
9,36,1800,80,46,0,33,8,120.0,0.0
9,36,1800,90,48,1,67,6,116.0,163.28101913004753
9,36,1700,80,35,0,111,13,296.0,0.0
9,36,1700,65,40,1,75,16,302.0,237.2765719179524
9,36,1700,70,44,0,85,7,178.0,0.0
9,36,1700,70,42,1,67,6,116.0,92.47291327512048
9,36,1700,80,40,0,93,12,290.0,0.0
9,36,1700,70,45,1,51,5,86.0,94.63052230928916
9,36,1700,75,46,0,55,6,136.0,0.0
9,36,1700,80,47,0,67,5,98.0,0.0
9,36,1700,90,50,1,57,7,126.0,229.72785169177183
9,36,1700,90,43,1,47,8,106.0,150.75208052084156
9,36,1700,70,37,0,81,12,208.0,0.0
9,36,1700,75,42,0,49,6,110.0,0.0
9,36,1700,80,40,1,51,8,100.0,134.03333788823846
9,36,1700,85,39,1,113,15,328.0,347.64816642692534
9,36,1700,85,44,1,91,11,170.0,239.50549453661768
9,36,1700,75,50,0,47,3,48.0,0.0
9,36,1700,85,35,1,67,15,264.0,210.6424591056265
9,36,1700,75,37,1,79,10,172.0,176.53205022057665
9,36,1700,85,41,0,67,4,96.0,0.0
9,36,1700,70,36,0,67,11,186.0,0.0
9,36,1700,85,35,0,65,14,204.0,0.0
9,36,1700,75,45,1,89,11,212.0,281.2046901340014
9,36,1700,70,50,0,27,4,60.0,0.0
9,36,1700,65,48,1,63,3,86.0,65.06559228066396
9,36,1700,75,36,1,61,18,248.0,197.52719457668383
9,36,1700,90,37,0,59,11,178.0,0.0
9,36,1700,90,45,0,95,9,194.0,0.0
9,36,1700,85,44,0,85,7,154.0,0.0
9,36,1700,80,36,0,33,11,154.0,0.0
9,36,1700,75,38,0,95,14,272.0,0.0
9,36,1700,80,46,1,57,9,156.0,106.38531445526853
9,36,1700,60,47,1,121,8,164.0,101.2027786950395
9,36,1700,80,48,1,47,9,136.0,172.28215678628143
9,36,1700,85,35,0,91,13,266.0,0.0
9,36,1700,65,44,1,31,3,80.0,109.04087785280863
9,36,1600,65,43,0,77,7,108.0,0.0
9,36,1600,65,40,0,81,7,108.0,0.0
9,36,1700,60,41,0,29,5,78.0,0.0
9,36,1700,85,44,1,55,14,202.0,258.98408984061905
9,36,1600,60,49,1,51,3,80.0,28.47213595499958
9,36,1600,60,42,1,55,4,88.0,42.531625150546745
9,36,1600,75,35,1,61,16,222.0,206.08655765478315
9,36,1600,90,45,0,31,7,90.0,0.0
9,36,1600,60,49,1,33,4,66.0,34.62665178508478
9,36,1600,75,42,1,51,9,180.0,199.87890446440133
9,36,1600,75,37,0,47,8,158.0,0.0
9,36,1600,90,38,1,55,17,142.0,158.6954831858051
9,36,1600,75,44,1,63,12,210.0,307.0180399801035
9,36,1600,65,50,0,31,3,76.0,0.0
9,36,1600,60,50,0,27,2,28.0,0.0
9,36,1600,85,45,0,61,8,178.0,0.0
9,36,1600,60,35,1,51,8,114.0,92.12520965180464
9,36,1600,65,39,0,31,4,88.0,0.0
9,36,1600,70,36,0,61,10,168.0,0.0
9,36,1600,75,43,1,63,7,96.0,79.16338661569733
9,36,1600,70,47,1,57,5,90.0,41.24703603586601
9,36,1600,70,47,1,77,8,142.0,96.36965815263702
9,36,1600,60,50,0,51,6,84.0,0.0
9,36,1600,85,35,1,85,9,236.0,62.95916174646788
9,36,1600,75,36,1,57,9,110.0,89.04098179471404
9,36,1600,70,39,0,87,10,180.0,0.0
9,36,1600,80,39,0,57,7,152.0,0.0
9,36,1600,60,47,0,101,8,158.0,0.0
9,36,1600,65,47,1,73,7,134.0,116.11944433930121
9,36,1600,80,48,0,77,4,78.0,0.0
9,36,1600,65,35,0,55,7,158.0,0.0
9,36,1600,80,35,1,37,8,98.0,85.98929736643723
9,36,1600,75,42,1,29,4,58.0,113.40024045999675
9,36,1600,75,41,1,59,11,136.0,215.58399742988996
9,36,1600,60,46,1,65,10,130.0,115.67979379748506
9,36,1600,75,43,0,75,6,160.0,0.0
9,36,1600,90,48,0,31,7,84.0,0.0
9,36,1600,75,35,0,55,11,140.0,0.0
9,36,1600,90,35,0,31,10,102.0,0.0
9,36,1600,80,35,1,53,13,220.0,95.17299718418094
9,36,1500,75,41,1,27,5,102.0,137.6107715478648
9,36,1500,60,35,1,55,9,136.0,76.36712661367403
9,36,1600,65,44,0,83,8,166.0,0.0
9,36,1500,65,48,0,27,3,56.0,0.0
9,36,1600,75,46,1,25,2,44.0,49.46845682079236
9,36,1500,75,35,0,65,10,152.0,0.0
9,36,1500,65,35,0,73,14,186.0,0.0
9,36,1500,65,37,0,79,8,136.0,0.0
9,36,1500,75,41,1,29,5,80.0,121.41163502687026
9,36,1500,80,42,1,29,5,86.0,100.79110792356872
9,36,1500,65,44,1,53,6,78.0,155.71383513796755
9,36,1500,90,42,0,105,13,226.0,0.0
9,36,1500,75,47,1,45,4,102.0,41.02883345282656
9,36,1500,65,37,1,39,12,130.0,149.80949814169978
9,36,1500,65,37,0,53,6,78.0,0.0
9,36,1500,85,42,1,59,10,112.0,185.40687792826242
9,36,1500,65,43,1,37,5,88.0,105.53910435560793
9,36,1500,85,49,0,79,7,136.0,0.0
9,36,1500,80,49,0,77,7,108.0,0.0
9,36,1500,90,49,0,85,7,114.0,0.0
9,36,1500,75,38,0,59,8,126.0,0.0
9,36,1500,70,37,0,53,9,112.0,0.0
9,36,1500,65,35,0,57,10,162.0,0.0
9,36,1500,75,46,1,35,6,60.0,48.51568849572763
9,36,1500,75,49,1,41,8,112.0,83.97267342081557
9,36,1500,70,45,1,47,6,106.0,155.8957481841203
9,36,1500,85,50,1,55,6,80.0,122.13986539232891
9,36,1500,60,36,1,51,11,152.0,64.32942608399833
9,36,1500,85,48,0,57,8,158.0,0.0
9,36,1500,60,35,1,47,6,106.0,92.11442589321608
9,36,1500,65,38,0,59,7,84.0,0.0
9,36,1500,90,43,0,73,9,94.0,0.0
9,36,1500,80,49,0,25,3,50.0,0.0
9,36,1500,65,48,1,57,2,58.0,77.60020218808043
9,36,1500,60,43,0,27,2,28.0,0.0
9,36,1500,85,44,0,51,6,82.0,0.0
9,36,1500,60,42,0,57,11,196.0,0.0
9,36,1500,85,48,1,75,6,104.0,187.85857021231814
9,36,1500,75,48,1,79,6,166.0,206.74222654227546
9,36,1500,65,47,1,31,5,78.0,36.91364737695202
9,36,1500,70,48,1,27,1,28.0,41.19862765955075
9,35,3000,85,39,0,161,28,800.0,0.0
9,35,3000,65,37,1,111,32,654.0,485.4788967066318
9,35,3000,90,39,0,227,28,694.0,0.0
9,35,3000,90,41,1,167,30,610.0,561.1532692379702
9,36,1500,85,50,0,71,5,82.0,0.0
9,35,3000,70,48,0,163,20,522.0,0.0
9,35,3000,60,45,1,111,23,480.0,390.6341408946614
9,35,3000,65,37,1,83,32,538.0,554.1252697737087
9,35,3000,90,43,0,163,28,588.0,0.0
9,35,3000,90,38,0,115,33,610.0,0.0
9,35,3000,90,37,1,113,33,504.0,604.9510186336814
9,35,3000,60,39,1,109,30,566.0,693.2088799826595
9,35,3000,90,37,0,155,34,896.0,0.0
9,35,3000,90,41,1,69,31,514.0,611.6499567889016
9,35,3000,90,46,0,213,25,628.0,0.0
9,35,3000,85,39,0,111,31,610.0,0.0
9,35,3000,75,40,1,165,31,698.0,398.8976885468221
9,35,3000,85,45,1,107,25,476.0,451.4551364110753
9,35,3000,75,47,0,145,16,506.0,0.0
9,35,3000,85,42,1,101,30,518.0,660.5406271994624
9,35,3000,70,47,0,109,15,472.0,0.0
9,35,3000,60,47,1,97,20,564.0,332.3451758768748
9,35,3000,90,39,0,173,30,776.0,0.0
9,35,3000,90,40,0,175,29,650.0,0.0
9,35,3000,80,45,1,101,22,434.0,493.6518120727804
9,35,3000,65,46,1,119,17,444.0,229.19524906997
9,35,3000,75,50,0,133,20,450.0,0.0
9,35,3000,85,47,1,117,30,578.0,593.2163945870892
9,35,3000,65,49,0,115,16,542.0,0.0
9,35,3000,90,36,0,169,33,622.0,0.0
9,35,3000,80,38,0,105,26,724.0,0.0
9,35,3000,85,46,1,171,21,464.0,363.19837437898747
9,35,3000,70,46,1,107,23,546.0,335.4424078893386
9,35,3000,75,45,1,129,27,506.0,723.8766855153633
9,35,3000,65,48,0,159,21,562.0,0.0
9,35,3000,75,50,1,117,16,554.0,502.7391771845642
9,35,3000,85,48,1,117,25,508.0,577.6068763270255
9,35,3000,65,50,0,205,22,626.0,0.0
9,35,3000,70,40,0,177,29,796.0,0.0
9,35,2900,65,42,1,105,22,588.0,270.96466361951417
9,35,3000,60,43,1,169,23,604.0,357.8351868703434
9,35,2900,70,44,0,103,23,528.0,0.0
9,35,2900,90,43,1,113,29,720.0,591.6162501429851
9,35,3000,60,44,0,163,19,640.0,0.0
9,35,2900,90,50,0,163,18,538.0,0.0
9,35,2900,65,41,0,109,19,586.0,0.0
9,35,2900,90,40,1,103,33,554.0,602.2691994672501
9,35,2900,70,43,0,161,18,606.0,0.0
9,35,2900,85,46,1,113,23,616.0,441.82954832191325
9,35,2900,75,47,0,109,23,646.0,0.0
9,35,2900,80,50,1,107,20,444.0,564.0320361603858
9,35,2900,65,47,1,107,19,502.0,369.4845578287746
9,35,2900,90,44,0,163,33,808.0,0.0
9,35,2900,60,39,1,163,34,728.0,782.4042740266854
9,35,2900,85,36,0,219,31,636.0,0.0
9,35,2900,80,43,1,155,27,732.0,548.6032590412866
9,35,2900,90,42,0,159,32,722.0,0.0
9,35,2900,80,36,1,111,33,490.0,441.93356901337256
9,35,2900,80,45,0,139,22,558.0,0.0
9,35,2900,65,47,1,223,22,584.0,440.64973413395666
9,35,2900,75,44,0,163,18,560.0,0.0
9,35,2900,65,36,0,163,29,612.0,0.0
9,35,2900,80,39,1,111,33,584.0,725.7598442724307
9,35,2900,75,41,0,109,28,662.0,0.0
9,35,2900,75,40,1,223,31,694.0,505.47090234565775
9,35,2900,85,42,1,155,31,602.0,462.15439081893936
9,35,2900,85,49,0,153,21,654.0,0.0
9,35,2900,70,49,1,75,23,402.0,381.63026165348174
9,35,2900,65,36,1,155,32,532.0,442.922668790081
9,35,2900,70,42,0,115,22,580.0,0.0
9,35,2900,75,42,0,163,23,672.0,0.0
9,35,2900,70,41,1,87,26,470.0,460.90194339513187
9,35,2900,65,43,0,161,20,590.0,0.0
9,35,2900,75,44,1,111,29,546.0,703.464005943266
9,35,2900,60,50,1,107,13,340.0,310.9370387714793
9,35,2900,75,45,0,161,26,690.0,0.0
9,35,2900,75,36,1,89,33,568.0,536.3292545770206
9,35,2900,85,45,0,111,22,540.0,0.0
9,35,2800,75,45,0,145,20,600.0,0.0
9,35,2900,85,49,1,109,23,550.0,399.96274497272265
9,35,2900,75,37,0,165,28,698.0,0.0
9,35,2900,70,45,0,163,26,756.0,0.0
9,35,2800,90,48,1,109,24,480.0,610.2575750671657
9,35,2800,70,42,0,165,25,654.0,0.0
9,35,2800,60,43,1,91,14,274.0,219.51064245987945
9,35,2800,70,44,1,105,21,492.0,537.2675594645638
9,35,2800,85,48,1,157,16,392.0,292.17794963622106
9,35,2800,70,47,0,109,19,582.0,0.0
9,35,2800,80,49,0,89,17,426.0,0.0
9,35,2800,85,49,1,159,26,622.0,453.1604551986534
9,35,2800,60,35,1,109,28,434.0,418.76306399056136
9,35,2800,65,35,1,157,29,560.0,407.1472378737715
9,35,2800,90,44,1,209,25,608.0,490.8316070480597
9,35,2800,65,39,0,149,29,736.0,0.0
9,35,2800,80,46,0,149,22,508.0,0.0
9,35,2800,60,43,0,163,17,354.0,0.0
9,35,2800,85,42,0,157,21,490.0,0.0
9,35,2800,70,35,0,161,32,742.0,0.0
9,35,2800,65,39,1,151,29,618.0,689.3983862846038
9,35,2800,80,43,0,155,19,504.0,0.0
9,35,2800,75,45,1,145,27,554.0,775.8546967941057
9,35,2800,90,46,0,105,16,478.0,0.0
9,35,2800,80,50,1,113,17,330.0,578.6335296406363
9,35,2800,65,50,1,95,16,398.0,372.7062330641365
9,35,2800,75,36,1,95,35,498.0,485.30824314549966
9,35,2800,80,37,0,163,31,718.0,0.0
9,35,2800,70,39,0,157,27,596.0,0.0
9,35,2800,90,42,1,161,31,608.0,376.2027406051236
9,35,2800,75,45,0,161,21,542.0,0.0
9,35,2800,70,43,1,105,20,486.0,381.4194147820229
9,35,2800,75,42,0,203,28,920.0,0.0
9,35,2800,75,36,0,195,26,696.0,0.0
9,35,2800,65,40,1,111,31,514.0,449.59742288909905
9,35,2800,70,44,1,107,22,506.0,577.0150527224804
9,35,2800,65,42,0,97,21,642.0,0.0
9,35,2800,85,42,1,73,25,410.0,457.65113962572417
9,35,2800,65,44,1,107,18,508.0,299.27925182006885
9,35,2800,60,47,0,111,15,534.0,0.0
9,35,2700,75,35,1,145,28,598.0,384.29846505472096
9,35,2800,65,35,1,103,31,506.0,388.7416333822599
9,35,2800,70,37,0,163,31,694.0,0.0
9,35,2700,60,36,0,143,25,610.0,0.0
9,35,2700,85,43,0,103,22,530.0,0.0
9,35,2800,70,46,0,147,18,476.0,0.0
9,35,2700,60,49,1,127,17,572.0,290.0326476450486
9,35,2700,90,39,1,85,25,466.0,572.2903915717628
9,35,2700,90,45,0,155,19,646.0,0.0
9,35,2700,85,47,0,83,16,354.0,0.0
9,35,2700,70,49,1,89,20,330.0,263.76731767463593
9,35,2700,80,47,1,199,24,626.0,505.5303764864574
9,35,2700,70,47,1,105,23,462.0,447.8650475619856
9,35,2700,85,49,0,105,17,388.0,0.0
9,35,2700,60,39,0,123,27,590.0,0.0
9,35,2700,60,41,0,155,24,674.0,0.0
9,35,2700,70,43,0,105,23,640.0,0.0
9,35,2700,85,44,1,117,18,470.0,406.1394187561007
9,35,2700,80,48,1,101,16,406.0,463.9265363848504
9,35,2700,75,46,0,91,14,338.0,0.0
9,35,2700,80,47,1,65,18,288.0,269.30070437352407
9,35,2700,60,37,1,147,27,590.0,470.1209427619014
9,35,2700,90,37,1,99,28,460.0,452.43211837642275
9,35,2700,90,43,0,131,22,572.0,0.0
9,35,2700,75,46,1,73,18,388.0,297.7260133648799
9,35,2700,60,43,0,203,21,594.0,0.0
9,35,2700,85,48,1,79,18,314.0,465.2785516861107
9,35,2700,80,49,0,159,18,600.0,0.0
9,35,2700,90,36,1,61,32,388.0,349.4639802422164
9,35,2700,60,39,0,97,19,370.0,0.0
9,35,2700,60,38,0,143,24,622.0,0.0
9,35,2700,60,37,0,103,18,512.0,0.0
9,35,2700,90,36,1,145,32,604.0,486.6691574916114
9,35,2700,60,43,0,151,21,540.0,0.0
9,35,2700,65,41,1,151,24,480.0,328.7099464733314
9,35,2700,75,40,0,157,26,546.0,0.0
9,35,2700,70,36,0,153,18,516.0,0.0
9,35,2700,90,41,1,103,28,530.0,526.9627164317186
9,35,2700,60,42,1,153,24,438.0,336.373938692394
9,35,2700,80,41,1,101,23,484.0,505.98858746056806
9,35,2700,85,43,0,153,24,644.0,0.0
9,35,2700,70,50,1,107,14,314.0,443.9784046179136
9,35,2600,60,38,0,147,24,666.0,0.0
9,35,2600,65,40,1,103,20,506.0,319.9713082560289
9,35,2600,80,42,1,97,26,484.0,418.6126669617393
9,35,2600,65,39,0,151,20,538.0,0.0
9,35,2700,90,49,0,199,22,496.0,0.0
9,35,2600,85,44,1,93,21,368.0,520.0615209991669
9,35,2600,75,49,0,135,13,368.0,0.0
9,35,2600,60,37,0,151,19,492.0,0.0
9,35,2600,80,38,1,139,28,538.0,427.27532106993317
9,35,2600,90,43,1,85,22,314.0,446.09899601802726
9,35,2600,75,43,1,99,19,420.0,445.1555331191442
9,35,2600,90,38,1,109,33,500.0,504.4489665933498
9,35,2600,85,39,0,137,28,658.0,0.0
9,35,2600,90,49,0,97,16,316.0,0.0
9,35,2600,60,49,1,103,18,406.0,288.5343410354568
9,35,2600,85,50,0,95,15,272.0,0.0
9,35,2600,75,48,0,179,20,632.0,0.0
9,35,2600,65,35,0,97,23,522.0,0.0
9,35,2600,85,47,1,87,17,368.0,386.5869510425362
9,35,2600,85,46,1,145,20,386.0,428.86585717696795
9,35,2600,60,49,0,93,17,468.0,0.0
9,35,2600,60,41,0,177,18,446.0,0.0
9,35,2600,80,37,1,97,24,544.0,355.7807467148102
9,35,2600,60,47,0,103,16,430.0,0.0
9,35,2600,70,44,1,133,21,462.0,423.5371394034832
9,35,2600,80,49,1,123,17,412.0,228.89560279155316
9,35,2600,75,42,0,95,21,452.0,0.0
9,35,2600,70,38,0,97,21,450.0,0.0
9,35,2600,90,43,0,149,20,466.0,0.0
9,35,2600,90,47,1,95,19,418.0,258.0491950180555
9,35,2600,60,44,0,165,14,430.0,0.0
9,35,2600,90,47,1,101,23,520.0,309.71120441081985
9,35,2600,85,50,1,89,15,318.0,379.4970184237777
9,35,2600,65,43,1,193,13,328.0,218.77917254805232
9,35,2600,65,37,0,143,28,602.0,0.0
9,35,2600,60,38,1,95,24,494.0,452.529838980986
9,35,2600,60,44,0,133,19,546.0,0.0
9,35,2600,75,43,1,129,22,558.0,380.34279156783185
9,35,2500,85,37,1,95,28,542.0,490.19940476490103
9,35,2600,60,47,0,85,11,256.0,0.0
9,35,2600,65,47,1,89,14,268.0,240.9824690604283
9,35,2600,60,50,0,95,12,210.0,0.0
9,35,2500,70,35,0,131,28,560.0,0.0
9,35,2500,75,35,1,91,29,538.0,512.3028488952954
9,35,2500,90,36,1,89,32,492.0,372.48172594113123
9,35,2500,60,39,1,77,25,372.0,520.537068682685
9,35,2500,60,43,0,99,14,404.0,0.0
9,35,2500,70,48,0,89,15,242.0,0.0
9,35,2500,90,45,0,147,15,426.0,0.0
9,35,2500,70,42,0,141,14,512.0,0.0
9,35,2500,60,46,1,147,17,394.0,209.69898373074386
9,35,2500,80,45,1,63,21,348.0,421.76543156132055
9,35,2500,75,49,0,123,11,262.0,0.0
9,35,2500,60,50,0,97,10,272.0,0.0
9,35,2500,70,50,1,109,16,310.0,366.2007130747016
9,35,2500,85,49,1,61,14,306.0,166.18078654355975
9,35,2500,70,40,0,189,20,598.0,0.0
9,35,2500,90,36,0,133,27,534.0,0.0
9,35,2500,85,42,0,97,25,454.0,0.0
9,35,2500,60,47,0,121,17,406.0,0.0
9,35,2500,85,50,1,103,12,262.0,298.14583675317846
9,35,2500,75,45,1,85,17,300.0,362.19032319062813
9,35,2500,65,50,1,73,16,318.0,498.7717193024071
9,35,2500,60,39,1,135,23,584.0,531.7924702965443
9,35,2500,65,37,0,143,25,644.0,0.0
9,35,2500,90,38,0,91,25,482.0,0.0
9,35,2500,90,36,1,61,23,360.0,294.80318749173387
9,35,2500,70,42,1,95,15,342.0,210.74487121884022
9,35,2500,60,43,0,175,18,462.0,0.0
9,35,2500,90,41,1,97,26,596.0,524.0942938686039
9,35,2500,70,48,0,97,12,282.0,0.0
9,35,2500,90,40,1,71,22,398.0,304.3486505872582
9,35,2500,70,35,0,129,27,560.0,0.0
9,35,2500,80,46,1,59,16,252.0,221.37523955529977
9,35,2500,65,47,1,179,17,348.0,267.5640114493125
9,35,2500,75,36,0,99,24,418.0,0.0
9,35,2500,65,38,1,137,30,632.0,481.2712449651392
9,35,2500,90,48,1,95,17,384.0,353.4215827834586
9,35,2500,80,49,0,241,13,486.0,0.0
9,35,2500,85,49,0,95,17,456.0,0.0
9,35,2400,90,37,1,65,26,396.0,399.2128120578243
9,35,2500,65,50,0,79,8,254.0,0.0
9,35,2400,65,40,0,93,19,372.0,0.0
9,35,2400,60,40,0,131,19,386.0,0.0
9,35,2400,85,38,1,69,21,330.0,263.44292778603074
9,35,2400,85,43,1,95,15,394.0,301.2814799971678
9,35,2400,70,48,0,93,19,358.0,0.0
9,35,2400,85,48,1,77,17,358.0,367.73425981335373
9,35,2400,80,45,1,79,11,236.0,174.78511037568944
9,35,2400,90,47,0,135,19,430.0,0.0
9,35,2400,75,35,0,135,23,572.0,0.0
9,35,2400,90,36,0,133,25,566.0,0.0
9,35,2400,60,37,1,91,21,348.0,353.56653960599994
9,35,2400,85,41,1,129,19,388.0,368.76596295108124
9,35,2400,80,39,0,115,20,448.0,0.0
9,35,2400,90,44,1,87,15,306.0,270.2574246148451
9,35,2400,75,45,0,91,16,428.0,0.0
9,35,2400,65,46,1,83,12,222.0,173.54037380419936
9,35,2400,80,36,0,127,23,566.0,0.0
9,35,2400,75,41,1,91,17,312.0,330.3010843333195
9,35,2400,80,40,1,81,18,354.0,266.7341462094712
9,35,2400,85,41,0,131,16,448.0,0.0
9,35,2400,85,49,0,89,14,176.0,0.0
9,35,2400,60,48,1,71,15,184.0,341.3179209389605
9,35,2400,75,45,0,85,15,236.0,0.0
9,35,2400,90,36,0,93,28,534.0,0.0
9,35,2400,75,46,0,181,14,432.0,0.0
9,35,2400,90,47,1,91,15,444.0,266.72582656381445
9,35,2400,65,49,1,53,9,168.0,142.0885671802108
9,35,2400,70,50,1,65,8,214.0,270.7202409750561
9,35,2400,90,50,0,139,9,222.0,0.0
9,35,2400,80,48,1,95,15,418.0,396.8313901759534
9,35,2400,60,38,1,131,17,410.0,369.7630182706516
9,35,2400,85,38,0,91,22,456.0,0.0
9,35,2400,70,36,1,101,24,428.0,281.9262160540749
9,35,2400,85,38,0,127,26,526.0,0.0
9,35,2400,75,42,1,89,16,324.0,288.116643293963
9,35,2400,90,50,0,93,20,362.0,0.0
9,35,2400,85,46,0,139,18,456.0,0.0
9,35,2300,65,36,0,133,19,390.0,0.0
9,35,2300,60,37,0,77,17,360.0,0.0
9,35,2400,65,39,0,131,22,568.0,0.0
9,35,2300,60,35,1,59,14,226.0,244.95051754390153
9,35,2300,65,37,1,93,22,416.0,351.93419858922306
9,35,2300,65,50,1,81,8,204.0,290.91098654997376
9,35,2400,85,43,1,127,24,408.0,431.4767753517212
9,35,2300,65,36,0,125,24,428.0,0.0
9,35,2300,60,36,0,115,16,398.0,0.0
9,35,2300,75,39,1,87,14,344.0,375.0674481317033
9,35,2300,85,41,0,91,21,400.0,0.0
9,35,2300,85,41,1,111,18,372.0,241.85188147486122
9,35,2300,80,41,0,113,16,360.0,0.0
9,35,2300,60,44,1,133,10,270.0,228.70781016473376
9,35,2300,85,35,1,165,32,500.0,399.7530946720615
9,35,2300,60,35,0,119,11,292.0,0.0
9,35,2300,80,37,0,163,20,592.0,0.0
9,35,2300,90,39,1,81,18,294.0,384.8095447918432
9,35,2300,75,43,0,85,14,318.0,0.0
9,35,2300,70,46,1,89,10,186.0,165.8577565461929
9,35,2300,90,47,1,65,14,214.0,211.44920507775598
9,35,2300,75,36,1,113,23,526.0,251.18330052502415
9,35,2300,85,36,0,71,20,306.0,0.0
9,35,2300,80,37,1,81,18,288.0,265.5404020332896
9,35,2300,75,43,0,87,15,406.0,0.0
9,35,2300,70,44,0,87,14,392.0,0.0
9,35,2300,90,48,1,63,17,232.0,367.1386447726068
9,35,2300,70,48,0,125,12,276.0,0.0
9,35,2300,60,39,0,81,10,276.0,0.0
9,35,2300,80,41,1,111,21,418.0,428.0485988321541
9,35,2300,60,43,1,71,13,192.0,218.7138420584868
9,35,2300,90,38,0,127,24,396.0,0.0
9,35,2300,65,48,0,85,8,214.0,0.0
9,35,2300,70,47,1,131,20,524.0,285.5159768354756
9,35,2300,75,50,1,179,6,224.0,168.78363624120854
9,35,2300,75,41,0,135,21,504.0,0.0
9,35,2300,80,45,0,83,17,372.0,0.0
9,35,2300,85,43,1,117,20,456.0,423.44589840635336
9,35,2300,75,48,0,119,12,288.0,0.0
9,35,2300,60,47,1,79,10,218.0,135.00047262690404
9,35,2300,90,48,1,81,15,212.0,318.2909599619069
9,35,2200,90,46,1,59,19,234.0,220.67824505216103
9,35,2300,75,50,0,83,16,316.0,0.0
9,35,2200,60,41,1,121,15,290.0,281.72879199436164
9,35,2200,85,44,0,115,14,260.0,0.0
9,35,2200,75,41,1,55,16,234.0,311.83522392895753
9,35,2200,80,36,0,83,23,416.0,0.0
9,35,2200,85,46,0,121,16,268.0,0.0
9,35,2200,85,49,0,79,10,182.0,0.0
9,35,2200,75,47,1,43,15,248.0,157.2343910342446
9,35,2200,90,43,0,121,16,390.0,0.0
9,35,2200,80,47,1,55,5,118.0,50.47129089461785
9,35,2200,80,42,1,105,15,292.0,163.96430752481194
9,35,2200,65,38,1,77,16,378.0,292.04482901555645
9,35,2200,85,46,0,117,16,394.0,0.0
9,35,2200,70,46,0,71,9,116.0,0.0
9,35,2200,85,50,1,87,16,310.0,389.7599854460726
9,35,2200,70,37,1,83,15,320.0,216.54731006622455
9,35,2200,75,39,0,79,20,308.0,0.0
9,35,2200,75,40,0,85,17,362.0,0.0
9,35,2200,60,36,1,81,9,154.0,94.19581756346959
9,35,2200,70,43,0,123,16,398.0,0.0
9,35,2200,65,46,1,69,13,228.0,166.92598854670794
9,35,2200,70,38,0,77,12,270.0,0.0
9,35,2200,85,36,1,69,23,350.0,274.44849951371833
9,35,2200,60,36,0,87,18,424.0,0.0
9,35,2200,85,41,0,111,16,378.0,0.0
9,35,2200,90,43,1,99,15,332.0,286.0158807470705
9,35,2200,85,48,1,39,6,74.0,124.43194360136023
9,35,2200,75,48,1,73,11,294.0,315.59053076454677
9,35,2200,60,49,0,71,7,138.0,0.0
9,35,2200,90,40,1,93,19,354.0,333.0463887500157
9,35,2200,75,46,0,121,15,326.0,0.0
9,35,2200,90,36,1,69,22,326.0,340.4081088023948
9,35,2200,80,41,0,81,16,244.0,0.0
9,35,2200,65,42,1,75,14,264.0,194.91264245484172
9,35,2200,70,43,0,127,16,318.0,0.0
9,35,2200,60,46,0,127,12,316.0,0.0
9,35,2200,75,40,0,85,17,404.0,0.0
9,35,2200,80,37,0,123,17,454.0,0.0
9,35,2100,80,37,0,117,16,382.0,0.0
9,35,2100,70,44,1,81,12,270.0,267.03150921605953
9,35,2100,75,50,1,53,7,130.0,137.90598895668126
9,35,2200,75,43,1,87,16,230.0,360.8880217921038
9,35,2200,70,44,1,119,20,404.0,491.92300468506215
9,35,2100,80,36,1,53,15,218.0,141.73516106180344
9,35,2100,80,39,0,101,19,320.0,0.0
9,35,2100,70,40,0,81,13,264.0,0.0
9,35,2100,80,41,0,119,18,422.0,0.0
9,35,2100,70,42,1,55,15,184.0,244.10145814748034
9,35,2100,85,42,1,69,18,294.0,278.9848541147746
9,35,2100,70,42,0,75,11,212.0,0.0
9,35,2100,70,44,0,115,14,290.0,0.0
9,35,2100,75,49,1,61,8,156.0,128.11171269180025
9,35,2100,85,35,0,79,19,398.0,0.0
9,35,2100,90,39,0,79,19,340.0,0.0
9,35,2100,85,48,1,45,7,108.0,188.4101445032114
9,35,2100,85,39,0,41,8,140.0,0.0
9,35,2100,90,45,1,115,13,292.0,329.2545094601014
9,35,2100,60,50,1,49,6,88.0,125.40838101930272
9,35,2100,75,49,1,57,6,76.0,92.70266140756303
9,35,2100,65,49,0,83,10,198.0,0.0
9,35,2100,80,37,1,155,19,396.0,317.48428626202804
9,35,2100,80,40,1,73,21,302.0,207.2956668946391
9,35,2100,75,40,1,65,12,248.0,126.07777189096382
9,35,2100,80,41,0,107,15,340.0,0.0
9,35,2100,90,47,0,65,10,180.0,0.0
9,35,2100,60,45,1,87,11,158.0,152.69647693519204
9,35,2100,65,44,0,87,7,206.0,0.0
9,35,2100,60,42,0,159,11,234.0,0.0
9,35,2100,70,35,1,71,26,384.0,325.8646039634635
9,35,2100,85,40,0,71,13,224.0,0.0
9,35,2100,85,45,1,81,14,248.0,363.45275970176493
9,35,2100,65,48,0,61,4,94.0,0.0
9,35,2100,75,50,1,59,11,182.0,353.67723633551503
9,35,2100,65,43,0,77,11,316.0,0.0
9,35,2100,85,37,1,49,15,212.0,149.374708918798
9,35,2100,65,35,0,81,22,488.0,0.0
9,35,2100,80,35,1,81,18,350.0,255.9815114284807
9,35,2100,75,39,1,81,15,250.0,403.1158288482899
9,35,2000,80,49,1,77,7,162.0,97.076504336193
9,35,2100,65,49,0,71,12,276.0,0.0
9,35,2100,60,49,0,95,8,244.0,0.0
9,35,2000,80,49,0,63,7,182.0,0.0
9,35,2000,75,37,1,105,18,354.0,252.28410963434177
9,35,2000,90,39,0,79,19,374.0,0.0
9,35,2000,80,48,1,97,11,248.0,337.89977158690016
9,35,2000,65,47,0,147,10,280.0,0.0
9,35,2000,65,48,1,69,10,192.0,305.2960599562104
9,35,2000,75,37,0,75,17,392.0,0.0
9,35,2000,90,50,0,67,7,178.0,0.0
9,35,2000,65,44,1,73,9,136.0,234.0469753189674
9,35,2000,65,49,0,39,9,150.0,0.0
9,35,2000,80,47,1,65,10,186.0,104.15782731440486
9,35,2000,80,35,0,99,20,328.0,0.0
9,35,2000,65,38,1,85,19,336.0,233.9319409448906
9,35,2000,80,38,1,71,18,230.0,229.2714611202805
9,35,2000,80,41,1,93,16,258.0,281.5383958759777
9,35,2000,75,49,0,73,10,166.0,0.0
9,35,2000,70,35,0,151,17,392.0,0.0
9,35,2000,60,41,0,75,9,178.0,0.0
9,35,2000,70,44,1,93,18,202.0,319.6744808643159
9,35,2000,75,49,0,105,9,200.0,0.0
9,35,2000,65,46,1,83,12,220.0,126.2818202503403
9,35,2000,75,38,1,71,19,340.0,279.3324340232016
9,35,2000,70,43,0,111,10,284.0,0.0
9,35,2000,65,42,0,75,9,236.0,0.0
9,35,2000,60,48,1,67,5,106.0,98.70707815896114
9,35,2000,65,43,1,101,11,186.0,166.477354682125
9,35,2000,65,46,0,65,8,174.0,0.0
9,35,2000,65,48,1,63,8,142.0,146.47946789125248
9,35,2000,85,47,1,45,7,120.0,77.06705363077101
9,35,2000,60,49,0,61,3,62.0,0.0
9,35,2000,90,38,0,77,15,296.0,0.0
9,35,2000,85,39,0,149,12,320.0,0.0
9,35,2000,60,41,0,71,10,284.0,0.0
9,35,2000,75,45,1,61,11,128.0,207.87332220742576
9,35,2000,80,42,1,79,12,294.0,135.97500236668282
9,35,2000,85,43,1,109,10,190.0,189.99658525815232
9,35,2000,65,41,0,67,7,206.0,0.0
9,35,1900,75,36,1,47,13,162.0,134.88031863772122
9,35,1900,80,37,1,71,10,206.0,143.06363339856034
9,35,1900,75,45,0,111,14,278.0,0.0
9,35,1900,65,46,1,105,8,180.0,108.02971581761622
9,35,2000,60,46,0,67,5,122.0,0.0
9,35,2000,80,50,1,71,13,218.0,307.1104230703745
9,35,1900,80,48,0,97,8,162.0,0.0
9,35,1900,65,36,1,75,11,232.0,92.35282130843079
9,35,1900,60,41,1,55,12,154.0,212.98183800756252
9,35,1900,90,45,1,91,13,228.0,213.45258819746786
9,35,1900,75,47,0,63,7,132.0,0.0
9,35,1900,90,47,0,71,10,280.0,0.0
9,35,1900,90,48,0,99,9,196.0,0.0
9,35,1900,70,50,0,53,11,156.0,0.0
9,35,1900,70,38,1,59,17,176.0,146.51659412666115
9,35,1900,85,36,0,99,17,418.0,0.0
9,35,1900,75,37,0,75,13,274.0,0.0
9,35,1900,65,44,1,65,8,164.0,194.213588923835
9,35,1900,90,45,0,35,8,130.0,0.0
9,35,1900,60,46,1,19,1,20.0,14.657073853845768
9,35,1900,80,50,1,53,13,132.0,208.1627654863918
9,35,1900,90,43,0,73,8,220.0,0.0
9,35,1900,80,37,1,105,10,278.0,109.84919648099876
9,35,1900,85,36,1,57,16,182.0,170.90641655908163
9,35,1900,80,43,1,55,12,152.0,174.59055357668765
9,35,1900,65,45,0,89,5,154.0,0.0
9,35,1900,90,46,1,63,14,174.0,230.05807672358162
9,35,1900,75,43,0,73,9,208.0,0.0
9,35,1900,90,48,0,107,12,198.0,0.0
9,35,1900,85,36,0,105,19,388.0,0.0
9,35,1900,65,40,1,83,6,84.0,63.987975832167194
9,35,1900,60,44,0,77,8,148.0,0.0
9,35,1900,65,44,0,73,10,252.0,0.0
9,35,1900,75,42,0,69,8,144.0,0.0
9,35,1900,90,46,1,63,7,150.0,103.21329066191232
9,35,1900,65,49,1,51,8,120.0,76.4588522745272
9,35,1900,80,50,0,93,12,198.0,0.0
9,35,1900,80,50,1,67,4,68.0,80.98958703146721
9,35,1900,80,35,1,65,16,244.0,134.86776373838867
9,35,1800,60,36,1,33,3,66.0,22.039423003009297
9,35,1900,70,45,0,61,7,122.0,0.0
9,35,1900,60,45,1,53,3,66.0,79.58037295602094
9,35,1800,85,43,0,91,10,174.0,0.0
9,35,1800,60,38,1,35,6,142.0,102.74986076419725
9,35,1900,85,44,0,105,12,242.0,0.0
9,35,1800,75,44,0,63,5,136.0,0.0
9,35,1800,90,39,1,55,14,238.0,318.3160475709146
9,35,1800,85,37,0,61,16,226.0,0.0
9,35,1800,85,36,0,139,18,346.0,0.0
9,35,1800,75,45,1,65,6,96.0,141.17934015932187
9,35,1800,80,40,1,93,17,298.0,222.26769654627867
9,35,1800,70,49,1,39,4,70.0,57.53136268985825
9,35,1800,90,48,0,95,8,162.0,0.0
9,35,1800,75,37,1,57,13,214.0,152.40024209482416
9,35,1800,85,41,0,69,13,192.0,0.0
9,35,1800,70,37,0,139,13,290.0,0.0
9,35,1800,60,37,1,67,9,150.0,83.75558492737464
9,35,1800,65,41,1,67,9,196.0,160.13630574044686
9,35,1800,70,48,0,99,10,164.0,0.0
9,35,1800,60,46,1,55,8,156.0,129.57869893592243
9,35,1800,70,50,0,69,3,88.0,0.0
9,35,1800,60,45,1,55,4,92.0,34.027322567862655
9,35,1800,70,50,0,33,6,104.0,0.0
9,35,1800,90,35,1,95,20,232.0,212.1246176648638
9,35,1800,90,35,0,71,14,254.0,0.0
9,35,1800,85,40,0,59,9,144.0,0.0
9,35,1800,60,43,0,95,7,132.0,0.0
9,35,1800,60,42,1,61,11,140.0,228.43652409317997
9,35,1800,85,39,1,51,13,126.0,341.64046154685184
9,35,1800,70,50,0,77,6,136.0,0.0
9,35,1800,70,37,1,81,8,164.0,156.29165706093028
9,35,1800,65,39,0,63,5,90.0,0.0
9,35,1800,80,39,1,97,13,194.0,206.49084625229546
9,35,1800,70,41,1,53,8,166.0,178.0047755082333
9,35,1800,60,43,1,95,5,162.0,74.45706819586901
9,35,1800,65,42,0,65,9,190.0,0.0
9,35,1800,80,50,0,65,6,132.0,0.0
9,35,1700,60,36,1,33,2,58.0,21.586566273322536
9,35,1800,80,39,0,93,12,272.0,0.0
9,35,1800,65,38,1,69,17,272.0,305.0115571143468
9,35,1700,65,38,0,73,9,174.0,0.0
9,35,1800,70,39,0,127,12,272.0,0.0
9,35,1800,80,45,1,69,5,130.0,139.21466985576993
9,35,1800,80,48,0,71,7,132.0,0.0
9,35,1700,70,37,1,65,15,218.0,194.19944134015182
9,35,1700,60,36,0,113,14,294.0,0.0
9,35,1700,90,42,0,49,5,104.0,0.0
9,35,1700,75,47,0,61,10,148.0,0.0
9,35,1700,70,36,1,51,14,226.0,107.60944693443525
9,35,1700,65,50,1,59,5,122.0,77.66264495426628
9,35,1700,70,45,1,63,5,138.0,86.99385400499675
9,35,1700,75,37,1,65,15,214.0,166.93379552719395
9,35,1700,85,37,1,51,9,106.0,151.35381141717497
9,35,1700,60,41,0,55,8,134.0,0.0
9,35,1700,75,39,0,29,6,76.0,0.0
9,35,1700,80,42,1,27,4,76.0,85.12819221380023
9,35,1700,85,41,0,67,14,240.0,0.0
9,35,1700,75,47,0,51,4,78.0,0.0
9,35,1700,60,39,1,51,5,84.0,135.8758847603778
9,35,1700,60,39,1,121,8,182.0,174.07394637697908
9,35,1700,60,40,0,53,3,54.0,0.0
9,35,1700,70,48,1,113,6,158.0,221.19168278106494
9,35,1700,65,45,0,33,4,84.0,0.0
9,35,1700,75,45,0,61,5,122.0,0.0
9,35,1700,85,48,1,77,5,108.0,139.0156253353729
9,35,1700,85,44,0,93,12,248.0,0.0
9,35,1700,90,36,1,71,16,260.0,188.0838390998551
9,35,1700,60,35,1,65,6,138.0,63.84269565647389
9,35,1700,80,39,1,55,14,182.0,307.9275890667803
9,35,1700,85,43,0,61,9,182.0,0.0
9,35,1700,65,45,0,27,5,104.0,0.0
9,35,1700,90,44,1,47,10,106.0,140.19288880835865
9,35,1700,80,47,0,51,5,76.0,0.0
9,35,1700,70,35,1,67,18,196.0,186.41336917061935
9,35,1700,75,39,0,97,12,186.0,0.0
9,35,1700,70,38,1,79,9,182.0,117.21357548521695
9,35,1700,65,38,0,81,7,132.0,0.0
9,35,1700,85,45,1,35,5,70.0,116.14442836296777
9,35,1700,70,50,0,61,5,114.0,0.0
9,35,1700,65,42,0,51,6,144.0,0.0
9,35,1600,75,36,0,77,16,248.0,0.0
9,35,1600,85,41,1,59,10,174.0,242.04559280424394
9,35,1600,90,38,1,59,11,130.0,108.21503822776046
9,35,1600,80,38,0,123,11,236.0,0.0
9,35,1700,60,47,0,95,5,130.0,0.0
9,35,1700,75,48,1,93,7,160.0,194.82713522289367
9,35,1600,70,50,1,71,8,160.0,190.21590515382857
9,35,1600,90,41,0,57,8,170.0,0.0
9,35,1600,60,42,1,31,2,62.0,41.02164019283416
9,35,1600,90,42,1,33,7,86.0,76.42428781489839
9,35,1600,85,47,0,71,7,134.0,0.0
9,35,1600,65,49,0,59,5,92.0,0.0
9,35,1600,70,48,1,39,8,100.0,228.3627091130251
9,35,1600,85,48,0,29,5,86.0,0.0
9,35,1600,65,35,1,83,6,144.0,52.963587363089296
9,35,1600,60,35,1,79,13,210.0,144.24637910302187
9,35,1600,80,36,0,59,11,174.0,0.0
9,35,1600,80,45,0,69,7,102.0,0.0
9,35,1600,75,41,1,57,12,170.0,243.96344084565197
9,35,1600,65,39,0,57,6,154.0,0.0
9,35,1600,85,50,1,89,7,160.0,152.60474327427724
9,35,1600,85,36,0,57,14,240.0,0.0
9,35,1600,85,37,1,85,16,224.0,194.54334498640185
9,35,1600,75,43,1,63,9,130.0,181.7710508801695
9,35,1600,80,36,1,47,12,124.0,121.14752531831519
9,35,1600,75,47,0,47,6,82.0,0.0
9,35,1600,85,48,1,9,1,10.0,18.0
9,35,1600,90,49,0,55,4,84.0,0.0
9,35,1600,80,48,1,37,6,98.0,135.15676918553305
9,35,1600,90,50,0,119,12,212.0,0.0
9,35,1600,60,50,0,25,2,26.0,0.0
9,35,1600,85,36,1,85,9,196.0,72.15116334529662
9,35,1600,90,36,0,89,14,240.0,0.0
9,35,1600,90,41,1,61,5,96.0,119.77635335630292
9,35,1600,90,48,1,63,6,116.0,132.16944790989885
9,35,1600,85,44,0,29,7,104.0,0.0
9,35,1600,70,50,0,31,3,92.0,0.0
9,35,1600,75,46,1,29,4,30.0,55.81802818647816
9,35,1600,60,47,0,29,1,30.0,0.0
9,35,1600,60,42,0,55,8,88.0,0.0
9,35,1500,80,37,1,93,6,94.0,49.765413179314514
9,35,1600,65,37,1,49,18,162.0,227.6549425441959
9,35,1500,60,39,0,53,3,70.0,0.0
9,35,1500,70,43,1,81,7,134.0,103.57957010781443
9,35,1600,85,44,0,73,11,178.0,0.0
9,35,1500,85,47,0,79,6,80.0,0.0
9,35,1500,60,44,1,23,1,24.0,34.292146213148314
9,35,1500,90,39,1,55,8,106.0,192.89659226900255
9,35,1500,75,40,0,49,3,74.0,0.0
9,35,1500,70,46,0,29,2,48.0,0.0
9,35,1500,90,46,1,21,3,50.0,46.40540675183952
9,35,1500,85,35,1,69,10,128.0,78.15443469788997
9,35,1500,60,37,0,71,8,142.0,0.0
9,35,1500,80,49,0,87,8,134.0,0.0
9,35,1500,65,48,1,41,3,70.0,101.73406016630857
9,35,1500,85,50,0,15,1,16.0,0.0
9,35,1500,75,35,0,57,11,156.0,0.0
9,35,1500,65,36,0,85,11,160.0,0.0
9,35,1500,85,36,0,81,11,156.0,0.0
9,35,1500,65,37,1,27,5,56.0,58.59752710558561
9,35,1500,80,38,1,27,4,78.0,48.62270219477199
9,35,1500,85,38,1,29,4,82.0,44.25722266683639
9,35,1500,85,46,1,51,5,76.0,73.93656638193995
9,35,1500,70,35,0,71,7,160.0,0.0
9,35,1500,70,40,1,19,4,34.0,35.27294083174127
9,35,1500,80,42,0,51,7,118.0,0.0
9,35,1500,60,41,0,83,8,114.0,0.0
9,35,1500,90,41,1,41,8,92.0,108.22267863334643
9,35,1500,65,46,0,49,4,76.0,0.0
9,35,1500,65,44,1,29,4,78.0,108.79618543181246
9,35,1500,70,39,1,81,11,156.0,255.6874132436024
9,35,1500,70,41,1,69,8,146.0,213.062323557256
9,35,1500,70,39,1,33,6,90.0,151.51599325789337
9,35,1500,90,41,0,77,10,182.0,0.0
9,35,1500,75,43,0,77,5,78.0,0.0
9,35,1500,75,46,1,57,4,98.0,56.93409402771126
9,35,1500,75,47,0,75,4,88.0,0.0
9,35,1500,70,37,0,51,9,166.0,0.0
9,35,1500,90,40,1,43,9,116.0,148.23860091878723
8,40,3000,65,42,1,123,32,708.0,409.46052406769815
9,35,1500,85,43,0,59,11,140.0,0.0
9,35,1500,65,47,0,59,6,90.0,0.0
8,40,3000,65,46,0,157,18,544.0,0.0
9,35,1500,75,45,1,55,5,136.0,175.08908209285272
8,40,3000,65,35,1,119,35,564.0,540.9260576996782
8,40,3000,90,42,0,115,33,802.0,0.0
8,40,3000,70,43,1,111,28,460.0,448.36483697095554
8,40,3000,85,48,1,95,25,458.0,507.01632039738644
8,40,3000,65,41,1,237,31,722.0,535.329262499722
8,40,3000,65,50,0,145,17,398.0,0.0
8,40,3000,75,49,0,217,23,756.0,0.0
8,40,3000,70,35,1,177,38,664.0,697.3701193571218
8,40,3000,90,38,0,159,37,860.0,0.0
8,40,3000,90,40,0,115,34,590.0,0.0
8,40,3000,80,47,1,159,28,578.0,559.7139105072146
8,40,3000,85,47,0,221,27,758.0,0.0
8,40,3000,70,46,1,125,29,546.0,528.5473312805457
8,40,3000,70,46,0,111,24,548.0,0.0
8,40,3000,60,35,1,91,39,554.0,597.6434322036081
8,40,3000,80,35,1,177,40,606.0,589.807173664645
8,40,3000,80,37,1,113,36,678.0,618.097248999614
8,40,3000,80,41,0,223,31,682.0,0.0
8,40,3000,65,41,0,153,31,616.0,0.0
8,40,3000,65,47,1,155,27,640.0,377.8317570974868
8,40,3000,80,48,0,113,27,562.0,0.0
8,40,3000,60,39,0,173,29,718.0,0.0
8,40,3000,85,41,1,105,38,544.0,798.1198410019985
8,40,3000,75,44,1,85,36,600.0,883.90615476566
8,40,3000,80,42,1,89,38,578.0,714.6266669356241
8,40,3000,65,48,0,221,21,530.0,0.0
8,40,3000,60,42,0,173,30,796.0,0.0
8,40,3000,75,44,0,177,27,738.0,0.0
8,40,3000,65,36,0,283,31,876.0,0.0
8,40,3000,75,42,0,225,29,776.0,0.0
8,40,3000,70,35,0,175,38,786.0,0.0
8,40,3000,90,36,1,81,39,538.0,488.1738151810947
8,40,3000,85,40,1,87,32,490.0,528.2418376618372
8,40,3000,90,44,1,113,34,546.0,579.7024044115227
8,40,3000,80,49,1,119,30,442.0,560.6568251364307
8,40,3000,80,40,0,179,36,872.0,0.0
8,40,3000,75,44,1,161,33,594.0,684.7937500863593
8,40,3000,75,44,0,161,25,672.0,0.0
8,40,2900,85,42,0,153,26,708.0,0.0
8,40,2900,70,43,1,115,25,534.0,530.0084360607304
8,40,2900,80,47,0,161,27,790.0,0.0
8,40,2900,75,44,1,147,26,512.0,505.28453637037325
8,40,2900,90,36,0,115,37,534.0,0.0
8,40,2900,70,39,0,195,32,832.0,0.0
8,40,2900,90,41,0,207,31,732.0,0.0
8,40,2900,75,47,1,89,31,480.0,582.3181938076236
8,40,2900,60,45,1,159,29,546.0,474.00925299226355
8,40,2900,85,46,1,85,31,498.0,591.8682660476032
8,40,2900,90,48,1,119,24,498.0,573.2375653726764
8,40,2900,90,36,1,85,39,482.0,519.9733534020534
8,40,2900,85,37,0,163,35,812.0,0.0
8,40,2900,70,38,0,171,29,642.0,0.0
8,40,2900,70,36,1,107,26,498.0,439.1052656429191
8,40,2900,60,38,1,123,39,582.0,593.2681966894704
8,40,2900,85,44,0,213,25,642.0,0.0
8,40,2900,85,46,0,211,30,658.0,0.0
8,40,2900,90,35,1,105,40,528.0,584.9717027392444
8,40,2900,85,35,0,203,39,752.0,0.0
8,40,2900,80,43,1,105,25,478.0,449.8098632413488
8,40,2900,70,41,1,111,27,534.0,519.4420491158925
8,40,2900,80,44,1,85,33,440.0,836.314524897595
8,40,2900,70,43,0,147,27,588.0,0.0
8,40,2900,90,44,0,167,31,750.0,0.0
8,40,2900,70,35,0,155,35,776.0,0.0
8,40,2900,85,41,0,159,29,726.0,0.0
8,40,2900,65,42,0,167,33,950.0,0.0
8,40,2900,90,47,1,111,22,388.0,369.7946514422116
8,40,2900,80,49,1,151,26,542.0,449.1972261941325
8,40,2900,60,49,1,91,23,428.0,518.5709955606039
8,40,2900,60,49,0,155,21,594.0,0.0
8,40,2900,75,43,0,107,24,604.0,0.0
8,40,2900,65,46,1,153,24,572.0,473.35994101410057
8,40,2900,65,35,1,223,37,760.0,536.0987441940132
8,40,2900,65,40,1,123,30,454.0,377.13960259990546
8,40,2900,80,42,0,149,28,674.0,0.0
8,40,2900,90,49,1,113,23,636.0,429.2518047375158
8,40,2900,70,50,0,161,25,616.0,0.0
8,40,2900,80,38,0,163,28,724.0,0.0
8,40,2800,85,44,1,121,32,596.0,635.9420558416274
8,40,2800,70,38,1,101,29,454.0,353.8470572162813
8,40,2800,65,39,1,109,38,638.0,689.4205500919577
8,40,2800,75,44,0,167,28,516.0,0.0
8,40,2800,65,44,0,105,29,678.0,0.0
8,40,2800,70,48,1,119,23,458.0,527.2209475651864
8,40,2800,90,47,0,103,22,442.0,0.0
8,40,2800,80,42,1,151,28,520.0,486.3073849315261
8,40,2800,70,42,0,111,24,636.0,0.0
8,40,2800,85,44,1,159,31,656.0,523.6861440956105
8,40,2800,80,45,1,191,30,642.0,634.5771242798262
8,40,2800,80,45,0,207,29,572.0,0.0
8,40,2800,85,48,0,155,21,502.0,0.0
8,40,2800,60,48,0,111,17,600.0,0.0
8,40,2800,65,37,0,203,23,592.0,0.0
8,40,2800,60,39,0,161,29,634.0,0.0
8,40,2800,85,37,1,127,36,552.0,648.3790285239166
8,40,2800,85,42,1,109,32,554.0,543.482982692906
8,40,2800,65,42,1,141,25,484.0,423.29869524967523
8,40,2800,85,48,0,201,25,748.0,0.0
8,40,2800,85,50,1,151,22,532.0,608.9285094572183
8,40,2800,80,36,0,141,30,676.0,0.0
8,40,2800,75,38,1,103,36,614.0,489.6050113664607
8,40,2800,70,44,0,155,26,616.0,0.0
8,40,2800,60,44,0,151,19,536.0,0.0
8,40,2800,80,48,0,163,22,596.0,0.0
8,40,2800,90,47,1,103,29,510.0,518.9901447187095
8,40,2800,75,49,1,97,26,450.0,365.4029192839662
8,40,2800,80,36,1,67,35,464.0,527.2364704327796
8,40,2800,90,38,0,111,36,742.0,0.0
8,40,2800,60,40,0,207,32,804.0,0.0
8,40,2800,60,41,1,109,26,576.0,471.8126141768548
8,40,2800,65,45,0,103,16,410.0,0.0
8,40,2800,70,50,1,135,28,542.0,716.2796598003822
8,40,2800,65,49,1,95,22,396.0,309.7212775132794
8,40,2800,90,36,1,97,37,542.0,656.2268379339492
8,40,2800,65,41,0,201,27,674.0,0.0
8,40,2800,75,48,1,137,25,450.0,613.3900568814747
8,40,2800,80,48,0,147,23,614.0,0.0
8,40,2700,60,49,0,107,16,390.0,0.0
8,40,2700,75,35,0,151,33,732.0,0.0
8,40,2700,60,41,1,117,33,560.0,774.7042331666041
8,40,2800,90,49,0,163,20,510.0,0.0
8,40,2700,90,49,1,75,19,394.0,377.7659710420391
8,40,2700,80,35,0,203,38,886.0,0.0
8,40,2700,65,41,1,141,30,494.0,559.3690678888792
8,40,2700,85,35,0,193,36,740.0,0.0
8,40,2700,80,39,1,77,30,424.0,562.1859506825026
8,40,2700,85,37,1,201,33,712.0,556.9462557855298
8,40,2700,60,44,0,147,22,620.0,0.0
8,40,2700,65,48,1,77,17,358.0,424.130766902788
8,40,2700,60,37,1,105,30,482.0,466.2292555655432
8,40,2700,90,38,1,65,28,388.0,330.8614787063001
8,40,2700,70,43,0,103,27,492.0,0.0
8,40,2700,90,50,0,145,18,526.0,0.0
8,40,2700,85,45,0,191,22,610.0,0.0
8,40,2700,75,46,0,153,23,624.0,0.0
8,40,2700,65,49,1,101,24,434.0,508.10626342494464
8,40,2700,80,48,1,103,24,492.0,558.8635930082735
8,40,2700,80,45,0,141,18,480.0,0.0
8,40,2700,80,43,1,105,24,518.0,469.886153629913
8,40,2700,85,41,1,143,29,606.0,491.17541822418366
8,40,2700,60,41,1,153,23,412.0,536.1086241874563
8,40,2700,75,46,0,107,21,474.0,0.0
8,40,2700,70,40,0,101,23,402.0,0.0
8,40,2700,80,49,0,137,19,476.0,0.0
8,40,2700,75,35,0,159,36,620.0,0.0
8,40,2700,85,38,1,151,38,594.0,567.1119714434335
8,40,2700,75,40,0,205,29,914.0,0.0
8,40,2700,90,48,0,203,24,730.0,0.0
8,40,2700,60,47,1,113,21,360.0,324.64310867170724
8,40,2700,70,50,1,127,15,438.0,391.790297839811
8,40,2700,85,44,1,101,24,440.0,581.546375165383
8,40,2700,85,35,0,157,32,652.0,0.0
8,40,2700,65,35,0,155,34,792.0,0.0
8,40,2700,90,37,1,101,35,548.0,478.9424777962146
8,40,2700,90,37,1,149,35,640.0,582.8451008900987
8,40,2700,60,41,0,187,24,496.0,0.0
8,40,2700,60,43,0,149,25,540.0,0.0
8,40,2700,75,45,1,145,26,516.0,596.9309653271799
8,40,2600,80,36,0,103,28,562.0,0.0
8,40,2600,60,41,1,151,20,460.0,272.22028391873283
8,40,2600,70,37,1,103,30,546.0,510.0786336486551
8,40,2600,70,43,1,101,34,584.0,671.2724415416087
8,40,2600,65,44,0,135,15,338.0,0.0
8,40,2600,65,46,0,137,17,478.0,0.0
8,40,2600,90,48,1,103,20,390.0,470.82575531358816
8,40,2600,70,35,0,127,33,552.0,0.0
8,40,2600,75,38,0,143,25,626.0,0.0
8,40,2600,60,42,1,93,20,460.0,389.4711297728793
8,40,2600,90,39,0,135,28,660.0,0.0
8,40,2600,75,43,1,101,30,580.0,485.7995715363928
8,40,2600,70,47,0,199,22,610.0,0.0
8,40,2600,65,50,1,91,20,320.0,536.9390117828001
8,40,2600,70,45,1,89,19,326.0,272.5128759982767
8,40,2600,75,35,0,101,26,440.0,0.0
8,40,2600,90,42,1,97,16,426.0,224.85290878462166
8,40,2600,70,45,0,143,19,560.0,0.0
8,40,2600,70,46,0,103,23,648.0,0.0
8,40,2600,90,41,1,125,28,484.0,470.5920406704446
8,40,2600,85,50,0,135,12,352.0,0.0
8,40,2600,85,47,1,89,22,392.0,293.7192586695598
8,40,2600,60,35,0,277,28,944.0,0.0
8,40,2600,75,37,1,141,35,556.0,607.6567081881113
8,40,2600,80,39,0,129,24,598.0,0.0
8,40,2600,85,37,0,147,35,726.0,0.0
8,40,2600,85,45,1,195,19,494.0,361.4886556680499
8,40,2600,85,48,1,191,20,538.0,606.8023170325721
8,40,2600,65,50,1,113,9,224.0,235.38278453156292
8,40,2600,60,36,0,139,30,530.0,0.0
8,40,2600,75,38,1,97,34,498.0,623.8237358621242
8,40,2600,90,36,1,87,36,452.0,562.8732700589521
8,40,2600,80,41,1,153,29,672.0,488.5818626479602
8,40,2600,60,41,0,99,23,564.0,0.0
8,40,2600,60,43,0,51,15,288.0,0.0
8,40,2600,85,42,1,95,16,324.0,145.3700122229607
8,40,2600,90,41,0,149,29,532.0,0.0
8,40,2600,80,46,0,101,23,520.0,0.0
8,40,2500,85,35,1,161,34,548.0,418.7194101776253
8,40,2500,75,37,0,193,17,466.0,0.0
8,40,2600,90,41,1,149,31,600.0,426.1720922586556
8,40,2500,90,41,0,135,25,460.0,0.0
8,40,2600,60,39,0,201,25,598.0,0.0
8,40,2500,80,45,1,165,24,448.0,515.367764540489
8,40,2500,75,37,1,143,32,500.0,538.1120089949061
8,40,2500,90,37,0,95,30,568.0,0.0
8,40,2500,85,40,0,147,26,594.0,0.0
8,40,2500,75,42,1,93,29,354.0,337.1394008966793
8,40,2500,60,40,0,97,19,334.0,0.0
8,40,2500,60,40,0,97,19,452.0,0.0
8,40,2500,60,48,1,137,16,404.0,440.8975706129077
8,40,2500,80,50,1,65,17,214.0,426.6510911584736
8,40,2500,80,38,0,131,28,548.0,0.0
8,40,2500,75,41,1,77,29,384.0,508.1138987806077
8,40,2500,85,35,0,181,34,670.0,0.0
8,40,2500,90,42,0,141,26,520.0,0.0
8,40,2500,80,47,1,111,21,420.0,329.84149851777596
8,40,2500,80,48,1,143,16,478.0,452.3546557939739
8,40,2500,75,41,0,89,19,356.0,0.0
8,40,2500,75,36,1,95,29,482.0,284.25796704567136
8,40,2500,80,40,0,95,19,344.0,0.0
8,40,2500,90,48,1,121,22,350.0,514.6960217932417
8,40,2500,60,35,0,191,24,734.0,0.0
8,40,2500,85,38,1,135,31,534.0,600.0027048004397
8,40,2500,65,37,0,127,29,448.0,0.0
8,40,2500,80,41,0,147,25,488.0,0.0
8,40,2500,65,44,1,89,18,330.0,379.2916754814262
8,40,2500,90,46,1,95,21,390.0,373.03361498551567
8,40,2500,75,50,1,59,17,254.0,361.77170802166324
8,40,2500,65,35,0,125,22,484.0,0.0
8,40,2500,90,35,0,143,37,642.0,0.0
8,40,2500,85,42,1,173,23,378.0,410.4798545893432
8,40,2500,80,44,0,89,20,410.0,0.0
8,40,2500,60,45,1,65,11,236.0,230.70542401694178
8,40,2500,65,49,1,53,13,194.0,163.9557891105928
8,40,2500,85,49,0,87,16,326.0,0.0
8,40,2500,85,35,0,145,28,554.0,0.0
8,40,2500,85,35,1,83,36,418.0,590.2473933725337
8,40,2400,80,40,0,141,25,608.0,0.0
8,40,2400,90,43,1,89,18,444.0,291.06421301774446
8,40,2400,85,41,1,219,26,454.0,370.86114613552684
8,40,2400,85,43,1,143,18,466.0,422.67631897843864
8,40,2500,60,45,1,109,25,310.0,507.782819013737
8,40,2400,60,47,0,91,11,298.0,0.0
8,40,2500,80,49,0,127,20,464.0,0.0
8,40,2400,90,38,1,79,30,314.0,347.95748334691103
8,40,2400,75,43,0,111,17,448.0,0.0
8,40,2400,65,37,0,137,26,478.0,0.0
8,40,2400,60,39,0,123,22,464.0,0.0
8,40,2400,70,49,0,125,17,382.0,0.0
8,40,2400,65,48,1,87,17,322.0,479.9942380263191
8,40,2400,75,50,1,59,11,230.0,246.90012135655093
8,40,2400,70,44,1,95,26,424.0,500.763747481095
8,40,2400,80,36,1,129,24,430.0,352.65368491099315
8,40,2400,85,43,0,131,18,492.0,0.0
8,40,2400,90,38,1,137,26,514.0,378.95377030860493
8,40,2400,75,41,0,135,16,426.0,0.0
8,40,2400,75,41,1,75,23,376.0,432.2099426055635
8,40,2400,85,44,0,157,15,424.0,0.0
8,40,2400,85,46,0,133,17,352.0,0.0
8,40,2400,60,37,0,89,18,362.0,0.0
8,40,2400,65,37,1,93,31,460.0,487.0394158225008
8,40,2400,75,39,0,177,21,522.0,0.0
8,40,2400,80,39,0,137,24,540.0,0.0
8,40,2400,60,40,1,91,16,294.0,217.26671532979958
8,40,2400,75,46,1,123,23,456.0,298.12710190075745
8,40,2400,90,49,1,89,14,294.0,214.22865793904472
8,40,2400,60,36,0,91,22,502.0,0.0
8,40,2400,60,42,1,73,22,322.0,254.96692868976484
8,40,2400,90,42,0,139,20,498.0,0.0
8,40,2400,90,48,1,133,20,426.0,548.7365497797205
8,40,2400,70,47,0,91,10,262.0,0.0
8,40,2400,90,50,1,121,14,272.0,272.8926489223009
8,40,2400,65,45,0,93,17,354.0,0.0
8,40,2400,90,39,1,127,31,440.0,641.5231379225893
8,40,2400,70,45,0,85,10,210.0,0.0
8,40,2400,80,49,0,91,18,350.0,0.0
8,40,2300,65,47,1,81,9,180.0,101.174500003
8,40,2400,60,45,0,179,13,358.0,0.0
8,40,2400,70,50,1,83,19,380.0,641.6043784989702
8,40,2400,90,50,1,133,15,374.0,291.82458483065574
8,40,2300,90,42,0,123,16,366.0,0.0
8,40,2300,70,35,1,167,24,474.0,280.08674877935
8,40,2300,85,37,0,89,25,504.0,0.0
8,40,2300,75,36,0,123,27,578.0,0.0
8,40,2300,85,42,1,85,15,226.0,249.27448208406219
8,40,2300,70,42,1,117,20,378.0,318.17457752795195
8,40,2300,65,43,0,121,16,310.0,0.0
8,40,2300,65,50,1,89,13,258.0,293.82934906205867
8,40,2300,70,35,0,169,28,542.0,0.0
8,40,2300,80,38,0,169,23,524.0,0.0
8,40,2300,85,40,0,157,28,462.0,0.0
8,40,2300,80,38,1,123,28,538.0,462.5240413179058
8,40,2300,85,41,1,91,24,472.0,412.11739611241353
8,40,2300,65,45,0,81,22,358.0,0.0
8,40,2300,85,50,1,83,17,304.0,333.42257966179284
8,40,2300,60,35,0,83,15,340.0,0.0
8,40,2300,90,35,1,99,34,446.0,457.0439067931475
8,40,2300,70,35,1,75,23,228.0,238.28360261986523
8,40,2300,80,38,0,165,27,644.0,0.0
8,40,2300,80,43,1,129,21,570.0,409.3517968543952
8,40,2300,75,44,0,125,15,392.0,0.0
8,40,2300,80,47,1,87,21,340.0,253.71544435488244
8,40,2300,90,37,1,75,30,390.0,456.02941083036325
8,40,2300,90,39,0,131,30,646.0,0.0
8,40,2300,85,39,1,209,28,590.0,532.171623489737
8,40,2300,60,48,1,75,7,206.0,191.07115712777582
8,40,2300,70,45,0,87,17,420.0,0.0
8,40,2300,65,49,0,101,8,182.0,0.0
8,40,2300,85,45,0,85,17,404.0,0.0
8,40,2300,85,35,0,151,30,492.0,0.0
8,40,2300,75,36,1,59,25,250.0,309.1877444820525
8,40,2300,85,41,1,121,19,382.0,401.13775204439213
8,40,2300,80,43,0,63,14,200.0,0.0
8,40,2300,80,44,1,87,18,352.0,497.1289800135452
8,40,2300,60,43,0,121,13,308.0,0.0
8,40,2300,70,46,1,111,11,286.0,135.37001857402709
8,40,2200,80,38,1,85,26,416.0,485.78076157082654
8,40,2200,65,43,0,115,12,392.0,0.0
8,40,2200,85,42,1,81,23,430.0,389.9350561321592
8,40,2200,65,42,0,43,8,130.0,0.0
8,40,2300,70,45,0,133,11,302.0,0.0
8,40,2300,75,44,0,87,19,360.0,0.0
8,40,2300,85,48,1,103,19,342.0,467.6576641977496
8,40,2200,75,39,1,67,20,288.0,315.84214040022044
8,40,2200,80,40,1,125,21,464.0,285.05053010340333
8,40,2200,90,40,0,73,12,284.0,0.0
8,40,2200,75,40,0,79,15,330.0,0.0
8,40,2200,80,42,0,147,24,450.0,0.0
8,40,2200,70,48,1,91,16,244.0,338.3089729335183
8,40,2200,90,48,1,81,17,302.0,504.42209454759325
8,40,2200,75,41,0,123,16,270.0,0.0
8,40,2200,85,41,1,115,22,404.0,399.4999787368471
8,40,2200,90,46,0,117,17,376.0,0.0
8,40,2200,65,48,1,79,10,206.0,267.56909120503764
8,40,2200,80,50,0,113,10,270.0,0.0
8,40,2200,65,48,1,101,15,266.0,349.77945801303605
8,40,2200,75,50,0,103,11,258.0,0.0
8,40,2200,80,35,1,119,27,446.0,345.7319334864118
8,40,2200,75,35,1,111,26,404.0,439.598521547065
8,40,2200,75,38,0,81,19,278.0,0.0
8,40,2200,80,40,1,71,17,224.0,334.81973148411737
8,40,2200,75,48,1,75,12,314.0,363.1730366980251
8,40,2200,65,44,0,145,19,390.0,0.0
8,40,2200,60,46,0,81,12,288.0,0.0
8,40,2200,85,36,1,83,20,382.0,257.5703625645579
8,40,2200,75,36,0,85,25,434.0,0.0
8,40,2200,90,43,0,79,17,356.0,0.0
8,40,2200,80,39,1,85,16,318.0,292.87650028976674
8,40,2200,90,44,1,85,16,396.0,323.8458795265236
8,40,2200,70,47,0,77,7,186.0,0.0
8,40,2200,60,49,0,75,11,188.0,0.0
8,40,2200,75,38,1,75,23,268.0,403.2850311352918
8,40,2200,60,39,1,147,20,342.0,412.91586588142275
8,40,2200,60,38,0,79,10,226.0,0.0
8,40,2200,75,42,1,111,21,356.0,255.17647165983345
8,40,2200,70,43,1,83,19,256.0,336.56539945533484
8,40,2200,85,47,0,103,13,248.0,0.0
8,40,2200,85,47,0,85,7,214.0,0.0
8,40,2100,80,40,1,79,20,284.0,211.91905158143697
8,40,2200,60,40,0,127,14,416.0,0.0
8,40,2100,65,38,1,121,19,374.0,277.38924933827536
8,40,2100,90,40,0,71,18,282.0,0.0
8,40,2100,75,49,1,65,8,172.0,64.2180334749363
8,40,2100,60,43,0,153,10,246.0,0.0
8,40,2100,75,50,0,117,14,258.0,0.0
8,40,2100,85,37,1,71,24,256.0,237.4689501799692
8,40,2100,65,43,0,105,10,264.0,0.0
8,40,2100,65,36,0,121,26,464.0,0.0
8,40,2100,80,39,1,111,22,424.0,455.2988729540969
8,40,2100,60,45,0,75,12,290.0,0.0
8,40,2100,65,38,0,77,17,330.0,0.0
8,40,2100,85,50,1,67,10,188.0,185.40784689352836
8,40,2100,80,50,1,63,10,184.0,149.68430027125459
8,40,2100,75,46,1,111,13,278.0,165.18093393505129
8,40,2100,75,42,0,159,16,334.0,0.0
8,40,2100,85,45,1,73,15,240.0,345.0935131166982
8,40,2100,65,40,0,77,17,304.0,0.0
8,40,2100,80,36,0,119,23,506.0,0.0
8,40,2100,60,37,1,105,17,370.0,222.8989953685578
8,40,2100,75,40,0,79,16,330.0,0.0
8,40,2100,65,42,1,101,19,306.0,311.33270168310355
8,40,2100,85,47,1,103,12,304.0,216.3811111916715
8,40,2100,70,47,0,121,13,362.0,0.0
8,40,2100,90,38,1,55,18,246.0,370.16116529881816
8,40,2100,90,41,0,117,18,382.0,0.0
8,40,2100,60,40,1,87,14,232.0,212.14825326767746
8,40,2100,75,43,0,107,13,280.0,0.0
8,40,2100,90,43,1,125,18,336.0,211.07894941214087
8,40,2100,65,46,0,79,10,258.0,0.0
8,40,2100,60,48,1,75,12,258.0,322.10470291095476
8,40,2100,90,37,1,77,26,368.0,408.3797529674317
8,40,2100,75,40,0,119,16,360.0,0.0
8,40,2100,85,41,1,87,30,364.0,763.6328374401795
8,40,2100,75,44,0,111,14,252.0,0.0
8,40,2100,70,49,0,107,10,208.0,0.0
8,40,2100,65,50,0,149,17,344.0,0.0
8,40,2100,65,50,1,125,12,172.0,299.49675963091056
8,40,2100,75,37,1,69,20,266.0,283.3119622860504
8,40,2100,60,41,0,81,16,214.0,0.0
8,40,2000,85,36,0,75,16,304.0,0.0
8,40,2000,80,44,1,63,13,164.0,350.90054676842277
8,40,2000,60,49,0,95,9,158.0,0.0
8,40,2000,60,49,1,69,6,118.0,79.92896377879045
8,40,2000,65,50,1,117,4,144.0,85.0601083450932
8,40,2000,70,45,0,79,11,186.0,0.0
8,40,2000,70,48,1,67,9,140.0,239.27165677355873
8,40,2000,75,36,1,87,17,278.0,162.23568533858597
8,40,2000,65,44,0,155,10,260.0,0.0
8,40,2000,65,44,0,61,9,152.0,0.0
8,40,2000,60,46,1,127,10,270.0,163.9505256796221
8,40,2000,70,50,0,77,6,138.0,0.0
8,40,2000,90,44,0,71,13,182.0,0.0
8,40,2000,80,46,1,81,14,200.0,216.41439153099836
8,40,2000,70,37,1,77,14,314.0,229.17058525884684
8,40,2000,90,38,0,71,18,398.0,0.0
8,40,2000,60,39,1,111,15,306.0,345.66662558105793
8,40,2000,70,41,1,71,13,184.0,240.78269385846446
8,40,2000,65,41,0,153,11,328.0,0.0
8,40,2000,60,40,0,91,9,168.0,0.0
8,40,2000,80,49,1,65,16,252.0,162.69084830351804
8,40,2000,75,41,0,75,16,316.0,0.0
8,40,2000,75,44,1,107,17,350.0,367.68363970849316
8,40,2000,80,43,1,69,15,296.0,325.679608996779
8,40,2000,70,50,0,69,10,134.0,0.0
8,40,2000,70,47,0,101,5,142.0,0.0
8,40,2000,85,47,0,67,10,182.0,0.0
8,40,2000,90,49,1,65,8,156.0,107.10745231022281
8,40,2000,90,43,1,53,17,206.0,207.97374727209467
8,40,2000,75,38,0,111,23,464.0,0.0
8,40,2000,70,43,1,71,8,196.0,125.66246535530314
8,40,2000,70,43,0,77,12,250.0,0.0
8,40,2000,90,42,1,79,18,366.0,298.9558561054408
8,40,2000,60,42,0,109,10,186.0,0.0
8,40,2000,60,48,1,81,10,168.0,286.91773241319834
8,40,2000,75,42,0,75,12,174.0,0.0
8,40,2000,80,37,1,139,21,428.0,242.56204924566092
8,40,2000,80,44,0,77,15,334.0,0.0
8,40,1900,75,46,1,49,9,168.0,142.56552570094564
8,40,1900,60,46,0,65,5,98.0,0.0
8,40,1900,70,48,1,101,10,218.0,254.74689174382706
8,40,1900,70,49,0,93,8,190.0,0.0
8,40,2000,60,50,0,39,6,132.0,0.0
8,40,2000,85,46,1,61,10,258.0,146.905843303726
8,40,1900,75,43,1,59,10,178.0,144.76249635593481
8,40,1900,90,36,0,107,18,378.0,0.0
8,40,1900,80,38,1,71,17,242.0,281.8986325425235
8,40,1900,65,38,0,59,13,202.0,0.0
8,40,1900,65,39,1,103,13,328.0,289.1458641695936
8,40,1900,60,46,1,37,5,76.0,78.95093476800665
8,40,1900,80,44,1,99,13,216.0,287.4313911533984
8,40,1900,90,35,0,65,14,262.0,0.0
8,40,1900,70,45,0,129,11,262.0,0.0
8,40,1900,80,48,0,155,13,262.0,0.0
8,40,1900,80,40,1,87,17,234.0,253.90771124299906
8,40,1900,85,38,0,143,22,510.0,0.0
8,40,1900,85,44,1,139,16,340.0,395.70186446238273
8,40,1900,70,36,0,75,17,336.0,0.0
8,40,1900,70,37,1,105,9,222.0,146.58229420080994
8,40,1900,85,40,0,147,16,248.0,0.0
8,40,1900,70,43,1,71,13,146.0,263.6009193141648
8,40,1900,80,41,0,143,13,252.0,0.0
8,40,1900,65,47,1,51,10,116.0,105.3669847246014
8,40,1900,65,49,0,121,10,240.0,0.0
8,40,1900,90,38,1,75,18,246.0,255.74141453017336
8,40,1900,60,40,0,37,9,166.0,0.0
8,40,1900,90,43,0,63,11,170.0,0.0
8,40,1900,60,49,1,57,7,166.0,94.49394208147832
8,40,1900,80,50,0,141,14,310.0,0.0
8,40,1900,65,49,1,53,6,90.0,50.02063084376478
8,40,1900,60,48,1,73,13,194.0,296.7184733087737
8,40,1900,80,37,0,105,20,348.0,0.0
8,40,1900,80,44,0,75,9,142.0,0.0
8,40,1900,85,35,1,73,21,312.0,246.62693541982873
8,40,1900,90,45,0,71,8,200.0,0.0
8,40,1900,60,48,1,81,6,152.0,212.9717044647749
8,40,1900,70,47,1,73,7,130.0,87.64349014250715
8,40,1900,65,50,0,35,2,60.0,0.0
8,40,1900,65,47,1,83,6,144.0,80.12104944945257
8,40,1800,60,35,1,85,13,234.0,93.30336901131737
8,40,1800,70,38,0,69,12,288.0,0.0
8,40,1800,75,39,1,83,18,256.0,328.77053031265825
8,40,1800,60,38,1,53,9,146.0,86.00573388864028
8,40,1800,75,43,0,83,8,144.0,0.0
8,40,1900,65,43,0,69,11,238.0,0.0
8,40,1800,85,47,0,95,12,302.0,0.0
8,40,1800,90,35,0,69,15,230.0,0.0
8,40,1800,75,39,1,69,15,164.0,271.3903655321016
8,40,1800,80,37,1,91,15,278.0,196.71546532964297
8,40,1800,85,44,0,71,11,212.0,0.0
8,40,1800,90,43,1,69,10,188.0,235.53848950703113
8,40,1800,80,49,0,87,10,202.0,0.0
8,40,1800,60,49,1,51,5,52.0,43.54358367056573
8,40,1800,75,43,0,69,10,160.0,0.0
8,40,1800,75,39,1,63,15,266.0,360.12487822208516
8,40,1800,75,40,0,85,13,204.0,0.0
8,40,1800,60,43,0,83,12,220.0,0.0
8,40,1800,80,44,0,91,11,192.0,0.0
8,40,1800,65,45,1,73,8,168.0,159.92461535399264
8,40,1800,80,47,1,41,9,148.0,132.0500824656053
8,40,1800,60,50,1,67,7,126.0,128.9731488857994
8,40,1800,75,35,0,103,17,296.0,0.0
8,40,1800,85,37,1,71,15,264.0,146.8498537870573
8,40,1800,80,39,0,67,9,164.0,0.0
8,40,1800,65,39,1,83,10,164.0,169.88369254592084
8,40,1800,70,39,1,65,10,190.0,307.53791976626854
8,40,1800,70,46,0,55,9,170.0,0.0
8,40,1800,60,49,0,127,7,164.0,0.0
8,40,1800,65,41,1,69,10,164.0,185.5632995120007
8,40,1800,60,39,1,111,17,282.0,342.9077797249853
8,40,1800,75,41,1,69,12,232.0,268.61021243552045
8,40,1800,85,46,0,67,6,184.0,0.0
8,40,1800,65,36,0,61,10,202.0,0.0
8,40,1800,70,47,0,69,6,136.0,0.0
8,40,1800,90,48,1,89,11,272.0,311.28934554126243
8,40,1800,65,48,0,129,9,224.0,0.0
8,40,1800,65,37,1,55,8,134.0,71.68750851600552
8,40,1800,65,36,0,97,10,246.0,0.0
8,40,1700,85,39,0,89,17,332.0,0.0
8,40,1800,80,40,1,65,13,178.0,177.00142672027738
8,40,1700,65,40,1,75,15,168.0,199.8959603755645
8,40,1700,90,43,0,59,7,150.0,0.0
8,40,1700,85,43,1,85,11,178.0,150.5506186174918
8,40,1800,60,44,0,71,8,236.0,0.0
8,40,1700,90,42,0,127,8,158.0,0.0
8,40,1700,60,45,1,53,2,54.0,43.927848449972046
8,40,1700,65,38,0,123,17,322.0,0.0
8,40,1700,65,41,1,67,7,148.0,136.59205395179166
8,40,1700,85,39,0,85,14,242.0,0.0
8,40,1700,65,49,1,51,6,114.0,82.03853453019364
8,40,1700,85,45,1,57,10,130.0,288.0951584226561
8,40,1700,70,38,1,67,16,224.0,176.20794560573418
8,40,1700,75,35,0,57,16,196.0,0.0
8,40,1700,85,37,1,85,13,242.0,141.12848054554786
8,40,1700,90,40,0,81,12,304.0,0.0
8,40,1700,70,45,0,53,9,150.0,0.0
8,40,1700,90,49,1,71,12,202.0,130.95299590043243
8,40,1700,70,50,0,31,3,48.0,0.0
8,40,1700,90,44,1,55,13,210.0,304.1923901410192
8,40,1700,60,40,1,21,1,22.0,12.0
8,40,1700,75,41,0,55,6,90.0,0.0
8,40,1700,85,42,1,81,12,186.0,222.29000848133722
8,40,1700,90,46,0,51,8,108.0,0.0
8,40,1700,70,47,1,81,10,204.0,133.36880462451563
8,40,1700,85,50,0,75,7,128.0,0.0
8,40,1700,80,46,0,101,10,160.0,0.0
8,40,1700,75,49,1,63,10,178.0,125.57007492209955
8,40,1700,85,39,0,95,11,190.0,0.0
8,40,1700,60,42,0,141,11,238.0,0.0
8,40,1700,85,41,0,67,14,222.0,0.0
8,40,1700,75,44,1,61,14,210.0,261.9122459618823
8,40,1700,90,50,1,63,12,168.0,299.98133420839827
8,40,1700,90,44,0,89,20,306.0,0.0
8,40,1700,75,50,1,39,3,40.0,83.92298650815263
8,40,1700,80,35,0,67,17,246.0,0.0
8,40,1700,90,48,1,33,5,80.0,122.95326033361958
8,40,1700,90,45,1,75,9,160.0,172.36729842885737
8,40,1700,60,45,0,55,7,116.0,0.0
8,40,1700,90,46,1,57,5,86.0,81.99807687779314
8,40,1600,85,45,0,19,2,40.0,0.0
8,40,1700,65,48,0,57,5,76.0,0.0
8,40,1600,75,47,1,75,8,126.0,95.37948197581524
8,40,1600,70,39,1,63,11,156.0,197.111053016314
8,40,1600,90,38,0,91,15,168.0,0.0
8,40,1600,80,39,1,87,11,148.0,290.51132128090813
8,40,1600,85,40,1,49,13,152.0,213.91218333840547
8,40,1600,70,44,0,109,11,232.0,0.0
8,40,1600,65,41,0,53,10,142.0,0.0
8,40,1600,60,43,1,55,10,152.0,109.2005084688212
8,40,1600,80,36,0,93,13,232.0,0.0
8,40,1600,70,39,1,69,7,122.0,204.8144123121378
8,40,1600,60,39,1,69,13,170.0,244.849672996495
8,40,1600,85,43,0,53,7,126.0,0.0
8,40,1600,65,43,0,61,8,122.0,0.0
8,40,1600,90,49,1,69,7,130.0,79.93247675774532
8,40,1600,85,47,0,55,2,56.0,0.0
8,40,1600,70,35,1,83,12,160.0,110.72729505158864
8,40,1600,70,44,0,57,7,100.0,0.0
8,40,1600,70,42,1,41,10,102.0,176.9026426457839
8,40,1600,80,49,0,23,1,24.0,0.0
8,40,1600,85,47,0,31,8,146.0,0.0
8,40,1600,75,50,1,75,8,138.0,114.57853121782854
8,40,1600,65,50,1,61,7,166.0,170.96252691427915
8,40,1600,85,38,0,67,13,192.0,0.0
8,40,1600,80,39,0,105,12,228.0,0.0
8,40,1600,65,43,1,75,9,168.0,120.46682846291158
8,40,1600,85,42,1,55,6,152.0,106.97467447967232
8,40,1600,75,43,1,45,9,134.0,131.90122220883427
8,40,1600,60,49,0,95,5,96.0,0.0
8,40,1600,80,47,0,87,6,148.0,0.0
8,40,1600,70,37,1,53,7,118.0,93.21494329250822
8,40,1600,85,38,0,115,15,260.0,0.0
8,40,1600,75,40,1,59,12,156.0,147.7721243431165
8,40,1600,85,41,1,39,7,124.0,107.27543274933603
8,40,1600,70,44,0,51,7,134.0,0.0
8,40,1600,75,47,1,21,1,22.0,16.130707169940802
8,40,1600,80,48,0,89,8,118.0,0.0
8,40,1500,65,37,1,57,9,148.0,87.62446240683184
8,40,1600,80,37,1,59,16,184.0,206.36285631649943
8,40,1500,75,36,0,27,5,70.0,0.0
8,40,1600,75,47,0,73,6,96.0,0.0
8,40,1600,90,50,0,81,8,126.0,0.0
8,40,1500,90,45,1,55,8,132.0,208.21072331202086
8,40,1500,70,46,0,21,1,22.0,0.0
8,40,1500,90,35,0,109,12,176.0,0.0
8,40,1500,80,42,0,35,6,118.0,0.0
8,40,1500,85,42,1,39,3,40.0,62.95866995227493
8,40,1500,60,42,1,63,9,154.0,131.7555748012084
8,40,1500,85,46,1,29,4,68.0,49.518225083007124
8,40,1500,65,50,0,51,5,110.0,0.0
8,40,1500,80,46,1,53,8,96.0,92.4890246816362
8,40,1500,85,38,0,107,11,164.0,0.0
8,40,1500,65,45,0,55,4,108.0,0.0
8,40,1500,65,45,1,85,5,114.0,120.60506394441067
8,40,1500,85,49,0,79,5,108.0,0.0
8,40,1500,60,50,0,59,4,90.0,0.0
8,40,1500,60,50,1,27,3,54.0,81.19957659192602
8,40,1500,75,50,1,29,4,106.0,107.22888351401757
8,40,1500,75,35,1,31,7,116.0,100.58562628452364
8,40,1500,65,39,0,79,9,168.0,0.0
8,40,1500,90,41,0,55,6,110.0,0.0
8,40,1500,80,43,1,33,6,92.0,63.16537481138151
8,40,1500,60,48,1,0,0,0.0,0.0
8,40,1500,60,50,0,51,3,52.0,0.0
8,40,1500,90,48,1,27,3,48.0,66.93311041106259
8,40,1500,70,35,0,43,9,126.0,0.0
8,40,1500,75,36,1,55,7,84.0,57.42051442357407
8,40,1500,70,41,1,39,7,76.0,89.56230190596658
8,40,1500,70,41,0,69,6,122.0,0.0
8,40,1500,80,42,0,55,4,84.0,0.0
8,40,1500,65,44,1,35,4,36.0,97.87910829650828
8,40,1500,75,46,0,49,5,76.0,0.0
8,40,1500,90,38,1,105,17,188.0,161.33178728561114
8,40,1500,70,39,0,29,8,108.0,0.0
8,40,1500,80,43,1,51,7,122.0,120.95072077970724
8,40,1500,60,45,1,67,7,98.0,153.2256044193808
8,40,1500,80,41,0,57,9,166.0,0.0
8,40,1500,60,44,0,95,10,136.0,0.0
8,40,1500,75,48,1,57,6,58.0,176.4017973545997
8,39,3000,60,35,1,107,39,458.0,547.6110465436086
8,39,3000,80,35,0,111,37,612.0,0.0
8,39,3000,90,38,1,163,31,620.0,582.0572405131612
8,40,1500,80,45,0,59,7,150.0,0.0
8,39,3000,85,43,0,167,28,654.0,0.0
8,39,3000,75,44,0,115,27,590.0,0.0
8,39,3000,60,48,1,289,19,558.0,362.22294193996555
8,39,3000,60,36,1,165,38,718.0,605.3686718860126
8,39,3000,70,37,1,131,39,622.0,622.2229447992323
8,39,3000,90,40,1,163,34,608.0,519.3856805719919
8,39,3000,75,39,1,159,37,660.0,690.3694026355264
8,39,3000,90,43,0,173,29,620.0,0.0
8,39,3000,85,44,0,171,31,844.0,0.0
8,39,3000,80,36,0,209,37,826.0,0.0
8,39,3000,75,35,0,165,36,718.0,0.0
8,39,3000,80,35,0,109,33,612.0,0.0
8,39,3000,85,40,1,93,34,412.0,619.5148577781447
8,39,3000,65,45,0,171,24,646.0,0.0
8,39,3000,85,47,0,167,29,694.0,0.0
8,39,3000,75,50,1,225,22,736.0,604.5120755175061
8,39,3000,70,47,1,121,30,522.0,647.5238117963854
8,39,3000,75,40,1,231,34,658.0,602.3779114637906
8,39,3000,70,40,1,101,35,632.0,633.602345485208
8,39,3000,70,38,0,207,37,732.0,0.0
8,39,3000,60,41,0,175,23,674.0,0.0
8,39,3000,80,43,0,117,25,588.0,0.0
8,39,3000,70,43,1,79,32,502.0,660.6953359158003
8,39,3000,65,45,1,87,17,374.0,236.0280104701713
8,39,3000,75,38,0,167,36,788.0,0.0
8,39,3000,85,39,1,163,38,634.0,743.6991988593524
8,39,3000,80,41,1,73,35,458.0,484.22536380085813
8,39,3000,75,45,1,231,27,646.0,600.6946723893325
8,39,3000,65,42,0,115,31,726.0,0.0
8,39,3000,70,43,0,217,28,924.0,0.0
8,39,3000,70,48,0,153,21,482.0,0.0
8,39,3000,85,39,1,167,37,622.0,738.3978068580996
8,39,2900,75,43,1,161,32,644.0,772.5481795055708
8,39,3000,90,46,1,115,30,520.0,390.4208342558418
8,39,3000,80,45,0,231,31,650.0,0.0
8,39,3000,70,44,0,225,26,718.0,0.0
8,39,3000,75,48,0,159,19,560.0,0.0
8,39,3000,60,50,1,137,18,494.0,414.4440724723331
8,39,2900,75,36,1,117,37,556.0,603.564212169887
8,39,2900,65,38,0,161,30,766.0,0.0
8,39,2900,80,41,0,169,31,782.0,0.0
8,39,2900,85,42,1,103,27,456.0,555.5593714191909
8,39,2900,90,42,0,165,26,618.0,0.0
8,39,2900,90,46,0,169,27,692.0,0.0
8,39,2900,80,50,1,159,25,446.0,565.0381260439104
8,39,2900,60,41,1,225,31,744.0,557.7437928136656
8,39,2900,85,45,1,201,30,820.0,665.4709977371623
8,39,2900,70,46,0,109,17,418.0,0.0
8,39,2900,75,48,1,179,26,756.0,698.8778663994038
8,39,2900,90,42,1,125,31,654.0,414.44079028026806
8,39,2900,80,50,0,159,16,532.0,0.0
8,39,2900,80,47,0,147,24,628.0,0.0
8,39,2900,65,35,1,95,37,522.0,495.94155780745916
8,39,2900,85,36,0,167,35,608.0,0.0
8,39,2900,75,41,1,161,34,694.0,735.9589559341923
8,39,2900,65,37,0,273,34,1044.0,0.0
8,39,2900,60,43,0,155,21,578.0,0.0
8,39,2900,65,46,1,109,26,572.0,466.19411718818793
8,39,2900,65,50,0,137,18,456.0,0.0
8,39,2900,60,40,1,113,29,548.0,363.2460632279373
8,39,2900,75,39,1,153,35,712.0,604.0723046317206
8,39,2900,60,39,0,161,34,630.0,0.0
8,39,2900,85,44,0,221,31,904.0,0.0
8,39,2900,85,47,1,165,31,556.0,637.8639486096314
8,39,2900,75,49,0,159,22,640.0,0.0
8,39,2900,80,49,1,151,25,598.0,411.0185886661569
8,39,2900,80,36,0,111,33,594.0,0.0
8,39,2900,70,37,0,109,30,558.0,0.0
8,39,2900,65,40,1,105,26,496.0,397.8319793559582
8,39,2900,90,41,0,171,31,864.0,0.0
8,39,2900,85,43,1,101,36,488.0,695.1023034713498
8,39,2900,70,45,0,157,28,686.0,0.0
8,39,2900,85,49,1,163,33,776.0,513.7547326039382
8,39,2900,65,39,0,157,26,702.0,0.0
8,39,2900,80,39,0,161,32,720.0,0.0
8,39,2900,60,41,1,201,25,612.0,492.95213050603485
8,39,2800,90,44,1,109,29,542.0,687.4819998285545
8,39,2800,85,44,0,103,24,598.0,0.0
8,39,2800,65,43,1,101,19,522.0,346.31126682306837
8,39,2900,65,50,1,161,22,514.0,414.36005420353894
8,39,2800,70,36,1,137,36,582.0,566.2317706604308
8,39,2800,85,36,0,157,34,704.0,0.0
8,39,2800,80,36,1,95,37,526.0,616.7536461829189
8,39,2800,60,38,0,163,23,602.0,0.0
8,39,2800,85,42,1,105,29,556.0,422.8287650469769
8,39,2800,65,40,0,209,31,852.0,0.0
8,39,2800,60,45,0,211,21,556.0,0.0
8,39,2800,60,37,0,159,32,810.0,0.0
8,39,2800,80,35,0,203,35,698.0,0.0
8,39,2800,90,44,0,155,24,664.0,0.0
8,39,2800,75,48,1,141,23,480.0,629.9220975367497
8,39,2800,90,46,1,111,20,442.0,300.48071529793486
8,39,2800,70,48,1,103,15,326.0,315.97193852089674
8,39,2800,80,49,1,139,24,472.0,304.0548989151984
8,39,2800,65,35,0,183,30,728.0,0.0
8,39,2800,60,37,0,207,35,740.0,0.0
8,39,2800,90,45,1,105,26,502.0,463.3429313800078
8,39,2800,80,47,1,157,26,610.0,415.1693319750061
8,39,2800,75,44,0,109,23,514.0,0.0
8,39,2800,80,50,1,105,21,404.0,536.9116621688855
8,39,2800,60,48,0,135,16,428.0,0.0
8,39,2800,90,39,0,151,31,732.0,0.0
8,39,2800,60,41,1,95,23,338.0,422.29264666302095
8,39,2800,60,39,1,109,28,470.0,733.5656012178697
8,39,2800,65,46,1,103,25,466.0,445.973524373515
8,39,2800,85,43,0,261,33,942.0,0.0
8,39,2800,60,45,1,119,25,450.0,545.0931474547647
8,39,2800,85,47,0,207,22,642.0,0.0
8,39,2800,75,38,0,145,34,738.0,0.0
8,39,2800,75,39,1,133,28,518.0,644.3889402451365
8,39,2800,70,45,1,91,26,398.0,501.4848800437117
8,39,2800,85,46,1,91,26,382.0,355.9545085335345
8,39,2800,85,45,0,199,24,628.0,0.0
8,39,2800,85,43,0,155,26,652.0,0.0
8,39,2800,75,47,0,217,23,636.0,0.0
8,39,2700,65,37,0,197,31,764.0,0.0
8,39,2700,70,38,1,191,28,642.0,519.6904204917076
8,39,2700,80,35,1,123,34,546.0,436.15917147794187
8,39,2800,70,40,0,309,30,866.0,0.0
8,39,2700,60,38,1,147,27,588.0,437.1857096394527
8,39,2700,80,47,0,145,13,418.0,0.0
8,39,2800,80,48,1,85,15,320.0,459.1479686290918
8,39,2700,80,43,0,149,24,538.0,0.0
8,39,2700,75,43,1,151,24,538.0,405.54431108691284
8,39,2700,80,46,0,143,25,502.0,0.0
8,39,2700,60,44,1,105,22,464.0,489.10549583028245
8,39,2700,60,44,0,151,19,426.0,0.0
8,39,2700,60,44,0,131,14,412.0,0.0
8,39,2700,75,49,1,79,15,290.0,233.46249674917988
8,39,2700,60,37,0,193,26,846.0,0.0
8,39,2700,65,40,1,129,27,436.0,491.52451795164257
8,39,2700,90,40,1,101,28,494.0,389.0918648314931
8,39,2700,85,43,0,103,24,552.0,0.0
8,39,2700,75,44,1,113,23,362.0,434.469916527543
8,39,2700,80,42,1,91,26,578.0,425.3024564619438
8,39,2700,85,50,0,193,19,608.0,0.0
8,39,2700,65,39,1,101,32,438.0,671.0116923194902
8,39,2700,85,40,0,189,30,784.0,0.0
8,39,2700,60,41,1,125,29,522.0,589.1017697783373
8,39,2700,85,40,0,145,32,664.0,0.0
8,39,2700,70,42,0,101,19,476.0,0.0
8,39,2700,85,46,0,155,23,686.0,0.0
8,39,2700,90,50,1,207,19,558.0,548.4787379975303
8,39,2700,80,37,0,107,34,692.0,0.0
8,39,2700,65,37,0,103,26,560.0,0.0
8,39,2700,75,39,1,203,29,732.0,557.358581352662
8,39,2700,75,40,1,87,31,456.0,707.479383110419
8,39,2700,65,46,1,203,20,622.0,315.2678485789923
8,39,2700,80,43,0,107,25,648.0,0.0
8,39,2700,80,47,1,97,15,350.0,343.390079831278
8,39,2700,65,36,0,205,25,648.0,0.0
8,39,2700,85,41,1,95,24,442.0,437.46644637876017
8,39,2700,80,45,0,87,20,382.0,0.0
8,39,2700,65,46,1,131,20,368.0,374.73136606113746
8,39,2700,90,48,0,105,17,444.0,0.0
8,39,2700,75,45,1,79,23,470.0,552.3045683914638
8,39,2700,85,45,0,147,24,524.0,0.0
8,39,2600,60,37,1,99,19,386.0,217.62535895884454
8,39,2600,90,35,0,141,27,552.0,0.0
8,39,2600,75,39,0,147,27,610.0,0.0
8,39,2600,65,46,1,149,16,562.0,201.92924503226996
8,39,2600,65,38,1,137,27,554.0,504.8897759793794
8,39,2600,70,49,0,187,15,434.0,0.0
8,39,2600,90,44,1,137,25,518.0,616.2051154356892
8,39,2600,70,36,0,151,24,606.0,0.0
8,39,2600,85,37,0,143,27,584.0,0.0
8,39,2600,90,39,1,97,32,466.0,506.5656035918915
8,39,2600,85,45,1,137,27,520.0,647.3681908511321
8,39,2600,90,49,0,231,16,452.0,0.0
8,39,2600,85,50,1,153,17,416.0,364.3315648264707
8,39,2600,70,50,0,107,21,448.0,0.0
8,39,2600,65,35,1,199,34,650.0,452.82180347706776
8,39,2600,75,35,1,153,33,604.0,552.2706589685142
8,39,2600,90,36,1,117,32,530.0,464.4721967937895
8,39,2600,90,41,1,99,30,542.0,634.7179708565184
8,39,2600,90,45,0,101,19,470.0,0.0
8,39,2600,75,42,0,143,19,556.0,0.0
8,39,2600,85,46,0,141,16,400.0,0.0
8,39,2600,65,36,0,139,24,556.0,0.0
8,39,2600,90,38,1,95,32,516.0,593.817361994181
8,39,2600,90,38,0,149,28,704.0,0.0
8,39,2600,65,42,1,147,30,526.0,602.1137263256235
8,39,2600,75,40,0,149,24,516.0,0.0
8,39,2600,60,40,1,95,19,368.0,228.68074087785976
8,39,2600,65,47,0,143,19,470.0,0.0
8,39,2600,75,37,0,203,26,650.0,0.0
8,39,2600,85,36,1,145,36,546.0,527.3757914476141
8,39,2600,80,39,0,147,27,530.0,0.0
8,39,2600,60,48,1,91,7,198.0,183.88591091223375
8,39,2600,90,44,1,101,25,524.0,678.4114735799442
8,39,2600,70,43,1,203,24,558.0,512.109536847389
8,39,2600,60,50,0,119,15,358.0,0.0
8,39,2600,70,37,0,127,24,608.0,0.0
8,39,2600,75,45,0,143,19,524.0,0.0
8,39,2500,65,47,1,141,24,418.0,307.99109535614963
8,39,2500,85,47,0,229,25,748.0,0.0
8,39,2600,70,50,1,81,17,280.0,414.6442026034924
8,39,2600,65,49,0,129,14,396.0,0.0
8,39,2600,80,50,1,175,16,408.0,440.17335307897326
8,39,2500,60,35,0,137,21,524.0,0.0
8,39,2500,85,38,1,91,28,476.0,375.31778875074104
8,39,2500,85,39,1,147,27,458.0,628.7017469954914
8,39,2500,75,36,1,97,28,582.0,395.36622469961407
8,39,2500,85,47,0,141,19,452.0,0.0
8,39,2500,60,49,0,117,16,426.0,0.0
8,39,2500,70,43,1,99,27,502.0,476.93693392871006
8,39,2500,70,36,0,183,28,620.0,0.0
8,39,2500,80,37,1,75,20,338.0,386.79477954780083
8,39,2500,80,38,0,223,28,722.0,0.0
8,39,2500,60,42,1,129,14,246.0,212.22927649080557
8,39,2500,60,47,1,83,17,288.0,285.6885044423974
8,39,2500,80,50,0,143,13,402.0,0.0
8,39,2500,75,50,0,183,22,532.0,0.0
8,39,2500,75,45,1,131,17,346.0,322.5314745381528
8,39,2500,85,47,0,95,16,446.0,0.0
8,39,2500,70,45,0,99,19,484.0,0.0
8,39,2500,80,50,1,105,19,338.0,526.8084282952929
8,39,2500,85,44,1,139,24,564.0,647.3547667828244
8,39,2500,85,47,1,127,19,428.0,393.3882067948922
8,39,2500,90,50,0,81,13,294.0,0.0
8,39,2500,80,39,1,147,30,562.0,557.7441249869885
8,39,2500,75,47,0,145,14,442.0,0.0
8,39,2500,90,44,0,137,17,442.0,0.0
8,39,2500,60,46,1,71,11,186.0,252.28301351761613
8,39,2500,65,48,1,115,22,396.0,594.8992597922372
8,39,2500,70,48,0,85,18,312.0,0.0
8,39,2500,85,41,0,99,20,512.0,0.0
8,39,2500,90,38,0,195,30,580.0,0.0
8,39,2500,80,43,1,129,25,492.0,421.8038109726672
8,39,2500,85,44,0,143,26,664.0,0.0
8,39,2500,60,46,1,81,18,354.0,344.11660114308495
8,39,2500,65,45,1,177,23,430.0,419.7265666027233
8,39,2500,60,48,0,87,12,206.0,0.0
8,39,2500,65,49,1,133,17,428.0,261.86069137950693
8,39,2500,65,35,0,175,28,648.0,0.0
8,39,2400,80,35,1,189,33,600.0,462.0642333909082
8,39,2500,90,36,1,77,34,414.0,522.3658361423558
8,39,2500,65,39,0,95,15,304.0,0.0
8,39,2400,70,42,0,135,23,576.0,0.0
8,39,2400,65,43,0,101,18,384.0,0.0
8,39,2400,85,48,1,85,12,192.0,237.09822072201703
8,39,2400,60,46,0,59,8,190.0,0.0
8,39,2400,80,46,1,123,20,372.0,301.17500787234087
8,39,2400,90,46,0,125,13,448.0,0.0
8,39,2400,75,47,0,95,21,350.0,0.0
8,39,2400,60,47,1,109,13,328.0,169.31245720982764
8,39,2400,85,50,1,79,18,246.0,444.75339300596977
8,39,2400,70,45,1,131,18,310.0,302.67140867969744
8,39,2400,70,41,0,129,23,554.0,0.0
8,39,2400,60,42,0,79,10,326.0,0.0
8,39,2400,80,45,0,131,19,460.0,0.0
8,39,2400,75,38,1,89,29,456.0,434.44619247066953
8,39,2400,70,42,0,131,21,500.0,0.0
8,39,2400,85,41,1,109,24,380.0,358.08980244926937
8,39,2400,65,44,1,143,18,338.0,250.76355712076534
8,39,2400,90,39,1,93,32,420.0,564.6822864113152
8,39,2400,90,40,1,69,33,492.0,565.1204047450454
8,39,2400,70,37,0,127,28,594.0,0.0
8,39,2400,75,42,0,129,23,424.0,0.0
8,39,2400,80,45,0,87,16,398.0,0.0
8,39,2400,80,37,1,87,30,440.0,477.1074793465569
8,39,2400,70,40,1,75,21,364.0,222.14496913068427
8,39,2400,80,36,0,137,33,582.0,0.0
8,39,2400,75,40,1,83,32,360.0,483.5392480192419
8,39,2400,65,38,0,91,21,448.0,0.0
8,39,2400,65,41,0,187,24,564.0,0.0
8,39,2400,90,45,1,57,14,274.0,342.7041792648134
8,39,2400,80,43,1,97,22,394.0,537.4189298369739
8,39,2400,75,47,0,173,15,374.0,0.0
8,39,2400,70,38,0,167,21,572.0,0.0
8,39,2400,70,38,0,173,25,606.0,0.0
8,39,2400,70,40,1,83,15,302.0,171.57724048862536
8,39,2400,75,39,0,173,29,772.0,0.0
8,39,2400,65,46,1,97,20,328.0,308.2825918246325
8,39,2400,75,46,1,87,19,372.0,289.6032870068126
8,39,2400,85,49,1,89,20,304.0,256.1707857327709
8,39,2400,65,37,0,131,23,444.0,0.0
8,39,2300,70,41,0,115,22,476.0,0.0
8,39,2300,90,42,1,107,23,406.0,321.58448206530875
8,39,2300,60,43,1,105,24,406.0,470.1169426156835
8,39,2300,60,46,1,87,17,296.0,291.1759686343086
8,39,2300,75,48,0,91,13,332.0,0.0
8,39,2300,85,49,0,85,10,282.0,0.0
8,39,2300,60,37,0,133,21,462.0,0.0
8,39,2300,80,42,1,105,12,236.0,146.23355895904052
8,39,2300,70,43,1,91,17,364.0,325.6591984853585
8,39,2300,85,50,1,75,19,332.0,513.7229751881969
8,39,2300,90,49,0,123,11,240.0,0.0
8,39,2300,60,49,1,67,8,214.0,87.80340654666603
8,39,2300,85,50,0,87,13,292.0,0.0
8,39,2300,75,38,0,111,24,454.0,0.0
8,39,2300,75,38,0,123,21,472.0,0.0
8,39,2300,85,39,1,67,28,280.0,375.54415098197325
8,39,2300,60,42,1,65,17,262.0,281.68824090406844
8,39,2300,75,47,0,83,13,314.0,0.0
8,39,2300,60,47,1,81,17,234.0,218.98638195627703
8,39,2300,90,48,0,149,16,364.0,0.0
8,39,2300,90,36,1,157,32,578.0,435.3695557820455
8,39,2300,75,37,1,101,30,506.0,550.543433218979
8,39,2300,90,41,0,133,15,366.0,0.0
8,39,2300,70,47,1,89,15,262.0,204.37012362671786
8,39,2300,85,42,1,67,20,288.0,182.1192060724332
8,39,2300,90,45,0,155,15,408.0,0.0
8,39,2300,70,44,0,81,7,190.0,0.0
8,39,2300,65,39,0,85,20,366.0,0.0
8,39,2300,70,43,0,83,19,354.0,0.0
8,39,2300,65,40,1,125,21,360.0,213.36153031070523
8,39,2300,85,37,0,127,23,496.0,0.0
8,39,2300,70,41,1,87,12,304.0,278.54635996198255
8,39,2300,75,40,0,123,19,456.0,0.0
8,39,2300,80,49,1,87,15,290.0,183.69319324943964
8,39,2300,90,35,0,171,30,522.0,0.0
8,39,2300,90,38,1,85,25,296.0,285.61301081753555
8,39,2300,75,38,0,91,21,510.0,0.0
8,39,2200,80,44,1,81,17,322.0,354.70934935890693
8,39,2300,75,45,0,127,15,392.0,0.0
8,39,2300,70,46,1,73,15,238.0,240.59495005867203
8,39,2300,85,48,1,89,14,224.0,301.68568121025373
8,39,2200,90,35,1,81,23,408.0,312.6184830087211
8,39,2200,90,38,0,127,23,474.0,0.0
8,39,2200,65,40,0,123,19,432.0,0.0
8,39,2200,70,38,1,113,20,366.0,360.0224491443853
8,39,2200,70,39,0,87,19,336.0,0.0
8,39,2200,60,49,1,53,4,64.0,30.163470322078837
8,39,2200,80,49,0,97,8,98.0,0.0
8,39,2200,85,40,1,81,18,256.0,292.6809938842051
8,39,2200,60,38,1,79,18,374.0,347.39153477928465
8,39,2200,85,39,1,121,27,446.0,491.875541214113
8,39,2200,80,39,0,65,15,302.0,0.0
8,39,2200,85,44,0,85,14,386.0,0.0
8,39,2200,90,47,1,65,18,254.0,228.2083297288322
8,39,2200,90,45,0,161,16,372.0,0.0
8,39,2200,85,36,1,167,31,412.0,292.3595981911334
8,39,2200,90,39,0,119,21,424.0,0.0
8,39,2200,90,36,1,87,27,398.0,246.0045857158237
8,39,2200,65,46,0,81,10,224.0,0.0
8,39,2200,85,47,1,69,12,164.0,117.92830608911439
8,39,2200,85,49,0,159,11,248.0,0.0
8,39,2200,90,50,0,69,11,228.0,0.0
8,39,2200,60,35,1,85,22,382.0,320.3920114985881
8,39,2200,65,37,1,59,24,290.0,404.5342990053872
8,39,2200,60,37,1,91,23,360.0,325.7724799447003
8,39,2200,75,38,0,79,17,248.0,0.0
8,39,2200,65,39,0,161,19,552.0,0.0
8,39,2200,70,41,0,119,16,466.0,0.0
8,39,2200,90,42,1,97,16,304.0,200.29476946061502
8,39,2200,60,35,1,127,27,464.0,395.89999416347933
8,39,2200,70,37,0,83,17,290.0,0.0
8,39,2200,90,36,0,77,20,384.0,0.0
8,39,2200,70,42,1,77,16,252.0,290.5017460347557
8,39,2200,60,38,1,125,26,438.0,319.4903188173723
8,39,2200,60,40,0,85,13,314.0,0.0
8,39,2200,60,39,0,57,9,218.0,0.0
8,39,2100,65,36,0,83,12,234.0,0.0
8,39,2100,85,39,1,51,14,214.0,234.18754874219223
8,39,2200,75,45,0,85,16,290.0,0.0
8,39,2200,70,46,1,89,14,242.0,169.76754988775102
8,39,2100,70,42,1,81,26,298.0,463.35033462201994
8,39,2200,65,45,0,125,17,456.0,0.0
8,39,2200,90,47,1,121,11,216.0,173.89627623268711
8,39,2100,85,36,1,63,28,306.0,283.68949749387275
8,39,2100,65,39,0,99,14,374.0,0.0
8,39,2100,85,46,1,107,12,286.0,138.46042407742723
8,39,2100,80,42,0,81,19,390.0,0.0
8,39,2100,90,46,0,87,8,240.0,0.0
8,39,2100,80,48,1,113,11,298.0,218.65284638611035
8,39,2100,65,47,0,83,12,262.0,0.0
8,39,2100,75,35,1,117,23,364.0,310.6087869185568
8,39,2100,65,38,1,79,16,334.0,225.02498027634445
8,39,2100,60,37,1,65,16,304.0,118.92064833521111
8,39,2100,90,40,0,97,16,412.0,0.0
8,39,2100,85,43,0,75,8,218.0,0.0
8,39,2100,80,50,0,71,9,134.0,0.0
8,39,2100,70,50,1,101,9,214.0,161.24591422000955
8,39,2100,85,35,0,77,25,384.0,0.0
8,39,2100,85,37,0,111,25,410.0,0.0
8,39,2100,85,36,0,117,22,422.0,0.0
8,39,2100,85,43,0,103,9,268.0,0.0
8,39,2100,65,46,1,87,21,252.0,291.3618437190396
8,39,2100,80,48,1,111,14,274.0,296.43194336360733
8,39,2100,85,44,1,81,15,432.0,362.86305886420155
8,39,2100,60,49,1,71,8,160.0,120.39773715803588
8,39,2100,90,35,1,81,27,332.0,220.82502779814658
8,39,2100,65,37,0,105,9,244.0,0.0
8,39,2100,70,38,1,145,24,396.0,299.58918288326663
8,39,2100,60,37,0,151,18,406.0,0.0
8,39,2100,60,38,0,79,14,340.0,0.0
8,39,2100,85,45,0,193,14,438.0,0.0
8,39,2100,80,48,1,49,9,222.0,291.4349588703544
8,39,2100,65,46,1,75,12,228.0,91.20989571694852
8,39,2100,75,36,1,67,19,342.0,263.18789590784223
8,39,2100,80,44,0,109,14,246.0,0.0
8,39,2100,70,46,1,71,16,250.0,201.46512640452866
8,39,2100,90,44,0,117,15,332.0,0.0
8,39,2100,85,46,1,99,19,394.0,321.7387125562326
8,39,2100,60,47,0,145,14,430.0,0.0
8,39,2000,65,35,0,107,16,348.0,0.0
8,39,2000,85,40,0,75,12,272.0,0.0
8,39,2000,65,41,1,41,9,146.0,115.75389139968462
8,39,2100,70,46,0,109,13,232.0,0.0
8,39,2000,60,48,1,117,11,280.0,274.03329740448555
8,39,2000,85,48,0,67,10,222.0,0.0
8,39,2000,60,49,1,97,16,266.0,136.4854293068531
8,39,2000,70,37,1,109,14,320.0,194.6920099747253
8,39,2000,75,38,1,75,12,186.0,154.8346322117201
8,39,2000,85,37,0,109,19,436.0,0.0
8,39,2000,80,43,0,143,12,218.0,0.0
8,39,2000,85,38,1,73,22,328.0,290.0524672933093
8,39,2000,60,45,0,95,9,206.0,0.0
8,39,2000,65,50,1,107,9,196.0,210.9337324101101
8,39,2000,70,37,1,71,17,320.0,176.72020827636092
8,39,2000,65,37,0,111,16,364.0,0.0
8,39,2000,75,44,1,111,11,242.0,270.89140191159186
8,39,2000,60,46,0,69,8,182.0,0.0
8,39,2000,65,45,0,69,13,264.0,0.0
8,39,2000,75,45,1,73,15,216.0,313.08525921449143
8,39,2000,75,40,0,65,12,206.0,0.0
8,39,2000,65,36,1,107,14,232.0,121.41000921376173
8,39,2000,85,38,0,97,11,166.0,0.0
8,39,2000,65,41,1,103,15,298.0,201.46941369318125
8,39,2000,65,46,0,103,9,162.0,0.0
8,39,2000,60,48,0,67,9,196.0,0.0
8,39,2000,60,41,1,57,4,138.0,71.33452034541875
8,39,2000,85,50,1,75,10,202.0,132.37497147546162
8,39,2000,75,40,0,129,11,208.0,0.0
8,39,2000,80,39,0,95,10,244.0,0.0
8,39,2000,75,42,0,107,13,354.0,0.0
8,39,2000,60,45,0,99,10,242.0,0.0
8,39,2000,70,48,1,47,9,194.0,268.51820812347495
8,39,2000,90,49,1,45,7,176.0,90.48609700160618
8,39,2000,60,44,1,97,13,224.0,342.4247985693634
8,39,2000,85,50,1,39,3,112.0,74.62845730185826
8,39,2000,90,36,1,73,32,372.0,412.7269288201502
8,39,2000,80,41,0,105,17,264.0,0.0
8,39,1900,65,38,0,125,12,276.0,0.0
8,39,2000,60,42,1,75,14,266.0,243.22723165715735
8,39,2000,80,44,0,133,19,374.0,0.0
8,39,2000,65,48,0,129,12,236.0,0.0
8,39,1900,80,49,1,83,13,200.0,169.23962555743358
8,39,1900,85,36,1,73,17,394.0,170.54663622670924
8,39,1900,70,36,0,103,13,352.0,0.0
8,39,1900,80,41,1,71,12,280.0,206.39551550612416
8,39,1900,70,44,0,105,15,320.0,0.0
8,39,1900,85,42,1,67,11,222.0,177.48266200048937
8,39,1900,75,49,1,65,10,182.0,134.89929174995322
8,39,1900,60,49,0,51,7,162.0,0.0
8,39,1900,80,38,1,63,18,220.0,250.2574178855603
8,39,1900,60,42,0,91,12,230.0,0.0
8,39,1900,80,43,1,59,12,156.0,267.93516685016755
8,39,1900,90,46,0,79,11,236.0,0.0
8,39,1900,85,40,1,75,15,254.0,205.99140094295677
8,39,1900,65,50,0,65,5,130.0,0.0
8,39,1900,85,48,0,71,7,190.0,0.0
8,39,1900,85,43,1,75,14,224.0,248.85366869225894
8,39,1900,65,35,1,59,23,282.0,253.39067156512198
8,39,1900,90,36,0,69,9,208.0,0.0
8,39,1900,85,37,0,67,14,214.0,0.0
8,39,1900,60,41,1,59,7,88.0,126.02649884727975
8,39,1900,80,45,1,71,8,152.0,124.79604133696934
8,39,1900,65,47,0,35,3,98.0,0.0
8,39,1900,70,49,0,71,7,72.0,0.0
8,39,1900,70,37,1,61,13,218.0,149.0029411466516
8,39,1900,65,38,0,63,11,232.0,0.0
8,39,1900,80,42,1,71,14,214.0,282.6174726837515
8,39,1900,65,38,0,93,19,316.0,0.0
8,39,1900,70,43,0,141,15,330.0,0.0
8,39,1900,60,42,1,97,12,258.0,231.70246324580023
8,39,1900,70,44,1,115,17,260.0,392.1959404607302
8,39,1900,90,35,0,75,17,330.0,0.0
8,39,1900,85,42,0,63,16,216.0,0.0
8,39,1900,90,45,1,43,8,178.0,200.96081146707647
8,39,1900,90,45,1,99,19,334.0,379.568274668281
8,39,1900,85,46,0,63,8,130.0,0.0
8,39,1900,90,47,0,89,9,186.0,0.0
8,39,1900,75,50,1,89,7,154.0,139.20416971242878
8,39,1900,60,38,1,69,13,176.0,192.17678788495812
8,39,1800,90,35,1,63,20,238.0,327.0616225188974
8,39,1900,80,37,0,143,18,332.0,0.0
8,39,1800,65,39,0,101,15,266.0,0.0
8,39,1800,70,41,0,73,8,178.0,0.0
8,39,1800,65,43,1,89,8,168.0,105.20769957211974
8,39,1800,85,49,1,71,13,274.0,169.07862149326982
8,39,1800,75,36,0,105,13,292.0,0.0
8,39,1800,60,35,0,35,8,162.0,0.0
8,39,1800,75,39,1,87,19,228.0,303.3778972684166
8,39,1800,80,46,1,89,10,226.0,107.54018859914527
8,39,1800,75,47,0,85,9,122.0,0.0
8,39,1800,70,47,0,127,11,190.0,0.0
8,39,1800,90,49,1,47,10,128.0,136.43006237031813
8,39,1800,75,49,1,91,10,178.0,78.86148184907408
8,39,1800,60,36,0,69,7,134.0,0.0
8,39,1800,90,41,0,85,10,186.0,0.0
8,39,1800,85,38,0,59,12,166.0,0.0
8,39,1800,85,46,1,63,9,112.0,96.09005430552577
8,39,1800,70,45,0,69,6,160.0,0.0
8,39,1800,75,49,1,63,6,124.0,67.73310271220782
8,39,1800,85,47,1,43,4,44.0,55.20600536524791
8,39,1800,65,41,1,99,14,180.0,258.4136050806767
8,39,1800,85,43,0,73,12,280.0,0.0
8,39,1800,75,45,1,39,6,106.0,122.41058940295754
8,39,1800,65,46,0,61,7,122.0,0.0
8,39,1800,85,49,1,43,7,108.0,58.8696284935611
8,39,1800,90,50,0,93,9,154.0,0.0
8,39,1800,85,50,1,69,10,146.0,206.8158895533716
8,39,1800,75,50,0,61,7,116.0,0.0
8,39,1800,75,36,0,163,17,328.0,0.0
8,39,1800,75,37,1,99,19,256.0,276.8142920116668
8,39,1800,65,35,0,91,16,272.0,0.0
8,39,1800,85,42,1,39,10,144.0,183.49702567099934
8,39,1800,80,44,1,61,10,160.0,207.83721354949978
8,39,1800,70,39,1,85,13,198.0,372.20112412608927
8,39,1800,60,44,0,125,9,214.0,0.0
8,39,1800,70,35,0,65,17,230.0,0.0
8,39,1800,90,39,0,131,8,168.0,0.0
8,39,1800,75,38,0,67,14,206.0,0.0
8,39,1800,75,36,1,69,17,290.0,164.49374387883307
8,39,1700,60,40,0,59,7,140.0,0.0
8,39,1800,60,38,1,67,8,208.0,134.20634987276486
8,39,1700,60,47,1,83,8,118.0,101.1339494725746
8,39,1700,60,39,1,53,6,136.0,141.84844195109056
8,39,1700,85,44,0,93,9,214.0,0.0
8,39,1700,60,44,1,53,11,124.0,237.6458397932856
8,39,1700,85,46,0,57,5,84.0,0.0
8,39,1700,80,44,0,127,10,242.0,0.0
8,39,1700,70,50,1,39,7,68.0,132.35676043360698
8,39,1700,60,44,1,67,8,188.0,190.85287732355206
8,39,1700,90,35,0,95,19,276.0,0.0
8,39,1700,90,41,0,55,14,176.0,0.0
8,39,1700,60,40,1,61,10,178.0,117.15983882169246
8,39,1700,75,43,1,121,9,154.0,105.8373612120478
8,39,1700,60,48,1,67,7,126.0,210.2505247824317
8,39,1700,60,48,1,43,6,72.0,116.57810334239646
8,39,1700,90,48,0,91,9,126.0,0.0
8,39,1700,70,49,0,87,6,118.0,0.0
8,39,1700,75,35,1,83,22,314.0,268.3604008061608
8,39,1700,85,40,0,81,14,142.0,0.0
8,39,1700,65,35,0,79,15,220.0,0.0
8,39,1700,85,42,0,149,13,214.0,0.0
8,39,1700,90,49,0,61,9,130.0,0.0
8,39,1700,60,49,1,53,6,110.0,60.82154140767902
8,39,1700,90,48,1,55,3,90.0,99.19957067802699
8,39,1700,65,37,0,125,15,252.0,0.0
8,39,1700,65,36,0,95,15,232.0,0.0
8,39,1700,90,36,1,59,20,254.0,181.57725693377205
8,39,1700,90,44,1,79,9,180.0,242.83835129388953
8,39,1700,75,44,1,79,10,178.0,271.5979505019512
8,39,1700,85,41,1,51,13,232.0,319.3689764591361
8,39,1700,85,44,0,75,11,168.0,0.0
8,39,1700,85,36,0,87,16,266.0,0.0
8,39,1700,70,35,1,51,14,190.0,182.73609531642953
8,39,1700,60,42,0,93,7,150.0,0.0
8,39,1700,80,45,1,67,11,192.0,198.3193351274398
8,39,1700,60,49,1,29,2,58.0,31.919587929478954
8,39,1700,70,50,0,33,3,48.0,0.0
8,39,1700,85,49,0,119,9,196.0,0.0
8,39,1600,90,37,1,61,11,170.0,153.044868126676
8,39,1600,70,38,1,75,8,124.0,76.65400721717708
8,39,1600,85,40,0,55,10,110.0,0.0
8,39,1700,60,41,1,95,18,194.0,291.8822783057224
8,39,1600,75,38,0,93,9,202.0,0.0
8,39,1600,70,45,1,37,4,58.0,60.581897500875506
8,39,1700,65,49,0,93,6,188.0,0.0
8,39,1600,65,36,0,83,13,216.0,0.0
8,39,1600,85,35,0,71,16,190.0,0.0
8,39,1600,90,40,1,61,12,138.0,174.48393273475494
8,39,1600,90,36,1,57,12,212.0,102.80991928463389
8,39,1600,85,40,1,31,7,130.0,111.05894989430513
8,39,1600,80,48,0,101,7,102.0,0.0
8,39,1600,65,49,1,87,9,168.0,91.83869198611943
8,39,1600,80,45,0,67,6,92.0,0.0
8,39,1600,70,39,1,59,7,150.0,241.0547526255997
8,39,1600,60,37,1,57,9,108.0,123.44668310175103
8,39,1600,90,41,0,53,6,104.0,0.0
8,39,1600,65,46,0,95,10,172.0,0.0
8,39,1600,60,47,0,27,3,52.0,0.0
8,39,1600,75,46,0,31,6,92.0,0.0
8,39,1600,60,43,1,81,10,220.0,109.82473010648002
8,39,1600,60,35,0,61,12,188.0,0.0
8,39,1600,80,37,0,49,10,190.0,0.0
8,39,1600,80,37,1,79,16,206.0,174.32884196953495
8,39,1600,85,38,1,57,9,144.0,98.08481218947674
8,39,1600,75,46,1,55,6,138.0,62.149327743009074
8,39,1600,65,43,0,89,7,140.0,0.0
8,39,1600,65,43,1,51,12,136.0,104.14581380745737
8,39,1600,65,36,1,107,20,318.0,178.249564134997
8,39,1600,85,37,1,79,17,186.0,174.7642720746622
8,39,1600,65,38,0,85,11,150.0,0.0
8,39,1600,85,42,1,43,5,44.0,95.54976576947675
8,39,1600,70,35,0,63,11,144.0,0.0
8,39,1600,75,42,0,75,8,140.0,0.0
8,39,1600,90,45,0,55,12,144.0,0.0
8,39,1600,70,36,0,51,7,142.0,0.0
8,39,1600,75,40,0,55,9,144.0,0.0
8,39,1600,90,42,1,59,9,178.0,158.98654812468882
8,39,1500,60,50,1,87,3,88.0,54.818403176643976
8,39,1600,70,47,1,65,10,104.0,134.11824437694096
8,39,1600,65,46,1,27,1,28.0,8.483423913005678
8,39,1600,60,49,0,77,10,130.0,0.0
8,39,1500,80,36,0,71,13,222.0,0.0
8,39,1500,85,39,0,95,10,144.0,0.0
8,39,1500,65,43,0,53,7,84.0,0.0
8,39,1500,85,46,0,75,8,152.0,0.0
8,39,1500,75,43,1,31,4,84.0,65.6014419323056
8,39,1500,65,50,1,53,3,84.0,95.71317112585251
8,39,1500,65,49,1,65,5,66.0,55.7105002054957
8,39,1500,80,39,0,97,9,178.0,0.0
8,39,1500,60,39,0,89,14,196.0,0.0
8,39,1500,90,43,1,59,5,96.0,62.863246057736745
8,39,1500,65,44,1,51,7,104.0,196.85045360005353
8,39,1500,60,46,0,73,4,74.0,0.0
8,39,1500,75,47,1,33,4,62.0,38.26727766975562
8,39,1500,85,49,1,69,4,96.0,48.04610919859313
8,39,1500,65,40,1,25,4,68.0,32.53473339900542
8,39,1500,60,46,0,51,3,52.0,0.0
8,39,1500,80,42,0,41,6,114.0,0.0
8,39,1500,60,48,1,23,2,42.0,35.07172766607529
8,39,1500,90,43,0,51,9,126.0,0.0
8,39,1500,60,49,0,61,3,62.0,0.0
8,39,1500,85,46,1,47,3,76.0,19.059239607935037
8,39,1500,90,35,1,29,1,30.0,11.99842222139943
8,39,1500,85,37,0,47,6,132.0,0.0
8,39,1500,85,41,0,99,7,120.0,0.0
8,39,1500,65,40,1,97,9,208.0,97.17163028707941
8,39,1500,70,44,1,101,8,120.0,153.76921749863644
8,39,1500,90,44,0,81,7,112.0,0.0
8,39,1500,90,50,1,29,1,30.0,29.075736584974152
8,39,1500,60,38,0,67,7,116.0,0.0
8,39,1500,75,39,1,29,5,82.0,112.37515869250645
8,39,1500,70,42,0,27,3,52.0,0.0
8,39,1500,75,48,1,33,5,34.0,80.73081773657904
8,39,1500,75,46,0,51,7,100.0,0.0
8,39,1500,65,43,0,77,7,78.0,0.0
8,39,1500,60,48,1,41,3,70.0,85.04949363159974
8,39,1500,70,35,0,53,11,124.0,0.0
8,38,3000,80,35,1,87,38,516.0,592.7249700971076
8,39,1500,90,41,0,75,10,154.0,0.0
8,39,1500,80,41,1,47,3,48.0,51.937893167953725
8,38,3000,65,42,0,171,24,584.0,0.0
8,39,1500,80,49,1,73,7,104.0,75.41560332082229
8,38,3000,75,50,1,203,28,778.0,685.3365961336468
8,38,3000,90,35,1,119,38,600.0,792.0941221648355
8,38,3000,90,39,0,119,37,740.0,0.0
8,38,3000,60,42,0,165,24,666.0,0.0
8,38,3000,85,40,0,175,35,656.0,0.0
8,38,3000,60,43,1,165,25,572.0,473.8786951087613
8,38,3000,90,42,0,159,30,750.0,0.0
8,38,3000,75,47,1,167,28,512.0,408.3766469089688
8,38,3000,65,35,1,135,37,608.0,582.6638906610212
8,38,3000,70,37,1,93,36,474.0,590.0885063097159
8,38,3000,60,42,1,141,29,412.0,470.82544099407625
8,38,3000,60,39,1,221,27,598.0,410.57220573430163
8,38,3000,80,38,0,163,33,796.0,0.0
8,38,3000,70,48,0,167,21,596.0,0.0
8,38,3000,80,47,0,275,23,752.0,0.0
8,38,3000,85,35,0,111,34,538.0,0.0
8,38,3000,80,37,0,217,33,742.0,0.0
8,38,3000,70,38,1,169,38,748.0,640.3808320599788
8,38,3000,80,36,1,111,36,690.0,440.90069215417594
8,38,3000,60,50,0,137,17,408.0,0.0
8,38,3000,65,49,0,111,17,568.0,0.0
8,38,3000,60,49,1,153,18,584.0,261.98741655770993
8,38,3000,60,42,1,115,27,638.0,404.4657213972962
8,38,3000,90,43,0,167,28,642.0,0.0
8,38,3000,75,45,0,207,27,772.0,0.0
8,38,3000,60,44,1,175,27,688.0,512.1920385383141
8,38,3000,80,45,0,113,27,652.0,0.0
8,38,3000,60,37,1,103,33,522.0,445.6723906921569
8,38,3000,80,47,1,169,27,576.0,433.8627218725458
8,38,3000,80,38,0,175,29,746.0,0.0
8,38,3000,60,38,1,123,30,624.0,485.9767496761932
8,38,3000,70,35,0,161,33,620.0,0.0
8,38,3000,75,37,0,173,35,560.0,0.0
8,38,3000,70,36,0,285,33,736.0,0.0
8,38,3000,60,41,1,121,31,536.0,623.8852540336252
8,38,3000,70,50,1,131,27,434.0,537.9739559461923
8,38,2900,85,40,0,153,29,716.0,0.0
8,38,2900,75,39,1,109,36,488.0,592.8266759856177
8,38,3000,70,41,1,115,26,526.0,470.5106410391854
8,38,2900,60,48,1,101,18,332.0,378.33733766764016
8,38,2900,75,46,0,153,28,660.0,0.0
8,38,2900,70,49,1,107,30,478.0,514.3643011525493
8,38,3000,75,46,0,171,19,708.0,0.0
8,38,2900,80,37,1,91,38,486.0,566.8864283774993
8,38,2900,60,40,0,149,29,606.0,0.0
8,38,2900,70,43,1,93,23,460.0,461.40053968443885
8,38,2900,80,43,1,111,28,582.0,496.2081435089211
8,38,2900,60,48,0,163,17,466.0,0.0
8,38,2900,60,45,0,211,18,622.0,0.0
8,38,2900,75,43,0,221,27,806.0,0.0
8,38,2900,90,37,1,157,37,590.0,588.916464796774
8,38,2900,60,37,1,141,32,614.0,536.1835148336928
8,38,2900,75,40,1,147,31,632.0,472.14875798059325
8,38,2900,75,43,0,105,24,596.0,0.0
8,38,2900,65,45,0,159,27,646.0,0.0
8,38,2900,90,46,1,87,25,410.0,452.4882703539629
8,38,2900,65,48,0,275,16,602.0,0.0
8,38,2900,85,35,1,163,34,548.0,474.22066236924155
8,38,2900,60,36,0,157,28,658.0,0.0
8,38,2900,80,36,0,155,27,726.0,0.0
8,38,2900,80,37,0,151,33,728.0,0.0
8,38,2900,70,39,1,161,35,640.0,848.9274218430724
8,38,2900,70,46,1,107,25,512.0,430.61505918411797
8,38,2900,65,46,0,199,24,694.0,0.0
8,38,2900,80,35,1,155,32,630.0,485.42805137992895
8,38,2900,60,35,0,165,30,594.0,0.0
8,38,2900,80,44,0,163,18,460.0,0.0
8,38,2900,85,44,1,81,24,398.0,640.6800954216279
8,38,2900,75,47,0,199,17,552.0,0.0
8,38,2900,70,45,1,217,27,684.0,608.3458979976813
8,38,2900,60,41,1,169,33,576.0,700.0137115907494
8,38,2900,75,35,1,79,36,368.0,422.84107768070254
8,38,2900,60,38,1,167,32,596.0,586.2146738052886
8,38,2900,60,36,0,223,29,730.0,0.0
8,38,2900,80,45,0,159,26,654.0,0.0
8,38,2900,90,44,1,153,24,564.0,514.5218153067929
8,38,2900,60,47,0,219,25,660.0,0.0
8,38,2900,85,48,0,105,22,452.0,0.0
8,38,2800,75,36,0,161,34,762.0,0.0
8,38,2800,80,42,1,203,32,622.0,507.8531004411467
8,38,2800,60,43,1,105,18,398.0,314.7690098805014
8,38,2800,90,46,0,161,27,716.0,0.0
8,38,2800,80,49,0,159,25,598.0,0.0
8,38,2800,90,45,1,111,24,456.0,517.9855679462903
8,38,2800,85,49,1,101,24,472.0,385.69614021017065
8,38,2800,60,35,0,211,31,714.0,0.0
8,38,2800,90,38,0,155,33,690.0,0.0
8,38,2800,75,39,1,99,33,516.0,637.7298164462404
8,38,2800,75,39,1,197,30,760.0,680.4205046076788
8,38,2800,70,46,1,107,25,476.0,454.92027122982864
8,38,2800,70,48,0,209,19,604.0,0.0
8,38,2800,85,49,0,107,21,460.0,0.0
8,38,2800,85,36,1,165,36,658.0,558.8058132841145
8,38,2800,80,39,0,155,30,760.0,0.0
8,38,2800,85,41,1,151,32,698.0,555.9762696160489
8,38,2800,90,47,0,207,27,706.0,0.0
8,38,2800,60,50,1,161,17,480.0,411.88187705269075
8,38,2800,65,49,1,121,13,352.0,181.08253841923843
8,38,2800,85,48,0,109,17,492.0,0.0
8,38,2800,60,43,1,105,22,424.0,442.9001657740862
8,38,2800,90,42,1,101,31,560.0,654.9260567740665
8,38,2800,85,41,0,105,25,606.0,0.0
8,38,2800,90,43,0,107,28,612.0,0.0
8,38,2800,80,48,0,157,20,528.0,0.0
8,38,2800,75,50,1,161,21,420.0,535.9205134013448
8,38,2800,65,46,0,151,20,694.0,0.0
8,38,2800,90,37,1,159,35,656.0,616.1519346273669
8,38,2800,60,40,1,81,25,398.0,382.45592011066395
8,38,2800,90,42,0,209,32,952.0,0.0
8,38,2800,80,39,0,157,26,722.0,0.0
8,38,2800,65,45,1,69,21,460.0,394.5393532876779
8,38,2800,70,50,0,101,19,388.0,0.0
8,38,2800,70,45,1,103,28,528.0,560.3222233525602
8,38,2800,75,40,0,157,27,694.0,0.0
8,38,2800,75,41,1,135,31,512.0,493.8741138135265
8,38,2800,80,36,0,219,34,920.0,0.0
8,38,2800,85,39,1,105,35,594.0,679.2427922060249
8,38,2800,75,43,0,111,31,666.0,0.0
8,38,2700,85,48,1,101,22,432.0,511.1052535478709
8,38,2700,70,47,0,153,19,492.0,0.0
8,38,2700,65,44,0,93,14,362.0,0.0
8,38,2700,85,48,1,147,25,446.0,514.8876103240867
8,38,2700,80,35,1,85,36,438.0,538.2335472867859
8,38,2700,60,42,1,91,23,424.0,337.06519876095314
8,38,2700,75,46,1,149,14,390.0,182.3379935618994
8,38,2700,65,46,0,93,22,430.0,0.0
8,38,2700,70,50,0,155,19,520.0,0.0
8,38,2700,60,36,0,151,21,428.0,0.0
8,38,2700,85,36,1,103,36,522.0,399.8048518138791
8,38,2700,85,39,0,155,29,642.0,0.0
8,38,2700,90,44,1,99,22,396.0,458.4833345060637
8,38,2700,70,40,1,101,24,480.0,515.0497924018491
8,38,2700,85,45,1,153,23,592.0,474.686825052894
8,38,2700,65,46,0,155,19,510.0,0.0
8,38,2700,85,50,0,101,17,486.0,0.0
8,38,2700,75,38,1,207,34,800.0,545.7093033166709
8,38,2700,85,46,0,193,20,626.0,0.0
8,38,2700,80,48,1,133,22,450.0,502.41616176371207
8,38,2700,70,46,0,155,16,416.0,0.0
8,38,2700,60,46,0,153,20,648.0,0.0
8,38,2700,75,47,0,147,22,560.0,0.0
8,38,2700,70,48,1,137,21,400.0,455.26442432806715
8,38,2700,70,37,1,151,31,596.0,700.6067109876209
8,38,2700,90,35,0,147,32,692.0,0.0
8,38,2700,60,37,1,97,32,526.0,523.4693556158679
8,38,2700,65,36,1,75,33,386.0,398.3595382456386
8,38,2700,70,50,1,93,15,174.0,296.1405961876761
8,38,2700,90,48,0,105,14,388.0,0.0
8,38,2700,75,49,0,143,16,454.0,0.0
8,38,2700,85,37,0,153,31,824.0,0.0
8,38,2700,80,38,0,159,25,618.0,0.0
8,38,2700,90,40,0,245,28,680.0,0.0
8,38,2700,65,46,1,97,18,402.0,281.22247388081246
8,38,2700,90,45,1,99,22,396.0,433.4339770888338
8,38,2700,70,38,0,153,25,716.0,0.0
8,38,2700,85,48,1,89,18,320.0,262.382482672698
8,38,2700,80,46,1,177,18,558.0,322.06636235876886
8,38,2600,90,41,1,87,25,396.0,542.2772081156756
8,38,2600,85,40,0,145,28,568.0,0.0
8,38,2600,80,40,1,99,34,616.0,683.9201611076229
8,38,2600,70,37,1,89,32,404.0,480.21231951688134
8,38,2600,90,44,1,83,23,332.0,591.0090491074016
8,38,2700,90,50,0,145,19,390.0,0.0
8,38,2600,60,48,0,113,12,338.0,0.0
8,38,2600,90,50,0,143,17,468.0,0.0
8,38,2600,85,35,0,149,32,630.0,0.0
8,38,2600,60,38,0,149,23,572.0,0.0
8,38,2600,90,41,1,137,26,416.0,416.55090865052557
8,38,2600,80,42,0,99,24,650.0,0.0
8,38,2600,70,45,1,93,21,338.0,515.5970602081499
8,38,2600,60,46,1,147,14,264.0,132.7806863170364
8,38,2600,80,49,1,103,18,484.0,275.20751029524007
8,38,2600,80,49,0,139,18,412.0,0.0
8,38,2600,85,35,0,197,34,804.0,0.0
8,38,2600,70,41,0,133,20,478.0,0.0
8,38,2600,80,43,1,99,26,460.0,575.1175584226826
8,38,2600,70,44,1,97,27,584.0,596.7536388370355
8,38,2600,80,46,0,103,17,432.0,0.0
8,38,2600,85,49,1,91,15,330.0,277.1213975170266
8,38,2600,75,50,0,95,17,372.0,0.0
8,38,2600,90,47,1,139,20,538.0,271.24630850467395
8,38,2600,85,35,1,89,35,478.0,509.549944943396
8,38,2600,70,37,1,97,30,480.0,422.7300879127231
8,38,2600,85,39,0,149,30,574.0,0.0
8,38,2600,75,49,0,151,20,562.0,0.0
8,38,2600,70,43,0,143,21,506.0,0.0
8,38,2600,75,44,1,137,23,430.0,475.1229841185327
8,38,2600,90,45,0,147,18,450.0,0.0
8,38,2600,65,35,1,93,29,396.0,319.4094210264341
8,38,2600,60,39,0,147,20,528.0,0.0
8,38,2600,90,36,1,93,37,470.0,513.7403815647156
8,38,2600,75,40,0,151,27,516.0,0.0
8,38,2600,60,41,1,141,21,464.0,289.73896610917336
8,38,2600,80,46,0,183,23,368.0,0.0
8,38,2600,70,45,1,143,20,444.0,423.89111610627873
8,38,2600,65,36,0,147,30,744.0,0.0
8,38,2500,60,37,0,141,22,584.0,0.0
8,38,2600,60,47,1,137,19,352.0,350.7301253513761
8,38,2500,65,45,1,91,16,370.0,367.4734863052779
8,38,2500,60,38,1,187,26,546.0,398.59075794698197
8,38,2500,90,47,1,137,17,354.0,301.5453197274173
8,38,2500,80,49,0,137,15,356.0,0.0
8,38,2600,85,47,0,97,16,450.0,0.0
8,38,2500,85,36,0,143,30,670.0,0.0
8,38,2500,85,37,0,129,29,672.0,0.0
8,38,2500,75,37,0,193,28,632.0,0.0
8,38,2500,85,42,1,87,25,418.0,481.5655070698226
8,38,2500,70,42,1,141,19,346.0,252.2421555080559
8,38,2500,60,47,1,85,7,136.0,115.80639416535072
8,38,2500,60,48,0,95,12,264.0,0.0
8,38,2500,65,35,0,199,24,550.0,0.0
8,38,2500,85,38,1,133,24,412.0,389.0368488374658
8,38,2500,65,47,0,145,17,456.0,0.0
8,38,2500,90,48,1,135,15,366.0,363.95412651432304
8,38,2500,90,42,0,97,17,404.0,0.0
8,38,2500,85,45,1,83,14,284.0,313.51015302888345
8,38,2500,85,49,1,139,28,392.0,481.9479351186634
8,38,2500,70,43,1,105,18,400.0,331.9992184213477
8,38,2500,65,44,0,133,15,340.0,0.0
8,38,2500,70,45,0,95,16,410.0,0.0
8,38,2500,65,43,0,125,23,380.0,0.0
8,38,2500,70,49,1,93,13,354.0,221.22239177866544
8,38,2500,90,44,0,141,23,538.0,0.0
8,38,2500,90,47,1,75,20,398.0,348.3224549461893
8,38,2500,60,37,0,119,17,394.0,0.0
8,38,2500,90,38,1,77,33,414.0,463.3012084873744
8,38,2500,90,42,1,77,20,352.0,351.57503486778097
8,38,2500,80,41,1,129,21,476.0,425.5980572960178
8,38,2500,80,39,0,145,26,634.0,0.0
8,38,2500,85,47,0,123,21,430.0,0.0
8,38,2500,75,47,1,71,18,328.0,268.5216365502138
8,38,2500,70,36,1,69,27,416.0,282.8845071665937
8,38,2500,60,37,0,133,21,546.0,0.0
8,38,2500,70,37,0,131,25,578.0,0.0
8,38,2500,60,46,0,91,18,428.0,0.0
8,38,2500,90,48,1,137,14,460.0,369.18732026387715
8,38,2500,85,50,1,91,19,306.0,331.34606423390187
8,38,2500,60,48,0,91,14,316.0,0.0
8,38,2400,60,35,1,79,19,348.0,205.09367360007343
8,38,2400,60,37,0,93,20,412.0,0.0
8,38,2400,85,39,1,87,23,370.0,648.129629677982
8,38,2400,65,43,0,91,17,400.0,0.0
8,38,2400,80,41,1,85,10,294.0,196.40393387974328
8,38,2400,70,42,0,75,20,346.0,0.0
8,38,2400,65,47,1,71,23,340.0,400.99093716252213
8,38,2400,65,36,1,83,22,456.0,297.7201526271562
8,38,2400,75,40,0,93,19,448.0,0.0
8,38,2400,75,43,1,129,15,202.0,219.34460449863465
8,38,2400,75,41,0,89,16,342.0,0.0
8,38,2400,80,49,0,119,18,328.0,0.0
8,38,2400,75,42,1,111,22,428.0,252.6559785158832
8,38,2400,65,50,0,167,16,476.0,0.0
8,38,2400,90,36,1,143,24,500.0,287.04809086877714
8,38,2400,65,42,0,125,11,326.0,0.0
8,38,2400,85,45,1,131,10,294.0,198.5864456094305
8,38,2400,70,50,0,127,13,378.0,0.0
8,38,2400,90,46,1,107,23,388.0,487.3903485046241
8,38,2400,80,48,0,85,14,344.0,0.0
8,38,2400,80,49,0,161,18,454.0,0.0
8,38,2400,60,47,1,153,14,324.0,156.51261765895794
8,38,2400,60,35,0,135,29,556.0,0.0
8,38,2400,90,38,1,61,20,312.0,262.6351736538257
8,38,2400,80,42,1,107,15,320.0,252.08045015485084
8,38,2400,80,38,1,85,27,410.0,505.3545443951445
8,38,2400,75,41,1,121,20,352.0,469.334714560812
8,38,2400,85,44,0,125,20,348.0,0.0
8,38,2400,90,46,0,95,16,404.0,0.0
8,38,2400,90,37,0,139,27,528.0,0.0
8,38,2400,85,37,0,169,26,596.0,0.0
8,38,2400,85,46,1,135,23,390.0,326.3775897887557
8,38,2400,65,46,0,83,13,252.0,0.0
8,38,2400,65,39,0,87,19,426.0,0.0
8,38,2400,70,43,1,131,23,482.0,443.3793483233679
8,38,2400,80,45,1,89,14,272.0,261.96245039797464
8,38,2400,75,35,0,87,23,468.0,0.0
8,38,2300,80,41,0,135,22,520.0,0.0
8,38,2400,75,40,0,165,24,480.0,0.0
8,38,2400,70,40,1,127,18,316.0,228.2295949194292
8,38,2300,90,47,1,93,14,302.0,171.9659652570707
8,38,2300,70,44,1,89,12,298.0,315.8408558906899
8,38,2400,75,45,1,91,21,332.0,414.72990872899084
8,38,2300,70,36,0,113,18,370.0,0.0
8,38,2300,90,42,1,91,24,394.0,313.157714306093
8,38,2300,90,41,1,73,23,244.0,454.22224200347415
8,38,2300,85,42,0,119,17,368.0,0.0
8,38,2300,75,48,0,87,12,324.0,0.0
8,38,2300,65,42,1,105,14,380.0,196.1211379083231
8,38,2300,75,50,0,113,18,414.0,0.0
8,38,2300,90,36,1,79,33,434.0,346.7503087602092
8,38,2300,85,41,1,85,25,396.0,517.2977302689862
8,38,2300,75,41,0,127,16,408.0,0.0
8,38,2300,85,45,1,113,17,320.0,355.1024514657874
8,38,2300,90,44,0,163,15,384.0,0.0
8,38,2300,90,46,1,163,16,320.0,280.2584906894003
8,38,2300,70,50,0,107,15,320.0,0.0
8,38,2300,60,36,0,109,25,560.0,0.0
8,38,2300,75,37,0,115,22,438.0,0.0
8,38,2300,80,43,1,95,24,382.0,433.8084892277727
8,38,2300,65,42,1,125,21,422.0,333.9179952098968
8,38,2300,75,44,0,127,18,352.0,0.0
8,38,2300,70,49,1,99,10,254.0,126.08137230174138
8,38,2300,65,42,0,129,17,406.0,0.0
8,38,2300,85,36,1,73,29,344.0,385.1332277938719
8,38,2300,60,38,1,75,18,316.0,337.43329017947985
8,38,2300,60,37,0,129,9,262.0,0.0
8,38,2300,80,38,1,125,25,458.0,420.1876351053546
8,38,2300,80,43,0,91,18,410.0,0.0
8,38,2300,60,44,1,73,13,194.0,330.3424030559872
8,38,2300,75,49,0,129,14,380.0,0.0
8,38,2300,60,36,0,91,20,404.0,0.0
8,38,2300,90,35,0,125,24,458.0,0.0
8,38,2300,70,42,1,69,15,298.0,157.85069440451497
8,38,2300,60,44,0,87,16,324.0,0.0
8,38,2300,75,41,1,85,25,460.0,409.03382201732
8,38,2300,80,40,0,85,20,378.0,0.0
8,38,2300,90,43,1,135,22,346.0,467.75193978936176
8,38,2200,85,37,0,87,20,396.0,0.0
8,38,2300,75,42,1,69,16,272.0,277.4451987328143
8,38,2200,60,40,0,81,16,300.0,0.0
8,38,2300,70,42,0,129,15,290.0,0.0
8,38,2200,70,45,1,73,15,276.0,311.5550599815845
8,38,2200,90,48,1,83,16,296.0,434.6178803962144
8,38,2200,60,46,1,117,13,336.0,177.06998965489268
8,38,2200,70,35,0,85,21,450.0,0.0
8,38,2200,75,38,1,63,26,288.0,313.33977584748214
8,38,2200,75,38,1,77,26,414.0,353.410988473445
8,38,2200,65,42,0,83,17,328.0,0.0
8,38,2200,85,48,1,75,20,254.0,411.6587272920787
8,38,2200,65,50,0,83,10,282.0,0.0
8,38,2200,80,48,0,65,11,240.0,0.0
8,38,2200,90,37,0,95,21,426.0,0.0
8,38,2200,60,40,1,101,11,248.0,159.61199484347023
8,38,2200,75,42,0,83,14,282.0,0.0
8,38,2200,85,41,0,75,15,350.0,0.0
8,38,2200,80,44,1,129,20,394.0,397.0733173739589
8,38,2200,60,47,1,119,12,272.0,287.3217039425262
8,38,2200,70,50,1,85,11,300.0,323.72779400843535
8,38,2200,90,35,0,115,26,458.0,0.0
8,38,2200,80,39,0,121,18,268.0,0.0
8,38,2200,60,43,0,129,19,404.0,0.0
8,38,2200,60,47,1,121,11,302.0,194.07752930619162
8,38,2200,85,50,0,121,11,320.0,0.0
8,38,2200,90,44,1,73,17,236.0,328.7250924841069
8,38,2200,65,49,1,109,19,314.0,350.47331263948325
8,38,2200,60,37,0,83,18,438.0,0.0
8,38,2200,80,43,1,117,19,372.0,315.517344056448
8,38,2200,70,44,0,115,11,240.0,0.0
8,38,2200,60,43,0,123,14,366.0,0.0
8,38,2200,80,50,1,81,12,254.0,232.11439235644542
8,38,2200,75,49,1,67,14,232.0,144.91035258061385
8,38,2200,75,47,1,79,16,296.0,258.36004345349676
8,38,2200,75,36,1,129,31,500.0,475.8614778800736
8,38,2200,60,40,0,143,16,318.0,0.0
8,38,2200,60,38,1,109,24,382.0,288.8423694575918
8,38,2200,75,48,0,121,11,220.0,0.0
8,38,2200,90,48,1,111,9,268.0,152.66413222514075
8,38,2200,85,50,0,65,7,144.0,0.0
8,38,2200,90,50,0,115,12,238.0,0.0
8,38,2100,70,44,0,75,9,214.0,0.0
8,38,2100,75,48,0,77,9,278.0,0.0
8,38,2100,85,50,1,107,11,292.0,334.7052266497436
8,38,2100,65,50,1,129,12,320.0,265.7013575559645
8,38,2100,85,44,0,155,16,296.0,0.0
8,38,2100,80,48,1,77,9,226.0,184.81990282359993
8,38,2100,70,50,1,143,14,298.0,298.16248443689875
8,38,2100,70,35,0,201,17,486.0,0.0
8,38,2100,80,35,1,71,29,324.0,399.75900947395576
8,38,2100,65,42,1,89,13,224.0,209.1327992008924
8,38,2100,75,46,1,79,12,226.0,150.7235025239206
8,38,2100,65,50,0,41,8,156.0,0.0
8,38,2100,65,41,0,159,15,378.0,0.0
8,38,2100,65,49,0,95,11,194.0,0.0
8,38,2100,80,36,0,107,17,384.0,0.0
8,38,2100,85,44,1,69,12,186.0,302.8257232650093
8,38,2100,90,46,1,79,17,242.0,306.38137026594916
8,38,2100,60,48,1,79,11,286.0,359.98217134090856
8,38,2100,65,46,0,71,7,168.0,0.0
8,38,2100,90,48,1,73,5,180.0,75.56260621663293
8,38,2100,75,50,0,69,8,166.0,0.0
8,38,2100,75,38,1,113,24,452.0,404.7162841772968
8,38,2100,80,41,0,109,17,302.0,0.0
8,38,2100,65,39,0,117,18,436.0,0.0
8,38,2100,60,38,0,75,9,158.0,0.0
8,38,2100,65,44,0,165,19,428.0,0.0
8,38,2100,90,50,1,97,8,176.0,186.76946548537506
8,38,2100,70,46,1,61,17,182.0,187.17819913835393
8,38,2100,60,38,0,113,19,418.0,0.0
8,38,2100,70,36,1,157,23,414.0,250.40021129812092
8,38,2100,90,41,0,113,19,440.0,0.0
8,38,2100,80,42,1,83,12,270.0,169.00162518241657
8,38,2100,75,46,1,117,13,436.0,198.59367779816506
8,38,2100,60,50,0,95,6,96.0,0.0
8,38,2100,80,50,1,69,9,138.0,176.522045570608
8,38,2100,85,35,1,75,17,338.0,200.73124598318088
8,38,2100,65,41,1,89,17,328.0,270.5950410378094
8,38,2000,90,42,0,129,13,230.0,0.0
8,38,2000,60,47,1,69,8,134.0,78.12465586861862
8,38,2100,65,42,0,113,13,302.0,0.0
8,38,2100,90,49,0,107,11,178.0,0.0
8,38,2100,85,40,0,103,18,380.0,0.0
8,38,2000,65,39,1,67,13,202.0,221.2281540326796
8,38,2000,85,40,1,43,10,228.0,203.1058518827138
8,38,2000,85,44,0,149,14,288.0,0.0
8,38,2000,60,45,1,91,13,174.0,306.1432602854887
8,38,2000,85,48,0,107,14,296.0,0.0
8,38,2000,70,45,0,121,9,234.0,0.0
8,38,2000,65,50,1,87,11,206.0,190.72086490385408
8,38,2000,65,37,0,77,20,274.0,0.0
8,38,2000,65,40,0,77,12,150.0,0.0
8,38,2000,60,37,1,83,15,300.0,226.96776686987786
8,38,2000,75,37,0,79,15,324.0,0.0
8,38,2000,65,49,0,105,10,254.0,0.0
8,38,2000,85,45,1,55,13,202.0,274.49323535198505
8,38,2000,75,50,1,111,8,270.0,237.25473343076916
8,38,2000,75,37,1,79,18,364.0,247.79019522494812
8,38,2000,90,39,0,143,20,454.0,0.0
8,38,2000,85,41,1,77,13,260.0,273.50358743126196
8,38,2000,80,47,0,139,14,316.0,0.0
8,38,2000,80,48,1,69,10,166.0,264.8757186832895
8,38,2000,65,50,1,69,7,150.0,151.08102208578035
8,38,2000,90,43,0,77,13,322.0,0.0
8,38,2000,75,35,0,67,17,312.0,0.0
8,38,2000,90,35,1,71,16,266.0,141.5662176874458
8,38,2000,90,39,1,69,16,178.0,282.27028016023326
8,38,2000,70,42,0,71,8,232.0,0.0
8,38,2000,75,44,0,71,13,250.0,0.0
8,38,2000,65,43,1,111,11,266.0,95.65208646904222
8,38,2000,85,50,0,89,10,182.0,0.0
8,38,2000,70,41,0,107,16,348.0,0.0
8,38,2000,85,41,1,75,13,264.0,216.72882330726472
8,38,2000,70,42,1,107,20,382.0,277.99189903261805
8,38,2000,75,50,0,89,9,188.0,0.0
8,38,2000,85,43,0,107,14,350.0,0.0
8,38,2000,65,49,1,63,5,84.0,93.95707412575806
8,38,2000,65,50,1,77,10,110.0,227.73980935482257
8,38,1900,85,36,0,119,18,282.0,0.0
8,38,1900,65,36,1,59,11,182.0,112.15879702640167
8,38,2000,70,38,0,75,21,396.0,0.0
8,38,1900,90,36,1,73,16,304.0,251.09375031043527
8,38,2000,60,42,1,91,12,210.0,247.51581745488394
8,38,1900,65,41,0,113,10,190.0,0.0
8,38,2000,90,47,0,113,9,178.0,0.0
8,38,1900,70,35,1,73,21,318.0,291.7151525832094
8,38,1900,80,40,0,99,20,286.0,0.0
8,38,1900,85,42,0,141,14,352.0,0.0
8,38,1900,65,41,1,69,16,234.0,207.3285967719004
8,38,1900,85,50,1,39,8,132.0,197.0496081597693
8,38,1900,75,42,1,63,11,246.0,236.0363126066064
8,38,1900,70,41,0,73,13,256.0,0.0
8,38,1900,85,35,1,67,23,314.0,215.6700942034452
8,38,1900,85,36,1,65,12,246.0,141.2815711238969
8,38,1900,80,41,0,75,4,104.0,0.0
8,38,1900,85,46,1,65,6,138.0,54.877930644686586
8,38,1900,60,37,0,135,14,242.0,0.0
8,38,1900,60,49,0,87,8,198.0,0.0
8,38,1900,60,49,0,57,5,158.0,0.0
8,38,1900,80,35,1,89,30,420.0,323.25121255629983
8,38,1900,65,39,1,75,12,228.0,297.74356524724533
8,38,1900,85,40,1,65,23,288.0,399.2913038009892
8,38,1900,80,41,0,73,13,230.0,0.0
8,38,1900,60,42,1,69,14,208.0,236.14534646884152
8,38,1900,75,46,0,121,13,264.0,0.0
8,38,1900,80,49,0,95,11,264.0,0.0
8,38,1900,90,41,1,71,10,208.0,180.6829861347223
8,38,1900,75,45,0,105,10,232.0,0.0
8,38,1900,85,46,0,73,9,176.0,0.0
8,38,1900,65,48,1,155,7,194.0,242.37592018146867
8,38,1900,65,49,0,95,6,126.0,0.0
8,38,1900,70,48,0,119,10,146.0,0.0
8,38,1900,75,49,1,55,9,168.0,120.7981910423751
8,38,1900,90,43,1,53,7,94.0,123.73457048791644
8,38,1900,75,42,1,59,15,180.0,227.37840019745926
8,38,1900,80,43,0,69,11,198.0,0.0
8,38,1900,60,46,1,37,4,74.0,47.857037404765855
8,38,1900,60,48,0,75,7,190.0,0.0
8,38,1900,60,46,0,107,6,138.0,0.0
8,38,1900,80,48,1,97,13,236.0,366.97890007744246
8,38,1800,65,37,0,127,15,262.0,0.0
8,38,1800,80,41,1,111,11,236.0,169.94514231362453
8,38,1800,65,43,1,75,12,192.0,218.63149762659094
8,38,1900,65,45,0,105,8,196.0,0.0
8,38,1800,85,50,0,63,8,130.0,0.0
8,38,1800,70,47,0,31,4,78.0,0.0
8,38,1800,85,50,1,97,8,130.0,186.76550455775802
8,38,1800,75,36,0,129,18,358.0,0.0
8,38,1800,75,37,1,63,13,196.0,142.06353269079924
8,38,1800,85,37,0,105,18,372.0,0.0
8,38,1800,70,44,1,33,5,94.0,114.32092725779965
8,38,1800,85,43,0,69,5,132.0,0.0
8,38,1800,85,50,1,35,2,56.0,51.81474595197184
8,38,1800,70,49,1,33,4,82.0,53.22400632191403
8,38,1800,90,36,0,127,19,388.0,0.0
8,38,1800,90,35,1,109,12,254.0,182.01817464400924
8,38,1800,80,46,0,61,10,156.0,0.0
8,38,1800,85,47,1,57,14,206.0,211.93324884261293
8,38,1800,75,38,1,99,15,288.0,180.05987228663665
8,38,1800,80,48,0,59,8,120.0,0.0
8,38,1800,75,48,0,35,5,100.0,0.0
8,38,1800,75,35,0,89,16,256.0,0.0
8,38,1800,80,36,1,65,18,230.0,174.1601655252292
8,38,1800,65,38,0,67,15,222.0,0.0
8,38,1800,80,43,1,73,10,172.0,139.0894911908608
8,38,1800,80,46,1,51,9,128.0,101.89764372101341
8,38,1800,90,44,0,95,10,190.0,0.0
8,38,1800,80,48,1,67,7,124.0,188.8873211715139
8,38,1800,70,35,1,85,17,236.0,196.29741562343926
8,38,1800,60,39,0,35,8,184.0,0.0
8,38,1800,60,40,0,53,8,74.0,0.0
8,38,1800,75,42,0,101,12,248.0,0.0
8,38,1800,90,47,0,35,4,132.0,0.0
8,38,1800,70,47,1,71,6,144.0,80.6455811201348
8,38,1800,65,50,1,69,6,130.0,111.39860484659259
8,38,1800,70,36,0,61,13,216.0,0.0
8,38,1800,85,42,1,45,7,112.0,163.93650619498058
8,38,1800,60,44,0,91,7,194.0,0.0
8,38,1700,90,42,1,113,10,204.0,191.54481787307526
8,38,1800,90,45,0,91,10,180.0,0.0
8,38,1800,80,48,1,103,10,168.0,253.38692172823914
8,38,1800,65,49,1,59,12,146.0,93.41555931362312
8,38,1700,80,35,1,47,16,222.0,190.25015848893239
8,38,1700,75,41,0,85,7,172.0,0.0
8,38,1700,65,37,1,69,13,160.0,207.57712548468035
8,38,1700,65,40,0,29,5,102.0,0.0
8,38,1700,80,44,0,65,5,100.0,0.0
8,38,1700,85,46,0,55,5,86.0,0.0
8,38,1700,80,50,1,53,5,86.0,132.27414259762259
8,38,1700,70,40,0,51,9,172.0,0.0
8,38,1700,90,44,1,63,11,172.0,286.98178524873725
8,38,1700,65,45,1,27,2,56.0,29.952598398558397
8,38,1700,60,48,0,61,6,136.0,0.0
8,38,1700,65,49,1,99,5,118.0,67.28972486148503
8,38,1700,90,50,1,57,6,86.0,130.9826512217043
8,38,1700,75,48,0,95,7,122.0,0.0
8,38,1700,90,35,1,63,16,198.0,196.00593849136595
8,38,1700,80,36,0,99,19,306.0,0.0
8,38,1700,85,36,0,95,11,192.0,0.0
8,38,1700,70,40,1,33,4,122.0,36.36331543432548
8,38,1700,70,44,1,67,5,168.0,142.36172385075702
8,38,1700,90,47,0,33,6,96.0,0.0
8,38,1700,90,46,0,63,8,154.0,0.0
8,38,1700,60,36,1,49,9,122.0,72.4239596461149
8,38,1700,75,36,0,129,14,284.0,0.0
8,38,1700,65,36,0,67,9,184.0,0.0
8,38,1700,85,41,0,67,10,208.0,0.0
8,38,1700,80,48,1,59,7,102.0,201.54008659411667
8,38,1700,80,35,0,107,19,288.0,0.0
8,38,1700,80,41,1,73,13,160.0,226.95479469536258
8,38,1700,80,46,1,83,7,98.0,119.24692035762307
8,38,1700,60,41,0,33,4,58.0,0.0
8,38,1700,90,39,1,49,10,172.0,214.65896594717532
8,38,1700,85,40,0,33,7,130.0,0.0
8,38,1700,75,46,1,91,7,92.0,80.19959568793328
8,38,1700,80,50,1,45,11,118.0,233.51053376826826
8,38,1700,90,49,1,57,6,146.0,76.01166845543756
8,38,1700,65,50,0,61,6,92.0,0.0
8,38,1700,60,35,0,57,12,190.0,0.0
8,38,1600,85,39,1,61,12,166.0,242.7079613357969
8,38,1700,70,43,0,97,8,176.0,0.0
8,38,1600,90,50,0,79,10,190.0,0.0
8,38,1600,85,49,1,101,5,134.0,74.92178344464499
8,38,1700,85,44,1,73,14,162.0,270.48845042177896
8,38,1600,75,45,1,31,4,52.0,84.21094007330335
8,38,1600,90,48,0,27,2,56.0,0.0
8,38,1600,80,37,1,55,12,130.0,144.39799712389137
8,38,1600,65,37,0,85,10,180.0,0.0
8,38,1600,85,43,1,53,5,120.0,56.51589158166014
8,38,1600,80,42,1,53,5,54.0,103.02286333060857
8,38,1600,60,47,0,53,6,128.0,0.0
8,38,1600,75,50,0,79,9,132.0,0.0
8,38,1600,75,49,0,135,10,256.0,0.0
8,38,1600,85,46,1,29,3,54.0,59.046505475066375
8,38,1600,85,36,0,91,11,234.0,0.0
8,38,1600,85,38,0,55,5,114.0,0.0
8,38,1600,80,40,0,77,7,156.0,0.0
8,38,1600,65,42,1,87,5,102.0,118.53194759542274
8,38,1600,90,46,1,37,6,90.0,87.2348552456738
8,38,1600,65,47,1,37,6,96.0,54.37219598159675
8,38,1600,70,50,0,71,5,120.0,0.0
8,38,1600,75,41,1,45,5,70.0,67.79091442012452
8,38,1600,60,38,0,45,4,68.0,0.0
8,38,1600,70,42,1,29,7,104.0,132.23577700431963
8,38,1600,60,42,0,83,7,128.0,0.0
8,38,1600,60,46,0,87,8,136.0,0.0
8,38,1600,70,46,0,119,9,196.0,0.0
8,38,1600,90,46,1,61,10,136.0,131.56108423398172
8,38,1600,85,49,1,53,5,74.0,47.94836908366787
8,38,1600,80,46,1,57,8,150.0,166.2872924697293
8,38,1600,65,36,0,91,13,238.0,0.0
8,38,1600,60,39,0,53,7,106.0,0.0
8,38,1600,60,41,0,61,8,86.0,0.0
8,38,1600,70,46,1,57,5,86.0,98.09469359172756
8,38,1600,70,44,1,37,5,88.0,98.77021409503497
8,38,1600,75,45,1,59,6,104.0,124.89919592162086
8,38,1600,90,47,0,29,5,78.0,0.0
8,38,1500,70,37,0,81,9,146.0,0.0
8,38,1500,70,40,1,71,10,116.0,132.31020868657563
8,38,1600,70,43,1,69,9,126.0,91.0603744876352
8,38,1600,75,45,0,81,11,158.0,0.0
8,38,1500,75,39,1,61,10,208.0,250.9126342823837
8,38,1600,90,47,0,83,8,148.0,0.0
8,38,1600,80,48,1,53,9,132.0,177.5752970421626
8,38,1500,65,35,0,79,11,182.0,0.0
8,38,1500,70,36,1,37,13,138.0,140.15061378916417
8,38,1500,65,39,0,85,13,260.0,0.0
8,38,1500,70,43,0,57,7,86.0,0.0
8,38,1500,80,46,1,85,7,86.0,112.93440621142734
8,38,1500,90,45,1,79,6,80.0,87.0539298086061
8,38,1500,70,49,0,29,4,56.0,0.0
8,38,1500,60,35,1,25,3,50.0,36.00680081796101
8,38,1500,60,36,0,93,13,178.0,0.0
8,38,1500,60,40,1,37,10,134.0,98.4916229793992
8,38,1500,60,40,0,53,8,200.0,0.0
8,38,1500,80,49,0,47,5,98.0,0.0
8,38,1500,60,45,1,57,7,136.0,140.42714735274765
8,38,1500,80,49,1,37,3,38.0,36.741857077252746
8,38,1500,70,37,1,31,3,32.0,23.577352450517598
8,38,1500,85,41,1,55,10,148.0,206.78630587442413
8,38,1500,90,42,1,49,9,134.0,130.7167897594105
8,38,1500,90,43,0,87,7,140.0,0.0
8,38,1500,60,48,0,33,4,88.0,0.0
8,38,1500,60,48,0,23,1,24.0,0.0
8,38,1500,85,47,0,45,5,46.0,0.0
8,38,1500,85,36,1,61,15,250.0,144.15628175777152
8,38,1500,75,42,0,85,7,86.0,0.0
8,38,1500,85,45,0,25,4,50.0,0.0
8,38,1500,65,49,1,27,3,56.0,31.661979912607315
8,38,1500,80,43,1,53,7,76.0,120.56958103754017
8,38,1500,75,44,0,71,10,158.0,0.0
8,38,1500,65,50,1,29,2,54.0,64.34076480598705
8,38,1500,80,35,1,87,14,198.0,132.4133212356537
8,38,1500,85,36,0,55,9,164.0,0.0
8,38,1500,90,39,0,69,10,148.0,0.0
8,38,1500,60,36,1,133,8,162.0,91.93158266979128
8,38,1500,80,49,0,53,5,94.0,0.0
8,38,1500,60,41,1,25,1,26.0,27.593817134740917
8,38,1500,80,49,0,81,8,134.0,0.0
8,38,1500,60,37,0,31,6,86.0,0.0
8,37,3000,90,43,1,235,28,648.0,597.4321058524547
8,37,3000,60,46,1,149,26,566.0,408.9806724824661
8,37,3000,90,43,0,163,28,742.0,0.0
8,37,3000,65,44,1,189,30,618.0,832.6621279001421
8,37,3000,65,49,0,151,20,610.0,0.0
8,38,1500,90,48,1,87,9,140.0,218.3122207610353
8,37,3000,70,37,1,75,33,508.0,537.6556600391531
8,37,3000,90,41,0,169,33,682.0,0.0
8,37,3000,85,35,0,165,33,648.0,0.0
8,37,3000,75,36,1,83,34,534.0,565.0486965600595
8,37,3000,65,43,0,175,29,812.0,0.0
8,37,3000,75,43,1,115,26,516.0,414.53546229276054
8,37,3000,75,48,0,153,20,584.0,0.0
8,37,3000,65,36,1,217,37,686.0,546.0203219247471
8,37,3000,70,47,1,97,21,420.0,379.1909365024393
8,37,3000,90,38,0,169,30,616.0,0.0
8,37,3000,85,43,1,153,30,586.0,542.3855168560322
8,37,3000,60,45,0,115,18,478.0,0.0
8,37,3000,70,48,0,161,21,486.0,0.0
8,37,3000,70,47,1,107,32,520.0,582.6127225680219
8,37,3000,85,49,0,167,19,564.0,0.0
8,37,3000,85,39,1,119,33,594.0,542.7066004227053
8,37,3000,60,35,1,165,35,742.0,434.44640792271025
8,37,3000,85,36,0,167,35,638.0,0.0
8,37,3000,80,41,0,171,27,812.0,0.0
8,37,3000,80,40,1,105,34,494.0,575.9375333863564
8,37,3000,65,41,0,161,25,866.0,0.0
8,37,3000,80,42,0,225,29,656.0,0.0
8,37,3000,65,44,1,117,29,574.0,462.14942666663296
8,37,3000,85,39,1,109,35,566.0,661.8392860061979
8,37,3000,85,36,0,215,36,694.0,0.0
8,37,3000,70,40,0,163,31,774.0,0.0
8,37,3000,75,37,1,177,37,694.0,644.5505023143816
8,37,3000,85,46,1,103,28,402.0,515.4415762982527
8,37,3000,90,45,1,171,29,620.0,740.1158413867645
8,37,3000,75,45,0,109,20,542.0,0.0
8,37,2900,70,35,1,87,36,522.0,652.9295293201282
8,37,3000,65,49,0,163,20,530.0,0.0
8,37,3000,85,35,1,113,37,646.0,542.3878553305078
8,37,3000,90,39,1,127,31,476.0,620.2701147612298
8,37,3000,75,50,0,175,22,652.0,0.0
8,37,3000,60,39,0,111,25,594.0,0.0
8,37,2900,90,43,0,149,23,506.0,0.0
8,37,2900,75,37,0,167,32,818.0,0.0
8,37,2900,80,37,0,163,36,784.0,0.0
8,37,2900,80,45,0,149,24,596.0,0.0
8,37,2900,65,45,1,191,22,468.0,329.1319190553072
8,37,2900,75,50,1,101,17,444.0,286.51780585179625
8,37,2900,85,50,1,93,21,394.0,544.6163149888179
8,37,2900,75,47,1,107,23,556.0,291.9792740255497
8,37,2900,70,37,1,109,35,596.0,677.8840917255484
8,37,2900,65,43,0,165,27,700.0,0.0
8,37,2900,75,45,0,161,22,654.0,0.0
8,37,2900,90,47,1,159,24,674.0,519.9478987712304
8,37,2900,60,44,0,111,25,482.0,0.0
8,37,2900,90,44,1,105,30,490.0,554.9595507217291
8,37,2900,65,48,0,199,17,660.0,0.0
8,37,2900,75,35,1,83,36,498.0,574.1311087484335
8,37,2900,90,36,0,155,37,788.0,0.0
8,37,2900,80,46,1,81,27,446.0,415.95717696851625
8,37,2900,70,47,1,165,23,494.0,470.49996102714437
8,37,2900,75,46,1,161,21,632.0,441.19175471852526
8,37,2900,80,39,0,87,25,402.0,0.0
8,37,2900,85,48,0,169,20,606.0,0.0
8,37,2900,60,37,1,171,36,734.0,553.9927634151578
8,37,2900,80,41,1,91,33,490.0,618.6183880309009
8,37,2900,70,42,0,217,23,608.0,0.0
8,37,2900,75,43,0,167,23,686.0,0.0
8,37,2900,65,43,0,161,22,780.0,0.0
8,37,2900,65,42,0,163,23,580.0,0.0
8,37,2900,70,49,1,125,18,342.0,325.0830655366735
8,37,2900,65,36,0,215,33,806.0,0.0
8,37,2900,80,39,1,127,34,560.0,668.9352863455699
8,37,2900,80,36,0,225,35,1002.0,0.0
8,37,2900,70,42,1,181,30,666.0,398.35093337839163
8,37,2900,70,45,1,163,24,538.0,412.1171079082635
8,37,2900,80,45,1,105,21,500.0,538.2590919475297
8,37,2900,90,40,0,111,31,682.0,0.0
8,37,2900,85,43,0,159,32,786.0,0.0
8,37,2900,80,46,0,207,24,566.0,0.0
8,37,2800,60,48,0,161,17,516.0,0.0
8,37,2800,90,49,1,105,23,516.0,421.3571400444693
8,37,2800,80,43,1,161,27,698.0,597.4810940773207
8,37,2900,85,49,1,145,30,610.0,538.9557419050649
8,37,2800,75,47,0,159,20,554.0,0.0
8,37,2800,75,37,0,311,28,868.0,0.0
8,37,2800,90,43,1,97,25,546.0,548.1318506667707
8,37,2800,75,47,0,197,19,534.0,0.0
8,37,2800,60,46,1,107,20,390.0,194.5061532889109
8,37,2800,65,49,0,215,16,546.0,0.0
8,37,2800,85,46,1,125,25,546.0,419.11150837056334
8,37,2800,80,48,1,123,22,442.0,457.77688586832613
8,37,2800,70,37,1,107,33,608.0,689.3042219750544
8,37,2800,65,39,1,147,29,486.0,517.6616924696921
8,37,2800,65,47,0,105,15,376.0,0.0
8,37,2800,60,47,0,147,20,458.0,0.0
8,37,2800,75,43,0,95,19,382.0,0.0
8,37,2800,65,47,0,157,21,618.0,0.0
8,37,2800,70,49,1,89,14,266.0,225.7971168759424
8,37,2800,90,36,1,97,33,444.0,510.7947381326148
8,37,2800,75,36,0,149,34,572.0,0.0
8,37,2800,70,37,1,95,30,602.0,448.3403036051806
8,37,2800,70,39,0,187,29,700.0,0.0
8,37,2800,60,46,1,109,19,436.0,249.85614983547205
8,37,2800,80,47,1,107,23,530.0,374.3209934233722
8,37,2800,65,49,0,109,15,458.0,0.0
8,37,2800,90,35,0,109,29,506.0,0.0
8,37,2800,65,39,1,161,23,576.0,440.5856729018271
8,37,2800,75,41,0,211,27,682.0,0.0
8,37,2800,90,43,1,139,28,506.0,490.80679968475306
8,37,2800,90,47,1,103,28,456.0,505.68022879244717
8,37,2800,85,47,0,105,14,440.0,0.0
8,37,2800,65,50,0,209,18,546.0,0.0
8,37,2800,85,35,1,81,36,446.0,475.2789578005297
8,37,2800,75,37,1,105,31,494.0,518.483646646225
8,37,2800,65,37,0,103,26,554.0,0.0
8,37,2800,85,39,1,105,35,576.0,715.5421533960241
8,37,2800,75,44,0,165,25,562.0,0.0
8,37,2800,90,46,1,71,24,442.0,276.3851754890304
8,37,2800,60,43,0,109,18,496.0,0.0
8,37,2700,70,39,1,101,32,530.0,500.2973966172247
8,37,2700,85,37,0,137,33,642.0,0.0
8,37,2700,65,43,0,149,21,540.0,0.0
8,37,2700,60,47,1,107,15,298.0,230.98778718113547
8,37,2800,85,36,0,151,33,630.0,0.0
8,37,2700,80,48,1,139,19,476.0,476.65330375610995
8,37,2700,90,48,0,205,19,546.0,0.0
8,37,2700,60,36,1,81,33,480.0,443.8392003971535
8,37,2700,80,38,0,199,31,746.0,0.0
8,37,2700,70,40,0,149,23,492.0,0.0
8,37,2700,60,40,0,211,26,772.0,0.0
8,37,2700,90,50,1,105,20,392.0,479.67778921690547
8,37,2700,65,45,1,103,20,372.0,612.5180287649257
8,37,2700,65,46,1,145,26,646.0,433.4693974190382
8,37,2700,65,40,1,125,24,434.0,278.6893011526855
8,37,2700,75,43,1,151,22,554.0,439.58844799374333
8,37,2700,65,40,1,85,23,486.0,387.810764397218
8,37,2700,85,43,0,95,21,478.0,0.0
8,37,2700,85,48,0,255,19,552.0,0.0
8,37,2700,85,37,0,195,30,738.0,0.0
8,37,2700,85,47,0,103,16,400.0,0.0
8,37,2700,70,35,1,89,32,434.0,389.51494223853115
8,37,2700,75,35,0,95,28,464.0,0.0
8,37,2700,80,39,0,139,24,502.0,0.0
8,37,2700,80,40,1,145,29,582.0,459.0906519771941
8,37,2700,90,46,1,109,23,468.0,410.2210847938661
8,37,2700,65,50,0,85,10,272.0,0.0
8,37,2700,75,50,1,153,28,536.0,631.9504478979349
8,37,2700,65,35,0,155,28,714.0,0.0
8,37,2700,85,36,1,93,33,460.0,445.61203469267326
8,37,2700,65,40,1,153,36,620.0,776.5622054715584
8,37,2700,60,41,0,155,15,414.0,0.0
8,37,2700,60,49,0,143,17,482.0,0.0
8,37,2700,85,43,0,155,20,678.0,0.0
8,37,2700,65,47,1,91,19,420.0,292.71250392765813
8,37,2700,75,37,1,119,28,390.0,409.54901957008894
8,37,2700,90,39,0,147,30,608.0,0.0
8,37,2600,85,44,1,145,16,482.0,348.95059608115355
8,37,2700,70,42,1,119,19,466.0,311.1709960587298
8,37,2700,75,43,0,107,18,478.0,0.0
8,37,2700,70,46,1,99,24,490.0,312.5251696898557
8,37,2700,75,50,0,201,20,532.0,0.0
8,37,2600,60,40,1,97,17,312.0,330.30485308131506
8,37,2600,60,41,1,85,17,352.0,341.3618758899686
8,37,2600,80,36,0,135,28,666.0,0.0
8,37,2600,65,44,0,93,16,358.0,0.0
8,37,2600,70,43,0,151,21,418.0,0.0
8,37,2600,75,41,0,249,24,708.0,0.0
8,37,2600,85,47,1,99,19,432.0,297.24326843971465
8,37,2600,80,35,0,153,28,634.0,0.0
8,37,2600,60,36,0,201,27,642.0,0.0
8,37,2600,90,39,1,95,26,380.0,454.4955253716812
8,37,2600,75,42,1,125,21,464.0,362.34577621603705
8,37,2600,80,45,0,151,17,424.0,0.0
8,37,2600,90,46,1,109,21,354.0,276.17620385013134
8,37,2600,60,46,1,149,15,410.0,255.18679988278845
8,37,2600,60,37,0,101,21,448.0,0.0
8,37,2600,80,38,0,203,27,634.0,0.0
8,37,2600,70,40,0,123,21,446.0,0.0
8,37,2600,70,44,1,105,24,504.0,703.2699504307149
8,37,2600,85,48,1,81,18,230.0,398.8724450090569
8,37,2600,70,45,1,101,21,434.0,566.255208246326
8,37,2600,85,45,0,147,20,552.0,0.0
8,37,2600,65,35,0,119,25,556.0,0.0
8,37,2600,90,40,0,147,22,508.0,0.0
8,37,2600,80,41,0,119,26,592.0,0.0
8,37,2600,60,45,1,141,20,482.0,567.8737309533884
8,37,2600,75,43,1,101,22,478.0,441.8469765902764
8,37,2600,70,50,1,99,16,294.0,529.2964530966483
8,37,2600,65,46,1,111,15,372.0,207.03323184287447
8,37,2600,90,35,1,145,30,510.0,529.0104560390505
8,37,2600,70,43,1,127,23,570.0,367.5292954005137
8,37,2600,70,36,1,103,29,538.0,345.8965130760576
8,37,2600,75,38,0,143,27,590.0,0.0
8,37,2600,85,42,0,119,21,442.0,0.0
8,37,2600,65,50,0,87,10,292.0,0.0
8,37,2600,80,46,0,97,17,452.0,0.0
8,37,2500,60,39,1,123,24,386.0,442.5022202269553
8,37,2500,85,40,1,143,21,620.0,275.2095107962821
8,37,2600,80,44,0,153,21,564.0,0.0
8,37,2600,90,40,1,85,25,284.0,320.8958318981025
8,37,2600,75,43,0,195,25,660.0,0.0
8,37,2600,70,47,1,95,23,462.0,430.3309231780762
8,37,2500,90,46,0,93,18,264.0,0.0
8,37,2500,80,36,1,95,30,538.0,438.9661965566322
8,37,2500,60,37,0,111,18,450.0,0.0
8,37,2500,65,41,1,93,22,330.0,444.27590657350225
8,37,2500,70,47,1,121,16,320.0,219.55697567692184
8,37,2500,75,50,0,141,13,382.0,0.0
8,37,2500,70,49,0,145,14,472.0,0.0
8,37,2500,80,37,0,147,26,506.0,0.0
8,37,2500,75,38,0,139,30,646.0,0.0
8,37,2500,60,36,1,95,30,470.0,414.5522885645903
8,37,2500,80,37,0,145,25,600.0,0.0
8,37,2500,60,38,0,179,23,586.0,0.0
8,37,2500,80,46,1,93,14,366.0,180.77204625620274
8,37,2500,85,50,1,119,17,434.0,385.8202851872306
8,37,2500,65,48,1,95,11,242.0,337.2949522694428
8,37,2500,90,36,1,97,34,440.0,412.93747416312675
8,37,2500,90,35,0,141,30,728.0,0.0
8,37,2500,75,42,0,97,15,358.0,0.0
8,37,2500,60,42,0,131,23,540.0,0.0
8,37,2500,65,47,1,95,16,432.0,211.5282287917728
8,37,2500,85,40,1,81,22,300.0,507.2468772523821
8,37,2500,70,47,0,87,14,328.0,0.0
8,37,2500,90,36,0,97,26,532.0,0.0
8,37,2500,75,40,1,99,27,488.0,402.8495202548929
8,37,2500,85,37,0,127,22,438.0,0.0
8,37,2500,80,44,1,135,14,358.0,330.07309768694944
8,37,2500,90,49,1,131,19,368.0,262.6985902876878
8,37,2500,65,47,1,95,13,362.0,182.20422125629713
8,37,2500,85,41,0,149,25,610.0,0.0
8,37,2500,60,40,1,97,11,246.0,208.44173650013832
8,37,2500,90,39,0,119,25,466.0,0.0
8,37,2500,90,45,1,131,18,372.0,335.9520887445643
8,37,2500,90,41,0,135,23,536.0,0.0
8,37,2500,75,48,1,135,18,302.0,284.7157754208492
8,37,2500,60,44,0,135,21,572.0,0.0
8,37,2500,90,50,0,87,14,346.0,0.0
8,37,2400,90,35,1,101,34,476.0,643.5101106083761
8,37,2400,75,37,1,131,26,378.0,339.72733008478764
8,37,2500,70,39,1,107,24,486.0,496.39360284391364
8,37,2500,65,43,0,129,16,372.0,0.0
8,37,2400,70,42,1,63,17,286.0,242.70289833860463
8,37,2400,85,44,0,139,17,388.0,0.0
8,37,2400,85,46,0,111,17,370.0,0.0
8,37,2400,85,37,0,135,23,444.0,0.0
8,37,2400,90,36,0,137,29,746.0,0.0
8,37,2400,85,35,1,89,29,382.0,362.2216661518783
8,37,2400,85,41,0,179,23,558.0,0.0
8,37,2400,70,46,0,77,11,286.0,0.0
8,37,2400,65,45,1,81,8,236.0,154.39184412007717
8,37,2400,85,48,1,103,19,438.0,406.5336060189356
8,37,2400,90,38,1,91,27,368.0,373.87261915683894
8,37,2400,60,37,1,181,17,466.0,241.29668914964378
8,37,2400,90,40,1,163,24,534.0,339.5701662725114
8,37,2400,75,41,0,131,18,442.0,0.0
8,37,2400,75,43,1,89,21,328.0,357.1270437736571
8,37,2400,75,50,0,189,17,486.0,0.0
8,37,2400,75,49,0,169,16,424.0,0.0
8,37,2400,60,42,0,139,17,456.0,0.0
8,37,2400,70,37,1,127,24,460.0,467.8383355498339
8,37,2400,70,35,0,87,23,454.0,0.0
8,37,2400,85,41,1,129,26,596.0,436.8163098383044
8,37,2400,65,40,1,125,16,358.0,213.46572006403346
8,37,2400,80,48,0,89,11,342.0,0.0
8,37,2400,70,45,0,137,12,318.0,0.0
8,37,2400,90,38,1,143,24,602.0,437.0127157837797
8,37,2400,75,41,1,87,27,402.0,458.01948693769504
8,37,2400,65,39,0,135,21,508.0,0.0
8,37,2400,85,41,0,139,20,516.0,0.0
8,37,2400,80,44,0,87,15,346.0,0.0
8,37,2400,90,42,1,143,22,414.0,280.0292209185027
8,37,2400,85,43,1,103,24,416.0,344.815275134246
8,37,2400,70,42,0,133,18,528.0,0.0
8,37,2400,65,43,0,85,11,286.0,0.0
8,37,2400,70,44,0,115,10,270.0,0.0
8,37,2400,75,47,1,89,11,348.0,187.04379269471292
8,37,2400,90,48,0,85,16,344.0,0.0
8,37,2400,90,47,1,89,22,332.0,376.4939290281961
8,37,2400,90,50,1,77,16,224.0,297.84895678665697
8,37,2300,75,39,0,87,15,340.0,0.0
8,37,2300,60,44,1,89,9,222.0,204.61264588503252
8,37,2300,80,45,1,89,18,326.0,390.51851773338296
8,37,2300,80,45,1,81,23,286.0,393.9208446035794
8,37,2300,85,50,1,125,8,282.0,197.36457423172985
8,37,2300,80,48,0,121,8,272.0,0.0
8,37,2300,65,50,0,125,13,412.0,0.0
8,37,2300,60,36,0,177,26,622.0,0.0
8,37,2300,75,39,1,89,21,382.0,434.48724786809305
8,37,2300,70,39,0,187,16,388.0,0.0
8,37,2300,80,42,1,77,14,230.0,143.34014416976981
8,37,2300,60,45,0,45,8,156.0,0.0
8,37,2300,85,46,0,91,15,300.0,0.0
8,37,2300,65,49,1,87,10,174.0,116.3654612680175
8,37,2300,80,35,1,91,27,450.0,456.80989329183706
8,37,2300,65,35,0,129,20,432.0,0.0
8,37,2300,80,42,1,77,16,260.0,249.68850587871353
8,37,2300,65,44,0,125,14,290.0,0.0
8,37,2300,70,46,1,83,23,390.0,378.96781684967715
8,37,2300,70,46,0,125,19,482.0,0.0
8,37,2300,65,50,1,131,16,334.0,378.9189451081548
8,37,2300,70,35,0,109,22,414.0,0.0
8,37,2300,75,38,0,123,20,450.0,0.0
8,37,2300,75,44,1,85,16,296.0,360.8364300614919
8,37,2300,85,48,1,63,15,200.0,431.862529392473
8,37,2300,60,47,0,87,13,286.0,0.0
8,37,2300,60,50,0,119,12,254.0,0.0
8,37,2300,80,48,1,83,11,308.0,347.5987464447738
8,37,2300,90,35,0,131,28,602.0,0.0
8,37,2300,85,41,1,69,18,252.0,341.18565456848904
8,37,2300,65,39,0,171,19,496.0,0.0
8,37,2300,80,45,0,125,18,386.0,0.0
8,37,2300,90,44,1,125,18,402.0,435.3188133603361
8,37,2300,80,50,1,81,12,256.0,363.26997293065665
8,37,2300,70,50,1,89,12,252.0,221.89787883819807
8,37,2300,75,36,1,75,27,338.0,428.0059624248253
8,37,2300,80,35,1,79,31,352.0,355.4251320488772
8,37,2300,75,41,0,213,22,570.0,0.0
8,37,2300,70,40,0,119,23,524.0,0.0
8,37,2200,65,40,0,83,15,256.0,0.0
8,37,2200,75,48,1,81,15,202.0,355.96553231609994
8,37,2300,75,49,0,125,18,418.0,0.0
8,37,2200,80,35,1,125,25,376.0,346.62425529703256
8,37,2200,70,35,0,87,19,370.0,0.0
8,37,2200,75,36,1,103,20,282.0,254.4908171087021
8,37,2200,65,40,1,119,22,342.0,218.91792517899722
8,37,2200,90,37,0,107,27,422.0,0.0
8,37,2200,90,42,1,121,22,388.0,402.2873100287038
8,37,2200,80,49,0,69,9,138.0,0.0
8,37,2200,70,36,0,85,18,472.0,0.0
8,37,2200,70,40,0,139,23,456.0,0.0
8,37,2200,90,37,1,87,27,448.0,378.6412909510061
8,37,2200,70,45,1,77,16,202.0,397.1947538341159
8,37,2200,80,44,0,117,15,376.0,0.0
8,37,2200,70,50,1,99,17,264.0,402.11434047112476
8,37,2200,75,48,1,73,9,186.0,276.77186085614267
8,37,2200,90,49,0,81,10,230.0,0.0
8,37,2200,85,43,0,85,15,344.0,0.0
8,37,2200,80,38,1,81,24,320.0,508.16355325808604
8,37,2200,65,38,1,115,9,228.0,127.52695015643964
8,37,2200,85,39,0,83,14,280.0,0.0
8,37,2200,70,41,0,83,21,426.0,0.0
8,37,2200,65,47,1,79,10,234.0,88.61504217984341
8,37,2200,80,46,1,57,11,190.0,124.73155513331365
8,37,2200,65,48,0,99,9,240.0,0.0
8,37,2200,60,37,1,87,18,374.0,314.094639651997
8,37,2200,60,36,1,87,17,366.0,190.78815788345517
8,37,2200,90,42,0,123,23,456.0,0.0
8,37,2200,75,47,0,79,15,290.0,0.0
8,37,2200,85,47,0,113,12,302.0,0.0
8,37,2200,70,47,0,167,11,254.0,0.0
8,37,2200,65,47,1,65,14,210.0,171.03089806876824
8,37,2200,70,35,0,119,16,396.0,0.0
8,37,2200,90,43,0,115,19,358.0,0.0
8,37,2200,60,40,1,155,12,378.0,129.9364186631096
8,37,2200,80,49,0,153,17,370.0,0.0
8,37,2200,65,48,1,65,6,168.0,113.41827242299598
8,37,2200,60,48,1,79,10,192.0,268.92473029745594
8,37,2200,60,50,1,81,5,150.0,101.07089846396592
8,37,2200,60,35,0,123,17,402.0,0.0
8,37,2100,80,35,0,163,21,410.0,0.0
8,37,2100,85,36,0,79,15,290.0,0.0
8,37,2100,65,40,1,105,14,200.0,163.5440785991887
8,37,2100,60,41,1,89,17,228.0,348.1139368231127
8,37,2100,90,43,1,101,7,202.0,88.39562057325521
8,37,2100,65,45,1,63,8,104.0,180.24580608400464
8,37,2100,65,49,0,79,7,186.0,0.0
8,37,2100,80,45,0,81,12,262.0,0.0
8,37,2100,65,36,1,103,26,440.0,278.69808317764296
8,37,2100,85,38,0,79,18,432.0,0.0
8,37,2100,60,42,1,85,13,212.0,229.85651882228694
8,37,2100,70,48,0,141,10,256.0,0.0
8,37,2100,90,48,1,69,13,234.0,371.11319987055913
8,37,2100,85,44,0,115,12,296.0,0.0
8,37,2100,80,37,0,123,25,418.0,0.0
8,37,2100,90,37,1,83,24,424.0,475.87394798102105
8,37,2100,60,42,0,75,13,222.0,0.0
8,37,2100,70,41,1,77,16,216.0,303.5486855778557
8,37,2100,65,45,1,59,12,176.0,244.63804391375237
8,37,2100,75,46,0,95,12,246.0,0.0
8,37,2100,60,35,1,85,19,352.0,231.639468127109
8,37,2100,65,35,1,61,27,292.0,422.88735115450476
8,37,2100,90,39,0,165,27,606.0,0.0
8,37,2100,80,40,1,97,21,318.0,338.11605384322337
8,37,2100,90,39,0,125,21,414.0,0.0
8,37,2100,90,45,1,87,13,182.0,301.9900870286123
8,37,2100,70,49,0,81,10,178.0,0.0
8,37,2100,85,48,0,111,13,260.0,0.0
8,37,2100,70,39,1,63,15,258.0,373.3490607635018
8,37,2100,90,45,1,91,14,224.0,270.2384919904336
8,37,2100,85,46,0,81,13,302.0,0.0
8,37,2100,85,48,0,83,9,160.0,0.0
8,37,2100,85,40,0,107,12,336.0,0.0
8,37,2100,85,41,1,69,15,226.0,263.54051280440103
8,37,2100,70,50,1,77,8,102.0,209.01031901396237
8,37,2100,75,39,1,135,17,430.0,327.8486891606117
8,37,2000,90,37,0,113,21,380.0,0.0
8,37,2100,65,41,0,109,15,270.0,0.0
8,37,2000,75,41,1,79,15,272.0,282.5105826267726
8,37,2100,70,39,0,99,20,362.0,0.0
8,37,2100,75,44,0,103,16,370.0,0.0
8,37,2100,70,49,1,99,12,212.0,215.31965300105577
8,37,2000,90,35,1,67,20,284.0,230.29815207928306
8,37,2000,60,35,1,67,16,270.0,181.58189985002332
8,37,2000,80,36,1,75,23,336.0,237.87294018517196
8,37,2000,75,40,0,75,11,314.0,0.0
8,37,2000,65,36,0,97,19,360.0,0.0
8,37,2000,85,42,1,125,14,210.0,254.3104457381516
8,37,2000,65,43,0,113,15,296.0,0.0
8,37,2000,75,35,0,77,20,382.0,0.0
8,37,2000,60,36,1,73,13,232.0,155.9017218192691
8,37,2000,65,45,0,67,10,210.0,0.0
8,37,2000,85,42,1,67,12,274.0,250.1147212002325
8,37,2000,65,43,1,87,19,318.0,320.12934271809695
8,37,2000,75,38,0,143,12,326.0,0.0
8,37,2000,90,50,0,99,11,212.0,0.0
8,37,2000,90,38,1,105,20,310.0,325.2052063787654
8,37,2000,60,40,0,109,12,250.0,0.0
8,37,2000,80,47,1,71,6,110.0,81.20275747507092
8,37,2000,70,46,0,71,5,114.0,0.0
8,37,2000,90,39,0,111,18,370.0,0.0
8,37,2000,90,49,1,61,13,178.0,144.54464236704374
8,37,2000,70,49,1,97,10,262.0,120.38444488382753
8,37,2000,65,50,0,91,3,92.0,0.0
8,37,2000,80,50,1,77,11,316.0,289.6262073051718
8,37,2000,65,43,1,133,10,244.0,141.82676111065712
8,37,2000,65,38,0,107,15,372.0,0.0
8,37,2000,70,48,0,41,6,150.0,0.0
8,37,2000,90,41,0,155,12,322.0,0.0
8,37,2000,90,42,1,75,10,172.0,135.06580986121793
8,37,2000,75,42,1,67,20,304.0,370.2958361579361
8,37,2000,85,50,1,63,6,100.0,116.25999602872922
8,37,2000,60,50,0,75,10,186.0,0.0
8,37,2000,60,45,0,63,9,192.0,0.0
8,37,2000,75,40,1,65,14,192.0,226.96627611648276
8,37,2000,70,41,0,75,14,190.0,0.0
8,37,2000,70,41,1,51,11,124.0,211.95427736886478
8,37,2000,60,43,0,121,6,122.0,0.0
8,37,2000,75,49,1,75,8,174.0,96.82949440811011
8,37,1900,60,48,1,37,3,74.0,43.00097717653072
8,37,2000,85,50,0,39,6,136.0,0.0
8,37,1900,90,35,1,71,26,314.0,278.3787588314131
8,37,1900,70,41,0,97,8,232.0,0.0
8,37,1900,70,44,0,63,5,100.0,0.0
8,37,1900,75,47,0,119,11,226.0,0.0
8,37,1900,65,45,1,85,9,154.0,168.36165337293517
8,37,1900,80,50,0,101,11,214.0,0.0
8,37,1900,85,50,1,99,12,182.0,331.77752203339816
8,37,1900,85,37,1,101,22,334.0,244.61768102250767
8,37,1900,70,39,1,63,9,186.0,287.0960113713862
8,37,1900,65,37,0,75,9,184.0,0.0
8,37,1900,80,39,1,93,15,256.0,334.4621827981066
8,37,1900,65,38,1,71,5,134.0,90.87698204446558
8,37,1900,65,50,0,37,2,64.0,0.0
8,37,1900,90,44,0,61,6,112.0,0.0
8,37,1900,65,37,0,75,15,284.0,0.0
8,37,1900,85,36,1,93,22,376.0,227.10512379090986
8,37,1900,90,45,0,59,6,132.0,0.0
8,37,1900,75,48,1,61,6,62.0,194.49540269704576
8,37,1900,75,49,0,63,4,124.0,0.0
8,37,1900,70,49,0,59,6,134.0,0.0
8,37,1900,60,48,1,55,9,128.0,286.2173795589617
8,37,1900,90,36,0,105,18,390.0,0.0
8,37,1900,90,39,0,71,12,236.0,0.0
8,37,1900,85,41,0,73,5,146.0,0.0
8,37,1900,90,36,1,67,15,282.0,174.55891367406136
8,37,1900,65,44,1,37,8,116.0,188.29478894798692
8,37,1900,80,45,1,45,11,210.0,255.25608404582871
8,37,1900,70,41,1,81,10,202.0,166.38251746466455
8,37,1900,65,39,0,69,14,192.0,0.0
8,37,1900,80,40,1,79,17,234.0,261.90345635911
8,37,1900,80,41,1,107,8,164.0,111.50237631670478
8,37,1900,60,35,0,67,15,272.0,0.0
8,37,1900,60,50,0,73,5,100.0,0.0
8,37,1900,65,42,0,67,7,172.0,0.0
8,37,1900,70,50,1,67,5,126.0,83.66269590459841
8,37,1900,65,36,1,63,13,160.0,121.27005320213807
8,37,1900,65,35,0,129,19,404.0,0.0
8,37,1800,75,40,1,51,16,180.0,230.38335741483422
8,37,1900,75,40,1,45,10,124.0,127.00546913934473
8,37,1800,85,48,1,47,5,48.0,112.08980898257809
8,37,1900,70,46,0,111,11,240.0,0.0
8,37,1800,65,44,0,35,6,56.0,0.0
8,37,1800,80,35,0,167,13,294.0,0.0
8,37,1800,80,37,1,81,20,246.0,284.7462452474809
8,37,1800,75,43,0,69,8,208.0,0.0
8,37,1800,60,40,1,67,13,242.0,230.39394477824945
8,37,1800,90,44,0,123,9,150.0,0.0
8,37,1800,90,45,0,99,10,196.0,0.0
8,37,1800,70,48,1,49,4,76.0,85.50274984354628
8,37,1800,70,37,0,121,14,300.0,0.0
8,37,1800,65,40,1,61,9,130.0,117.84383609729039
8,37,1800,60,40,1,49,7,114.0,83.36479646773758
8,37,1800,60,43,1,65,8,144.0,101.98163792107023
8,37,1800,65,46,1,75,7,108.0,107.09213217482673
8,37,1800,65,49,0,35,4,86.0,0.0
8,37,1800,80,48,0,161,11,224.0,0.0
8,37,1800,60,38,0,99,11,188.0,0.0
8,37,1800,65,37,0,129,10,156.0,0.0
8,37,1800,80,41,1,67,10,180.0,185.1882187889556
8,37,1800,70,42,1,61,6,62.0,106.77413414824272
8,37,1800,60,50,1,61,5,62.0,104.06997708792989
8,37,1800,85,46,0,63,9,168.0,0.0
8,37,1800,70,48,0,61,8,162.0,0.0
8,37,1800,85,38,1,65,11,220.0,148.45194331104662
8,37,1800,70,41,1,65,7,132.0,139.58376136693138
8,37,1800,60,41,0,69,9,132.0,0.0
8,37,1800,85,41,0,87,8,172.0,0.0
8,37,1800,70,44,1,63,11,188.0,288.48289848288067
8,37,1800,85,49,0,67,10,156.0,0.0
8,37,1800,90,49,1,87,10,186.0,127.95498348523248
8,37,1800,60,35,1,49,20,242.0,333.1570864923506
8,37,1800,90,36,0,101,16,264.0,0.0
8,37,1800,90,37,0,87,14,310.0,0.0
8,37,1800,65,36,0,93,8,234.0,0.0
8,37,1800,90,37,0,71,14,226.0,0.0
8,37,1800,90,41,1,65,11,186.0,194.58208007776497
8,37,1800,60,50,1,53,5,116.0,126.15222088678674
8,37,1700,60,36,1,55,9,130.0,62.95365819379822
8,37,1800,80,38,1,67,18,232.0,226.92508664992454
8,37,1700,70,41,0,57,10,140.0,0.0
8,37,1700,80,42,1,63,9,106.0,178.49074771122085
8,37,1700,65,45,0,87,8,150.0,0.0
8,37,1700,60,48,1,53,7,120.0,192.9709804862631
8,37,1800,65,48,0,29,3,60.0,0.0
8,37,1700,65,37,1,43,15,178.0,216.58709859070922
8,37,1700,80,41,0,51,8,202.0,0.0
8,37,1700,80,40,1,43,15,158.0,221.31257546179114
8,37,1700,80,40,0,99,13,220.0,0.0
8,37,1700,90,47,0,65,8,94.0,0.0
8,37,1700,75,49,0,111,7,162.0,0.0
8,37,1700,75,45,1,87,6,164.0,158.00194465772068
8,37,1700,65,36,1,129,14,218.0,93.48574144482436
8,37,1700,75,37,0,89,13,200.0,0.0
8,37,1700,80,43,1,45,6,80.0,99.99726828503597
8,37,1700,90,39,1,67,13,198.0,301.9716578466899
8,37,1700,65,44,0,65,7,132.0,0.0
8,37,1700,65,44,1,73,5,74.0,102.3927231377802
8,37,1700,75,50,0,93,8,168.0,0.0
8,37,1700,60,35,0,87,12,216.0,0.0
8,37,1700,70,35,1,105,16,308.0,147.79542478464262
8,37,1700,60,36,1,47,11,120.0,116.44092658570827
8,37,1700,60,38,1,55,12,176.0,123.31434794033056
8,37,1700,60,41,0,53,5,118.0,0.0
8,37,1700,90,46,0,49,7,110.0,0.0
8,37,1700,60,47,0,117,13,256.0,0.0
8,37,1700,60,40,1,99,6,122.0,94.00101930054711
8,37,1700,80,46,0,61,13,146.0,0.0
8,37,1700,90,45,1,63,11,216.0,229.49301092122184
8,37,1700,60,49,0,27,3,66.0,0.0
8,37,1700,85,46,0,33,3,64.0,0.0
8,37,1700,90,45,1,85,6,160.0,125.69295766454331
8,37,1700,85,43,1,33,7,130.0,114.45972388549814
8,37,1700,60,36,0,115,13,250.0,0.0
8,37,1700,65,46,0,49,5,80.0,0.0
8,37,1700,70,40,1,101,15,246.0,197.57068034502453
8,37,1700,90,50,0,57,6,104.0,0.0
8,37,1700,90,50,0,59,3,60.0,0.0
8,37,1700,90,49,1,61,10,202.0,136.44591127631446
8,37,1700,90,50,1,33,4,88.0,119.18892456292714
8,37,1600,80,37,0,81,12,194.0,0.0
8,37,1600,80,42,0,77,7,160.0,0.0
8,37,1600,85,35,1,111,21,314.0,239.58570380423495
8,37,1600,70,41,0,67,9,126.0,0.0
8,37,1600,75,43,1,57,7,132.0,103.49205271115801
8,37,1600,60,44,1,55,7,120.0,157.66208787338277
8,37,1600,60,50,1,53,9,166.0,194.6449486867921
8,37,1600,75,37,0,99,7,126.0,0.0
8,37,1600,60,44,1,53,5,82.0,143.03360950038228
8,37,1600,80,39,1,59,14,220.0,343.09388041777447
8,37,1600,90,39,1,59,13,166.0,269.54367224768674
8,37,1600,85,46,0,61,7,94.0,0.0
8,37,1600,85,47,0,31,4,84.0,0.0
8,37,1600,70,50,0,115,6,116.0,0.0
8,37,1600,85,36,1,85,11,212.0,117.29748660196215
8,37,1600,85,42,1,59,12,132.0,176.73671736860436
8,37,1600,70,41,0,75,5,96.0,0.0
8,37,1600,65,41,0,143,12,258.0,0.0
8,37,1600,75,46,0,91,10,170.0,0.0
8,37,1600,70,46,1,61,8,116.0,97.73369858812289
8,37,1600,60,47,1,75,6,98.0,84.76883091752518
8,37,1600,75,36,1,151,18,344.0,138.32416214083415
8,37,1600,90,35,1,71,13,156.0,141.0253060453939
8,37,1600,90,41,0,73,11,130.0,0.0
8,37,1600,60,39,0,49,6,110.0,0.0
8,37,1600,60,47,0,61,6,142.0,0.0
8,37,1600,75,49,1,31,3,32.0,32.98558811325792
8,37,1600,65,46,0,29,4,84.0,0.0
8,37,1600,85,35,1,57,15,178.0,199.75758076998736
8,37,1600,80,42,1,65,12,144.0,215.86825519513587
8,37,1600,60,47,0,105,8,162.0,0.0
8,37,1600,60,38,1,101,12,216.0,155.93230621338364
8,37,1600,65,43,0,93,9,208.0,0.0
8,37,1600,85,48,0,59,10,118.0,0.0
8,37,1600,90,49,1,57,6,84.0,71.52137786889008
8,37,1600,90,35,0,57,15,206.0,0.0
8,37,1500,90,41,1,49,8,138.0,145.14004681723486
8,37,1600,90,41,1,85,8,146.0,144.18992115697864
8,37,1600,85,49,0,31,5,62.0,0.0
8,37,1600,90,45,0,49,7,126.0,0.0
8,37,1600,75,48,1,41,4,66.0,97.74279779647648
8,37,1500,80,49,0,57,5,82.0,0.0
8,37,1500,75,36,0,55,8,152.0,0.0
8,37,1500,75,39,0,55,13,186.0,0.0
8,37,1500,80,39,0,87,10,180.0,0.0
8,37,1500,70,41,1,57,7,58.0,95.71926957467493
8,37,1500,90,39,1,37,8,66.0,117.1778798537809
8,37,1500,65,44,1,81,11,172.0,282.40363011842743
8,37,1500,85,47,1,39,6,92.0,102.42140910301053
8,37,1500,75,37,0,23,1,24.0,0.0
8,37,1500,90,38,0,131,13,208.0,0.0
8,37,1500,85,39,0,53,8,110.0,0.0
8,37,1500,85,35,1,45,19,174.0,226.98243473217002
8,37,1500,80,42,0,49,8,78.0,0.0
8,37,1500,85,37,1,41,7,100.0,121.25394381837111
8,37,1500,70,47,1,29,1,30.0,0.0
8,37,1500,75,37,0,75,8,130.0,0.0
8,37,1500,70,40,0,83,10,186.0,0.0
8,37,1500,70,42,1,29,4,44.0,68.3518086985163
8,37,1500,85,48,1,45,4,100.0,142.1074520290252
8,37,1500,80,46,1,103,9,132.0,96.70718898941956
8,37,1500,90,47,0,109,7,110.0,0.0
8,37,1500,65,46,1,53,7,76.0,75.03764749068648
8,37,1500,70,36,1,47,8,118.0,55.466566295636646
8,37,1500,65,43,1,63,9,94.0,74.11111948526724
8,37,1500,80,42,0,77,11,186.0,0.0
8,37,1500,60,43,0,29,2,58.0,0.0
8,37,1500,80,45,1,53,7,104.0,115.73500637602233
8,37,1500,85,40,0,27,4,50.0,0.0
8,37,1500,85,48,0,51,5,102.0,0.0
8,37,1500,85,35,1,57,8,132.0,77.22463385511851
8,37,1500,60,35,0,53,6,140.0,0.0
8,37,1500,65,41,1,55,8,142.0,164.15617512812247
8,37,1500,75,47,1,39,5,40.0,63.08267267466624
8,37,1500,65,46,1,73,10,152.0,95.85060147099763
8,37,1500,85,47,0,107,8,160.0,0.0
8,37,1500,85,50,0,23,4,44.0,0.0
8,37,1500,85,39,0,29,6,104.0,0.0
8,36,3000,60,44,0,101,22,540.0,0.0
8,37,1500,85,46,1,95,8,146.0,141.8958102779846
8,37,1500,65,50,0,27,4,46.0,0.0
8,36,3000,80,44,0,163,22,518.0,0.0
8,36,3000,80,48,1,153,19,548.0,372.33204882870155
8,36,3000,65,45,1,127,25,506.0,697.2672964221451
8,36,3000,60,35,1,103,28,442.0,370.5635197069207
8,36,3000,60,36,0,167,32,720.0,0.0
8,36,3000,65,42,0,117,29,628.0,0.0
8,36,3000,80,42,1,99,23,540.0,555.7923525659082
8,36,3000,65,43,1,77,19,392.0,324.0413775981388
8,36,3000,70,47,0,115,20,496.0,0.0
8,36,3000,75,47,1,167,22,506.0,405.5999813629992
8,36,3000,60,35,1,109,30,532.0,462.9687227612414
8,36,3000,85,38,0,221,34,800.0,0.0
8,36,3000,60,43,0,339,28,942.0,0.0
8,36,3000,80,46,1,173,21,412.0,344.789350772462
8,36,3000,65,41,0,291,25,846.0,0.0
8,36,3000,60,47,0,115,16,510.0,0.0
8,36,3000,85,50,1,125,19,496.0,512.4243551686062
8,36,3000,90,41,1,235,31,600.0,691.3924407401926
8,36,3000,90,43,0,115,27,580.0,0.0
8,36,3000,80,43,1,93,27,484.0,582.0978461144856
8,36,3000,90,47,0,167,19,682.0,0.0
8,36,3000,75,49,1,225,18,564.0,235.7815871290491
8,36,3000,90,49,1,113,17,554.0,289.41157575120076
8,36,3000,80,49,0,175,20,578.0,0.0
8,36,3000,80,36,0,155,34,638.0,0.0
8,36,3000,75,41,0,173,30,698.0,0.0
8,36,3000,90,36,1,105,34,490.0,405.9952813894551
8,36,3000,75,41,0,163,31,658.0,0.0
8,36,3000,80,41,0,211,32,728.0,0.0
8,36,3000,90,45,1,169,30,606.0,645.252524510116
8,36,3000,85,50,1,111,24,496.0,603.6749185529865
8,36,3000,75,38,1,119,30,694.0,533.036687645182
8,36,3000,65,41,0,275,29,818.0,0.0
8,36,3000,65,43,0,111,25,630.0,0.0
8,36,3000,70,47,0,157,24,552.0,0.0
8,36,3000,60,46,1,109,23,514.0,374.8657318503562
8,36,3000,65,44,1,123,28,584.0,542.497836766504
8,36,3000,80,39,1,117,29,664.0,662.5039078200175
8,36,2900,80,37,0,155,29,590.0,0.0
8,36,2900,70,41,0,159,29,736.0,0.0
8,36,2900,65,44,1,105,22,504.0,335.95240151102655
8,36,3000,70,48,0,111,16,528.0,0.0
8,36,2900,90,48,1,65,24,362.0,455.223857184812
8,36,2900,75,50,0,151,20,640.0,0.0
8,36,2900,80,45,1,151,25,558.0,562.5423747095197
8,36,2900,75,40,1,115,28,594.0,453.0092538369246
8,36,2900,60,41,0,207,26,854.0,0.0
8,36,2900,85,45,0,147,24,630.0,0.0
8,36,2900,80,45,1,99,28,372.0,563.0130020551674
8,36,2900,80,48,0,161,18,516.0,0.0
8,36,2900,90,45,1,169,24,556.0,581.220928403416
8,36,2900,80,48,1,115,22,594.0,614.9829102461523
8,36,2900,90,38,0,165,31,780.0,0.0
8,36,2900,65,43,1,193,20,484.0,380.30754183080523
8,36,2900,80,43,1,213,20,480.0,413.0664652960038
8,36,2900,90,47,1,99,23,404.0,335.716762836875
8,36,2900,70,47,0,111,17,428.0,0.0
8,36,2900,65,49,0,97,16,498.0,0.0
8,36,2900,80,44,0,217,23,642.0,0.0
8,36,2900,85,36,1,97,34,514.0,589.4073266775875
8,36,2900,65,36,0,113,31,636.0,0.0
8,36,2900,85,37,0,167,33,638.0,0.0
8,36,2900,65,47,1,111,19,434.0,265.03651318868117
8,36,2900,75,42,1,87,24,332.0,303.4688190926578
8,36,2900,60,44,0,165,27,602.0,0.0
8,36,2900,85,48,1,153,23,684.0,478.11589726286024
8,36,2900,70,39,1,141,31,600.0,647.9900805736331
8,36,2900,85,41,1,99,27,522.0,569.3307567201175
8,36,2900,85,47,0,109,26,522.0,0.0
8,36,2900,85,43,1,111,22,512.0,402.11904061842023
8,36,2900,75,49,0,161,18,578.0,0.0
8,36,2900,90,45,0,165,26,758.0,0.0
8,36,2900,70,47,0,161,19,540.0,0.0
8,36,2900,90,36,1,67,35,408.0,445.02230562517036
8,36,2900,65,45,1,97,17,438.0,268.0369271080245
8,36,2800,70,44,1,109,27,506.0,796.0930529955008
8,36,2900,80,45,0,213,18,602.0,0.0
8,36,2900,90,50,0,101,21,444.0,0.0
8,36,2800,85,40,0,111,27,658.0,0.0
8,36,2900,60,46,0,223,19,588.0,0.0
8,36,2900,85,46,1,93,24,430.0,340.1950124687391
8,36,2800,75,35,1,79,35,458.0,589.7336548531391
8,36,2800,65,36,1,203,32,758.0,500.9907822765096
8,36,2800,60,37,1,95,32,464.0,509.14086777563523
8,36,2800,90,38,1,111,34,510.0,690.610694044032
8,36,2800,75,43,0,199,13,412.0,0.0
8,36,2800,85,39,0,165,33,720.0,0.0
8,36,2800,90,46,0,143,14,362.0,0.0
8,36,2800,60,36,0,151,31,622.0,0.0
8,36,2800,85,35,1,93,33,458.0,383.5363526158914
8,36,2800,70,47,1,99,20,440.0,350.6208542870932
8,36,2800,65,47,0,125,19,416.0,0.0
8,36,2800,85,48,1,95,25,380.0,502.0158353207228
8,36,2800,70,49,0,87,12,276.0,0.0
8,36,2800,75,46,0,111,19,404.0,0.0
8,36,2800,90,46,1,107,26,432.0,459.87107699884376
8,36,2800,90,36,1,79,35,490.0,489.74026086559337
8,36,2800,75,36,0,153,26,534.0,0.0
8,36,2800,80,40,1,99,28,488.0,350.92325808201946
8,36,2800,80,44,0,207,21,534.0,0.0
8,36,2800,70,43,0,109,24,540.0,0.0
8,36,2800,70,48,1,73,13,346.0,407.14914798960933
8,36,2800,60,50,0,155,11,294.0,0.0
8,36,2800,85,46,1,119,19,392.0,337.33945003830434
8,36,2800,85,41,1,141,30,592.0,538.6950975334814
8,36,2800,90,44,0,153,24,552.0,0.0
8,36,2800,70,43,1,83,27,436.0,452.52543354297006
8,36,2800,85,45,1,159,30,640.0,539.5845252046527
8,36,2800,65,45,0,155,22,596.0,0.0
8,36,2800,60,50,0,153,16,350.0,0.0
8,36,2800,90,36,0,155,30,552.0,0.0
8,36,2800,90,35,1,75,36,450.0,444.0654333497005
8,36,2800,60,35,1,127,29,426.0,328.85562184649194
8,36,2800,80,39,1,103,30,484.0,592.0246899464033
8,36,2800,65,39,0,103,26,494.0,0.0
8,36,2800,65,43,0,107,22,480.0,0.0
8,36,2800,65,47,0,105,12,398.0,0.0
8,36,2800,90,40,1,107,32,512.0,392.7975079216129
8,36,2800,70,43,0,153,19,528.0,0.0
8,36,2700,85,36,1,87,33,494.0,462.39783093117546
8,36,2700,60,39,1,105,28,456.0,609.7824739701958
8,36,2700,80,47,0,103,16,476.0,0.0
8,36,2700,75,36,0,143,30,538.0,0.0
8,36,2700,85,38,1,127,36,564.0,595.1598507414876
8,36,2700,80,50,0,99,18,388.0,0.0
8,36,2700,85,37,1,111,33,508.0,613.1539375706878
8,36,2700,90,44,0,127,23,512.0,0.0
8,36,2700,65,37,0,103,24,436.0,0.0
8,36,2700,90,48,1,103,21,480.0,531.2040972574646
8,36,2700,60,37,0,153,31,786.0,0.0
8,36,2700,75,41,1,91,24,454.0,409.4196949065254
8,36,2700,90,44,1,85,24,322.0,537.0125820828915
8,36,2700,75,44,1,85,17,358.0,449.9787265527601
8,36,2700,75,50,0,99,18,444.0,0.0
8,36,2700,65,36,0,147,28,590.0,0.0
8,36,2700,70,36,1,131,34,594.0,449.27010131571853
8,36,2700,60,37,1,157,32,548.0,557.4854217422037
8,36,2700,80,39,1,147,24,624.0,572.9002573828342
8,36,2700,75,47,0,147,22,526.0,0.0
8,36,2700,70,46,0,95,19,406.0,0.0
8,36,2700,60,43,0,93,18,402.0,0.0
8,36,2700,85,36,1,83,31,466.0,404.2159778996143
8,36,2700,60,38,1,97,26,462.0,481.0055964565629
8,36,2700,90,41,0,107,27,538.0,0.0
8,36,2700,60,44,1,101,13,314.0,362.56486112995316
8,36,2700,70,37,0,259,25,732.0,0.0
8,36,2700,65,45,1,155,23,542.0,489.5616596233778
8,36,2700,75,46,0,153,22,540.0,0.0
8,36,2700,90,36,1,199,33,570.0,421.8650984471433
8,36,2700,65,35,0,145,29,676.0,0.0
8,36,2700,75,44,0,99,21,462.0,0.0
8,36,2700,80,41,0,153,26,658.0,0.0
8,36,2700,90,37,1,87,29,416.0,408.2132330383294
8,36,2700,65,46,1,149,17,434.0,273.85782060549195
8,36,2700,90,45,0,101,23,540.0,0.0
8,36,2600,60,35,0,125,24,472.0,0.0
8,36,2700,80,36,1,151,33,590.0,545.8677085646286
8,36,2600,65,45,1,99,10,294.0,146.94330086372753
8,36,2700,65,43,0,103,19,488.0,0.0
8,36,2700,85,46,0,147,21,412.0,0.0
8,36,2700,65,49,1,87,11,398.0,181.20749121971355
8,36,2600,85,39,1,97,23,470.0,559.7244589591379
8,36,2600,65,35,1,99,30,536.0,437.30429658360333
8,36,2600,85,40,1,99,24,406.0,343.98027942536015
8,36,2600,85,40,0,145,30,672.0,0.0
8,36,2600,65,48,0,145,10,380.0,0.0
8,36,2600,80,50,0,99,13,306.0,0.0
8,36,2600,90,47,0,131,22,456.0,0.0
8,36,2600,75,43,1,97,17,352.0,405.2766442676916
8,36,2600,75,38,0,145,22,666.0,0.0
8,36,2600,65,38,0,229,22,640.0,0.0
8,36,2600,85,40,1,117,28,566.0,380.60536351375777
8,36,2600,70,43,1,81,27,342.0,532.6908099355385
8,36,2600,65,40,1,145,21,438.0,336.88513182903915
8,36,2600,90,48,1,85,18,328.0,457.185447221968
8,36,2600,75,48,0,133,14,370.0,0.0
8,36,2600,65,35,0,51,25,354.0,0.0
8,36,2600,70,41,0,99,20,418.0,0.0
8,36,2600,70,46,1,111,18,276.0,195.77604726033314
8,36,2600,70,47,1,87,18,352.0,350.9519857935216
8,36,2600,80,49,0,139,16,490.0,0.0
8,36,2600,80,48,1,133,18,360.0,404.1283709528629
8,36,2600,80,48,0,95,19,388.0,0.0
8,36,2600,60,36,1,87,26,400.0,363.45641707250036
8,36,2600,80,39,0,95,21,422.0,0.0
8,36,2600,90,41,0,99,20,456.0,0.0
8,36,2600,65,47,1,99,18,378.0,338.4903452340337
8,36,2600,70,47,1,93,17,316.0,282.4489379279807
8,36,2600,70,43,1,101,22,488.0,353.90066908179085
8,36,2600,85,48,0,149,18,532.0,0.0
8,36,2600,80,37,0,103,21,444.0,0.0
8,36,2600,60,38,1,135,27,468.0,398.385089516184
8,36,2600,60,36,0,123,25,502.0,0.0
8,36,2600,85,40,0,97,20,468.0,0.0
8,36,2600,80,40,1,107,24,454.0,472.7903622244462
8,36,2600,65,38,0,155,25,532.0,0.0
8,36,2600,65,39,1,183,24,572.0,511.8657792090148
8,36,2500,65,42,1,135,19,498.0,332.12062468054137
8,36,2500,85,43,0,133,24,484.0,0.0
8,36,2500,60,36,1,89,25,458.0,263.97576522322424
8,36,2500,70,43,0,121,16,368.0,0.0
8,36,2600,70,50,1,101,14,364.0,428.4350282425211
8,36,2600,70,45,0,137,16,446.0,0.0
8,36,2500,80,47,1,57,16,314.0,209.13818657429607
8,36,2500,90,35,0,137,27,544.0,0.0
8,36,2500,85,36,1,97,28,428.0,282.2257573945804
8,36,2500,85,42,1,87,20,282.0,275.8073502989125
8,36,2500,70,48,0,111,13,306.0,0.0
8,36,2500,85,45,1,81,22,342.0,448.3665854743295
8,36,2500,85,47,0,91,18,444.0,0.0
8,36,2500,85,47,0,179,12,312.0,0.0
8,36,2500,80,37,1,71,26,370.0,376.34729288740317
8,36,2500,75,38,1,89,29,412.0,399.43931822171965
8,36,2500,65,40,0,93,24,362.0,0.0
8,36,2500,65,42,1,85,21,330.0,392.0123944431561
8,36,2500,70,43,0,135,20,412.0,0.0
8,36,2500,85,45,0,95,18,408.0,0.0
8,36,2500,90,45,1,81,22,338.0,514.4919061782086
8,36,2500,70,36,0,141,31,608.0,0.0
8,36,2500,70,38,1,97,11,230.0,123.23637821282762
8,36,2500,70,40,1,89,24,362.0,321.7340551947586
8,36,2500,75,43,0,129,24,558.0,0.0
8,36,2500,85,43,0,91,18,424.0,0.0
8,36,2500,70,47,1,105,16,350.0,213.13823824709525
8,36,2500,65,45,0,209,22,572.0,0.0
8,36,2500,65,36,0,133,26,558.0,0.0
8,36,2500,75,37,1,67,26,324.0,398.71860353710105
8,36,2500,90,38,1,97,28,498.0,475.5160976020281
8,36,2500,75,40,0,113,17,354.0,0.0
8,36,2500,85,39,0,189,25,542.0,0.0
8,36,2500,65,43,1,127,24,412.0,432.05357420952004
8,36,2500,85,48,1,87,18,350.0,514.420345626324
8,36,2500,75,35,0,171,21,538.0,0.0
8,36,2500,90,37,0,135,27,576.0,0.0
8,36,2500,60,40,1,93,23,412.0,338.5709961839155
8,36,2500,90,42,0,185,25,560.0,0.0
8,36,2500,80,47,0,49,15,264.0,0.0
8,36,2500,65,48,1,77,20,284.0,439.81253033171777
8,36,2500,90,47,1,141,11,288.0,169.33378744204484
8,36,2400,80,38,0,133,25,536.0,0.0
8,36,2400,90,41,0,131,24,480.0,0.0
8,36,2400,70,38,1,139,25,548.0,456.4963373793377
8,36,2400,70,44,1,85,17,228.0,255.0492535476636
8,36,2400,85,49,1,77,14,284.0,218.38886940206632
8,36,2400,80,46,0,129,16,410.0,0.0
8,36,2400,60,49,1,85,15,360.0,204.35007972152957
8,36,2400,90,38,1,93,22,382.0,271.53028913575855
8,36,2400,80,39,0,87,18,424.0,0.0
8,36,2400,70,41,0,179,21,518.0,0.0
8,36,2400,65,42,0,125,17,426.0,0.0
8,36,2400,80,49,1,101,17,280.0,238.21709032459526
8,36,2400,75,48,1,59,11,224.0,336.2208786440614
8,36,2400,65,48,0,129,13,384.0,0.0
8,36,2400,85,47,1,119,20,404.0,310.1429758043865
8,36,2400,75,38,1,83,26,448.0,418.49882432927484
8,36,2400,90,42,0,81,12,252.0,0.0
8,36,2400,70,44,1,185,16,316.0,329.79217411867813
8,36,2400,85,43,1,91,19,452.0,429.82752324994345
8,36,2400,85,44,0,81,16,294.0,0.0
8,36,2400,80,48,0,123,12,344.0,0.0
8,36,2400,80,46,0,135,15,420.0,0.0
8,36,2400,65,36,0,135,23,546.0,0.0
8,36,2400,85,38,0,125,23,456.0,0.0
8,36,2400,65,39,1,127,14,332.0,224.75338266730537
8,36,2400,85,46,1,67,18,322.0,264.78343611007506
8,36,2400,65,50,1,129,17,308.0,500.29195564470217
8,36,2400,60,41,1,127,16,398.0,333.2632167015422
8,36,2400,75,49,0,125,19,534.0,0.0
8,36,2400,70,37,0,125,24,552.0,0.0
8,36,2400,75,40,0,135,18,432.0,0.0
8,36,2400,90,41,0,123,20,476.0,0.0
8,36,2400,85,41,1,91,21,460.0,451.64203697211934
8,36,2400,60,43,0,137,12,344.0,0.0
8,36,2400,70,45,1,123,21,358.0,395.43981235625
8,36,2400,75,39,1,227,22,526.0,574.330205543364
8,36,2400,85,38,1,71,25,350.0,431.07586189632326
8,36,2300,90,45,0,133,15,356.0,0.0
8,36,2400,90,45,0,95,11,298.0,0.0
8,36,2300,75,46,1,121,16,338.0,234.13615468044145
8,36,2300,75,41,1,85,21,420.0,505.2285422184832
8,36,2400,65,46,1,125,13,304.0,210.03687850063983
8,36,2400,75,50,0,159,16,414.0,0.0
8,36,2300,75,37,1,85,24,332.0,293.0793524493868
8,36,2300,70,40,0,91,12,288.0,0.0
8,36,2300,60,38,1,119,19,476.0,337.47783516946566
8,36,2300,60,45,0,107,16,356.0,0.0
8,36,2300,80,49,0,81,7,202.0,0.0
8,36,2300,80,49,1,75,8,212.0,98.76385559670611
8,36,2300,90,46,0,129,19,446.0,0.0
8,36,2300,80,35,1,63,27,332.0,376.4579930768172
8,36,2300,60,37,1,81,18,392.0,344.59396834717495
8,36,2300,70,40,1,81,20,288.0,225.73037949229644
8,36,2300,80,40,0,157,19,484.0,0.0
8,36,2300,60,39,1,79,16,384.0,333.33640192740506
8,36,2300,80,46,0,87,17,302.0,0.0
8,36,2300,75,44,0,201,15,422.0,0.0
8,36,2300,60,36,0,131,19,350.0,0.0
8,36,2300,60,37,1,91,17,346.0,200.8081443133557
8,36,2300,85,36,1,133,24,588.0,285.51958840021086
8,36,2300,80,40,1,129,24,354.0,348.4750316675725
8,36,2300,85,44,0,121,19,490.0,0.0
8,36,2300,60,43,0,83,13,262.0,0.0
8,36,2300,60,48,0,117,9,300.0,0.0
8,36,2300,85,37,1,99,25,398.0,351.4293814566611
8,36,2300,70,45,0,129,15,368.0,0.0
8,36,2300,90,48,1,87,19,352.0,447.32180300474784
8,36,2300,60,46,1,85,6,178.0,56.89977228813699
8,36,2300,65,48,0,127,11,252.0,0.0
8,36,2300,75,42,0,85,14,292.0,0.0
8,36,2300,90,50,1,79,19,306.0,427.20778040608025
8,36,2300,80,37,0,89,23,452.0,0.0
8,36,2300,60,43,1,61,15,246.0,253.84438948622983
8,36,2300,80,44,0,77,11,244.0,0.0
8,36,2300,75,45,0,85,15,296.0,0.0
8,36,2300,70,50,0,71,13,230.0,0.0
8,36,2300,75,44,1,87,15,282.0,323.01603909442167
8,36,2300,70,50,1,85,7,204.0,154.95254637387393
8,36,2300,75,38,1,133,19,452.0,237.3941314103545
8,36,2200,60,37,0,129,15,404.0,0.0
8,36,2200,90,44,1,85,15,280.0,347.7940245613916
8,36,2300,65,49,0,81,9,272.0,0.0
8,36,2200,75,50,0,79,6,114.0,0.0
8,36,2200,80,50,1,65,13,200.0,384.4241910097396
8,36,2200,75,46,1,117,11,264.0,139.4237907860145
8,36,2200,75,48,0,113,17,390.0,0.0
8,36,2200,65,35,1,85,28,462.0,474.10933520041766
8,36,2200,80,44,1,127,19,504.0,533.6540043184933
8,36,2200,70,43,1,169,17,458.0,325.4666881852887
8,36,2200,85,43,0,97,15,216.0,0.0
8,36,2200,75,41,0,115,15,312.0,0.0
8,36,2200,90,45,1,81,11,214.0,223.42890087819697
8,36,2200,70,44,0,87,8,206.0,0.0
8,36,2200,80,36,0,83,17,316.0,0.0
8,36,2200,80,39,0,129,19,414.0,0.0
8,36,2200,85,39,0,129,14,380.0,0.0
8,36,2200,70,40,1,119,13,320.0,152.27153453093058
8,36,2200,60,42,1,133,14,338.0,195.86818050803163
8,36,2200,85,50,0,79,10,158.0,0.0
8,36,2200,85,45,1,75,18,192.0,370.41294073324485
8,36,2200,60,35,0,79,15,334.0,0.0
8,36,2200,80,37,1,63,19,310.0,252.69668703368367
8,36,2200,80,39,0,117,21,402.0,0.0
8,36,2200,85,46,0,107,13,260.0,0.0
8,36,2200,65,49,1,65,16,234.0,237.92862375416257
8,36,2200,90,43,1,81,25,360.0,501.28175325043065
8,36,2200,65,50,1,59,8,132.0,255.05083151321742
8,36,2200,90,39,0,115,20,386.0,0.0
8,36,2200,60,43,1,61,14,194.0,188.33501718824652
8,36,2200,65,43,1,83,13,330.0,253.07936571124262
8,36,2200,75,46,0,79,10,252.0,0.0
8,36,2200,60,47,0,127,15,358.0,0.0
8,36,2200,65,50,0,87,9,174.0,0.0
8,36,2200,85,50,1,85,12,186.0,313.58239090108685
8,36,2200,90,41,0,125,17,288.0,0.0
8,36,2200,65,41,1,117,17,340.0,321.29106295468904
8,36,2100,65,44,1,71,10,228.0,275.23369945641474
8,36,2200,90,41,0,115,16,346.0,0.0
8,36,2200,60,43,1,81,10,252.0,113.88832142844642
8,36,2200,90,39,1,77,16,356.0,394.70201165599855
8,36,2200,70,50,0,105,10,234.0,0.0
8,36,2100,85,43,0,77,13,208.0,0.0
8,36,2100,75,41,0,141,15,370.0,0.0
8,36,2100,75,43,0,113,9,220.0,0.0
8,36,2100,60,40,1,67,13,194.0,122.67882898163326
8,36,2100,70,38,0,125,21,460.0,0.0
8,36,2100,65,45,1,41,2,82.0,42.37181504579518
8,36,2100,75,42,1,81,12,276.0,214.23477902285015
8,36,2100,90,35,0,99,24,416.0,0.0
8,36,2100,65,37,1,121,23,352.0,284.8311303038653
8,36,2100,65,38,1,83,17,342.0,257.42359434921497
8,36,2100,60,44,1,49,7,108.0,117.61736134160259
8,36,2100,80,49,0,97,8,198.0,0.0
8,36,2100,75,44,1,99,12,304.0,197.08836454580106
8,36,2100,70,45,0,161,11,258.0,0.0
8,36,2100,70,35,0,115,18,452.0,0.0
8,36,2100,60,37,1,105,18,354.0,220.50434302973488
8,36,2100,85,38,0,103,18,366.0,0.0
8,36,2100,65,39,0,149,15,270.0,0.0
8,36,2100,65,40,1,71,19,276.0,307.26673456030073
8,36,2100,70,43,0,77,11,300.0,0.0
8,36,2100,90,49,1,51,6,94.0,56.80296491050959
8,36,2100,90,35,1,101,23,422.0,236.70678900284858
8,36,2100,80,36,1,73,20,310.0,210.9087223330512
8,36,2100,85,37,0,77,17,298.0,0.0
8,36,2100,90,38,1,117,20,312.0,259.3205373166776
8,36,2100,70,42,0,97,16,260.0,0.0
8,36,2100,90,42,0,115,13,226.0,0.0
8,36,2100,65,49,1,87,11,214.0,130.4334671716766
8,36,2100,65,38,0,159,16,286.0,0.0
8,36,2100,65,42,1,67,20,322.0,390.51462197072277
8,36,2100,65,41,0,117,12,218.0,0.0
8,36,2100,90,44,1,111,11,304.0,245.2562964757179
8,36,2100,90,47,0,155,10,246.0,0.0
8,36,2100,90,47,0,101,9,242.0,0.0
8,36,2100,65,49,1,77,11,192.0,173.6775084853867
8,36,2100,90,36,0,155,16,432.0,0.0
8,36,2100,70,36,0,113,16,382.0,0.0
8,36,2000,70,41,1,57,11,158.0,239.21942803074813
8,36,2000,65,39,0,117,14,332.0,0.0
8,36,2000,70,41,1,49,14,240.0,182.92943253346007
8,36,2100,80,48,1,59,6,94.0,154.61607133800464
8,36,2100,75,48,1,53,15,178.0,351.418508489115
8,36,2000,70,40,1,71,20,258.0,248.70669393056428
8,36,2000,75,44,1,101,10,278.0,298.39272514488607
8,36,2000,80,50,1,71,7,158.0,142.45938538043202
8,36,2000,70,45,0,97,13,330.0,0.0
8,36,2000,60,48,0,103,8,214.0,0.0
8,36,2000,90,45,0,73,6,146.0,0.0
8,36,2000,60,44,0,37,6,72.0,0.0
8,36,2000,70,35,0,151,16,292.0,0.0
8,36,2000,85,35,1,105,16,284.0,215.4733678472207
8,36,2000,85,38,0,37,8,142.0,0.0
8,36,2000,90,40,1,71,20,222.0,289.16293673920836
8,36,2000,60,41,1,71,6,140.0,121.86455236426303
8,36,2000,75,47,1,109,14,204.0,143.83100857073185
8,36,2000,85,47,0,101,8,164.0,0.0
8,36,2000,80,35,0,101,17,312.0,0.0
8,36,2000,75,35,1,75,13,260.0,206.89164590745293
8,36,2000,65,41,1,69,9,198.0,215.83255271481653
8,36,2000,85,45,0,63,7,128.0,0.0
8,36,2000,85,48,1,75,11,198.0,288.18075788365377
8,36,2000,80,42,0,151,13,316.0,0.0
8,36,2000,80,46,0,75,11,220.0,0.0
8,36,2000,90,39,1,77,16,316.0,285.46338337619136
8,36,2000,90,37,0,119,19,458.0,0.0
8,36,2000,65,40,1,105,15,266.0,136.4799210875086
8,36,2000,75,42,1,73,17,234.0,297.6588723855522
8,36,2000,90,40,0,115,14,362.0,0.0
8,36,2000,85,46,1,57,10,174.0,153.2903609506204
8,36,2000,80,44,0,91,11,270.0,0.0
8,36,2000,60,35,1,129,18,328.0,146.2419020143389
8,36,2000,80,36,0,71,15,278.0,0.0
8,36,2000,60,36,0,79,14,224.0,0.0
8,36,2000,85,35,1,77,24,330.0,281.84617828811855
8,36,2000,80,46,0,67,9,164.0,0.0
8,36,2000,70,41,1,61,12,146.0,214.15786375913768
8,36,2000,85,42,0,113,16,292.0,0.0
8,36,2000,60,36,1,53,12,226.0,129.22731814618527
8,36,1900,70,36,0,107,14,260.0,0.0
8,36,1900,70,41,1,69,13,202.0,188.53897693327264
8,36,1900,70,44,1,89,6,90.0,129.33794085234223
8,36,2000,85,47,0,97,10,198.0,0.0
8,36,1900,60,41,0,65,10,252.0,0.0
8,36,1900,60,44,1,91,16,278.0,363.33555257280756
8,36,1900,65,43,1,91,13,236.0,171.66152052410558
8,36,1900,60,42,0,71,9,202.0,0.0
8,36,1900,90,41,0,95,13,200.0,0.0
8,36,1900,65,47,1,61,6,98.0,61.50582161303144
8,36,1900,90,49,1,67,6,104.0,76.30894310003289
8,36,1900,80,49,0,71,6,102.0,0.0
8,36,1900,80,50,0,137,10,232.0,0.0
8,36,1900,70,35,1,65,16,222.0,189.0922071937623
8,36,1900,65,37,1,69,10,228.0,99.57160075150752
8,36,1900,75,35,0,73,13,280.0,0.0
8,36,1900,60,49,0,99,9,168.0,0.0
8,36,1900,75,43,0,75,16,312.0,0.0
8,36,1900,90,40,1,103,16,310.0,188.5942462357991
8,36,1900,75,45,1,53,6,90.0,180.05201449881582
8,36,1900,60,38,1,69,12,256.0,153.2107225093017
8,36,1900,75,43,0,59,10,166.0,0.0
8,36,1900,75,44,0,89,10,206.0,0.0
8,36,1900,65,42,0,103,12,174.0,0.0
8,36,1900,65,47,0,65,7,150.0,0.0
8,36,1900,90,40,1,81,19,350.0,271.3851293778009
8,36,1900,80,44,1,81,10,120.0,206.56517981168315
8,36,1900,90,39,0,135,18,434.0,0.0
8,36,1900,90,38,1,97,15,246.0,219.29740480209102
8,36,1900,65,38,1,149,13,238.0,138.99328019359373
8,36,1900,90,44,1,103,17,294.0,370.11026575727396
8,36,1900,75,42,1,69,13,260.0,215.03001739951543
8,36,1900,75,44,0,57,11,144.0,0.0
8,36,1900,90,45,0,37,6,174.0,0.0
8,36,1900,80,35,0,101,23,344.0,0.0
8,36,1900,70,38,0,97,11,206.0,0.0
8,36,1900,75,36,0,65,13,176.0,0.0
8,36,1900,80,39,0,103,14,314.0,0.0
8,36,1900,80,44,1,113,10,198.0,216.51504076990744
8,36,1800,70,36,1,87,15,180.0,132.53816344002954
8,36,1900,60,47,1,89,9,160.0,87.02304993465809
8,36,1900,70,48,1,105,4,134.0,133.94971576815243
8,36,1800,85,35,1,81,22,240.0,210.29672984142036
8,36,1800,60,40,0,97,9,206.0,0.0
8,36,1800,85,43,0,63,8,180.0,0.0
8,36,1800,80,42,0,79,9,176.0,0.0
8,36,1800,90,47,0,67,10,156.0,0.0
8,36,1800,90,48,1,59,8,132.0,215.80875534411123
8,36,1800,90,48,1,57,11,110.0,226.60878337970178
8,36,1800,65,35,0,121,14,336.0,0.0
8,36,1800,60,39,1,117,11,254.0,272.17948765200913
8,36,1800,75,35,1,57,13,192.0,148.3166799973914
8,36,1800,65,40,1,59,16,174.0,152.59465227727821
8,36,1800,70,39,0,65,13,224.0,0.0
8,36,1800,75,44,0,95,14,184.0,0.0
8,36,1800,90,43,1,69,17,194.0,249.19201344208844
8,36,1800,65,36,1,55,16,180.0,111.790785350281
8,36,1800,60,39,0,83,16,252.0,0.0
8,36,1800,65,42,0,61,7,90.0,0.0
8,36,1800,75,42,0,65,8,150.0,0.0
8,36,1800,80,46,0,71,8,158.0,0.0
8,36,1800,85,47,1,75,13,228.0,218.41832963272978
8,36,1800,65,48,1,63,5,100.0,196.85727012008536
8,36,1800,85,37,1,99,19,254.0,257.5421165312004
8,36,1800,85,35,1,97,15,334.0,214.75390719728756
8,36,1800,70,37,0,135,12,252.0,0.0
8,36,1800,90,42,0,85,10,146.0,0.0
8,36,1800,90,49,0,61,7,160.0,0.0
8,36,1800,80,48,1,67,7,94.0,156.28919765478966
8,36,1800,60,49,1,77,9,138.0,110.0461793761081
8,36,1800,80,38,1,67,15,216.0,263.0159527858747
8,36,1800,75,35,0,91,16,338.0,0.0
8,36,1800,70,38,1,55,8,124.0,100.99322025080474
8,36,1800,85,38,0,67,12,260.0,0.0
8,36,1800,70,46,1,59,6,108.0,71.72838902135973
8,36,1800,75,45,0,47,8,140.0,0.0
8,36,1800,60,48,0,125,5,126.0,0.0
8,36,1800,65,50,1,71,6,172.0,210.81467240636772
8,36,1800,75,38,0,95,13,294.0,0.0
8,36,1700,70,37,0,57,11,200.0,0.0
8,36,1700,80,39,1,43,7,78.0,157.49536629707953
8,36,1800,65,47,0,35,3,80.0,0.0
8,36,1800,70,46,1,53,14,190.0,181.60176999739124
8,36,1700,90,45,1,81,7,82.0,131.6603661729241
8,36,1700,60,35,0,63,10,178.0,0.0
8,36,1700,65,37,0,47,9,134.0,0.0
8,36,1700,65,37,1,55,15,170.0,164.82884595720208
8,36,1700,65,40,0,85,6,116.0,0.0
8,36,1700,70,44,0,29,3,56.0,0.0
8,36,1700,80,42,1,57,14,236.0,230.32545479367292
8,36,1700,80,45,1,57,7,174.0,223.30552891805232
8,36,1700,75,36,1,33,4,96.0,38.49343720905078
8,36,1700,75,37,1,51,13,148.0,215.69085631998445
8,36,1700,80,42,0,65,12,230.0,0.0
8,36,1700,80,47,0,45,5,112.0,0.0
8,36,1700,85,50,1,91,8,126.0,167.20654611495246
8,36,1700,90,47,0,87,9,196.0,0.0
8,36,1700,70,45,1,73,10,172.0,185.56937519264153
8,36,1700,70,37,0,55,14,206.0,0.0
8,36,1700,90,37,1,41,13,166.0,183.9937841098743
8,36,1700,60,47,0,31,3,94.0,0.0
8,36,1700,65,49,0,51,6,80.0,0.0
8,36,1700,70,48,1,81,11,148.0,312.3125624291639
8,36,1700,85,46,1,53,6,142.0,64.91484269526836
8,36,1700,90,49,0,33,7,62.0,0.0
8,36,1700,90,46,1,55,13,160.0,134.1428704086932
8,36,1700,65,37,0,61,8,128.0,0.0
8,36,1700,60,39,1,87,14,282.0,324.11750138798055
8,36,1700,65,40,1,51,9,84.0,111.45545284696118
8,36,1700,80,46,0,91,8,186.0,0.0
8,36,1700,80,48,0,73,5,108.0,0.0
8,36,1700,80,47,0,59,10,112.0,0.0
8,36,1700,90,50,1,53,7,100.0,116.51241751386416
8,36,1700,65,50,1,47,9,82.0,157.81473293402624
8,36,1700,70,36,0,33,8,92.0,0.0
8,36,1700,60,39,1,45,5,78.0,158.3757752060277
8,36,1700,80,39,0,125,13,190.0,0.0
8,36,1700,90,42,1,33,7,130.0,107.87966197792066
8,36,1700,70,44,0,61,7,130.0,0.0
8,36,1700,80,50,1,35,6,94.0,75.54791530120158
8,36,1700,60,50,0,61,7,92.0,0.0
8,36,1600,65,35,1,41,8,128.0,116.68476007296388
8,36,1600,85,41,1,39,14,164.0,245.22443270699316
8,36,1600,90,41,0,79,10,190.0,0.0
8,36,1600,70,43,1,31,3,88.0,55.24095048225391
8,36,1600,65,37,0,31,4,94.0,0.0
8,36,1600,80,47,0,43,5,92.0,0.0
8,36,1600,80,44,1,81,13,176.0,216.45978384003584
8,36,1600,75,35,1,39,11,108.0,111.12057139979578
8,36,1600,80,39,1,57,13,148.0,272.6942170058849
8,36,1600,70,42,1,45,7,124.0,126.67622833266657
8,36,1600,90,40,0,57,8,142.0,0.0
8,36,1600,75,44,0,105,8,136.0,0.0
8,36,1600,80,43,0,85,10,176.0,0.0
8,36,1600,75,43,0,31,6,112.0,0.0
8,36,1600,80,36,1,51,9,170.0,114.5202731696666
8,36,1600,85,40,1,55,12,176.0,154.47163124470814
8,36,1600,70,42,1,45,5,78.0,94.40236859456556
8,36,1600,60,45,0,61,8,174.0,0.0
8,36,1600,60,42,1,51,7,82.0,156.8293972054126
8,36,1600,85,48,0,81,5,102.0,0.0
8,36,1600,60,44,0,57,5,96.0,0.0
8,36,1600,70,37,1,87,7,142.0,75.62644941893872
8,36,1600,65,37,0,81,9,172.0,0.0
8,36,1600,60,37,0,55,12,160.0,0.0
8,36,1600,85,43,0,129,10,158.0,0.0
8,36,1600,70,45,1,87,8,160.0,98.9029446398276
8,36,1600,65,46,1,63,9,142.0,93.66660767395827
8,36,1600,80,44,0,47,6,114.0,0.0
8,36,1600,80,36,0,57,6,120.0,0.0
8,36,1600,70,38,0,51,3,76.0,0.0
8,36,1600,80,44,0,63,12,202.0,0.0
8,36,1600,70,43,1,77,14,170.0,206.724332731667
8,36,1600,85,49,1,63,6,64.0,77.53368828642118
8,36,1600,85,47,1,59,6,88.0,57.38544420467547
8,36,1600,75,46,1,27,3,56.0,11.95133426173342
8,36,1600,60,39,0,81,8,104.0,0.0
8,36,1600,85,39,0,85,12,164.0,0.0
8,36,1600,85,40,0,87,9,204.0,0.0
8,36,1600,70,43,1,45,6,100.0,74.11768765143933
8,36,1500,90,39,1,45,10,80.0,170.62458760207815
8,36,1600,90,41,1,75,11,218.0,178.56163292567896
8,36,1500,60,49,1,23,2,40.0,21.99657696329632
8,36,1500,90,44,0,77,7,102.0,0.0
8,36,1500,70,36,0,51,10,128.0,0.0
8,36,1500,75,43,1,57,6,122.0,73.2366908208001
8,36,1500,75,45,0,57,6,106.0,0.0
8,36,1500,65,45,1,27,2,44.0,41.31839503923671
8,36,1500,90,47,1,83,8,164.0,140.04995568197066
8,36,1500,75,45,0,55,7,160.0,0.0
8,36,1500,70,50,0,45,4,86.0,0.0
8,36,1500,80,50,1,43,8,102.0,117.75525175133794
8,36,1500,75,37,0,57,9,98.0,0.0
8,36,1500,75,40,1,67,13,182.0,174.6592676842976
8,36,1500,70,37,0,81,12,186.0,0.0
8,36,1500,70,37,0,55,10,160.0,0.0
8,36,1500,75,44,0,27,3,46.0,0.0
8,36,1500,65,40,1,61,9,100.0,118.58538694321715
8,36,1500,60,50,1,23,3,48.0,69.15838549842745
8,36,1500,60,50,1,45,5,72.0,120.24960428449074
8,36,1500,90,49,0,59,8,86.0,0.0
8,36,1500,65,42,1,27,4,52.0,54.89943990477842
8,36,1500,65,39,1,29,6,86.0,108.06879960969779
8,36,1500,70,49,0,105,5,120.0,0.0
8,36,1500,75,50,0,49,2,50.0,0.0
8,36,1500,60,50,0,73,5,74.0,0.0
8,36,1500,65,49,1,81,5,102.0,66.3294280941692
8,36,1500,80,39,1,47,5,106.0,141.29428820147328
8,36,1500,65,40,0,69,9,148.0,0.0
8,36,1500,70,42,1,53,9,100.0,157.75525938524225
8,36,1500,85,48,1,67,10,114.0,267.90333235152815
8,36,1500,65,40,0,29,2,36.0,0.0
8,36,1500,60,50,0,47,4,82.0,0.0
8,36,1500,80,48,1,53,7,84.0,121.36763951467259
8,36,1500,85,36,1,65,7,148.0,59.86207760294969
8,36,1500,75,37,0,81,7,158.0,0.0
8,36,1500,65,37,0,117,9,190.0,0.0
8,36,1500,85,38,0,77,14,148.0,0.0
8,36,1500,60,41,0,145,9,146.0,0.0
8,36,1500,75,44,1,77,6,140.0,145.09264497691774
8,36,1500,60,41,1,81,8,138.0,172.82611736382933
8,35,3000,90,37,1,171,35,636.0,537.1374173779692
8,35,3000,80,45,0,157,24,654.0,0.0
8,35,3000,85,46,1,141,32,594.0,547.2515099674063
8,35,3000,65,41,0,165,26,718.0,0.0
8,35,3000,90,37,0,149,31,632.0,0.0
8,35,3000,75,46,1,97,27,466.0,525.0165871567182
8,35,3000,80,50,1,107,15,506.0,505.79346326382165
8,35,3000,90,35,1,73,35,510.0,583.9268595119028
8,35,3000,60,35,1,85,29,474.0,477.6099402218973
8,35,3000,60,37,1,103,29,562.0,500.58195430268574
8,35,3000,75,44,0,165,26,702.0,0.0
8,35,3000,75,43,0,171,26,848.0,0.0
8,35,3000,90,43,0,131,27,594.0,0.0
8,35,3000,90,48,0,117,21,496.0,0.0
8,35,3000,90,35,1,85,35,488.0,473.09182714937236
8,35,3000,60,37,0,171,31,654.0,0.0
8,35,3000,75,43,0,111,29,510.0,0.0
8,35,3000,80,39,0,163,29,664.0,0.0
8,35,3000,70,49,1,221,20,544.0,343.80739771604686
8,35,3000,85,50,1,107,27,482.0,688.2607544177304
8,35,3000,75,46,1,235,19,492.0,313.8846831026184
8,35,3000,65,37,0,157,30,806.0,0.0
8,35,3000,85,41,1,113,32,548.0,647.7165318078586
8,35,3000,85,41,1,119,29,574.0,505.65578469118486
8,35,3000,90,40,0,161,30,732.0,0.0
8,35,3000,60,44,0,213,23,706.0,0.0
8,35,3000,75,50,1,89,18,332.0,577.4985185851051
8,35,3000,90,40,1,115,32,584.0,699.4297924029084
8,35,3000,60,48,0,157,15,394.0,0.0
8,35,3000,70,36,0,115,33,652.0,0.0
8,35,3000,65,37,0,149,26,654.0,0.0
8,35,3000,85,39,1,173,33,572.0,759.6731914324442
8,35,3000,90,40,0,165,29,588.0,0.0
8,35,3000,60,47,1,111,21,446.0,384.74242037951024
8,35,3000,85,48,1,177,27,722.0,590.7720484425502
8,35,3000,85,47,0,119,22,612.0,0.0
8,35,3000,65,35,0,277,31,730.0,0.0
8,35,3000,75,38,1,111,32,592.0,666.361092447696
8,35,3000,80,39,0,119,27,594.0,0.0
8,35,2900,85,36,1,115,31,530.0,356.555717041379
8,35,2900,60,35,0,169,25,780.0,0.0
8,35,2900,75,44,1,85,25,360.0,538.6730525164259
8,35,3000,60,50,1,99,14,344.0,423.9003165360973
8,35,2900,80,35,0,105,31,620.0,0.0
8,35,2900,85,35,0,163,31,582.0,0.0
8,35,2900,70,36,1,213,31,624.0,392.84105652959653
8,35,2900,85,44,1,95,24,410.0,463.6554798282017
8,35,2900,75,50,0,143,16,386.0,0.0
8,35,2900,70,48,0,101,15,412.0,0.0
8,35,2900,65,46,1,159,26,562.0,404.5389974931643
8,35,2900,65,35,1,97,34,514.0,548.3390560382019
8,35,2900,90,36,0,103,31,518.0,0.0
8,35,2900,60,40,0,169,27,576.0,0.0
8,35,2900,60,37,0,105,27,458.0,0.0
8,35,2900,90,41,1,65,25,388.0,526.5680541381904
8,35,2900,85,45,1,109,26,454.0,417.5992140534792
8,35,2900,65,43,1,109,18,450.0,308.4802727501399
8,35,2900,90,37,1,107,32,522.0,463.810197668264
8,35,2900,85,40,0,111,28,694.0,0.0
8,35,2900,60,43,1,113,18,500.0,326.6593301745478
8,35,2900,90,46,1,111,22,478.0,349.30953615975983
8,35,2900,60,50,0,159,18,378.0,0.0
8,35,2900,75,48,0,155,22,696.0,0.0
8,35,2900,85,48,0,165,25,528.0,0.0
8,35,2900,90,36,1,109,33,556.0,509.75102054729
8,35,2900,90,35,1,77,34,478.0,519.1570401328419
8,35,2900,60,36,1,167,31,770.0,337.5434032718655
8,35,2900,70,42,0,167,20,578.0,0.0
8,35,2900,90,40,0,147,25,614.0,0.0
8,35,2900,75,48,1,127,23,544.0,522.1120219584407
8,35,2900,80,47,0,137,18,466.0,0.0
8,35,2900,90,38,0,205,30,702.0,0.0
8,35,2900,80,35,1,81,31,432.0,409.16406060533643
8,35,2900,80,38,0,161,30,616.0,0.0
8,35,2900,85,44,1,111,29,644.0,541.7369836730031
8,35,2900,75,43,1,105,26,500.0,588.8958838665872
8,35,2900,80,49,1,115,16,492.0,246.65523148157442
8,35,2900,70,44,0,153,28,758.0,0.0
8,35,2900,80,48,0,207,23,474.0,0.0
8,35,2900,60,38,0,155,26,768.0,0.0
8,35,2800,75,44,1,95,16,416.0,341.8218261453223
8,35,2800,60,45,0,163,23,556.0,0.0
8,35,2800,75,47,0,207,20,510.0,0.0
8,35,2800,60,47,1,113,22,516.0,314.33648699280656
8,35,2800,70,48,0,237,17,454.0,0.0
8,35,2800,70,50,1,107,21,472.0,647.7256725559232
8,35,2800,70,35,0,153,30,588.0,0.0
8,35,2800,80,40,1,119,34,530.0,653.4776677125765
8,35,2800,85,36,0,269,33,716.0,0.0
8,35,2800,75,37,1,105,30,532.0,587.144583174001
8,35,2800,65,42,1,107,18,444.0,282.73567443998087
8,35,2800,85,39,1,131,32,662.0,570.2049141054433
8,35,2800,85,43,0,153,26,750.0,0.0
8,35,2800,70,35,1,111,30,486.0,505.8522822151984
8,35,2800,70,36,0,159,30,658.0,0.0
8,35,2800,75,38,1,107,28,514.0,471.61925708552513
8,35,2800,60,40,0,159,23,542.0,0.0
8,35,2800,80,48,0,209,22,608.0,0.0
8,35,2800,90,46,1,111,22,544.0,278.70363954676606
8,35,2800,75,44,0,123,20,430.0,0.0
8,35,2800,70,38,1,101,35,548.0,670.7560817234781
8,35,2800,80,42,0,127,22,478.0,0.0
8,35,2800,65,43,0,159,19,540.0,0.0
8,35,2800,65,41,1,99,22,398.0,515.7179322148288
8,35,2800,75,50,1,79,24,334.0,436.13249539294515
8,35,2800,75,46,1,83,23,380.0,319.54330445284785
8,35,2800,75,47,0,103,19,554.0,0.0
8,35,2800,85,36,1,97,34,532.0,492.8599667493265
8,35,2800,60,37,1,73,28,370.0,442.66921278257905
8,35,2800,70,41,0,157,21,610.0,0.0
8,35,2800,70,40,1,163,28,570.0,493.1416170670816
8,35,2800,75,45,0,93,16,386.0,0.0
8,35,2800,90,49,0,111,21,498.0,0.0
8,35,2800,75,45,0,139,23,594.0,0.0
8,35,2800,65,37,1,107,30,492.0,534.0629360354573
8,35,2700,85,36,1,101,34,522.0,568.1281455657125
8,35,2800,85,38,0,157,30,658.0,0.0
8,35,2800,60,48,0,135,14,390.0,0.0
8,35,2800,75,41,1,101,31,520.0,633.7403958559141
8,35,2800,85,47,0,101,15,302.0,0.0
8,35,2800,80,50,1,95,25,430.0,573.1617796132394
8,35,2700,65,42,0,205,22,690.0,0.0
8,35,2700,60,36,1,159,30,568.0,503.47614202960483
8,35,2700,60,37,0,147,24,464.0,0.0
8,35,2700,90,45,0,157,21,588.0,0.0
8,35,2700,65,50,0,147,16,442.0,0.0
8,35,2700,65,39,1,121,23,462.0,552.6686788939609
8,35,2700,60,48,1,89,16,336.0,431.1304336234945
8,35,2700,70,35,0,157,27,398.0,0.0
8,35,2700,90,35,0,155,29,618.0,0.0
8,35,2700,90,35,1,145,29,472.0,460.15620025939126
8,35,2700,75,43,0,131,21,494.0,0.0
8,35,2700,75,42,1,99,30,500.0,571.7290483055269
8,35,2700,70,46,1,99,24,452.0,351.17672281434017
8,35,2700,60,49,1,67,15,348.0,309.4134669157193
8,35,2700,90,39,0,157,24,614.0,0.0
8,35,2700,65,39,0,151,24,624.0,0.0
8,35,2700,80,45,0,105,18,384.0,0.0
8,35,2700,70,46,1,95,17,376.0,307.2304900131818
8,35,2700,85,44,0,107,19,476.0,0.0
8,35,2700,85,49,1,91,25,382.0,497.166454735194
8,35,2700,70,49,1,151,14,420.0,204.87719332137777
8,35,2700,65,35,1,97,23,368.0,225.50663069741796
8,35,2700,90,40,1,149,21,576.0,266.0614523362495
8,35,2700,75,44,1,113,27,596.0,721.783238947266
8,35,2700,85,46,0,145,21,646.0,0.0
8,35,2700,85,35,0,149,30,622.0,0.0
8,35,2700,80,38,0,155,26,512.0,0.0
8,35,2700,75,44,0,139,20,568.0,0.0
8,35,2700,60,47,1,83,14,402.0,300.5549986056191
8,35,2700,75,35,0,123,29,552.0,0.0
8,35,2700,65,38,0,151,27,692.0,0.0
8,35,2700,75,39,1,205,30,676.0,672.26330023287
8,35,2700,70,46,1,103,21,458.0,302.5020309141012
8,35,2700,75,40,1,77,25,390.0,451.9617342686237
8,35,2700,80,43,1,205,22,556.0,466.61881143474966
8,35,2700,75,42,0,157,22,546.0,0.0
8,35,2700,90,39,1,159,25,662.0,565.2782320712668
8,35,2600,60,42,1,91,20,350.0,417.52107288266836
8,35,2600,70,44,0,143,15,488.0,0.0
8,35,2600,70,36,0,149,31,594.0,0.0
8,35,2700,85,49,0,101,18,372.0,0.0
8,35,2700,90,48,0,147,23,578.0,0.0
8,35,2600,90,50,1,145,19,422.0,410.4356544378734
8,35,2600,90,38,1,147,31,564.0,668.4367037093025
8,35,2600,70,36,0,151,24,548.0,0.0
8,35,2600,75,38,0,141,25,466.0,0.0
8,35,2600,90,37,1,143,31,614.0,577.3400311140405
8,35,2600,70,43,0,135,22,514.0,0.0
8,35,2600,75,38,0,147,27,650.0,0.0
8,35,2600,75,39,1,147,29,534.0,575.9284410060048
8,35,2600,70,49,1,69,4,148.0,81.87858395309858
8,35,2600,75,42,1,95,26,446.0,528.0150631404907
8,35,2600,65,45,0,123,18,492.0,0.0
8,35,2600,80,48,1,95,21,362.0,497.9181702608937
8,35,2600,60,46,0,143,20,470.0,0.0
8,35,2600,85,39,0,95,25,446.0,0.0
8,35,2600,75,42,0,133,28,676.0,0.0
8,35,2600,65,43,1,187,21,586.0,398.5617816691904
8,35,2600,65,47,1,63,15,314.0,278.46009449492374
8,35,2600,70,35,1,99,23,528.0,233.7397488147485
8,35,2600,90,41,0,99,23,442.0,0.0
8,35,2600,85,37,1,81,30,416.0,576.9350878389629
8,35,2600,80,43,0,145,19,518.0,0.0
8,35,2600,65,48,1,89,14,392.0,215.76465662168766
8,35,2600,60,48,1,91,20,294.0,417.39752818832267
8,35,2600,80,45,0,147,19,518.0,0.0
8,35,2600,85,39,0,187,28,718.0,0.0
8,35,2600,65,41,0,119,19,416.0,0.0
8,35,2600,80,43,0,145,20,600.0,0.0
8,35,2600,80,45,0,147,13,360.0,0.0
8,35,2600,65,46,1,101,15,428.0,228.64648702954426
8,35,2600,85,46,1,101,17,368.0,211.29290594286883
8,35,2600,65,50,1,147,9,248.0,157.3089004949141
8,35,2600,65,38,0,95,21,466.0,0.0
8,35,2500,90,36,1,161,27,622.0,384.12849664423055
8,35,2600,80,41,0,243,27,730.0,0.0
8,35,2600,70,43,1,83,12,284.0,270.05357458717737
8,35,2600,60,47,1,115,13,254.0,174.25968582437497
8,35,2600,70,48,0,187,14,474.0,0.0
8,35,2600,70,48,1,71,17,364.0,386.94681078274454
8,35,2500,70,36,1,59,20,386.0,254.77682729566425
8,35,2500,70,38,0,93,9,224.0,0.0
8,35,2500,70,41,1,93,24,496.0,337.9562045649757
8,35,2500,85,43,0,91,16,274.0,0.0
8,35,2500,80,40,1,129,12,348.0,178.78214979461487
8,35,2500,65,39,0,193,17,512.0,0.0
8,35,2500,65,44,0,179,20,540.0,0.0
8,35,2500,65,37,1,87,27,478.0,487.69209346841683
8,35,2500,70,35,0,189,29,562.0,0.0
8,35,2500,75,40,1,73,26,416.0,408.07486137035676
8,35,2500,60,40,1,145,21,420.0,274.6683020244054
8,35,2500,70,48,0,97,13,406.0,0.0
8,35,2500,85,47,0,91,12,278.0,0.0
8,35,2500,85,49,1,87,19,328.0,299.3254310628386
8,35,2500,60,36,0,139,19,432.0,0.0
8,35,2500,80,36,1,85,29,372.0,438.8038840276795
8,35,2500,65,36,1,87,24,390.0,339.64515152788556
8,35,2500,60,39,0,99,22,452.0,0.0
8,35,2500,80,48,0,137,19,536.0,0.0
8,35,2500,75,45,1,95,22,454.0,414.24402305770127
8,35,2500,70,41,0,143,18,560.0,0.0
8,35,2500,90,47,1,127,11,296.0,172.51885477563042
8,35,2500,70,35,1,99,28,472.0,316.29944924656974
8,35,2500,60,44,0,77,15,290.0,0.0
8,35,2500,90,36,1,137,34,490.0,434.33922822654404
8,35,2500,60,45,1,137,17,406.0,300.540878102624
8,35,2500,80,44,0,141,18,384.0,0.0
8,35,2500,70,40,0,99,16,438.0,0.0
8,35,2500,65,42,0,85,13,272.0,0.0
8,35,2500,65,38,0,83,14,308.0,0.0
8,35,2500,85,43,0,131,16,490.0,0.0
8,35,2500,85,40,1,147,22,446.0,341.59670279189385
8,35,2500,75,48,0,133,16,366.0,0.0
8,35,2500,65,49,1,75,14,268.0,277.3098184244848
8,35,2500,70,50,1,83,7,202.0,190.77741775448487
8,35,2500,80,50,1,95,15,272.0,401.46915404493564
8,35,2400,70,36,1,67,22,320.0,195.59586138302947
8,35,2400,60,37,1,69,24,374.0,412.38786568445687
8,35,2400,70,37,0,177,22,498.0,0.0
8,35,2500,80,42,0,89,19,332.0,0.0
8,35,2400,90,41,0,149,21,538.0,0.0
8,35,2500,70,40,0,137,24,504.0,0.0
8,35,2500,75,49,1,77,15,242.0,272.22044126751484
8,35,2400,75,42,1,115,20,348.0,321.6015557885888
8,35,2400,85,43,0,89,16,358.0,0.0
8,35,2400,75,44,0,83,8,276.0,0.0
8,35,2400,60,44,1,93,15,316.0,309.0077221298912
8,35,2400,75,45,1,133,21,486.0,453.60593427950784
8,35,2400,60,39,1,81,16,294.0,356.4655307388695
8,35,2400,60,45,0,131,15,420.0,0.0
8,35,2400,85,37,0,93,26,506.0,0.0
8,35,2400,70,37,0,125,18,454.0,0.0
8,35,2400,60,37,1,133,25,552.0,401.5224918628038
8,35,2400,85,40,1,129,21,408.0,214.59607643269513
8,35,2400,60,44,0,59,9,194.0,0.0
8,35,2400,60,47,1,83,17,290.0,283.46209393514494
8,35,2400,70,48,0,85,12,312.0,0.0
8,35,2400,65,35,0,141,31,718.0,0.0
8,35,2400,60,38,1,169,24,448.0,429.24328793858666
8,35,2400,90,41,1,101,21,398.0,463.6123265927234
8,35,2400,75,43,1,71,19,292.0,426.18066992778296
8,35,2400,90,44,0,89,16,342.0,0.0
8,35,2400,85,44,0,133,19,514.0,0.0
8,35,2400,65,50,1,85,11,282.0,279.62915608755264
8,35,2400,90,49,0,79,11,274.0,0.0
8,35,2400,70,35,1,163,22,544.0,320.59206049729926
8,35,2400,75,37,0,137,21,508.0,0.0
8,35,2400,80,36,0,93,23,450.0,0.0
8,35,2400,90,39,1,93,19,454.0,359.434804571733
8,35,2400,70,46,0,73,8,160.0,0.0
8,35,2400,65,50,1,63,13,260.0,352.25857278507067
8,35,2400,65,45,1,129,13,332.0,302.86809450994855
8,35,2400,65,35,0,163,23,614.0,0.0
8,35,2400,90,41,0,165,20,412.0,0.0
8,35,2400,75,43,1,79,21,332.0,420.8781348831838
8,35,2400,65,44,0,121,13,408.0,0.0
8,35,2400,85,50,0,129,12,326.0,0.0
8,35,2400,75,46,1,63,13,230.0,157.27036802065516
8,35,2400,90,47,1,91,16,290.0,172.53765639208027
8,35,2300,75,36,0,79,19,378.0,0.0
8,35,2300,90,39,1,127,23,356.0,563.1475914213452
8,35,2300,65,37,1,91,23,360.0,277.38321105135
8,35,2300,65,45,0,127,16,362.0,0.0
8,35,2300,90,45,0,91,15,314.0,0.0
8,35,2300,70,48,1,125,15,292.0,329.74380760750927
8,35,2300,60,50,1,83,14,316.0,363.38986364556575
8,35,2300,70,38,0,125,20,408.0,0.0
8,35,2300,75,40,1,89,21,306.0,323.06106525163335
8,35,2300,80,42,1,81,19,290.0,312.93237983908966
8,35,2300,90,42,0,75,15,290.0,0.0
8,35,2300,80,43,0,83,16,362.0,0.0
8,35,2300,75,41,1,125,19,410.0,363.1551982326728
8,35,2300,70,49,0,87,14,208.0,0.0
8,35,2300,75,37,1,129,21,392.0,387.1067059475815
8,35,2300,65,38,1,123,20,462.0,300.8201502175316
8,35,2300,80,37,1,85,29,394.0,396.1721765267427
8,35,2300,80,35,1,175,25,412.0,243.31085541630668
8,35,2300,65,40,0,97,13,298.0,0.0
8,35,2300,60,44,0,115,8,234.0,0.0
8,35,2300,65,45,0,77,12,244.0,0.0
8,35,2300,80,35,1,77,25,368.0,347.4712944308632
8,35,2300,90,40,0,219,22,580.0,0.0
8,35,2300,60,42,0,151,16,404.0,0.0
8,35,2300,75,45,1,87,24,432.0,604.7018251001471
8,35,2300,85,48,0,123,10,320.0,0.0
8,35,2300,80,35,1,95,27,444.0,246.7053885102749
8,35,2300,80,49,0,155,15,322.0,0.0
8,35,2300,80,49,1,111,14,200.0,116.01264751269828
8,35,2300,65,37,0,89,13,298.0,0.0
8,35,2300,80,44,0,107,13,396.0,0.0
8,35,2300,60,46,1,91,12,294.0,214.80611655777574
8,35,2300,60,44,1,137,18,388.0,462.118938929693
8,35,2300,80,45,0,159,13,330.0,0.0
8,35,2300,80,46,0,91,14,326.0,0.0
8,35,2300,90,48,1,99,14,198.0,318.6806209219326
8,35,2300,70,36,0,89,22,418.0,0.0
8,35,2300,70,43,1,129,19,374.0,344.3455791555862
8,35,2200,80,38,1,83,14,322.0,210.21272765968433
8,35,2200,85,38,1,163,19,392.0,260.83412005094794
8,35,2300,65,46,1,89,15,286.0,207.44760242219067
8,35,2300,90,47,0,125,11,374.0,0.0
8,35,2200,70,42,0,87,12,334.0,0.0
8,35,2200,90,35,0,87,20,494.0,0.0
8,35,2200,70,35,1,121,25,416.0,256.6645085885824
8,35,2200,70,38,0,83,17,364.0,0.0
8,35,2200,70,41,0,43,7,148.0,0.0
8,35,2200,70,42,1,59,14,248.0,205.7818004478773
8,35,2200,60,47,1,61,11,198.0,97.6813461037831
8,35,2200,60,50,0,71,10,214.0,0.0
8,35,2200,70,35,1,123,25,536.0,297.29422667587727
8,35,2200,75,40,0,61,13,224.0,0.0
8,35,2200,90,37,0,117,25,396.0,0.0
8,35,2200,80,39,0,113,15,300.0,0.0
8,35,2200,70,39,1,61,17,300.0,266.332265824251
8,35,2200,75,50,1,83,13,234.0,284.2703296585334
8,35,2200,80,49,1,111,9,180.0,98.1371025778219
8,35,2200,80,36,0,123,17,390.0,0.0
8,35,2200,90,38,0,149,17,440.0,0.0
8,35,2200,65,43,0,119,14,330.0,0.0
8,35,2200,60,43,1,81,8,178.0,106.09673064515128
8,35,2200,65,49,1,107,13,228.0,117.69223324341607
8,35,2200,85,49,0,115,11,224.0,0.0
8,35,2200,90,48,1,129,12,280.0,299.83350465689
8,35,2200,90,37,1,97,26,438.0,356.2899634845012
8,35,2200,65,38,0,159,19,420.0,0.0
8,35,2200,80,38,0,193,16,412.0,0.0
8,35,2200,75,45,1,111,9,298.0,246.53414640827012
8,35,2200,80,45,1,63,10,234.0,139.10983849452217
8,35,2200,85,48,0,67,11,228.0,0.0
8,35,2200,65,50,1,83,5,84.0,127.27618481547732
8,35,2200,85,37,1,125,23,456.0,339.25583696210623
8,35,2200,80,36,0,157,19,428.0,0.0
8,35,2200,70,40,1,127,19,452.0,238.41375798864954
8,35,2200,75,38,0,79,19,312.0,0.0
8,35,2200,85,40,0,151,22,496.0,0.0
8,35,2200,70,45,1,123,13,280.0,390.32152734212593
8,35,2200,75,44,0,81,9,230.0,0.0
8,35,2100,60,36,0,177,14,338.0,0.0
8,35,2100,80,44,1,69,16,238.0,349.3065494774226
8,35,2200,60,45,0,83,15,276.0,0.0
8,35,2100,70,44,0,79,11,294.0,0.0
8,35,2200,80,47,1,107,17,260.0,271.10136761225806
8,35,2100,80,48,1,79,7,128.0,160.3534329878146
8,35,2100,60,49,1,93,14,284.0,192.70846959355646
8,35,2100,80,35,0,81,21,360.0,0.0
8,35,2100,75,36,1,77,21,364.0,244.0327193504465
8,35,2100,70,35,0,115,18,422.0,0.0
8,35,2100,60,47,0,137,10,256.0,0.0
8,35,2100,85,43,1,103,21,354.0,386.94693733745885
8,35,2100,85,48,0,97,11,272.0,0.0
8,35,2100,90,49,1,117,12,280.0,123.43761352835674
8,35,2100,60,35,0,107,19,406.0,0.0
8,35,2100,75,42,0,41,9,184.0,0.0
8,35,2100,90,46,1,105,14,240.0,191.69454298482367
8,35,2100,80,47,0,81,8,206.0,0.0
8,35,2100,60,48,1,131,11,260.0,246.71351094317626
8,35,2100,65,48,1,55,12,176.0,272.346920511553
8,35,2100,80,49,1,57,7,138.0,86.3230686028049
8,35,2100,80,42,1,145,12,328.0,209.02070622433888
8,35,2100,90,43,1,75,16,310.0,380.1565191816023
8,35,2100,65,47,0,59,7,128.0,0.0
8,35,2100,60,50,0,63,5,64.0,0.0
8,35,2100,90,46,0,75,10,284.0,0.0
8,35,2100,65,45,1,43,8,150.0,168.89056742825375
8,35,2100,70,41,0,189,10,310.0,0.0
8,35,2100,75,36,0,95,22,404.0,0.0
8,35,2100,65,35,1,93,16,288.0,186.34521969814065
8,35,2100,60,45,1,73,9,182.0,233.36668272669993
8,35,2100,65,44,1,105,13,230.0,184.47946155615617
8,35,2100,90,48,0,121,16,398.0,0.0
8,35,2100,90,48,1,117,15,286.0,472.839866823688
8,35,2100,65,46,0,79,10,238.0,0.0
8,35,2100,80,40,0,111,22,296.0,0.0
8,35,2100,90,39,1,73,20,300.0,424.96543304043706
8,35,2100,90,39,1,83,15,318.0,409.3764103863528
8,35,2100,85,50,0,79,13,258.0,0.0
8,35,2100,60,47,0,79,12,320.0,0.0
8,35,2100,70,45,1,55,14,210.0,293.2183603531151
8,35,2100,90,48,0,77,9,240.0,0.0
8,35,2000,70,36,1,73,10,216.0,95.80616064135077
8,35,2000,75,37,1,75,14,218.0,313.6557839155145
8,35,2000,70,35,0,101,15,280.0,0.0
8,35,2000,60,44,0,125,7,164.0,0.0
8,35,2000,75,42,1,105,10,156.0,142.22562980901716
8,35,2000,70,48,1,103,10,264.0,322.6894900696821
8,35,2000,75,48,0,79,8,130.0,0.0
8,35,2000,65,36,0,69,17,250.0,0.0
8,35,2000,65,35,1,65,22,258.0,296.30816844516045
8,35,2000,75,37,1,75,18,322.0,224.78709833991698
8,35,2000,60,43,0,77,8,186.0,0.0
8,35,2000,85,41,1,63,19,214.0,373.1713996170722
8,35,2000,65,48,0,71,7,176.0,0.0
8,35,2000,60,45,0,71,8,144.0,0.0
8,35,2000,90,38,0,149,17,358.0,0.0
8,35,2000,70,41,0,105,9,254.0,0.0
8,35,2000,80,39,1,73,9,250.0,252.51923905818333
8,35,2000,85,40,1,73,13,218.0,184.84717907962312
8,35,2000,65,45,1,71,8,160.0,172.87684717847148
8,35,2000,90,50,0,61,8,136.0,0.0
8,35,2000,80,43,1,65,14,240.0,220.00824440308634
8,35,2000,85,37,0,77,12,210.0,0.0
8,35,2000,80,44,0,69,12,172.0,0.0
8,35,2000,90,45,1,91,16,312.0,375.67095802911535
8,35,2000,85,44,1,105,14,236.0,262.9729407826281
8,35,2000,85,47,0,105,8,210.0,0.0
8,35,2000,70,49,1,81,12,200.0,148.6871249650638
8,35,2000,90,45,0,111,12,244.0,0.0
8,35,2000,65,35,0,69,11,250.0,0.0
8,35,2000,80,37,1,59,17,260.0,300.66718908423593
8,35,2000,60,42,1,65,19,254.0,248.05428150752687
8,35,2000,85,48,0,55,11,130.0,0.0
8,35,2000,80,40,1,63,16,240.0,240.44932821125332
8,35,2000,80,43,1,63,17,248.0,241.4073840079534
8,35,2000,60,47,0,137,14,398.0,0.0
8,35,1900,75,35,0,67,13,258.0,0.0
8,35,2000,70,40,0,85,15,298.0,0.0
8,35,2000,65,43,0,87,5,110.0,0.0
8,35,2000,90,45,0,77,8,204.0,0.0
8,35,1900,85,48,1,61,16,192.0,452.76501794469783
8,35,2000,60,48,1,87,6,156.0,163.61506221432515
8,35,2000,70,49,1,105,7,182.0,71.63351112469435
8,35,1900,75,36,0,73,11,274.0,0.0
8,35,1900,60,36,1,103,13,216.0,94.94133125605586
8,35,1900,60,38,0,101,9,172.0,0.0
8,35,1900,60,41,1,47,11,142.0,200.82565992287584
8,35,1900,80,48,1,69,9,136.0,228.128721874931
8,35,1900,70,49,0,71,7,96.0,0.0
8,35,1900,85,45,1,61,10,188.0,145.36481358789493
8,35,1900,65,36,0,73,10,200.0,0.0
8,35,1900,80,37,1,59,10,164.0,134.8518074040119
8,35,1900,90,39,1,101,18,306.0,359.9957685414724
8,35,1900,70,38,0,75,7,200.0,0.0
8,35,1900,70,50,0,91,7,178.0,0.0
8,35,1900,60,49,0,73,11,234.0,0.0
8,35,1900,80,47,1,69,10,284.0,163.44263172099886
8,35,1900,85,37,1,101,18,322.0,281.22682389615346
8,35,1900,75,35,0,75,16,334.0,0.0
8,35,1900,90,39,1,53,13,156.0,280.8061564238408
8,35,1900,85,41,0,61,7,132.0,0.0
8,35,1900,80,40,0,167,16,268.0,0.0
8,35,1900,60,48,1,19,1,20.0,29.43369783100204
8,35,1900,70,42,1,105,6,198.0,118.50736372736085
8,35,1900,60,43,0,71,8,226.0,0.0
8,35,1900,70,35,0,89,17,306.0,0.0
8,35,1900,85,42,0,109,13,314.0,0.0
8,35,1900,75,44,1,45,6,88.0,99.24414545755634
8,35,1900,85,48,1,63,13,174.0,224.67724188992017
8,35,1900,70,45,1,85,12,222.0,248.8570449838746
8,35,1900,60,50,0,59,5,96.0,0.0
8,35,1900,70,46,1,71,6,144.0,57.456604677856205
8,35,1900,60,35,0,101,15,284.0,0.0
8,35,1900,65,36,1,43,11,158.0,89.76440856095337
8,35,1900,90,43,1,53,13,188.0,230.17939842752546
8,35,1900,85,41,1,71,9,214.0,196.90352629933085
8,35,1900,80,49,0,75,4,76.0,0.0
8,35,1900,85,46,0,57,13,248.0,0.0
8,35,1900,90,46,0,71,9,192.0,0.0
8,35,1900,80,36,1,63,13,172.0,132.92952222157362
8,35,1800,80,35,0,57,14,220.0,0.0
8,35,1800,90,36,0,69,18,282.0,0.0
8,35,1800,80,37,1,97,11,244.0,164.45167276855645
8,35,1800,80,43,1,49,4,116.0,37.59353970455535
8,35,1900,60,42,0,93,10,220.0,0.0
8,35,1800,80,49,1,51,7,152.0,86.42616397455002
8,35,1800,75,37,0,77,10,216.0,0.0
8,35,1800,90,39,1,67,15,216.0,253.9865438348655
8,35,1800,60,40,1,59,7,86.0,153.66708634040907
8,35,1800,60,44,0,63,9,152.0,0.0
8,35,1800,80,46,0,69,9,140.0,0.0
8,35,1800,85,47,0,55,4,76.0,0.0
8,35,1800,80,48,1,33,2,66.0,39.90966629570286
8,35,1800,65,37,1,55,12,146.0,140.8514642439814
8,35,1800,85,43,0,91,12,214.0,0.0
8,35,1800,70,43,1,65,6,122.0,89.90118150298801
8,35,1800,90,46,1,69,11,188.0,142.40288950892364
8,35,1800,65,48,0,61,6,98.0,0.0
8,35,1800,70,50,1,99,11,158.0,238.41825489938387
8,35,1800,80,49,0,61,8,120.0,0.0
8,35,1800,60,39,1,41,11,146.0,226.8665643928245
8,35,1800,70,43,0,111,8,176.0,0.0
8,35,1800,80,43,1,81,10,218.0,172.91952240953552
8,35,1800,85,48,0,55,4,114.0,0.0
8,35,1800,75,47,0,111,7,112.0,0.0
8,35,1800,85,49,0,65,6,164.0,0.0
8,35,1800,85,48,1,59,10,156.0,209.55869756140936
8,35,1800,80,44,1,57,12,136.0,299.75067112631046
8,35,1800,70,37,0,65,9,174.0,0.0
8,35,1800,65,40,0,99,5,100.0,0.0
8,35,1800,85,45,1,71,11,250.0,241.75746337602354
8,35,1800,85,46,0,65,9,162.0,0.0
8,35,1800,75,49,1,77,8,150.0,94.38478898275366
8,35,1800,80,48,1,141,10,260.0,321.8834706869387
8,35,1800,60,44,0,57,8,164.0,0.0
8,35,1800,75,35,0,65,8,194.0,0.0
8,35,1800,85,40,0,117,11,240.0,0.0
8,35,1800,65,43,0,59,7,158.0,0.0
8,35,1800,80,47,1,111,7,134.0,82.41675488092159
8,35,1800,75,45,1,103,9,212.0,169.73417567751028
8,35,1700,80,50,1,31,3,74.0,78.07907474924826
8,35,1800,75,48,1,89,4,90.0,107.23098711261024
8,35,1700,80,35,0,67,12,238.0,0.0
8,35,1700,75,35,1,51,14,204.0,132.1488022390087
8,35,1700,85,36,0,89,11,236.0,0.0
8,35,1700,75,39,0,117,11,210.0,0.0
8,35,1700,60,47,1,53,8,94.0,136.1976182164135
8,35,1700,75,38,1,65,7,146.0,92.28269314247281
8,35,1700,70,37,0,61,10,154.0,0.0
8,35,1700,60,37,0,55,7,174.0,0.0
8,35,1700,85,39,0,33,7,112.0,0.0
8,35,1700,80,44,1,33,4,66.0,79.11073812255623
8,35,1700,65,43,1,55,5,120.0,68.25954875590492
8,35,1700,85,48,1,47,4,108.0,133.73533455671551
8,35,1700,60,46,0,65,5,100.0,0.0
8,35,1700,80,48,1,29,3,84.0,103.61423717187937
8,35,1700,70,35,1,57,10,132.0,117.11964995777826
8,35,1700,90,40,1,67,9,128.0,78.83389138810688
8,35,1700,90,37,0,63,8,122.0,0.0
8,35,1700,60,37,0,93,7,128.0,0.0
8,35,1700,60,45,1,35,5,96.0,65.04184767045405
8,35,1700,70,42,0,29,1,30.0,0.0
8,35,1700,80,42,0,97,9,212.0,0.0
8,35,1700,85,41,1,61,16,264.0,385.9977332658906
8,35,1700,75,37,0,83,15,214.0,0.0
8,35,1700,65,41,1,53,7,108.0,133.73904708251104
8,35,1700,85,48,1,59,4,122.0,137.27960848514067
8,35,1700,75,44,0,17,2,18.0,0.0
8,35,1700,85,46,1,99,7,134.0,157.9298767913371
8,35,1700,75,48,0,19,2,34.0,0.0
8,35,1700,80,37,0,61,10,176.0,0.0
8,35,1700,60,39,1,55,8,130.0,239.97857886755537
8,35,1700,65,42,1,57,5,144.0,117.61757832612888
8,35,1700,85,43,0,53,7,142.0,0.0
8,35,1700,70,44,0,31,5,82.0,0.0
8,35,1700,75,48,1,103,8,204.0,237.68761949589432
8,35,1700,80,49,0,123,9,210.0,0.0
8,35,1700,75,35,0,33,12,150.0,0.0
8,35,1700,90,37,0,95,14,188.0,0.0
8,35,1600,75,37,1,81,12,190.0,155.95111200415627
8,35,1700,60,35,1,101,12,178.0,194.73354607452703
8,35,1600,85,38,1,31,6,122.0,58.80059242038478
8,35,1600,75,38,0,29,7,76.0,0.0
8,35,1700,70,39,1,93,6,154.0,147.86881010446837
8,35,1600,90,38,1,79,5,142.0,55.62491645440988
8,35,1600,85,38,0,91,11,144.0,0.0
8,35,1600,70,43,0,27,3,68.0,0.0
8,35,1600,70,45,1,83,10,162.0,247.26154458994486
8,35,1600,65,42,0,27,6,88.0,0.0
8,35,1600,65,41,0,59,8,172.0,0.0
8,35,1600,60,43,1,29,5,110.0,91.16698612697203
8,35,1600,70,40,1,37,6,72.0,92.29205594442392
8,35,1600,75,35,1,37,7,130.0,86.62282486032908
8,35,1600,90,42,0,31,6,102.0,0.0
8,35,1600,60,38,0,79,7,152.0,0.0
8,35,1600,80,46,0,75,8,190.0,0.0
8,35,1600,90,38,0,59,3,74.0,0.0
8,35,1600,90,42,1,55,10,148.0,113.74157415754321
8,35,1600,80,46,1,49,3,82.0,35.176903816946144
8,35,1600,85,38,0,53,11,194.0,0.0
8,35,1600,80,43,1,31,5,80.0,59.670869320615026
8,35,1600,85,45,0,25,8,76.0,0.0
8,35,1600,85,47,1,41,7,72.0,69.51948432987949
8,35,1600,70,46,0,27,1,28.0,0.0
8,35,1600,60,48,1,67,5,68.0,166.9666761337207
8,35,1600,85,49,1,55,6,114.0,57.45794752801147
8,35,1600,65,36,1,47,10,86.0,76.90746455032848
8,35,1600,85,41,1,57,3,58.0,60.00329208423423
8,35,1600,80,40,1,31,3,48.0,39.36378765816013
8,35,1600,70,41,0,83,8,144.0,0.0
8,35,1600,85,43,0,101,10,166.0,0.0
8,35,1600,75,45,0,125,7,156.0,0.0
8,35,1600,65,48,0,69,6,102.0,0.0
8,35,1600,75,36,1,63,8,150.0,75.51865473262951
8,35,1600,85,40,1,83,13,176.0,130.94653571992563
8,35,1600,85,42,1,63,13,200.0,258.3562326368514
8,35,1600,75,47,1,45,9,86.0,145.35170464750635
8,35,1600,85,42,0,53,8,138.0,0.0
8,35,1600,80,48,0,73,6,104.0,0.0
8,35,1600,80,42,0,27,5,94.0,0.0
8,35,1500,75,35,1,51,14,156.0,157.18352860784944
8,35,1600,75,40,0,31,7,76.0,0.0
8,35,1500,75,38,1,47,6,124.0,82.23948739426262
8,35,1500,60,44,0,55,4,100.0,0.0
8,35,1500,90,46,1,63,7,64.0,94.44841754029854
8,35,1500,80,49,0,29,4,60.0,0.0
8,35,1500,75,48,0,17,1,18.0,0.0
8,35,1500,90,39,0,53,8,136.0,0.0
8,35,1500,65,38,1,61,10,140.0,78.19682430503967
8,35,1500,85,35,0,85,13,142.0,0.0
8,35,1500,60,40,1,55,5,116.0,80.46963113586155
8,35,1500,85,47,0,29,2,56.0,0.0
8,35,1500,70,50,1,23,2,24.0,41.267824051750196
8,35,1500,60,43,1,65,6,90.0,54.84305525492125
8,35,1500,90,41,1,79,7,148.0,152.57288981014193
8,35,1500,65,42,0,29,4,88.0,0.0
8,35,1500,60,40,0,67,6,122.0,0.0
8,35,1500,85,41,0,23,4,56.0,0.0
8,35,1500,60,42,1,53,5,114.0,111.00159812209121
8,35,1500,90,41,0,85,13,134.0,0.0
8,35,1500,85,45,1,49,9,158.0,253.1938333230033
8,35,1500,85,36,1,41,6,86.0,40.46557032652032
8,35,1500,60,43,1,91,10,150.0,141.57267683731314
8,35,1500,90,42,1,79,10,190.0,138.12267014074635
8,35,1500,90,44,0,29,5,52.0,0.0
8,35,1500,65,45,0,53,5,80.0,0.0
8,35,1500,80,45,0,107,7,164.0,0.0
8,35,1500,80,50,1,29,1,30.0,17.922406810290642
8,35,1500,60,42,0,59,5,116.0,0.0
8,35,1500,70,44,1,77,11,150.0,233.81839913479752
8,35,1500,85,41,0,57,6,134.0,0.0
8,35,1500,60,50,1,41,3,60.0,90.31284026257777
8,35,1500,90,50,0,75,6,152.0,0.0
8,35,1500,65,50,0,55,3,86.0,0.0
8,35,1500,60,43,1,29,2,60.0,26.619300314104933
8,35,1500,85,36,1,33,8,96.0,84.83400469607372
8,35,1500,85,36,0,121,12,190.0,0.0
8,35,1500,85,35,0,79,9,146.0,0.0
8,35,1500,90,43,1,67,10,122.0,153.5179909307868
8,35,1500,65,41,0,53,8,102.0,0.0
7,40,3000,85,45,1,173,37,626.0,740.523168353248
8,35,1500,70,42,1,63,12,166.0,279.0787964924705
7,40,3000,90,35,0,205,37,648.0,0.0
7,40,3000,60,41,1,109,28,522.0,602.52678617038
7,40,3000,85,42,0,177,27,884.0,0.0
7,40,3000,60,44,1,143,28,402.0,524.5136601588101
7,40,3000,70,38,0,175,33,834.0,0.0
7,40,3000,85,44,1,105,33,516.0,504.9336152041084
7,40,3000,90,43,0,219,34,858.0,0.0
7,40,3000,80,38,0,257,37,754.0,0.0
7,40,3000,70,35,1,135,40,596.0,645.1161978595783
7,40,3000,80,40,1,107,36,536.0,604.4022461386955
7,40,3000,90,42,0,215,34,768.0,0.0
7,40,3000,80,38,0,213,38,948.0,0.0
7,40,3000,70,44,1,169,25,602.0,501.5657041774272
7,40,3000,60,46,1,113,33,552.0,656.636321491131
7,40,3000,70,37,0,173,37,860.0,0.0
7,40,3000,85,38,1,89,39,434.0,465.4384717733502
7,40,3000,85,39,0,157,38,656.0,0.0
7,40,3000,85,44,1,185,34,678.0,635.4527669097373
7,40,3000,90,43,1,173,30,588.0,543.3746260835079
7,40,3000,70,40,0,385,31,766.0,0.0
7,40,3000,80,50,0,107,22,438.0,0.0
7,40,3000,80,37,1,105,38,568.0,609.0902314796955
7,40,3000,60,38,1,143,33,534.0,602.5018054722427
7,40,3000,85,39,0,161,28,590.0,0.0
7,40,3000,85,40,0,291,35,984.0,0.0
7,40,3000,85,47,0,285,23,748.0,0.0
7,40,3000,60,48,1,107,28,440.0,585.1021693673996
7,40,3000,90,50,1,95,25,420.0,702.4526908289754
7,40,3000,65,35,0,149,37,610.0,0.0
7,40,3000,75,35,1,111,39,534.0,583.3087493395408
7,40,3000,75,42,0,155,31,600.0,0.0
7,40,3000,85,46,0,167,31,750.0,0.0
7,40,3000,65,45,1,223,28,844.0,628.068094310816
7,40,3000,80,43,0,219,28,628.0,0.0
7,40,3000,75,44,1,183,36,674.0,765.8109553345748
7,40,3000,70,37,0,155,29,540.0,0.0
7,40,3000,80,40,1,95,38,490.0,544.2739980973665
7,40,2900,90,39,0,153,35,726.0,0.0
7,40,3000,65,38,0,227,35,916.0,0.0
7,40,2900,85,50,1,181,22,400.0,538.3757169203351
7,40,3000,85,48,1,113,26,498.0,551.905637914166
7,40,2900,75,46,1,141,29,568.0,515.0090869803548
7,40,2900,70,36,0,113,37,624.0,0.0
7,40,2900,75,38,0,275,30,830.0,0.0
7,40,2900,60,39,1,123,32,548.0,578.2799463871012
7,40,2900,70,42,1,115,37,518.0,541.0378890863501
7,40,2900,65,48,1,95,24,306.0,597.8349570486633
7,40,2900,80,47,0,209,23,650.0,0.0
7,40,2900,70,48,0,213,25,796.0,0.0
7,40,2900,90,39,0,197,33,736.0,0.0
7,40,2900,60,41,1,107,35,434.0,606.819462058315
7,40,2900,90,42,0,169,30,798.0,0.0
7,40,2900,80,40,0,113,31,594.0,0.0
7,40,2900,65,47,1,113,30,546.0,511.38702950205607
7,40,2900,80,47,1,113,33,566.0,631.1283488382047
7,40,2900,90,50,1,99,29,432.0,658.2283688707661
7,40,2900,60,39,0,165,28,768.0,0.0
7,40,2900,75,41,0,109,28,648.0,0.0
7,40,2900,85,45,0,143,21,458.0,0.0
7,40,2900,80,45,1,113,24,476.0,601.1174798378852
7,40,2900,75,44,0,159,31,802.0,0.0
7,40,2900,90,44,1,225,33,594.0,604.7528324860461
7,40,2900,80,46,1,165,27,590.0,482.59516366907434
7,40,2900,70,36,1,139,33,588.0,347.8267902378486
7,40,2900,75,35,0,221,37,752.0,0.0
7,40,2900,80,44,1,235,29,750.0,555.6159846245246
7,40,2900,80,47,1,219,26,550.0,437.2269204492696
7,40,2900,65,45,0,153,18,578.0,0.0
7,40,2900,75,43,0,259,30,834.0,0.0
7,40,2900,75,50,1,113,20,574.0,578.9455084259997
7,40,2900,70,35,0,109,35,472.0,0.0
7,40,2900,80,39,1,101,37,484.0,643.5509236094416
7,40,2900,60,41,0,177,20,424.0,0.0
7,40,2900,90,44,0,169,29,640.0,0.0
7,40,2900,85,42,0,153,25,538.0,0.0
7,40,2900,90,48,1,237,30,880.0,639.5151331660524
7,40,2900,75,50,1,125,26,530.0,807.306688018637
7,40,2800,60,42,1,157,27,594.0,421.68566925758125
7,40,2900,65,43,1,117,29,462.0,540.607827166051
7,40,2800,65,46,0,215,27,556.0,0.0
7,40,2800,70,42,1,107,30,394.0,403.7594167017476
7,40,2900,90,45,0,163,30,740.0,0.0
7,40,2800,70,45,1,101,23,412.0,488.6934779172932
7,40,2800,60,46,0,201,23,680.0,0.0
7,40,2800,65,39,0,209,26,840.0,0.0
7,40,2800,65,40,1,95,24,448.0,432.4234826542497
7,40,2800,75,37,0,159,30,726.0,0.0
7,40,2800,85,44,0,157,33,746.0,0.0
7,40,2800,90,38,1,157,34,638.0,511.8631111764838
7,40,2800,65,48,1,157,29,712.0,609.9695592999151
7,40,2800,65,49,0,157,10,406.0,0.0
7,40,2800,60,36,1,101,35,462.0,500.65868792006796
7,40,2800,60,37,1,93,29,430.0,450.3859082139775
7,40,2800,90,39,0,167,34,730.0,0.0
7,40,2800,70,42,0,207,24,746.0,0.0
7,40,2800,65,46,0,141,12,346.0,0.0
7,40,2800,75,47,1,115,29,478.0,457.0584860446253
7,40,2800,75,46,1,111,29,594.0,477.51149924504296
7,40,2800,60,37,0,203,34,700.0,0.0
7,40,2800,70,40,1,101,38,462.0,704.9748467148121
7,40,2800,65,39,1,77,27,394.0,543.7950666503247
7,40,2800,85,42,0,193,29,800.0,0.0
7,40,2800,90,40,0,159,31,800.0,0.0
7,40,2800,90,42,0,161,24,626.0,0.0
7,40,2800,80,43,1,275,30,896.0,657.2071464660463
7,40,2800,80,37,0,153,35,560.0,0.0
7,40,2800,90,41,0,155,31,692.0,0.0
7,40,2800,80,43,1,131,37,664.0,678.0234282000795
7,40,2800,65,41,1,155,33,614.0,706.6717809810086
7,40,2800,80,44,0,199,26,652.0,0.0
7,40,2800,65,46,1,145,23,430.0,303.38743550294737
7,40,2800,60,48,1,111,24,478.0,492.1992315318379
7,40,2800,70,35,1,99,32,518.0,527.899270034068
7,40,2800,60,37,1,111,32,540.0,649.8935407311458
7,40,2800,90,48,0,155,21,640.0,0.0
7,40,2800,85,45,0,159,23,518.0,0.0
7,40,2800,80,43,0,295,32,782.0,0.0
7,40,2800,75,46,0,251,25,816.0,0.0
7,40,2800,65,48,1,147,20,430.0,564.8918033761356
7,40,2700,65,35,1,153,35,598.0,495.84945603319153
7,40,2700,60,40,0,151,25,696.0,0.0
7,40,2700,60,43,1,125,30,544.0,760.2327529463324
7,40,2700,75,40,0,143,27,664.0,0.0
7,40,2700,85,47,1,95,31,462.0,466.4265455494852
7,40,2700,65,47,1,131,21,472.0,408.61241957088
7,40,2700,65,48,0,205,15,378.0,0.0
7,40,2700,75,36,0,245,36,906.0,0.0
7,40,2700,85,38,1,201,35,706.0,473.559086058604
7,40,2700,70,41,1,99,29,516.0,628.2143389672596
7,40,2700,70,41,0,187,28,740.0,0.0
7,40,2700,85,45,0,129,21,534.0,0.0
7,40,2700,85,46,0,183,15,432.0,0.0
7,40,2700,85,49,1,203,23,680.0,404.71430060338247
7,40,2700,70,36,1,123,34,420.0,480.72372643439894
7,40,2700,85,35,0,209,37,850.0,0.0
7,40,2700,85,38,1,139,31,480.0,584.6716307716708
7,40,2700,65,39,0,137,36,632.0,0.0
7,40,2700,60,43,1,151,21,506.0,440.76014964742166
7,40,2700,70,37,0,155,28,800.0,0.0
7,40,2700,75,50,1,97,21,326.0,516.7511654351134
7,40,2700,90,38,0,155,32,684.0,0.0
7,40,2700,65,40,0,155,27,648.0,0.0
7,40,2700,65,39,0,149,26,592.0,0.0
7,40,2700,90,39,1,99,33,540.0,705.3585432117903
7,40,2700,75,47,1,89,14,254.0,148.59048791018847
7,40,2700,75,40,0,199,32,860.0,0.0
7,40,2700,80,49,1,131,11,288.0,110.61391018781981
7,40,2700,70,40,1,113,31,562.0,382.55483457452056
7,40,2700,70,35,0,207,32,786.0,0.0
7,40,2700,70,39,1,111,33,494.0,567.9299501342779
7,40,2700,90,38,0,143,32,746.0,0.0
7,40,2700,70,42,1,113,32,406.0,531.3186165057471
7,40,2700,80,46,1,149,21,624.0,339.07203689177663
7,40,2700,90,44,0,255,27,694.0,0.0
7,40,2700,80,42,0,157,29,732.0,0.0
7,40,2700,80,36,1,205,36,676.0,494.2015695049038
7,40,2600,85,44,1,109,33,534.0,695.4312066543773
7,40,2700,70,44,0,157,22,464.0,0.0
7,40,2700,85,45,1,107,23,482.0,446.9677037800593
7,40,2600,60,46,0,133,16,398.0,0.0
7,40,2700,80,46,0,199,26,664.0,0.0
7,40,2600,80,50,1,143,22,438.0,484.5641463882791
7,40,2600,65,37,0,141,28,612.0,0.0
7,40,2600,70,38,1,85,34,392.0,712.9662203833178
7,40,2600,70,44,0,189,24,532.0,0.0
7,40,2600,65,43,1,97,26,408.0,399.8736255095336
7,40,2600,80,47,1,157,20,314.0,266.50091998703886
7,40,2600,85,39,1,145,38,604.0,796.090539018897
7,40,2600,80,48,0,129,12,278.0,0.0
7,40,2600,65,46,0,189,17,538.0,0.0
7,40,2600,60,36,0,143,24,512.0,0.0
7,40,2600,80,40,1,133,28,494.0,398.9296199599662
7,40,2600,90,46,0,145,19,442.0,0.0
7,40,2600,90,41,0,247,28,786.0,0.0
7,40,2600,70,46,0,147,24,576.0,0.0
7,40,2600,85,43,1,73,30,312.0,452.60199587726544
7,40,2600,85,47,1,79,19,280.0,312.15829579633055
7,40,2600,80,35,1,69,37,420.0,524.2731812834551
7,40,2600,60,37,0,191,24,764.0,0.0
7,40,2600,75,45,1,79,25,324.0,447.41580013419036
7,40,2600,70,45,1,147,22,434.0,456.02849720557083
7,40,2600,70,47,1,87,17,330.0,332.90755180303717
7,40,2600,70,48,0,187,19,578.0,0.0
7,40,2600,60,46,0,143,16,402.0,0.0
7,40,2600,65,39,0,155,13,458.0,0.0
7,40,2600,90,40,0,197,29,632.0,0.0
7,40,2600,90,42,1,97,25,384.0,285.23013093444854
7,40,2600,65,47,1,95,16,362.0,295.2594140861449
7,40,2600,75,46,1,95,22,378.0,425.8366124169923
7,40,2600,60,43,0,99,19,374.0,0.0
7,40,2600,75,43,0,123,17,452.0,0.0
7,40,2600,75,35,0,153,35,782.0,0.0
7,40,2600,85,35,1,89,34,464.0,531.0518197798486
7,40,2600,70,40,1,173,25,598.0,347.5316620795251
7,40,2600,90,42,1,101,22,362.0,317.5001363264554
7,40,2600,85,43,0,147,23,548.0,0.0
7,40,2600,60,44,0,141,22,468.0,0.0
7,40,2600,60,46,1,137,22,390.0,275.1020244093931
7,40,2500,75,36,0,231,30,628.0,0.0
7,40,2500,75,36,1,91,35,448.0,453.04429632126755
7,40,2500,70,37,1,107,30,512.0,601.2537846181846
7,40,2500,65,46,0,175,16,418.0,0.0
7,40,2500,80,43,0,195,25,530.0,0.0
7,40,2600,75,47,0,101,22,518.0,0.0
7,40,2500,70,48,1,187,13,418.0,349.4242478598929
7,40,2500,75,36,1,135,36,512.0,487.7136722576884
7,40,2500,60,35,1,93,32,440.0,440.5595094925824
7,40,2500,85,41,1,97,25,398.0,425.6834484598716
7,40,2500,75,40,0,87,21,430.0,0.0
7,40,2500,90,39,0,149,30,640.0,0.0
7,40,2500,80,36,1,131,36,518.0,470.2558521481353
7,40,2500,70,42,0,121,23,502.0,0.0
7,40,2500,85,41,0,143,20,464.0,0.0
7,40,2500,60,37,0,231,25,646.0,0.0
7,40,2500,85,42,1,129,26,436.0,390.91219385809575
7,40,2500,75,42,1,145,25,434.0,394.27087520213064
7,40,2500,80,41,0,191,24,652.0,0.0
7,40,2500,60,44,1,93,17,396.0,331.6206791534044
7,40,2500,85,50,0,83,10,250.0,0.0
7,40,2500,65,35,1,119,30,546.0,373.2858423741394
7,40,2500,85,38,1,127,29,390.0,551.1527370378574
7,40,2500,80,40,0,139,21,530.0,0.0
7,40,2500,60,40,1,113,24,422.0,315.20987662462136
7,40,2500,60,44,1,143,22,414.0,519.2451251069563
7,40,2500,85,47,0,145,26,636.0,0.0
7,40,2500,60,45,0,99,7,196.0,0.0
7,40,2500,65,36,0,137,26,630.0,0.0
7,40,2500,60,43,1,135,22,462.0,372.0829242025778
7,40,2500,80,46,0,131,19,514.0,0.0
7,40,2500,75,43,1,103,25,434.0,466.8655560738341
7,40,2500,65,47,0,91,7,262.0,0.0
7,40,2500,90,46,1,115,28,454.0,380.7175362169295
7,40,2500,80,50,0,115,18,432.0,0.0
7,40,2500,70,37,0,129,26,534.0,0.0
7,40,2500,65,40,1,133,24,450.0,336.3266023773608
7,40,2500,70,41,1,87,26,314.0,364.85877558555495
7,40,2500,90,45,0,147,20,536.0,0.0
7,40,2400,90,48,1,75,27,356.0,557.8963918355324
7,40,2500,90,49,1,131,14,322.0,234.15036416265488
7,40,2500,70,50,0,181,15,328.0,0.0
7,40,2400,65,35,1,71,31,292.0,288.77457484485717
7,40,2400,80,37,1,133,34,502.0,559.3214588767216
7,40,2400,80,38,0,133,27,464.0,0.0
7,40,2400,60,44,1,177,11,318.0,239.99965021146383
7,40,2400,90,39,0,127,30,488.0,0.0
7,40,2400,90,48,0,141,22,480.0,0.0
7,40,2400,75,44,0,173,22,518.0,0.0
7,40,2400,90,35,1,139,26,392.0,345.79407858830206
7,40,2400,80,35,0,171,31,600.0,0.0
7,40,2400,70,36,0,219,26,472.0,0.0
7,40,2400,60,44,1,81,18,250.0,354.9089735695571
7,40,2400,90,48,1,139,20,338.0,566.4507937845212
7,40,2400,80,46,1,137,26,402.0,446.01219370886656
7,40,2400,75,41,0,155,23,576.0,0.0
7,40,2400,85,42,0,143,21,390.0,0.0
7,40,2400,75,41,0,129,20,416.0,0.0
7,40,2400,80,35,1,111,36,460.0,445.8364155928165
7,40,2400,65,44,0,141,15,354.0,0.0
7,40,2400,65,45,1,99,17,294.0,412.70379296836285
7,40,2400,65,45,0,179,12,348.0,0.0
7,40,2400,85,42,1,123,19,462.0,270.9087312396944
7,40,2400,60,36,1,89,25,378.0,250.79754404319968
7,40,2400,90,37,0,91,24,424.0,0.0
7,40,2400,80,37,0,179,30,732.0,0.0
7,40,2400,60,43,1,87,17,292.0,296.8467255980182
7,40,2400,75,48,0,129,12,396.0,0.0
7,40,2400,75,42,1,127,16,318.0,267.5523274723527
7,40,2400,80,49,1,129,17,262.0,240.24676584629012
7,40,2400,90,49,0,137,19,500.0,0.0
7,40,2400,70,37,1,71,29,392.0,397.7873820480201
7,40,2400,70,41,1,159,19,360.0,389.9710848449108
7,40,2400,85,46,1,97,25,334.0,332.03599945070044
7,40,2400,85,45,1,149,22,470.0,418.38563000289537
7,40,2400,70,43,0,139,25,640.0,0.0
7,40,2400,85,46,0,113,18,362.0,0.0
7,40,2400,90,50,0,133,17,400.0,0.0
7,40,2300,90,37,0,161,31,628.0,0.0
7,40,2300,90,39,1,171,21,416.0,458.7984098319723
7,40,2300,85,36,0,175,21,538.0,0.0
7,40,2400,70,42,0,119,13,298.0,0.0
7,40,2400,65,42,1,165,20,448.0,380.96794829884925
7,40,2300,65,41,1,101,21,252.0,366.41593544265277
7,40,2400,85,50,0,91,20,388.0,0.0
7,40,2300,75,37,0,157,23,584.0,0.0
7,40,2300,60,38,0,77,13,294.0,0.0
7,40,2300,75,44,0,95,16,356.0,0.0
7,40,2300,75,45,1,89,22,352.0,483.5360063854173
7,40,2300,75,49,1,69,15,210.0,183.00638378939752
7,40,2300,85,47,1,131,21,300.0,329.82307957926383
7,40,2300,90,50,1,73,21,218.0,398.4079728989136
7,40,2300,65,35,1,109,22,352.0,276.3450706922575
7,40,2300,70,36,1,81,29,382.0,446.33717878959925
7,40,2300,60,41,1,127,16,456.0,255.4527476879608
7,40,2300,75,49,0,137,10,272.0,0.0
7,40,2300,65,45,0,133,13,292.0,0.0
7,40,2300,90,49,0,89,14,352.0,0.0
7,40,2300,75,50,0,131,15,458.0,0.0
7,40,2300,85,39,1,107,20,426.0,433.25520459204233
7,40,2300,75,43,0,131,16,448.0,0.0
7,40,2300,80,38,0,211,23,536.0,0.0
7,40,2300,60,47,1,93,16,246.0,216.28979497405257
7,40,2300,90,40,1,89,26,360.0,404.08421829816047
7,40,2300,90,48,0,145,16,394.0,0.0
7,40,2300,75,43,1,83,20,260.0,292.3002825321518
7,40,2300,90,38,1,173,23,466.0,296.43072159679815
7,40,2300,65,41,0,109,13,388.0,0.0
7,40,2300,80,42,0,131,16,386.0,0.0
7,40,2300,90,50,0,147,12,312.0,0.0
7,40,2300,80,45,1,161,17,398.0,243.37083110425476
7,40,2300,60,46,0,79,6,204.0,0.0
7,40,2300,65,45,1,77,15,302.0,369.42342319382635
7,40,2300,80,41,1,87,27,326.0,510.00910315339456
7,40,2300,65,39,0,159,24,474.0,0.0
7,40,2300,60,40,1,131,25,508.0,355.6478341280424
7,40,2300,90,44,1,143,22,284.0,467.1948868837493
7,40,2300,90,38,0,89,23,408.0,0.0
7,40,2300,80,50,0,87,9,236.0,0.0
7,40,2300,70,47,1,115,19,342.0,216.18429451051153
7,40,2300,75,39,0,131,21,552.0,0.0
7,40,2200,80,40,1,85,17,326.0,210.9860638554117
7,40,2200,80,44,0,115,16,418.0,0.0
7,40,2200,85,49,0,113,13,302.0,0.0
7,40,2200,80,37,1,77,21,326.0,372.56096712378434
7,40,2200,90,50,0,125,11,356.0,0.0
7,40,2200,90,43,1,77,20,202.0,408.55938891421596
7,40,2200,65,38,1,111,26,390.0,400.6884740344138
7,40,2200,65,40,1,117,15,290.0,274.4410887633902
7,40,2200,65,42,0,101,17,340.0,0.0
7,40,2200,70,42,1,89,19,342.0,237.9287132503291
7,40,2200,85,43,0,85,13,194.0,0.0
7,40,2200,75,46,0,111,18,324.0,0.0
7,40,2200,75,48,1,75,14,238.0,225.4085729380774
7,40,2200,85,35,0,123,28,420.0,0.0
7,40,2200,90,38,1,79,32,314.0,454.36704356849845
7,40,2200,65,38,0,113,13,346.0,0.0
7,40,2200,85,44,1,105,22,356.0,456.34786561358766
7,40,2200,60,48,0,203,13,310.0,0.0
7,40,2200,85,42,1,57,20,276.0,403.5865715142022
7,40,2200,65,48,0,169,12,342.0,0.0
7,40,2200,85,36,1,115,32,360.0,473.7994977871002
7,40,2200,90,39,0,165,22,484.0,0.0
7,40,2200,65,38,1,119,22,442.0,361.9126684598949
7,40,2200,70,44,1,113,21,318.0,463.7650496548542
7,40,2200,65,43,1,79,13,232.0,211.18129659840892
7,40,2200,60,50,0,129,10,330.0,0.0
7,40,2200,65,49,0,81,11,230.0,0.0
7,40,2200,65,35,1,113,28,474.0,338.2277530965639
7,40,2200,75,38,1,97,18,244.0,189.50090567536617
7,40,2200,90,42,0,83,24,396.0,0.0
7,40,2200,90,38,0,123,18,430.0,0.0
7,40,2200,60,45,0,113,12,316.0,0.0
7,40,2200,80,45,0,113,13,236.0,0.0
7,40,2200,65,45,1,89,17,350.0,375.3404437935948
7,40,2100,85,37,1,81,29,388.0,529.5201150471606
7,40,2200,65,40,0,131,14,316.0,0.0
7,40,2200,85,36,0,123,18,476.0,0.0
7,40,2200,60,43,1,115,13,288.0,198.95004977459428
7,40,2200,75,45,0,117,14,312.0,0.0
7,40,2200,85,37,1,91,28,406.0,519.4245556168526
7,40,2200,90,43,1,73,16,224.0,177.21446307727987
7,40,2100,80,36,1,81,24,300.0,294.59527635059277
7,40,2100,75,38,1,149,25,440.0,444.2331080361575
7,40,2100,75,43,0,73,17,274.0,0.0
7,40,2100,60,41,0,97,14,356.0,0.0
7,40,2100,75,36,1,121,23,390.0,322.40268674829673
7,40,2100,65,46,0,77,13,186.0,0.0
7,40,2100,80,47,0,97,14,268.0,0.0
7,40,2100,60,35,0,137,23,484.0,0.0
7,40,2100,75,38,1,109,19,344.0,271.56875399428117
7,40,2100,70,41,1,65,13,208.0,206.2142181863622
7,40,2100,75,44,0,75,9,226.0,0.0
7,40,2100,80,46,0,111,12,266.0,0.0
7,40,2100,80,46,1,109,11,238.0,140.44655934172357
7,40,2100,60,46,1,79,7,204.0,140.78081293809697
7,40,2100,65,35,0,79,22,410.0,0.0
7,40,2100,70,38,0,151,16,380.0,0.0
7,40,2100,65,35,1,81,24,330.0,352.7460079573604
7,40,2100,75,39,0,153,16,366.0,0.0
7,40,2100,75,35,0,153,24,492.0,0.0
7,40,2100,85,42,1,117,18,394.0,296.7053267112247
7,40,2100,90,42,1,87,15,206.0,217.91478447945923
7,40,2100,65,38,1,79,17,320.0,379.8337807906858
7,40,2100,60,40,0,109,18,326.0,0.0
7,40,2100,75,44,1,119,14,346.0,347.20569920927164
7,40,2100,70,43,1,91,9,228.0,136.29327824790974
7,40,2100,70,45,0,75,12,284.0,0.0
7,40,2100,80,48,1,81,12,240.0,272.8701057519477
7,40,2100,60,50,0,129,10,262.0,0.0
7,40,2100,70,36,0,121,19,362.0,0.0
7,40,2100,85,37,1,195,22,342.0,348.8264917352709
7,40,2100,85,37,0,225,20,492.0,0.0
7,40,2100,65,36,1,77,25,388.0,281.2896863339186
7,40,2100,85,37,0,117,22,430.0,0.0
7,40,2100,85,48,0,103,11,228.0,0.0
7,40,2100,80,50,1,79,17,258.0,476.08027827559454
7,40,2100,85,38,1,89,21,374.0,265.05836638014335
7,40,2000,75,40,1,83,17,304.0,237.2082734937634
7,40,2000,65,43,1,67,6,164.0,68.83909726175214
7,40,2000,80,46,0,113,13,260.0,0.0
7,40,2100,75,44,0,121,14,270.0,0.0
7,40,2100,90,45,1,99,23,318.0,477.78923680543875
7,40,2100,90,49,0,77,10,248.0,0.0
7,40,2000,75,50,0,105,6,128.0,0.0
7,40,2000,60,38,1,71,14,188.0,147.98666349803423
7,40,2000,80,35,0,109,17,290.0,0.0
7,40,2000,70,38,0,129,20,428.0,0.0
7,40,2000,65,48,0,73,7,180.0,0.0
7,40,2000,85,45,1,61,16,216.0,330.88596063189476
7,40,2000,80,47,1,81,12,212.0,153.17170119047373
7,40,2000,70,50,1,65,5,134.0,134.99291739684014
7,40,2000,90,36,0,109,23,392.0,0.0
7,40,2000,80,43,1,99,17,218.0,221.57115187782645
7,40,2000,90,41,0,145,20,394.0,0.0
7,40,2000,75,48,1,103,12,180.0,240.77053129587986
7,40,2000,65,44,1,59,15,198.0,319.5623814630019
7,40,2000,85,49,0,69,7,178.0,0.0
7,40,2000,60,38,0,139,16,296.0,0.0
7,40,2000,85,35,0,139,17,358.0,0.0
7,40,2000,70,37,1,67,14,194.0,174.95001720756798
7,40,2000,60,40,1,107,8,188.0,104.2659225572337
7,40,2000,90,46,1,73,13,180.0,131.24660701408777
7,40,2000,70,44,0,149,13,218.0,0.0
7,40,2000,65,44,0,77,8,152.0,0.0
7,40,2000,90,46,1,87,13,204.0,130.9928062087666
7,40,2000,80,42,0,113,12,290.0,0.0
7,40,2000,80,40,1,149,21,372.0,269.1416714575036
7,40,2000,75,39,0,113,12,290.0,0.0
7,40,2000,90,42,0,107,14,286.0,0.0
7,40,2000,80,44,1,109,16,188.0,353.65448880481796
7,40,2000,80,49,0,97,14,236.0,0.0
7,40,2000,60,45,1,107,16,278.0,261.59497821678264
7,40,2000,60,35,1,81,14,310.0,193.11619085087673
7,40,2000,60,36,0,117,13,362.0,0.0
7,40,2000,75,39,0,79,13,296.0,0.0
7,40,2000,70,39,1,77,16,204.0,331.04628966360946
7,40,2000,90,48,1,67,12,268.0,326.1757367561984
7,40,2000,75,46,1,91,10,166.0,178.46495686587846
7,40,2000,75,48,0,105,11,242.0,0.0
7,40,1900,70,37,0,111,13,242.0,0.0
7,40,1900,65,45,0,37,5,98.0,0.0
7,40,1900,90,37,0,73,20,290.0,0.0
7,40,1900,65,42,1,73,9,188.0,174.83181835041606
7,40,1900,70,44,1,141,9,180.0,207.68853279932614
7,40,1900,80,47,1,71,9,198.0,86.92557364488746
7,40,2000,70,49,0,105,9,250.0,0.0
7,40,1900,85,37,0,109,16,312.0,0.0
7,40,1900,85,44,0,103,14,240.0,0.0
7,40,1900,75,43,0,107,19,280.0,0.0
7,40,1900,90,48,1,85,11,176.0,339.2373022384173
7,40,1900,90,48,1,93,13,168.0,281.85713000054386
7,40,1900,75,41,1,93,10,256.0,172.80671788035778
7,40,1900,90,49,1,165,13,284.0,134.8836786234767
7,40,1900,80,39,1,139,25,398.0,546.1039393662727
7,40,1900,75,41,1,49,15,176.0,276.0178275407423
7,40,1900,65,43,0,69,10,238.0,0.0
7,40,1900,65,47,0,109,11,248.0,0.0
7,40,1900,85,49,1,75,14,194.0,155.09910346707247
7,40,1900,75,50,0,121,10,172.0,0.0
7,40,1900,80,45,0,143,11,256.0,0.0
7,40,1900,85,36,1,89,21,338.0,247.58261576232218
7,40,1900,65,44,0,95,10,198.0,0.0
7,40,1900,75,43,0,61,10,134.0,0.0
7,40,1900,75,39,1,85,8,120.0,107.88760244756813
7,40,1900,90,42,0,113,17,354.0,0.0
7,40,1900,65,50,1,75,12,194.0,355.2800705500827
7,40,1900,75,49,1,73,12,204.0,106.05707631084061
7,40,1900,65,35,0,71,12,234.0,0.0
7,40,1900,80,38,0,123,16,290.0,0.0
7,40,1900,65,42,1,117,19,286.0,260.35521314229214
7,40,1900,85,44,1,65,15,216.0,363.02621177785517
7,40,1900,65,46,1,65,11,172.0,94.25631884358013
7,40,1900,80,50,0,69,9,132.0,0.0
7,40,1900,85,50,0,139,13,236.0,0.0
7,40,1900,75,35,1,57,25,212.0,327.55730383899055
7,40,1900,60,38,1,113,12,262.0,173.22155855699765
7,40,1800,80,42,1,59,9,210.0,190.158285897334
7,40,1900,75,39,1,69,10,170.0,184.13953751875033
7,40,1900,70,48,0,95,15,332.0,0.0
7,40,1800,70,40,1,61,8,148.0,128.4000761761336
7,40,1800,75,47,0,69,11,204.0,0.0
7,40,1900,90,50,0,101,8,238.0,0.0
7,40,1900,60,50,0,111,7,150.0,0.0
7,40,1800,80,46,0,35,4,102.0,0.0
7,40,1800,85,37,0,103,15,354.0,0.0
7,40,1800,85,43,0,91,12,196.0,0.0
7,40,1800,90,42,1,85,17,176.0,256.3746955814316
7,40,1800,80,45,1,91,9,92.0,155.4653060906463
7,40,1800,85,45,0,67,11,224.0,0.0
7,40,1800,85,49,1,53,9,102.0,111.19986552245688
7,40,1800,80,38,0,69,13,274.0,0.0
7,40,1800,70,38,1,141,20,336.0,205.36198161978737
7,40,1800,90,48,0,63,9,164.0,0.0
7,40,1800,85,45,0,67,9,162.0,0.0
7,40,1800,65,38,1,125,13,274.0,232.5739446182488
7,40,1800,65,42,1,27,5,54.0,102.19081718945183
7,40,1800,70,48,1,61,6,172.0,220.82706836413712
7,40,1800,80,39,0,87,11,250.0,0.0
7,40,1800,75,48,1,89,11,226.0,289.0285248270447
7,40,1800,80,46,1,67,12,196.0,176.28240663630726
7,40,1800,65,50,0,57,6,128.0,0.0
7,40,1800,75,46,0,99,10,232.0,0.0
7,40,1800,70,47,0,89,9,122.0,0.0
7,40,1800,60,50,1,51,5,94.0,94.86297840068785
7,40,1800,60,36,1,67,16,192.0,182.32925435638077
7,40,1800,70,36,1,55,14,178.0,146.4571927107534
7,40,1800,75,45,0,103,8,190.0,0.0
7,40,1800,65,45,0,51,7,106.0,0.0
7,40,1800,75,45,1,71,14,208.0,287.9853453270664
7,40,1800,75,50,0,103,8,156.0,0.0
7,40,1800,90,50,0,49,5,80.0,0.0
7,40,1800,60,48,1,81,11,212.0,331.2335145096977
7,40,1800,75,37,1,105,15,194.0,134.98936461615176
7,40,1800,65,35,1,51,9,116.0,79.17602688368859
7,40,1800,65,38,1,71,8,240.0,111.06637472162296
7,40,1800,65,42,1,99,9,230.0,142.2384429771558
7,40,1800,90,45,0,75,9,156.0,0.0
7,40,1800,60,48,0,35,5,118.0,0.0
7,40,1800,60,49,0,61,6,158.0,0.0
7,40,1700,70,35,1,61,10,202.0,140.88185108194065
7,40,1800,60,49,0,69,10,194.0,0.0
7,40,1700,90,35,0,63,17,268.0,0.0
7,40,1700,80,37,1,101,14,276.0,176.5649899520285
7,40,1700,90,37,0,137,14,286.0,0.0
7,40,1700,70,47,0,85,10,216.0,0.0
7,40,1700,85,50,1,79,10,150.0,276.9724404061996
7,40,1700,90,49,1,51,6,52.0,100.49335010060669
7,40,1700,90,47,0,53,5,74.0,0.0
7,40,1700,65,37,0,65,10,152.0,0.0
7,40,1700,70,36,0,113,14,258.0,0.0
7,40,1700,80,38,1,65,19,196.0,205.2507631409679
7,40,1700,85,40,1,79,10,116.0,159.68473450770733
7,40,1700,65,44,1,43,8,132.0,196.22664322300562
7,40,1700,80,43,0,77,12,112.0,0.0
7,40,1700,65,50,1,65,10,186.0,245.54233230345804
7,40,1700,75,37,0,65,9,152.0,0.0
7,40,1700,75,39,0,81,11,200.0,0.0
7,40,1700,60,42,1,73,13,132.0,209.43200255417923
7,40,1700,85,50,1,33,3,58.0,70.38295366204403
7,40,1700,60,49,0,101,6,158.0,0.0
7,40,1700,65,43,0,33,3,64.0,0.0
7,40,1700,60,45,1,57,7,134.0,151.17328033631844
7,40,1700,60,35,0,149,14,292.0,0.0
7,40,1700,75,38,1,59,14,206.0,177.27276488525973
7,40,1700,65,41,0,55,8,146.0,0.0
7,40,1700,60,44,1,119,8,210.0,224.42636404646865
7,40,1700,65,43,1,55,7,150.0,88.83480251094937
7,40,1700,80,40,0,73,8,190.0,0.0
7,40,1700,75,43,1,101,8,192.0,121.85650324550987
7,40,1700,90,35,0,89,16,266.0,0.0
7,40,1700,75,38,1,129,14,274.0,148.1187993711968
7,40,1700,75,41,0,63,8,150.0,0.0
7,40,1700,65,47,1,79,6,158.0,86.74372059743358
7,40,1700,80,39,0,103,19,266.0,0.0
7,40,1700,85,44,0,61,5,128.0,0.0
7,40,1700,75,44,1,75,11,202.0,317.4286168281478
7,40,1700,80,36,1,95,19,232.0,166.97135149177635
7,40,1700,65,39,0,123,8,174.0,0.0
7,40,1600,70,35,1,61,10,176.0,79.57471039072031
7,40,1700,85,43,1,61,7,154.0,87.81761815145535
7,40,1600,85,43,1,35,6,108.0,87.91652737064038
7,40,1600,85,43,0,53,4,100.0,0.0
7,40,1700,70,48,0,77,8,110.0,0.0
7,40,1600,70,41,0,105,9,164.0,0.0
7,40,1600,65,42,1,85,5,118.0,102.80999014301824
7,40,1600,85,46,0,59,8,148.0,0.0
7,40,1600,75,47,1,57,4,58.0,27.716627826594518
7,40,1600,85,45,1,59,8,164.0,176.70823220121184
7,40,1600,85,47,0,83,10,190.0,0.0
7,40,1600,90,50,0,73,7,136.0,0.0
7,40,1600,80,40,0,61,9,196.0,0.0
7,40,1600,80,40,1,55,16,188.0,199.27446973591378
7,40,1600,65,44,1,29,2,56.0,67.48880849670972
7,40,1600,60,44,0,55,6,112.0,0.0
7,40,1600,65,40,1,43,6,82.0,78.94517366861761
7,40,1600,65,41,1,61,8,94.0,95.39172027780805
7,40,1600,70,49,0,55,3,56.0,0.0
7,40,1600,80,35,1,67,12,148.0,146.1522665086621
7,40,1600,85,39,1,75,9,218.0,279.308721215004
7,40,1600,75,42,0,71,8,160.0,0.0
7,40,1600,70,43,0,111,7,144.0,0.0
7,40,1600,85,47,1,79,16,164.0,124.86574039836736
7,40,1600,85,50,0,49,3,80.0,0.0
7,40,1600,70,44,0,53,6,106.0,0.0
7,40,1600,60,36,1,129,8,130.0,85.1686323760956
7,40,1600,70,38,1,55,9,142.0,100.0392321824875
7,40,1600,75,40,0,31,8,118.0,0.0
7,40,1600,80,45,0,53,5,86.0,0.0
7,40,1600,85,48,1,57,3,58.0,74.07761951151741
7,40,1600,75,47,0,87,10,194.0,0.0
7,40,1600,85,50,1,25,2,44.0,33.33471893266594
7,40,1600,85,36,0,55,13,134.0,0.0
7,40,1600,90,39,0,79,13,218.0,0.0
7,40,1600,75,41,1,43,11,100.0,160.81117512129381
7,40,1600,70,43,0,31,5,62.0,0.0
7,40,1600,60,44,1,45,11,144.0,221.4014556769818
7,40,1600,90,42,1,47,9,132.0,177.48279575254142
7,40,1600,60,38,0,117,16,282.0,0.0
7,40,1600,60,39,0,55,7,110.0,0.0
7,40,1500,60,39,0,55,7,114.0,0.0
7,40,1500,90,37,1,103,16,268.0,200.0218790850972
7,40,1500,75,41,1,55,3,86.0,53.558253193935435
7,40,1600,70,49,1,81,7,112.0,62.01169017388255
7,40,1500,80,50,1,39,8,74.0,144.18745595881512
7,40,1500,80,48,0,79,5,80.0,0.0
7,40,1500,75,38,0,79,12,204.0,0.0
7,40,1500,65,40,0,105,9,160.0,0.0
7,40,1500,90,39,0,73,7,106.0,0.0
7,40,1500,80,41,1,69,9,140.0,233.5740021091342
7,40,1500,85,38,1,81,14,182.0,111.70518858929677
7,40,1500,60,45,1,41,5,94.0,78.98702444337374
7,40,1500,85,49,0,25,3,38.0,0.0
7,40,1500,85,37,0,77,9,186.0,0.0
7,40,1500,60,35,0,87,12,190.0,0.0
7,40,1500,90,40,1,105,9,168.0,119.92999089744973
7,40,1500,65,39,1,59,6,102.0,186.29514505572328
7,40,1500,70,47,0,73,5,74.0,0.0
7,40,1500,65,43,1,37,8,70.0,86.37770218289246
7,40,1500,60,46,1,55,4,116.0,65.89208884084478
7,40,1500,70,35,0,87,10,198.0,0.0
7,40,1500,70,36,1,47,9,112.0,67.57622831290936
7,40,1500,70,37,0,75,9,128.0,0.0
7,40,1500,65,39,1,73,8,150.0,229.78541840618539
7,40,1500,90,38,0,57,7,140.0,0.0
7,40,1500,90,47,0,37,5,118.0,0.0
7,40,1500,65,46,1,7,1,8.0,10.09066851450521
7,40,1500,70,35,0,83,8,170.0,0.0
7,40,1500,70,36,0,57,10,196.0,0.0
7,40,1500,90,45,1,53,8,104.0,146.37751981065665
7,40,1500,70,44,1,81,12,140.0,242.5890343298422
7,40,1500,80,47,1,47,5,72.0,85.84673652713354
7,40,1500,85,45,0,25,1,26.0,0.0
7,40,1500,60,40,1,57,6,94.0,68.90632104805968
7,40,1500,70,35,1,41,9,110.0,109.00671964476727
7,40,1500,80,35,1,105,6,126.0,75.16757847208083
7,40,1500,75,39,0,69,8,98.0,0.0
7,40,1500,70,42,0,51,6,102.0,0.0
7,40,1500,80,46,0,101,9,160.0,0.0
7,40,1500,85,48,1,49,3,78.0,109.3139263251325
7,40,1500,65,50,0,19,3,50.0,0.0
7,39,3000,65,37,1,113,32,460.0,418.7670860981367
7,39,3000,90,37,1,81,39,478.0,643.9077137926721
7,39,3000,60,38,1,93,36,490.0,623.965047749986
7,39,3000,60,39,1,167,30,628.0,693.3831257041178
7,39,3000,65,46,0,223,20,610.0,0.0
7,39,3000,85,49,0,169,22,482.0,0.0
7,39,3000,85,43,0,213,33,638.0,0.0
7,39,3000,70,35,0,177,37,756.0,0.0
7,39,3000,75,36,1,87,39,534.0,636.9533681488845
7,39,3000,90,36,1,111,36,554.0,578.2740117703913
7,39,3000,60,48,1,229,22,774.0,582.4594036759005
7,39,3000,65,49,0,169,24,670.0,0.0
7,39,3000,70,49,0,159,23,748.0,0.0
7,39,3000,85,46,0,169,24,506.0,0.0
7,39,3000,70,38,1,111,33,576.0,689.6519298722247
7,39,3000,75,40,1,133,34,574.0,485.378423085241
7,39,3000,60,41,1,113,29,470.0,523.6861107588711
7,39,3000,80,38,0,155,33,846.0,0.0
7,39,3000,75,45,0,153,21,584.0,0.0
7,39,3000,70,48,1,161,21,552.0,509.76978864592394
7,39,3000,90,45,0,169,34,748.0,0.0
7,39,3000,85,37,0,263,35,828.0,0.0
7,39,3000,85,41,0,175,33,678.0,0.0
7,39,3000,85,45,1,205,32,702.0,645.2554533853156
7,39,3000,90,41,1,165,32,708.0,620.3891325163688
7,39,3000,85,47,1,97,32,492.0,531.6468515187466
7,39,3000,80,45,0,225,22,760.0,0.0
7,39,3000,80,43,0,217,28,632.0,0.0
7,39,3000,90,36,1,153,38,652.0,518.0669439425656
7,39,3000,80,38,1,227,34,706.0,588.3718049081442
7,39,3000,60,39,0,227,32,936.0,0.0
7,39,3000,80,44,1,105,38,564.0,640.3616062392393
7,39,3000,80,40,0,339,31,746.0,0.0
7,39,3000,60,43,1,91,22,366.0,468.78976376325863
7,39,3000,85,50,0,157,23,494.0,0.0
7,39,2900,90,36,0,139,35,548.0,0.0
7,39,3000,85,40,0,177,34,728.0,0.0
7,39,3000,90,41,0,221,32,878.0,0.0
7,39,3000,90,44,0,199,28,812.0,0.0
7,39,3000,75,41,1,157,35,588.0,546.3982062197651
7,39,2900,65,43,1,163,32,524.0,590.4027550444988
7,39,3000,85,47,1,97,34,506.0,553.2452483015807
7,39,2900,65,36,0,103,25,466.0,0.0
7,39,2900,90,38,1,113,37,596.0,609.4144649656384
7,39,2900,70,41,0,211,31,800.0,0.0
7,39,2900,60,44,1,143,28,468.0,693.6305882845762
7,39,2900,80,41,0,211,25,756.0,0.0
7,39,2900,70,44,1,255,28,694.0,733.7152198105331
7,39,2900,70,44,1,169,15,458.0,271.7002857214842
7,39,2900,75,37,1,81,31,480.0,569.8905051314482
7,39,2900,75,38,1,85,38,478.0,698.9563784258636
7,39,2900,90,39,0,167,34,618.0,0.0
7,39,2900,90,42,1,99,35,468.0,669.9544189374195
7,39,2900,80,44,0,167,27,692.0,0.0
7,39,2900,60,44,0,175,21,430.0,0.0
7,39,2900,65,49,0,111,11,404.0,0.0
7,39,2900,60,35,0,165,30,696.0,0.0
7,39,2900,70,36,1,97,36,464.0,513.9614362300234
7,39,2900,65,41,1,169,32,730.0,565.5015286746192
7,39,2900,80,48,1,165,24,418.0,575.8850460851536
7,39,2900,90,42,0,155,32,774.0,0.0
7,39,2900,90,49,0,165,20,622.0,0.0
7,39,2900,85,50,1,103,22,464.0,523.816512502927
7,39,2900,70,36,1,153,35,502.0,455.08918109262027
7,39,2900,60,36,1,137,33,550.0,513.9536853313756
7,39,2900,90,39,0,159,36,722.0,0.0
7,39,2900,60,40,0,205,30,646.0,0.0
7,39,2900,65,37,1,123,33,550.0,518.9665377755167
7,39,2900,70,46,0,111,12,372.0,0.0
7,39,2900,85,45,0,107,18,458.0,0.0
7,39,2900,70,35,0,263,33,910.0,0.0
7,39,2900,90,38,1,93,37,450.0,665.240431940897
7,39,2900,75,39,0,161,34,642.0,0.0
7,39,2900,60,42,0,147,26,672.0,0.0
7,39,2900,60,43,1,95,18,332.0,334.08186704996507
7,39,2900,85,42,1,135,33,504.0,561.0101050088912
7,39,2900,60,46,1,97,24,498.0,349.7958513421421
7,39,2800,90,35,1,109,37,552.0,628.8544103953835
7,39,2800,65,45,0,191,26,708.0,0.0
7,39,2800,65,43,0,155,23,526.0,0.0
7,39,2900,85,46,0,159,22,694.0,0.0
7,39,2900,70,48,1,91,28,470.0,624.9562316780037
7,39,2800,90,46,1,205,28,646.0,479.230142529439
7,39,2900,80,48,0,159,27,692.0,0.0
7,39,2800,60,38,0,151,22,478.0,0.0
7,39,2800,70,39,1,109,32,504.0,696.7619357315182
7,39,2800,65,38,0,215,28,850.0,0.0
7,39,2800,60,38,1,121,31,522.0,527.0119461572182
7,39,2800,80,41,1,95,34,404.0,689.5047545642872
7,39,2800,85,50,1,129,20,490.0,531.0605340212691
7,39,2800,60,50,0,139,14,496.0,0.0
7,39,2800,90,42,1,91,38,482.0,687.7383902240846
7,39,2800,85,48,1,199,29,594.0,632.5089114328749
7,39,2800,65,44,0,159,25,502.0,0.0
7,39,2800,85,43,1,165,27,582.0,568.9662244962884
7,39,2800,60,50,0,199,12,478.0,0.0
7,39,2800,90,45,0,193,29,710.0,0.0
7,39,2800,80,47,0,97,21,472.0,0.0
7,39,2800,90,35,0,107,35,504.0,0.0
7,39,2800,80,43,1,85,26,352.0,512.2913828911873
7,39,2800,80,43,0,111,28,680.0,0.0
7,39,2800,80,43,1,163,24,488.0,514.8174305287781
7,39,2800,60,47,1,87,20,398.0,331.67569152349495
7,39,2800,80,48,0,109,22,478.0,0.0
7,39,2800,75,50,1,261,21,502.0,313.094316015332
7,39,2800,60,35,1,123,34,478.0,349.4216205553611
7,39,2800,90,38,0,151,30,686.0,0.0
7,39,2800,85,41,1,93,32,414.0,685.5159277895496
7,39,2800,65,38,0,165,23,514.0,0.0
7,39,2800,65,42,0,165,23,672.0,0.0
7,39,2800,90,40,0,153,33,588.0,0.0
7,39,2800,75,45,1,119,27,380.0,482.3459297841401
7,39,2800,85,36,0,203,34,794.0,0.0
7,39,2800,85,37,1,165,35,632.0,490.25977930674713
7,39,2800,60,37,0,163,31,734.0,0.0
7,39,2800,60,43,1,113,25,430.0,552.7102337681839
7,39,2800,90,37,0,145,32,698.0,0.0
7,39,2800,65,48,1,151,27,478.0,565.9264308168272
7,39,2800,75,50,1,99,15,298.0,340.3793157485088
7,39,2700,80,36,0,157,32,670.0,0.0
7,39,2700,70,41,1,151,24,540.0,384.688768202563
7,39,2700,80,47,1,173,30,424.0,475.1889758645888
7,39,2700,85,37,1,121,31,444.0,450.0054609585223
7,39,2800,90,48,0,187,23,548.0,0.0
7,39,2700,60,46,0,101,12,322.0,0.0
7,39,2700,60,48,0,155,18,480.0,0.0
7,39,2700,65,35,1,155,29,644.0,402.6179255748467
7,39,2700,90,39,1,99,34,496.0,707.6891834255117
7,39,2700,65,36,0,199,25,664.0,0.0
7,39,2700,85,47,1,159,22,492.0,377.87971461567207
7,39,2700,80,48,0,103,20,478.0,0.0
7,39,2700,60,44,0,189,22,618.0,0.0
7,39,2700,70,46,1,93,21,320.0,314.19163768779094
7,39,2700,75,40,0,137,23,494.0,0.0
7,39,2700,85,39,1,205,30,606.0,561.2877093685198
7,39,2700,75,43,0,155,26,704.0,0.0
7,39,2700,85,42,1,209,29,726.0,445.98294841047965
7,39,2700,65,40,1,95,33,376.0,448.1309479285587
7,39,2700,60,38,0,193,20,530.0,0.0
7,39,2700,90,50,0,97,17,418.0,0.0
7,39,2700,75,38,1,153,37,616.0,678.9282737371954
7,39,2700,85,35,1,147,36,622.0,539.8865497556872
7,39,2700,70,41,1,79,26,412.0,518.173766766918
7,39,2700,75,39,0,135,26,534.0,0.0
7,39,2700,65,49,1,133,22,358.0,338.15016541485596
7,39,2700,75,49,0,147,23,524.0,0.0
7,39,2700,85,50,0,207,18,636.0,0.0
7,39,2700,65,41,0,249,22,614.0,0.0
7,39,2700,90,47,0,103,19,472.0,0.0
7,39,2700,60,48,0,145,18,524.0,0.0
7,39,2700,60,49,0,141,13,374.0,0.0
7,39,2700,80,49,1,113,24,444.0,393.72718897861444
7,39,2700,60,48,1,141,21,408.0,405.32463451262134
7,39,2700,90,50,1,117,27,424.0,628.3493305834634
7,39,2700,75,40,1,99,33,588.0,612.0288017293632
7,39,2700,80,42,1,137,28,518.0,462.9344880329352
7,39,2700,65,46,0,99,17,330.0,0.0
7,39,2700,75,46,0,95,13,266.0,0.0
7,39,2600,80,46,1,145,23,502.0,410.8180702174586
7,39,2700,90,47,1,137,24,526.0,416.71028623487706
7,39,2700,80,45,0,297,19,588.0,0.0
7,39,2600,60,38,0,97,14,342.0,0.0
7,39,2600,85,39,1,147,33,580.0,651.714390196587
7,39,2600,80,38,1,149,34,566.0,662.8651351021691
7,39,2600,85,45,0,87,19,402.0,0.0
7,39,2600,90,41,0,199,24,582.0,0.0
7,39,2600,90,44,0,129,25,612.0,0.0
7,39,2600,65,49,1,69,14,226.0,192.39403022723164
7,39,2600,90,35,1,123,26,466.0,502.0957315918867
7,39,2600,90,39,0,97,22,424.0,0.0
7,39,2600,80,38,1,93,34,412.0,482.8723934816721
7,39,2600,80,37,0,103,31,516.0,0.0
7,39,2600,65,43,1,81,21,350.0,463.83138089635406
7,39,2600,70,46,0,147,12,268.0,0.0
7,39,2600,90,47,1,167,18,434.0,245.5834220381141
7,39,2600,85,36,1,113,37,486.0,521.2369481310997
7,39,2600,90,37,1,99,36,510.0,554.7704567105508
7,39,2600,85,39,0,249,26,638.0,0.0
7,39,2600,80,44,0,191,24,656.0,0.0
7,39,2600,60,50,0,69,11,166.0,0.0
7,39,2600,70,44,1,93,24,466.0,549.774087803411
7,39,2600,65,50,0,205,15,538.0,0.0
7,39,2600,65,40,1,95,23,386.0,307.4783244031504
7,39,2600,60,42,0,173,19,466.0,0.0
7,39,2600,80,43,1,95,21,426.0,470.32165847600373
7,39,2600,65,49,0,147,18,444.0,0.0
7,39,2600,80,49,1,97,15,326.0,247.95609129001448
7,39,2600,80,50,1,141,16,330.0,465.8907649241726
7,39,2600,70,47,0,141,18,514.0,0.0
7,39,2500,70,35,1,131,30,520.0,453.8431161571125
7,39,2500,80,36,1,147,31,514.0,414.04443941049783
7,39,2500,60,43,0,129,16,388.0,0.0
7,39,2500,70,37,0,287,29,720.0,0.0
7,39,2500,70,35,0,137,24,528.0,0.0
7,39,2500,85,42,1,141,23,426.0,266.9802088120328
7,39,2500,60,37,1,143,32,702.0,519.3930703327948
7,39,2500,65,47,0,143,17,456.0,0.0
7,39,2500,65,39,0,221,18,496.0,0.0
7,39,2500,90,41,1,133,25,434.0,447.08454654685977
7,39,2500,75,39,1,229,28,766.0,603.8710644145539
7,39,2500,60,41,0,173,19,458.0,0.0
7,39,2500,60,46,1,129,17,472.0,262.6991236818891
7,39,2500,80,41,0,129,22,512.0,0.0
7,39,2500,85,42,1,115,27,464.0,488.7395238092762
7,39,2500,80,47,0,151,18,368.0,0.0
7,39,2500,85,35,1,133,33,522.0,436.02617284107725
7,39,2500,70,36,1,93,27,452.0,336.82932186259836
7,39,2500,90,41,0,135,23,500.0,0.0
7,39,2500,90,41,0,129,23,404.0,0.0
7,39,2500,70,43,1,135,19,384.0,264.406235893592
7,39,2500,65,39,1,183,27,482.0,585.55339932909
7,39,2500,70,41,0,133,16,366.0,0.0
7,39,2500,90,47,1,143,24,436.0,357.4565364109761
7,39,2500,85,41,0,169,17,378.0,0.0
7,39,2500,80,39,1,143,22,540.0,552.906723610709
7,39,2500,65,49,0,85,9,168.0,0.0
7,39,2500,90,35,1,89,30,438.0,395.5600759394385
7,39,2500,65,36,0,141,24,558.0,0.0
7,39,2500,70,39,1,85,28,350.0,575.6171591295874
7,39,2500,85,40,0,149,26,444.0,0.0
7,39,2500,85,44,0,147,17,508.0,0.0
7,39,2500,80,45,0,121,19,420.0,0.0
7,39,2500,60,48,1,91,16,262.0,304.7071281493085
7,39,2500,80,38,1,85,29,358.0,495.4622405677311
7,39,2500,60,39,1,113,25,390.0,326.5111934023757
7,39,2500,85,43,0,99,20,430.0,0.0
7,39,2400,60,36,1,79,25,250.0,275.46145729387086
7,39,2500,70,40,0,137,21,382.0,0.0
7,39,2500,85,48,1,89,15,304.0,341.7851852924615
7,39,2500,65,49,0,121,10,302.0,0.0
7,39,2400,80,38,0,151,27,510.0,0.0
7,39,2400,80,41,0,81,20,338.0,0.0
7,39,2400,90,42,0,93,20,412.0,0.0
7,39,2400,65,45,1,221,18,488.0,377.65497708607575
7,39,2400,70,46,1,103,16,310.0,249.67648121285475
7,39,2400,60,46,0,59,6,144.0,0.0
7,39,2400,90,44,1,141,30,572.0,543.2576640817242
7,39,2400,60,39,1,101,23,452.0,533.6037548160402
7,39,2400,90,37,1,93,35,444.0,601.0170389986106
7,39,2400,90,36,0,143,27,490.0,0.0
7,39,2400,80,39,1,69,19,262.0,421.60959339491285
7,39,2400,90,46,1,97,21,260.0,282.7845290127176
7,39,2400,85,50,0,129,15,348.0,0.0
7,39,2400,60,49,0,111,15,364.0,0.0
7,39,2400,90,38,0,127,22,532.0,0.0
7,39,2400,60,45,1,85,14,254.0,278.49368322562214
7,39,2400,70,46,0,95,12,374.0,0.0
7,39,2400,90,35,0,137,34,562.0,0.0
7,39,2400,80,46,1,93,18,332.0,340.19755235258555
7,39,2400,75,50,0,177,16,410.0,0.0
7,39,2400,70,46,1,107,15,354.0,218.68864930177924
7,39,2400,85,36,0,131,26,520.0,0.0
7,39,2400,70,40,0,139,20,528.0,0.0
7,39,2400,65,43,0,91,15,372.0,0.0
7,39,2400,85,45,1,129,23,532.0,482.06260733127897
7,39,2400,75,46,1,89,10,176.0,142.73901258562398
7,39,2400,90,46,1,163,17,316.0,236.1137084436911
7,39,2400,70,50,1,93,13,210.0,247.20419013587127
7,39,2400,60,41,0,89,18,312.0,0.0
7,39,2400,80,43,0,223,18,436.0,0.0
7,39,2400,90,41,1,111,22,284.0,365.2111677313333
7,39,2400,85,46,1,139,25,464.0,307.22602470580756
7,39,2400,75,49,0,125,16,272.0,0.0
7,39,2400,75,45,1,135,21,410.0,290.8502533306649
7,39,2400,65,43,0,181,13,330.0,0.0
7,39,2400,75,38,1,129,20,422.0,395.6953566902926
7,39,2400,80,39,0,117,24,408.0,0.0
7,39,2300,65,41,0,79,15,224.0,0.0
7,39,2300,60,42,1,153,20,390.0,261.92872819518846
7,39,2300,75,36,0,161,23,564.0,0.0
7,39,2400,60,50,1,97,14,252.0,341.1471859188892
7,39,2400,65,50,0,113,11,240.0,0.0
7,39,2300,85,36,0,163,29,628.0,0.0
7,39,2300,85,42,1,67,18,284.0,214.8029412317692
7,39,2300,60,42,1,87,21,420.0,377.2706715414152
7,39,2300,90,50,1,87,18,312.0,343.3777015861242
7,39,2300,80,37,1,85,28,376.0,353.4630511848778
7,39,2300,80,46,0,87,20,270.0,0.0
7,39,2300,90,40,1,109,21,336.0,346.39939456178996
7,39,2300,85,50,0,129,15,326.0,0.0
7,39,2300,80,41,1,85,29,414.0,494.00374777135113
7,39,2300,80,44,1,117,24,460.0,573.1945159849904
7,39,2300,75,48,0,147,15,444.0,0.0
7,39,2300,70,50,0,101,13,396.0,0.0
7,39,2300,75,37,1,159,16,442.0,192.14293598041644
7,39,2300,75,39,0,91,16,300.0,0.0
7,39,2300,80,37,1,81,32,418.0,416.3928522810488
7,39,2300,60,41,1,83,24,320.0,333.71435558945024
7,39,2300,85,49,0,179,16,398.0,0.0
7,39,2300,85,43,0,125,15,232.0,0.0
7,39,2300,80,44,0,175,18,472.0,0.0
7,39,2300,65,47,1,81,10,280.0,212.13928955401826
7,39,2300,70,39,1,125,23,332.0,476.77422074440517
7,39,2300,60,38,0,131,18,406.0,0.0
7,39,2300,70,44,0,115,12,328.0,0.0
7,39,2300,80,47,0,117,16,322.0,0.0
7,39,2300,70,47,1,71,9,192.0,143.9568215956504
7,39,2300,65,44,0,135,15,438.0,0.0
7,39,2300,70,36,1,179,31,552.0,398.78574955646064
7,39,2300,65,50,1,131,14,292.0,395.00761880238514
7,39,2300,65,37,0,117,15,416.0,0.0
7,39,2300,90,47,1,109,19,286.0,253.387585111326
7,39,2300,90,45,1,115,20,374.0,475.1749936414761
7,39,2300,65,48,0,121,13,326.0,0.0
7,39,2300,65,42,1,109,18,322.0,284.88223731572907
7,39,2300,90,50,0,119,14,262.0,0.0
7,39,2300,60,35,0,179,25,576.0,0.0
7,39,2200,65,35,0,79,9,242.0,0.0
7,39,2300,80,45,0,133,14,294.0,0.0
7,39,2200,60,38,1,89,25,342.0,309.70570513483835
7,39,2200,65,41,0,123,13,352.0,0.0
7,39,2300,90,43,1,97,25,384.0,459.70293306843934
7,39,2200,65,35,1,169,25,552.0,299.0461386956413
7,39,2200,85,50,1,95,17,200.0,428.8303960073668
7,39,2200,60,37,0,165,17,328.0,0.0
7,39,2200,70,37,0,209,23,440.0,0.0
7,39,2200,75,47,0,87,14,324.0,0.0
7,39,2200,85,47,1,69,15,220.0,199.03409132884892
7,39,2200,90,49,1,109,21,256.0,296.98338995616814
7,39,2200,75,50,1,65,11,148.0,238.31972410242716
7,39,2200,90,48,0,85,12,236.0,0.0
7,39,2200,90,36,0,161,26,524.0,0.0
7,39,2200,60,45,1,153,13,368.0,331.8068150052085
7,39,2200,85,41,1,109,17,324.0,216.59077554379414
7,39,2200,85,45,0,99,13,264.0,0.0
7,39,2200,60,41,0,83,13,302.0,0.0
7,39,2200,65,36,1,85,14,248.0,154.10770013107256
7,39,2200,90,44,1,167,20,464.0,486.86382632166544
7,39,2200,85,35,0,85,22,312.0,0.0
7,39,2200,90,36,1,83,22,294.0,248.61567528761037
7,39,2200,75,39,0,125,22,454.0,0.0
7,39,2200,85,41,1,81,17,232.0,217.81298437997657
7,39,2200,90,39,1,161,22,476.0,567.0342377075003
7,39,2200,75,48,0,81,10,272.0,0.0
7,39,2200,80,41,1,57,9,198.0,194.55088910539945
7,39,2200,80,48,0,77,9,198.0,0.0
7,39,2200,70,44,0,123,12,302.0,0.0
7,39,2200,80,44,1,121,11,256.0,306.67580562993834
7,39,2200,85,36,1,69,26,350.0,291.8606205112204
7,39,2200,90,44,0,107,17,336.0,0.0
7,39,2200,80,41,1,107,18,378.0,344.8633653691536
7,39,2200,60,40,1,77,23,296.0,314.64236611479066
7,39,2200,90,46,0,123,11,350.0,0.0
7,39,2200,90,36,0,121,22,430.0,0.0
7,39,2200,70,45,0,77,12,202.0,0.0
7,39,2200,60,44,1,91,16,224.0,392.7929054338725
7,39,2200,70,36,0,207,27,468.0,0.0
7,39,2200,65,49,0,79,12,280.0,0.0
7,39,2100,75,35,1,119,22,280.0,287.24696395878584
7,39,2100,60,40,1,83,22,304.0,214.29452891086711
7,39,2200,65,50,1,53,10,136.0,236.98050422131212
7,39,2100,60,37,1,105,17,280.0,283.6914870579081
7,39,2100,75,44,0,119,15,428.0,0.0
7,39,2100,70,46,0,79,9,220.0,0.0
7,39,2100,80,50,0,143,15,332.0,0.0
7,39,2100,70,43,1,67,13,250.0,192.7773118805189
7,39,2100,65,43,1,99,12,208.0,141.3041589732969
7,39,2100,80,50,1,79,12,224.0,347.2064658669437
7,39,2100,70,48,0,79,11,260.0,0.0
7,39,2100,70,39,0,143,18,362.0,0.0
7,39,2100,65,38,1,69,24,294.0,255.6927080354788
7,39,2100,90,48,0,109,12,254.0,0.0
7,39,2100,65,36,0,117,20,410.0,0.0
7,39,2100,75,42,0,123,16,338.0,0.0
7,39,2100,75,37,0,113,15,292.0,0.0
7,39,2100,90,44,1,85,21,348.0,439.1999423797928
7,39,2100,85,41,1,93,15,236.0,237.0568209920137
7,39,2100,70,43,0,133,10,238.0,0.0
7,39,2100,70,48,1,77,12,240.0,373.14085301390026
7,39,2100,60,49,1,83,9,162.0,123.90248404707667
7,39,2100,75,36,1,77,20,276.0,219.98526197504796
7,39,2100,85,37,0,145,19,528.0,0.0
7,39,2100,70,38,1,117,16,252.0,258.7201588336967
7,39,2100,80,45,0,105,10,184.0,0.0
7,39,2100,65,35,0,117,25,422.0,0.0
7,39,2100,65,47,0,123,10,288.0,0.0
7,39,2100,65,47,1,121,10,216.0,151.95401088693484
7,39,2100,60,45,0,75,11,224.0,0.0
7,39,2100,65,49,1,105,7,164.0,49.65664966171511
7,39,2100,90,36,1,119,27,470.0,394.63765890400293
7,39,2100,80,41,1,157,18,366.0,322.6865108003222
7,39,2100,60,48,0,79,10,298.0,0.0
7,39,2100,90,50,1,107,11,236.0,310.92739689890874
7,39,2100,70,45,0,103,16,374.0,0.0
7,39,2100,85,37,1,95,25,392.0,344.02555496018516
7,39,2100,85,36,0,147,23,494.0,0.0
7,39,2100,80,38,0,185,19,360.0,0.0
7,39,2100,90,49,1,67,14,184.0,91.25973491473164
7,39,2000,70,37,1,77,19,264.0,227.79256374301545
7,39,2100,65,47,0,157,15,300.0,0.0
7,39,2000,75,47,1,71,12,172.0,183.95533202951512
7,39,2000,65,40,1,75,17,302.0,287.2649171465671
7,39,2000,60,43,0,117,15,280.0,0.0
7,39,2000,90,35,1,85,23,356.0,301.29209984809285
7,39,2000,80,40,0,75,13,228.0,0.0
7,39,2000,90,50,0,139,10,250.0,0.0
7,39,2000,65,39,1,75,15,256.0,362.71381243064184
7,39,2000,85,50,0,87,11,262.0,0.0
7,39,2000,70,43,0,39,6,140.0,0.0
7,39,2000,85,50,1,63,6,100.0,119.708470654988
7,39,2000,65,49,0,93,11,272.0,0.0
7,39,2000,80,49,0,107,11,202.0,0.0
7,39,2000,70,49,1,47,8,142.0,82.47273860539421
7,39,2000,70,35,0,107,18,370.0,0.0
7,39,2000,65,36,1,101,28,362.0,341.68744755886206
7,39,2000,80,43,0,79,13,276.0,0.0
7,39,2000,80,44,1,41,6,88.0,153.44432128537144
7,39,2000,60,48,1,91,11,144.0,264.13300818157603
7,39,2000,70,43,1,73,16,300.0,165.64936426584825
7,39,2000,85,46,0,79,15,298.0,0.0
7,39,2000,90,37,0,109,21,304.0,0.0
7,39,2000,75,37,1,71,24,282.0,325.02181081291866
7,39,2000,85,41,1,115,17,294.0,277.32291809071273
7,39,2000,70,38,0,107,13,250.0,0.0
7,39,2000,70,43,0,103,12,252.0,0.0
7,39,2000,75,46,0,77,8,210.0,0.0
7,39,2000,65,47,1,91,11,172.0,127.07215929911806
7,39,2000,70,37,0,105,14,284.0,0.0
7,39,2000,70,42,1,77,12,248.0,198.325356246677
7,39,2000,80,39,1,87,23,288.0,453.0083549392056
7,39,2000,70,39,0,75,9,202.0,0.0
7,39,2000,80,39,0,67,10,234.0,0.0
7,39,2000,60,35,1,69,14,280.0,118.28981304103267
7,39,2000,80,40,1,77,19,326.0,269.69299541738536
7,39,2000,70,45,0,117,11,228.0,0.0
7,39,1900,80,35,1,71,22,222.0,277.77645934656124
7,39,2000,80,49,1,71,9,166.0,111.07642282810559
7,39,2000,80,37,0,141,21,424.0,0.0
7,39,1900,65,37,1,87,18,248.0,224.6137841286748
7,39,2000,85,42,0,67,8,140.0,0.0
7,39,2000,75,45,1,45,14,156.0,262.05612627544207
7,39,1900,90,46,0,99,8,138.0,0.0
7,39,1900,75,35,0,113,20,410.0,0.0
7,39,1900,65,35,1,67,19,280.0,184.68954546633844
7,39,1900,60,42,0,73,8,178.0,0.0
7,39,1900,70,35,0,177,16,436.0,0.0
7,39,1900,60,37,1,45,10,148.0,101.75082622296338
7,39,1900,90,35,1,75,22,272.0,270.2145955078224
7,39,1900,90,41,0,63,9,98.0,0.0
7,39,1900,90,44,1,89,15,250.0,311.0203852147745
7,39,1900,65,40,1,53,6,124.0,95.42975675336388
7,39,1900,85,42,0,37,12,176.0,0.0
7,39,1900,65,40,1,79,11,198.0,120.7703975666495
7,39,1900,65,48,0,85,12,242.0,0.0
7,39,1900,70,45,0,171,10,270.0,0.0
7,39,1900,75,48,1,87,14,144.0,216.85047468941812
7,39,1900,90,38,0,101,20,318.0,0.0
7,39,1900,90,46,0,89,8,192.0,0.0
7,39,1900,65,47,1,37,4,126.0,49.53171387802806
7,39,1900,70,39,0,113,14,292.0,0.0
7,39,1900,90,43,1,73,14,236.0,247.6315432657491
7,39,1900,90,38,1,55,18,200.0,212.68871038190096
7,39,1900,70,49,0,131,9,132.0,0.0
7,39,1900,60,50,1,41,4,100.0,134.74449606941334
7,39,1900,65,39,0,73,11,218.0,0.0
7,39,1900,65,41,0,67,8,106.0,0.0
7,39,1900,60,42,1,77,16,214.0,272.9164892359836
7,39,1900,60,37,0,37,6,100.0,0.0
7,39,1900,65,35,0,105,15,332.0,0.0
7,39,1900,75,43,1,111,13,242.0,232.27474364213052
7,39,1900,75,37,1,73,18,296.0,203.01699388603384
7,39,1900,85,47,1,31,5,74.0,41.53279877154757
7,39,1900,80,43,0,111,13,272.0,0.0
7,39,1900,90,42,0,169,20,380.0,0.0
7,39,1900,75,38,1,83,11,166.0,129.49650024800027
7,39,1900,70,50,1,107,9,184.0,215.8915084433562
7,39,1900,60,47,0,95,6,134.0,0.0
7,39,1900,90,47,1,63,13,156.0,141.346411414049
7,39,1800,90,41,0,69,11,186.0,0.0
7,39,1900,85,43,0,103,10,242.0,0.0
7,39,1800,90,47,0,65,7,122.0,0.0
7,39,1800,65,48,1,69,7,106.0,200.03325170304402
7,39,1800,85,48,1,65,12,212.0,279.7990248072606
7,39,1800,90,42,0,139,19,286.0,0.0
7,39,1800,65,42,1,43,8,128.0,167.214272611318
7,39,1800,60,37,1,81,17,256.0,252.27270116559632
7,39,1800,70,49,1,45,3,46.0,46.54380510213906
7,39,1800,90,50,0,93,8,218.0,0.0
7,39,1800,60,48,1,57,7,122.0,187.4913143629962
7,39,1800,70,37,1,63,20,184.0,256.1316197852284
7,39,1800,65,50,0,117,6,118.0,0.0
7,39,1800,90,50,0,71,8,140.0,0.0
7,39,1800,90,38,0,127,11,216.0,0.0
7,39,1800,90,35,0,107,16,298.0,0.0
7,39,1800,90,43,1,85,12,180.0,159.3210717806434
7,39,1800,70,39,1,71,11,234.0,325.4314104628488
7,39,1800,80,46,0,87,11,144.0,0.0
7,39,1800,80,40,1,55,13,168.0,162.5228490497671
7,39,1800,85,38,1,101,18,262.0,212.1058797647503
7,39,1800,60,45,0,69,13,228.0,0.0
7,39,1800,80,38,0,65,11,250.0,0.0
7,39,1800,85,47,1,47,9,126.0,160.05348163258034
7,39,1800,70,43,0,67,11,226.0,0.0
7,39,1800,80,46,0,71,9,158.0,0.0
7,39,1800,75,47,1,57,13,152.0,138.95295092007555
7,39,1800,65,37,1,59,7,114.0,67.66697058226094
7,39,1800,60,38,1,83,9,166.0,128.8799605418404
7,39,1800,65,41,0,125,15,314.0,0.0
7,39,1800,85,37,1,65,17,254.0,150.90709819871725
7,39,1800,85,42,1,33,7,90.0,100.46439025157578
7,39,1800,60,47,0,89,5,154.0,0.0
7,39,1800,80,45,0,89,6,150.0,0.0
7,39,1800,65,35,1,71,15,214.0,174.54379627100988
7,39,1800,80,36,0,103,14,288.0,0.0
7,39,1800,80,38,0,103,17,318.0,0.0
7,39,1800,60,39,1,133,15,268.0,382.31088522581837
7,39,1800,80,48,0,93,10,192.0,0.0
7,39,1800,65,49,0,65,7,136.0,0.0
7,39,1800,90,50,1,71,11,134.0,300.27463163096127
7,39,1700,80,43,1,65,13,232.0,230.92394346427318
7,39,1700,70,35,1,59,10,172.0,98.34695463548648
7,39,1700,90,42,1,95,11,120.0,204.24076952877678
7,39,1700,85,43,1,99,13,232.0,195.95442705677868
7,39,1700,70,37,0,63,12,262.0,0.0
7,39,1700,75,44,0,95,10,212.0,0.0
7,39,1700,90,45,0,91,9,174.0,0.0
7,39,1700,75,49,0,31,6,80.0,0.0
7,39,1700,60,35,1,89,13,244.0,150.02894032286733
7,39,1700,70,36,1,79,13,206.0,154.12625908075432
7,39,1700,60,37,0,53,10,192.0,0.0
7,39,1700,60,37,0,33,12,192.0,0.0
7,39,1700,60,35,1,57,5,126.0,54.69721791766971
7,39,1700,60,43,1,79,10,178.0,202.0782655787143
7,39,1700,65,46,0,63,7,154.0,0.0
7,39,1700,70,35,0,125,14,286.0,0.0
7,39,1700,75,40,1,87,8,182.0,91.1518974427564
7,39,1700,70,41,0,63,9,228.0,0.0
7,39,1700,70,41,0,57,6,106.0,0.0
7,39,1700,90,48,0,87,5,112.0,0.0
7,39,1700,60,50,1,73,5,140.0,118.48369903759414
7,39,1700,90,49,1,57,3,58.0,8.82842712474619
7,39,1700,60,38,0,51,7,112.0,0.0
7,39,1700,60,43,1,63,5,92.0,40.49279586084699
7,39,1700,65,37,1,61,15,184.0,232.46390514790832
7,39,1700,75,45,0,65,8,186.0,0.0
7,39,1700,75,47,1,111,5,126.0,73.3493265838343
7,39,1700,90,50,0,101,12,222.0,0.0
7,39,1700,90,50,1,69,8,104.0,133.74949736940945
7,39,1700,90,42,1,47,10,114.0,123.94265566606938
7,39,1700,65,36,1,63,15,224.0,167.84291849558272
7,39,1700,60,49,0,65,6,98.0,0.0
7,39,1700,60,47,0,31,4,114.0,0.0
7,39,1700,75,44,0,65,9,190.0,0.0
7,39,1700,90,46,0,95,10,162.0,0.0
7,39,1700,90,36,1,63,9,142.0,73.10028206166686
7,39,1700,70,38,1,101,17,264.0,186.21582698984784
7,39,1700,80,50,1,79,7,188.0,207.98761310441964
7,39,1700,65,37,0,125,14,276.0,0.0
7,39,1600,70,37,1,77,17,212.0,221.16813928211317
7,39,1600,80,38,0,31,4,90.0,0.0
7,39,1700,90,44,0,61,8,188.0,0.0
7,39,1600,80,38,0,63,10,180.0,0.0
7,39,1600,65,40,1,87,10,118.0,117.4681822124155
7,39,1600,65,45,0,87,7,120.0,0.0
7,39,1600,85,38,1,67,12,168.0,149.50384715617713
7,39,1600,90,35,0,31,7,114.0,0.0
7,39,1600,70,47,1,31,5,82.0,68.57625068539006
7,39,1600,75,50,1,47,6,48.0,119.1261145637589
7,39,1600,65,45,1,105,11,180.0,285.0452365365854
7,39,1600,75,48,0,69,7,152.0,0.0
7,39,1600,90,42,0,71,12,126.0,0.0
7,39,1600,80,43,1,95,9,180.0,97.82003296766538
7,39,1600,85,36,1,77,11,188.0,125.68280987841865
7,39,1600,85,40,0,89,15,206.0,0.0
7,39,1600,65,42,0,81,9,82.0,0.0
7,39,1600,90,45,0,107,14,224.0,0.0
7,39,1600,65,36,0,91,9,166.0,0.0
7,39,1600,90,44,1,53,8,110.0,226.68248472917503
7,39,1600,70,39,0,81,10,170.0,0.0
7,39,1600,65,45,1,41,8,68.0,155.65694408776992
7,39,1600,75,37,1,73,10,158.0,73.61007760124735
7,39,1600,60,50,1,115,6,116.0,139.42195750192775
7,39,1600,80,36,0,29,4,58.0,0.0
7,39,1600,75,35,1,63,21,222.0,251.13171117119964
7,39,1600,85,47,0,29,4,60.0,0.0
7,39,1600,70,41,0,57,9,166.0,0.0
7,39,1600,65,38,1,47,12,124.0,99.27675581026841
7,39,1600,90,37,0,85,17,270.0,0.0
7,39,1600,65,48,1,49,8,130.0,242.29814380770262
7,39,1600,70,35,1,53,11,124.0,127.35560181379915
7,39,1600,75,38,1,61,10,130.0,107.5923530518801
7,39,1600,75,42,0,29,2,52.0,0.0
7,39,1600,85,38,0,93,20,274.0,0.0
7,39,1600,75,41,0,79,9,152.0,0.0
7,39,1600,60,48,1,67,10,124.0,211.52437453422945
7,39,1600,90,47,0,91,12,174.0,0.0
7,39,1600,70,36,0,49,10,180.0,0.0
7,39,1500,70,41,1,95,13,158.0,274.9788518755794
7,39,1600,80,50,1,31,2,62.0,42.36632810996641
7,39,1500,90,43,1,113,9,222.0,145.59585915977408
7,39,1600,75,49,1,105,6,106.0,59.459119311802645
7,39,1500,65,50,0,27,5,80.0,0.0
7,39,1500,75,49,0,51,4,88.0,0.0
7,39,1500,60,42,1,75,7,76.0,121.97437433175669
7,39,1500,70,35,0,55,6,136.0,0.0
7,39,1500,65,37,0,59,6,122.0,0.0
7,39,1500,70,44,1,37,5,92.0,108.43332245476176
7,39,1500,65,47,1,71,13,188.0,186.59801620813872
7,39,1500,80,46,0,63,6,120.0,0.0
7,39,1500,90,35,0,57,8,124.0,0.0
7,39,1500,90,43,1,49,4,98.0,58.84155134040747
7,39,1500,80,43,0,73,5,82.0,0.0
7,39,1500,80,49,1,53,5,104.0,66.7762019181628
7,39,1500,60,44,1,49,6,78.0,173.97892969322757
7,39,1500,65,42,1,59,9,152.0,163.9375397625928
7,39,1500,60,40,0,27,5,84.0,0.0
7,39,1500,85,43,1,69,7,120.0,72.76228749598292
7,39,1500,70,46,0,55,7,106.0,0.0
7,39,1500,80,35,1,79,10,180.0,122.73611367629503
7,39,1500,65,35,0,57,7,86.0,0.0
7,39,1500,60,39,0,49,4,78.0,0.0
7,39,1500,60,35,0,55,7,124.0,0.0
7,39,1500,80,42,1,63,6,88.0,131.98069743047347
7,39,1500,85,46,0,49,4,78.0,0.0
7,39,1500,85,48,1,83,8,112.0,156.13545996400674
7,39,1500,80,35,0,53,8,168.0,0.0
7,39,1500,90,39,1,77,8,180.0,251.34028343357647
7,39,1500,60,39,1,57,7,104.0,187.40726868950742
7,39,1500,85,38,1,55,13,126.0,122.63709096338415
7,39,1500,80,44,0,83,10,158.0,0.0
7,39,1500,75,45,1,49,6,126.0,164.1860802880808
7,39,1500,75,45,0,93,6,148.0,0.0
7,39,1500,75,35,0,57,8,160.0,0.0
7,39,1500,90,37,1,29,6,108.0,105.12989290930142
7,39,1500,80,39,0,101,6,102.0,0.0
7,39,1500,60,40,0,23,1,24.0,0.0
7,39,1500,90,44,0,91,7,142.0,0.0
7,39,1500,65,46,1,29,3,78.0,46.330554596057155
7,39,1500,60,50,1,29,3,70.0,73.37506458536616
7,38,3000,65,36,0,205,31,824.0,0.0
7,38,3000,90,36,0,175,38,688.0,0.0
7,38,3000,60,41,1,97,32,542.0,703.3346839489913
7,38,3000,65,39,1,173,26,618.0,526.2000685186096
7,38,3000,85,49,1,139,23,392.0,327.38805471097396
7,38,3000,90,39,1,173,35,614.0,650.2365571987597
7,38,3000,75,45,1,169,34,764.0,746.6840667839604
7,38,3000,85,42,0,171,31,710.0,0.0
7,38,3000,70,50,0,173,25,698.0,0.0
7,38,3000,90,47,1,179,27,654.0,495.89818898519957
7,38,3000,85,50,0,151,23,578.0,0.0
7,38,3000,70,42,1,139,32,628.0,635.4209443431608
7,38,3000,90,46,0,145,25,592.0,0.0
7,38,3000,65,43,0,115,26,696.0,0.0
7,38,3000,80,35,1,129,38,498.0,485.3911556625163
7,38,3000,80,39,0,169,30,668.0,0.0
7,38,3000,70,41,1,101,33,540.0,768.8665601966312
7,38,3000,80,39,1,169,34,652.0,653.6043958516383
7,38,3000,80,41,0,219,32,820.0,0.0
7,38,3000,75,45,0,227,23,736.0,0.0
7,38,3000,60,46,1,167,26,498.0,605.5625790025668
7,38,3000,80,35,0,115,37,538.0,0.0
7,38,3000,90,40,1,95,37,484.0,530.2254601196009
7,38,3000,65,40,1,117,32,604.0,636.3418939172407
7,38,3000,75,39,1,105,36,480.0,812.6899364026201
7,38,3000,65,48,0,215,21,732.0,0.0
7,38,3000,60,44,0,207,18,602.0,0.0
7,38,3000,85,50,0,215,19,590.0,0.0
7,38,3000,65,38,1,93,36,448.0,720.7583039215614
7,38,3000,80,42,1,115,35,610.0,641.9021887169439
7,38,3000,60,45,0,227,24,672.0,0.0
7,38,3000,80,38,0,169,33,858.0,0.0
7,38,3000,90,35,0,165,35,806.0,0.0
7,38,3000,90,38,0,173,34,764.0,0.0
7,38,3000,80,37,1,103,37,518.0,531.683113326026
7,38,3000,75,43,1,109,31,540.0,733.2208363383018
7,38,3000,90,49,1,119,30,506.0,492.9516332851027
7,38,3000,90,45,1,165,33,628.0,521.9368800445399
7,38,3000,65,49,0,115,15,328.0,0.0
7,38,3000,80,47,0,223,27,756.0,0.0
7,38,2900,65,37,0,159,31,764.0,0.0
7,38,2900,70,38,1,151,35,524.0,640.8048530241136
7,38,2900,65,36,1,109,33,516.0,447.32100420335877
7,38,2900,70,37,0,331,30,700.0,0.0
7,38,2900,65,40,1,161,33,660.0,562.9356708623002
7,38,2900,70,39,0,161,28,798.0,0.0
7,38,2900,80,46,0,163,26,720.0,0.0
7,38,2900,70,40,1,113,36,574.0,598.0920613708815
7,38,2900,60,36,0,215,34,834.0,0.0
7,38,2900,60,49,1,125,21,328.0,326.839425643736
7,38,2900,85,38,1,81,32,408.0,551.980478804567
7,38,2900,75,48,1,99,26,396.0,708.0278944447055
7,38,2900,90,49,0,161,22,578.0,0.0
7,38,2900,90,42,1,151,30,504.0,700.6832979970507
7,38,2900,65,47,0,205,15,432.0,0.0
7,38,2900,65,39,0,165,28,836.0,0.0
7,38,2900,65,35,1,99,36,404.0,498.5116446045895
7,38,2900,65,45,0,155,25,590.0,0.0
7,38,2900,90,48,1,111,27,486.0,676.8997767034258
7,38,2900,60,49,1,125,19,484.0,227.89634234146914
7,38,2900,70,48,0,219,16,438.0,0.0
7,38,2900,65,49,0,103,15,394.0,0.0
7,38,2900,60,49,1,107,23,424.0,417.4168221258704
7,38,2900,60,35,0,163,35,758.0,0.0
7,38,2900,60,38,0,171,26,802.0,0.0
7,38,2900,60,39,0,161,24,474.0,0.0
7,38,2900,90,41,1,113,31,516.0,729.2236867123988
7,38,2900,60,43,1,77,24,450.0,344.9121571773816
7,38,2900,75,47,1,107,24,420.0,434.57634102634995
7,38,2900,90,45,0,155,29,692.0,0.0
7,38,2900,75,39,0,161,34,830.0,0.0
7,38,2900,80,47,1,163,27,668.0,491.3644643346484
7,38,2900,90,39,1,97,33,436.0,613.485460073042
7,38,2900,90,41,0,161,24,636.0,0.0
7,38,2900,75,50,0,207,21,572.0,0.0
7,38,2900,80,48,1,109,28,478.0,755.0688466857116
7,38,2900,60,36,0,195,34,834.0,0.0
7,38,2900,70,50,1,177,17,432.0,382.24523473398204
7,38,2900,75,35,1,93,36,406.0,463.5865418081223
7,38,2800,65,38,1,199,32,584.0,478.2378378794764
7,38,2800,90,43,1,115,30,414.0,523.3327110126028
7,38,2800,70,46,0,157,19,498.0,0.0
7,38,2800,80,41,0,153,28,724.0,0.0
7,38,2900,90,50,0,113,19,354.0,0.0
7,38,2800,60,35,0,153,26,640.0,0.0
7,38,2800,65,36,0,141,26,622.0,0.0
7,38,2800,90,38,1,105,33,538.0,522.6216355993305
7,38,2800,70,39,1,135,31,510.0,626.9156008290597
7,38,2800,75,44,1,215,30,568.0,601.9550549830533
7,38,2800,90,42,0,157,24,460.0,0.0
7,38,2800,70,47,1,99,23,402.0,466.330012105127
7,38,2800,90,35,0,159,36,680.0,0.0
7,38,2800,70,37,0,163,33,766.0,0.0
7,38,2800,75,40,0,215,30,566.0,0.0
7,38,2800,80,45,1,109,26,486.0,600.2796308238303
7,38,2800,65,46,0,217,14,414.0,0.0
7,38,2800,85,46,1,73,24,346.0,313.921697444666
7,38,2800,65,50,1,123,22,422.0,606.0286806341026
7,38,2800,65,44,0,161,23,544.0,0.0
7,38,2800,75,48,1,161,17,470.0,306.8371653609671
7,38,2800,70,46,0,109,19,506.0,0.0
7,38,2800,85,49,1,215,28,576.0,455.906512676488
7,38,2800,90,50,0,199,20,598.0,0.0
7,38,2800,75,49,1,85,19,304.0,275.5888756865142
7,38,2800,75,50,1,107,23,520.0,603.6571947086414
7,38,2800,60,38,0,165,23,774.0,0.0
7,38,2800,65,41,0,205,23,586.0,0.0
7,38,2800,85,42,0,145,29,634.0,0.0
7,38,2800,70,41,1,111,17,434.0,418.097783571359
7,38,2800,80,43,0,149,30,696.0,0.0
7,38,2800,70,45,1,103,24,528.0,631.5914473815142
7,38,2800,90,47,1,91,27,468.0,556.9508001484085
7,38,2800,75,36,1,159,33,648.0,441.36373439514534
7,38,2800,85,37,0,153,33,576.0,0.0
7,38,2800,70,40,1,149,30,520.0,518.5000025704792
7,38,2800,60,45,0,109,16,362.0,0.0
7,38,2800,65,40,1,81,23,352.0,362.330521093645
7,38,2800,70,44,1,231,31,602.0,583.2338101262987
7,38,2800,65,42,0,149,24,668.0,0.0
7,38,2700,80,37,0,265,30,838.0,0.0
7,38,2800,65,39,0,193,27,624.0,0.0
7,38,2700,75,35,1,159,36,606.0,518.828354737197
7,38,2700,90,40,0,205,29,554.0,0.0
7,38,2700,80,45,1,155,24,468.0,471.567721459074
7,38,2700,80,42,0,159,28,674.0,0.0
7,38,2700,90,35,1,101,34,480.0,443.9128987424634
7,38,2700,90,48,1,137,25,500.0,449.27030255476205
7,38,2700,60,42,0,149,23,606.0,0.0
7,38,2700,90,38,1,189,33,564.0,627.2493937818157
7,38,2700,80,47,1,105,22,466.0,355.28479281479554
7,38,2700,90,44,0,107,24,478.0,0.0
7,38,2700,70,48,0,145,18,374.0,0.0
7,38,2700,65,42,1,137,27,486.0,416.19887737103215
7,38,2700,90,35,1,91,38,482.0,661.0150588460018
7,38,2700,65,38,1,99,30,484.0,533.6770786691388
7,38,2700,75,39,0,197,25,668.0,0.0
7,38,2700,80,45,1,159,27,572.0,569.0170051781148
7,38,2700,90,38,0,161,27,782.0,0.0
7,38,2700,75,50,0,157,16,434.0,0.0
7,38,2700,90,45,0,97,19,402.0,0.0
7,38,2700,65,37,0,191,33,760.0,0.0
7,38,2700,80,37,1,91,30,426.0,379.47466920943515
7,38,2700,90,36,1,75,37,438.0,454.4461833401609
7,38,2700,60,39,1,123,27,480.0,684.9450256959453
7,38,2700,85,40,0,147,26,580.0,0.0
7,38,2700,85,40,0,149,29,690.0,0.0
7,38,2700,60,50,1,77,10,144.0,226.0451533851308
7,38,2700,65,37,0,151,32,688.0,0.0
7,38,2700,70,35,0,139,30,578.0,0.0
7,38,2700,75,39,1,149,30,486.0,511.4694938496322
7,38,2700,60,39,1,145,35,596.0,658.2991929376127
7,38,2700,90,46,1,123,29,506.0,430.3150331534704
7,38,2700,85,48,0,211,29,672.0,0.0
7,38,2700,65,39,0,197,28,782.0,0.0
7,38,2700,80,50,0,77,13,260.0,0.0
7,38,2700,75,43,0,105,20,468.0,0.0
7,38,2700,85,46,1,101,32,416.0,634.455877764227
7,38,2700,60,46,1,105,16,320.0,207.25112656543263
7,38,2700,75,43,0,143,28,596.0,0.0
7,38,2700,80,46,1,129,25,428.0,345.1495256957664
7,38,2600,60,35,0,181,24,636.0,0.0
7,38,2600,75,42,0,143,22,436.0,0.0
7,38,2600,80,48,1,129,16,320.0,332.5034176960659
7,38,2600,85,48,0,119,20,568.0,0.0
7,38,2600,70,50,1,147,17,438.0,424.0852059275172
7,38,2600,70,50,1,101,15,400.0,483.5572794651892
7,38,2600,85,46,1,121,32,502.0,537.5063868575828
7,38,2600,70,36,0,145,26,630.0,0.0
7,38,2600,60,37,1,95,33,406.0,473.35794759916814
7,38,2600,60,40,1,83,23,330.0,280.8992761375169
7,38,2600,60,35,1,169,28,508.0,521.8319374785193
7,38,2600,60,37,0,171,20,418.0,0.0
7,38,2600,75,48,0,237,21,530.0,0.0
7,38,2600,70,47,0,97,15,398.0,0.0
7,38,2600,65,50,1,99,20,342.0,549.6396092777522
7,38,2600,80,49,0,193,16,444.0,0.0
7,38,2600,75,37,0,97,26,448.0,0.0
7,38,2600,85,48,1,95,24,482.0,497.0288623628883
7,38,2600,70,42,1,89,27,424.0,385.6054276057964
7,38,2600,80,38,0,197,30,738.0,0.0
7,38,2600,80,35,1,147,29,426.0,297.9854914489357
7,38,2600,65,47,0,235,20,646.0,0.0
7,38,2600,65,50,1,127,16,412.0,389.3279761431429
7,38,2600,90,36,1,83,37,506.0,455.37497341454895
7,38,2600,75,40,0,195,29,700.0,0.0
7,38,2600,70,47,0,137,17,514.0,0.0
7,38,2600,75,40,0,151,26,696.0,0.0
7,38,2600,90,42,0,137,28,582.0,0.0
7,38,2600,65,46,1,129,18,370.0,273.1712133782406
7,38,2600,65,49,1,117,23,422.0,297.76566932989317
7,38,2600,65,45,0,147,16,450.0,0.0
7,38,2600,70,50,1,91,15,286.0,435.6781792811743
7,38,2600,80,36,1,101,33,504.0,513.8270103812949
7,38,2600,80,36,0,143,28,580.0,0.0
7,38,2600,70,48,1,91,20,366.0,339.75406109227544
7,38,2600,80,35,1,93,33,480.0,590.404100408696
7,38,2600,80,46,0,135,24,558.0,0.0
7,38,2600,60,45,0,99,12,386.0,0.0
7,38,2500,65,37,1,147,21,420.0,302.41129086171657
7,38,2600,75,50,1,135,15,340.0,361.403139258402
7,38,2500,70,46,0,141,20,466.0,0.0
7,38,2600,90,43,0,149,28,612.0,0.0
7,38,2500,60,44,1,93,15,326.0,368.85623127221095
7,38,2500,70,36,1,81,35,364.0,415.359116638715
7,38,2500,65,38,1,119,31,406.0,591.2945372139004
7,38,2500,70,35,0,143,20,510.0,0.0
7,38,2500,85,43,0,93,13,342.0,0.0
7,38,2500,75,41,1,133,19,416.0,403.4449668305518
7,38,2500,75,46,0,85,14,264.0,0.0
7,38,2500,75,46,0,89,10,240.0,0.0
7,38,2500,70,35,0,177,29,560.0,0.0
7,38,2500,70,38,1,71,29,366.0,405.4682887137611
7,38,2500,70,39,1,143,24,590.0,630.6153503214256
7,38,2500,75,36,1,143,26,584.0,404.9528389272213
7,38,2500,85,43,0,139,20,586.0,0.0
7,38,2500,60,45,0,191,17,506.0,0.0
7,38,2500,75,44,1,139,14,376.0,287.87548182623624
7,38,2500,80,36,0,139,31,628.0,0.0
7,38,2500,60,38,0,97,21,312.0,0.0
7,38,2500,75,41,0,145,20,580.0,0.0
7,38,2500,80,44,1,89,16,438.0,383.00951937015384
7,38,2500,80,45,1,89,21,292.0,394.7595010482936
7,38,2500,80,46,0,131,18,430.0,0.0
7,38,2500,75,46,1,79,15,250.0,245.25414728624784
7,38,2500,70,43,1,127,15,456.0,377.46379237354006
7,38,2500,60,42,1,127,23,400.0,356.5716732938785
7,38,2500,80,44,1,95,23,348.0,506.6507524157503
7,38,2500,65,45,0,97,18,406.0,0.0
7,38,2500,60,45,0,135,23,402.0,0.0
7,38,2500,75,44,1,141,16,474.0,352.8196616616915
7,38,2500,85,44,0,243,26,672.0,0.0
7,38,2500,65,35,1,133,32,474.0,456.1916926888179
7,38,2500,90,36,0,137,28,666.0,0.0
7,38,2500,75,39,0,133,24,560.0,0.0
7,38,2500,85,39,0,135,26,510.0,0.0
7,38,2500,75,41,1,67,23,302.0,520.2721625935284
7,38,2500,75,38,1,237,29,520.0,427.7037067117338
7,38,2500,65,44,0,127,17,460.0,0.0
7,38,2400,65,35,0,127,27,502.0,0.0
7,38,2400,85,35,1,181,30,462.0,433.26511053190774
7,38,2500,80,38,0,149,22,566.0,0.0
7,38,2500,90,35,1,107,30,458.0,440.1784767581231
7,38,2400,80,37,1,205,28,632.0,527.2455244212808
7,38,2400,75,41,0,91,21,444.0,0.0
7,38,2400,60,47,1,111,20,320.0,297.32297943773904
7,38,2400,75,39,0,127,21,456.0,0.0
7,38,2400,60,40,0,137,22,462.0,0.0
7,38,2400,65,38,1,99,25,372.0,395.68515700628717
7,38,2400,75,43,1,87,22,410.0,392.1510733361146
7,38,2400,60,47,0,135,15,346.0,0.0
7,38,2400,60,49,1,61,12,160.0,137.751505911122
7,38,2400,80,48,0,119,16,370.0,0.0
7,38,2400,65,37,0,89,22,440.0,0.0
7,38,2400,70,39,0,139,22,430.0,0.0
7,38,2400,80,42,1,99,29,466.0,591.4434919387891
7,38,2400,60,43,1,89,11,362.0,218.45859082921015
7,38,2400,80,46,1,83,15,310.0,272.10049754026466
7,38,2400,90,45,0,93,18,410.0,0.0
7,38,2400,80,38,1,125,29,384.0,414.47258673173184
7,38,2400,60,40,1,91,23,262.0,370.27948261906016
7,38,2400,70,45,0,81,14,294.0,0.0
7,38,2400,80,45,1,93,21,322.0,403.52007474978024
7,38,2400,60,46,0,95,14,396.0,0.0
7,38,2400,65,43,0,137,20,470.0,0.0
7,38,2400,60,49,0,87,9,196.0,0.0
7,38,2400,90,50,1,67,12,254.0,285.6363092017215
7,38,2400,90,37,1,85,33,356.0,596.4466445710518
7,38,2400,60,37,0,95,21,392.0,0.0
7,38,2400,80,37,0,137,27,650.0,0.0
7,38,2400,65,38,0,179,25,518.0,0.0
7,38,2400,90,41,1,135,24,578.0,466.3754506216722
7,38,2400,85,46,1,107,23,342.0,413.7638706717956
7,38,2400,85,39,1,97,23,276.0,447.4679008649557
7,38,2400,75,39,0,125,21,396.0,0.0
7,38,2400,70,40,0,89,19,370.0,0.0
7,38,2400,65,41,1,91,13,260.0,265.6589100520708
7,38,2400,90,35,0,137,26,564.0,0.0
7,38,2400,80,37,0,139,24,582.0,0.0
7,38,2400,80,40,1,93,23,294.0,278.23330933054086
7,38,2400,90,36,1,83,33,418.0,388.1935338859102
7,38,2300,85,45,1,165,19,406.0,312.57243001397393
7,38,2300,85,45,1,129,25,418.0,534.3723476242045
7,38,2300,70,40,0,129,18,378.0,0.0
7,38,2300,90,37,1,77,27,330.0,446.1508792278064
7,38,2300,90,47,0,83,14,312.0,0.0
7,38,2300,60,45,0,127,12,266.0,0.0
7,38,2300,65,46,1,79,14,294.0,192.73093589991973
7,38,2300,70,40,0,119,24,446.0,0.0
7,38,2300,90,38,0,161,26,556.0,0.0
7,38,2300,90,40,1,129,30,512.0,479.8605872625094
7,38,2300,75,45,1,115,14,340.0,274.5986682629348
7,38,2300,80,48,1,87,18,330.0,431.4187908358625
7,38,2300,80,42,0,123,19,290.0,0.0
7,38,2300,75,48,0,77,14,246.0,0.0
7,38,2300,75,39,1,113,22,358.0,340.7977619405648
7,38,2300,70,37,1,103,23,396.0,257.6586732273293
7,38,2300,90,49,1,91,16,346.0,257.73668372398487
7,38,2300,70,40,0,169,19,458.0,0.0
7,38,2300,70,39,0,183,22,556.0,0.0
7,38,2300,90,49,0,115,13,322.0,0.0
7,38,2300,60,36,0,129,21,410.0,0.0
7,38,2300,60,49,1,61,9,214.0,111.54438319059906
7,38,2300,65,37,1,89,22,374.0,298.76728096277725
7,38,2300,75,42,0,83,20,290.0,0.0
7,38,2300,90,42,1,83,17,332.0,285.79258754817744
7,38,2300,70,46,1,119,13,356.0,201.77345304180693
7,38,2300,75,47,0,71,14,260.0,0.0
7,38,2300,65,38,0,115,21,406.0,0.0
7,38,2300,65,46,0,117,18,326.0,0.0
7,38,2300,85,41,1,89,21,358.0,363.4801365806075
7,38,2300,80,43,0,117,18,360.0,0.0
7,38,2300,60,41,1,81,18,280.0,359.43524102121927
7,38,2300,80,35,1,93,29,362.0,444.6539159335081
7,38,2300,80,49,1,87,15,282.0,151.81080747198442
7,38,2300,75,38,1,99,28,362.0,478.1047503468141
7,38,2300,60,50,0,85,11,212.0,0.0
7,38,2300,80,42,0,123,14,364.0,0.0
7,38,2300,75,46,1,115,14,346.0,203.14549693579605
7,38,2300,85,49,0,109,12,306.0,0.0
7,38,2300,90,39,0,113,24,366.0,0.0
7,38,2200,75,35,0,77,19,338.0,0.0
7,38,2200,65,44,0,119,18,432.0,0.0
7,38,2200,80,40,1,93,23,268.0,317.9461341183966
7,38,2200,85,39,0,117,15,304.0,0.0
7,38,2200,80,48,1,81,18,250.0,359.4997350253278
7,38,2200,90,42,1,127,19,466.0,267.419234752411
7,38,2200,90,49,1,129,15,374.0,215.71714532345516
7,38,2200,65,36,1,125,15,418.0,148.14574346293958
7,38,2200,70,50,0,111,12,250.0,0.0
7,38,2200,85,38,0,117,23,356.0,0.0
7,38,2200,90,37,0,167,20,440.0,0.0
7,38,2200,75,42,1,123,21,340.0,367.41676109903665
7,38,2200,85,45,0,147,13,264.0,0.0
7,38,2200,70,48,1,113,13,322.0,362.3176621495763
7,38,2200,80,40,0,117,16,396.0,0.0
7,38,2200,65,50,1,89,10,236.0,172.55168234563536
7,38,2200,75,36,1,83,28,314.0,422.1671843605499
7,38,2200,85,35,0,121,12,322.0,0.0
7,38,2200,60,39,1,115,18,260.0,404.6169092243149
7,38,2200,70,43,1,69,10,162.0,149.8292185348382
7,38,2200,70,45,0,87,12,374.0,0.0
7,38,2200,75,35,1,83,24,440.0,329.2820277258525
7,38,2200,60,42,0,85,14,316.0,0.0
7,38,2200,65,39,1,81,24,356.0,485.1180363109587
7,38,2200,60,37,1,65,19,300.0,371.4197268816858
7,38,2200,70,41,0,119,15,376.0,0.0
7,38,2200,60,43,0,127,18,516.0,0.0
7,38,2200,75,44,1,91,14,322.0,349.3258908189299
7,38,2200,80,50,0,43,8,150.0,0.0
7,38,2200,90,49,0,101,11,252.0,0.0
7,38,2200,85,39,1,97,20,278.0,378.59432304532226
7,38,2200,75,40,1,151,25,362.0,408.32403633486496
7,38,2200,70,39,0,109,19,348.0,0.0
7,38,2200,65,42,0,83,14,218.0,0.0
7,38,2200,70,39,1,81,17,294.0,381.6326153327224
7,38,2200,85,37,1,75,18,164.0,201.24114898347088
7,38,2200,70,48,0,77,11,306.0,0.0
7,38,2100,80,37,0,199,21,494.0,0.0
7,38,2100,75,39,1,71,12,174.0,237.8902714288149
7,38,2100,85,43,1,67,8,170.0,100.54158648629418
7,38,2200,90,42,0,111,15,318.0,0.0
7,38,2200,60,49,0,149,8,236.0,0.0
7,38,2200,85,49,1,91,10,254.0,114.4515759483113
7,38,2100,85,50,0,109,11,218.0,0.0
7,38,2100,80,38,0,115,17,250.0,0.0
7,38,2100,65,38,1,87,21,272.0,448.65391447067327
7,38,2100,90,38,0,117,13,272.0,0.0
7,38,2100,80,40,1,75,20,224.0,260.7391667959121
7,38,2100,90,41,1,125,10,330.0,139.3284288427638
7,38,2100,85,48,1,103,16,380.0,426.6040828270031
7,38,2100,85,50,0,71,11,166.0,0.0
7,38,2100,70,35,1,75,25,378.0,267.81614633633876
7,38,2100,70,40,0,81,12,270.0,0.0
7,38,2100,70,41,0,99,12,286.0,0.0
7,38,2100,80,41,1,77,23,286.0,515.0847660865169
7,38,2100,80,45,0,95,16,360.0,0.0
7,38,2100,60,48,1,113,9,210.0,256.77790437365724
7,38,2100,75,50,0,105,14,344.0,0.0
7,38,2100,75,40,1,77,19,304.0,178.87434252106038
7,38,2100,85,40,1,121,12,264.0,100.35045179915674
7,38,2100,70,42,0,155,10,220.0,0.0
7,38,2100,85,41,0,121,21,346.0,0.0
7,38,2100,65,41,1,87,13,240.0,228.40061021329612
7,38,2100,90,50,0,71,8,110.0,0.0
7,38,2100,90,50,1,77,10,216.0,146.79641114573658
7,38,2100,65,35,0,83,16,326.0,0.0
7,38,2100,70,47,0,77,14,258.0,0.0
7,38,2100,60,44,1,75,13,172.0,249.16616981758327
7,38,2100,80,38,0,217,19,454.0,0.0
7,38,2100,70,38,1,85,19,274.0,238.42340028411218
7,38,2100,80,47,0,83,10,240.0,0.0
7,38,2100,75,49,1,79,13,234.0,174.70032442230462
7,38,2100,80,36,0,109,22,440.0,0.0
7,38,2100,60,39,1,79,14,240.0,285.98278307075356
7,38,2100,90,37,0,111,21,422.0,0.0
7,38,2100,90,44,1,117,19,334.0,409.98944338559926
7,38,2100,90,39,1,71,14,268.0,282.79855689815764
7,38,2100,60,45,1,79,15,318.0,347.99366130142846
7,38,2000,60,38,1,75,14,230.0,226.4067570688158
7,38,2100,65,49,0,77,10,276.0,0.0
7,38,2000,75,35,1,61,24,268.0,301.4222404402791
7,38,2000,85,37,1,79,24,418.0,384.1511281983239
7,38,2100,90,45,0,83,9,162.0,0.0
7,38,2000,85,49,0,143,10,196.0,0.0
7,38,2000,70,40,0,69,13,208.0,0.0
7,38,2000,60,48,0,67,5,102.0,0.0
7,38,2000,80,35,0,75,23,426.0,0.0
7,38,2000,90,45,0,69,10,140.0,0.0
7,38,2000,90,39,1,115,17,308.0,309.0669751911848
7,38,2000,70,48,1,101,15,266.0,331.34536322448463
7,38,2000,65,49,1,37,4,108.0,21.327374275917297
7,38,2000,70,47,0,107,9,184.0,0.0
7,38,2000,80,48,1,89,8,194.0,187.16901972172005
7,38,2000,80,36,1,109,27,348.0,330.18004446385135
7,38,2000,85,36,0,127,21,456.0,0.0
7,38,2000,85,36,1,77,18,282.0,186.44789389691135
7,38,2000,90,38,1,73,16,250.0,196.18946007927298
7,38,2000,70,45,0,109,16,250.0,0.0
7,38,2000,85,43,0,107,10,290.0,0.0
7,38,2000,70,50,0,79,10,140.0,0.0
7,38,2000,80,36,1,79,16,296.0,126.34488730261276
7,38,2000,75,38,0,109,20,390.0,0.0
7,38,2000,80,49,0,107,15,286.0,0.0
7,38,2000,75,50,0,109,10,216.0,0.0
7,38,2000,90,50,1,47,8,158.0,222.57499006396517
7,38,2000,75,50,1,75,9,186.0,181.0076366886915
7,38,2000,75,50,1,61,8,130.0,172.26418940222965
7,38,2000,90,37,0,113,16,334.0,0.0
7,38,2000,60,43,1,95,12,206.0,176.81735263231138
7,38,2000,75,37,0,155,13,352.0,0.0
7,38,2000,60,44,0,69,10,162.0,0.0
7,38,2000,70,46,1,85,11,134.0,192.18222482938347
7,38,2000,90,49,1,109,10,182.0,116.27992600398414
7,38,2000,70,50,0,97,10,174.0,0.0
7,38,2000,70,39,1,53,7,140.0,184.7666429062284
7,38,2000,60,42,0,109,11,214.0,0.0
7,38,2000,65,42,1,87,19,290.0,329.0492986706882
7,38,2000,80,44,1,71,10,208.0,311.12225912801443
7,38,1900,85,40,1,109,22,334.0,297.81310063665967
7,38,2000,85,42,0,75,17,320.0,0.0
7,38,2000,75,48,0,79,8,140.0,0.0
7,38,1900,85,35,0,147,15,332.0,0.0
7,38,1900,85,39,0,91,14,260.0,0.0
7,38,1900,90,43,1,135,12,226.0,223.04922832023453
7,38,1900,60,37,0,133,21,408.0,0.0
7,38,1900,85,40,1,101,24,368.0,264.0249314206748
7,38,1900,80,43,0,97,9,168.0,0.0
7,38,1900,60,49,1,65,9,148.0,133.8614141389007
7,38,1900,70,36,1,117,13,228.0,169.61047627382166
7,38,1900,85,41,1,95,15,190.0,179.06065927449535
7,38,1900,85,41,0,71,15,378.0,0.0
7,38,1900,75,41,1,43,11,108.0,224.13948038154848
7,38,1900,85,49,0,65,7,104.0,0.0
7,38,1900,65,44,1,77,9,108.0,163.36230340225026
7,38,1900,60,47,0,129,12,276.0,0.0
7,38,1900,85,43,1,91,15,232.0,216.6237612375018
7,38,1900,60,41,1,127,9,222.0,176.99532471977835
7,38,1900,70,41,1,75,12,174.0,163.92081818938135
7,38,1900,90,41,0,97,13,300.0,0.0
7,38,1900,75,49,0,109,8,248.0,0.0
7,38,1900,70,50,0,101,9,184.0,0.0
7,38,1900,90,48,0,131,13,260.0,0.0
7,38,1900,75,37,1,67,23,290.0,292.9233284873931
7,38,1900,60,39,0,71,8,186.0,0.0
7,38,1900,75,44,1,79,10,200.0,281.0844168175295
7,38,1900,65,45,0,81,9,188.0,0.0
7,38,1900,70,48,1,65,10,172.0,260.47140765532396
7,38,1900,75,48,1,75,12,318.0,246.6533074692613
7,38,1900,90,47,0,107,11,270.0,0.0
7,38,1900,70,35,1,93,17,230.0,161.08718062887374
7,38,1900,85,37,0,73,10,248.0,0.0
7,38,1900,80,44,1,57,12,182.0,286.10886811139335
7,38,1900,80,37,0,71,9,176.0,0.0
7,38,1900,90,45,1,73,5,156.0,106.12530217030182
7,38,1900,65,50,0,49,7,154.0,0.0
7,38,1900,70,50,0,59,7,174.0,0.0
7,38,1900,75,38,1,63,15,216.0,235.9413757450818
7,38,1900,60,44,1,71,8,164.0,218.5502449811271
7,38,1800,90,43,1,83,8,148.0,78.81631333253416
7,38,1800,90,46,0,65,7,116.0,0.0
7,38,1800,80,48,1,55,8,78.0,133.05071147330506
7,38,1900,85,50,0,75,9,184.0,0.0
7,38,1900,80,50,0,71,8,222.0,0.0
7,38,1800,80,36,0,67,9,228.0,0.0
7,38,1800,80,44,0,71,9,174.0,0.0
7,38,1800,60,42,1,91,8,154.0,102.06711936088783
7,38,1800,90,50,1,65,9,168.0,283.4019265025543
7,38,1800,60,38,1,101,7,190.0,87.01976579890844
7,38,1800,65,38,0,151,15,212.0,0.0
7,38,1800,90,46,1,53,12,170.0,98.04993153047491
7,38,1800,70,45,0,49,6,122.0,0.0
7,38,1800,90,48,0,89,12,214.0,0.0
7,38,1800,75,38,1,77,16,230.0,235.50423326460026
7,38,1800,85,41,0,71,7,170.0,0.0
7,38,1800,90,35,1,143,27,380.0,323.5601890961953
7,38,1800,65,44,1,71,10,182.0,303.83433393509955
7,38,1800,65,37,0,91,12,208.0,0.0
7,38,1800,65,41,0,53,10,184.0,0.0
7,38,1800,90,41,1,61,13,216.0,311.612506317573
7,38,1800,70,50,0,47,4,84.0,0.0
7,38,1800,80,49,1,79,9,148.0,100.88554961256338
7,38,1800,85,48,0,83,8,114.0,0.0
7,38,1800,70,48,1,69,10,142.0,217.84996802575552
7,38,1800,60,38,1,123,13,182.0,145.25832884549837
7,38,1800,60,43,0,35,6,108.0,0.0
7,38,1800,60,38,0,95,9,176.0,0.0
7,38,1800,75,48,1,101,9,166.0,262.2433504939761
7,38,1800,65,49,0,35,5,88.0,0.0
7,38,1800,85,42,1,71,14,256.0,208.03511469911984
7,38,1800,85,45,0,95,10,216.0,0.0
7,38,1800,80,50,1,125,4,126.0,91.05487614869915
7,38,1800,60,38,0,85,11,218.0,0.0
7,38,1800,75,35,0,87,20,312.0,0.0
7,38,1800,80,40,1,103,16,244.0,131.53667418778605
7,38,1800,90,45,0,115,11,248.0,0.0
7,38,1800,60,49,1,59,12,134.0,99.65527162483933
7,38,1700,60,42,1,95,11,184.0,126.29321965248249
7,38,1800,70,43,1,95,8,156.0,77.1357648851367
7,38,1800,70,49,1,53,12,154.0,136.70895225916368
7,38,1800,80,47,0,99,8,166.0,0.0
7,38,1800,65,50,0,35,2,36.0,0.0
7,38,1700,65,39,1,109,9,166.0,229.77142396213205
7,38,1700,65,35,1,65,4,126.0,62.360048766292934
7,38,1700,75,36,0,65,16,214.0,0.0
7,38,1700,65,48,0,61,7,158.0,0.0
7,38,1700,65,37,0,95,11,222.0,0.0
7,38,1700,70,38,1,43,17,192.0,206.06233218144715
7,38,1700,70,43,1,61,10,160.0,118.34494665611734
7,38,1700,70,44,0,33,4,92.0,0.0
7,38,1700,65,41,1,93,9,160.0,138.4281916456437
7,38,1700,60,42,0,65,8,180.0,0.0
7,38,1700,60,49,0,85,5,120.0,0.0
7,38,1700,90,42,0,113,12,192.0,0.0
7,38,1700,75,42,1,65,6,164.0,116.76342681585322
7,38,1700,65,44,0,61,7,156.0,0.0
7,38,1700,85,45,1,61,8,110.0,119.54324798866276
7,38,1700,70,49,1,61,6,126.0,72.04176120625128
7,38,1700,65,47,1,51,6,90.0,81.01099933549044
7,38,1700,75,49,0,93,9,142.0,0.0
7,38,1700,60,43,0,41,4,100.0,0.0
7,38,1700,70,42,1,71,11,170.0,173.74695442357424
7,38,1700,90,45,0,81,12,174.0,0.0
7,38,1700,90,48,1,111,10,112.0,162.40236038118942
7,38,1700,70,50,1,53,4,54.0,35.58741718979938
7,38,1700,65,49,0,87,11,172.0,0.0
7,38,1700,65,49,0,47,5,78.0,0.0
7,38,1700,60,39,1,67,14,252.0,350.88981924145185
7,38,1700,70,37,0,125,10,220.0,0.0
7,38,1700,90,45,0,65,12,188.0,0.0
7,38,1700,65,50,1,63,8,162.0,273.0934772427155
7,38,1700,85,44,1,81,7,164.0,213.82865187920015
7,38,1700,70,47,0,85,7,120.0,0.0
7,38,1700,60,49,1,49,4,104.0,66.37984167125866
7,38,1700,75,36,0,65,11,152.0,0.0
7,38,1700,65,37,1,73,17,188.0,248.51872198245573
7,38,1700,65,40,0,95,8,146.0,0.0
7,38,1700,60,38,0,71,6,106.0,0.0
7,38,1600,70,36,1,53,9,130.0,99.54937311660292
7,38,1700,75,40,0,53,8,138.0,0.0
7,38,1700,60,45,1,57,4,74.0,80.89039621641835
7,38,1700,70,45,1,75,11,102.0,193.96713909154067
7,38,1600,60,38,1,107,15,240.0,153.93022505996396
7,38,1600,80,40,0,87,11,174.0,0.0
7,38,1600,75,40,1,61,7,158.0,81.62707972177604
7,38,1600,70,42,0,119,14,268.0,0.0
7,38,1600,75,39,1,31,7,112.0,190.02452508053142
7,38,1600,80,49,0,59,6,114.0,0.0
7,38,1600,85,43,0,55,6,108.0,0.0
7,38,1600,75,42,1,81,11,158.0,191.06699407614502
7,38,1600,60,37,1,63,17,226.0,271.2264440969958
7,38,1600,90,35,0,87,12,264.0,0.0
7,38,1600,65,44,0,103,5,104.0,0.0
7,38,1600,80,37,0,61,7,130.0,0.0
7,38,1600,85,42,1,41,9,142.0,196.44725946816635
7,38,1600,70,35,0,31,5,92.0,0.0
7,38,1600,90,40,0,57,8,118.0,0.0
7,38,1600,75,50,1,61,8,120.0,164.04795286004293
7,38,1600,70,46,0,85,6,122.0,0.0
7,38,1600,70,47,1,31,5,78.0,75.65937070126812
7,38,1600,60,49,1,33,6,66.0,62.110326940917176
7,38,1600,65,38,0,59,8,152.0,0.0
7,38,1600,70,43,0,51,6,96.0,0.0
7,38,1600,60,50,1,65,7,144.0,202.0847188456658
7,38,1600,80,40,0,63,10,188.0,0.0
7,38,1600,90,41,1,85,15,148.0,328.1220957613825
7,38,1600,70,45,1,105,7,126.0,97.373921084232
7,38,1600,75,44,1,43,7,76.0,131.6258154359658
7,38,1600,65,37,0,83,10,158.0,0.0
7,38,1600,90,38,1,57,12,120.0,78.22843835841036
7,38,1600,80,44,1,37,5,38.0,105.27787136861558
7,38,1600,75,38,0,59,16,174.0,0.0
7,38,1600,80,36,1,61,15,140.0,125.0609470504271
7,38,1600,65,48,0,49,6,76.0,0.0
7,38,1600,65,50,1,25,2,46.0,33.71797371060588
7,38,1600,90,48,0,51,4,74.0,0.0
7,38,1600,80,41,1,71,10,72.0,130.47662153479808
7,38,1600,80,41,1,61,7,142.0,161.1074473450819
7,38,1600,85,43,0,39,6,98.0,0.0
7,38,1600,60,47,0,79,8,170.0,0.0
7,38,1600,80,48,0,55,5,124.0,0.0
7,38,1500,90,48,1,81,9,112.0,199.1853316880791
7,38,1500,85,49,0,45,4,76.0,0.0
7,38,1500,85,36,1,73,9,112.0,55.83885484127882
7,38,1500,65,35,0,51,11,166.0,0.0
7,38,1500,65,37,1,39,4,54.0,86.62112280229232
7,38,1500,85,41,0,27,2,54.0,0.0
7,38,1500,60,40,1,53,9,134.0,137.2726149525247
7,38,1500,65,43,0,53,4,78.0,0.0
7,38,1500,90,44,1,21,3,40.0,100.53188032237433
7,38,1500,65,36,1,51,7,124.0,61.157531813189586
7,38,1500,90,36,0,59,13,198.0,0.0
7,38,1500,90,38,1,105,15,162.0,167.0975271077805
7,38,1500,90,41,0,23,1,24.0,0.0
7,38,1500,75,40,0,87,8,144.0,0.0
7,38,1500,90,36,1,57,9,180.0,94.1308345917943
7,38,1500,70,46,0,63,5,64.0,0.0
7,38,1500,70,37,0,43,9,100.0,0.0
7,38,1500,75,37,1,47,8,86.0,112.30966503689348
7,38,1500,90,35,1,69,10,170.0,130.0421415979
7,38,1500,65,37,1,37,9,88.0,101.64954755717986
7,38,1500,70,39,0,81,8,134.0,0.0
7,38,1500,60,45,0,77,6,78.0,0.0
7,38,1500,75,40,0,77,5,114.0,0.0
7,38,1500,90,39,1,79,13,194.0,314.51703063116724
7,38,1500,80,42,0,27,5,114.0,0.0
7,38,1500,60,41,0,73,9,154.0,0.0
7,38,1500,70,44,1,27,4,76.0,146.69735132811846
7,38,1500,65,45,1,31,3,60.0,90.92205218422497
7,38,1500,60,47,1,99,10,130.0,124.34143366355659
7,38,1500,80,43,0,41,4,66.0,0.0
7,38,1500,80,37,1,55,13,170.0,123.63428161192908
7,38,1500,75,38,0,51,7,132.0,0.0
7,38,1500,60,43,0,51,6,160.0,0.0
7,38,1500,65,44,0,41,7,100.0,0.0
7,38,1500,85,45,1,107,8,158.0,236.4939259473616
7,38,1500,65,46,1,81,9,158.0,150.31240408108465
7,38,1500,90,43,1,55,7,146.0,95.97824345294262
7,37,3000,75,36,1,117,31,488.0,413.9050726068332
7,37,3000,80,39,0,223,29,714.0,0.0
7,38,1500,70,42,1,45,11,72.0,146.44080764809883
7,38,1500,85,45,0,41,8,68.0,0.0
7,37,3000,90,46,1,155,32,556.0,570.8605940870771
7,38,1500,70,49,0,71,4,72.0,0.0
7,37,3000,80,50,0,161,17,504.0,0.0
7,37,3000,90,36,0,169,33,638.0,0.0
7,37,3000,85,37,0,141,32,720.0,0.0
7,37,3000,85,44,1,165,26,450.0,648.466427648479
7,37,3000,65,42,0,231,31,832.0,0.0
7,37,3000,75,42,1,101,32,484.0,548.0444512199196
7,37,3000,80,49,1,117,25,570.0,355.6456512234417
7,37,3000,65,47,1,117,18,470.0,407.01565157659877
7,37,3000,70,37,1,115,32,534.0,649.9311956662364
7,37,3000,65,37,0,207,31,626.0,0.0
7,37,3000,60,42,0,163,26,754.0,0.0
7,37,3000,65,41,1,161,35,654.0,707.3512471662656
7,37,3000,60,46,0,207,17,530.0,0.0
7,37,3000,65,46,1,127,22,408.0,395.9252702926195
7,37,3000,70,49,0,107,16,472.0,0.0
7,37,3000,80,37,1,147,37,634.0,581.2339763072042
7,37,3000,75,40,0,219,33,872.0,0.0
7,37,3000,90,40,1,111,35,542.0,653.9453096605886
7,37,3000,85,40,1,115,35,606.0,586.5494739750917
7,37,3000,75,42,0,223,21,648.0,0.0
7,37,3000,60,50,1,175,21,510.0,555.9975567999478
7,37,3000,60,46,0,137,28,714.0,0.0
7,37,3000,75,49,0,173,24,570.0,0.0
7,37,3000,90,45,1,167,30,648.0,570.2272666141065
7,37,3000,90,43,0,113,28,616.0,0.0
7,37,3000,60,37,0,215,30,954.0,0.0
7,37,3000,75,36,1,101,35,422.0,628.0183512879447
7,37,3000,70,40,0,173,28,670.0,0.0
7,37,3000,90,41,1,97,36,560.0,706.77112962779
7,37,3000,85,40,1,99,36,476.0,485.69766822655305
7,37,3000,80,43,1,101,32,524.0,685.3870740246198
7,37,3000,65,38,0,167,31,688.0,0.0
7,37,3000,60,47,0,111,17,372.0,0.0
7,37,3000,70,37,0,225,33,834.0,0.0
7,37,3000,70,38,0,165,28,700.0,0.0
7,37,3000,80,46,1,111,26,490.0,542.3013450604461
7,37,2900,65,36,0,167,35,810.0,0.0
7,37,2900,80,37,1,115,30,472.0,481.0718305184656
7,37,3000,60,47,1,123,22,500.0,286.6226558791768
7,37,2900,65,47,0,215,24,612.0,0.0
7,37,2900,75,47,1,157,22,474.0,437.909477715523
7,37,2900,65,35,0,109,25,522.0,0.0
7,37,2900,75,47,1,101,25,480.0,445.722743803739
7,37,2900,90,46,0,161,25,572.0,0.0
7,37,2900,70,39,0,219,32,816.0,0.0
7,37,2900,65,46,1,79,12,364.0,153.29855989684452
7,37,2900,90,47,1,111,30,476.0,558.8410721551097
7,37,2900,85,35,0,219,36,706.0,0.0
7,37,2900,60,45,1,217,22,630.0,440.06732044149516
7,37,2900,85,42,1,179,30,726.0,594.0839331229803
7,37,2900,65,36,0,163,32,694.0,0.0
7,37,2900,70,40,1,161,25,578.0,555.846349111809
7,37,2900,60,42,0,219,20,704.0,0.0
7,37,2900,85,44,0,167,25,580.0,0.0
7,37,2900,80,47,0,155,21,620.0,0.0
7,37,2900,75,49,1,101,18,408.0,282.82494209165617
7,37,2900,60,47,1,155,27,566.0,441.02299730579887
7,37,2900,60,35,1,93,35,484.0,452.93427033229005
7,37,2900,80,36,0,157,34,694.0,0.0
7,37,2900,60,37,1,115,32,484.0,483.29545006289305
7,37,2900,75,35,0,161,35,716.0,0.0
7,37,2900,75,38,1,161,34,606.0,540.2339386777477
7,37,2900,65,41,1,191,26,552.0,399.4005138952513
7,37,2900,65,49,0,113,18,404.0,0.0
7,37,2900,60,38,0,223,27,596.0,0.0
7,37,2900,80,38,1,155,36,560.0,680.3522942584248
7,37,2900,80,39,1,115,33,584.0,630.2422878498941
7,37,2900,60,48,0,105,16,428.0,0.0
7,37,2900,70,50,1,103,20,376.0,542.2646166959147
7,37,2900,80,50,0,171,23,654.0,0.0
7,37,2900,65,37,1,107,33,518.0,417.1690508747355
7,37,2900,70,44,0,161,22,670.0,0.0
7,37,2900,75,47,0,153,21,476.0,0.0
7,37,2900,65,46,1,145,24,560.0,431.99795874774964
7,37,2800,75,35,1,137,35,536.0,363.39066189541694
7,37,2900,80,47,1,183,28,552.0,431.17763841686923
7,37,2800,60,39,0,157,31,804.0,0.0
7,37,2900,85,50,0,159,23,526.0,0.0
7,37,2800,60,45,0,159,23,656.0,0.0
7,37,2900,85,47,0,221,17,488.0,0.0
7,37,2800,80,35,1,79,34,416.0,446.0507574104064
7,37,2800,90,36,0,163,29,666.0,0.0
7,37,2800,70,38,0,259,28,824.0,0.0
7,37,2800,70,41,1,201,31,580.0,533.3820474609207
7,37,2800,75,50,1,79,23,432.0,557.4663852677916
7,37,2800,60,42,1,153,24,414.0,416.68344423405017
7,37,2800,60,45,0,153,20,512.0,0.0
7,37,2800,60,36,1,83,37,506.0,553.3117982910557
7,37,2800,60,35,0,151,31,694.0,0.0
7,37,2800,65,36,0,145,30,622.0,0.0
7,37,2800,60,40,1,83,22,278.0,321.4091868151195
7,37,2800,90,47,0,113,20,524.0,0.0
7,37,2800,70,47,1,103,22,482.0,426.8489657965666
7,37,2800,85,45,1,81,26,370.0,482.5186573133527
7,37,2800,75,35,1,91,35,474.0,566.4900192818905
7,37,2800,70,47,0,153,21,600.0,0.0
7,37,2800,60,48,1,101,17,426.0,493.4542081895317
7,37,2800,85,42,0,125,29,612.0,0.0
7,37,2800,75,44,0,155,26,658.0,0.0
7,37,2800,85,41,0,143,29,638.0,0.0
7,37,2800,80,41,1,111,28,528.0,538.6629835251495
7,37,2800,90,46,1,217,30,622.0,465.80528990599754
7,37,2800,60,38,1,161,33,662.0,609.535106953127
7,37,2800,85,44,0,147,20,646.0,0.0
7,37,2800,75,38,1,157,36,578.0,579.938245532165
7,37,2800,85,47,0,105,23,488.0,0.0
7,37,2800,90,39,0,103,20,498.0,0.0
7,37,2800,90,37,0,111,29,538.0,0.0
7,37,2800,70,44,1,125,21,412.0,339.3403419326334
7,37,2800,90,50,1,219,25,638.0,593.9560198541454
7,37,2800,80,49,0,139,16,488.0,0.0
7,37,2800,85,45,1,135,27,546.0,596.9158873820918
7,37,2800,75,39,0,161,27,580.0,0.0
7,37,2700,85,41,1,97,31,456.0,439.64109893387456
7,37,2800,75,43,0,159,25,654.0,0.0
7,37,2800,85,48,0,151,14,284.0,0.0
7,37,2800,80,42,1,103,26,456.0,518.667691610509
7,37,2800,70,45,1,109,22,486.0,431.17807809520764
7,37,2700,85,36,1,69,37,438.0,451.4532955976637
7,37,2700,90,47,0,147,17,490.0,0.0
7,37,2700,90,35,0,201,33,702.0,0.0
7,37,2700,70,37,0,147,30,622.0,0.0
7,37,2700,75,35,0,195,32,772.0,0.0
7,37,2700,90,38,1,119,37,566.0,648.4317880476877
7,37,2700,80,41,1,115,26,472.0,501.0611204115213
7,37,2700,65,41,0,151,17,528.0,0.0
7,37,2700,75,47,1,129,19,246.0,212.59442838967192
7,37,2700,65,35,1,99,34,520.0,524.4622033337904
7,37,2700,80,39,0,153,24,556.0,0.0
7,37,2700,75,38,0,99,24,504.0,0.0
7,37,2700,80,43,1,133,21,508.0,406.2549427800266
7,37,2700,80,41,0,203,28,740.0,0.0
7,37,2700,90,45,1,173,25,506.0,527.6446597699876
7,37,2700,70,36,0,149,29,570.0,0.0
7,37,2700,75,38,1,139,29,526.0,492.52802153812894
7,37,2700,70,47,0,103,20,530.0,0.0
7,37,2700,85,50,1,101,20,378.0,452.7755505325482
7,37,2700,85,42,0,157,25,796.0,0.0
7,37,2700,75,49,1,141,18,548.0,279.59603402978274
7,37,2700,85,38,0,153,28,650.0,0.0
7,37,2700,65,42,0,139,22,464.0,0.0
7,37,2700,85,39,1,99,21,410.0,432.7510622926551
7,37,2700,80,49,1,119,21,410.0,342.42326950921307
7,37,2700,65,42,1,83,25,450.0,315.682343799299
7,37,2700,65,47,0,141,17,378.0,0.0
7,37,2700,65,50,1,91,18,360.0,485.7127815298928
7,37,2700,80,38,1,101,31,572.0,547.7476305374025
7,37,2700,90,36,0,151,31,688.0,0.0
7,37,2700,80,40,0,147,29,630.0,0.0
7,37,2700,70,46,0,105,18,320.0,0.0
7,37,2700,80,49,1,109,23,424.0,291.2629849171512
7,37,2700,60,47,0,107,16,362.0,0.0
7,37,2700,80,42,1,131,26,476.0,447.5966597817347
7,37,2700,80,35,0,139,31,652.0,0.0
7,37,2700,60,36,0,161,32,638.0,0.0
7,37,2700,60,38,1,151,24,470.0,362.77603011722306
7,37,2600,75,36,1,91,34,428.0,461.5514526766713
7,37,2700,70,40,1,179,26,488.0,384.5990895321153
7,37,2600,90,44,1,115,30,454.0,673.7909514072421
7,37,2600,75,45,0,87,16,430.0,0.0
7,37,2600,60,46,0,137,14,372.0,0.0
7,37,2600,90,39,0,127,27,468.0,0.0
7,37,2600,90,47,1,133,19,388.0,244.2286606301189
7,37,2600,70,35,1,123,35,474.0,555.5779680541796
7,37,2600,70,37,0,103,31,568.0,0.0
7,37,2600,70,47,0,135,17,406.0,0.0
7,37,2600,65,43,1,107,19,508.0,381.82649511992867
7,37,2600,85,50,1,103,19,420.0,402.5448054993187
7,37,2600,65,43,0,197,15,382.0,0.0
7,37,2600,85,44,1,131,9,196.0,133.7561115532657
7,37,2600,70,44,1,145,22,448.0,588.9846742523969
7,37,2600,80,50,1,81,13,352.0,361.6467395785565
7,37,2600,90,42,0,139,28,656.0,0.0
7,37,2600,85,49,0,149,18,452.0,0.0
7,37,2600,70,50,0,141,15,428.0,0.0
7,37,2600,70,45,1,163,21,404.0,415.67794838184517
7,37,2600,80,38,0,155,26,574.0,0.0
7,37,2600,70,41,1,127,22,362.0,345.31674120256173
7,37,2600,75,43,0,101,22,474.0,0.0
7,37,2600,85,47,0,129,18,466.0,0.0
7,37,2600,85,41,0,127,22,492.0,0.0
7,37,2600,60,47,1,89,12,346.0,170.4429186790259
7,37,2600,65,48,1,91,13,410.0,303.66289059313345
7,37,2600,60,35,1,97,25,464.0,327.4958805121135
7,37,2600,65,35,0,153,25,510.0,0.0
7,37,2600,85,41,0,131,18,426.0,0.0
7,37,2600,65,42,1,97,18,342.0,300.16596928267705
7,37,2600,80,41,0,89,20,380.0,0.0
7,37,2600,90,47,1,125,25,470.0,446.72272234844
7,37,2600,70,49,1,95,10,196.0,116.90185042994304
7,37,2600,90,45,0,131,20,406.0,0.0
7,37,2600,65,41,0,137,21,484.0,0.0
7,37,2600,65,47,0,137,18,386.0,0.0
7,37,2600,60,47,1,91,14,414.0,217.3880744124485
7,37,2600,60,48,1,101,20,330.0,493.46106289707893
7,37,2600,60,41,0,153,21,580.0,0.0
7,37,2600,65,44,1,101,22,364.0,400.1336054744781
7,37,2500,80,43,1,97,17,380.0,311.54241273715706
7,37,2500,80,39,0,99,24,460.0,0.0
7,37,2500,60,37,1,75,21,280.0,203.9992120611155
7,37,2500,75,37,1,83,30,422.0,439.4335971729832
7,37,2500,75,42,0,139,17,414.0,0.0
7,37,2500,80,38,0,187,26,692.0,0.0
7,37,2500,90,44,1,137,26,444.0,619.451285112365
7,37,2500,85,41,0,143,23,386.0,0.0
7,37,2500,70,36,0,147,30,670.0,0.0
7,37,2500,60,35,1,99,18,328.0,200.09053610590684
7,37,2500,90,43,0,139,23,410.0,0.0
7,37,2500,65,44,1,115,22,398.0,482.5678831510108
7,37,2500,75,42,1,87,26,416.0,369.72819301226195
7,37,2500,85,35,1,75,26,364.0,265.8178363196996
7,37,2500,60,45,1,129,12,336.0,278.2083404887833
7,37,2500,85,37,0,137,25,622.0,0.0
7,37,2500,65,43,0,169,18,408.0,0.0
7,37,2500,70,50,0,143,16,418.0,0.0
7,37,2500,80,36,0,131,23,484.0,0.0
7,37,2500,65,47,1,127,13,310.0,254.01280595170994
7,37,2500,75,43,1,87,20,376.0,423.05042255631855
7,37,2500,80,39,1,133,27,508.0,503.19908568844465
7,37,2500,60,42,0,181,19,490.0,0.0
7,37,2500,80,40,0,233,23,628.0,0.0
7,37,2500,70,39,0,239,21,586.0,0.0
7,37,2500,70,40,0,131,17,442.0,0.0
7,37,2500,80,46,1,125,24,418.0,272.9025419661226
7,37,2500,90,48,1,89,22,356.0,576.86098810342
7,37,2500,70,36,1,81,27,378.0,356.95740143135174
7,37,2500,70,38,1,189,30,498.0,455.77707245962273
7,37,2500,85,38,0,97,21,468.0,0.0
7,37,2500,80,35,1,95,32,470.0,402.33390119489104
7,37,2500,65,45,1,103,21,364.0,426.14459645197854
7,37,2500,85,48,0,129,17,358.0,0.0
7,37,2500,70,50,0,125,17,316.0,0.0
7,37,2500,65,47,0,165,15,424.0,0.0
7,37,2500,85,47,1,95,27,452.0,381.43989536221505
7,37,2400,80,36,1,91,27,440.0,299.9560663232127
7,37,2400,65,35,1,95,21,492.0,348.0429094557056
7,37,2400,65,36,0,159,23,502.0,0.0
7,37,2400,70,38,0,135,24,582.0,0.0
7,37,2500,70,43,1,95,16,366.0,246.322706796322
7,37,2500,90,45,0,95,13,262.0,0.0
7,37,2500,60,48,0,179,11,324.0,0.0
7,37,2400,60,50,1,141,17,322.0,515.5959060855475
7,37,2400,90,44,0,169,19,512.0,0.0
7,37,2400,85,40,1,115,27,462.0,467.57063175425844
7,37,2400,65,43,0,95,14,434.0,0.0
7,37,2400,70,45,0,125,11,342.0,0.0
7,37,2400,90,46,1,127,19,416.0,255.53531518088653
7,37,2400,80,45,1,93,13,276.0,218.2919323285513
7,37,2400,80,43,0,93,18,416.0,0.0
7,37,2400,75,36,0,171,26,570.0,0.0
7,37,2400,85,42,1,71,26,288.0,524.0073858734577
7,37,2400,75,36,1,103,26,320.0,357.3825777250105
7,37,2400,90,40,0,127,21,514.0,0.0
7,37,2400,60,41,0,163,20,442.0,0.0
7,37,2400,75,43,1,75,18,312.0,346.4397527186563
7,37,2400,85,44,1,71,23,354.0,575.729144626528
7,37,2400,60,48,0,81,16,310.0,0.0
7,37,2400,90,38,0,89,25,438.0,0.0
7,37,2400,65,43,1,89,20,370.0,335.22763214421246
7,37,2400,80,48,1,71,16,328.0,348.5752345090945
7,37,2400,90,50,0,109,16,356.0,0.0
7,37,2400,60,50,1,77,7,214.0,177.7469604783104
7,37,2400,70,50,0,159,11,320.0,0.0
7,37,2400,80,48,1,115,19,344.0,335.1517118234933
7,37,2400,80,48,0,93,13,268.0,0.0
7,37,2400,60,41,0,99,15,270.0,0.0
7,37,2400,65,40,1,87,23,372.0,427.47918736366097
7,37,2400,70,41,1,181,28,530.0,440.8389515026291
7,37,2400,80,46,0,125,13,278.0,0.0
7,37,2400,70,47,0,89,14,338.0,0.0
7,37,2400,80,48,1,95,15,240.0,413.75992812209535
7,37,2400,60,40,1,89,21,396.0,253.0531310484612
7,37,2400,90,37,0,173,30,644.0,0.0
7,37,2400,85,37,0,177,31,694.0,0.0
7,37,2300,80,36,0,85,16,344.0,0.0
7,37,2400,65,44,1,133,18,400.0,344.0361997636424
7,37,2300,60,40,1,85,22,390.0,310.7973807324267
7,37,2400,70,42,1,79,19,354.0,290.51407359202017
7,37,2400,90,44,0,129,21,410.0,0.0
7,37,2300,75,47,1,65,14,250.0,133.00289767634087
7,37,2300,70,35,0,89,14,292.0,0.0
7,37,2300,85,42,1,81,18,326.0,301.2099228991507
7,37,2300,75,39,1,91,21,364.0,480.8784042074019
7,37,2300,85,42,0,135,17,332.0,0.0
7,37,2300,70,41,0,167,21,454.0,0.0
7,37,2300,60,43,0,111,11,250.0,0.0
7,37,2300,65,46,1,63,11,162.0,156.7189355364605
7,37,2300,80,37,1,85,23,308.0,300.22132241773187
7,37,2300,70,37,0,75,12,220.0,0.0
7,37,2300,65,41,1,127,17,374.0,327.0546513428426
7,37,2300,70,39,1,83,17,338.0,403.3954982025848
7,37,2300,90,38,0,171,22,550.0,0.0
7,37,2300,75,37,0,171,28,600.0,0.0
7,37,2300,60,49,1,107,10,248.0,138.69884752174488
7,37,2300,65,37,0,125,21,420.0,0.0
7,37,2300,70,39,1,111,26,424.0,500.1659171968539
7,37,2300,65,41,1,81,19,312.0,385.8601212274621
7,37,2300,70,42,0,131,20,416.0,0.0
7,37,2300,75,44,0,135,16,340.0,0.0
7,37,2300,70,42,1,67,9,180.0,119.09927023132616
7,37,2300,60,44,0,89,11,294.0,0.0
7,37,2300,90,38,0,131,22,372.0,0.0
7,37,2300,60,40,1,67,15,218.0,262.5607001621125
7,37,2300,75,36,1,81,26,308.0,331.6119098852312
7,37,2300,70,44,1,87,20,324.0,362.51653303291965
7,37,2300,60,39,0,131,14,326.0,0.0
7,37,2300,85,49,0,85,14,290.0,0.0
7,37,2300,85,48,1,63,13,166.0,236.21777047087986
7,37,2300,75,36,0,123,21,498.0,0.0
7,37,2300,80,38,1,61,26,316.0,457.6416322291638
7,37,2300,60,39,0,87,14,260.0,0.0
7,37,2300,65,37,1,85,21,322.0,250.90193991844467
7,37,2300,80,42,0,135,24,578.0,0.0
7,37,2300,90,37,1,89,26,346.0,332.8465927830264
7,37,2300,75,44,1,121,18,342.0,377.7344717422225
7,37,2300,80,37,0,129,17,370.0,0.0
7,37,2200,70,36,0,123,21,574.0,0.0
7,37,2200,85,39,0,161,15,394.0,0.0
7,37,2200,70,43,1,117,19,342.0,290.0063357974734
7,37,2300,60,46,0,81,12,282.0,0.0
7,37,2200,80,44,0,81,11,278.0,0.0
7,37,2200,60,46,1,75,17,238.0,388.3511460806564
7,37,2200,90,50,1,83,17,270.0,372.6979179353056
7,37,2200,90,39,1,85,25,474.0,567.9932404602537
7,37,2200,65,36,0,155,21,486.0,0.0
7,37,2200,65,37,0,121,21,396.0,0.0
7,37,2200,85,41,1,79,17,318.0,319.8696926566445
7,37,2200,85,37,1,79,25,330.0,397.2881487277735
7,37,2200,85,43,0,111,17,414.0,0.0
7,37,2200,85,49,1,89,15,244.0,171.5809734780594
7,37,2200,65,38,1,83,23,324.0,424.13650951730443
7,37,2200,80,37,0,111,19,336.0,0.0
7,37,2200,80,40,0,127,16,446.0,0.0
7,37,2200,90,38,0,121,20,316.0,0.0
7,37,2200,75,44,0,123,11,268.0,0.0
7,37,2200,70,39,1,109,15,342.0,362.0764306673714
7,37,2200,70,44,1,71,10,272.0,223.45575965345228
7,37,2200,65,39,1,55,13,218.0,319.33838286010194
7,37,2200,60,44,0,115,14,266.0,0.0
7,37,2200,85,45,0,79,10,268.0,0.0
7,37,2200,60,46,0,107,7,174.0,0.0
7,37,2200,80,40,0,117,17,468.0,0.0
7,37,2200,85,47,1,61,9,168.0,128.6922164775819
7,37,2200,80,49,1,89,13,270.0,156.47709705659602
7,37,2200,85,49,1,83,14,232.0,161.88854669612675
7,37,2200,80,41,0,115,17,348.0,0.0
7,37,2200,85,36,0,131,19,506.0,0.0
7,37,2200,80,43,1,81,18,264.0,193.624653247918
7,37,2200,70,35,1,85,29,450.0,450.0237134621268
7,37,2200,85,37,1,129,25,516.0,327.88605587633316
7,37,2200,70,47,1,107,17,236.0,237.5119066147536
7,37,2200,85,45,0,117,14,384.0,0.0
7,37,2200,65,37,1,101,16,274.0,181.12396794709468
7,37,2200,85,45,0,161,19,420.0,0.0
7,37,2200,75,42,0,107,11,208.0,0.0
7,37,2100,60,43,1,107,8,198.0,127.04078886292845
7,37,2200,60,41,1,153,11,326.0,172.7827035088941
7,37,2100,90,44,0,41,8,138.0,0.0
7,37,2200,60,50,0,83,4,124.0,0.0
7,37,2100,85,38,0,97,17,280.0,0.0
7,37,2100,80,44,1,121,21,354.0,506.20787256362485
7,37,2100,80,44,1,85,17,146.0,256.80751385281513
7,37,2100,80,44,1,107,19,218.0,335.7250283743366
7,37,2100,60,50,0,81,8,224.0,0.0
7,37,2100,85,42,0,77,15,274.0,0.0
7,37,2100,75,41,1,115,18,312.0,353.8814980104583
7,37,2100,90,38,1,75,13,226.0,139.95527594973572
7,37,2100,90,40,0,81,17,268.0,0.0
7,37,2100,60,41,0,39,10,174.0,0.0
7,37,2100,85,39,1,163,18,356.0,446.20948589550324
7,37,2100,80,42,0,149,15,328.0,0.0
7,37,2100,70,49,0,83,11,298.0,0.0
7,37,2100,75,42,1,113,15,332.0,236.48513207595235
7,37,2100,65,47,0,77,7,146.0,0.0
7,37,2100,85,48,1,75,9,152.0,218.39980434339807
7,37,2100,90,50,1,83,15,218.0,293.09030168466677
7,37,2100,90,50,0,109,12,262.0,0.0
7,37,2100,85,42,0,121,16,358.0,0.0
7,37,2100,70,46,1,75,13,232.0,206.75445709401515
7,37,2100,75,41,1,93,18,292.0,245.48608311927822
7,37,2100,70,46,0,153,16,350.0,0.0
7,37,2100,90,35,1,75,29,354.0,345.3754411631426
7,37,2100,60,37,1,77,17,298.0,229.5354245211325
7,37,2100,70,48,0,81,8,248.0,0.0
7,37,2100,65,49,1,57,12,180.0,213.77682413719376
7,37,2100,90,38,0,81,19,316.0,0.0
7,37,2100,65,50,0,81,6,150.0,0.0
7,37,2100,80,37,0,157,19,426.0,0.0
7,37,2100,80,40,1,77,19,240.0,269.91670930472526
7,37,2100,65,44,0,117,11,226.0,0.0
7,37,2100,70,46,1,103,12,212.0,185.73014308364853
7,37,2100,60,45,1,103,15,318.0,270.2461453554236
7,37,2100,75,49,0,75,7,150.0,0.0
7,37,2100,80,37,1,91,25,374.0,333.61900256419483
7,37,2100,90,50,1,117,9,224.0,189.70469561437451
7,37,2000,70,38,1,109,12,270.0,128.74686161702016
7,37,2000,90,42,0,109,18,294.0,0.0
7,37,2100,85,45,0,123,16,282.0,0.0
7,37,2100,85,47,0,105,11,256.0,0.0
7,37,2000,90,47,1,115,9,266.0,100.39801476102161
7,37,2000,70,41,1,71,9,182.0,152.52229447938
7,37,2000,85,36,0,73,16,298.0,0.0
7,37,2000,85,43,0,75,7,144.0,0.0
7,37,2000,60,41,1,57,5,90.0,128.0542408844195
7,37,2000,85,41,0,111,16,290.0,0.0
7,37,2000,65,47,1,93,12,216.0,175.39134513742704
7,37,2000,85,48,0,77,8,156.0,0.0
7,37,2000,85,45,1,87,13,196.0,172.86057336090494
7,37,2000,80,46,1,105,14,292.0,212.52553102660244
7,37,2000,70,38,1,101,20,234.0,229.79260319975307
7,37,2000,80,42,0,113,11,322.0,0.0
7,37,2000,65,43,0,37,6,94.0,0.0
7,37,2000,70,50,0,121,11,268.0,0.0
7,37,2000,65,44,1,77,6,180.0,135.00542971418935
7,37,2000,75,36,0,75,13,206.0,0.0
7,37,2000,85,39,1,111,15,340.0,312.4559370053614
7,37,2000,80,41,1,63,13,212.0,252.412837142987
7,37,2000,65,36,1,157,27,456.0,263.48080257352507
7,37,2000,60,37,0,143,15,424.0,0.0
7,37,2000,85,49,0,125,11,196.0,0.0
7,37,2000,80,47,0,109,16,332.0,0.0
7,37,2000,65,35,1,85,20,270.0,262.67129821544586
7,37,2000,80,36,1,109,25,366.0,305.3083515739234
7,37,2000,75,39,1,95,13,260.0,267.36127367951315
7,37,2000,75,42,0,127,10,204.0,0.0
7,37,2000,65,36,0,123,19,362.0,0.0
7,37,2000,85,49,1,37,3,96.0,43.11679384097299
7,37,2000,60,49,0,149,10,238.0,0.0
7,37,2000,75,49,0,81,7,186.0,0.0
7,37,2000,65,41,1,73,10,180.0,191.70574234743881
7,37,2000,60,44,0,67,13,202.0,0.0
7,37,2000,60,47,1,149,10,280.0,148.85090695028168
7,37,2000,80,38,1,99,14,274.0,150.76293090185317
7,37,2000,90,39,0,79,20,268.0,0.0
7,37,1900,70,37,1,83,14,152.0,121.18854483829756
7,37,2000,70,44,0,93,9,168.0,0.0
7,37,2000,85,48,0,117,11,236.0,0.0
7,37,1900,70,44,0,87,10,188.0,0.0
7,37,2000,80,50,1,69,11,206.0,302.5890302615617
7,37,1900,60,44,1,69,13,198.0,302.4171172668871
7,37,1900,80,39,0,99,9,240.0,0.0
7,37,1900,70,42,1,37,6,114.0,106.13339275573666
7,37,1900,70,38,0,97,13,270.0,0.0
7,37,1900,60,46,1,101,12,202.0,170.85854366378302
7,37,1900,80,46,1,71,11,138.0,105.98059554621591
7,37,1900,60,50,0,109,11,180.0,0.0
7,37,1900,85,50,0,71,11,172.0,0.0
7,37,1900,65,35,1,83,14,260.0,147.3386840545772
7,37,1900,75,37,1,73,19,252.0,299.8456946260486
7,37,1900,85,40,0,101,15,276.0,0.0
7,37,1900,60,40,0,93,20,276.0,0.0
7,37,1900,85,45,1,49,9,110.0,156.31377742511208
7,37,1900,75,38,0,133,16,256.0,0.0
7,37,1900,90,42,1,71,14,254.0,190.81208640504323
7,37,1900,75,49,0,89,11,236.0,0.0
7,37,1900,75,35,1,145,20,358.0,198.9014949905789
7,37,1900,60,37,0,79,14,220.0,0.0
7,37,1900,60,38,1,73,13,256.0,176.209213149254
7,37,1900,80,44,1,77,15,240.0,384.0619420189301
7,37,1900,75,43,0,67,9,194.0,0.0
7,37,1900,60,45,0,83,7,122.0,0.0
7,37,1900,75,47,1,65,10,192.0,117.41616332306279
7,37,1900,90,41,0,85,15,288.0,0.0
7,37,1900,70,37,0,141,14,318.0,0.0
7,37,1900,80,38,1,69,22,296.0,261.2376803069033
7,37,1900,75,40,0,143,19,382.0,0.0
7,37,1900,75,39,1,121,16,300.0,387.1921616632104
7,37,1900,90,44,1,77,8,144.0,167.70713626913107
7,37,1900,65,48,1,97,12,230.0,258.99407817598853
7,37,1900,70,46,0,71,8,140.0,0.0
7,37,1900,80,35,0,113,16,344.0,0.0
7,37,1900,80,39,0,85,11,260.0,0.0
7,37,1900,60,45,1,71,10,138.0,160.13955291189146
7,37,1900,80,40,1,69,12,196.0,141.75633055121233
7,37,1800,90,35,1,99,18,350.0,172.1994580624875
7,37,1900,70,42,0,107,9,242.0,0.0
7,37,1900,60,45,1,63,12,170.0,167.6418585856654
7,37,1800,65,35,0,99,11,254.0,0.0
7,37,1800,90,36,1,63,16,194.0,136.7363568695917
7,37,1900,80,50,0,99,6,158.0,0.0
7,37,1800,75,41,1,33,7,98.0,123.04362097148528
7,37,1800,90,43,0,115,10,150.0,0.0
7,37,1800,80,43,0,101,13,252.0,0.0
7,37,1800,75,43,0,59,8,132.0,0.0
7,37,1800,65,41,0,131,11,188.0,0.0
7,37,1800,75,45,1,67,9,194.0,287.9846836676764
7,37,1800,70,36,1,55,17,156.0,196.22302789194808
7,37,1800,85,38,0,89,13,310.0,0.0
7,37,1800,65,50,1,69,4,90.0,72.62791533940887
7,37,1800,90,38,1,71,15,232.0,190.403434962817
7,37,1800,60,41,1,87,10,186.0,180.51105674381188
7,37,1800,60,40,0,125,14,264.0,0.0
7,37,1800,65,41,0,101,11,194.0,0.0
7,37,1800,75,44,0,101,14,294.0,0.0
7,37,1800,60,37,0,103,14,258.0,0.0
7,37,1800,65,43,1,75,13,218.0,254.41813796267184
7,37,1800,80,49,1,59,13,188.0,163.34787478062594
7,37,1800,80,47,1,81,14,166.0,171.74298118034739
7,37,1800,85,50,1,43,5,74.0,100.50825699235098
7,37,1800,70,36,0,69,12,230.0,0.0
7,37,1800,75,39,1,59,16,200.0,343.330564577886
7,37,1800,90,50,0,65,8,128.0,0.0
7,37,1800,85,43,0,97,18,250.0,0.0
7,37,1800,65,44,0,129,10,190.0,0.0
7,37,1800,80,49,0,63,5,128.0,0.0
7,37,1800,90,46,1,55,11,160.0,105.6716785615478
7,37,1800,90,43,1,61,17,148.0,180.86383409910596
7,37,1800,75,37,0,57,13,210.0,0.0
7,37,1800,60,45,1,29,2,30.0,26.5983667971576
7,37,1800,65,36,1,97,11,186.0,141.4336586851078
7,37,1800,85,36,1,69,13,224.0,120.82133302175042
7,37,1800,85,42,0,51,9,186.0,0.0
7,37,1800,65,42,0,113,11,242.0,0.0
7,37,1700,85,39,1,67,11,196.0,249.01872213589982
7,37,1800,60,50,1,61,5,116.0,119.3867623377026
7,37,1700,65,37,0,63,11,180.0,0.0
7,37,1800,65,48,0,35,3,94.0,0.0
7,37,1700,75,39,1,87,15,218.0,306.5725983621327
7,37,1800,90,50,0,97,8,226.0,0.0
7,37,1800,90,50,1,121,9,144.0,234.9559647253201
7,37,1700,90,36,0,65,13,250.0,0.0
7,37,1700,90,36,1,83,15,214.0,200.10206985990786
7,37,1700,60,35,1,49,7,80.0,57.698368240981374
7,37,1700,70,36,1,43,11,108.0,92.76981450766861
7,37,1700,65,36,0,95,14,276.0,0.0
7,37,1700,85,40,1,59,12,122.0,202.14434768544396
7,37,1700,85,48,0,43,3,44.0,0.0
7,37,1700,90,46,0,119,10,180.0,0.0
7,37,1700,80,48,1,47,4,78.0,74.17573304095863
7,37,1700,85,49,0,51,11,166.0,0.0
7,37,1700,70,35,0,93,7,162.0,0.0
7,37,1700,60,38,1,133,10,240.0,97.93869043762788
7,37,1700,60,37,0,153,14,244.0,0.0
7,37,1700,65,40,1,63,9,156.0,119.08372412436886
7,37,1700,85,47,0,89,8,170.0,0.0
7,37,1700,65,40,0,111,7,144.0,0.0
7,37,1700,80,41,1,47,10,118.0,273.69366897629874
7,37,1700,65,38,1,49,10,148.0,136.75926001061958
7,37,1700,65,35,0,63,10,180.0,0.0
7,37,1700,70,35,1,79,12,188.0,159.81921231567887
7,37,1700,60,39,0,125,20,364.0,0.0
7,37,1700,80,36,1,59,17,196.0,146.63969288485362
7,37,1700,60,48,0,33,3,78.0,0.0
7,37,1700,80,47,1,55,13,126.0,145.99487354041742
7,37,1700,65,41,0,89,10,192.0,0.0
7,37,1700,75,43,1,59,9,136.0,100.10687995312345
7,37,1700,65,36,0,59,9,178.0,0.0
7,37,1700,75,39,1,61,9,150.0,238.17243697149473
7,37,1700,70,45,0,97,8,162.0,0.0
7,37,1700,75,48,1,71,6,146.0,157.57567135495896
7,37,1700,85,50,0,97,12,212.0,0.0
7,37,1700,60,35,1,117,18,280.0,222.99646357124274
7,37,1700,85,44,1,119,11,220.0,300.96300007085745
7,37,1700,65,43,0,109,10,250.0,0.0
7,37,1600,65,38,1,81,8,136.0,85.23339069036489
7,37,1600,60,37,0,107,11,180.0,0.0
7,37,1600,70,42,0,103,7,104.0,0.0
7,37,1700,70,44,0,73,8,140.0,0.0
7,37,1700,70,46,1,59,7,128.0,49.1920310486139
7,37,1700,75,49,0,43,5,70.0,0.0
7,37,1600,90,49,1,85,14,182.0,115.91676808975113
7,37,1600,70,37,0,107,9,212.0,0.0
7,37,1600,80,36,1,29,4,84.0,48.10124568444437
7,37,1600,65,40,0,57,5,132.0,0.0
7,37,1600,70,44,1,73,10,74.0,201.46755636514402
7,37,1600,80,38,1,87,17,210.0,274.98202091795775
7,37,1600,70,48,0,81,7,172.0,0.0
7,37,1600,75,47,1,65,7,96.0,63.95844020327694
7,37,1600,80,42,1,63,5,104.0,101.85998421284553
7,37,1600,85,42,1,47,4,100.0,104.71034286451615
7,37,1600,85,45,0,57,4,58.0,0.0
7,37,1600,75,43,0,61,7,124.0,0.0
7,37,1600,85,43,0,101,5,102.0,0.0
7,37,1600,85,46,0,71,6,104.0,0.0
7,37,1600,75,37,1,63,11,174.0,107.3940796607299
7,37,1600,70,41,0,77,6,128.0,0.0
7,37,1600,70,41,1,53,10,154.0,150.77532364637122
7,37,1600,90,44,1,83,8,134.0,186.61864502510443
7,37,1600,75,47,0,23,1,24.0,0.0
7,37,1600,90,48,0,81,9,134.0,0.0
7,37,1600,85,35,0,59,11,168.0,0.0
7,37,1600,75,49,1,87,5,118.0,52.73433142032338
7,37,1600,85,50,1,113,9,132.0,118.28183017086019
7,37,1600,85,39,1,57,8,88.0,170.15954836573204
7,37,1600,65,40,0,31,2,52.0,0.0
7,37,1600,80,41,1,29,3,90.0,53.17461107533306
7,37,1600,75,39,0,91,8,144.0,0.0
7,37,1600,70,48,0,71,6,150.0,0.0
7,37,1600,85,44,1,29,3,44.0,63.93201164398693
7,37,1600,85,40,0,61,9,168.0,0.0
7,37,1600,70,45,0,79,13,158.0,0.0
7,37,1600,70,44,1,63,9,128.0,245.3752325508438
7,37,1600,85,39,1,85,8,132.0,221.61220057130248
7,37,1600,75,35,1,69,17,190.0,165.031243850741
7,37,1600,85,37,0,57,8,142.0,0.0
7,37,1500,80,39,1,81,7,126.0,168.67576716167227
7,37,1600,70,42,1,27,5,78.0,69.6010147410604
7,37,1600,75,42,0,59,10,146.0,0.0
7,37,1500,80,46,0,57,4,86.0,0.0
7,37,1500,60,50,1,25,1,26.0,28.841882333934507
7,37,1500,75,42,1,87,7,142.0,147.65109503985605
7,37,1500,75,47,0,53,6,98.0,0.0
7,37,1500,60,44,1,79,4,108.0,106.91656862700142
7,37,1500,75,40,0,53,11,194.0,0.0
7,37,1500,80,44,1,65,5,92.0,89.86131610035585
7,37,1500,65,45,0,41,5,68.0,0.0
7,37,1500,90,40,0,55,5,106.0,0.0
7,37,1500,85,43,1,61,7,116.0,117.42712908618148
7,37,1500,80,45,0,73,5,74.0,0.0
7,37,1500,75,45,1,45,7,96.0,183.10559615279095
7,37,1500,80,36,0,85,8,146.0,0.0
7,37,1500,65,38,1,47,7,72.0,50.071454401216506
7,37,1500,85,39,0,81,9,166.0,0.0
7,37,1500,80,47,1,81,7,138.0,72.74763316870008
7,37,1500,85,38,0,75,12,178.0,0.0
7,37,1500,75,38,1,45,13,128.0,129.1668134174011
7,37,1500,60,48,0,51,4,68.0,0.0
7,37,1500,65,42,1,57,7,96.0,183.84077030879104
7,37,1500,70,44,1,55,6,84.0,167.54216382372218
7,37,1500,60,45,0,29,6,112.0,0.0
7,37,1500,70,46,1,71,11,154.0,168.399587146696
7,37,1500,70,48,0,47,5,78.0,0.0
7,37,1500,80,43,0,25,5,52.0,0.0
7,37,1500,90,43,1,57,5,100.0,55.45469924773771
7,37,1500,60,37,1,63,7,120.0,115.44346645141216
7,37,1500,80,42,0,51,6,52.0,0.0
7,37,1500,75,40,1,67,8,108.0,117.62723865006411
7,37,1500,70,44,0,29,1,30.0,0.0
7,37,1500,80,48,0,55,4,98.0,0.0
7,37,1500,85,49,1,13,1,14.0,14.4435313514544
7,37,1500,80,35,0,45,8,124.0,0.0
7,37,1500,65,47,0,53,6,108.0,0.0
7,37,1500,80,43,1,29,3,56.0,77.45238344009132
7,37,1500,70,45,0,53,2,54.0,0.0
7,37,1500,60,43,1,65,7,124.0,49.94370220671293
7,37,1500,65,44,0,29,5,88.0,0.0
7,37,1500,85,49,1,73,7,94.0,94.534087735012
7,36,3000,65,36,1,165,33,674.0,378.5336578357708
7,36,3000,90,35,0,165,36,752.0,0.0
7,36,3000,90,45,1,151,20,496.0,425.34130024222867
7,36,3000,85,43,0,175,29,578.0,0.0
7,36,3000,60,40,0,167,27,634.0,0.0
7,36,3000,60,44,1,101,27,508.0,403.90085406268366
7,36,3000,75,48,1,167,23,460.0,582.2262387957674
7,36,3000,60,49,0,111,20,380.0,0.0
7,36,3000,70,35,1,119,33,574.0,444.2026472395053
7,36,3000,75,39,0,153,30,538.0,0.0
7,36,3000,80,44,1,129,29,544.0,451.2489457035062
7,36,3000,90,43,1,109,29,418.0,576.712986119923
7,36,3000,70,50,0,209,16,420.0,0.0
7,36,3000,85,48,0,213,29,800.0,0.0
7,36,3000,85,49,1,179,22,652.0,362.87145568581496
7,36,3000,65,35,0,171,33,864.0,0.0
7,36,3000,85,37,0,171,33,730.0,0.0
7,36,3000,80,39,0,177,31,764.0,0.0
7,36,3000,75,39,1,117,33,580.0,787.8866371689782
7,36,3000,65,40,0,155,27,728.0,0.0
7,36,3000,75,46,1,119,22,554.0,311.56592945543855
7,36,3000,60,45,1,113,28,530.0,667.4951373420802
7,36,3000,90,37,0,159,31,582.0,0.0
7,36,3000,65,41,1,107,30,438.0,515.7238153900813
7,36,3000,90,45,1,215,31,586.0,751.5619339288805
7,36,3000,60,45,0,79,21,414.0,0.0
7,36,3000,80,45,1,165,29,564.0,680.5652370081567
7,36,3000,70,50,1,135,22,408.0,581.9158957054623
7,36,3000,75,45,0,155,24,550.0,0.0
7,36,3000,80,35,1,113,32,524.0,431.10193080026073
7,36,3000,85,37,0,161,32,600.0,0.0
7,36,3000,85,37,0,157,32,658.0,0.0
7,36,3000,75,37,1,131,36,534.0,693.1400242646698
7,36,3000,80,40,1,115,26,488.0,391.88075759596103
7,36,3000,60,40,0,207,25,712.0,0.0
7,36,3000,60,40,0,117,19,548.0,0.0
7,36,3000,60,37,0,329,33,904.0,0.0
7,36,3000,80,38,1,173,34,678.0,500.9308425961378
7,36,3000,90,36,1,107,36,476.0,467.1262354490803
7,36,3000,90,38,0,227,32,772.0,0.0
7,36,2900,60,43,0,167,24,624.0,0.0
7,36,2900,70,47,1,147,24,576.0,459.9676110452415
7,36,2900,65,49,1,121,17,404.0,271.59772663767257
7,36,2900,90,39,0,165,29,624.0,0.0
7,36,2900,65,42,0,215,27,726.0,0.0
7,36,2900,80,46,1,117,25,482.0,408.09260279867976
7,36,2900,80,45,1,159,29,522.0,641.2696796218387
7,36,2900,65,41,1,107,30,510.0,413.07452220060344
7,36,2900,85,36,0,213,34,730.0,0.0
7,36,2900,60,40,0,263,21,556.0,0.0
7,36,2900,65,50,0,133,12,352.0,0.0
7,36,2900,80,47,1,117,24,508.0,476.4489331269725
7,36,2900,80,36,0,215,33,832.0,0.0
7,36,2900,60,46,0,107,17,366.0,0.0
7,36,2900,65,49,1,139,17,486.0,312.22695921549905
7,36,2900,85,35,0,157,27,622.0,0.0
7,36,2900,70,49,1,203,17,464.0,253.4472970048796
7,36,2900,80,40,1,143,31,626.0,447.4503914588045
7,36,2900,90,41,1,111,30,456.0,666.8908318443803
7,36,2900,65,38,0,109,23,500.0,0.0
7,36,2900,90,35,0,167,32,608.0,0.0
7,36,2900,65,37,1,107,29,562.0,515.9126146418845
7,36,2900,70,38,0,219,30,710.0,0.0
7,36,2900,70,38,1,257,31,626.0,487.02473239780346
7,36,2900,80,45,1,101,28,402.0,433.4376182262149
7,36,2900,85,38,0,165,31,700.0,0.0
7,36,2900,90,36,1,107,36,526.0,595.5823434345125
7,36,2900,65,39,1,107,28,572.0,490.31157509371303
7,36,2900,65,36,1,103,33,456.0,402.93002441740015
7,36,2900,70,41,0,163,28,560.0,0.0
7,36,2900,65,44,0,161,25,550.0,0.0
7,36,2900,90,45,1,99,29,440.0,625.5773212873131
7,36,2900,65,50,0,157,11,390.0,0.0
7,36,2900,85,46,0,169,20,540.0,0.0
7,36,2900,90,37,1,95,35,488.0,527.88027585572
7,36,2900,70,37,0,163,32,694.0,0.0
7,36,2800,85,38,0,205,28,766.0,0.0
7,36,2900,65,43,0,163,26,544.0,0.0
7,36,2800,90,44,1,147,32,600.0,802.946006764124
7,36,2900,65,44,1,109,21,434.0,598.9924726748466
7,36,2900,65,45,0,129,19,508.0,0.0
7,36,2900,75,50,1,99,22,392.0,502.78576571763267
7,36,2800,65,45,1,137,17,426.0,361.2560836961489
7,36,2800,60,36,1,215,29,608.0,372.13350872346666
7,36,2800,65,38,1,131,31,494.0,430.7989751340282
7,36,2800,60,39,0,101,19,374.0,0.0
7,36,2800,70,40,0,213,29,768.0,0.0
7,36,2800,80,45,0,257,23,594.0,0.0
7,36,2800,75,41,1,79,24,344.0,288.0800027417573
7,36,2800,70,49,0,155,16,392.0,0.0
7,36,2800,70,48,1,123,23,438.0,551.0761752705489
7,36,2800,65,47,0,109,16,516.0,0.0
7,36,2800,80,36,0,189,33,762.0,0.0
7,36,2800,70,38,1,103,31,504.0,507.8775943511754
7,36,2800,60,41,1,153,29,530.0,517.5398407122615
7,36,2800,75,40,0,161,22,648.0,0.0
7,36,2800,60,47,0,133,19,442.0,0.0
7,36,2800,85,44,1,105,31,484.0,538.1407619312059
7,36,2800,65,48,1,131,23,526.0,553.7553303991433
7,36,2800,65,35,1,109,34,556.0,473.6979316230126
7,36,2800,80,37,0,215,26,578.0,0.0
7,36,2800,90,40,1,177,29,572.0,448.66164187402353
7,36,2800,60,42,0,109,14,448.0,0.0
7,36,2800,60,47,0,141,18,556.0,0.0
7,36,2800,70,47,0,125,18,398.0,0.0
7,36,2800,60,50,1,129,19,370.0,401.5213756864046
7,36,2800,90,40,1,155,33,540.0,415.6826363816698
7,36,2800,80,44,1,87,27,378.0,540.0731787263328
7,36,2800,60,43,0,219,22,512.0,0.0
7,36,2800,60,42,0,163,22,596.0,0.0
7,36,2800,70,43,0,161,24,576.0,0.0
7,36,2800,75,46,1,97,24,458.0,440.5388952884158
7,36,2800,85,35,0,149,32,560.0,0.0
7,36,2800,85,35,1,101,36,498.0,630.8602087708081
7,36,2800,80,49,1,109,23,438.0,318.1922586379563
7,36,2800,75,45,1,105,22,384.0,401.3655808653374
7,36,2800,85,45,0,197,23,646.0,0.0
7,36,2800,90,43,0,155,27,672.0,0.0
7,36,2800,85,47,1,103,26,494.0,435.69495590115116
7,36,2800,65,45,0,161,24,560.0,0.0
7,36,2700,70,35,0,155,32,614.0,0.0
7,36,2700,90,37,1,101,26,382.0,377.6352846936584
7,36,2700,65,36,1,145,26,426.0,445.219920795882
7,36,2700,60,38,0,103,21,440.0,0.0
7,36,2700,70,48,1,85,25,360.0,556.3708863087211
7,36,2700,60,50,0,97,8,282.0,0.0
7,36,2700,65,37,1,111,32,456.0,614.669489303343
7,36,2700,70,47,1,151,24,422.0,457.33281002331705
7,36,2700,85,44,1,247,24,504.0,504.30926952718784
7,36,2700,75,46,0,105,10,292.0,0.0
7,36,2700,85,36,0,181,30,610.0,0.0
7,36,2700,80,50,0,101,15,354.0,0.0
7,36,2700,70,47,0,197,18,434.0,0.0
7,36,2700,60,35,1,147,18,516.0,199.44425643051528
7,36,2700,70,35,1,205,31,726.0,433.8020235403737
7,36,2700,75,40,0,103,31,548.0,0.0
7,36,2700,60,39,0,141,23,560.0,0.0
7,36,2700,90,50,1,115,24,384.0,659.5479784926695
7,36,2700,80,49,1,107,17,378.0,307.1917180855787
7,36,2700,60,47,0,151,16,464.0,0.0
7,36,2700,90,40,1,95,31,450.0,499.18306601948433
7,36,2700,60,41,0,155,18,634.0,0.0
7,36,2700,90,44,1,155,24,516.0,575.2836538757829
7,36,2700,70,38,0,245,28,786.0,0.0
7,36,2700,70,47,0,155,16,538.0,0.0
7,36,2700,85,47,1,95,19,356.0,308.76195766984944
7,36,2700,90,50,1,91,20,394.0,557.8798563728827
7,36,2700,60,45,0,149,12,328.0,0.0
7,36,2700,85,38,0,151,27,680.0,0.0
7,36,2700,60,43,1,155,18,462.0,281.5635380828575
7,36,2700,70,44,0,141,23,496.0,0.0
7,36,2700,90,48,1,95,27,424.0,667.4912071183061
7,36,2700,70,47,1,105,19,406.0,253.81043248567485
7,36,2700,75,47,0,131,16,450.0,0.0
7,36,2700,70,50,1,93,24,360.0,629.3597859443402
7,36,2700,65,46,0,155,21,540.0,0.0
7,36,2600,65,35,0,99,25,518.0,0.0
7,36,2700,80,41,0,205,24,564.0,0.0
7,36,2700,90,41,1,93,29,480.0,557.0387501221205
7,36,2700,90,49,1,117,17,294.0,201.7369087154799
7,36,2700,90,48,0,155,22,470.0,0.0
7,36,2600,70,38,1,139,30,440.0,374.0941998434194
7,36,2600,75,37,1,147,31,528.0,406.514601691045
7,36,2600,65,41,1,119,22,352.0,397.0643012124949
7,36,2600,85,36,0,185,30,570.0,0.0
7,36,2600,65,43,0,101,18,458.0,0.0
7,36,2600,70,46,1,193,21,418.0,379.5529200877633
7,36,2600,80,50,0,149,11,292.0,0.0
7,36,2600,60,49,0,193,15,622.0,0.0
7,36,2600,80,50,1,143,21,530.0,561.5091905608799
7,36,2600,90,39,1,253,33,622.0,625.9567139537364
7,36,2600,70,37,0,199,21,630.0,0.0
7,36,2600,80,37,1,99,34,480.0,541.3075009040487
7,36,2600,60,40,0,99,24,432.0,0.0
7,36,2600,90,43,0,203,24,598.0,0.0
7,36,2600,60,35,1,101,32,478.0,432.2790378862021
7,36,2600,65,47,0,91,17,346.0,0.0
7,36,2600,70,50,1,127,16,348.0,450.35651550495203
7,36,2600,90,44,0,185,23,580.0,0.0
7,36,2600,65,49,1,81,13,264.0,194.55001372491768
7,36,2600,90,41,1,85,31,420.0,669.0904711832388
7,36,2600,60,38,1,95,24,504.0,391.35417997990277
7,36,2600,65,40,0,145,23,480.0,0.0
7,36,2600,65,41,0,101,20,444.0,0.0
7,36,2600,90,35,0,179,31,568.0,0.0
7,36,2600,80,42,1,97,26,470.0,372.15769235533287
7,36,2600,80,35,0,139,31,606.0,0.0
7,36,2600,80,38,1,201,29,548.0,476.38238932998917
7,36,2600,70,43,1,75,18,268.0,232.15181117735807
7,36,2600,60,50,0,137,13,378.0,0.0
7,36,2600,65,36,1,147,28,504.0,389.5236070027573
7,36,2600,65,38,1,141,25,574.0,366.4758570687583
7,36,2600,90,39,0,147,17,434.0,0.0
7,36,2600,70,41,1,99,22,382.0,400.82980022575344
7,36,2600,90,44,0,97,23,470.0,0.0
7,36,2600,75,44,0,97,17,290.0,0.0
7,36,2600,60,47,1,101,15,392.0,241.7536660287237
7,36,2600,75,36,0,141,25,552.0,0.0
7,36,2600,70,38,0,101,26,582.0,0.0
7,36,2500,90,41,0,177,20,464.0,0.0
7,36,2500,80,41,1,83,24,390.0,238.52912932573875
7,36,2600,75,49,1,125,23,348.0,322.3098560427625
7,36,2500,85,37,0,185,22,586.0,0.0
7,36,2500,70,42,1,83,22,262.0,381.43422242271123
7,36,2500,70,48,0,165,16,386.0,0.0
7,36,2500,70,50,1,87,18,382.0,446.3169730560779
7,36,2500,80,38,0,143,24,448.0,0.0
7,36,2500,80,41,0,127,17,396.0,0.0
7,36,2500,70,41,1,75,18,306.0,362.8716232856551
7,36,2500,70,46,1,169,14,306.0,226.07494304118606
7,36,2500,70,42,1,121,21,370.0,264.13903090779536
7,36,2500,80,41,0,121,19,448.0,0.0
7,36,2500,90,43,1,97,19,396.0,367.25773298461365
7,36,2500,75,37,1,119,34,456.0,430.6912606467372
7,36,2500,65,37,1,91,26,340.0,325.3363367758634
7,36,2500,70,35,0,127,30,428.0,0.0
7,36,2500,85,46,0,187,20,592.0,0.0
7,36,2500,85,36,0,183,30,708.0,0.0
7,36,2500,80,36,1,75,31,328.0,393.66019984389163
7,36,2500,70,46,0,127,17,446.0,0.0
7,36,2500,90,50,0,229,13,552.0,0.0
7,36,2500,65,46,1,89,20,376.0,286.7417478832599
7,36,2500,60,43,1,229,16,590.0,400.4167711397435
7,36,2500,80,35,1,87,32,438.0,414.04858709955096
7,36,2500,75,38,1,93,27,444.0,585.6965682321841
7,36,2500,75,41,1,77,19,320.0,315.07729642196193
7,36,2500,70,43,0,93,17,400.0,0.0
7,36,2500,90,42,0,135,20,486.0,0.0
7,36,2500,85,49,0,91,15,338.0,0.0
7,36,2500,65,49,0,79,10,166.0,0.0
7,36,2500,90,35,0,133,31,540.0,0.0
7,36,2500,70,38,1,139,21,464.0,252.1274374788633
7,36,2500,90,41,1,99,29,468.0,573.7513200639587
7,36,2500,90,43,0,129,19,466.0,0.0
7,36,2500,80,47,1,85,16,320.0,298.9832620946757
7,36,2500,70,39,1,89,22,442.0,617.6133291567239
7,36,2500,70,47,0,187,18,392.0,0.0
7,36,2500,60,37,0,99,22,404.0,0.0
7,36,2400,60,36,0,133,22,426.0,0.0
7,36,2500,60,47,1,91,15,356.0,218.70199416844125
7,36,2400,80,39,1,143,19,404.0,306.8240244060366
7,36,2400,60,42,1,115,15,236.0,226.12182074608953
7,36,2400,90,48,1,89,16,278.0,401.98635158113524
7,36,2500,75,48,0,95,14,366.0,0.0
7,36,2400,65,46,0,97,11,234.0,0.0
7,36,2400,80,35,0,133,32,438.0,0.0
7,36,2400,65,36,1,115,18,384.0,240.79813560348592
7,36,2400,85,36,0,135,27,620.0,0.0
7,36,2400,60,40,0,133,16,404.0,0.0
7,36,2400,60,42,1,123,23,482.0,255.34947086089412
7,36,2400,85,42,1,121,27,414.0,438.86141068305375
7,36,2400,80,43,0,135,21,502.0,0.0
7,36,2400,80,47,1,133,15,386.0,284.1876034312552
7,36,2400,90,36,0,131,25,476.0,0.0
7,36,2400,75,35,1,179,27,560.0,341.49835318978074
7,36,2400,65,41,1,147,26,398.0,581.9239019259128
7,36,2400,90,38,0,177,22,536.0,0.0
7,36,2400,85,39,0,137,19,474.0,0.0
7,36,2400,60,46,1,75,16,258.0,252.4859174343468
7,36,2400,90,49,0,87,13,246.0,0.0
7,36,2400,75,39,1,91,18,320.0,365.6694848494145
7,36,2400,70,38,0,139,26,602.0,0.0
7,36,2400,70,47,1,89,15,308.0,248.32194508386004
7,36,2400,75,37,0,139,21,438.0,0.0
7,36,2400,70,35,1,85,28,380.0,344.61479220773464
7,36,2400,90,47,0,91,10,288.0,0.0
7,36,2400,90,50,1,125,16,284.0,294.1190341391629
7,36,2400,65,48,0,95,8,224.0,0.0
7,36,2400,80,48,1,117,21,388.0,462.5826586209895
7,36,2400,80,37,0,137,21,538.0,0.0
7,36,2400,70,39,1,95,28,432.0,548.8068711464603
7,36,2400,90,37,0,135,22,440.0,0.0
7,36,2400,80,36,1,87,22,404.0,225.88097423453598
7,36,2400,70,41,1,137,18,486.0,387.96192902031953
7,36,2400,70,42,0,95,20,396.0,0.0
7,36,2400,70,45,0,151,13,410.0,0.0
7,36,2400,70,44,1,95,15,294.0,385.39734409421465
7,36,2400,85,36,1,95,26,310.0,357.50988125944417
7,36,2300,60,39,1,95,22,320.0,449.7492232892226
7,36,2300,65,37,0,113,17,448.0,0.0
7,36,2300,75,38,0,127,21,272.0,0.0
7,36,2300,70,49,1,101,19,280.0,194.60418876705538
7,36,2400,90,48,0,123,18,344.0,0.0
7,36,2400,80,47,0,81,8,160.0,0.0
7,36,2300,90,35,0,129,27,500.0,0.0
7,36,2300,90,36,0,127,23,518.0,0.0
7,36,2300,65,43,1,93,14,188.0,295.9967243475562
7,36,2300,80,44,1,97,17,214.0,415.9732053986819
7,36,2300,80,42,1,77,16,288.0,335.0752665173914
7,36,2300,75,36,0,89,23,468.0,0.0
7,36,2300,60,43,0,123,14,324.0,0.0
7,36,2300,85,49,1,75,16,214.0,171.36432543892792
7,36,2300,70,42,1,131,13,382.0,208.14754322912745
7,36,2300,90,39,1,111,23,342.0,422.5603664290355
7,36,2300,80,38,1,209,19,416.0,215.70832220354947
7,36,2300,85,45,1,109,20,304.0,323.3840015806211
7,36,2300,60,49,0,115,11,322.0,0.0
7,36,2300,60,37,0,169,18,506.0,0.0
7,36,2300,65,40,0,121,18,324.0,0.0
7,36,2300,85,50,0,83,8,152.0,0.0
7,36,2300,70,37,1,123,22,528.0,424.80226144149714
7,36,2300,85,39,0,153,20,398.0,0.0
7,36,2300,75,39,0,245,21,670.0,0.0
7,36,2300,65,41,0,91,16,384.0,0.0
7,36,2300,70,45,1,123,10,250.0,232.0272793625642
7,36,2300,65,47,1,105,15,260.0,207.87309361598363
7,36,2300,90,48,1,93,14,216.0,283.9570957150409
7,36,2300,75,35,0,265,25,812.0,0.0
7,36,2300,85,38,1,147,28,452.0,469.47508828197476
7,36,2300,80,45,0,123,20,412.0,0.0
7,36,2300,85,38,1,89,24,444.0,300.7458009148012
7,36,2300,65,43,0,81,13,268.0,0.0
7,36,2300,70,47,0,95,11,210.0,0.0
7,36,2300,65,49,1,95,13,242.0,178.95488655099894
7,36,2300,75,43,1,97,19,276.0,526.1776104353083
7,36,2200,70,38,1,69,17,370.0,282.0885894745513
7,36,2300,90,47,0,127,18,458.0,0.0
7,36,2300,75,49,1,83,16,248.0,180.00366197075596
7,36,2200,80,35,0,127,27,520.0,0.0
7,36,2300,70,47,0,127,11,172.0,0.0
7,36,2300,75,39,1,127,18,390.0,415.3086602278136
7,36,2300,60,48,0,87,11,346.0,0.0
7,36,2200,70,39,0,119,16,472.0,0.0
7,36,2200,65,38,0,127,16,378.0,0.0
7,36,2200,65,42,1,113,15,330.0,226.61797536691952
7,36,2200,90,48,1,121,14,408.0,280.7139785145317
7,36,2200,70,50,0,113,7,180.0,0.0
7,36,2200,90,50,1,85,6,204.0,163.84772674467985
7,36,2200,70,38,1,87,19,272.0,213.101093516161
7,36,2200,85,48,1,75,19,284.0,405.541194830824
7,36,2200,65,37,1,121,18,414.0,343.97906056668694
7,36,2200,75,38,0,107,15,346.0,0.0
7,36,2200,80,48,0,77,7,164.0,0.0
7,36,2200,70,35,1,67,22,244.0,325.02700036704863
7,36,2200,75,39,0,123,12,276.0,0.0
7,36,2200,85,36,0,87,22,456.0,0.0
7,36,2200,90,42,1,73,14,262.0,203.37692757739174
7,36,2200,90,45,0,87,12,282.0,0.0
7,36,2200,90,42,0,87,16,258.0,0.0
7,36,2200,70,50,1,45,10,166.0,199.91831602419063
7,36,2200,85,43,0,107,13,270.0,0.0
7,36,2200,90,45,1,123,14,340.0,321.6472134316701
7,36,2200,70,50,1,119,10,192.0,211.8960991090556
7,36,2200,65,36,1,111,23,440.0,288.2096427283785
7,36,2200,60,43,0,125,14,258.0,0.0
7,36,2200,85,38,0,119,22,368.0,0.0
7,36,2200,60,42,1,91,19,294.0,364.84440700883715
7,36,2200,80,36,1,143,24,376.0,373.6523027023525
7,36,2200,60,45,0,87,9,276.0,0.0
7,36,2200,60,37,0,71,11,186.0,0.0
7,36,2200,60,38,1,113,30,512.0,477.36139358383394
7,36,2200,70,49,0,121,13,316.0,0.0
7,36,2200,80,47,1,91,15,294.0,251.19715862231
7,36,2200,75,50,1,89,11,226.0,251.52931395156713
7,36,2200,70,50,0,125,17,348.0,0.0
7,36,2200,90,41,1,85,20,268.0,361.4602464012773
7,36,2200,80,47,0,169,16,364.0,0.0
7,36,2200,75,37,1,87,27,358.0,389.7738340381657
7,36,2200,80,40,0,103,13,300.0,0.0
7,36,2100,65,39,0,117,19,418.0,0.0
7,36,2100,80,43,1,71,10,162.0,137.3803123545349
7,36,2200,70,49,0,127,12,296.0,0.0
7,36,2100,80,46,1,77,12,204.0,202.03954683167942
7,36,2100,90,40,1,79,24,324.0,355.1768864809972
7,36,2100,85,49,0,77,8,206.0,0.0
7,36,2100,65,44,0,103,10,220.0,0.0
7,36,2100,85,46,1,79,7,194.0,116.93563241850843
7,36,2100,75,49,0,81,9,180.0,0.0
7,36,2100,90,43,0,137,17,270.0,0.0
7,36,2100,90,49,1,77,11,158.0,167.60062354231718
7,36,2100,65,40,0,111,12,224.0,0.0
7,36,2100,90,42,1,57,17,208.0,231.2831323332417
7,36,2100,80,48,1,91,13,188.0,277.27076714654805
7,36,2100,80,48,0,37,10,160.0,0.0
7,36,2100,80,49,1,115,15,332.0,213.33016803482448
7,36,2100,70,42,1,79,21,276.0,394.9388857195947
7,36,2100,60,47,0,115,11,274.0,0.0
7,36,2100,90,39,0,69,17,354.0,0.0
7,36,2100,80,35,1,75,23,292.0,298.23641477503435
7,36,2100,85,35,1,103,21,312.0,226.20222180969256
7,36,2100,85,41,0,79,14,334.0,0.0
7,36,2100,60,45,1,75,7,144.0,122.03088003308196
7,36,2100,80,40,1,69,15,240.0,184.64920901462995
7,36,2100,70,45,0,77,7,152.0,0.0
7,36,2100,80,50,0,145,12,286.0,0.0
7,36,2100,75,35,0,67,10,188.0,0.0
7,36,2100,70,35,0,155,22,506.0,0.0
7,36,2100,90,42,0,67,18,288.0,0.0
7,36,2100,65,45,1,101,17,300.0,388.96674071029116
7,36,2100,75,49,1,101,12,212.0,108.96202264819847
7,36,2100,80,42,1,77,11,302.0,132.69929249099349
7,36,2100,60,37,1,107,20,282.0,360.2902046949226
7,36,2100,90,48,0,81,9,190.0,0.0
7,36,2100,90,35,0,99,19,452.0,0.0
7,36,2100,70,39,1,103,17,348.0,459.12719959997116
7,36,2100,70,45,0,115,15,376.0,0.0
7,36,2100,65,44,1,71,7,152.0,129.03210894080766
7,36,2100,90,37,0,83,12,318.0,0.0
7,36,2100,60,44,0,109,11,220.0,0.0
7,36,2100,65,39,1,71,8,222.0,146.9025781366965
7,36,2000,75,35,1,67,19,214.0,154.41982676639438
7,36,2000,70,36,0,109,17,382.0,0.0
7,36,2000,60,38,0,99,13,264.0,0.0
7,36,2000,65,40,1,83,12,200.0,206.8276766502579
7,36,2000,85,42,0,105,14,250.0,0.0
7,36,2000,75,48,1,79,13,192.0,306.2980614112501
7,36,2000,60,49,1,51,9,124.0,81.89550400595112
7,36,2000,85,36,1,93,19,288.0,218.19141813572884
7,36,2000,60,42,1,79,11,206.0,208.24894799885237
7,36,2000,80,36,1,117,23,340.0,277.83019180992403
7,36,2000,70,44,0,79,13,214.0,0.0
7,36,2000,90,45,0,101,15,280.0,0.0
7,36,2000,75,48,0,91,8,166.0,0.0
7,36,2000,65,49,0,75,8,170.0,0.0
7,36,2000,90,35,0,117,18,404.0,0.0
7,36,2000,60,37,1,89,13,204.0,126.64397893564855
7,36,2000,75,38,1,53,12,128.0,80.13184751379285
7,36,2000,80,39,1,89,15,308.0,388.4818091518475
7,36,2000,85,43,0,79,15,230.0,0.0
7,36,2000,90,44,0,75,11,248.0,0.0
7,36,2000,85,48,1,75,10,166.0,279.9124371447102
7,36,2000,80,36,1,71,19,244.0,217.38481361949903
7,36,2000,85,40,1,87,15,228.0,221.37517659207862
7,36,2000,60,41,0,119,13,274.0,0.0
7,36,2000,70,46,0,65,8,162.0,0.0
7,36,2000,90,47,0,77,10,144.0,0.0
7,36,2000,75,48,1,69,12,164.0,230.88490518672282
7,36,2000,65,49,0,53,5,92.0,0.0
7,36,2000,70,35,1,97,22,244.0,278.9872249272199
7,36,2000,75,36,0,99,15,252.0,0.0
7,36,2000,70,41,0,137,11,284.0,0.0
7,36,2000,65,35,1,59,6,192.0,50.83781474412316
7,36,2000,70,45,1,185,10,234.0,225.79893715753022
7,36,2000,85,49,1,73,9,216.0,137.18140429743434
7,36,2000,90,46,0,77,9,216.0,0.0
7,36,2000,90,41,1,67,14,278.0,213.99842822382465
7,36,2000,60,39,1,73,14,276.0,350.10950535620145
7,36,2000,85,38,0,99,15,302.0,0.0
7,36,2000,75,49,0,77,8,258.0,0.0
7,36,2000,60,48,0,91,8,166.0,0.0
7,36,1900,90,44,0,101,15,266.0,0.0
7,36,1900,70,50,1,89,6,156.0,143.09558926647483
7,36,1900,90,36,0,101,18,308.0,0.0
7,36,1900,80,43,1,67,15,154.0,193.7463121531065
7,36,1900,70,45,1,65,8,154.0,139.24321784384733
7,36,1900,70,44,0,99,8,100.0,0.0
7,36,1900,80,48,1,61,8,154.0,209.52455382682447
7,36,1900,80,49,0,73,11,272.0,0.0
7,36,1900,65,45,1,93,11,130.0,182.1824783334264
7,36,1900,65,40,0,71,10,168.0,0.0
7,36,1900,90,40,0,135,8,196.0,0.0
7,36,1900,60,46,1,75,9,206.0,149.661584844994
7,36,1900,90,43,1,83,16,224.0,308.8231067952023
7,36,1900,85,43,1,37,11,168.0,194.185702010953
7,36,1900,90,44,0,67,10,202.0,0.0
7,36,1900,90,47,0,93,12,228.0,0.0
7,36,1900,80,39,0,95,16,328.0,0.0
7,36,1900,85,46,1,99,11,228.0,177.49082593677406
7,36,1900,85,37,0,71,14,270.0,0.0
7,36,1900,70,42,1,73,16,302.0,302.6179028133197
7,36,1900,70,36,0,97,19,340.0,0.0
7,36,1900,80,43,1,67,11,274.0,202.83394820964136
7,36,1900,65,48,0,73,8,142.0,0.0
7,36,1900,75,50,1,77,8,176.0,193.9156529414906
7,36,1900,65,35,1,79,15,318.0,232.66240587690513
7,36,1900,80,40,0,107,13,292.0,0.0
7,36,1900,90,49,1,95,12,204.0,141.72183587410518
7,36,1900,80,38,0,179,16,290.0,0.0
7,36,1900,60,39,1,67,8,170.0,195.5393225922803
7,36,1900,70,44,1,75,12,166.0,228.82792442728683
7,36,1900,75,48,1,99,13,146.0,260.77114485296914
7,36,1900,85,48,0,73,9,168.0,0.0
7,36,1900,65,35,0,93,18,298.0,0.0
7,36,1900,60,48,0,97,9,228.0,0.0
7,36,1900,60,41,1,77,7,110.0,108.07960072025618
7,36,1900,75,41,0,139,13,266.0,0.0
7,36,1900,60,42,1,75,10,160.0,124.95533918340669
7,36,1800,85,36,1,87,13,226.0,105.73317157304992
7,36,1800,80,43,0,97,13,190.0,0.0
7,36,1900,75,49,1,41,7,114.0,80.92284861500556
7,36,1900,60,50,0,135,9,246.0,0.0
7,36,1900,75,48,0,75,10,174.0,0.0
7,36,1800,90,47,1,69,8,110.0,99.29815681196322
7,36,1800,90,35,0,121,15,350.0,0.0
7,36,1800,60,42,0,65,6,138.0,0.0
7,36,1800,80,44,1,89,12,272.0,259.62999913504035
7,36,1800,60,38,0,67,7,136.0,0.0
7,36,1800,65,47,1,85,8,114.0,63.28384698995016
7,36,1800,80,49,1,71,7,132.0,86.47607562819304
7,36,1800,80,49,0,69,5,106.0,0.0
7,36,1800,65,40,1,117,10,284.0,143.77276665123136
7,36,1800,70,35,0,65,11,152.0,0.0
7,36,1800,75,35,1,91,17,278.0,176.57912933093422
7,36,1800,65,39,0,57,7,150.0,0.0
7,36,1800,60,36,1,99,19,314.0,166.2159786064401
7,36,1800,65,41,0,83,9,150.0,0.0
7,36,1800,75,49,1,39,5,76.0,64.18412020559153
7,36,1800,65,47,0,91,7,118.0,0.0
7,36,1800,85,38,0,101,16,330.0,0.0
7,36,1800,75,39,1,83,9,152.0,181.22191195583932
7,36,1800,65,39,0,67,9,196.0,0.0
7,36,1800,60,44,0,89,3,90.0,0.0
7,36,1800,85,43,1,61,16,250.0,297.7867751469864
7,36,1800,80,50,1,107,10,216.0,305.489403160227
7,36,1800,80,50,1,47,9,192.0,281.16063066124843
7,36,1800,85,38,0,69,11,158.0,0.0
7,36,1800,85,42,1,79,12,204.0,156.61357525386467
7,36,1800,90,43,0,61,12,184.0,0.0
7,36,1800,80,45,1,51,8,130.0,174.6598623825564
7,36,1800,70,48,0,125,5,126.0,0.0
7,36,1800,65,47,1,35,5,94.0,42.50163557116209
7,36,1800,60,44,0,67,6,118.0,0.0
7,36,1800,80,36,1,79,18,250.0,168.94648080246097
7,36,1800,60,41,1,111,13,284.0,320.2134363567313
7,36,1800,60,45,0,71,8,174.0,0.0
7,36,1800,80,42,1,99,8,220.0,91.24478855277344
7,36,1800,75,41,1,35,6,94.0,158.92672727680315
7,36,1800,70,49,0,137,10,272.0,0.0
7,36,1800,65,49,0,35,5,136.0,0.0
7,36,1700,80,35,1,101,15,204.0,137.81320644332453
7,36,1700,70,36,0,63,14,242.0,0.0
7,36,1700,80,41,0,101,9,136.0,0.0
7,36,1700,80,42,0,47,6,104.0,0.0
7,36,1700,60,43,1,53,7,132.0,72.22949207718136
7,36,1800,90,45,0,63,6,124.0,0.0
7,36,1700,90,47,1,69,9,134.0,81.13352143230388
7,36,1700,80,35,1,79,10,226.0,87.80613534429015
7,36,1700,85,37,0,63,10,148.0,0.0
7,36,1700,65,39,1,49,6,84.0,136.0240458429352
7,36,1700,60,43,1,63,8,178.0,108.48903971576362
7,36,1700,80,43,0,85,5,86.0,0.0
7,36,1700,85,43,1,65,11,156.0,174.8018960847562
7,36,1700,70,50,0,55,5,120.0,0.0
7,36,1700,85,40,1,75,9,146.0,126.75626278999563
7,36,1700,90,43,0,101,7,174.0,0.0
7,36,1700,60,41,1,79,7,128.0,151.04784816639545
7,36,1700,90,43,0,77,7,134.0,0.0
7,36,1700,70,50,0,67,6,176.0,0.0
7,36,1700,85,46,0,159,12,314.0,0.0
7,36,1700,60,49,1,31,4,62.0,41.1742877488639
7,36,1700,70,36,1,65,11,152.0,113.88613125452235
7,36,1700,70,35,0,61,12,162.0,0.0
7,36,1700,70,40,0,73,11,164.0,0.0
7,36,1700,60,44,1,117,10,176.0,182.7260722337117
7,36,1700,85,37,1,49,12,176.0,194.33048566065878
7,36,1700,70,44,1,57,12,176.0,202.21228381230918
7,36,1700,90,45,0,63,9,128.0,0.0
7,36,1700,65,35,0,29,9,134.0,0.0
7,36,1700,70,42,0,81,11,208.0,0.0
7,36,1700,75,43,1,59,10,174.0,212.08688410092597
7,36,1700,70,44,0,63,9,140.0,0.0
7,36,1700,75,49,0,63,6,88.0,0.0
7,36,1700,70,47,1,45,5,86.0,72.54526330376872
7,36,1700,60,50,1,61,4,96.0,46.55955013955062
7,36,1700,90,39,1,57,15,200.0,315.93785826625026
7,36,1700,65,38,0,57,7,116.0,0.0
7,36,1700,80,40,0,99,15,248.0,0.0
7,36,1700,65,45,0,47,4,74.0,0.0
7,36,1700,80,50,1,67,9,168.0,149.414509107837
7,36,1700,65,50,1,81,9,140.0,228.72778682700778
7,36,1600,60,49,1,97,11,184.0,84.59933712693774
7,36,1600,80,37,0,41,5,74.0,0.0
7,36,1600,80,40,1,67,11,158.0,105.58107328868725
7,36,1600,90,40,1,71,13,168.0,207.42909139177073
7,36,1600,70,39,0,55,6,120.0,0.0
7,36,1600,75,43,0,53,10,214.0,0.0
7,36,1600,60,49,1,53,3,78.0,17.067705386624837
7,36,1600,60,49,0,49,5,100.0,0.0
7,36,1600,70,36,0,79,11,194.0,0.0
7,36,1600,65,41,1,39,2,40.0,56.223265785440155
7,36,1600,60,36,0,85,13,170.0,0.0
7,36,1600,80,41,1,47,6,72.0,101.73131373381096
7,36,1600,85,42,1,99,11,208.0,155.09423000139125
7,36,1600,85,47,1,83,7,116.0,85.13538852343707
7,36,1600,60,48,0,59,3,60.0,0.0
7,36,1600,65,38,1,91,10,176.0,99.77583821945075
7,36,1600,70,39,0,55,11,192.0,0.0
7,36,1600,80,40,0,49,3,50.0,0.0
7,36,1600,90,44,0,75,14,198.0,0.0
7,36,1600,80,43,1,83,8,130.0,102.98236912676842
7,36,1600,80,46,1,63,8,118.0,132.56123899918146
7,36,1600,90,50,0,31,3,88.0,0.0
7,36,1600,75,40,1,35,9,114.0,144.75646629797865
7,36,1600,70,43,0,49,6,146.0,0.0
7,36,1600,85,44,1,41,6,98.0,108.56144890725803
7,36,1600,65,45,1,65,11,110.0,192.7026963356219
7,36,1600,60,47,0,45,4,78.0,0.0
7,36,1600,75,46,0,63,6,154.0,0.0
7,36,1600,65,50,1,73,8,152.0,233.5225263270398
7,36,1600,70,35,0,31,7,126.0,0.0
7,36,1600,90,39,0,57,6,88.0,0.0
7,36,1600,80,38,1,89,8,180.0,95.45705436812474
7,36,1600,65,44,1,31,4,60.0,130.5003975333716
7,36,1600,70,49,0,87,8,180.0,0.0
7,36,1600,65,35,1,63,12,244.0,123.96677829722374
7,36,1600,80,39,1,121,12,252.0,303.3171414445119
7,36,1600,60,49,1,39,3,40.0,28.52316937181167
7,36,1600,90,48,0,55,5,120.0,0.0
7,36,1600,85,49,0,103,8,158.0,0.0
7,36,1500,70,36,0,19,2,20.0,0.0
7,36,1500,70,40,1,49,9,84.0,115.8554555773233
7,36,1600,80,49,0,83,4,84.0,0.0
7,36,1500,85,48,0,91,5,92.0,0.0
7,36,1500,65,49,1,35,3,36.0,23.178099774234713
7,36,1500,80,49,1,77,6,124.0,55.982436545089
7,36,1500,90,45,1,77,6,102.0,90.00117122839421
7,36,1500,90,44,0,51,8,102.0,0.0
7,36,1500,80,50,0,25,4,50.0,0.0
7,36,1500,60,41,1,87,7,192.0,129.6232380692409
7,36,1500,75,42,0,49,3,50.0,0.0
7,36,1500,85,50,0,55,7,146.0,0.0
7,36,1500,75,50,1,103,6,156.0,144.09132316189044
7,36,1500,75,41,1,53,5,128.0,124.15052310999295
7,36,1500,75,39,0,73,7,154.0,0.0
7,36,1500,60,46,0,41,3,70.0,0.0
7,36,1500,80,37,1,49,7,106.0,54.39705714667794
7,36,1500,75,42,1,61,8,120.0,159.03037453429218
7,36,1500,65,39,0,69,6,70.0,0.0
7,36,1500,80,40,1,117,11,154.0,165.40844970023548
7,36,1500,60,44,0,25,3,50.0,0.0
7,36,1500,65,43,0,29,3,52.0,0.0
7,36,1500,65,49,0,55,4,56.0,0.0
7,36,1500,90,48,1,31,4,62.0,107.37161119103182
7,36,1500,80,50,1,29,3,42.0,63.586485939988144
7,36,1500,85,35,1,83,11,252.0,151.70350731906115
7,36,1500,70,35,1,69,9,156.0,74.624558853571
7,36,1500,80,40,0,63,12,152.0,0.0
7,36,1500,70,41,1,45,9,110.0,132.8478031722655
7,36,1500,85,41,0,61,7,86.0,0.0
7,36,1500,80,36,0,55,9,186.0,0.0
7,36,1500,70,46,1,51,2,52.0,57.87304963664416
7,36,1500,80,41,1,73,5,74.0,104.81640636420113
7,36,1500,60,42,0,55,3,56.0,0.0
7,36,1500,65,44,0,27,4,54.0,0.0
7,36,1500,60,49,1,47,5,90.0,60.96560694066384
7,36,1500,60,48,0,51,4,82.0,0.0
7,36,1500,80,48,0,55,7,104.0,0.0
7,36,1500,90,50,1,41,3,42.0,92.97286372126025
7,35,3000,65,35,1,93,31,468.0,489.3398083081063
7,36,1500,60,38,1,53,8,126.0,81.74573087308336
7,36,1500,70,37,0,69,11,158.0,0.0
7,35,3000,80,39,1,117,33,616.0,837.0338146079964
7,35,3000,90,40,0,269,33,958.0,0.0
7,35,3000,70,45,1,113,30,584.0,728.9225015786819
7,35,3000,70,50,0,103,22,458.0,0.0
7,35,3000,60,40,0,115,30,646.0,0.0
7,35,3000,60,48,1,115,19,324.0,366.9730389721048
7,35,3000,90,40,0,215,30,838.0,0.0
7,35,3000,80,45,1,117,31,516.0,748.2330616307823
7,35,3000,85,44,0,275,26,828.0,0.0
7,35,3000,80,50,0,115,22,570.0,0.0
7,35,3000,90,48,1,167,28,600.0,669.8499207443784
7,35,3000,70,38,1,111,30,574.0,610.8932423389168
7,35,3000,80,39,1,157,31,506.0,518.7816091948573
7,35,3000,70,42,0,155,28,622.0,0.0
7,35,3000,90,43,0,289,33,902.0,0.0
7,35,3000,90,48,1,163,32,622.0,807.6825360317313
7,35,3000,65,46,1,93,31,490.0,483.10228693089755
7,35,3000,80,48,0,225,20,606.0,0.0
7,35,3000,85,36,1,103,34,494.0,427.0330972811331
7,35,3000,60,37,1,95,35,532.0,667.5437105309778
7,35,3000,80,38,0,165,31,718.0,0.0
7,35,3000,70,44,0,167,24,760.0,0.0
7,35,3000,70,42,0,167,30,760.0,0.0
7,35,3000,65,42,1,115,25,460.0,350.614214267661
7,35,3000,90,50,0,147,19,512.0,0.0
7,35,3000,80,37,1,105,32,474.0,530.7974842795195
7,35,3000,75,40,0,175,28,700.0,0.0
7,35,3000,80,43,1,211,32,776.0,716.2213677240597
7,35,3000,85,45,0,217,27,686.0,0.0
7,35,3000,65,45,1,225,22,730.0,530.1794117982794
7,35,3000,75,47,0,169,28,636.0,0.0
7,35,3000,85,48,1,115,24,520.0,472.94255869878
7,35,3000,75,35,1,107,35,506.0,475.9988022565913
7,35,3000,75,38,0,107,29,548.0,0.0
7,35,3000,65,35,0,219,32,764.0,0.0
7,35,3000,65,38,1,169,31,590.0,565.8663157328135
7,35,3000,70,39,1,89,35,512.0,679.5398704680971
7,35,3000,90,38,0,157,35,764.0,0.0
7,35,3000,90,49,0,327,20,652.0,0.0
7,35,2900,90,37,1,95,33,432.0,570.4753554633576
7,35,2900,75,39,0,103,25,398.0,0.0
7,35,2900,65,38,0,317,25,784.0,0.0
7,35,2900,75,41,1,103,28,460.0,454.84381570320625
7,35,2900,65,46,0,163,19,574.0,0.0
7,35,2900,75,42,1,157,32,640.0,559.005810706064
7,35,2900,65,47,1,97,21,454.0,296.55292959437674
7,35,2900,70,43,1,163,28,532.0,550.200364418134
7,35,2900,85,47,0,155,25,550.0,0.0
7,35,2900,60,45,1,99,27,358.0,516.8755993012313
7,35,2900,80,47,0,273,22,750.0,0.0
7,35,2900,70,44,0,205,22,564.0,0.0
7,35,2900,90,48,0,151,15,428.0,0.0
7,35,2900,80,46,1,131,28,442.0,514.5936232646861
7,35,2900,60,39,0,171,26,540.0,0.0
7,35,2900,90,36,0,159,30,584.0,0.0
7,35,2900,60,43,1,117,19,356.0,385.610440652003
7,35,2900,75,42,1,89,31,400.0,445.9333007000731
7,35,2900,80,45,1,101,30,404.0,661.1796853335602
7,35,2900,80,48,0,99,18,290.0,0.0
7,35,2900,85,48,1,109,25,492.0,443.4509889847286
7,35,2900,75,37,1,153,28,572.0,419.4039840862883
7,35,2900,65,38,0,107,27,528.0,0.0
7,35,2900,80,41,0,157,25,598.0,0.0
7,35,2900,65,42,0,157,22,596.0,0.0
7,35,2900,70,46,1,103,24,406.0,435.38705536278036
7,35,2900,80,42,0,203,23,724.0,0.0
7,35,2900,65,44,1,225,27,752.0,546.881986257533
7,35,2900,70,47,1,105,27,534.0,597.3699757813257
7,35,2900,90,47,0,223,23,742.0,0.0
7,35,2900,70,37,0,173,31,844.0,0.0
7,35,2900,85,43,1,135,30,556.0,538.0380604278412
7,35,2900,90,42,1,81,26,360.0,494.0187591946301
7,35,2900,90,46,0,155,22,598.0,0.0
7,35,2900,60,50,1,97,19,468.0,594.6199093827078
7,35,2900,70,35,0,167,34,550.0,0.0
7,35,2900,90,39,0,171,30,674.0,0.0
7,35,2900,70,38,1,115,31,540.0,502.5449715284352
7,35,2900,75,38,1,161,34,536.0,549.0210099785382
7,35,2800,65,41,1,91,19,362.0,264.6917970134973
7,35,2800,75,49,0,149,15,386.0,0.0
7,35,2900,70,44,0,167,25,796.0,0.0
7,35,2800,60,35,0,101,27,452.0,0.0
7,35,2800,90,35,1,107,33,462.0,450.0217338502787
7,35,2800,60,39,0,161,26,586.0,0.0
7,35,2800,75,39,1,109,29,504.0,563.0943786278268
7,35,2800,85,39,0,253,24,650.0,0.0
7,35,2800,65,42,1,153,24,542.0,312.07738601603455
7,35,2800,60,44,1,155,20,520.0,402.51499541898477
7,35,2800,75,35,0,153,28,602.0,0.0
7,35,2800,75,38,0,251,28,806.0,0.0
7,35,2800,60,46,1,119,16,340.0,220.6199951220227
7,35,2800,75,44,1,147,29,550.0,611.3607453129508
7,35,2800,70,44,0,155,19,540.0,0.0
7,35,2800,70,46,0,207,19,588.0,0.0
7,35,2800,75,49,1,149,22,504.0,394.81952110570205
7,35,2800,90,38,1,83,26,416.0,438.07342059669395
7,35,2800,90,40,1,109,32,502.0,517.9872348041051
7,35,2800,85,43,0,237,24,638.0,0.0
7,35,2800,80,46,0,151,21,468.0,0.0
7,35,2800,65,45,1,135,20,422.0,402.21009347941623
7,35,2800,70,50,0,109,17,470.0,0.0
7,35,2800,65,47,1,97,16,356.0,189.02739766777668
7,35,2800,85,35,1,93,31,490.0,495.6556920459311
7,35,2800,75,36,0,157,29,712.0,0.0
7,35,2800,60,39,1,105,31,458.0,659.0659825246698
7,35,2800,60,43,0,133,21,510.0,0.0
7,35,2800,70,46,0,157,23,554.0,0.0
7,35,2800,80,35,1,83,35,480.0,695.8023672772156
7,35,2800,65,50,1,105,20,578.0,677.1817228625619
7,35,2800,85,44,1,93,32,446.0,742.6241522108403
7,35,2800,80,47,0,195,24,710.0,0.0
7,35,2800,85,48,0,107,16,344.0,0.0
7,35,2800,65,41,0,141,24,588.0,0.0
7,35,2800,80,35,0,155,33,542.0,0.0
7,35,2800,70,40,0,107,23,618.0,0.0
7,35,2800,60,43,1,95,24,436.0,375.35050653305814
7,35,2800,75,44,1,89,20,432.0,472.67879155050986
7,35,2800,75,42,1,135,23,516.0,333.7300828461522
7,35,2800,85,48,0,209,22,506.0,0.0
7,35,2700,70,35,1,99,35,510.0,553.4209104526313
7,35,2700,75,39,0,151,23,728.0,0.0
7,35,2700,90,41,0,215,28,786.0,0.0
7,35,2700,65,42,0,111,18,464.0,0.0
7,35,2700,70,43,1,135,16,514.0,348.45010234434653
7,35,2700,80,47,1,95,17,370.0,256.79161893942785
7,35,2700,70,46,1,87,15,324.0,306.70540803220763
7,35,2700,85,40,0,97,20,424.0,0.0
7,35,2700,75,38,0,95,17,330.0,0.0
7,35,2700,70,40,1,147,25,506.0,544.0414180321362
7,35,2700,75,42,0,249,22,486.0,0.0
7,35,2700,90,45,1,105,23,330.0,379.4452815058285
7,35,2700,80,46,1,89,20,398.0,238.81532077710767
7,35,2700,80,46,1,153,21,418.0,254.8829055978081
7,35,2700,80,45,0,95,17,328.0,0.0
7,35,2700,70,35,0,99,25,500.0,0.0
7,35,2700,60,35,1,107,33,404.0,416.2241600074636
7,35,2700,60,35,1,107,30,468.0,444.9940579102509
7,35,2700,75,44,0,149,18,526.0,0.0
7,35,2700,80,39,0,103,24,480.0,0.0
7,35,2700,60,49,0,101,13,380.0,0.0
7,35,2700,80,46,1,87,16,302.0,325.9359141926543
7,35,2700,75,38,1,257,30,620.0,490.7953823226414
7,35,2700,90,41,1,125,28,402.0,635.4837314373502
7,35,2700,90,43,0,105,22,498.0,0.0
7,35,2700,70,41,1,97,28,542.0,473.6365313366212
7,35,2700,65,44,1,89,22,336.0,468.16202594478796
7,35,2700,80,44,0,133,19,450.0,0.0
7,35,2700,70,43,0,183,17,474.0,0.0
7,35,2700,85,45,0,105,23,516.0,0.0
7,35,2700,75,44,1,95,22,386.0,508.72984494005016
7,35,2700,75,36,1,125,31,574.0,449.27116201708867
7,35,2700,75,39,0,207,26,532.0,0.0
7,35,2700,60,42,1,159,30,600.0,479.61163288498534
7,35,2700,75,49,0,53,9,244.0,0.0
7,35,2700,60,45,0,151,16,450.0,0.0
7,35,2700,60,48,1,105,15,304.0,397.8743383144622
7,35,2700,70,46,0,131,11,406.0,0.0
7,35,2700,90,39,1,141,33,642.0,638.11631599045
7,35,2600,75,44,0,147,16,506.0,0.0
7,35,2600,80,36,1,101,33,528.0,329.4958385449569
7,35,2600,75,38,1,127,23,440.0,364.95429890983974
7,35,2600,75,47,1,91,21,326.0,258.4949455803288
7,35,2700,85,47,0,97,18,430.0,0.0
7,35,2600,60,44,0,151,17,536.0,0.0
7,35,2600,65,50,0,139,16,422.0,0.0
7,35,2600,65,42,0,187,22,648.0,0.0
7,35,2600,80,45,0,147,19,510.0,0.0
7,35,2600,70,47,1,89,19,344.0,247.82013739708714
7,35,2600,60,36,1,137,28,454.0,321.4400978803431
7,35,2600,85,48,0,127,15,394.0,0.0
7,35,2600,60,47,1,89,11,298.0,161.0989002859353
7,35,2600,70,49,1,87,16,410.0,207.0335908119708
7,35,2600,70,41,1,141,23,514.0,370.6463800204191
7,35,2600,75,44,0,185,19,474.0,0.0
7,35,2600,90,45,0,189,18,408.0,0.0
7,35,2600,90,40,1,103,23,422.0,339.20827166137065
7,35,2600,85,42,1,145,29,478.0,405.1025295962745
7,35,2600,65,44,0,133,15,442.0,0.0
7,35,2600,65,43,0,141,20,502.0,0.0
7,35,2600,80,36,1,93,27,412.0,447.77104217759984
7,35,2600,80,41,0,147,22,568.0,0.0
7,35,2600,80,43,0,145,15,506.0,0.0
7,35,2600,60,49,1,143,20,498.0,302.32722564198184
7,35,2600,70,49,1,177,19,416.0,251.42770869177494
7,35,2600,60,49,0,179,17,486.0,0.0
7,35,2600,85,49,1,95,20,376.0,300.02347260815856
7,35,2600,75,42,1,93,20,358.0,334.68956316356105
7,35,2600,70,45,0,135,19,390.0,0.0
7,35,2600,65,49,0,47,17,258.0,0.0
7,35,2600,90,40,1,115,29,362.0,414.19050083154553
7,35,2600,75,42,0,147,16,580.0,0.0
7,35,2600,75,48,1,83,12,266.0,313.89271871507304
7,35,2600,85,35,1,153,29,466.0,405.17339804316464
7,35,2600,85,49,0,109,18,448.0,0.0
7,35,2600,80,43,0,101,15,434.0,0.0
7,35,2600,75,42,1,141,25,550.0,356.71751868702756
7,35,2600,75,45,1,107,17,368.0,297.9720842299268
7,35,2600,70,47,0,187,19,592.0,0.0
7,35,2600,85,44,0,147,21,562.0,0.0
7,35,2500,70,37,1,135,26,418.0,425.64762148503485
7,35,2500,65,42,0,171,25,582.0,0.0
7,35,2500,70,41,0,139,19,478.0,0.0
7,35,2500,80,47,0,131,17,408.0,0.0
7,35,2500,60,49,1,101,15,188.0,125.68813995931804
7,35,2500,65,35,1,85,30,412.0,447.10342192170054
7,35,2500,75,47,1,97,11,332.0,125.55998540801404
7,35,2500,60,43,0,143,14,362.0,0.0
7,35,2500,90,39,1,93,27,514.0,570.9067510365123
7,35,2500,65,43,0,129,6,130.0,0.0
7,35,2500,85,39,1,83,26,338.0,512.583621398773
7,35,2500,65,36,0,133,25,616.0,0.0
7,35,2500,80,46,1,63,14,258.0,232.82664938319672
7,35,2500,80,35,0,133,26,642.0,0.0
7,35,2500,70,37,1,139,28,524.0,348.1244849057686
7,35,2500,80,43,0,147,15,482.0,0.0
7,35,2500,80,44,1,87,22,366.0,371.71215354927915
7,35,2500,60,48,0,129,12,414.0,0.0
7,35,2500,75,44,1,87,21,352.0,495.42242963260077
7,35,2500,80,39,0,139,21,484.0,0.0
7,35,2500,80,37,0,219,31,616.0,0.0
7,35,2500,80,40,0,129,19,384.0,0.0
7,35,2500,75,46,1,109,20,322.0,313.9852325224966
7,35,2500,65,44,1,123,21,384.0,492.97122894086056
7,35,2500,90,50,1,97,15,348.0,318.6431514422803
7,35,2500,75,49,0,99,13,354.0,0.0
7,35,2500,75,50,1,171,12,350.0,345.5523383405059
7,35,2500,90,38,1,109,27,444.0,474.141794221638
7,35,2500,75,36,0,143,24,672.0,0.0
7,35,2500,80,41,1,131,23,404.0,424.7684178293695
7,35,2500,65,38,0,183,20,552.0,0.0
7,35,2500,70,41,1,135,23,392.0,373.35002956946715
7,35,2500,85,43,0,127,21,482.0,0.0
7,35,2500,70,41,0,97,18,436.0,0.0
7,35,2500,75,40,0,133,19,476.0,0.0
7,35,2500,65,50,1,99,19,436.0,588.0938597026836
7,35,2500,85,40,1,173,22,502.0,261.6794845336717
7,35,2500,90,48,1,147,15,358.0,460.57837426785306
7,35,2400,75,47,1,91,13,232.0,179.33302953596555
7,35,2500,75,47,0,119,15,414.0,0.0
7,35,2500,75,49,0,133,13,294.0,0.0
7,35,2400,80,35,0,141,25,494.0,0.0
7,35,2400,60,36,0,221,22,614.0,0.0
7,35,2400,65,36,1,147,23,386.0,292.4670826351852
7,35,2400,90,35,1,139,29,462.0,399.6047792531928
7,35,2400,80,41,1,109,29,518.0,518.2554314981213
7,35,2400,75,47,0,75,12,312.0,0.0
7,35,2400,90,49,0,83,12,326.0,0.0
7,35,2400,60,39,1,89,22,302.0,396.5610154761642
7,35,2400,85,38,0,169,22,666.0,0.0
7,35,2400,90,42,0,131,18,390.0,0.0
7,35,2400,60,41,0,121,11,266.0,0.0
7,35,2400,80,44,1,75,21,282.0,453.8788756300363
7,35,2400,90,41,1,83,27,342.0,465.080231084389
7,35,2400,80,46,1,135,12,300.0,201.33257056455463
7,35,2400,85,45,0,131,15,396.0,0.0
7,35,2400,75,40,1,87,20,230.0,227.5707238065981
7,35,2400,65,38,1,91,20,328.0,263.9713101771867
7,35,2400,60,38,0,131,9,304.0,0.0
7,35,2400,80,38,1,77,23,378.0,450.8616240217482
7,35,2400,60,42,1,91,18,322.0,272.2053063577109
7,35,2400,60,44,0,157,13,420.0,0.0
7,35,2400,85,45,0,139,20,318.0,0.0
7,35,2400,65,36,0,165,22,432.0,0.0
7,35,2400,65,39,1,107,22,434.0,418.446836631591
7,35,2400,60,50,0,47,12,220.0,0.0
7,35,2400,65,47,1,77,9,218.0,111.98754247548275
7,35,2400,85,49,1,91,14,278.0,198.98344749755952
7,35,2400,85,49,0,143,21,524.0,0.0
7,35,2400,85,50,0,91,11,314.0,0.0
7,35,2400,90,38,0,95,13,364.0,0.0
7,35,2400,70,38,1,99,21,338.0,274.5922314883758
7,35,2400,75,45,1,91,16,276.0,351.691001386415
7,35,2400,80,47,0,89,16,312.0,0.0
7,35,2400,70,48,0,133,13,338.0,0.0
7,35,2400,65,49,1,133,8,280.0,91.93180753323344
7,35,2400,85,50,1,93,14,348.0,433.8727928640873
7,35,2300,60,36,1,117,17,432.0,197.7181543022351
7,35,2400,80,46,0,79,12,248.0,0.0
7,35,2300,90,46,0,113,15,352.0,0.0
7,35,2400,60,46,1,111,11,288.0,125.99260957677289
7,35,2300,70,50,0,89,6,212.0,0.0
7,35,2300,60,50,1,165,14,344.0,392.9591232875554
7,35,2400,85,50,0,133,11,294.0,0.0
7,35,2300,90,38,1,129,31,574.0,473.9947051984775
7,35,2300,90,35,0,171,27,506.0,0.0
7,35,2300,85,41,1,129,23,376.0,337.3112145142566
7,35,2300,65,40,1,77,21,326.0,309.0501768753085
7,35,2300,90,48,0,45,9,256.0,0.0
7,35,2300,90,46,1,81,13,276.0,274.11089113912476
7,35,2300,85,48,0,113,12,352.0,0.0
7,35,2300,70,36,1,121,20,486.0,307.87936480315915
7,35,2300,75,38,1,179,24,476.0,337.51321188850426
7,35,2300,65,39,0,127,13,384.0,0.0
7,35,2300,60,47,0,87,20,336.0,0.0
7,35,2300,60,47,1,85,15,244.0,170.86999056150668
7,35,2300,80,45,0,109,13,316.0,0.0
7,35,2300,90,49,0,187,13,318.0,0.0
7,35,2300,60,36,1,87,23,418.0,337.1344492937807
7,35,2300,90,45,1,85,11,196.0,186.83920856216193
7,35,2300,70,38,1,83,20,348.0,286.8060839598088
7,35,2300,90,47,0,79,10,288.0,0.0
7,35,2300,90,44,1,107,17,368.0,299.2661645746298
7,35,2300,60,48,0,123,11,328.0,0.0
7,35,2300,85,44,0,129,19,388.0,0.0
7,35,2300,60,37,1,83,13,318.0,141.53330558445165
7,35,2300,85,41,0,157,16,398.0,0.0
7,35,2300,90,42,1,133,20,364.0,289.0472321067216
7,35,2300,70,41,0,77,10,232.0,0.0
7,35,2300,75,40,1,119,15,382.0,199.9881620795931
7,35,2300,90,41,1,77,19,308.0,389.65448929834855
7,35,2300,90,48,0,167,21,546.0,0.0
7,35,2300,90,50,0,127,10,212.0,0.0
7,35,2300,90,36,1,165,29,600.0,394.3072334697245
7,35,2300,90,43,0,115,13,408.0,0.0
7,35,2300,85,43,0,115,15,332.0,0.0
7,35,2300,70,49,1,65,12,176.0,166.01536964053372
7,35,2300,90,43,0,125,20,320.0,0.0
7,35,2300,75,47,1,143,19,328.0,332.1619338647611
7,35,2300,90,50,0,125,16,320.0,0.0
7,35,2200,80,38,1,57,24,292.0,357.43650780925896
7,35,2200,75,35,1,117,18,298.0,176.40439544347714
7,35,2200,85,40,0,87,16,440.0,0.0
7,35,2200,85,45,1,93,9,174.0,164.75869644363684
7,35,2200,65,45,1,125,18,332.0,367.65529328209044
7,35,2200,70,46,0,79,10,268.0,0.0
7,35,2200,85,39,0,147,24,480.0,0.0
7,35,2200,75,42,0,213,14,410.0,0.0
7,35,2200,70,42,1,51,6,102.0,114.2044893070019
7,35,2200,80,37,1,163,24,594.0,469.5799194578345
7,35,2200,70,43,0,103,16,444.0,0.0
7,35,2200,90,42,0,77,14,280.0,0.0
7,35,2200,80,47,1,55,9,146.0,153.04052223443955
7,35,2200,70,50,0,81,6,168.0,0.0
7,35,2200,70,37,1,87,20,378.0,318.0740916984954
7,35,2200,60,45,0,123,10,276.0,0.0
7,35,2200,80,46,0,87,12,340.0,0.0
7,35,2200,75,36,1,127,27,510.0,349.40079707536717
7,35,2200,75,46,1,83,13,294.0,120.93974244231906
7,35,2200,60,45,0,129,11,360.0,0.0
7,35,2200,90,50,1,63,10,202.0,197.74849489802224
7,35,2200,75,35,1,87,25,286.0,482.70271375544155
7,35,2200,85,36,1,101,25,352.0,294.3060436328913
7,35,2200,90,41,0,119,16,376.0,0.0
7,35,2200,65,44,0,79,6,212.0,0.0
7,35,2200,90,47,1,103,9,218.0,123.87972403315229
7,35,2200,65,43,0,39,2,40.0,0.0
7,35,2200,85,46,0,127,12,390.0,0.0
7,35,2200,70,35,1,67,26,362.0,335.1224059442601
7,35,2200,60,36,0,79,7,146.0,0.0
7,35,2200,70,35,0,117,20,424.0,0.0
7,35,2200,75,43,1,101,14,188.0,211.35678428658446
7,35,2200,80,45,1,157,11,294.0,262.7241763956651
7,35,2200,80,50,1,77,12,242.0,215.56720709931807
7,35,2200,75,48,0,149,11,352.0,0.0
7,35,2200,70,38,0,85,17,422.0,0.0
7,35,2200,80,37,1,105,24,326.0,286.3454817537607
7,35,2200,75,41,1,105,22,364.0,459.1226937191991
7,35,2100,60,44,1,79,2,80.0,68.30357947705835
7,35,2200,75,47,0,127,11,282.0,0.0
7,35,2200,70,48,0,119,16,314.0,0.0
7,35,2100,70,50,0,77,7,176.0,0.0
7,35,2100,90,35,1,107,20,296.0,179.6358715964051
7,35,2100,60,35,1,83,18,304.0,203.10401831725315
7,35,2100,85,41,0,123,10,270.0,0.0
7,35,2100,60,41,1,75,10,174.0,158.1919865183059
7,35,2100,75,39,0,75,15,260.0,0.0
7,35,2100,85,41,1,69,14,206.0,246.98853341101142
7,35,2100,60,40,0,103,13,256.0,0.0
7,35,2100,90,36,1,145,28,428.0,327.25199218055013
7,35,2100,80,35,0,141,18,350.0,0.0
7,35,2100,85,40,0,155,19,388.0,0.0
7,35,2100,65,44,1,107,13,180.0,212.34100856608916
7,35,2100,70,35,0,113,16,374.0,0.0
7,35,2100,60,37,1,73,19,286.0,186.47551305259228
7,35,2100,80,44,0,77,10,258.0,0.0
7,35,2100,70,43,0,143,11,270.0,0.0
7,35,2100,75,48,1,113,14,204.0,269.60750551892113
7,35,2100,85,35,1,69,19,264.0,208.43223589637896
7,35,2100,70,35,0,83,15,198.0,0.0
7,35,2100,90,37,1,63,20,252.0,265.09527719775036
7,35,2100,70,42,0,117,18,316.0,0.0
7,35,2100,90,43,0,81,14,316.0,0.0
7,35,2100,65,47,1,79,17,270.0,266.6717256763159
7,35,2100,90,46,1,75,11,190.0,118.04665537006743
7,35,2100,85,38,0,117,18,396.0,0.0
7,35,2100,85,43,1,77,18,246.0,293.11553811631046
7,35,2100,80,38,1,111,19,344.0,207.47544863604298
7,35,2100,85,40,0,79,16,252.0,0.0
7,35,2100,90,41,0,161,11,340.0,0.0
7,35,2100,80,42,1,125,13,272.0,184.1224336104463
7,35,2100,80,45,0,111,10,224.0,0.0
7,35,2100,90,38,0,109,17,384.0,0.0
7,35,2100,65,49,1,95,12,202.0,179.4130561576152
7,35,2100,60,35,0,145,18,360.0,0.0
7,35,2100,60,37,1,107,15,330.0,167.8606525192981
7,35,2100,75,47,1,87,12,182.0,96.27664289274728
7,35,2100,75,43,0,41,8,184.0,0.0
7,35,2100,70,49,0,125,15,432.0,0.0
7,35,2000,65,35,0,73,18,300.0,0.0
7,35,2000,85,38,1,69,15,238.0,206.24380423276784
7,35,2000,75,49,0,77,5,166.0,0.0
7,35,2100,80,50,1,57,8,122.0,212.8874547538531
7,35,2000,60,48,1,99,12,158.0,247.9829709329954
7,35,2000,85,36,1,71,19,306.0,249.66569254194235
7,35,2000,70,37,1,73,18,244.0,232.8821846333663
7,35,2000,70,44,0,69,10,188.0,0.0
7,35,2000,75,48,1,73,11,150.0,264.0993904389675
7,35,2000,65,50,1,81,4,82.0,115.95146562537607
7,35,2000,75,48,0,67,5,166.0,0.0
7,35,2000,60,50,0,63,5,154.0,0.0
7,35,2000,60,36,0,105,17,366.0,0.0
7,35,2000,85,40,1,85,14,260.0,172.02990625442135
7,35,2000,60,38,0,91,13,212.0,0.0
7,35,2000,60,41,0,111,10,182.0,0.0
7,35,2000,60,44,1,71,8,178.0,169.11884462162615
7,35,2000,75,47,0,73,11,212.0,0.0
7,35,2000,65,46,1,69,8,246.0,154.99758897623428
7,35,2000,85,35,0,107,16,324.0,0.0
7,35,2000,75,38,1,107,21,314.0,305.99722104257404
7,35,2000,75,35,1,109,25,322.0,269.28203379131793
7,35,2000,65,39,1,103,14,284.0,364.5043032195159
7,35,2000,75,45,0,89,12,240.0,0.0
7,35,2000,70,46,1,77,6,142.0,65.45929722938344
7,35,2000,85,48,0,115,9,236.0,0.0
7,35,2000,80,42,0,99,6,176.0,0.0
7,35,2000,70,44,1,83,14,192.0,197.9726232186602
7,35,2000,70,36,0,145,17,368.0,0.0
7,35,2000,70,39,1,115,12,240.0,284.4588887204349
7,35,2000,90,40,0,59,11,210.0,0.0
7,35,2000,85,45,0,63,8,170.0,0.0
7,35,2000,65,42,1,67,11,192.0,169.70517466024137
7,35,2000,65,35,0,105,17,284.0,0.0
7,35,2000,80,44,1,83,7,104.0,102.1442788989704
7,35,2000,85,37,1,75,16,202.0,243.5820710782276
7,35,2000,85,46,0,99,12,226.0,0.0
7,35,2000,85,43,0,69,10,174.0,0.0
7,35,2000,85,45,0,73,8,136.0,0.0
7,35,1900,65,39,1,105,13,200.0,270.17560174469736
7,35,1900,75,41,0,103,11,198.0,0.0
7,35,2000,60,50,1,35,6,96.0,162.71761814988704
7,35,2000,70,49,1,83,12,252.0,186.2793216492342
7,35,1900,90,40,0,107,15,292.0,0.0
7,35,1900,80,45,0,99,9,238.0,0.0
7,35,1900,65,48,1,33,5,90.0,162.21252401190222
7,35,1900,75,48,1,67,12,222.0,420.50027373187794
7,35,1900,80,37,0,71,12,234.0,0.0
7,35,1900,80,50,1,65,6,160.0,123.35397456545626
7,35,1900,65,49,1,47,6,110.0,63.76514412374272
7,35,1900,80,50,0,109,13,254.0,0.0
7,35,1900,85,49,1,87,10,150.0,122.77178391140794
7,35,1900,75,39,0,137,10,214.0,0.0
7,35,1900,60,37,1,37,7,128.0,102.32503344034335
7,35,1900,90,39,0,109,13,284.0,0.0
7,35,1900,80,41,1,95,11,168.0,193.02003667533324
7,35,1900,65,44,0,95,5,158.0,0.0
7,35,1900,70,45,1,59,7,106.0,114.80247188053083
7,35,1900,80,45,0,77,11,252.0,0.0
7,35,1900,75,40,1,81,15,234.0,232.28727760584408
7,35,1900,75,38,1,71,17,226.0,243.5236028497756
7,35,1900,90,45,0,63,9,160.0,0.0
7,35,1900,65,43,0,97,12,206.0,0.0
7,35,1900,65,42,0,65,6,138.0,0.0
7,35,1900,80,47,1,43,9,118.0,110.7283442420643
7,35,1900,90,45,1,51,11,136.0,161.9267924801489
7,35,1900,75,47,0,65,6,178.0,0.0
7,35,1900,85,39,1,75,15,194.0,323.1707999054738
7,35,1900,60,38,1,99,14,348.0,187.48765869055356
7,35,1900,60,47,0,125,13,338.0,0.0
7,35,1900,65,41,1,71,16,248.0,226.18230150834393
7,35,1900,80,43,0,73,9,148.0,0.0
7,35,1900,85,44,1,109,13,238.0,331.3167196160121
7,35,1900,70,46,0,71,10,166.0,0.0
7,35,1900,65,42,0,113,10,222.0,0.0
7,35,1900,60,38,1,75,13,256.0,161.02035812134244
7,35,1900,70,48,0,59,4,88.0,0.0
7,35,1900,75,43,1,95,13,198.0,179.58305777828815
7,35,1900,85,44,0,67,9,202.0,0.0
7,35,1900,85,38,0,97,15,252.0,0.0
7,35,1900,80,44,1,63,12,190.0,343.04614695457843
7,35,1800,80,38,1,83,14,186.0,203.40995408527044
7,35,1800,90,43,1,65,10,200.0,148.43478143631108
7,35,1800,60,50,0,57,6,152.0,0.0
7,35,1800,80,41,0,99,9,226.0,0.0
7,35,1800,65,38,0,87,11,210.0,0.0
7,35,1800,75,50,0,51,7,122.0,0.0
7,35,1800,75,48,0,51,5,84.0,0.0
7,35,1800,75,43,1,57,15,180.0,281.0602625095515
7,35,1800,65,50,1,47,4,80.0,62.35815012302829
7,35,1800,90,50,1,65,9,166.0,156.66296064364107
7,35,1800,70,50,1,31,7,90.0,159.48122258669264
7,35,1800,70,41,0,95,14,216.0,0.0
7,35,1800,60,45,0,87,10,204.0,0.0
7,35,1800,75,47,0,55,7,134.0,0.0
7,35,1800,85,38,1,95,12,202.0,138.10319807948125
7,35,1800,70,36,0,63,10,192.0,0.0
7,35,1800,70,50,1,51,5,82.0,95.6690295658468
7,35,1800,75,49,1,91,4,126.0,77.77012002497165
7,35,1800,80,43,1,57,10,198.0,129.87254981741987
7,35,1800,90,38,0,91,12,242.0,0.0
7,35,1800,60,41,1,29,2,30.0,33.61200946928586
7,35,1800,65,40,1,75,6,120.0,109.09748428765218
7,35,1800,80,45,0,65,9,156.0,0.0
7,35,1800,70,44,1,69,7,134.0,126.60144813752369
7,35,1800,80,46,0,65,9,160.0,0.0
7,35,1800,75,48,0,105,9,184.0,0.0
7,35,1800,90,37,1,101,14,200.0,253.41639368766351
7,35,1800,60,42,1,91,8,182.0,114.41811640586351
7,35,1800,60,43,0,67,7,118.0,0.0
7,35,1800,60,41,0,95,10,160.0,0.0
7,35,1800,65,46,1,91,16,222.0,219.93890110013163
7,35,1800,75,50,0,61,6,112.0,0.0
7,35,1800,60,47,0,121,10,220.0,0.0
7,35,1800,60,46,1,65,7,190.0,73.34198109853374
7,35,1800,85,35,0,107,11,240.0,0.0
7,35,1800,90,35,0,63,13,222.0,0.0
7,35,1800,85,38,1,111,8,176.0,88.78144857642263
7,35,1700,90,42,1,41,8,136.0,128.3390859624481
7,35,1800,70,49,1,45,6,108.0,62.56070341582144
7,35,1800,85,49,1,65,6,158.0,75.39513946113901
7,35,1800,80,46,0,123,14,264.0,0.0
7,35,1700,65,43,1,85,10,202.0,149.68829728757598
7,35,1700,70,38,0,33,6,74.0,0.0
7,35,1700,60,49,0,51,3,52.0,0.0
7,35,1700,80,45,1,79,10,140.0,210.10055287605365
7,35,1700,60,47,0,55,5,82.0,0.0
7,35,1700,85,49,0,53,8,132.0,0.0
7,35,1700,85,49,1,59,5,60.0,46.223766599785385
7,35,1700,90,39,1,33,5,90.0,117.02723792164726
7,35,1700,60,36,1,85,11,186.0,81.70672553470395
7,35,1700,80,41,0,77,5,106.0,0.0
7,35,1700,70,42,0,63,7,176.0,0.0
7,35,1700,80,37,1,75,10,210.0,112.61361428339241
7,35,1700,80,45,0,51,6,120.0,0.0
7,35,1700,85,50,0,19,3,38.0,0.0
7,35,1700,75,50,1,57,7,112.0,167.10365455493567
7,35,1700,60,40,1,63,7,158.0,73.02029411476718
7,35,1700,65,43,0,59,6,124.0,0.0
7,35,1700,65,44,1,95,3,96.0,92.73496620821021
7,35,1700,85,43,0,87,8,178.0,0.0
7,35,1700,80,46,0,49,6,112.0,0.0
7,35,1700,75,49,1,47,8,78.0,62.866760235626565
7,35,1700,60,49,1,21,2,30.0,23.92810687882852
7,35,1700,85,35,0,89,18,286.0,0.0
7,35,1700,80,39,1,61,10,150.0,313.0147749035162
7,35,1700,60,39,0,29,4,58.0,0.0
7,35,1700,70,45,1,67,5,102.0,107.88124350639853
7,35,1700,60,43,1,41,5,76.0,87.56391893944283
7,35,1700,75,50,0,27,5,50.0,0.0
7,35,1700,75,47,0,81,6,116.0,0.0
7,35,1700,80,38,1,75,12,158.0,180.2849032761918
7,35,1700,80,36,0,67,12,156.0,0.0
7,35,1700,60,43,1,45,5,46.0,52.345446323070504
7,35,1700,75,47,0,61,10,154.0,0.0
7,35,1700,60,45,1,55,6,118.0,75.06241258241725
7,35,1700,75,43,1,93,10,162.0,150.29436555846843
7,35,1700,85,48,0,29,4,82.0,0.0
7,35,1700,60,50,0,33,2,68.0,0.0
7,35,1700,60,37,1,51,13,140.0,163.10115458746955
7,35,1600,65,39,0,59,6,136.0,0.0
7,35,1600,85,41,1,29,6,92.0,103.99074703158044
7,35,1700,70,42,0,53,8,134.0,0.0
7,35,1600,65,43,1,31,2,60.0,38.187879853277316
7,35,1600,65,47,0,89,8,150.0,0.0
7,35,1600,90,50,1,73,6,128.0,147.39427370074023
7,35,1600,80,35,0,77,11,192.0,0.0
7,35,1600,70,35,1,71,7,126.0,89.84333875529414
7,35,1600,65,38,1,31,5,122.0,60.175074150361105
7,35,1600,80,43,1,65,7,120.0,51.16893930947477
7,35,1600,85,43,0,81,6,102.0,0.0
7,35,1600,65,43,0,49,4,74.0,0.0
7,35,1600,70,48,0,85,12,238.0,0.0
7,35,1600,90,35,0,31,9,140.0,0.0
7,35,1600,65,38,1,69,13,150.0,182.47445849298836
7,35,1600,70,42,1,51,8,114.0,160.91592574663784
7,35,1600,85,42,1,27,2,54.0,49.82876995736947
7,35,1600,80,40,0,85,8,116.0,0.0
7,35,1600,65,39,0,77,11,192.0,0.0
7,35,1600,60,49,1,43,7,130.0,145.3412657517887
7,35,1600,60,36,0,69,10,156.0,0.0
7,35,1600,85,38,0,75,8,166.0,0.0
7,35,1600,90,37,1,51,9,138.0,82.31686393090946
7,35,1600,70,42,1,73,5,86.0,111.89042406266014
7,35,1600,85,39,0,57,13,196.0,0.0
7,35,1600,90,49,1,85,7,152.0,96.01166967276029
7,35,1600,65,41,0,61,5,92.0,0.0
7,35,1600,90,41,0,23,4,60.0,0.0
7,35,1600,70,41,1,29,3,56.0,39.63510018457532
7,35,1600,70,39,0,83,8,132.0,0.0
7,35,1600,70,44,1,41,5,72.0,119.04037008837751
7,35,1600,60,47,1,23,3,38.0,19.544099767876975
7,35,1600,80,45,1,45,5,106.0,150.8747472402684
7,35,1600,80,50,0,51,5,84.0,0.0
7,35,1600,70,41,0,59,7,118.0,0.0
7,35,1600,65,38,1,77,10,200.0,109.48062415119651
7,35,1600,85,38,0,97,14,244.0,0.0
7,35,1600,65,43,1,29,1,30.0,22.11099984596522
7,35,1600,60,49,0,113,9,138.0,0.0
7,35,1600,75,42,1,57,5,90.0,68.80596914947708
7,35,1600,75,41,0,73,12,190.0,0.0
7,35,1500,90,36,1,47,16,172.0,151.21123438743118
7,35,1500,60,40,1,87,8,116.0,111.43608438854476
7,35,1500,60,45,0,51,7,74.0,0.0
7,35,1500,90,39,1,41,5,72.0,97.3761909847735
7,35,1500,80,39,0,97,16,274.0,0.0
7,35,1500,80,46,1,57,7,148.0,105.38883428497708
7,35,1500,90,46,0,25,1,26.0,0.0
7,35,1500,60,47,0,29,5,84.0,0.0
7,35,1500,60,50,1,27,4,68.0,140.34159057781898
7,35,1500,90,39,1,41,7,100.0,191.21459945428808
7,35,1500,80,45,0,27,2,50.0,0.0
7,35,1500,85,43,0,65,8,120.0,0.0
7,35,1500,85,42,0,41,7,94.0,0.0
7,35,1500,70,49,1,35,5,60.0,43.32209779598617
7,35,1500,75,37,0,71,7,118.0,0.0
7,35,1500,85,35,0,71,8,126.0,0.0
7,35,1500,70,47,1,53,4,54.0,57.37363120842771
7,35,1500,60,44,1,57,8,160.0,256.06226845431604
7,35,1500,70,45,1,43,4,70.0,68.36965320401285
7,35,1500,65,47,1,55,3,72.0,40.79036349715919
7,35,1500,60,44,0,61,4,92.0,0.0
7,35,1500,75,42,0,57,9,196.0,0.0
7,35,1500,65,42,0,105,7,136.0,0.0
7,35,1500,60,45,1,25,2,26.0,31.148001384683027
7,35,1500,85,45,0,77,9,126.0,0.0
7,35,1500,75,40,1,43,11,120.0,170.00102584718155
7,35,1500,65,48,0,105,12,210.0,0.0
7,35,1500,75,46,1,61,9,88.0,115.55278192199239
7,35,1500,60,35,0,113,7,114.0,0.0
7,35,1500,90,36,0,83,8,134.0,0.0
7,35,1500,65,38,1,59,5,132.0,19.668080071727267
7,35,1500,90,44,0,77,9,158.0,0.0
7,35,1500,85,44,1,45,6,72.0,100.56265161336957
7,35,1500,90,42,1,75,9,154.0,204.37278465594585
7,35,1500,75,50,1,51,4,100.0,121.36022769291213
6,40,3000,70,36,1,175,39,608.0,517.5556131389119
7,35,1500,60,43,1,61,7,120.0,84.93881971331653
6,40,3000,90,45,0,231,30,700.0,0.0
7,35,1500,70,46,1,41,5,76.0,94.50453508122983
7,35,1500,80,43,0,55,7,98.0,0.0
7,35,1500,75,49,0,51,3,52.0,0.0
7,35,1500,75,47,0,27,3,62.0,0.0
6,40,3000,65,36,1,107,40,512.0,578.9310111040832
6,40,3000,80,39,1,117,39,486.0,784.9232210990781
6,40,3000,85,42,1,129,31,480.0,439.6716273286224
6,40,3000,70,41,0,229,29,888.0,0.0
6,40,3000,90,45,1,157,32,586.0,689.058420829231
6,40,3000,80,46,0,223,31,760.0,0.0
6,40,3000,75,47,0,201,25,606.0,0.0
6,40,3000,80,35,1,113,39,492.0,512.0671564133496
6,40,3000,80,40,0,255,36,812.0,0.0
6,40,3000,75,38,0,173,29,708.0,0.0
6,40,3000,80,44,0,287,31,798.0,0.0
6,40,3000,70,49,1,199,30,518.0,503.33912165543245
6,40,3000,75,48,1,271,28,824.0,614.4912231585156
6,40,3000,75,36,0,193,31,770.0,0.0
6,40,3000,75,50,0,171,19,504.0,0.0
6,40,3000,60,36,1,113,36,496.0,479.38828520932157
6,40,3000,60,39,1,163,40,658.0,981.1758682018377
6,40,3000,75,42,0,289,32,782.0,0.0
6,40,3000,60,35,0,207,33,704.0,0.0
6,40,3000,75,37,0,211,34,764.0,0.0
6,40,3000,80,44,1,141,29,524.0,547.7511235774596
6,40,3000,60,42,0,339,26,896.0,0.0
6,40,3000,70,46,1,169,26,646.0,444.3778240529958
6,40,3000,80,49,1,181,28,492.0,502.5457387722088
6,40,3000,70,38,0,223,34,730.0,0.0
6,40,3000,85,35,0,173,36,820.0,0.0
6,40,3000,80,35,0,223,37,690.0,0.0
6,40,3000,90,41,1,217,39,564.0,659.1900111807926
6,40,3000,80,44,1,153,29,514.0,605.8624495566344
6,40,3000,70,50,1,113,18,416.0,520.3700065452078
6,40,3000,70,50,1,151,27,616.0,816.2353860725441
6,40,3000,70,37,1,109,39,534.0,694.8841867242005
6,40,3000,60,39,1,291,22,720.0,560.9662746822787
6,40,3000,60,40,0,217,29,810.0,0.0
6,40,3000,70,48,0,153,26,678.0,0.0
6,40,3000,70,38,0,173,27,602.0,0.0
6,40,3000,80,50,1,255,26,646.0,707.1669360870075
6,40,3000,60,48,0,241,20,714.0,0.0
6,40,2900,70,40,1,143,34,500.0,400.09969663397305
6,40,2900,70,39,1,139,36,492.0,918.219617479296
6,40,2900,80,36,1,89,38,424.0,514.5243047937192
6,40,2900,60,40,0,113,26,580.0,0.0
6,40,2900,85,47,0,301,28,666.0,0.0
6,40,2900,65,41,1,113,30,432.0,639.2244754559605
6,40,2900,80,49,0,161,20,676.0,0.0
6,40,2900,85,42,0,315,32,944.0,0.0
6,40,2900,80,37,1,159,39,552.0,611.9805272128879
6,40,2900,80,40,1,167,39,558.0,649.8233383523719
6,40,2900,60,36,1,115,22,414.0,363.43684753689683
6,40,2900,60,45,0,159,20,572.0,0.0
6,40,2900,65,47,0,223,22,538.0,0.0
6,40,2900,90,45,1,221,33,636.0,717.9203383238997
6,40,2900,65,49,0,169,18,508.0,0.0
6,40,2900,90,41,0,217,32,702.0,0.0
6,40,2900,60,41,1,117,31,432.0,663.4455152027671
6,40,2900,85,43,0,155,28,632.0,0.0
6,40,2900,85,45,1,171,28,674.0,593.816271149429
6,40,2900,80,45,0,205,27,646.0,0.0
6,40,2900,80,47,0,167,22,592.0,0.0
6,40,2900,75,49,1,203,30,442.0,565.9250949270961
6,40,2900,90,50,1,111,26,406.0,641.2325787082393
6,40,2900,75,36,1,99,37,456.0,587.2765431035741
6,40,2900,85,37,1,95,40,458.0,582.8360787502194
6,40,2900,90,41,1,143,36,600.0,583.1969261652448
6,40,2900,85,44,0,165,30,688.0,0.0
6,40,2900,90,48,0,205,24,602.0,0.0
6,40,2900,90,46,0,161,28,714.0,0.0
6,40,2900,65,48,0,223,22,698.0,0.0
6,40,2900,75,38,1,89,37,458.0,583.5020883336686
6,40,2900,65,41,1,211,35,626.0,721.3038306009976
6,40,2900,85,44,0,161,32,592.0,0.0
6,40,2900,80,44,0,219,28,718.0,0.0
6,40,2900,65,47,1,133,22,406.0,338.91220676304386
6,40,2900,70,46,1,115,26,532.0,524.4367902039073
6,40,2900,80,47,0,201,23,582.0,0.0
6,40,2900,85,38,1,111,38,520.0,542.8995567180427
6,40,2900,85,42,0,169,32,744.0,0.0
6,40,2800,75,39,0,165,31,754.0,0.0
6,40,2800,70,41,1,151,33,598.0,717.1283558012909
6,40,2800,65,44,0,159,22,562.0,0.0
6,40,2800,70,49,1,141,28,508.0,478.7529500800638
6,40,2900,70,45,0,145,23,554.0,0.0
6,40,2800,80,36,1,155,37,524.0,463.86416878061954
6,40,2800,70,39,1,105,33,500.0,711.6885223536649
6,40,2800,90,38,0,159,34,694.0,0.0
6,40,2800,65,39,1,99,35,496.0,725.1072052999657
6,40,2800,60,36,1,121,37,458.0,430.92742391149153
6,40,2800,65,48,0,155,24,578.0,0.0
6,40,2800,65,47,0,103,14,390.0,0.0
6,40,2800,70,37,1,203,37,578.0,613.5429668651857
6,40,2800,80,36,1,189,39,498.0,506.3486660691033
6,40,2800,75,37,0,203,35,708.0,0.0
6,40,2800,90,39,0,157,32,674.0,0.0
6,40,2800,85,50,1,109,19,442.0,512.9544287584182
6,40,2800,85,48,0,197,22,556.0,0.0
6,40,2800,90,46,0,215,18,548.0,0.0
6,40,2800,60,45,0,155,23,590.0,0.0
6,40,2800,65,36,0,207,36,802.0,0.0
6,40,2800,65,49,1,119,19,338.0,169.4158076720916
6,40,2800,90,38,1,161,38,602.0,630.2974517082298
6,40,2800,65,38,1,143,32,448.0,400.58855462720726
6,40,2800,75,39,0,163,31,680.0,0.0
6,40,2800,80,48,1,199,26,776.0,669.7970265661409
6,40,2800,65,36,1,149,29,440.0,298.624624153631
6,40,2800,75,38,1,107,37,486.0,608.4518222490707
6,40,2800,60,43,0,151,20,562.0,0.0
6,40,2800,75,46,1,213,29,676.0,489.4416478607603
6,40,2800,90,36,1,107,40,466.0,486.64845426048095
6,40,2800,65,44,0,247,26,608.0,0.0
6,40,2800,65,50,0,153,16,444.0,0.0
6,40,2800,70,45,0,167,23,524.0,0.0
6,40,2800,60,36,0,167,28,778.0,0.0
6,40,2800,70,36,1,219,37,574.0,496.4094349118985
6,40,2800,85,36,1,103,38,472.0,489.88249546873436
6,40,2700,90,42,1,125,34,528.0,604.5458747387883
6,40,2800,70,39,0,197,30,724.0,0.0
6,40,2800,85,43,1,161,33,658.0,626.7172281115323
6,40,2800,65,43,0,207,21,618.0,0.0
6,40,2800,60,47,0,209,20,530.0,0.0
6,40,2700,80,35,1,109,38,484.0,575.925609829771
6,40,2700,85,39,0,239,23,550.0,0.0
6,40,2700,80,39,1,99,31,466.0,637.9133424503905
6,40,2700,70,45,1,157,18,428.0,308.375739892181
6,40,2700,65,47,0,105,20,566.0,0.0
6,40,2700,90,49,0,161,17,420.0,0.0
6,40,2700,85,50,0,191,20,470.0,0.0
6,40,2700,60,35,0,203,27,626.0,0.0
6,40,2700,65,43,1,203,16,436.0,254.11243180948063
6,40,2700,90,44,0,147,23,436.0,0.0
6,40,2700,70,44,0,153,30,600.0,0.0
6,40,2700,60,45,1,135,24,428.0,469.4859012442081
6,40,2700,80,49,1,145,14,360.0,219.4381590915698
6,40,2700,85,47,1,107,28,440.0,609.4441943909894
6,40,2700,85,39,0,203,26,786.0,0.0
6,40,2700,80,43,1,119,27,388.0,457.8062497343164
6,40,2700,90,43,1,189,25,508.0,402.64492331235516
6,40,2700,60,45,1,157,13,414.0,318.1816349503871
6,40,2700,80,42,0,183,23,542.0,0.0
6,40,2700,70,41,0,101,23,428.0,0.0
6,40,2700,75,49,0,189,22,574.0,0.0
6,40,2700,65,35,1,109,31,460.0,441.9456109973426
6,40,2700,80,40,0,247,27,634.0,0.0
6,40,2700,90,43,0,149,23,558.0,0.0
6,40,2700,90,45,0,197,29,574.0,0.0
6,40,2700,85,48,1,141,22,392.0,559.1015454207729
6,40,2700,75,47,1,143,28,590.0,473.8606774243837
6,40,2700,70,47,1,101,27,424.0,446.7497215999788
6,40,2700,80,35,1,203,35,678.0,607.0201014757687
6,40,2700,65,37,1,157,35,606.0,610.5096121326425
6,40,2700,85,44,0,149,22,514.0,0.0
6,40,2700,75,47,0,101,17,378.0,0.0
6,40,2700,90,47,0,149,23,654.0,0.0
6,40,2700,65,45,1,137,25,394.0,481.9144902560879
6,40,2700,80,50,0,103,22,426.0,0.0
6,40,2700,70,35,1,153,35,582.0,392.0261386139452
6,40,2600,85,36,1,137,37,484.0,608.086384575088
6,40,2700,75,39,0,299,32,778.0,0.0
6,40,2700,60,40,1,203,22,656.0,412.49123694300846
6,40,2600,60,45,0,137,19,466.0,0.0
6,40,2700,85,35,0,159,37,732.0,0.0
6,40,2600,65,44,1,123,25,442.0,576.5621166700722
6,40,2600,90,35,1,83,35,388.0,389.0116346271555
6,40,2600,80,36,0,145,27,652.0,0.0
6,40,2600,85,44,1,147,24,450.0,432.80212908139237
6,40,2600,90,41,0,139,25,508.0,0.0
6,40,2600,85,42,0,153,22,530.0,0.0
6,40,2600,90,48,0,143,20,570.0,0.0
6,40,2600,85,50,1,65,15,224.0,364.69959017758543
6,40,2600,90,35,1,143,37,492.0,496.6827257642171
6,40,2600,60,39,1,207,15,560.0,432.832780254352
6,40,2600,65,43,1,139,18,392.0,337.6095166250715
6,40,2600,90,40,0,145,23,502.0,0.0
6,40,2600,60,35,0,249,33,796.0,0.0
6,40,2600,85,50,0,149,21,420.0,0.0
6,40,2600,65,46,1,89,20,356.0,280.606383557083
6,40,2600,65,49,0,119,12,298.0,0.0
6,40,2600,60,37,0,199,29,634.0,0.0
6,40,2600,70,39,1,97,24,452.0,528.0761447067025
6,40,2600,75,49,1,101,7,224.0,112.00151924951693
6,40,2600,75,36,1,111,31,384.0,442.4513180638337
6,40,2600,90,45,0,147,20,518.0,0.0
6,40,2600,90,48,0,159,20,472.0,0.0
6,40,2600,65,47,1,119,12,198.0,150.9423732129506
6,40,2600,90,35,0,243,35,804.0,0.0
6,40,2600,90,37,1,135,39,516.0,592.2456373613642
6,40,2600,75,36,0,191,30,666.0,0.0
6,40,2600,75,41,1,141,29,496.0,419.98914744259196
6,40,2600,60,43,0,231,20,540.0,0.0
6,40,2600,75,48,0,223,22,412.0,0.0
6,40,2600,90,41,1,149,32,676.0,756.7435491029562
6,40,2600,65,36,0,237,27,604.0,0.0
6,40,2600,65,36,1,89,31,348.0,335.9188807513986
6,40,2600,80,41,1,147,24,610.0,379.4860506557134
6,40,2600,90,40,1,121,36,450.0,596.9934981912318
6,40,2600,65,45,0,193,20,554.0,0.0
6,40,2600,90,49,0,179,21,578.0,0.0
6,40,2600,60,43,1,109,16,282.0,261.00581916892105
6,40,2500,65,43,1,131,21,284.0,234.04254295569677
6,40,2500,65,39,0,133,20,444.0,0.0
6,40,2600,90,47,0,145,18,476.0,0.0
6,40,2500,70,35,0,173,32,694.0,0.0
6,40,2500,75,42,1,143,24,472.0,443.2025627019299
6,40,2500,70,45,0,139,18,432.0,0.0
6,40,2500,60,43,1,89,12,332.0,222.7490610005359
6,40,2500,85,41,1,89,35,376.0,506.2296214416538
6,40,2500,90,43,0,137,22,576.0,0.0
6,40,2500,80,47,1,103,17,268.0,239.26136322930148
6,40,2500,75,35,0,279,27,594.0,0.0
6,40,2500,65,42,0,121,18,452.0,0.0
6,40,2500,75,41,1,93,29,380.0,651.9272670815559
6,40,2500,80,50,0,139,13,324.0,0.0
6,40,2500,85,50,1,73,17,290.0,533.0423935845711
6,40,2500,65,37,0,131,21,504.0,0.0
6,40,2500,60,43,1,83,18,292.0,262.3359625393897
6,40,2500,90,35,1,235,30,566.0,364.2449293100885
6,40,2500,85,35,0,137,35,630.0,0.0
6,40,2500,65,37,0,215,22,610.0,0.0
6,40,2500,80,45,1,109,25,346.0,451.000886378639
6,40,2500,80,42,0,143,21,440.0,0.0
6,40,2500,60,45,1,97,15,426.0,325.7183784305598
6,40,2500,70,42,1,107,23,388.0,398.0833334195638
6,40,2500,90,37,0,179,27,570.0,0.0
6,40,2500,65,35,0,221,29,618.0,0.0
6,40,2500,60,45,1,205,24,380.0,413.21548543054985
6,40,2500,65,48,1,97,15,300.0,498.59978547890114
6,40,2500,80,37,0,277,29,684.0,0.0
6,40,2500,75,50,0,131,15,384.0,0.0
6,40,2500,60,47,1,111,17,286.0,217.94630227762826
6,40,2500,90,37,0,229,31,756.0,0.0
6,40,2500,75,50,1,143,20,436.0,434.9480743100904
6,40,2500,65,40,0,93,15,406.0,0.0
6,40,2500,90,48,1,109,16,316.0,378.1241966535995
6,40,2500,70,37,0,263,26,852.0,0.0
6,40,2500,80,41,1,143,29,528.0,457.73212903185953
6,40,2400,75,35,1,89,32,384.0,410.0732611283078
6,40,2500,70,42,1,121,34,576.0,650.2758783027501
6,40,2500,90,35,0,195,33,752.0,0.0
6,40,2500,90,45,1,123,28,468.0,512.1487938780364
6,40,2500,90,50,0,93,14,270.0,0.0
6,40,2400,60,35,0,177,22,498.0,0.0
6,40,2400,85,44,1,117,26,324.0,473.7432650505093
6,40,2400,60,48,0,123,12,330.0,0.0
6,40,2400,80,39,0,139,23,566.0,0.0
6,40,2400,85,38,1,127,30,488.0,425.9367215478255
6,40,2400,65,47,0,85,7,222.0,0.0
6,40,2400,80,46,1,133,21,416.0,358.9119603437864
6,40,2400,60,37,1,123,21,440.0,322.32421096476594
6,40,2400,70,38,1,151,22,414.0,334.2391683711889
6,40,2400,90,38,0,229,28,798.0,0.0
6,40,2400,60,40,0,135,19,468.0,0.0
6,40,2400,65,40,0,123,20,376.0,0.0
6,40,2400,90,42,0,143,30,530.0,0.0
6,40,2400,75,43,1,129,25,384.0,532.9102154668245
6,40,2400,65,44,1,119,22,420.0,477.84736151698036
6,40,2400,60,36,1,129,29,458.0,390.5420582975499
6,40,2400,70,36,1,119,26,386.0,327.66594066664345
6,40,2400,70,48,0,89,15,328.0,0.0
6,40,2400,75,48,0,207,20,414.0,0.0
6,40,2400,65,43,1,111,18,372.0,399.29006055674944
6,40,2400,90,48,0,165,18,336.0,0.0
6,40,2400,85,40,0,165,27,486.0,0.0
6,40,2400,80,49,1,135,11,336.0,194.08049796184727
6,40,2400,75,37,1,127,21,372.0,291.48957478720604
6,40,2400,65,35,1,139,32,426.0,376.4165130777353
6,40,2400,85,36,0,135,29,476.0,0.0
6,40,2400,60,37,0,157,27,566.0,0.0
6,40,2400,80,44,1,131,22,318.0,490.8646762565819
6,40,2400,65,44,0,205,13,346.0,0.0
6,40,2400,90,44,0,113,23,558.0,0.0
6,40,2400,90,44,1,103,16,442.0,392.1658316661012
6,40,2400,60,36,1,111,33,462.0,478.97641532315345
6,40,2400,75,42,1,131,21,378.0,253.03143566510784
6,40,2400,85,43,0,129,22,450.0,0.0
6,40,2400,85,43,0,111,24,370.0,0.0
6,40,2400,85,43,1,87,28,436.0,462.6889835154685
6,40,2400,60,47,1,105,12,278.0,208.55771440232655
6,40,2400,65,50,0,189,11,286.0,0.0
6,40,2400,85,48,0,127,17,284.0,0.0
6,40,2300,65,36,1,157,35,498.0,504.35055905118054
6,40,2300,75,39,1,153,14,356.0,239.63274227110614
6,40,2300,90,35,1,123,31,502.0,315.9944603332787
6,40,2300,75,46,0,159,15,276.0,0.0
6,40,2300,85,44,1,81,20,270.0,361.44999731327107
6,40,2300,60,43,0,117,11,322.0,0.0
6,40,2300,90,47,0,89,16,336.0,0.0
6,40,2300,75,36,1,127,29,374.0,378.6886655419871
6,40,2300,60,39,1,101,12,278.0,334.18399736645426
6,40,2300,70,41,0,137,19,490.0,0.0
6,40,2300,75,37,0,87,18,378.0,0.0
6,40,2300,80,48,1,111,10,234.0,216.3393864315725
6,40,2300,90,45,0,91,18,372.0,0.0
6,40,2300,80,46,0,121,19,464.0,0.0
6,40,2300,80,37,0,167,24,416.0,0.0
6,40,2300,90,41,0,125,18,330.0,0.0
6,40,2300,60,41,0,125,18,326.0,0.0
6,40,2300,90,47,1,105,19,266.0,286.09035218883145
6,40,2300,80,50,1,81,9,254.0,154.77662334357166
6,40,2300,80,49,1,101,11,174.0,139.9899705590694
6,40,2300,65,47,1,87,16,324.0,221.027500696924
6,40,2300,65,35,0,137,23,508.0,0.0
6,40,2300,85,37,1,117,35,490.0,494.54485289240665
6,40,2300,90,39,0,131,20,506.0,0.0
6,40,2300,65,44,1,81,18,276.0,292.7241774358804
6,40,2300,60,44,0,129,13,324.0,0.0
6,40,2300,65,47,1,87,14,204.0,191.87351677462772
6,40,2300,70,48,0,83,14,314.0,0.0
6,40,2300,65,35,0,163,26,494.0,0.0
6,40,2300,85,39,0,207,25,620.0,0.0
6,40,2300,80,40,0,131,20,376.0,0.0
6,40,2300,90,44,1,83,18,314.0,352.7421171596919
6,40,2300,70,50,1,133,15,424.0,451.45352760564384
6,40,2300,90,50,1,117,19,342.0,422.2180852617002
6,40,2300,65,49,1,123,12,290.0,199.4305546557964
6,40,2300,85,47,0,121,15,382.0,0.0
6,40,2200,90,36,0,115,18,388.0,0.0
6,40,2300,80,37,0,133,25,482.0,0.0
6,40,2300,65,39,0,121,17,312.0,0.0
6,40,2200,75,39,1,83,24,418.0,475.99269581932134
6,40,2300,75,41,1,119,27,370.0,362.0606812442985
6,40,2200,70,38,1,131,26,370.0,333.6472881203124
6,40,2300,90,50,1,145,18,318.0,431.2521116255396
6,40,2200,75,38,0,149,21,422.0,0.0
6,40,2200,65,40,1,153,15,342.0,178.91363876690366
6,40,2200,60,42,1,81,4,154.0,55.12924519852791
6,40,2200,80,44,1,97,17,296.0,343.19050567700714
6,40,2200,65,45,0,83,12,340.0,0.0
6,40,2200,65,46,0,69,6,182.0,0.0
6,40,2200,60,44,0,75,15,264.0,0.0
6,40,2200,75,36,1,91,24,360.0,338.7602727442201
6,40,2200,65,39,0,153,22,498.0,0.0
6,40,2200,70,41,0,73,10,246.0,0.0
6,40,2200,80,41,0,157,17,342.0,0.0
6,40,2200,65,44,1,175,15,374.0,390.48346985186333
6,40,2200,70,41,1,75,15,224.0,330.4639221868485
6,40,2200,65,49,1,117,12,262.0,214.38286905032047
6,40,2200,80,35,1,123,26,436.0,282.9443501271694
6,40,2200,80,41,0,173,21,442.0,0.0
6,40,2200,75,41,0,119,18,352.0,0.0
6,40,2200,85,38,0,115,16,352.0,0.0
6,40,2200,85,43,1,127,14,318.0,206.7584917893369
6,40,2200,65,49,1,89,10,174.0,93.09837389884957
6,40,2200,75,46,0,163,16,292.0,0.0
6,40,2200,75,41,1,117,24,340.0,298.5548737808416
6,40,2200,85,44,0,129,12,258.0,0.0
6,40,2200,75,44,0,111,13,266.0,0.0
6,40,2200,70,45,0,123,15,326.0,0.0
6,40,2200,60,42,1,119,17,278.0,243.53100841778988
6,40,2200,80,49,1,75,14,204.0,190.8990792401602
6,40,2200,90,47,1,97,20,344.0,308.5623035977393
6,40,2200,65,37,0,167,27,576.0,0.0
6,40,2200,90,41,0,187,15,396.0,0.0
6,40,2200,65,44,1,83,16,250.0,348.4558115845701
6,40,2200,85,45,0,117,13,278.0,0.0
6,40,2200,60,46,0,191,14,360.0,0.0
6,40,2200,80,43,1,105,13,234.0,171.28232286348648
6,40,2200,70,50,1,87,12,226.0,232.02588676579404
6,40,2100,70,37,0,119,16,420.0,0.0
6,40,2100,70,37,0,153,21,446.0,0.0
6,40,2200,80,41,0,77,17,304.0,0.0
6,40,2200,65,42,1,87,19,264.0,235.50673149139433
6,40,2100,90,40,1,77,25,246.0,355.1987814845701
6,40,2100,65,48,1,59,7,78.0,141.57988292469938
6,40,2100,75,44,1,107,15,294.0,416.25943216458114
6,40,2100,75,38,0,109,17,268.0,0.0
6,40,2100,70,41,0,73,16,264.0,0.0
6,40,2100,80,46,1,99,19,264.0,293.24744030169
6,40,2100,70,48,1,65,11,230.0,356.6125825908616
6,40,2100,75,46,0,77,9,218.0,0.0
6,40,2100,75,48,0,107,10,220.0,0.0
6,40,2100,85,48,1,101,12,254.0,272.3667933270523
6,40,2100,60,50,1,95,9,190.0,213.83047520245628
6,40,2100,90,38,1,111,27,402.0,382.53813170941805
6,40,2100,65,44,1,107,15,274.0,408.50819994761673
6,40,2100,80,42,0,151,13,274.0,0.0
6,40,2100,80,46,0,107,13,340.0,0.0
6,40,2100,75,48,1,61,4,98.0,112.99504184550729
6,40,2100,70,44,0,79,9,188.0,0.0
6,40,2100,85,45,0,71,13,184.0,0.0
6,40,2100,85,37,1,117,24,348.0,314.3627715088582
6,40,2100,90,37,0,197,25,492.0,0.0
6,40,2100,80,44,0,81,11,226.0,0.0
6,40,2100,75,43,1,145,14,300.0,310.1355379492896
6,40,2100,60,38,1,97,22,456.0,248.79014204929106
6,40,2100,65,44,0,75,6,214.0,0.0
6,40,2100,90,50,1,85,10,284.0,161.59882199068284
6,40,2100,70,36,0,123,24,456.0,0.0
6,40,2100,90,35,0,121,30,460.0,0.0
6,40,2100,90,35,1,89,29,372.0,372.02720812883774
6,40,2100,60,35,0,119,14,290.0,0.0
6,40,2100,80,48,0,133,13,332.0,0.0
6,40,2100,80,48,1,123,22,330.0,420.91640147728697
6,40,2100,65,42,1,135,17,302.0,250.3493048733709
6,40,2100,70,38,0,135,13,336.0,0.0
6,40,2100,90,41,0,193,19,428.0,0.0
6,40,2100,75,38,1,67,11,236.0,139.90854111587686
6,40,2100,85,45,0,81,14,262.0,0.0
6,40,2000,75,43,1,75,13,294.0,212.91800404586158
6,40,2100,75,50,1,101,20,274.0,344.9269873287525
6,40,2100,75,41,1,117,21,296.0,290.34532985973766
6,40,2000,70,35,0,143,16,348.0,0.0
6,40,2000,85,37,1,61,14,196.0,246.12424705127998
6,40,2000,75,37,1,107,23,294.0,357.9719406745232
6,40,2000,80,37,0,139,23,490.0,0.0
6,40,2000,70,35,1,95,22,288.0,246.2391380478885
6,40,2000,80,49,0,93,10,182.0,0.0
6,40,2000,85,47,0,79,12,226.0,0.0
6,40,2000,75,36,1,77,12,216.0,117.37257336763298
6,40,2000,60,38,0,111,14,254.0,0.0
6,40,2000,70,44,0,85,13,260.0,0.0
6,40,2000,75,41,1,67,21,302.0,403.0895141093054
6,40,2000,70,47,0,73,8,138.0,0.0
6,40,2000,80,48,1,99,12,166.0,255.91936284616733
6,40,2000,75,43,1,77,5,144.0,97.63435583005347
6,40,2000,60,37,0,107,16,258.0,0.0
6,40,2000,75,40,0,131,13,240.0,0.0
6,40,2000,90,45,0,139,15,354.0,0.0
6,40,2000,90,49,1,51,5,90.0,64.86165940411458
6,40,2000,70,48,1,55,16,198.0,261.23693802477
6,40,2000,85,41,1,75,14,232.0,255.85421194433283
6,40,2000,80,50,0,133,12,272.0,0.0
6,40,2000,80,47,1,81,10,266.0,141.95765905876465
6,40,2000,90,39,1,71,20,222.0,270.46657872627725
6,40,2000,60,35,0,111,12,350.0,0.0
6,40,2000,85,44,0,93,12,272.0,0.0
6,40,2000,70,44,0,97,10,196.0,0.0
6,40,2000,80,42,0,29,3,60.0,0.0
6,40,2000,65,50,1,109,9,306.0,207.2337122382992
6,40,2000,80,44,1,101,24,322.0,552.1004737270953
6,40,2000,65,35,0,137,17,394.0,0.0
6,40,2000,85,38,0,117,20,396.0,0.0
6,40,2000,75,42,1,79,20,210.0,299.6739121818076
6,40,2000,85,45,1,113,13,258.0,388.4430315178678
6,40,2000,85,44,1,121,21,374.0,456.9447887239334
6,40,2000,75,45,0,157,14,342.0,0.0
6,40,2000,70,50,1,85,16,300.0,331.16738674657523
6,40,1900,60,35,1,67,26,260.0,306.53996720935953
6,40,1900,70,42,1,51,7,108.0,132.63105502037436
6,40,1900,75,36,0,171,20,384.0,0.0
6,40,1900,75,43,0,59,10,176.0,0.0
6,40,2000,75,46,0,141,12,252.0,0.0
6,40,2000,65,46,1,107,15,258.0,166.64921375504014
6,40,2000,90,49,0,39,7,106.0,0.0
6,40,1900,60,40,0,89,11,298.0,0.0
6,40,1900,80,42,1,75,15,246.0,199.84118073196174
6,40,1900,85,35,0,103,18,358.0,0.0
6,40,1900,85,41,0,105,13,306.0,0.0
6,40,1900,90,47,1,71,9,116.0,179.28944816262887
6,40,1900,75,43,1,89,11,154.0,166.20005233041888
6,40,1900,80,49,1,87,12,234.0,126.16692966938216
6,40,1900,70,40,0,65,11,206.0,0.0
6,40,1900,90,39,1,101,16,272.0,436.5382942226263
6,40,1900,90,37,1,95,25,310.0,434.1347129168758
6,40,1900,90,38,0,71,11,208.0,0.0
6,40,1900,65,46,0,71,7,204.0,0.0
6,40,1900,70,39,1,101,15,220.0,336.1677950449146
6,40,1900,65,46,0,93,5,94.0,0.0
6,40,1900,85,35,1,69,24,292.0,275.80967620325345
6,40,1900,75,39,0,71,9,136.0,0.0
6,40,1900,80,41,1,77,16,200.0,275.2450549891496
6,40,1900,70,42,1,109,11,266.0,182.6886243703853
6,40,1900,90,44,0,73,14,214.0,0.0
6,40,1900,90,44,0,101,7,210.0,0.0
6,40,1900,90,47,1,75,9,148.0,141.5025950092985
6,40,1900,85,50,0,107,6,108.0,0.0
6,40,1900,75,38,1,105,17,274.0,277.0311260390981
6,40,1900,80,41,1,91,15,224.0,228.4288455526801
6,40,1900,80,42,1,93,13,210.0,189.08800622764818
6,40,1900,70,48,0,85,11,194.0,0.0
6,40,1900,90,42,0,71,12,264.0,0.0
6,40,1900,70,49,1,83,11,224.0,149.67175188914734
6,40,1900,90,49,0,145,11,254.0,0.0
6,40,1900,60,35,1,111,15,252.0,167.12969688959433
6,40,1900,85,41,0,99,11,292.0,0.0
6,40,1900,75,36,1,107,26,340.0,299.0648783457373
6,40,1900,80,42,0,115,10,144.0,0.0
6,40,1900,80,46,0,71,7,128.0,0.0
6,40,1900,90,49,0,163,11,240.0,0.0
6,40,1900,60,43,1,111,10,186.0,145.24591315372507
6,40,1800,70,48,1,67,10,162.0,244.253898008553
6,40,1800,80,36,1,77,19,234.0,158.92538516017285
6,40,1800,65,43,1,93,9,124.0,143.8908484840598
6,40,1800,90,44,0,67,10,196.0,0.0
6,40,1800,75,47,0,93,8,146.0,0.0
6,40,1800,85,43,0,117,13,216.0,0.0
6,40,1800,90,50,1,143,11,226.0,190.03837338782375
6,40,1800,70,40,0,101,9,186.0,0.0
6,40,1800,75,38,0,71,9,170.0,0.0
6,40,1800,80,41,1,79,11,214.0,188.07521626519087
6,40,1800,75,45,1,131,9,192.0,200.9327159277296
6,40,1800,75,45,0,111,12,224.0,0.0
6,40,1800,90,46,0,85,13,154.0,0.0
6,40,1800,60,45,1,47,8,108.0,93.10764881149713
6,40,1800,70,48,1,65,10,160.0,245.7959556202187
6,40,1800,65,38,0,35,4,104.0,0.0
6,40,1800,90,36,0,139,20,394.0,0.0
6,40,1800,80,36,0,119,13,216.0,0.0
6,40,1800,60,41,1,95,11,288.0,209.9627375923726
6,40,1800,85,40,0,67,11,198.0,0.0
6,40,1800,90,42,1,77,21,204.0,290.3518609035096
6,40,1800,80,49,1,69,11,148.0,101.52844025025841
6,40,1800,90,41,1,63,13,232.0,237.83870951661788
6,40,1800,90,35,0,67,16,252.0,0.0
6,40,1800,90,43,1,69,15,210.0,250.0568162745385
6,40,1800,65,37,1,87,13,246.0,231.02017667332493
6,40,1800,85,43,0,105,14,268.0,0.0
6,40,1800,65,42,0,91,8,154.0,0.0
6,40,1800,90,46,0,63,8,100.0,0.0
6,40,1800,80,46,1,67,18,214.0,240.62363589083998
6,40,1800,60,47,1,75,12,150.0,203.26306089034716
6,40,1800,65,36,0,131,17,288.0,0.0
6,40,1800,85,39,0,69,14,230.0,0.0
6,40,1800,65,40,1,97,15,262.0,129.0809220023615
6,40,1800,65,42,0,147,9,206.0,0.0
6,40,1800,80,50,1,53,5,76.0,162.40054837916347
6,40,1800,75,47,0,99,10,232.0,0.0
6,40,1800,80,50,1,57,8,112.0,186.78574235845255
6,40,1700,80,35,1,71,22,228.0,188.0736911588153
6,40,1800,90,37,0,71,13,308.0,0.0
6,40,1700,85,43,0,59,8,136.0,0.0
6,40,1700,75,43,0,91,9,172.0,0.0
6,40,1700,60,47,1,19,1,20.0,10.117522773668039
6,40,1700,60,49,1,93,7,128.0,86.41531735129423
6,40,1700,90,43,0,65,15,210.0,0.0
6,40,1800,60,44,1,83,9,134.0,229.8417994449368
6,40,1700,65,38,1,57,12,134.0,188.79257871626768
6,40,1700,70,35,0,93,13,268.0,0.0
6,40,1700,85,36,1,61,16,156.0,159.72923875378157
6,40,1700,70,35,1,61,19,182.0,203.86506322968992
6,40,1700,80,37,0,97,13,256.0,0.0
6,40,1700,70,36,0,91,9,210.0,0.0
6,40,1700,80,47,0,87,9,204.0,0.0
6,40,1700,75,48,1,113,7,144.0,225.39652331002884
6,40,1700,75,38,1,89,15,212.0,153.39976443610115
6,40,1700,70,42,1,67,9,220.0,182.01255567216052
6,40,1700,80,41,0,63,10,162.0,0.0
6,40,1700,90,47,1,53,8,112.0,78.03634673662812
6,40,1700,90,44,0,65,9,212.0,0.0
6,40,1700,60,50,0,57,4,90.0,0.0
6,40,1700,65,49,1,91,9,194.0,151.0943254907655
6,40,1700,90,35,0,65,6,118.0,0.0
6,40,1700,80,37,0,59,12,188.0,0.0
6,40,1700,70,36,0,91,11,230.0,0.0
6,40,1700,80,39,1,63,9,250.0,217.95059289821586
6,40,1700,70,45,1,91,10,158.0,200.22495686489052
6,40,1700,65,45,0,61,8,214.0,0.0
6,40,1700,80,48,1,81,10,148.0,221.97571423750549
6,40,1700,75,47,1,81,10,166.0,75.93592871177223
6,40,1700,80,40,0,91,13,238.0,0.0
6,40,1700,85,46,1,47,5,104.0,14.47213595499958
6,40,1700,80,45,0,73,9,190.0,0.0
6,40,1700,65,39,0,57,8,124.0,0.0
6,40,1700,90,48,1,59,8,172.0,184.76860986189894
6,40,1700,60,50,1,51,5,86.0,104.72001651451176
6,40,1700,75,45,0,145,8,206.0,0.0
6,40,1700,80,45,1,63,7,158.0,147.28217189268804
6,40,1700,65,46,0,63,7,120.0,0.0
6,40,1700,70,43,0,73,10,186.0,0.0
6,40,1600,75,46,1,93,8,94.0,76.4691131081601
6,40,1600,75,48,0,75,6,132.0,0.0
6,40,1600,65,48,0,109,5,110.0,0.0
6,40,1700,80,43,1,35,6,84.0,86.85909228361645
6,40,1600,60,46,1,75,7,134.0,92.1699820609304
6,40,1600,75,35,1,55,10,176.0,108.6333692915182
6,40,1600,90,39,1,69,13,152.0,335.25345362459177
6,40,1600,80,43,0,85,5,100.0,0.0
6,40,1600,90,41,0,61,7,144.0,0.0
6,40,1600,75,48,1,121,10,154.0,321.64721208974123
6,40,1600,70,42,0,57,6,162.0,0.0
6,40,1600,90,50,1,25,2,36.0,67.45156159972922
6,40,1600,75,36,0,59,10,218.0,0.0
6,40,1600,75,39,0,87,12,204.0,0.0
6,40,1600,65,36,1,67,11,182.0,110.63495106141292
6,40,1600,65,40,0,77,11,166.0,0.0
6,40,1600,75,42,0,59,8,146.0,0.0
6,40,1600,85,37,1,85,24,226.0,333.96127907413324
6,40,1600,90,43,1,97,15,200.0,249.5493535427735
6,40,1600,70,37,1,97,9,178.0,143.3182721595096
6,40,1600,65,43,1,93,6,110.0,55.09178828202327
6,40,1600,65,44,1,49,5,86.0,97.36633869251692
6,40,1600,70,45,0,131,14,256.0,0.0
6,40,1600,70,48,0,0,0,0.0,0.0
6,40,1600,75,48,0,37,5,38.0,0.0
6,40,1600,85,47,1,59,3,78.0,11.952843309670477
6,40,1600,75,39,0,55,6,114.0,0.0
6,40,1600,90,35,1,73,18,230.0,141.04194832403215
6,40,1600,60,36,0,125,13,226.0,0.0
6,40,1600,90,36,1,77,9,78.0,80.38074956429371
6,40,1600,60,35,1,67,5,68.0,72.87397929392051
6,40,1600,80,38,0,59,10,172.0,0.0
6,40,1600,75,43,1,63,10,146.0,105.13286978324174
6,40,1600,90,50,1,61,12,148.0,283.35860849172184
6,40,1600,65,46,0,49,6,80.0,0.0
6,40,1600,85,50,0,59,7,114.0,0.0
6,40,1600,70,38,1,73,10,112.0,92.76385801486704
6,40,1600,60,38,0,71,12,136.0,0.0
6,40,1600,60,39,0,113,9,166.0,0.0
6,40,1500,90,44,0,35,6,116.0,0.0
6,40,1500,60,47,1,43,3,68.0,35.886815528888214
6,40,1600,65,50,0,47,4,90.0,0.0
6,40,1600,70,49,1,63,9,164.0,81.98249467538974
6,40,1500,65,39,1,109,8,162.0,253.99911783141107
6,40,1500,90,38,0,89,16,198.0,0.0
6,40,1500,75,36,0,109,13,196.0,0.0
6,40,1500,80,41,1,57,5,58.0,92.76793689219943
6,40,1500,80,35,1,63,13,188.0,169.4618449299568
6,40,1500,65,44,0,55,7,114.0,0.0
6,40,1500,65,50,1,69,5,70.0,103.47036540496507
6,40,1500,75,45,0,51,7,94.0,0.0
6,40,1500,75,41,0,83,6,138.0,0.0
6,40,1500,70,42,1,63,9,120.0,152.43327177448745
6,40,1500,75,43,0,59,11,164.0,0.0
6,40,1500,90,46,0,103,8,188.0,0.0
6,40,1500,80,50,1,35,4,66.0,71.90874038898178
6,40,1500,75,45,1,105,13,192.0,289.47028759925144
6,40,1500,90,39,1,79,10,166.0,310.34925672959633
6,40,1500,85,43,0,87,13,194.0,0.0
6,40,1500,80,47,1,51,5,118.0,83.80338071168217
6,40,1500,85,47,0,103,5,104.0,0.0
6,40,1500,90,50,1,29,4,74.0,98.2955539249554
6,40,1500,90,47,0,75,7,102.0,0.0
6,40,1500,80,48,1,0,0,0.0,0.0
6,40,1500,65,36,1,63,6,122.0,32.678407528840985
6,40,1500,65,50,0,57,6,86.0,0.0
6,40,1500,70,35,0,133,14,250.0,0.0
6,40,1500,75,37,1,45,7,46.0,94.06859644298025
6,40,1500,65,45,0,39,5,94.0,0.0
6,40,1500,60,47,1,49,8,106.0,123.64912492554292
6,40,1500,90,48,0,123,7,154.0,0.0
6,40,1500,70,42,0,55,5,70.0,0.0
6,40,1500,65,48,1,57,3,84.0,113.97143580059043
6,40,1500,75,35,0,55,6,130.0,0.0
6,40,1500,90,37,1,67,16,218.0,163.7752949834734
6,40,1500,90,37,0,39,6,78.0,0.0
6,40,1500,85,43,1,91,7,122.0,115.37669047536222
6,40,1500,60,42,1,59,6,146.0,139.10437365115604
6,40,1500,65,44,1,55,3,82.0,49.42142701557598
6,40,1500,65,38,0,147,11,226.0,0.0
6,40,1500,90,35,0,97,7,144.0,0.0
6,39,3000,85,35,1,119,39,420.0,523.7828409170332
6,39,3000,80,42,0,163,31,548.0,0.0
6,39,3000,60,45,0,193,21,640.0,0.0
6,39,3000,75,39,1,93,37,476.0,753.3736734307361
6,39,3000,90,48,1,97,28,484.0,598.1502919186474
6,39,3000,90,50,0,169,22,484.0,0.0
6,39,3000,60,45,1,165,28,464.0,592.7985817439666
6,39,3000,85,35,1,111,38,436.0,612.9280039136696
6,39,3000,75,36,1,163,38,568.0,601.8962986726461
6,39,3000,60,42,0,261,27,760.0,0.0
6,39,3000,80,44,0,153,25,460.0,0.0
6,39,3000,75,44,1,219,35,634.0,899.0135525888352
6,39,3000,80,39,0,277,30,738.0,0.0
6,39,3000,75,45,0,291,29,778.0,0.0
6,39,3000,80,37,1,119,37,400.0,509.05223837090296
6,39,3000,80,38,1,79,38,434.0,774.1935706869822
6,39,3000,75,39,0,233,30,706.0,0.0
6,39,3000,60,42,1,141,32,540.0,481.0122969440874
6,39,3000,85,40,0,177,27,650.0,0.0
6,39,3000,85,47,1,143,30,574.0,511.85696671513483
6,39,3000,80,42,0,209,33,768.0,0.0
6,39,3000,70,38,0,267,33,706.0,0.0
6,39,3000,90,38,0,171,35,620.0,0.0
6,39,3000,65,37,0,169,34,716.0,0.0
6,39,3000,90,40,1,123,34,496.0,469.2521611057788
6,39,3000,90,44,0,171,26,582.0,0.0
6,39,3000,85,41,1,117,38,502.0,758.3677200431155
6,39,3000,75,49,1,151,26,554.0,443.7797187718384
6,39,3000,90,35,1,121,39,482.0,574.6492213896313
6,39,3000,70,38,1,153,26,634.0,543.4505047310425
6,39,3000,60,35,1,149,37,516.0,448.25901219240905
6,39,3000,90,47,1,103,26,348.0,351.03025573300715
6,39,3000,85,42,0,221,34,768.0,0.0
6,39,3000,60,48,0,173,18,554.0,0.0
6,39,3000,65,46,0,215,19,598.0,0.0
6,39,3000,60,44,1,163,29,610.0,622.5515215136471
6,39,2900,80,36,1,109,39,464.0,549.0653402511549
6,39,2900,90,35,0,223,37,792.0,0.0
6,39,3000,70,50,0,225,24,556.0,0.0
6,39,3000,70,50,1,127,27,510.0,573.6526375119644
6,39,3000,75,45,0,159,27,598.0,0.0
6,39,3000,85,50,0,109,23,488.0,0.0
6,39,2900,75,49,1,155,25,482.0,279.6184269643657
6,39,2900,65,37,1,95,38,392.0,622.0372627398766
6,39,2900,80,36,0,111,27,476.0,0.0
6,39,2900,80,38,1,213,37,688.0,517.6379943689599
6,39,2900,65,49,0,211,19,584.0,0.0
6,39,2900,80,44,0,219,29,798.0,0.0
6,39,2900,65,49,1,147,30,498.0,504.61678942805895
6,39,2900,85,49,0,211,27,722.0,0.0
6,39,2900,70,39,0,241,36,910.0,0.0
6,39,2900,85,39,1,159,39,568.0,764.6120978658071
6,39,2900,65,37,1,163,37,594.0,599.0212264816562
6,39,2900,60,41,0,213,27,688.0,0.0
6,39,2900,75,49,0,157,25,620.0,0.0
6,39,2900,90,50,1,105,24,442.0,600.9803053548537
6,39,2900,60,44,0,155,22,546.0,0.0
6,39,2900,60,46,1,145,18,350.0,304.1270857274686
6,39,2900,75,45,1,195,29,640.0,651.6653639358939
6,39,2900,80,35,0,271,37,750.0,0.0
6,39,2900,85,36,1,131,39,498.0,562.1907046197668
6,39,2900,90,46,1,159,35,556.0,548.3649338975172
6,39,2900,75,47,1,111,22,494.0,374.04353386535416
6,39,2900,80,50,0,159,20,586.0,0.0
6,39,2900,65,41,0,219,25,766.0,0.0
6,39,2900,60,49,0,223,25,742.0,0.0
6,39,2900,85,35,1,97,39,464.0,646.1110566611447
6,39,2900,75,35,0,157,37,684.0,0.0
6,39,2900,70,35,1,121,39,464.0,584.2486470194723
6,39,2900,75,49,1,153,33,516.0,679.4094325389973
6,39,2900,75,43,0,199,27,668.0,0.0
6,39,2900,80,48,1,213,27,724.0,518.6101648356001
6,39,2900,80,49,0,215,25,674.0,0.0
6,39,2900,60,39,0,275,28,812.0,0.0
6,39,2900,90,36,1,99,39,450.0,512.029933535665
6,39,2800,80,38,1,151,38,556.0,545.4110327681475
6,39,2900,65,41,0,327,32,742.0,0.0
6,39,2900,75,49,1,163,22,402.0,325.3553157589872
6,39,2900,75,44,0,207,26,698.0,0.0
6,39,2900,70,49,1,93,19,416.0,250.8836621014019
6,39,2900,70,47,0,149,19,606.0,0.0
6,39,2800,75,37,0,151,28,690.0,0.0
6,39,2800,65,39,0,155,28,578.0,0.0
6,39,2800,65,42,0,253,24,682.0,0.0
6,39,2800,60,36,1,99,32,456.0,424.40909719216705
6,39,2800,80,38,1,145,37,524.0,607.6354962319103
6,39,2800,75,41,1,113,35,528.0,570.4950376264213
6,39,2800,85,50,0,153,18,340.0,0.0
6,39,2800,75,36,0,159,33,698.0,0.0
6,39,2800,60,37,0,267,26,688.0,0.0
6,39,2800,80,41,0,159,26,530.0,0.0
6,39,2800,75,45,1,105,28,424.0,520.0417072600773
6,39,2800,65,46,1,145,22,386.0,347.41692021709923
6,39,2800,60,46,1,123,29,428.0,496.77193035212395
6,39,2800,80,46,1,205,31,600.0,561.8315708280107
6,39,2800,65,47,0,217,20,764.0,0.0
6,39,2800,80,35,0,219,36,774.0,0.0
6,39,2800,65,37,0,217,23,584.0,0.0
6,39,2800,90,43,1,103,31,372.0,467.32145149171197
6,39,2800,90,44,0,213,27,634.0,0.0
6,39,2800,75,48,1,139,25,492.0,519.909242275628
6,39,2800,65,48,1,145,24,496.0,478.9808111681848
6,39,2800,70,49,1,103,13,380.0,209.02122925254605
6,39,2800,80,45,0,205,28,754.0,0.0
6,39,2800,85,38,1,105,36,466.0,511.9000786781493
6,39,2800,75,37,0,211,33,624.0,0.0
6,39,2800,90,41,1,97,36,438.0,621.0842854075869
6,39,2800,75,41,1,103,36,462.0,709.4089395457934
6,39,2800,60,45,1,127,23,440.0,457.0925002768851
6,39,2800,90,43,0,197,25,634.0,0.0
6,39,2800,70,48,0,203,20,634.0,0.0
6,39,2800,65,36,1,87,35,402.0,531.322915527991
6,39,2800,60,41,1,121,9,256.0,117.46912083164845
6,39,2800,65,42,0,189,27,652.0,0.0
6,39,2800,60,43,0,209,19,576.0,0.0
6,39,2800,70,44,1,157,25,528.0,564.760947435464
6,39,2800,60,46,0,145,21,438.0,0.0
6,39,2800,80,46,0,197,25,626.0,0.0
6,39,2700,90,35,0,141,34,620.0,0.0
6,39,2700,80,39,0,199,28,550.0,0.0
6,39,2700,70,41,1,91,32,464.0,641.7222887204812
6,39,2800,80,40,1,153,22,528.0,337.07660917905025
6,39,2700,60,44,1,171,17,390.0,323.0646088886717
6,39,2700,90,49,1,153,27,600.0,471.9144527036308
6,39,2800,90,43,0,163,22,546.0,0.0
6,39,2700,70,36,0,161,33,794.0,0.0
6,39,2700,80,39,1,135,37,486.0,632.8306310133781
6,39,2700,90,43,0,153,32,768.0,0.0
6,39,2700,90,42,1,141,29,494.0,413.87003176471967
6,39,2700,90,46,1,95,24,414.0,393.7098580094022
6,39,2700,80,49,0,161,13,510.0,0.0
6,39,2700,90,50,0,151,14,434.0,0.0
6,39,2700,60,35,0,153,32,724.0,0.0
6,39,2700,75,35,1,101,37,472.0,602.6795412932518
6,39,2700,75,36,1,125,33,524.0,422.62916665495766
6,39,2700,75,36,1,93,37,428.0,478.0680862507555
6,39,2700,75,38,0,193,30,820.0,0.0
6,39,2700,75,48,1,95,23,346.0,468.1779336215258
6,39,2700,80,47,0,151,25,582.0,0.0
6,39,2700,75,36,0,305,34,798.0,0.0
6,39,2700,85,38,1,145,35,556.0,633.1102049177134
6,39,2700,70,42,1,157,27,670.0,420.6081551585009
6,39,2700,65,48,0,165,13,356.0,0.0
6,39,2700,85,46,1,79,26,326.0,392.4400324189741
6,39,2700,80,45,0,155,21,494.0,0.0
6,39,2700,60,50,0,163,15,434.0,0.0
6,39,2700,70,35,0,197,32,596.0,0.0
6,39,2700,60,38,1,151,28,460.0,360.70569538641604
6,39,2700,60,38,0,137,30,596.0,0.0
6,39,2700,75,39,1,147,31,612.0,499.5196023203236
6,39,2700,70,43,0,205,26,570.0,0.0
6,39,2700,65,50,1,95,16,454.0,488.7391086913424
6,39,2700,90,49,1,159,19,542.0,315.467686302744
6,39,2700,65,45,1,113,31,490.0,568.3772025487582
6,39,2700,70,37,0,135,28,636.0,0.0
6,39,2700,90,47,0,181,27,580.0,0.0
6,39,2700,65,48,0,199,19,590.0,0.0
6,39,2700,65,44,1,125,25,538.0,498.29905277446136
6,39,2700,80,49,1,153,13,356.0,183.0654993579432
6,39,2700,80,49,0,147,16,406.0,0.0
6,39,2600,75,37,0,193,29,680.0,0.0
6,39,2600,60,37,1,79,31,378.0,512.9810744236638
6,39,2600,75,42,1,139,19,424.0,267.2534578101434
6,39,2600,75,46,1,145,25,406.0,467.2712307333654
6,39,2600,70,43,1,87,19,240.0,304.06477047497634
6,39,2600,60,48,0,99,13,340.0,0.0
6,39,2600,85,50,0,239,19,690.0,0.0
6,39,2600,65,35,0,195,26,578.0,0.0
6,39,2600,60,45,0,143,20,524.0,0.0
6,39,2600,85,43,1,107,28,418.0,538.8247844204052
6,39,2600,60,42,1,145,24,470.0,380.6414058882408
6,39,2600,90,41,0,191,24,480.0,0.0
6,39,2600,70,46,1,87,24,318.0,341.44438786074284
6,39,2600,70,48,0,151,16,494.0,0.0
6,39,2600,75,38,1,81,24,314.0,208.61056120433085
6,39,2600,70,46,1,97,20,406.0,353.4055340452044
6,39,2600,65,37,1,91,36,456.0,662.4417626371345
6,39,2600,80,44,0,149,20,474.0,0.0
6,39,2600,75,44,0,141,23,526.0,0.0
6,39,2600,80,43,0,195,19,484.0,0.0
6,39,2600,85,48,1,185,23,498.0,504.30712281701835
6,39,2600,60,36,0,185,26,648.0,0.0
6,39,2600,75,39,0,185,25,644.0,0.0
6,39,2600,75,35,0,149,28,570.0,0.0
6,39,2600,70,40,1,101,26,436.0,473.51430170645466
6,39,2600,70,46,1,139,22,406.0,340.7187868271696
6,39,2600,85,50,0,137,20,530.0,0.0
6,39,2600,90,44,1,123,31,442.0,715.7120029756769
6,39,2600,60,38,0,199,15,574.0,0.0
6,39,2600,90,36,1,121,36,432.0,449.2858874201372
6,39,2600,90,40,0,149,27,564.0,0.0
6,39,2600,90,47,1,149,28,366.0,471.680763129017
6,39,2600,75,44,1,185,19,472.0,423.08727579515755
6,39,2600,80,49,0,141,17,418.0,0.0
6,39,2600,65,48,1,139,24,448.0,660.4341999546699
6,39,2600,85,36,0,145,32,652.0,0.0
6,39,2500,80,38,1,109,33,436.0,611.9870980451321
6,39,2600,85,40,1,199,29,594.0,544.1395200481571
6,39,2600,75,45,0,203,23,570.0,0.0
6,39,2500,75,42,0,151,21,534.0,0.0
6,39,2600,80,45,1,139,21,506.0,439.14434601362177
6,39,2600,90,48,0,103,14,488.0,0.0
6,39,2500,80,36,0,181,32,630.0,0.0
6,39,2500,90,39,1,117,32,442.0,613.9432756397496
6,39,2500,80,41,0,139,19,590.0,0.0
6,39,2500,60,48,1,101,19,292.0,565.9677528216581
6,39,2500,70,47,1,209,16,492.0,132.9757198212043
6,39,2500,75,48,1,187,19,498.0,404.7968146977234
6,39,2500,85,50,0,139,17,498.0,0.0
6,39,2500,70,35,1,85,32,318.0,530.4054925818344
6,39,2500,75,38,1,109,32,472.0,588.4895327588118
6,39,2500,70,41,0,141,17,400.0,0.0
6,39,2500,70,42,1,93,25,424.0,314.467458597514
6,39,2500,65,43,0,139,21,548.0,0.0
6,39,2500,65,45,0,185,14,352.0,0.0
6,39,2500,75,47,0,193,16,524.0,0.0
6,39,2500,85,35,1,91,25,384.0,304.6625438119013
6,39,2500,80,36,0,135,27,508.0,0.0
6,39,2500,60,38,1,149,21,394.0,309.899256197888
6,39,2500,70,46,1,127,19,344.0,273.63799015137545
6,39,2500,90,44,0,145,19,448.0,0.0
6,39,2500,85,43,0,179,23,568.0,0.0
6,39,2500,80,49,1,139,22,440.0,282.2387574790912
6,39,2500,90,37,1,115,35,420.0,561.9784960947367
6,39,2500,65,42,0,283,25,646.0,0.0
6,39,2500,80,40,1,107,30,426.0,381.4692892732616
6,39,2500,85,44,0,183,24,580.0,0.0
6,39,2500,60,46,0,125,14,348.0,0.0
6,39,2500,65,49,1,95,19,308.0,286.60872145383405
6,39,2500,85,49,0,141,15,284.0,0.0
6,39,2500,70,37,1,173,36,570.0,555.3846970272342
6,39,2500,60,39,0,141,24,454.0,0.0
6,39,2500,80,39,0,143,26,578.0,0.0
6,39,2500,85,41,1,159,23,394.0,475.7725433101449
6,39,2500,90,42,1,111,27,454.0,437.73121803057353
6,39,2500,75,48,0,147,19,418.0,0.0
6,39,2500,65,48,1,135,15,382.0,384.251191786583
6,39,2400,60,38,1,103,27,394.0,340.73782431566775
6,39,2400,60,43,0,177,18,346.0,0.0
6,39,2500,60,45,1,133,21,498.0,363.3326104169991
6,39,2400,65,45,1,141,10,226.0,107.55839968480163
6,39,2500,90,47,0,243,22,712.0,0.0
6,39,2500,75,49,0,123,13,332.0,0.0
6,39,2400,70,45,0,129,16,430.0,0.0
6,39,2400,70,38,0,125,17,342.0,0.0
6,39,2400,85,45,0,131,18,432.0,0.0
6,39,2400,80,37,1,77,27,340.0,498.5052738369012
6,39,2400,60,42,1,141,19,280.0,267.7090551836591
6,39,2400,70,46,1,109,22,416.0,329.6197763550839
6,39,2400,70,44,0,131,16,380.0,0.0
6,39,2400,75,43,1,153,25,432.0,553.9036240124658
6,39,2400,80,37,1,153,32,562.0,460.30657897983156
6,39,2400,75,41,0,93,17,304.0,0.0
6,39,2400,75,41,1,85,20,286.0,319.3024010594774
6,39,2400,60,35,0,139,24,536.0,0.0
6,39,2400,65,42,0,185,28,552.0,0.0
6,39,2400,90,48,0,103,17,398.0,0.0
6,39,2400,85,46,1,139,15,424.0,304.7104581065831
6,39,2400,70,35,1,193,28,510.0,443.8993108039236
6,39,2400,90,38,0,185,28,646.0,0.0
6,39,2400,60,38,1,129,27,512.0,391.7587811135218
6,39,2400,65,42,0,185,18,384.0,0.0
6,39,2400,70,47,1,111,13,278.0,161.46429917081622
6,39,2400,70,41,1,133,21,440.0,403.5183886113973
6,39,2400,80,48,0,125,20,354.0,0.0
6,39,2400,70,43,0,129,16,424.0,0.0
6,39,2400,80,44,1,175,28,632.0,588.9432091887975
6,39,2400,85,37,1,95,30,412.0,399.057869732209
6,39,2400,60,36,0,211,22,566.0,0.0
6,39,2400,80,42,0,139,19,396.0,0.0
6,39,2400,85,48,0,159,12,322.0,0.0
6,39,2400,80,42,0,131,21,510.0,0.0
6,39,2400,85,47,1,89,29,446.0,551.0138079421241
6,39,2400,75,49,1,85,15,218.0,218.1582118102969
6,39,2400,60,38,0,131,23,430.0,0.0
6,39,2400,70,41,1,79,23,240.0,406.02951986640124
6,39,2400,70,42,1,91,21,400.0,232.62181063983826
6,39,2400,65,45,0,129,14,408.0,0.0
6,39,2400,60,47,1,101,22,384.0,345.0015016048189
6,39,2400,90,45,0,133,18,408.0,0.0
6,39,2300,60,46,1,87,17,282.0,270.1794301924761
6,39,2300,60,37,1,83,23,366.0,217.38537314992558
6,39,2300,85,39,0,123,22,364.0,0.0
6,39,2300,80,39,1,101,26,396.0,562.1036016126295
6,39,2300,90,40,0,167,18,414.0,0.0
6,39,2300,70,41,0,161,14,318.0,0.0
6,39,2300,65,40,0,125,15,314.0,0.0
6,39,2300,85,50,1,97,16,326.0,378.0895916093957
6,39,2300,70,40,0,169,17,500.0,0.0
6,39,2300,80,36,1,131,19,394.0,251.10164478647027
6,39,2300,70,39,0,131,20,358.0,0.0
6,39,2300,75,45,1,75,14,234.0,324.0930108945133
6,39,2300,70,50,1,121,10,222.0,305.14280579391396
6,39,2300,60,46,1,69,10,172.0,126.19586287291386
6,39,2300,75,50,0,95,12,364.0,0.0
6,39,2300,75,39,1,167,29,600.0,624.807443017431
6,39,2300,80,43,0,173,20,588.0,0.0
6,39,2300,70,45,0,171,16,412.0,0.0
6,39,2300,60,37,0,135,17,428.0,0.0
6,39,2300,60,39,0,123,20,366.0,0.0
6,39,2300,75,35,1,121,23,492.0,284.8544065104095
6,39,2300,75,41,0,173,19,424.0,0.0
6,39,2300,70,50,1,123,12,260.0,304.1947154929753
6,39,2300,85,50,1,77,17,258.0,538.7316508887684
6,39,2300,90,37,0,173,26,484.0,0.0
6,39,2300,65,38,1,167,28,486.0,376.09306304886377
6,39,2300,85,42,1,81,20,256.0,368.0574286368585
6,39,2300,65,40,1,201,20,430.0,248.83473679964482
6,39,2300,85,45,1,119,13,244.0,204.65459761705017
6,39,2300,80,50,0,87,8,170.0,0.0
6,39,2300,85,40,0,123,21,488.0,0.0
6,39,2300,65,39,0,131,21,586.0,0.0
6,39,2300,60,37,1,87,25,352.0,273.5324899721345
6,39,2300,60,42,0,113,12,326.0,0.0
6,39,2300,60,38,1,121,22,360.0,412.1089865602497
6,39,2300,80,37,0,175,27,724.0,0.0
6,39,2300,75,43,1,129,21,334.0,314.5022030347747
6,39,2300,60,46,0,169,11,262.0,0.0
6,39,2300,85,49,1,87,16,254.0,241.43642719272253
6,39,2300,65,37,0,129,21,500.0,0.0
6,39,2200,80,39,1,127,23,506.0,512.7654304002693
6,39,2200,70,49,0,113,13,306.0,0.0
6,39,2200,80,50,1,69,8,138.0,278.2921797139152
6,39,2200,85,50,0,117,16,380.0,0.0
6,39,2200,85,49,1,75,9,160.0,106.56197110980969
6,39,2200,90,49,1,107,14,284.0,179.52855935458507
6,39,2200,75,50,0,133,14,290.0,0.0
6,39,2200,75,41,0,79,11,316.0,0.0
6,39,2200,75,39,1,121,18,292.0,353.98385002028454
6,39,2200,70,41,1,81,22,306.0,368.304607749491
6,39,2200,75,43,0,127,16,278.0,0.0
6,39,2200,60,50,1,65,9,178.0,256.2848867986692
6,39,2200,85,42,0,171,20,454.0,0.0
6,39,2200,75,46,0,153,15,376.0,0.0
6,39,2200,60,37,1,75,17,250.0,176.90343203766187
6,39,2200,75,38,1,85,19,368.0,247.85481403398708
6,39,2200,85,41,0,165,23,458.0,0.0
6,39,2200,80,44,0,69,13,186.0,0.0
6,39,2200,80,38,0,121,22,404.0,0.0
6,39,2200,60,46,1,121,10,232.0,204.62203603490622
6,39,2200,60,50,1,85,9,226.0,182.5390002281651
6,39,2200,65,40,0,151,20,474.0,0.0
6,39,2200,60,37,1,71,19,258.0,294.4449170611055
6,39,2200,75,35,0,165,31,672.0,0.0
6,39,2200,65,41,0,81,13,288.0,0.0
6,39,2200,70,46,0,111,14,312.0,0.0
6,39,2200,75,48,1,81,8,224.0,246.74175016936107
6,39,2200,60,46,1,115,10,218.0,136.2385504903584
6,39,2200,80,35,0,247,27,588.0,0.0
6,39,2200,70,37,1,75,16,270.0,211.13592267784102
6,39,2200,75,40,1,113,19,468.0,279.81492136819764
6,39,2200,85,44,0,93,14,296.0,0.0
6,39,2200,65,45,1,79,16,232.0,280.02206327983305
6,39,2200,80,49,0,87,12,210.0,0.0
6,39,2200,60,44,1,123,18,424.0,482.4022036669363
6,39,2200,90,38,0,151,20,408.0,0.0
6,39,2100,65,35,1,115,21,332.0,271.5606504105698
6,39,2200,65,38,0,193,22,472.0,0.0
6,39,2100,90,36,1,65,24,308.0,269.5401274608483
6,39,2200,85,40,0,119,16,290.0,0.0
6,39,2200,75,37,1,129,26,482.0,322.7817257220737
6,39,2200,70,44,1,127,17,384.0,353.10628008913875
6,39,2100,80,47,0,75,10,284.0,0.0
6,39,2100,75,35,1,89,20,314.0,296.242010283847
6,39,2100,80,39,0,117,18,376.0,0.0
6,39,2100,70,38,0,111,17,260.0,0.0
6,39,2100,80,41,0,79,18,312.0,0.0
6,39,2100,80,45,0,81,8,202.0,0.0
6,39,2100,70,46,1,75,9,230.0,182.67457660388666
6,39,2100,70,50,1,183,15,350.0,245.13979760242105
6,39,2100,65,36,1,75,18,220.0,198.805919206164
6,39,2100,90,36,0,149,19,420.0,0.0
6,39,2100,80,42,0,79,11,202.0,0.0
6,39,2100,70,43,1,225,18,400.0,295.57694769293306
6,39,2100,70,46,1,85,13,220.0,177.73104877277498
6,39,2100,90,49,0,145,10,246.0,0.0
6,39,2100,75,49,1,47,9,204.0,105.91237628306286
6,39,2100,75,35,1,81,23,278.0,222.98965225516613
6,39,2100,90,35,0,145,24,450.0,0.0
6,39,2100,90,40,0,231,23,604.0,0.0
6,39,2100,85,46,0,115,10,288.0,0.0
6,39,2100,70,44,0,147,13,268.0,0.0
6,39,2100,85,50,1,63,10,178.0,188.73201768771543
6,39,2100,60,50,1,103,12,270.0,281.2255791786604
6,39,2100,60,35,1,117,16,304.0,183.0552990400011
6,39,2100,85,36,0,107,19,386.0,0.0
6,39,2100,90,37,0,163,24,566.0,0.0
6,39,2100,65,39,1,111,12,254.0,202.55415476000456
6,39,2100,90,47,0,119,20,334.0,0.0
6,39,2100,60,44,1,61,9,134.0,202.09684696335506
6,39,2100,70,42,1,151,19,382.0,323.838548675259
6,39,2100,70,38,0,153,12,348.0,0.0
6,39,2100,85,43,0,111,16,316.0,0.0
6,39,2100,70,38,0,79,16,312.0,0.0
6,39,2100,75,44,1,109,18,302.0,415.007184158759
6,39,2100,85,49,1,71,4,144.0,67.64196831977513
6,39,2100,60,49,1,69,7,128.0,83.86589118116562
6,39,2100,80,48,0,117,14,200.0,0.0
6,39,2000,90,35,1,69,22,256.0,271.2929786573545
6,39,2100,80,38,0,121,23,394.0,0.0
6,39,2100,70,50,1,87,14,194.0,324.66412127845024
6,39,2000,65,47,1,71,9,202.0,119.8465717476612
6,39,2000,90,47,1,83,15,238.0,157.8116224479889
6,39,2000,90,46,0,73,11,202.0,0.0
6,39,2000,65,50,0,75,13,244.0,0.0
6,39,2000,90,46,0,67,6,166.0,0.0
6,39,2000,60,38,1,83,14,188.0,148.2157443929422
6,39,2000,60,41,0,105,10,214.0,0.0
6,39,2000,90,48,0,93,7,172.0,0.0
6,39,2000,80,45,0,107,6,166.0,0.0
6,39,2000,85,47,1,97,13,198.0,125.7492086172595
6,39,2000,75,49,1,77,14,182.0,157.7615553412854
6,39,2000,85,35,0,149,21,456.0,0.0
6,39,2000,80,37,0,73,15,338.0,0.0
6,39,2000,60,44,0,79,9,228.0,0.0
6,39,2000,75,47,1,105,11,224.0,98.15748868598206
6,39,2000,60,50,1,45,6,112.0,185.1377475838224
6,39,2000,80,48,1,73,7,180.0,165.38897457203257
6,39,2000,60,48,1,77,6,112.0,215.67779633126082
6,39,2000,90,36,1,117,29,410.0,432.56218384626726
6,39,2000,90,41,0,77,15,242.0,0.0
6,39,2000,60,44,0,133,16,322.0,0.0
6,39,2000,65,45,0,153,16,522.0,0.0
6,39,2000,80,45,1,97,13,182.0,200.0941470738235
6,39,2000,80,42,1,79,21,268.0,308.62526893757035
6,39,2000,70,50,0,37,5,128.0,0.0
6,39,2000,70,38,1,103,25,332.0,371.47718711657376
6,39,2000,65,39,0,79,5,198.0,0.0
6,39,2000,60,42,1,97,13,240.0,217.98250064737005
6,39,2000,65,45,0,95,11,240.0,0.0
6,39,2000,90,47,0,67,14,212.0,0.0
6,39,2000,90,45,1,105,17,332.0,340.2924333568213
6,39,2000,90,41,1,91,21,230.0,252.89821616930593
6,39,2000,90,37,1,71,19,274.0,253.15786734273271
6,39,2000,85,45,0,63,9,170.0,0.0
6,39,2000,75,42,0,69,9,168.0,0.0
6,39,2000,85,44,0,101,10,182.0,0.0
6,39,2000,60,50,1,83,14,220.0,384.34093965029433
6,39,2000,60,49,0,153,14,264.0,0.0
6,39,2000,60,46,1,81,8,156.0,139.464225632108
6,39,1900,80,36,0,139,16,356.0,0.0
6,39,1900,80,37,1,73,16,266.0,181.1078316877688
6,39,1900,65,37,1,109,20,310.0,263.07027633284224
6,39,1900,85,43,1,73,15,244.0,228.2663781637621
6,39,1900,80,47,0,69,6,144.0,0.0
6,39,1900,70,50,1,77,8,148.0,175.120663967801
6,39,1900,75,50,0,113,12,244.0,0.0
6,39,1900,90,36,0,133,16,266.0,0.0
6,39,1900,65,35,1,105,19,258.0,238.1701945079149
6,39,1900,75,35,0,103,15,268.0,0.0
6,39,1900,60,37,0,87,12,220.0,0.0
6,39,1900,65,42,1,121,19,226.0,236.71652781401048
6,39,1900,60,42,1,65,9,228.0,125.77000322487113
6,39,1900,85,43,0,57,7,142.0,0.0
6,39,1900,75,38,0,103,13,234.0,0.0
6,39,1900,85,40,1,71,18,316.0,292.8443709083465
6,39,1900,65,39,1,111,6,176.0,197.09631423794008
6,39,1900,60,46,0,31,7,120.0,0.0
6,39,1900,60,44,1,91,8,180.0,251.0350877874308
6,39,1900,60,42,1,77,15,132.0,228.2064346756882
6,39,1900,75,41,0,137,16,310.0,0.0
6,39,1900,90,35,0,125,19,308.0,0.0
6,39,1900,75,35,0,133,21,316.0,0.0
6,39,1900,70,38,1,69,11,132.0,90.836072022871
6,39,1900,75,36,1,103,20,300.0,190.5756258945498
6,39,1900,80,37,0,125,12,224.0,0.0
6,39,1900,80,43,0,75,12,250.0,0.0
6,39,1900,75,40,1,89,15,314.0,198.19745860648186
6,39,1900,75,35,0,73,16,310.0,0.0
6,39,1900,80,41,1,67,18,212.0,329.15164684713227
6,39,1900,70,41,0,111,17,330.0,0.0
6,39,1900,85,47,1,73,10,74.0,120.9262344140964
6,39,1900,65,45,1,107,10,202.0,181.91612517144333
6,39,1900,85,48,1,51,7,142.0,156.15325214481845
6,39,1900,75,49,0,109,13,250.0,0.0
6,39,1900,65,41,0,35,9,172.0,0.0
6,39,1800,75,44,0,79,10,244.0,0.0
6,39,1900,60,45,1,37,7,174.0,221.41594803868836
6,39,1900,75,45,1,85,11,222.0,220.2856348109862
6,39,1800,75,46,1,61,10,154.0,117.68386934111811
6,39,1900,75,50,0,71,5,100.0,0.0
6,39,1900,65,47,0,107,8,206.0,0.0
6,39,1800,90,37,1,47,19,176.0,180.7643391180867
6,39,1800,90,36,0,99,13,228.0,0.0
6,39,1800,80,43,0,71,16,230.0,0.0
6,39,1800,60,43,1,105,9,272.0,139.64965698060595
6,39,1800,70,43,0,99,12,222.0,0.0
6,39,1800,90,47,1,69,7,114.0,123.25205181315441
6,39,1800,85,50,0,107,10,184.0,0.0
6,39,1800,90,49,1,83,8,120.0,84.01421415273812
6,39,1800,85,35,0,95,17,250.0,0.0
6,39,1800,65,47,1,71,9,140.0,107.54564671998888
6,39,1800,60,37,0,67,10,194.0,0.0
6,39,1800,60,44,1,137,9,166.0,218.81772322744774
6,39,1800,70,44,1,69,16,184.0,327.50993284601265
6,39,1800,75,48,0,97,9,192.0,0.0
6,39,1800,85,50,1,65,10,122.0,169.0374103911577
6,39,1800,70,39,1,89,16,244.0,349.11359671896935
6,39,1800,75,47,0,131,10,232.0,0.0
6,39,1800,60,36,1,95,21,256.0,184.2589330772698
6,39,1800,80,38,1,97,17,284.0,211.83428936059428
6,39,1800,70,38,0,69,13,232.0,0.0
6,39,1800,80,42,0,69,7,172.0,0.0
6,39,1800,65,48,0,69,8,106.0,0.0
6,39,1800,70,47,1,83,8,152.0,83.93919460413551
6,39,1800,65,37,0,103,15,198.0,0.0
6,39,1800,75,36,1,71,18,164.0,172.74445417020547
6,39,1800,65,40,1,59,8,152.0,98.62053414756717
6,39,1800,90,43,1,37,5,110.0,75.95618672599605
6,39,1800,70,45,0,55,8,178.0,0.0
6,39,1800,65,46,0,93,9,128.0,0.0
6,39,1800,90,48,0,85,10,216.0,0.0
6,39,1800,80,41,1,95,15,164.0,176.35705211657813
6,39,1800,80,48,0,215,15,282.0,0.0
6,39,1800,70,35,1,91,20,232.0,266.1779032279381
6,39,1800,85,39,0,65,7,140.0,0.0
6,39,1800,90,43,0,89,6,114.0,0.0
6,39,1700,75,43,1,85,12,144.0,157.33340770012987
6,39,1800,90,48,1,61,9,160.0,212.44351201426437
6,39,1800,70,47,1,83,10,146.0,113.88723408522691
6,39,1800,80,44,0,95,11,198.0,0.0
6,39,1700,60,43,0,95,11,188.0,0.0
6,39,1700,85,38,1,51,10,128.0,81.9889853091202
6,39,1700,60,42,1,51,8,110.0,150.828961441475
6,39,1700,80,45,0,95,9,174.0,0.0
6,39,1700,80,47,1,71,6,106.0,69.72442884466584
6,39,1700,65,47,0,113,9,202.0,0.0
6,39,1700,90,49,1,69,5,104.0,65.16171238875505
6,39,1700,75,49,0,63,4,92.0,0.0
6,39,1700,65,47,0,79,6,102.0,0.0
6,39,1700,65,42,0,65,5,100.0,0.0
6,39,1700,85,41,1,123,12,198.0,207.48385102732632
6,39,1700,75,44,1,73,8,104.0,164.96104185101603
6,39,1700,65,46,1,47,5,80.0,98.53732339140747
6,39,1700,85,46,0,65,11,220.0,0.0
6,39,1700,75,43,0,83,10,176.0,0.0
6,39,1700,80,50,1,71,9,164.0,155.77643909081965
6,39,1700,75,40,0,87,10,192.0,0.0
6,39,1700,70,44,0,59,3,90.0,0.0
6,39,1700,70,45,0,33,7,94.0,0.0
6,39,1700,70,45,0,119,7,120.0,0.0
6,39,1700,80,45,1,57,7,106.0,135.00718000363665
6,39,1700,60,39,1,43,4,106.0,118.25262359029308
6,39,1700,70,46,1,65,6,126.0,81.95720637774727
6,39,1700,90,35,1,39,10,124.0,74.14100194823277
6,39,1700,80,35,1,79,10,218.0,156.97051564726684
6,39,1700,90,40,1,67,9,168.0,135.36170874875708
6,39,1700,60,35,0,59,9,154.0,0.0
6,39,1700,75,47,0,39,7,102.0,0.0
6,39,1700,70,48,0,89,5,90.0,0.0
6,39,1700,90,48,1,47,8,132.0,267.18600279458377
6,39,1700,70,49,0,57,4,86.0,0.0
6,39,1700,80,35,1,67,13,196.0,110.50081247771004
6,39,1700,75,39,0,57,10,154.0,0.0
6,39,1700,70,40,1,83,14,216.0,188.93874501696789
6,39,1700,85,48,1,77,9,112.0,291.13021921276635
6,39,1700,75,49,0,83,6,110.0,0.0
6,39,1700,85,49,1,89,9,166.0,103.41775940050758
6,39,1700,70,47,0,59,8,122.0,0.0
6,39,1600,75,36,1,57,8,146.0,65.55964739493679
6,39,1600,90,37,1,81,15,230.0,228.90178319803786
6,39,1600,85,47,0,31,4,54.0,0.0
6,39,1600,60,50,0,85,7,142.0,0.0
6,39,1700,80,39,0,65,11,168.0,0.0
6,39,1600,60,44,1,49,8,118.0,159.47163086615745
6,39,1600,70,50,0,29,6,86.0,0.0
6,39,1600,90,36,0,177,18,328.0,0.0
6,39,1600,85,37,1,59,11,176.0,140.69459049336115
6,39,1600,85,38,1,51,6,114.0,62.94867036975803
6,39,1600,75,38,1,45,7,88.0,43.29477589633417
6,39,1600,90,48,0,55,10,168.0,0.0
6,39,1600,75,49,0,81,6,132.0,0.0
6,39,1600,65,46,1,61,4,88.0,55.29968749714669
6,39,1600,70,35,0,81,15,268.0,0.0
6,39,1600,90,36,0,57,11,146.0,0.0
6,39,1600,75,40,0,59,7,102.0,0.0
6,39,1600,60,36,1,85,8,120.0,66.90558346571518
6,39,1600,80,41,1,81,12,132.0,161.94304211202837
6,39,1600,75,44,1,51,4,70.0,102.95907499647886
6,39,1600,80,45,0,51,5,98.0,0.0
6,39,1600,65,38,0,133,8,166.0,0.0
6,39,1600,90,39,1,77,16,194.0,352.7018580073956
6,39,1600,60,39,1,65,8,118.0,208.80126655934268
6,39,1600,85,41,0,61,7,112.0,0.0
6,39,1600,85,49,1,29,1,30.0,10.140696085219105
6,39,1600,90,44,0,143,10,198.0,0.0
6,39,1600,85,44,1,97,10,156.0,284.68851298351734
6,39,1600,75,37,0,85,12,230.0,0.0
6,39,1600,75,39,1,41,7,100.0,195.17604026195238
6,39,1600,75,37,0,91,11,202.0,0.0
6,39,1600,65,48,1,61,9,94.0,166.54562730518472
6,39,1600,85,42,0,79,8,106.0,0.0
6,39,1600,90,44,0,61,6,104.0,0.0
6,39,1600,70,45,1,121,9,184.0,218.35184821247512
6,39,1600,60,39,0,29,6,100.0,0.0
6,39,1500,70,37,1,49,11,158.0,143.22290805494063
6,39,1600,70,41,1,63,6,64.0,122.86787847534279
6,39,1600,90,42,1,73,13,168.0,188.6056038928239
6,39,1600,85,43,0,55,10,184.0,0.0
6,39,1600,85,42,1,147,10,196.0,201.69581285599816
6,39,1600,65,48,0,89,7,182.0,0.0
6,39,1500,70,35,0,79,10,164.0,0.0
6,39,1500,85,43,1,95,10,148.0,149.2670965677996
6,39,1500,90,43,0,85,4,116.0,0.0
6,39,1500,85,47,1,97,8,140.0,71.70812744597875
6,39,1500,60,49,0,29,3,30.0,0.0
6,39,1500,85,48,0,57,7,108.0,0.0
6,39,1500,85,50,1,107,9,200.0,271.86445402361363
6,39,1500,90,37,1,41,10,104.0,109.1167803732283
6,39,1500,60,41,1,33,7,100.0,142.74265122191332
6,39,1500,85,43,1,41,11,134.0,172.72676621496768
6,39,1500,90,47,0,51,4,78.0,0.0
6,39,1500,90,50,0,81,6,134.0,0.0
6,39,1500,75,42,0,51,6,98.0,0.0
6,39,1500,65,50,1,107,5,108.0,112.72840243691421
6,39,1500,90,37,0,43,9,72.0,0.0
6,39,1500,65,44,1,81,7,112.0,192.71555381596585
6,39,1500,90,38,1,57,8,114.0,73.61043354564717
6,39,1500,80,45,0,59,7,136.0,0.0
6,39,1500,75,49,0,59,4,86.0,0.0
6,39,1500,60,47,1,27,2,36.0,0.0
6,39,1500,70,48,0,45,5,76.0,0.0
6,39,1500,90,36,1,81,10,152.0,83.91162785702782
6,39,1500,90,42,0,79,6,124.0,0.0
6,39,1500,70,45,1,65,5,118.0,103.61089289858525
6,39,1500,90,45,0,51,6,108.0,0.0
6,39,1500,80,47,0,95,6,96.0,0.0
6,39,1500,70,44,1,71,6,92.0,160.26416288445034
6,39,1500,85,48,1,99,5,128.0,174.82997650099153
6,39,1500,60,35,1,77,8,150.0,98.4583197551405
6,39,1500,80,44,0,35,4,60.0,0.0
6,39,1500,65,46,1,63,10,152.0,132.95693921054595
6,39,1500,70,48,0,35,4,52.0,0.0
6,39,1500,90,48,0,29,6,76.0,0.0
6,39,1500,80,48,1,29,3,82.0,60.77213447200842
6,39,1500,75,50,0,29,5,106.0,0.0
6,38,3000,80,38,1,87,38,442.0,587.1165806148418
6,38,3000,80,42,0,227,31,782.0,0.0
6,39,1500,85,45,1,57,6,88.0,93.10777522604639
6,39,1500,80,50,1,75,5,76.0,147.98838504749318
6,39,1500,90,50,0,79,6,80.0,0.0
6,39,1500,80,50,0,87,7,88.0,0.0
6,38,3000,65,49,1,115,28,516.0,517.7237100870311
6,38,3000,60,35,0,163,32,680.0,0.0
6,38,3000,80,36,1,97,36,458.0,452.60838604160443
6,38,3000,70,38,0,143,30,620.0,0.0
6,38,3000,90,44,1,109,32,488.0,697.2304942461716
6,38,3000,85,40,0,171,36,716.0,0.0
6,38,3000,70,43,1,165,30,580.0,463.9094574004521
6,38,3000,80,43,0,285,33,830.0,0.0
6,38,3000,60,36,1,133,37,536.0,530.4974017162616
6,38,3000,80,39,0,217,30,772.0,0.0
6,38,3000,75,45,1,165,28,610.0,722.6658983041824
6,38,3000,60,50,0,165,15,484.0,0.0
6,38,3000,75,47,0,177,29,606.0,0.0
6,38,3000,65,41,0,177,28,764.0,0.0
6,38,3000,80,44,1,129,29,514.0,672.7217917905173
6,38,3000,85,47,1,135,31,482.0,508.3320383354674
6,38,3000,85,38,1,95,35,368.0,533.2060379772101
6,38,3000,75,42,1,143,35,634.0,555.3049852269843
6,38,3000,85,42,0,163,28,708.0,0.0
6,38,3000,80,43,1,223,30,646.0,627.3751861325196
6,38,3000,65,50,0,207,18,512.0,0.0
6,38,3000,70,41,0,215,31,730.0,0.0
6,38,3000,80,40,1,175,36,600.0,710.805541162279
6,38,3000,90,39,1,215,29,514.0,518.2076616447731
6,38,3000,65,42,0,161,27,620.0,0.0
6,38,3000,70,46,0,147,20,542.0,0.0
6,38,3000,65,43,0,207,22,620.0,0.0
6,38,3000,60,48,1,119,20,388.0,399.6343149179353
6,38,3000,90,47,1,115,31,540.0,478.09626108869617
6,38,3000,85,48,0,169,25,520.0,0.0
6,38,3000,85,35,1,105,38,474.0,488.1186096012033
6,38,3000,75,43,1,117,32,500.0,529.0002944287353
6,38,3000,75,45,1,115,24,518.0,439.2461771900926
6,38,3000,65,42,0,223,28,796.0,0.0
6,38,3000,70,38,0,177,32,812.0,0.0
6,38,3000,85,48,1,165,31,558.0,740.5052509053463
6,38,3000,90,47,0,177,26,724.0,0.0
6,38,2900,90,35,1,121,37,510.0,580.9281435764065
6,38,2900,65,44,0,165,22,486.0,0.0
6,38,3000,65,44,0,169,16,656.0,0.0
6,38,2900,85,48,0,211,25,704.0,0.0
6,38,2900,60,47,1,107,18,276.0,398.2678790514001
6,38,2900,85,48,0,211,20,554.0,0.0
6,38,2900,90,47,1,101,29,486.0,699.5172962630654
6,38,2900,60,39,1,207,34,586.0,740.9085161440123
6,38,2900,70,37,1,91,38,484.0,583.1242681469035
6,38,2900,60,37,1,155,33,612.0,553.6394381091113
6,38,2900,70,37,0,281,32,862.0,0.0
6,38,2900,70,39,0,199,30,694.0,0.0
6,38,2900,60,50,1,127,20,550.0,608.8496792699642
6,38,2900,70,46,0,195,23,722.0,0.0
6,38,2900,85,35,0,193,37,662.0,0.0
6,38,2900,75,35,1,165,38,484.0,639.4627569610878
6,38,2900,60,38,0,197,27,754.0,0.0
6,38,2900,60,44,1,189,27,494.0,510.4299503991723
6,38,2900,85,45,1,85,22,386.0,557.3405435382191
6,38,2900,85,45,1,167,26,510.0,554.7131368515267
6,38,2900,65,49,0,157,16,510.0,0.0
6,38,2900,65,49,0,277,23,752.0,0.0
6,38,2900,85,35,0,155,33,624.0,0.0
6,38,2900,65,40,0,197,25,628.0,0.0
6,38,2900,80,44,1,219,27,562.0,660.7211394632383
6,38,2900,60,38,0,197,31,788.0,0.0
6,38,2900,70,44,0,167,23,664.0,0.0
6,38,2900,75,38,1,161,33,608.0,619.8820853155883
6,38,2900,65,45,1,153,25,510.0,514.2654652602783
6,38,2900,85,35,0,211,36,672.0,0.0
6,38,2900,60,39,1,213,28,722.0,710.6948416665767
6,38,2900,60,50,1,113,19,354.0,423.07512227552354
6,38,2900,65,50,1,165,21,426.0,603.1140514384513
6,38,2900,70,46,0,163,26,650.0,0.0
6,38,2900,65,49,0,245,25,846.0,0.0
6,38,2900,70,43,0,211,30,734.0,0.0
6,38,2900,85,50,1,173,25,546.0,579.157958295096
6,38,2900,60,37,1,203,35,676.0,643.2183994468213
6,38,2900,75,40,0,199,30,678.0,0.0
6,38,2800,80,39,1,109,37,436.0,810.8133354004036
6,38,2800,85,40,1,217,34,664.0,547.7413692045237
6,38,2800,85,39,0,215,28,806.0,0.0
6,38,2900,80,44,1,115,32,512.0,638.897636246723
6,38,2800,70,50,0,229,17,488.0,0.0
6,38,2900,60,49,0,245,20,462.0,0.0
6,38,2800,75,36,1,111,36,466.0,380.384650899527
6,38,2800,85,35,1,81,37,374.0,564.4654392042274
6,38,2800,80,38,0,155,27,508.0,0.0
6,38,2800,70,39,0,161,29,772.0,0.0
6,38,2800,85,47,1,259,26,598.0,422.61925292510534
6,38,2800,65,44,0,107,22,482.0,0.0
6,38,2800,65,49,0,199,19,478.0,0.0
6,38,2800,70,45,1,201,26,660.0,564.1116835181169
6,38,2800,75,36,1,101,36,482.0,499.8531409458282
6,38,2800,85,41,0,205,29,750.0,0.0
6,38,2800,65,42,1,121,29,602.0,516.029845706781
6,38,2800,65,43,1,105,27,534.0,553.743756710039
6,38,2800,85,44,0,197,28,666.0,0.0
6,38,2800,75,47,1,171,25,454.0,431.1097312427024
6,38,2800,90,50,0,189,21,390.0,0.0
6,38,2800,90,36,1,157,34,482.0,349.97631239202474
6,38,2800,80,43,0,213,25,576.0,0.0
6,38,2800,90,37,0,329,35,728.0,0.0
6,38,2800,85,45,1,125,19,414.0,334.9110050949097
6,38,2800,75,43,0,219,26,746.0,0.0
6,38,2800,65,45,1,161,24,592.0,538.7004186878539
6,38,2800,75,44,0,201,19,562.0,0.0
6,38,2800,60,35,0,193,31,680.0,0.0
6,38,2800,85,38,0,163,32,632.0,0.0
6,38,2800,85,40,1,111,31,518.0,364.70646562562865
6,38,2800,90,49,0,149,24,418.0,0.0
6,38,2800,75,40,1,123,34,506.0,600.8832862056978
6,38,2800,75,45,1,163,27,620.0,536.9224301789806
6,38,2800,70,44,1,165,34,632.0,594.955397507143
6,38,2800,75,35,0,155,27,624.0,0.0
6,38,2800,90,36,1,157,37,504.0,440.4069157782799
6,38,2800,70,38,1,133,36,566.0,573.7837195298449
6,38,2800,70,39,0,209,24,560.0,0.0
6,38,2800,70,44,0,151,18,578.0,0.0
6,38,2800,75,48,1,109,23,520.0,591.7362873845424
6,38,2800,60,49,0,217,21,566.0,0.0
6,38,2700,60,35,0,155,27,600.0,0.0
6,38,2700,85,38,1,173,34,426.0,427.1268572404468
6,38,2700,60,35,1,105,33,464.0,496.25629557578833
6,38,2700,80,47,1,123,20,434.0,267.29551133664535
6,38,2700,80,42,1,121,31,478.0,448.43441418268964
6,38,2700,60,47,0,153,11,348.0,0.0
6,38,2700,75,48,0,97,21,426.0,0.0
6,38,2700,60,39,0,101,25,476.0,0.0
6,38,2700,75,40,0,203,22,612.0,0.0
6,38,2700,75,42,1,115,25,492.0,430.3260827280808
6,38,2700,75,47,1,123,26,398.0,509.0240385762968
6,38,2700,90,44,0,195,25,530.0,0.0
6,38,2700,90,46,0,143,29,642.0,0.0
6,38,2700,70,49,1,101,18,300.0,297.86396752366323
6,38,2700,60,37,0,153,18,500.0,0.0
6,38,2700,90,36,0,139,33,622.0,0.0
6,38,2700,70,36,1,139,36,560.0,428.6857409942747
6,38,2700,65,44,1,101,20,474.0,386.99463366332935
6,38,2700,75,44,0,135,16,354.0,0.0
6,38,2700,90,50,1,101,21,368.0,397.5618817499602
6,38,2700,75,44,1,201,25,506.0,586.9269200268197
6,38,2700,85,36,0,195,33,782.0,0.0
6,38,2700,60,42,1,113,24,414.0,302.6400392431927
6,38,2700,85,38,1,203,31,624.0,393.6199804537836
6,38,2700,65,44,0,97,15,332.0,0.0
6,38,2700,80,43,1,153,18,432.0,352.23887654834743
6,38,2700,70,46,0,153,19,576.0,0.0
6,38,2700,85,48,0,147,20,520.0,0.0
6,38,2700,80,36,0,149,26,532.0,0.0
6,38,2700,60,36,1,209,26,598.0,373.97719565875985
6,38,2700,65,39,1,205,33,624.0,628.4499191075253
6,38,2700,70,47,1,155,17,370.0,222.58634770270518
6,38,2700,90,37,0,209,33,586.0,0.0
6,38,2700,70,47,1,135,21,332.0,289.27012749601175
6,38,2700,75,47,0,155,19,468.0,0.0
6,38,2600,60,36,0,133,27,514.0,0.0
6,38,2700,65,38,1,99,29,460.0,440.339285219235
6,38,2600,65,36,1,113,27,458.0,441.30397692798766
6,38,2700,70,39,1,105,28,484.0,720.8775039749228
6,38,2700,85,45,0,157,18,424.0,0.0
6,38,2700,70,45,0,153,22,476.0,0.0
6,38,2700,90,44,0,149,21,496.0,0.0
6,38,2600,60,37,1,79,27,340.0,411.65599023867304
6,38,2600,75,36,1,151,35,516.0,448.0960229224602
6,38,2600,70,35,0,199,31,690.0,0.0
6,38,2600,75,44,1,89,24,398.0,414.93438467619
6,38,2600,70,43,1,127,30,464.0,627.1228589535498
6,38,2600,90,47,0,135,18,424.0,0.0
6,38,2600,60,48,0,137,14,304.0,0.0
6,38,2600,65,37,0,189,20,468.0,0.0
6,38,2600,90,35,0,155,33,640.0,0.0
6,38,2600,90,38,1,107,33,574.0,527.497528953162
6,38,2600,85,41,0,187,23,490.0,0.0
6,38,2600,60,42,0,145,13,324.0,0.0
6,38,2600,80,42,1,111,32,496.0,570.2054004117812
6,38,2600,60,48,1,145,15,326.0,430.62813823222444
6,38,2600,75,50,1,97,19,358.0,485.44408341203956
6,38,2600,60,36,0,145,27,550.0,0.0
6,38,2600,75,37,0,149,29,588.0,0.0
6,38,2600,60,43,1,143,12,304.0,227.50420269055607
6,38,2600,80,40,0,199,25,628.0,0.0
6,38,2600,85,36,1,143,26,478.0,295.80540678180756
6,38,2600,80,41,1,157,22,444.0,378.0222651748644
6,38,2600,65,50,0,147,17,436.0,0.0
6,38,2600,65,40,0,127,22,464.0,0.0
6,38,2600,65,42,0,143,22,446.0,0.0
6,38,2600,80,43,1,139,29,506.0,418.36137372347923
6,38,2600,65,42,1,129,27,538.0,379.027222915469
6,38,2600,60,50,1,79,12,224.0,224.0660648535825
6,38,2600,75,49,1,103,16,308.0,195.01512195219598
6,38,2600,75,48,0,99,15,422.0,0.0
6,38,2600,65,35,0,131,24,488.0,0.0
6,38,2600,85,39,1,113,33,464.0,613.326549436782
6,38,2600,75,42,1,141,29,590.0,453.7269365484827
6,38,2600,90,40,0,199,27,506.0,0.0
6,38,2600,70,42,1,93,19,392.0,265.92766941434803
6,38,2600,90,43,0,197,21,578.0,0.0
6,38,2600,60,45,0,135,21,468.0,0.0
6,38,2600,65,37,1,103,35,510.0,472.13795861310547
6,38,2500,85,37,1,99,34,450.0,493.0487582802996
6,38,2500,90,40,1,179,28,468.0,377.0792367086569
6,38,2500,65,42,1,91,19,326.0,223.89613550959132
6,38,2600,90,40,0,195,19,682.0,0.0
6,38,2500,80,47,0,143,15,402.0,0.0
6,38,2500,75,50,0,99,9,338.0,0.0
6,38,2500,65,35,0,231,28,728.0,0.0
6,38,2500,85,35,0,97,25,450.0,0.0
6,38,2500,60,39,0,173,19,506.0,0.0
6,38,2500,75,40,1,157,33,488.0,469.34735038343905
6,38,2500,60,39,0,181,24,582.0,0.0
6,38,2500,75,44,1,137,24,456.0,435.39866303302546
6,38,2500,60,44,1,97,18,332.0,391.62105155315413
6,38,2500,70,50,1,85,11,240.0,307.2783177262905
6,38,2500,75,35,0,145,31,662.0,0.0
6,38,2500,60,35,1,79,24,322.0,248.35668665188575
6,38,2500,80,47,1,127,15,292.0,167.2925178209828
6,38,2500,80,36,1,77,37,368.0,524.491391157656
6,38,2500,80,46,0,95,18,318.0,0.0
6,38,2500,85,47,0,111,17,454.0,0.0
6,38,2500,65,36,0,153,21,458.0,0.0
6,38,2500,85,37,0,135,24,400.0,0.0
6,38,2500,90,41,1,111,28,428.0,562.4350482010655
6,38,2500,90,45,1,103,30,418.0,480.68706346819596
6,38,2500,90,38,0,149,24,696.0,0.0
6,38,2500,60,50,0,89,9,258.0,0.0
6,38,2500,85,41,1,105,31,364.0,710.1771670674444
6,38,2500,80,42,1,159,23,450.0,339.80950837485864
6,38,2500,90,35,1,179,32,496.0,487.041388309394
6,38,2500,80,39,1,105,25,478.0,569.0291816795283
6,38,2500,80,36,1,113,32,436.0,420.75965844244274
6,38,2500,60,41,0,143,18,372.0,0.0
6,38,2500,65,45,0,137,14,406.0,0.0
6,38,2500,80,50,0,99,16,326.0,0.0
6,38,2500,75,46,0,145,17,442.0,0.0
6,38,2500,65,38,0,141,23,680.0,0.0
6,38,2500,80,38,1,95,35,442.0,513.3804409349127
6,38,2500,85,43,0,141,24,548.0,0.0
6,38,2500,85,46,1,185,19,382.0,320.4006465284121
6,38,2500,70,46,1,185,20,562.0,287.6650640129836
6,38,2500,80,48,0,95,15,328.0,0.0
6,38,2400,70,49,1,129,18,354.0,264.3196150765286
6,38,2400,65,35,1,101,30,370.0,537.1023487955431
6,38,2400,60,39,0,135,12,340.0,0.0
6,38,2400,75,38,0,95,23,528.0,0.0
6,38,2400,65,41,0,119,8,162.0,0.0
6,38,2400,65,36,1,87,31,436.0,360.861327763261
6,38,2400,80,45,1,113,21,332.0,355.2537945779215
6,38,2400,90,48,0,139,15,392.0,0.0
6,38,2400,90,35,0,135,27,570.0,0.0
6,38,2400,90,41,0,127,25,420.0,0.0
6,38,2400,70,43,0,129,11,350.0,0.0
6,38,2400,80,43,1,223,28,532.0,486.0156960834734
6,38,2400,90,43,1,109,23,366.0,354.10671260983696
6,38,2400,65,44,1,111,19,338.0,535.5056483843322
6,38,2400,90,49,1,93,15,390.0,256.52167473079544
6,38,2400,70,42,1,121,17,446.0,239.96945981494397
6,38,2400,70,39,0,131,22,508.0,0.0
6,38,2400,75,45,1,115,12,284.0,240.60060091837545
6,38,2400,65,41,1,155,15,294.0,194.8094210661788
6,38,2400,80,47,0,93,17,314.0,0.0
6,38,2400,70,50,0,93,15,390.0,0.0
6,38,2400,60,44,0,177,15,334.0,0.0
6,38,2400,60,40,1,61,15,246.0,212.582946981021
6,38,2400,70,43,0,115,14,320.0,0.0
6,38,2400,75,45,0,177,18,426.0,0.0
6,38,2400,75,44,0,139,17,466.0,0.0
6,38,2400,65,45,1,81,13,264.0,307.85181893178355
6,38,2400,70,50,1,87,12,254.0,202.18136696519187
6,38,2400,70,45,1,127,16,466.0,381.6834515843352
6,38,2400,70,36,0,89,25,480.0,0.0
6,38,2400,70,35,1,125,29,400.0,401.89186093100585
6,38,2400,60,40,1,91,24,364.0,349.9939848566574
6,38,2400,60,43,1,101,16,340.0,218.544772132635
6,38,2400,90,42,0,173,18,418.0,0.0
6,38,2400,75,46,0,165,18,560.0,0.0
6,38,2400,85,50,0,137,15,434.0,0.0
6,38,2400,80,41,0,163,20,472.0,0.0
6,38,2400,75,46,1,71,14,238.0,158.6904386053765
6,38,2300,90,48,0,83,13,330.0,0.0
6,38,2300,90,46,1,169,18,336.0,190.7652762138768
6,38,2400,80,49,1,115,14,268.0,219.77493871737605
6,38,2300,60,49,1,109,9,234.0,105.33160945540008
6,38,2400,80,49,0,125,10,306.0,0.0
6,38,2300,80,36,0,129,21,416.0,0.0
6,38,2300,75,36,1,133,29,532.0,308.6655004733066
6,38,2300,75,42,0,123,15,290.0,0.0
6,38,2300,80,40,1,129,25,460.0,334.11473155964393
6,38,2300,90,36,0,177,25,534.0,0.0
6,38,2300,70,40,0,119,17,402.0,0.0
6,38,2300,60,45,1,87,18,344.0,420.3656141638943
6,38,2300,70,41,1,135,15,322.0,312.7490048595631
6,38,2300,90,42,0,91,15,308.0,0.0
6,38,2300,90,42,1,175,30,446.0,483.7563966022852
6,38,2300,85,46,1,85,16,360.0,292.514976040084
6,38,2300,65,48,0,75,8,162.0,0.0
6,38,2300,75,49,1,93,13,296.0,223.78954857224304
6,38,2300,60,47,0,119,8,288.0,0.0
6,38,2300,90,35,0,169,19,392.0,0.0
6,38,2300,65,39,1,101,18,356.0,410.2981569907405
6,38,2300,60,38,0,175,16,372.0,0.0
6,38,2300,80,37,1,157,25,392.0,481.49879649998746
6,38,2300,80,42,0,87,15,334.0,0.0
6,38,2300,70,43,0,81,16,340.0,0.0
6,38,2300,75,49,1,59,8,184.0,119.93255967184497
6,38,2300,80,46,1,133,24,442.0,285.21876193578277
6,38,2300,60,36,1,115,20,382.0,273.9037894462317
6,38,2300,60,38,0,123,20,442.0,0.0
6,38,2300,70,41,0,131,21,450.0,0.0
6,38,2300,70,40,1,113,23,468.0,362.08416456273244
6,38,2300,90,47,0,131,17,328.0,0.0
6,38,2300,80,47,0,125,15,374.0,0.0
6,38,2300,80,44,1,79,15,260.0,310.5463403510804
6,38,2300,60,38,0,123,16,418.0,0.0
6,38,2300,60,46,1,165,9,294.0,89.95174740660401
6,38,2300,80,38,1,209,30,682.0,517.0216332085183
6,38,2300,80,38,1,121,17,368.0,228.77334400061952
6,38,2300,80,40,0,91,17,398.0,0.0
6,38,2300,85,41,1,121,26,340.0,564.0648672235413
6,38,2300,70,50,0,151,11,252.0,0.0
6,38,2300,70,45,0,129,16,336.0,0.0
6,38,2200,65,41,0,107,13,312.0,0.0
6,38,2200,80,40,1,107,25,306.0,378.50351657641926
6,38,2200,85,44,1,95,25,392.0,482.8718730321673
6,38,2200,75,47,0,125,12,258.0,0.0
6,38,2200,70,40,1,117,28,540.0,384.2748458584467
6,38,2200,70,47,1,75,7,186.0,70.05331157584236
6,38,2200,75,49,0,121,8,232.0,0.0
6,38,2200,70,42,0,163,18,452.0,0.0
6,38,2200,90,36,0,159,25,538.0,0.0
6,38,2200,85,40,1,81,25,314.0,339.96545042391585
6,38,2200,60,47,0,123,9,282.0,0.0
6,38,2200,80,45,1,65,17,230.0,361.596298989373
6,38,2200,75,44,0,149,10,280.0,0.0
6,38,2200,85,45,1,105,15,282.0,326.75613391087484
6,38,2200,90,50,1,83,12,240.0,300.1927615891249
6,38,2200,80,42,0,197,19,486.0,0.0
6,38,2200,90,41,0,85,17,320.0,0.0
6,38,2200,60,37,0,83,14,274.0,0.0
6,38,2200,90,42,1,95,20,294.0,265.6293439621994
6,38,2200,85,40,0,111,20,318.0,0.0
6,38,2200,60,44,1,95,15,246.0,295.4599815674849
6,38,2200,75,50,1,115,17,292.0,421.41545138862796
6,38,2200,80,50,1,79,12,236.0,228.79916527206478
6,38,2200,75,44,0,121,16,344.0,0.0
6,38,2200,60,37,0,111,20,428.0,0.0
6,38,2200,85,35,1,83,36,366.0,495.2807746234986
6,38,2200,90,42,0,199,23,516.0,0.0
6,38,2200,65,43,1,121,18,362.0,329.5373035956656
6,38,2200,85,48,0,103,13,258.0,0.0
6,38,2200,65,50,1,85,10,170.0,212.61192584398674
6,38,2200,85,48,1,85,18,304.0,348.9128934392654
6,38,2200,75,36,0,81,14,314.0,0.0
6,38,2200,90,44,1,139,20,310.0,384.4663412158731
6,38,2200,85,45,1,75,15,252.0,226.9600597425712
6,38,2200,70,48,0,111,10,232.0,0.0
6,38,2200,75,47,0,105,9,184.0,0.0
6,38,2200,65,46,0,73,5,150.0,0.0
6,38,2200,70,44,1,81,14,288.0,300.3849448559103
6,38,2200,60,46,1,87,13,270.0,208.76946466165097
6,38,2100,85,36,0,117,18,458.0,0.0
6,38,2100,80,37,1,167,28,468.0,351.33685374476954
6,38,2100,85,46,0,69,12,166.0,0.0
6,38,2100,60,41,1,121,15,426.0,242.44060940210375
6,38,2100,90,45,0,145,13,304.0,0.0
6,38,2200,70,44,0,167,14,270.0,0.0
6,38,2100,70,45,1,145,17,420.0,383.55941741883703
6,38,2100,80,35,1,83,27,290.0,358.6856736771068
6,38,2100,85,38,1,95,21,322.0,307.6176258934353
6,38,2100,85,44,0,147,15,296.0,0.0
6,38,2100,65,49,1,81,9,124.0,155.96950210535178
6,38,2100,60,38,0,155,16,488.0,0.0
6,38,2100,60,48,1,75,16,138.0,349.50686985529893
6,38,2100,75,48,0,113,10,226.0,0.0
6,38,2100,85,43,0,111,12,226.0,0.0
6,38,2100,65,37,1,155,26,412.0,420.86584278286574
6,38,2100,65,40,1,101,14,226.0,146.50738431269977
6,38,2100,85,40,1,111,17,326.0,231.26545969551876
6,38,2100,85,43,1,99,22,310.0,314.64402940579964
6,38,2100,85,43,0,123,14,370.0,0.0
6,38,2100,90,45,0,79,15,338.0,0.0
6,38,2100,70,45,0,73,10,148.0,0.0
6,38,2100,75,40,0,117,16,372.0,0.0
6,38,2100,65,38,0,153,14,266.0,0.0
6,38,2100,80,40,1,79,20,274.0,211.2374591842358
6,38,2100,60,41,0,103,15,290.0,0.0
6,38,2100,80,38,0,115,12,280.0,0.0
6,38,2100,75,44,1,75,13,262.0,382.6839566406214
6,38,2100,80,49,1,59,11,158.0,148.89991781995087
6,38,2100,80,36,0,183,18,380.0,0.0
6,38,2100,85,41,1,127,25,352.0,334.5425311134916
6,38,2100,90,39,0,101,15,360.0,0.0
6,38,2100,90,44,1,77,19,270.0,495.08125021226783
6,38,2100,85,43,0,203,19,368.0,0.0
6,38,2100,60,46,1,109,8,140.0,122.01524124470563
6,38,2100,80,49,1,117,14,240.0,208.32058118814342
6,38,2100,60,35,0,159,19,346.0,0.0
6,38,2100,80,37,0,77,15,324.0,0.0
6,38,2100,85,39,0,77,12,224.0,0.0
6,38,2000,80,37,1,75,22,226.0,284.7863452171079
6,38,2100,70,44,1,41,7,142.0,158.96077516976203
6,38,2100,75,35,1,109,22,304.0,224.97012101479515
6,38,2000,75,35,0,137,17,364.0,0.0
6,38,2000,90,40,0,105,14,330.0,0.0
6,38,2000,60,39,1,151,9,254.0,229.54050657972073
6,38,2000,80,42,0,75,5,126.0,0.0
6,38,2000,80,44,1,89,12,254.0,300.96653674139714
6,38,2000,70,46,0,77,8,194.0,0.0
6,38,2000,60,48,1,87,7,156.0,153.9381804600019
6,38,2000,75,46,1,75,15,252.0,192.73989303251057
6,38,2000,60,36,0,111,17,332.0,0.0
6,38,2000,65,36,0,101,15,236.0,0.0
6,38,2000,75,36,1,113,26,338.0,275.5195263606281
6,38,2000,90,40,1,75,18,268.0,214.72083762363593
6,38,2000,80,43,0,147,13,220.0,0.0
6,38,2000,85,44,1,83,10,192.0,184.33211694052835
6,38,2000,85,44,0,145,14,296.0,0.0
6,38,2000,60,36,1,59,12,186.0,102.05244800279009
6,38,2000,85,37,0,105,18,420.0,0.0
6,38,2000,90,40,1,121,19,292.0,284.324787993531
6,38,2000,60,43,0,113,10,220.0,0.0
6,38,2000,85,47,1,89,15,198.0,267.6170261401949
6,38,2000,70,42,1,55,13,140.0,232.34514193197143
6,38,2000,80,49,0,75,4,104.0,0.0
6,38,2000,70,41,0,95,21,274.0,0.0
6,38,2000,75,48,0,63,8,102.0,0.0
6,38,2000,70,44,0,113,11,244.0,0.0
6,38,2000,85,48,1,99,10,184.0,271.9344262819402
6,38,2000,75,44,0,115,12,286.0,0.0
6,38,2000,85,50,1,105,8,194.0,158.5769819160106
6,38,2000,85,50,1,39,5,134.0,124.7100469168227
6,38,2000,90,37,0,77,16,302.0,0.0
6,38,2000,65,47,1,59,6,164.0,67.09307320522655
6,38,2000,70,41,1,103,12,178.0,190.00613397145202
6,38,2000,60,39,0,111,9,222.0,0.0
6,38,2000,75,46,0,105,8,208.0,0.0
6,38,2000,80,47,1,97,15,232.0,198.67487510163858
6,38,2000,75,50,1,77,8,212.0,282.2574341332019
6,38,2000,75,35,1,77,16,260.0,326.7381082449066
6,38,1900,80,39,0,75,14,224.0,0.0
6,38,2000,90,37,0,119,16,310.0,0.0
6,38,1900,75,37,1,77,20,234.0,182.78587779234982
6,38,2000,65,44,0,117,11,236.0,0.0
6,38,1900,70,49,1,75,10,202.0,145.536639696565
6,38,1900,60,47,0,103,8,210.0,0.0
6,38,1900,90,36,0,99,15,276.0,0.0
6,38,1900,80,39,1,109,21,294.0,423.9558774332914
6,38,1900,70,43,0,141,16,370.0,0.0
6,38,1900,90,37,0,139,16,340.0,0.0
6,38,1900,85,49,1,45,8,146.0,76.20840910052357
6,38,1900,75,50,1,103,20,304.0,402.32441683991664
6,38,1900,65,48,1,55,3,74.0,105.84900889355558
6,38,1900,90,35,1,125,28,420.0,385.5799974458356
6,38,1900,65,36,1,103,19,288.0,189.40141004864003
6,38,1900,80,39,1,109,16,332.0,385.1534405761813
6,38,1900,90,42,0,69,9,238.0,0.0
6,38,1900,70,43,0,109,12,218.0,0.0
6,38,1900,70,47,0,143,8,210.0,0.0
6,38,1900,70,50,0,63,9,170.0,0.0
6,38,1900,70,35,0,111,15,288.0,0.0
6,38,1900,65,36,1,149,18,330.0,164.51702352675764
6,38,1900,75,41,1,85,17,260.0,363.4124613580285
6,38,1900,75,42,1,75,17,280.0,274.31313858352127
6,38,1900,65,48,0,63,10,134.0,0.0
6,38,1900,70,45,0,79,9,180.0,0.0
6,38,1900,80,50,1,49,9,184.0,278.97395602835644
6,38,1900,75,35,1,69,17,288.0,126.93080120723101
6,38,1900,70,44,1,107,16,278.0,384.46193635162757
6,38,1900,85,37,0,111,18,276.0,0.0
6,38,1900,70,42,0,71,10,200.0,0.0
6,38,1900,85,48,0,71,10,268.0,0.0
6,38,1900,60,46,1,71,8,140.0,114.40997782306523
6,38,1900,90,47,0,65,9,200.0,0.0
6,38,1900,90,41,1,89,16,298.0,344.4987500041943
6,38,1900,80,37,1,133,26,352.0,366.22208476864944
6,38,1900,75,35,1,71,19,268.0,217.82311496806423
6,38,1900,60,38,0,103,14,230.0,0.0
6,38,1900,60,44,0,97,13,320.0,0.0
6,38,1900,65,47,0,71,9,142.0,0.0
6,38,1900,85,47,1,97,11,236.0,169.29065244896594
6,38,1800,90,38,1,79,20,228.0,289.50425036923593
6,38,1800,80,39,0,105,12,200.0,0.0
6,38,1800,90,41,0,121,18,252.0,0.0
6,38,1800,90,43,1,59,9,164.0,156.24029424834467
6,38,1800,60,43,0,35,2,64.0,0.0
6,38,1800,80,48,1,67,8,130.0,203.84942632846622
6,38,1900,90,47,0,35,5,98.0,0.0
6,38,1800,75,35,0,101,13,304.0,0.0
6,38,1800,80,37,0,127,12,286.0,0.0
6,38,1800,80,36,1,81,8,124.0,82.9658894473432
6,38,1800,90,39,1,165,14,282.0,360.7784704857131
6,38,1800,60,41,1,35,4,106.0,107.87909620709117
6,38,1800,70,48,1,67,9,152.0,230.11959363135023
6,38,1800,70,48,0,31,4,84.0,0.0
6,38,1800,60,37,1,99,16,224.0,192.24594701921293
6,38,1800,75,43,1,115,15,204.0,231.20829409725656
6,38,1800,70,41,0,59,10,176.0,0.0
6,38,1800,80,38,1,83,14,202.0,135.23761007581757
6,38,1800,75,43,0,87,5,88.0,0.0
6,38,1800,60,45,0,43,3,74.0,0.0
6,38,1800,80,45,0,33,3,34.0,0.0
6,38,1800,65,35,0,103,20,298.0,0.0
6,38,1800,70,42,0,103,8,196.0,0.0
6,38,1800,65,39,1,65,10,246.0,293.99253331127017
6,38,1800,60,47,1,41,8,98.0,64.47990861464362
6,38,1800,90,48,0,67,6,102.0,0.0
6,38,1800,60,47,1,41,4,76.0,74.98825743262447
6,38,1800,90,50,1,65,5,154.0,96.64300824662905
6,38,1800,75,37,1,95,22,332.0,316.5253210406229
6,38,1800,85,38,0,105,15,238.0,0.0
6,38,1800,90,38,1,99,14,250.0,202.12497560014762
6,38,1800,65,40,0,113,8,168.0,0.0
6,38,1800,65,41,0,35,5,104.0,0.0
6,38,1800,75,46,1,35,4,88.0,103.39766767257044
6,38,1800,70,46,0,85,11,148.0,0.0
6,38,1700,75,35,1,65,9,154.0,119.0130532775142
6,38,1800,75,38,1,73,16,230.0,160.75246779244537
6,38,1800,75,38,1,57,9,158.0,181.18438778119818
6,38,1800,75,41,1,81,19,248.0,277.37667308893464
6,38,1800,80,45,0,125,9,188.0,0.0
6,38,1800,65,44,0,99,8,200.0,0.0
6,38,1800,75,47,0,97,8,208.0,0.0
6,38,1700,70,35,1,93,17,248.0,218.3171937238737
6,38,1700,75,36,0,31,5,88.0,0.0
6,38,1700,90,36,1,59,22,244.0,305.27078223852675
6,38,1700,60,43,1,47,7,104.0,96.07449306315121
6,38,1700,70,38,0,81,11,226.0,0.0
6,38,1700,90,45,0,103,10,194.0,0.0
6,38,1700,60,47,0,55,3,86.0,0.0
6,38,1700,80,40,1,75,9,190.0,106.12609175987157
6,38,1700,90,45,0,37,5,128.0,0.0
6,38,1700,65,43,0,87,6,138.0,0.0
6,38,1700,60,42,1,67,4,68.0,110.8623374886799
6,38,1700,85,45,0,53,8,102.0,0.0
6,38,1700,60,46,1,51,7,116.0,114.97149239329832
6,38,1700,70,48,1,79,7,138.0,222.80181927582152
6,38,1700,75,35,0,129,16,314.0,0.0
6,38,1700,80,44,1,65,11,204.0,217.76709043777907
6,38,1700,90,38,1,77,14,146.0,104.10646730739683
6,38,1700,90,45,0,77,10,168.0,0.0
6,38,1700,70,42,1,93,11,158.0,164.66100209969684
6,38,1700,85,47,0,77,8,142.0,0.0
6,38,1700,90,49,0,59,8,134.0,0.0
6,38,1700,85,37,0,83,9,140.0,0.0
6,38,1700,85,37,1,63,7,176.0,119.41879825305949
6,38,1700,70,41,1,95,13,186.0,158.45241236545348
6,38,1700,70,42,0,65,9,210.0,0.0
6,38,1700,75,47,1,75,7,156.0,115.14146123028178
6,38,1700,75,40,1,61,8,158.0,105.33403925665317
6,38,1700,90,37,0,121,16,336.0,0.0
6,38,1700,85,35,0,79,14,184.0,0.0
6,38,1700,75,40,0,63,9,150.0,0.0
6,38,1700,65,37,1,43,10,116.0,72.30900941310796
6,38,1700,75,38,1,65,15,176.0,142.3874713668072
6,38,1700,85,50,0,57,4,124.0,0.0
6,38,1700,80,38,0,91,14,208.0,0.0
6,38,1700,70,49,1,61,4,90.0,40.44243779132698
6,38,1600,65,37,0,103,8,154.0,0.0
6,38,1600,65,38,1,57,11,150.0,163.5514426654644
6,38,1700,90,41,0,87,6,136.0,0.0
6,38,1600,85,48,1,59,10,90.0,186.65492138775076
6,38,1700,80,46,0,61,8,200.0,0.0
6,38,1700,90,49,1,85,11,216.0,128.022975304497
6,38,1700,65,45,1,89,9,156.0,189.59728035505964
6,38,1600,85,44,0,109,5,110.0,0.0
6,38,1600,60,48,1,0,0,0.0,0.0
6,38,1600,65,46,0,43,5,96.0,0.0
6,38,1600,80,46,1,53,5,100.0,81.88513163915613
6,38,1600,70,41,1,35,7,114.0,157.39166448514698
6,38,1600,70,50,0,57,4,58.0,0.0
6,38,1600,75,50,0,73,9,178.0,0.0
6,38,1600,65,36,1,57,8,142.0,63.01494613890659
6,38,1600,85,42,0,123,10,176.0,0.0
6,38,1600,80,45,0,61,11,172.0,0.0
6,38,1600,85,46,1,43,3,74.0,53.14988590356144
6,38,1600,75,50,1,57,6,154.0,178.18173437494696
6,38,1600,75,50,1,97,7,158.0,144.32049551199742
6,38,1600,80,50,0,55,4,82.0,0.0
6,38,1600,60,39,0,79,6,80.0,0.0
6,38,1600,90,44,1,77,10,168.0,302.77885760763525
6,38,1600,70,48,1,53,4,108.0,152.05541711203276
6,38,1600,90,49,1,29,3,60.0,22.635081519524427
6,38,1600,75,47,0,61,6,104.0,0.0
6,38,1600,85,46,0,145,14,176.0,0.0
6,38,1600,65,49,0,35,2,36.0,0.0
6,38,1600,90,39,0,61,9,140.0,0.0
6,38,1600,75,39,1,71,8,160.0,197.7405278156204
6,38,1600,60,43,1,37,4,68.0,70.37123789875506
6,38,1600,85,47,0,51,5,74.0,0.0
6,38,1600,60,47,1,77,4,96.0,33.1669742250957
6,38,1600,80,49,1,49,4,72.0,48.59288205346672
6,38,1600,90,49,0,59,5,108.0,0.0
6,38,1600,80,36,0,53,13,188.0,0.0
6,38,1600,70,38,0,43,3,74.0,0.0
6,38,1600,75,37,0,75,7,132.0,0.0
6,38,1600,70,42,1,67,5,98.0,77.36341652979657
6,38,1600,70,37,1,73,15,186.0,180.77824839090488
6,38,1600,85,49,1,57,10,118.0,96.01669494514277
6,38,1600,80,39,0,53,7,124.0,0.0
6,38,1500,80,36,1,123,17,220.0,159.48724550583032
6,38,1500,90,38,0,135,15,266.0,0.0
6,38,1500,65,42,1,45,4,74.0,46.478369025614285
6,38,1500,75,39,0,89,10,196.0,0.0
6,38,1600,60,45,1,91,5,92.0,99.84188860268144
6,38,1600,85,50,0,17,2,18.0,0.0
6,38,1500,70,46,1,51,3,74.0,57.5281039057992
6,38,1500,70,39,1,77,9,124.0,220.10942788239316
6,38,1500,75,40,0,55,7,108.0,0.0
6,38,1500,80,39,0,69,6,100.0,0.0
6,38,1500,80,43,0,77,10,134.0,0.0
6,38,1500,70,48,0,49,8,80.0,0.0
6,38,1500,70,50,1,27,3,80.0,89.91336997627064
6,38,1500,85,50,1,35,7,100.0,205.7443835382542
6,38,1500,60,36,0,73,5,74.0,0.0
6,38,1500,75,37,1,55,8,140.0,117.86015204083773
6,38,1500,65,43,1,61,11,106.0,99.12527694583382
6,38,1500,60,49,0,47,6,76.0,0.0
6,38,1500,90,49,1,75,7,136.0,89.21322183217261
6,38,1500,80,50,0,133,9,186.0,0.0
6,38,1500,75,47,1,45,3,64.0,24.604816580592406
6,38,1500,80,40,0,27,7,74.0,0.0
6,38,1500,60,36,1,41,16,146.0,129.19160371216228
6,38,1500,85,41,1,39,9,130.0,207.53917743380632
6,38,1500,65,42,1,67,11,168.0,177.9930105581235
6,38,1500,75,44,0,65,4,66.0,0.0
6,38,1500,65,44,0,59,5,136.0,0.0
6,38,1500,85,47,0,31,2,32.0,0.0
6,38,1500,85,38,1,79,3,80.0,41.06490208399668
6,38,1500,60,37,0,55,7,126.0,0.0
6,38,1500,85,41,0,81,7,166.0,0.0
6,38,1500,60,44,0,59,3,60.0,0.0
6,38,1500,75,43,1,77,10,160.0,178.36363907287503
6,38,1500,65,48,1,79,4,80.0,111.54841562579682
6,38,1500,80,48,1,77,7,134.0,155.85592624954396
6,38,1500,65,48,0,27,3,50.0,0.0
6,38,1500,65,35,0,73,11,154.0,0.0
6,38,1500,60,39,0,51,7,108.0,0.0
6,37,3000,65,39,1,175,34,624.0,760.7835686181219
6,38,1500,90,41,1,35,6,90.0,150.41372430790955
6,38,1500,60,41,0,133,13,298.0,0.0
6,38,1500,85,42,1,37,6,84.0,99.20623768777395
6,38,1500,70,43,1,51,8,152.0,67.70828518717276
6,37,3000,75,35,0,155,28,410.0,0.0
6,37,3000,75,35,0,169,37,764.0,0.0
6,37,3000,85,42,1,119,35,568.0,594.3497733601596
6,37,3000,75,44,0,217,31,850.0,0.0
6,37,3000,90,45,1,107,31,440.0,529.2766515981052
6,37,3000,65,46,1,111,16,378.0,278.8269077529329
6,37,3000,65,46,1,109,24,464.0,453.8522856585486
6,37,3000,70,48,0,213,26,686.0,0.0
6,37,3000,80,35,0,231,36,802.0,0.0
6,37,3000,65,35,0,219,34,718.0,0.0
6,37,3000,90,41,1,163,34,582.0,721.307274073396
6,37,3000,80,41,0,111,33,476.0,0.0
6,37,3000,85,42,1,143,33,538.0,557.6423572249865
6,37,3000,75,40,0,163,25,582.0,0.0
6,37,3000,65,44,1,153,22,604.0,434.26658004110067
6,37,3000,60,41,0,195,20,628.0,0.0
6,37,3000,90,46,1,173,30,480.0,498.3251301258813
6,37,3000,65,36,0,159,30,624.0,0.0
6,37,3000,70,41,1,177,34,586.0,737.952539844186
6,37,3000,75,46,1,113,33,588.0,515.4603089224757
6,37,3000,90,49,1,115,26,500.0,421.7779495892849
6,37,3000,90,40,1,229,36,618.0,616.4374623599181
6,37,3000,65,46,0,117,13,380.0,0.0
6,37,3000,90,47,0,155,27,594.0,0.0
6,37,3000,70,50,1,177,21,512.0,462.1323560020638
6,37,3000,70,47,0,145,18,584.0,0.0
6,37,3000,70,36,1,93,37,420.0,522.5085250100666
6,37,3000,75,42,0,153,25,596.0,0.0
6,37,3000,85,37,0,233,31,694.0,0.0
6,37,3000,60,39,1,103,32,488.0,637.4176494302217
6,37,3000,85,36,1,91,28,336.0,386.80920543883406
6,37,3000,70,50,0,179,23,612.0,0.0
6,37,3000,90,49,0,113,22,446.0,0.0
6,37,2900,75,35,1,109,36,470.0,565.2496104570712
6,37,3000,75,36,1,91,36,440.0,425.8520613553424
6,37,3000,75,36,1,95,35,494.0,467.40430855358517
6,37,3000,70,38,1,93,36,454.0,643.5578901531903
6,37,3000,65,45,0,165,22,620.0,0.0
6,37,3000,90,41,0,163,29,542.0,0.0
6,37,3000,65,42,0,171,25,690.0,0.0
6,37,2900,60,36,1,201,37,574.0,633.134217780511
6,37,2900,75,36,1,213,29,524.0,399.34279700086915
6,37,2900,60,40,0,167,20,658.0,0.0
6,37,2900,80,40,0,205,34,734.0,0.0
6,37,2900,70,47,1,99,24,402.0,457.87900377710287
6,37,2900,75,48,0,185,19,596.0,0.0
6,37,2900,90,49,0,141,26,576.0,0.0
6,37,2900,60,35,1,89,36,406.0,580.860909915182
6,37,2900,70,38,1,115,34,480.0,653.1216021744201
6,37,2900,70,44,0,183,19,520.0,0.0
6,37,2900,80,46,0,215,26,612.0,0.0
6,37,2900,80,47,0,201,26,768.0,0.0
6,37,2900,85,50,1,161,26,676.0,530.9724049318768
6,37,2900,65,49,1,151,20,402.0,364.69030890854464
6,37,2900,60,37,0,161,29,622.0,0.0
6,37,2900,60,35,0,159,29,512.0,0.0
6,37,2900,60,37,1,143,29,512.0,541.0506840708459
6,37,2900,60,36,1,211,33,614.0,535.9762485911937
6,37,2900,60,39,1,165,33,630.0,697.3050802020822
6,37,2900,75,40,0,219,31,720.0,0.0
6,37,2900,60,45,1,119,21,496.0,486.42660854588905
6,37,2900,90,43,0,211,30,780.0,0.0
6,37,2900,80,35,1,121,33,496.0,510.8848822826028
6,37,2900,80,40,0,273,31,760.0,0.0
6,37,2900,70,43,1,111,24,444.0,383.50740835205926
6,37,2900,90,45,0,157,21,560.0,0.0
6,37,2900,85,46,1,143,29,450.0,381.546451146066
6,37,2900,75,43,0,157,25,562.0,0.0
6,37,2900,75,49,0,167,21,566.0,0.0
6,37,2900,60,36,1,95,26,390.0,330.0360693648703
6,37,2900,75,41,1,103,30,320.0,501.66892727370106
6,37,2900,60,37,0,213,30,742.0,0.0
6,37,2900,80,43,1,167,24,468.0,435.866465269903
6,37,2900,85,41,0,273,30,794.0,0.0
6,37,2900,65,45,0,197,19,568.0,0.0
6,37,2900,90,49,1,107,37,512.0,720.5314540913298
6,37,2900,80,35,1,153,36,564.0,585.364920022016
6,37,2800,60,39,1,105,25,458.0,462.8031028963789
6,37,2800,80,39,1,105,31,490.0,662.3902238802135
6,37,2900,85,39,0,267,32,780.0,0.0
6,37,2800,65,40,0,263,34,964.0,0.0
6,37,2800,90,47,0,157,23,610.0,0.0
6,37,2900,80,45,0,145,20,498.0,0.0
6,37,2800,70,37,0,193,31,602.0,0.0
6,37,2800,85,41,0,275,30,828.0,0.0
6,37,2800,85,44,1,105,27,456.0,740.8564179634917
6,37,2800,70,45,0,147,21,452.0,0.0
6,37,2800,75,48,1,123,17,388.0,379.9581735726578
6,37,2800,70,49,1,105,19,422.0,284.6925191210727
6,37,2800,75,49,1,85,16,276.0,176.20927675859465
6,37,2800,60,36,0,163,30,538.0,0.0
6,37,2800,85,40,0,207,22,660.0,0.0
6,37,2800,80,43,1,113,31,504.0,632.7649648173667
6,37,2800,65,41,1,83,24,430.0,462.96310127542074
6,37,2800,85,42,0,155,26,672.0,0.0
6,37,2800,80,45,1,169,28,484.0,573.9725732919895
6,37,2800,60,45,0,151,17,438.0,0.0
6,37,2800,70,40,1,133,31,540.0,499.06829090472786
6,37,2800,90,42,0,151,28,672.0,0.0
6,37,2800,75,44,0,103,19,370.0,0.0
6,37,2800,75,46,1,103,17,364.0,297.3600576223276
6,37,2800,65,49,1,91,19,308.0,262.5716838693415
6,37,2800,60,49,1,137,20,292.0,289.4287645774714
6,37,2800,70,49,0,101,19,478.0,0.0
6,37,2800,75,35,1,101,37,426.0,575.9462238150855
6,37,2800,70,39,0,205,28,712.0,0.0
6,37,2800,70,41,1,119,31,454.0,536.5423214188295
6,37,2800,90,41,1,139,30,422.0,605.254304008469
6,37,2800,85,45,0,109,24,560.0,0.0
6,37,2800,80,44,0,245,28,618.0,0.0
6,37,2800,90,44,0,151,22,554.0,0.0
6,37,2800,70,37,1,115,32,426.0,440.1214231095143
6,37,2800,90,38,1,153,35,546.0,641.236691677155
6,37,2800,70,37,0,149,31,542.0,0.0
6,37,2800,90,42,0,149,33,510.0,0.0
6,37,2800,90,39,0,157,30,586.0,0.0
6,37,2800,65,42,1,107,16,322.0,224.32274935317486
6,37,2800,85,48,1,155,18,552.0,353.39933953261067
6,37,2700,65,39,0,209,24,584.0,0.0
6,37,2700,70,39,0,195,24,584.0,0.0
6,37,2800,65,45,0,181,25,576.0,0.0
6,37,2700,80,43,1,127,17,382.0,279.63317459734327
6,37,2700,75,39,1,157,29,460.0,540.4535964708177
6,37,2700,75,49,1,129,20,336.0,308.1269379005623
6,37,2700,90,49,0,205,30,618.0,0.0
6,37,2700,85,35,1,89,33,416.0,483.4396619486442
6,37,2700,85,38,1,93,35,424.0,594.407994508576
6,37,2700,90,41,0,145,25,454.0,0.0
6,37,2700,60,35,0,263,29,726.0,0.0
6,37,2700,65,49,0,151,17,424.0,0.0
6,37,2700,90,43,1,195,18,478.0,327.4338715298543
6,37,2700,80,49,1,139,16,422.0,252.6029041396545
6,37,2700,80,37,0,149,15,448.0,0.0
6,37,2700,60,47,1,75,13,280.0,221.40536661751705
6,37,2700,75,35,1,127,31,530.0,426.72396898459084
6,37,2700,60,39,0,143,20,428.0,0.0
6,37,2700,75,45,0,153,19,548.0,0.0
6,37,2700,85,43,1,119,28,480.0,518.9277471460758
6,37,2700,70,45,1,95,19,398.0,342.1757205081387
6,37,2700,85,46,0,213,19,504.0,0.0
6,37,2700,90,37,0,203,28,544.0,0.0
6,37,2700,90,43,1,143,31,468.0,456.5759768807563
6,37,2700,85,43,0,123,21,540.0,0.0
6,37,2700,70,40,1,137,26,456.0,362.24143562014115
6,37,2700,85,43,1,137,28,516.0,592.2237640443872
6,37,2700,75,50,0,107,17,446.0,0.0
6,37,2700,60,47,0,203,17,490.0,0.0
6,37,2700,65,35,0,195,27,640.0,0.0
6,37,2700,90,35,1,89,33,468.0,466.2384316230652
6,37,2700,90,37,1,145,32,560.0,484.0256582673672
6,37,2700,85,39,1,109,32,500.0,521.4327225622794
6,37,2700,90,42,1,91,30,404.0,360.0767781482404
6,37,2700,60,46,0,153,18,506.0,0.0
6,37,2700,85,49,0,153,15,418.0,0.0
6,37,2600,80,38,0,249,30,624.0,0.0
6,37,2700,75,40,0,159,23,666.0,0.0
6,37,2700,90,39,0,201,31,674.0,0.0
6,37,2700,85,41,0,137,25,584.0,0.0
6,37,2700,75,44,1,151,27,592.0,437.3768723408502
6,37,2600,75,45,1,97,30,348.0,561.5891953880331
6,37,2700,80,50,1,119,26,490.0,722.767751666485
6,37,2600,60,35,1,141,33,434.0,420.70186097774047
6,37,2600,70,37,1,137,31,516.0,476.6590618131887
6,37,2600,65,38,0,149,21,482.0,0.0
6,37,2600,75,44,1,111,20,262.0,381.10750487268615
6,37,2600,70,43,0,111,19,480.0,0.0
6,37,2600,70,49,0,129,11,258.0,0.0
6,37,2600,75,47,1,79,16,252.0,292.29488768998266
6,37,2600,70,39,1,121,28,374.0,547.6045651572125
6,37,2600,90,43,1,113,23,364.0,346.2061756593548
6,37,2600,75,42,1,95,24,404.0,312.7256863988117
6,37,2600,85,42,0,151,21,384.0,0.0
6,37,2600,60,49,0,95,13,314.0,0.0
6,37,2600,90,45,0,145,19,506.0,0.0
6,37,2600,80,50,0,131,18,380.0,0.0
6,37,2600,90,35,1,85,34,306.0,432.5951246281641
6,37,2600,85,40,1,103,33,382.0,431.900945969657
6,37,2600,80,42,0,95,17,384.0,0.0
6,37,2600,75,43,0,139,17,496.0,0.0
6,37,2600,85,44,1,133,28,490.0,643.1468282770686
6,37,2600,85,43,0,125,24,640.0,0.0
6,37,2600,90,47,1,99,13,314.0,278.68123614713227
6,37,2600,80,39,1,193,24,526.0,500.35043664452536
6,37,2600,70,37,0,191,26,564.0,0.0
6,37,2600,90,40,0,143,29,638.0,0.0
6,37,2600,90,46,0,253,22,648.0,0.0
6,37,2600,65,47,1,111,15,282.0,250.36298456843858
6,37,2600,85,43,0,245,25,626.0,0.0
6,37,2600,70,41,1,103,28,378.0,515.7906334689914
6,37,2600,65,42,1,141,24,412.0,333.08891035838275
6,37,2600,60,38,1,117,29,508.0,483.85388328014966
6,37,2600,85,40,0,229,24,576.0,0.0
6,37,2600,80,39,1,151,30,460.0,539.5247606586905
6,37,2600,90,45,1,143,23,400.0,390.76502967715703
6,37,2600,75,50,0,173,15,406.0,0.0
6,37,2600,65,47,0,193,16,334.0,0.0
6,37,2600,90,44,0,147,21,578.0,0.0
6,37,2600,75,40,1,125,25,506.0,327.6547892461917
6,37,2500,70,35,0,185,24,508.0,0.0
6,37,2500,85,39,1,95,25,426.0,488.23066106376655
6,37,2500,90,42,0,143,25,546.0,0.0
6,37,2600,65,46,0,107,12,342.0,0.0
6,37,2500,65,49,1,141,12,314.0,137.19452859261926
6,37,2500,85,44,1,133,21,434.0,554.1820397148588
6,37,2500,75,35,0,185,24,554.0,0.0
6,37,2500,90,42,1,107,22,404.0,351.6687246702581
6,37,2500,75,42,0,273,24,514.0,0.0
6,37,2500,70,42,0,87,20,348.0,0.0
6,37,2500,65,41,1,179,19,478.0,315.28361049457766
6,37,2500,75,47,1,91,18,260.0,273.6195608938959
6,37,2500,65,49,1,81,20,384.0,300.1076268273578
6,37,2500,70,49,0,225,14,400.0,0.0
6,37,2500,65,45,0,173,19,434.0,0.0
6,37,2500,60,42,0,133,14,364.0,0.0
6,37,2500,80,46,0,167,13,348.0,0.0
6,37,2500,80,46,1,93,20,288.0,318.86169638595044
6,37,2500,75,43,0,331,25,710.0,0.0
6,37,2500,85,48,1,219,14,422.0,429.7228866747809
6,37,2500,75,50,1,155,13,388.0,328.23001525317864
6,37,2500,70,36,0,133,30,520.0,0.0
6,37,2500,90,47,1,127,22,478.0,370.78062582012853
6,37,2500,65,36,1,115,34,432.0,410.92226353341414
6,37,2500,60,38,0,123,14,376.0,0.0
6,37,2500,90,41,1,123,24,468.0,340.9190778963056
6,37,2500,90,44,0,165,23,528.0,0.0
6,37,2500,60,45,0,141,10,328.0,0.0
6,37,2500,75,49,1,143,20,530.0,330.17677788408497
6,37,2500,85,47,1,89,20,406.0,286.9242671779743
6,37,2500,80,39,0,143,26,628.0,0.0
6,37,2500,70,37,0,239,31,578.0,0.0
6,37,2500,90,41,1,109,25,396.0,588.2599181363654
6,37,2500,60,41,1,99,24,368.0,366.50477004155636
6,37,2500,85,43,1,93,26,316.0,512.3151150133567
6,37,2500,80,47,0,131,16,426.0,0.0
6,37,2500,65,47,0,225,20,562.0,0.0
6,37,2500,70,37,0,185,27,790.0,0.0
6,37,2400,75,40,0,123,20,374.0,0.0
6,37,2500,75,43,0,243,23,538.0,0.0
6,37,2400,60,44,1,105,17,330.0,486.140133388777
6,37,2500,70,47,1,189,21,354.0,381.6615508067743
6,37,2500,90,47,1,97,17,358.0,285.95015144545255
6,37,2400,90,46,1,143,16,420.0,200.78839981975239
6,37,2400,85,37,0,177,26,494.0,0.0
6,37,2400,75,40,1,95,29,386.0,346.40901692960665
6,37,2400,90,47,1,147,23,384.0,276.49807571578407
6,37,2400,85,45,1,223,16,346.0,281.64035871134837
6,37,2400,85,50,0,119,12,280.0,0.0
6,37,2400,80,48,0,143,12,318.0,0.0
6,37,2400,90,50,0,133,19,526.0,0.0
6,37,2400,80,35,1,189,28,562.0,414.7898154948742
6,37,2400,70,42,1,81,14,204.0,183.99750997146216
6,37,2400,80,46,0,73,10,158.0,0.0
6,37,2400,70,46,1,135,14,322.0,190.55775162580463
6,37,2400,85,48,0,137,17,370.0,0.0
6,37,2400,85,47,0,129,17,386.0,0.0
6,37,2400,90,50,1,173,19,464.0,382.467369918585
6,37,2400,70,39,1,109,21,346.0,387.61834546566496
6,37,2400,60,44,0,87,14,308.0,0.0
6,37,2400,85,38,0,133,24,516.0,0.0
6,37,2400,60,47,0,85,11,242.0,0.0
6,37,2400,70,43,1,121,23,414.0,296.8899156918383
6,37,2400,80,48,0,93,14,386.0,0.0
6,37,2400,70,49,1,71,16,204.0,163.27407078901584
6,37,2400,65,37,1,97,21,382.0,310.7871781617751
6,37,2400,75,39,0,123,16,320.0,0.0
6,37,2400,60,39,0,133,15,390.0,0.0
6,37,2400,90,41,1,119,23,414.0,540.361372958251
6,37,2400,80,45,1,93,16,296.0,396.99497028959496
6,37,2400,80,46,0,131,15,372.0,0.0
6,37,2400,90,47,1,75,18,256.0,257.88554799134477
6,37,2400,70,46,0,93,16,300.0,0.0
6,37,2400,80,39,1,177,13,496.0,305.83622773489896
6,37,2400,80,42,1,131,18,374.0,264.2746750797492
6,37,2400,80,47,1,135,27,374.0,371.0892159059193
6,37,2400,60,47,1,137,9,284.0,146.1577222670625
6,37,2400,90,38,0,223,27,614.0,0.0
6,37,2400,60,48,0,95,13,324.0,0.0
6,37,2400,60,45,0,175,18,494.0,0.0
6,37,2300,60,37,0,167,21,422.0,0.0
6,37,2300,90,36,1,95,34,420.0,464.6514277195379
6,37,2300,60,47,1,89,20,290.0,316.76622002596775
6,37,2400,75,46,0,69,15,196.0,0.0
6,37,2300,90,49,1,117,17,278.0,203.9630394135631
6,37,2300,85,48,0,125,12,298.0,0.0
6,37,2300,65,47,0,151,11,234.0,0.0
6,37,2300,70,35,0,131,20,442.0,0.0
6,37,2300,60,38,1,89,29,364.0,408.106704531903
6,37,2300,80,39,0,133,24,440.0,0.0
6,37,2300,75,42,0,101,17,302.0,0.0
6,37,2300,85,42,1,95,23,358.0,254.57919667503938
6,37,2300,85,43,0,125,15,382.0,0.0
6,37,2300,70,45,1,125,11,214.0,203.65720338263026
6,37,2300,85,47,1,101,17,220.0,272.6906254947929
6,37,2300,90,36,1,129,31,430.0,493.06045387217534
6,37,2300,60,39,0,129,20,430.0,0.0
6,37,2300,80,37,1,81,19,258.0,334.4677550653118
6,37,2300,85,39,1,203,29,524.0,564.8825103229572
6,37,2300,80,47,1,141,13,292.0,193.84602888959685
6,37,2300,60,44,0,127,9,248.0,0.0
6,37,2300,70,47,0,135,10,306.0,0.0
6,37,2300,85,37,0,173,21,478.0,0.0
6,37,2300,75,40,0,167,20,580.0,0.0
6,37,2300,60,43,1,95,14,212.0,284.2860743569949
6,37,2300,80,45,1,99,11,202.0,252.55844015492642
6,37,2300,85,46,0,95,15,406.0,0.0
6,37,2300,85,47,1,97,18,250.0,229.63517252638655
6,37,2300,60,48,0,89,8,204.0,0.0
6,37,2300,70,37,0,89,16,344.0,0.0
6,37,2300,75,36,0,127,18,354.0,0.0
6,37,2300,65,38,1,91,22,366.0,275.9062458810767
6,37,2300,90,36,1,97,33,380.0,392.1748002764267
6,37,2300,65,43,1,85,17,226.0,240.75469959597152
6,37,2300,90,45,0,89,10,256.0,0.0
6,37,2300,90,49,1,77,18,300.0,208.8888048943944
6,37,2200,70,35,0,195,22,438.0,0.0
6,37,2300,65,36,0,169,17,408.0,0.0
6,37,2300,85,37,1,155,26,580.0,303.3841558357617
6,37,2300,60,37,0,161,18,392.0,0.0
6,37,2200,90,37,1,125,26,418.0,514.9062340718015
6,37,2300,90,38,1,131,29,354.0,521.3441345656738
6,37,2300,85,41,0,171,19,408.0,0.0
6,37,2200,75,42,0,125,16,346.0,0.0
6,37,2200,65,41,1,85,13,298.0,253.69778674914966
6,37,2200,80,46,1,81,12,200.0,155.34475894522103
6,37,2200,90,44,0,97,9,272.0,0.0
6,37,2200,80,48,0,105,10,228.0,0.0
6,37,2200,70,47,1,69,12,234.0,175.0270880118136
6,37,2200,65,49,1,79,3,114.0,62.4318368602078
6,37,2200,60,36,0,83,20,360.0,0.0
6,37,2200,85,39,1,123,20,300.0,421.1336274699375
6,37,2200,75,39,0,117,21,396.0,0.0
6,37,2200,75,41,1,81,24,254.0,363.71039130989783
6,37,2200,80,47,0,61,7,144.0,0.0
6,37,2200,90,48,1,93,18,300.0,384.5178679049785
6,37,2200,80,44,0,155,19,482.0,0.0
6,37,2200,80,38,1,163,22,404.0,352.6678510797109
6,37,2200,65,43,0,147,17,338.0,0.0
6,37,2200,75,42,0,163,22,516.0,0.0
6,37,2200,85,45,0,115,14,346.0,0.0
6,37,2200,70,48,1,81,13,278.0,354.7686496789929
6,37,2200,60,46,1,63,13,264.0,155.8626796374076
6,37,2200,60,40,1,61,15,220.0,190.03827923779028
6,37,2200,60,35,0,111,12,270.0,0.0
6,37,2200,60,35,0,119,21,472.0,0.0
6,37,2200,70,44,1,71,12,188.0,226.46749094701696
6,37,2200,80,47,0,133,14,302.0,0.0
6,37,2200,85,42,0,115,13,318.0,0.0
6,37,2200,85,46,1,111,12,368.0,183.52482529449463
6,37,2200,85,48,1,103,11,226.0,255.10257277725577
6,37,2200,90,37,1,125,23,432.0,291.9302804259919
6,37,2200,90,44,1,167,20,382.0,413.1989936357046
6,37,2200,60,43,1,57,9,172.0,176.757253229298
6,37,2200,85,46,0,77,16,234.0,0.0
6,37,2200,80,45,0,109,13,302.0,0.0
6,37,2200,90,48,1,67,5,106.0,136.0920897595958
6,37,2200,80,50,0,155,15,242.0,0.0
6,37,2200,65,35,1,145,26,396.0,310.13289114538156
6,37,2100,80,38,0,79,6,116.0,0.0
6,37,2200,60,40,0,121,19,428.0,0.0
6,37,2100,60,35,1,107,18,320.0,223.9955413966272
6,37,2100,70,48,1,83,9,160.0,140.50652723062856
6,37,2200,70,50,0,81,9,230.0,0.0
6,37,2100,65,46,0,103,13,292.0,0.0
6,37,2100,80,36,1,85,21,300.0,248.39282774188547
6,37,2100,75,38,1,77,13,240.0,163.94258993192275
6,37,2100,80,42,0,73,11,226.0,0.0
6,37,2100,60,46,1,69,17,190.0,257.3839383564033
6,37,2100,80,44,0,153,6,196.0,0.0
6,37,2100,60,40,1,75,16,250.0,202.51112070075806
6,37,2100,85,46,0,107,15,244.0,0.0
6,37,2100,90,38,0,67,13,174.0,0.0
6,37,2100,60,36,1,103,29,462.0,433.2275936874876
6,37,2100,75,38,0,113,16,300.0,0.0
6,37,2100,90,38,1,163,28,432.0,444.1504563140924
6,37,2100,75,39,0,115,19,414.0,0.0
6,37,2100,90,45,1,109,13,274.0,247.82187895110886
6,37,2100,75,44,0,137,13,368.0,0.0
6,37,2100,65,36,1,79,18,326.0,171.47344302101718
6,37,2100,70,40,0,93,13,210.0,0.0
6,37,2100,65,44,1,107,11,222.0,233.3446710127441
6,37,2100,85,48,0,83,8,224.0,0.0
6,37,2100,90,48,0,193,18,448.0,0.0
6,37,2100,65,44,1,121,10,226.0,236.30558103880716
6,37,2100,60,49,0,129,6,166.0,0.0
6,37,2100,65,45,1,65,8,202.0,140.51174906477857
6,37,2100,90,47,1,79,14,306.0,192.92821705576472
6,37,2100,85,35,1,121,21,360.0,209.9895470238393
6,37,2100,85,37,0,193,20,446.0,0.0
6,37,2100,75,36,1,97,14,166.0,132.13268994041067
6,37,2100,80,39,0,153,18,454.0,0.0
6,37,2100,75,46,0,101,12,240.0,0.0
6,37,2100,65,38,1,141,21,440.0,212.81078875007606
6,37,2100,90,47,1,135,23,356.0,418.6569812394057
6,37,2100,75,49,0,57,6,96.0,0.0
6,37,2100,75,36,0,87,14,302.0,0.0
6,37,2100,90,45,0,107,12,300.0,0.0
6,37,2000,80,38,1,93,17,300.0,163.6109038695011
6,37,2000,65,36,1,111,17,270.0,208.2065541137409
6,37,2100,80,48,1,83,11,280.0,235.46046757306635
6,37,2100,90,49,1,75,11,228.0,151.9456746796874
6,37,2000,60,40,0,101,13,268.0,0.0
6,37,2100,80,45,0,73,9,168.0,0.0
6,37,2000,60,46,0,107,8,180.0,0.0
6,37,2000,90,40,1,77,18,272.0,154.34492625133976
6,37,2000,80,45,1,69,10,190.0,212.78082063569707
6,37,2000,70,45,1,83,8,186.0,220.94259211781775
6,37,2000,75,49,0,35,4,96.0,0.0
6,37,2000,90,48,0,103,7,176.0,0.0
6,37,2000,65,48,1,79,10,242.0,411.41331539264894
6,37,2000,80,48,0,83,11,248.0,0.0
6,37,2000,80,35,1,83,21,266.0,233.4109477143934
6,37,2000,80,36,0,71,18,320.0,0.0
6,37,2000,65,36,1,103,23,390.0,200.12689105801888
6,37,2000,65,38,1,103,20,362.0,289.6196403122961
6,37,2000,60,36,0,77,13,308.0,0.0
6,37,2000,60,48,0,65,6,106.0,0.0
6,37,2000,60,48,0,157,10,228.0,0.0
6,37,2000,75,42,1,113,16,264.0,188.50245726257066
6,37,2000,75,39,0,177,14,298.0,0.0
6,37,2000,85,44,1,113,15,324.0,416.4338632282389
6,37,2000,60,48,1,33,1,34.0,34.49064153051852
6,37,2000,85,47,0,63,4,134.0,0.0
6,37,2000,75,49,1,99,8,218.0,89.22677146940792
6,37,2000,90,48,0,111,12,282.0,0.0
6,37,2000,90,36,0,103,22,414.0,0.0
6,37,2000,65,39,0,61,11,144.0,0.0
6,37,2000,60,46,1,81,11,172.0,137.14032607103354
6,37,2000,75,39,0,141,12,322.0,0.0
6,37,2000,75,49,0,99,11,214.0,0.0
6,37,2000,80,49,1,73,8,208.0,147.42691759682876
6,37,2000,60,47,1,51,6,112.0,119.41767092863381
6,37,2000,75,37,0,135,10,216.0,0.0
6,37,2000,75,39,0,157,14,302.0,0.0
6,37,2000,70,39,1,139,12,266.0,269.7033760283414
6,37,2000,75,43,0,77,7,174.0,0.0
6,37,2000,85,42,1,77,15,236.0,194.4673744723562
6,37,2000,60,44,1,83,11,162.0,225.06443437884715
6,37,2000,70,47,1,95,9,170.0,160.96815132128313
6,37,1900,65,35,0,105,12,334.0,0.0
6,37,1900,85,41,1,111,10,234.0,211.12322953730873
6,37,1900,65,41,1,37,6,124.0,100.32924332035462
6,37,1900,80,47,0,99,15,210.0,0.0
6,37,1900,70,48,1,73,8,140.0,258.0239141317364
6,37,2000,65,45,0,93,6,148.0,0.0
6,37,1900,70,48,1,107,13,206.0,306.6751972874652
6,37,1900,65,44,0,127,13,266.0,0.0
6,37,1900,75,37,0,73,12,284.0,0.0
6,37,1900,60,41,0,105,9,178.0,0.0
6,37,1900,70,41,0,73,9,184.0,0.0
6,37,1900,65,45,0,71,12,178.0,0.0
6,37,1900,90,46,1,101,13,238.0,183.54489413767016
6,37,1900,60,46,1,69,8,182.0,130.00031351494948
6,37,1900,60,46,1,63,6,118.0,66.5839140322843
6,37,1900,90,37,0,107,17,314.0,0.0
6,37,1900,70,42,1,87,16,240.0,211.73118077568114
6,37,1900,70,41,0,105,10,184.0,0.0
6,37,1900,70,41,1,71,9,190.0,179.88830219974383
6,37,1900,75,46,1,87,12,144.0,145.41245671348295
6,37,1900,75,42,0,67,7,162.0,0.0
6,37,1900,75,47,1,59,7,94.0,145.0505341889584
6,37,1900,70,36,0,101,7,172.0,0.0
6,37,1900,85,42,1,75,13,240.0,229.39706918367338
6,37,1900,85,43,1,59,9,150.0,173.70345188252082
6,37,1900,70,40,0,133,16,334.0,0.0
6,37,1900,90,43,1,67,16,224.0,249.98077861303528
6,37,1900,80,46,0,97,11,256.0,0.0
6,37,1900,80,49,0,85,7,160.0,0.0
6,37,1900,60,36,0,181,21,468.0,0.0
6,37,1900,85,38,0,99,17,292.0,0.0
6,37,1900,70,46,1,107,14,180.0,250.03866146721353
6,37,1900,65,46,1,45,10,88.0,111.40555282016845
6,37,1900,60,47,0,105,10,210.0,0.0
6,37,1900,65,49,1,33,5,92.0,81.47579796285612
6,37,1900,70,50,1,99,8,100.0,187.72945336696554
6,37,1900,80,36,1,83,18,266.0,174.56447354600377
6,37,1800,85,41,1,133,11,248.0,165.00225677570592
6,37,1900,90,44,0,103,14,242.0,0.0
6,37,1900,80,49,0,63,12,166.0,0.0
6,37,1800,85,48,0,71,9,140.0,0.0
6,37,1900,85,49,0,67,8,154.0,0.0
6,37,1900,70,50,1,65,7,126.0,174.47933417081157
6,37,1800,75,35,1,59,15,212.0,212.77233557165542
6,37,1800,70,38,1,61,8,174.0,84.97770185826052
6,37,1800,90,41,0,65,6,164.0,0.0
6,37,1800,70,42,1,99,8,166.0,142.19412618478563
6,37,1800,80,44,1,87,8,174.0,213.38670905098323
6,37,1800,80,45,0,67,7,226.0,0.0
6,37,1800,60,50,0,101,7,164.0,0.0
6,37,1800,80,37,0,127,16,324.0,0.0
6,37,1800,65,36,1,77,17,260.0,146.69849321987726
6,37,1800,80,36,1,101,17,346.0,189.40373666214705
6,37,1800,90,43,0,95,12,248.0,0.0
6,37,1800,60,44,1,151,10,218.0,180.28086328134933
6,37,1800,60,49,0,0,0,0.0,0.0
6,37,1800,60,44,0,89,7,154.0,0.0
6,37,1800,80,49,1,79,12,194.0,110.94444496876595
6,37,1800,75,37,0,105,16,304.0,0.0
6,37,1800,70,39,1,55,10,188.0,234.42098623172316
6,37,1800,80,38,0,97,12,192.0,0.0
6,37,1800,70,41,0,71,7,106.0,0.0
6,37,1800,70,44,1,93,7,124.0,97.10911814028121
6,37,1800,85,46,1,25,3,62.0,71.8084874235912
6,37,1800,60,45,0,125,5,126.0,0.0
6,37,1800,75,38,1,53,6,118.0,36.902976294412234
6,37,1800,90,39,1,77,13,150.0,240.75736406071374
6,37,1800,75,44,0,177,14,272.0,0.0
6,37,1800,90,41,1,71,13,170.0,267.883453012681
6,37,1800,65,43,1,133,11,240.0,142.84625399788155
6,37,1800,65,50,0,113,10,170.0,0.0
6,37,1800,75,44,0,159,13,252.0,0.0
6,37,1800,90,35,0,93,20,274.0,0.0
6,37,1800,70,39,0,25,3,50.0,0.0
6,37,1800,65,39,1,69,12,266.0,363.70147225970095
6,37,1800,90,41,0,65,10,158.0,0.0
6,37,1800,70,44,1,61,5,122.0,173.48515753151875
6,37,1800,60,43,0,107,12,278.0,0.0
6,37,1800,70,49,1,85,10,242.0,135.18025394544992
6,37,1700,70,41,1,83,10,178.0,207.39923521668905
6,37,1700,90,43,1,65,12,178.0,215.1839054078467
6,37,1700,65,44,0,131,6,132.0,0.0
6,37,1800,85,43,1,67,7,146.0,114.79798118118025
6,37,1700,60,49,0,65,5,108.0,0.0
6,37,1800,75,47,0,69,9,162.0,0.0
6,37,1700,85,49,1,41,6,74.0,72.15099333173278
6,37,1700,60,42,0,67,7,156.0,0.0
6,37,1700,60,43,0,101,8,120.0,0.0
6,37,1700,60,46,1,73,7,136.0,152.57520241504503
6,37,1700,70,41,1,57,9,152.0,177.6422714119289
6,37,1700,85,44,0,89,12,272.0,0.0
6,37,1700,85,50,1,63,8,124.0,146.21316376251374
6,37,1700,65,45,0,125,12,246.0,0.0
6,37,1700,90,40,1,73,16,264.0,219.4751797382564
6,37,1700,85,42,1,111,10,238.0,169.54477294301302
6,37,1700,80,42,0,97,9,192.0,0.0
6,37,1700,80,41,0,115,11,148.0,0.0
6,37,1700,75,47,1,43,7,108.0,120.3114337553142
6,37,1700,90,50,0,45,4,46.0,0.0
6,37,1700,80,49,1,59,5,126.0,54.880521037955155
6,37,1700,80,42,1,141,9,198.0,195.35564947715903
6,37,1700,85,47,0,107,10,174.0,0.0
6,37,1700,75,46,0,61,9,120.0,0.0
6,37,1700,70,42,1,113,13,220.0,244.31799313152547
6,37,1700,65,48,0,33,6,132.0,0.0
6,37,1700,60,50,1,77,4,78.0,70.28276748151032
6,37,1700,65,47,0,63,7,102.0,0.0
6,37,1700,60,35,1,59,14,200.0,162.6929643638678
6,37,1700,60,37,0,65,9,194.0,0.0
6,37,1700,60,42,0,61,6,92.0,0.0
6,37,1700,75,40,0,53,6,86.0,0.0
6,37,1700,60,44,1,53,8,118.0,180.43294762597165
6,37,1700,85,50,1,85,6,86.0,111.81313059076311
6,37,1700,85,49,1,63,7,138.0,101.26872926172015
6,37,1700,85,37,1,83,10,230.0,176.3276342429634
6,37,1700,65,38,0,95,11,242.0,0.0
6,37,1700,85,42,0,47,6,104.0,0.0
6,37,1700,65,40,1,95,3,96.0,19.153737806704424
6,37,1700,75,44,0,27,3,28.0,0.0
6,37,1700,85,42,0,63,8,136.0,0.0
6,37,1700,65,46,1,31,3,58.0,66.1591195491309
6,37,1600,80,35,0,59,11,172.0,0.0
6,37,1600,70,46,1,87,7,128.0,73.47353453360468
6,37,1600,70,47,1,37,3,38.0,41.25436408907718
6,37,1600,80,48,1,43,5,44.0,78.53680539822228
6,37,1600,90,50,1,81,11,150.0,299.85119890411727
6,37,1600,80,40,0,81,7,134.0,0.0
6,37,1600,80,49,0,123,10,152.0,0.0
6,37,1600,70,36,0,61,10,210.0,0.0
6,37,1600,65,35,0,85,8,150.0,0.0
6,37,1600,60,38,0,107,12,196.0,0.0
6,37,1600,85,41,1,81,9,146.0,158.39746483822714
6,37,1600,85,45,1,57,9,182.0,148.2842496068229
6,37,1600,65,49,1,73,4,104.0,46.23483636849025
6,37,1600,65,49,0,207,13,208.0,0.0
6,37,1600,75,38,1,75,9,128.0,57.05907707527224
6,37,1600,85,40,1,53,13,134.0,175.78502484031938
6,37,1600,60,43,0,81,8,138.0,0.0
6,37,1600,60,38,0,63,11,204.0,0.0
6,37,1600,65,41,1,69,10,186.0,201.82007035286355
6,37,1600,85,50,1,79,6,112.0,111.49934597755886
6,37,1600,75,45,0,61,7,150.0,0.0
6,37,1600,65,38,1,93,9,124.0,93.9184522706125
6,37,1600,90,40,1,55,11,132.0,114.72234482038681
6,37,1600,70,46,0,21,2,22.0,0.0
6,37,1600,60,41,0,43,6,132.0,0.0
6,37,1600,70,48,0,31,3,68.0,0.0
6,37,1600,80,49,1,65,15,158.0,165.78543370585658
6,37,1600,65,48,0,31,4,84.0,0.0
6,37,1600,60,38,0,49,5,66.0,0.0
6,37,1600,90,36,1,91,19,280.0,183.0370167293534
6,37,1600,90,37,0,59,10,124.0,0.0
6,37,1600,65,40,1,31,7,76.0,108.005999868287
6,37,1600,90,46,1,49,5,82.0,89.76418806183477
6,37,1600,70,48,1,75,8,106.0,209.72758932607002
6,37,1600,60,48,0,51,6,132.0,0.0
6,37,1600,85,37,1,49,8,112.0,99.81724632737085
6,37,1600,60,43,1,59,8,142.0,115.83764356137007
6,37,1500,75,46,0,29,4,86.0,0.0
6,37,1500,60,47,1,55,4,78.0,52.784374514630066
6,37,1600,70,50,0,49,2,50.0,0.0
6,37,1600,65,49,0,123,9,124.0,0.0
6,37,1600,75,50,0,19,1,20.0,0.0
6,37,1500,75,36,1,81,9,188.0,64.45292185608402
6,37,1500,75,36,0,61,11,166.0,0.0
6,37,1500,85,44,1,55,7,96.0,207.78052858918895
6,37,1500,80,40,0,99,10,184.0,0.0
6,37,1500,60,43,0,79,7,140.0,0.0
6,37,1500,70,46,1,57,7,160.0,123.39567607867045
6,37,1500,85,47,1,27,4,102.0,78.54312821852302
6,37,1500,60,36,1,49,8,108.0,46.61130200328604
6,37,1500,75,39,1,47,5,110.0,146.95202872178498
6,37,1500,70,42,0,81,6,130.0,0.0
6,37,1500,65,45,1,69,3,70.0,84.43426082994685
6,37,1500,70,43,0,29,6,60.0,0.0
6,37,1500,70,50,0,51,5,74.0,0.0
6,37,1500,65,50,0,29,1,30.0,0.0
6,37,1500,85,35,1,55,9,184.0,110.2138391481812
6,37,1500,60,36,1,91,15,192.0,103.82170990722904
6,37,1500,90,42,0,55,6,102.0,0.0
6,37,1500,70,40,0,57,5,104.0,0.0
6,37,1500,85,39,0,97,10,216.0,0.0
6,37,1500,65,40,1,51,7,108.0,108.10776817557213
6,37,1500,60,45,1,73,6,74.0,86.7283376901341
6,37,1500,60,40,0,81,7,118.0,0.0
6,37,1500,80,42,0,53,10,124.0,0.0
6,37,1500,85,46,1,67,6,68.0,53.20725246989697
6,37,1500,65,43,1,41,6,66.0,74.38467822586591
6,37,1500,80,40,0,79,6,124.0,0.0
6,37,1500,60,50,1,31,4,58.0,91.83051899822917
6,37,1500,65,48,0,67,4,68.0,0.0
6,37,1500,75,35,0,57,10,182.0,0.0
6,37,1500,90,44,1,41,5,42.0,84.97164426954241
6,37,1500,70,46,1,55,4,56.0,109.90597046482524
6,37,1500,80,43,0,137,8,160.0,0.0
6,37,1500,90,40,1,45,8,118.0,113.00976155230084
6,37,1500,75,42,0,81,8,112.0,0.0
6,37,1500,85,47,1,81,6,82.0,89.03439183981146
6,36,3000,70,37,1,95,36,484.0,516.3487826553795
6,37,1500,75,42,0,79,10,180.0,0.0
6,37,1500,70,39,0,77,7,104.0,0.0
6,36,3000,65,42,0,227,25,746.0,0.0
6,37,1500,85,47,1,101,8,124.0,113.53713917773948
6,36,3000,65,48,1,179,19,494.0,498.4973813863512
6,36,3000,60,44,0,221,21,650.0,0.0
6,36,3000,65,35,1,99,33,422.0,527.9810338215995
6,36,3000,65,36,0,165,27,644.0,0.0
6,36,3000,90,40,0,281,32,722.0,0.0
6,36,3000,85,38,1,221,36,606.0,658.3357740291973
6,36,3000,80,40,1,97,32,402.0,545.5874072740471
6,36,3000,65,43,0,161,19,550.0,0.0
6,36,3000,60,50,1,109,15,302.0,377.0087481903015
6,36,3000,60,35,0,171,31,738.0,0.0
6,36,3000,60,40,0,225,32,758.0,0.0
6,36,3000,80,44,0,167,29,758.0,0.0
6,36,3000,75,43,1,97,30,410.0,641.7418374693832
6,36,3000,80,46,0,165,24,602.0,0.0
6,36,3000,90,47,1,145,30,548.0,449.84107617357506
6,36,3000,65,50,1,169,18,436.0,487.8277788680946
6,36,3000,60,36,1,171,31,580.0,384.35124348179187
6,36,3000,80,35,0,159,34,682.0,0.0
6,36,3000,75,39,1,109,33,482.0,608.3832367010499
6,36,3000,65,43,1,161,26,488.0,508.61821388222677
6,36,3000,65,47,0,165,19,526.0,0.0
6,36,3000,65,40,1,137,29,522.0,406.7590242332418
6,36,3000,60,43,1,167,33,556.0,713.3004755804814
6,36,3000,80,48,0,207,20,704.0,0.0
6,36,3000,75,49,0,151,20,630.0,0.0
6,36,3000,65,38,1,169,35,560.0,749.9502290112174
6,36,3000,80,41,0,111,29,550.0,0.0
6,36,3000,70,40,1,165,34,644.0,576.7229208562138
6,36,3000,90,46,0,167,25,590.0,0.0
6,36,3000,65,47,0,131,25,606.0,0.0
6,36,3000,90,46,0,169,28,664.0,0.0
6,36,3000,75,47,1,133,29,544.0,540.5597384081829
6,36,3000,90,35,1,93,36,408.0,503.70678584296195
6,36,3000,70,37,0,173,31,758.0,0.0
6,36,2900,90,43,1,265,31,698.0,576.9280533590915
6,36,3000,75,47,0,261,22,702.0,0.0
6,36,3000,70,49,1,161,31,592.0,578.0933324192478
6,36,3000,85,50,1,173,27,622.0,765.7104954344386
6,36,3000,60,45,0,219,25,734.0,0.0
6,36,2900,60,36,1,113,28,476.0,384.532725445445
6,36,2900,75,44,1,117,36,536.0,834.2231862603206
6,36,2900,70,37,0,157,33,678.0,0.0
6,36,2900,80,40,0,211,27,624.0,0.0
6,36,2900,60,47,1,113,20,346.0,312.3407293469612
6,36,2900,90,44,0,173,28,686.0,0.0
6,36,2900,65,42,0,113,23,554.0,0.0
6,36,2900,90,35,0,213,35,672.0,0.0
6,36,2900,70,35,1,281,35,626.0,580.1285571027684
6,36,2900,65,37,1,99,33,448.0,564.4530509427826
6,36,2900,65,44,0,101,18,452.0,0.0
6,36,2900,80,44,1,103,30,378.0,674.3152527695307
6,36,2900,75,40,1,157,28,576.0,489.1656178313792
6,36,2900,90,49,0,153,19,588.0,0.0
6,36,2900,75,35,0,163,35,642.0,0.0
6,36,2900,80,37,1,101,34,458.0,537.8481881813722
6,36,2900,60,39,0,219,25,664.0,0.0
6,36,2900,90,44,1,173,26,516.0,468.10060242468296
6,36,2900,70,43,0,215,26,774.0,0.0
6,36,2900,80,44,1,139,31,588.0,512.1147863870963
6,36,2900,60,48,0,203,17,514.0,0.0
6,36,2900,80,35,1,117,34,496.0,399.7597060270259
6,36,2900,85,39,0,201,23,558.0,0.0
6,36,2900,85,43,0,319,21,682.0,0.0
6,36,2900,90,46,1,105,23,424.0,467.6723528556538
6,36,2900,70,48,0,151,19,394.0,0.0
6,36,2900,85,48,1,111,23,398.0,458.1006406123082
6,36,2900,75,49,1,129,21,466.0,357.8574283848858
6,36,2900,70,44,1,141,23,528.0,577.3273607782314
6,36,2900,70,45,1,181,21,540.0,439.45339820110826
6,36,2900,65,46,0,275,23,750.0,0.0
6,36,2900,85,46,0,137,27,626.0,0.0
6,36,2900,65,46,0,179,16,366.0,0.0
6,36,2900,65,41,1,207,33,674.0,642.4687917084162
6,36,2900,65,50,0,205,19,614.0,0.0
6,36,2900,60,37,0,207,23,598.0,0.0
6,36,2900,60,36,0,157,28,712.0,0.0
6,36,2900,90,37,1,85,32,380.0,588.1041405768335
6,36,2800,85,40,1,145,32,522.0,599.8187490905187
6,36,2800,85,45,1,111,22,354.0,385.4026301291764
6,36,2900,65,44,1,117,17,396.0,292.4584921360842
6,36,2800,85,41,0,163,25,660.0,0.0
6,36,2800,80,36,0,107,22,404.0,0.0
6,36,2800,65,40,1,211,26,566.0,394.6621897265652
6,36,2800,75,37,0,151,32,638.0,0.0
6,36,2800,70,38,1,107,36,528.0,640.5468867382211
6,36,2800,85,44,1,151,23,464.0,529.9108902477037
6,36,2800,65,48,0,213,16,516.0,0.0
6,36,2800,90,48,0,153,22,568.0,0.0
6,36,2800,70,35,0,161,23,646.0,0.0
6,36,2800,70,38,1,123,28,564.0,501.39180323718153
6,36,2800,65,39,1,145,22,558.0,493.08809669061475
6,36,2800,90,35,1,69,35,404.0,544.7903264409899
6,36,2800,75,36,0,259,29,732.0,0.0
6,36,2800,75,43,1,169,31,592.0,624.4878547301472
6,36,2800,80,47,0,149,16,440.0,0.0
6,36,2800,85,49,0,99,16,398.0,0.0
6,36,2800,65,50,1,89,19,244.0,363.30618589045133
6,36,2800,65,35,1,109,28,472.0,393.06073492027485
6,36,2800,80,36,1,161,33,560.0,506.86297170981135
6,36,2800,85,41,0,189,21,406.0,0.0
6,36,2800,65,36,0,219,31,634.0,0.0
6,36,2800,65,42,1,97,25,360.0,477.18314442637467
6,36,2800,70,49,0,107,20,408.0,0.0
6,36,2800,85,48,0,151,20,572.0,0.0
6,36,2800,60,35,0,161,29,636.0,0.0
6,36,2800,65,36,1,171,34,590.0,418.14531792456313
6,36,2800,65,36,1,101,35,448.0,422.6512015693497
6,36,2800,80,43,1,159,31,528.0,610.6825295963162
6,36,2800,65,44,1,107,28,494.0,540.3995261596716
6,36,2800,80,39,0,157,23,560.0,0.0
6,36,2800,90,48,0,163,24,554.0,0.0
6,36,2800,85,39,0,211,24,766.0,0.0
6,36,2800,90,36,0,197,33,792.0,0.0
6,36,2800,85,38,1,109,29,398.0,456.5812569538293
6,36,2800,65,42,1,99,24,410.0,384.7152671966872
6,36,2800,85,43,1,147,26,422.0,449.0449722297299
6,36,2800,80,47,0,253,20,544.0,0.0
6,36,2800,65,48,0,159,18,408.0,0.0
6,36,2700,80,46,1,97,13,288.0,195.8790969155759
6,36,2700,65,36,1,129,29,496.0,337.3172550194423
6,36,2700,60,37,1,139,29,524.0,392.4983533610131
6,36,2700,85,43,1,103,24,414.0,473.60938424946426
6,36,2700,85,40,0,205,25,598.0,0.0
6,36,2700,75,41,0,193,22,664.0,0.0
6,36,2700,90,47,0,133,20,408.0,0.0
6,36,2700,70,47,0,145,20,638.0,0.0
6,36,2700,80,35,1,97,34,460.0,571.9951576966552
6,36,2700,60,43,1,95,24,382.0,435.6903980439043
6,36,2700,65,44,0,141,22,530.0,0.0
6,36,2700,85,50,0,149,20,528.0,0.0
6,36,2700,85,48,0,159,13,504.0,0.0
6,36,2700,70,45,1,103,19,412.0,372.2169030825472
6,36,2700,60,40,0,105,25,430.0,0.0
6,36,2700,60,37,0,151,24,546.0,0.0
6,36,2700,70,38,1,189,30,574.0,579.3186097967709
6,36,2700,65,46,1,119,24,458.0,435.4207399929003
6,36,2700,80,46,1,101,23,414.0,377.2595479698907
6,36,2700,90,46,1,153,28,616.0,402.0080664379797
6,36,2700,80,49,0,139,13,464.0,0.0
6,36,2700,65,42,0,149,23,556.0,0.0
6,36,2700,80,38,1,137,30,516.0,395.4958128815811
6,36,2700,90,43,0,147,27,642.0,0.0
6,36,2700,80,42,1,139,30,444.0,409.32462583691273
6,36,2700,60,47,0,157,19,472.0,0.0
6,36,2700,65,50,1,93,17,266.0,417.52652478419583
6,36,2700,85,46,0,191,21,598.0,0.0
6,36,2700,75,46,1,113,20,458.0,244.80428985383105
6,36,2700,60,36,1,185,23,598.0,281.8025666150404
6,36,2700,60,43,1,193,25,538.0,456.9507470072993
6,36,2700,70,46,0,193,12,336.0,0.0
6,36,2700,85,43,1,147,27,402.0,463.0879373474917
6,36,2700,80,45,0,201,25,634.0,0.0
6,36,2700,65,46,0,105,17,440.0,0.0
6,36,2700,65,35,0,149,29,646.0,0.0
6,36,2700,90,41,1,135,35,510.0,711.3595204833985
6,36,2600,85,45,1,101,24,314.0,606.0563343928266
6,36,2700,75,44,0,147,18,478.0,0.0
6,36,2600,60,47,0,97,10,378.0,0.0
6,36,2700,60,45,1,139,20,394.0,347.0213790197257
6,36,2600,60,49,1,73,19,292.0,263.13380210485235
6,36,2700,85,47,0,147,20,492.0,0.0
6,36,2600,80,41,0,149,22,576.0,0.0
6,36,2600,75,38,0,201,29,714.0,0.0
6,36,2600,70,43,1,87,22,336.0,288.3484349747846
6,36,2600,60,45,1,121,20,276.0,413.55451566609673
6,36,2600,85,44,1,113,19,410.0,472.3740045804573
6,36,2600,65,47,0,97,16,314.0,0.0
6,36,2600,65,50,0,85,8,214.0,0.0
6,36,2600,80,36,1,103,31,386.0,400.47333768606984
6,36,2600,75,36,1,141,29,522.0,409.6592229199107
6,36,2600,60,39,0,193,28,600.0,0.0
6,36,2600,90,49,1,133,22,412.0,485.66634442144294
6,36,2600,60,45,0,135,19,498.0,0.0
6,36,2600,80,50,0,143,11,220.0,0.0
6,36,2600,85,49,0,143,17,432.0,0.0
6,36,2600,85,46,1,199,21,472.0,311.68253267580326
6,36,2600,60,48,1,143,26,504.0,621.7669326835005
6,36,2600,90,38,0,189,31,820.0,0.0
6,36,2600,85,39,1,91,30,390.0,529.8560894268945
6,36,2600,70,38,0,177,25,654.0,0.0
6,36,2600,60,40,0,145,17,550.0,0.0
6,36,2600,70,46,1,91,6,192.0,65.47019552721751
6,36,2600,90,46,1,153,24,470.0,361.3838534575796
6,36,2600,80,47,0,227,16,448.0,0.0
6,36,2600,70,36,1,95,33,402.0,428.041502465015
6,36,2600,90,40,0,143,21,564.0,0.0
6,36,2600,90,44,1,115,23,382.0,333.43771245935284
6,36,2600,75,44,0,187,19,510.0,0.0
6,36,2600,60,48,0,85,7,180.0,0.0
6,36,2600,75,46,1,133,23,442.0,345.3604356626896
6,36,2600,90,50,1,191,18,334.0,253.46557489970812
6,36,2600,65,35,0,185,26,584.0,0.0
6,36,2600,70,39,1,95,26,404.0,607.1726577378298
6,36,2600,75,41,1,147,22,576.0,512.2807770230851
6,36,2600,70,48,0,137,14,418.0,0.0
6,36,2600,80,48,0,95,11,348.0,0.0
6,36,2600,80,47,0,101,13,414.0,0.0
6,36,2600,80,48,1,205,21,584.0,373.0866508928673
6,36,2500,85,35,1,141,28,470.0,426.74079701251884
6,36,2500,60,42,1,125,19,422.0,217.25200386252868
6,36,2500,60,44,1,127,24,434.0,567.5937863291848
6,36,2500,60,50,0,159,10,338.0,0.0
6,36,2500,75,45,0,109,13,186.0,0.0
6,36,2500,60,41,0,165,14,532.0,0.0
6,36,2500,75,48,1,77,22,330.0,385.16657451517494
6,36,2500,90,37,1,113,30,392.0,416.8698043307439
6,36,2500,60,38,0,143,21,452.0,0.0
6,36,2500,75,46,0,187,18,544.0,0.0
6,36,2500,85,46,1,127,18,434.0,293.482099686152
6,36,2500,85,47,0,129,18,452.0,0.0
6,36,2500,90,49,0,95,13,268.0,0.0
6,36,2500,90,48,1,113,17,326.0,339.5065426483356
6,36,2500,75,36,1,145,21,454.0,271.6619949618468
6,36,2500,65,42,0,229,22,548.0,0.0
6,36,2500,90,43,1,75,22,284.0,375.8428331171426
6,36,2500,75,38,0,135,24,454.0,0.0
6,36,2500,80,43,1,91,23,406.0,375.84388315590473
6,36,2500,85,45,0,181,20,474.0,0.0
6,36,2500,85,45,1,113,21,386.0,419.5943117654025
6,36,2500,60,38,1,89,21,362.0,256.644528182998
6,36,2500,75,40,1,141,21,368.0,328.4762683098032
6,36,2500,65,45,0,89,12,350.0,0.0
6,36,2500,60,44,0,131,11,262.0,0.0
6,36,2500,65,47,1,139,14,402.0,213.62374002252528
6,36,2500,60,48,0,143,14,382.0,0.0
6,36,2500,90,50,0,91,14,294.0,0.0
6,36,2500,75,36,1,113,30,460.0,410.6978892023125
6,36,2500,70,37,1,99,32,352.0,393.56625914530076
6,36,2500,65,40,0,127,23,398.0,0.0
6,36,2500,80,38,1,147,24,400.0,319.2036022333913
6,36,2500,75,42,1,111,28,406.0,398.2321111640102
6,36,2500,65,47,0,147,13,372.0,0.0
6,36,2500,70,49,0,153,17,424.0,0.0
6,36,2500,90,35,1,123,34,422.0,501.5279060420378
6,36,2400,85,39,1,141,27,528.0,603.3693558505339
6,36,2400,80,35,0,163,24,588.0,0.0
6,36,2500,80,45,0,145,17,438.0,0.0
6,36,2500,65,41,0,163,17,574.0,0.0
6,36,2500,60,44,0,147,16,386.0,0.0
6,36,2500,75,48,1,109,18,256.0,362.3531519158799
6,36,2400,60,36,0,89,13,348.0,0.0
6,36,2400,75,37,0,173,27,584.0,0.0
6,36,2400,85,38,1,77,32,380.0,457.1800601241135
6,36,2400,70,40,1,99,28,352.0,425.593787939479
6,36,2400,90,37,0,183,30,612.0,0.0
6,36,2400,60,37,1,133,25,474.0,293.3634667610386
6,36,2400,60,43,1,101,17,230.0,260.8505360057659
6,36,2400,85,36,0,135,25,618.0,0.0
6,36,2400,65,40,0,111,13,352.0,0.0
6,36,2400,75,41,0,137,17,430.0,0.0
6,36,2400,85,42,1,87,23,420.0,281.92635313217534
6,36,2400,65,46,1,97,16,380.0,332.95725747971295
6,36,2400,85,49,0,103,12,254.0,0.0
6,36,2400,65,48,1,141,11,260.0,292.7922114248209
6,36,2400,65,37,1,129,25,464.0,335.15128319883985
6,36,2400,70,36,1,97,22,388.0,310.89072778404886
6,36,2400,65,40,1,79,20,322.0,292.1392924817616
6,36,2400,70,48,0,87,8,146.0,0.0
6,36,2400,65,45,0,133,12,306.0,0.0
6,36,2400,75,49,0,115,13,310.0,0.0
6,36,2400,65,46,1,139,18,314.0,240.13009730537019
6,36,2400,60,44,1,111,20,424.0,480.7195037803782
6,36,2400,75,45,0,117,18,338.0,0.0
6,36,2400,85,41,1,123,17,322.0,255.53109258131644
6,36,2400,70,46,0,91,12,330.0,0.0
6,36,2400,60,50,0,93,11,248.0,0.0
6,36,2400,85,50,1,83,11,212.0,260.9145512392737
6,36,2400,85,47,0,159,13,356.0,0.0
6,36,2400,85,36,0,175,22,586.0,0.0
6,36,2400,80,41,1,121,15,274.0,224.576471977416
6,36,2400,60,47,0,179,13,396.0,0.0
6,36,2400,65,42,1,73,22,262.0,247.259327877733
6,36,2400,60,45,0,183,15,360.0,0.0
6,36,2400,70,48,1,85,14,234.0,330.21496771794244
6,36,2400,65,47,1,57,5,58.0,32.65195822229756
6,36,2400,90,37,1,85,32,424.0,461.5660881338401
6,36,2400,65,37,0,127,24,498.0,0.0
6,36,2300,60,37,0,119,7,160.0,0.0
6,36,2300,85,43,1,107,26,334.0,434.0763254515694
6,36,2400,75,47,0,123,11,252.0,0.0
6,36,2300,70,46,0,123,11,242.0,0.0
6,36,2300,65,43,1,83,14,298.0,247.93911765442135
6,36,2300,75,40,1,95,15,186.0,231.25731646109077
6,36,2300,60,40,1,107,15,322.0,213.50738731977376
6,36,2300,90,39,0,177,19,472.0,0.0
6,36,2300,60,36,1,123,22,296.0,243.6211449163548
6,36,2300,70,40,1,131,22,380.0,325.07546567338863
6,36,2300,75,49,0,83,15,286.0,0.0
6,36,2300,85,48,0,167,15,410.0,0.0
6,36,2300,80,35,1,127,20,428.0,301.6045147697225
6,36,2300,80,39,0,117,19,354.0,0.0
6,36,2300,85,38,0,133,21,456.0,0.0
6,36,2300,65,36,1,129,21,462.0,243.10073215016874
6,36,2300,60,45,0,201,9,292.0,0.0
6,36,2300,90,50,1,75,8,164.0,222.55840858140357
6,36,2300,80,49,0,81,13,248.0,0.0
6,36,2300,65,40,0,133,15,464.0,0.0
6,36,2300,60,41,0,39,10,156.0,0.0
6,36,2300,85,43,0,123,20,414.0,0.0
6,36,2300,80,44,1,77,11,234.0,274.8143831019492
6,36,2300,65,46,1,127,13,342.0,213.73707603537986
6,36,2300,65,49,1,115,12,284.0,184.11799648168514
6,36,2300,85,47,1,137,14,388.0,189.06508010930628
6,36,2300,70,36,0,213,26,540.0,0.0
6,36,2300,70,35,0,129,27,562.0,0.0
6,36,2300,60,36,1,181,23,392.0,259.3253307153096
6,36,2300,90,42,0,149,19,326.0,0.0
6,36,2300,70,42,0,127,12,332.0,0.0
6,36,2300,70,45,1,155,17,284.0,377.09121022067876
6,36,2300,65,42,1,123,18,444.0,291.2318610338564
6,36,2300,90,37,1,93,25,368.0,410.4007885193669
6,36,2300,75,38,0,61,11,154.0,0.0
6,36,2300,60,42,1,129,16,424.0,238.50652471611392
6,36,2300,85,39,0,215,19,488.0,0.0
6,36,2300,65,48,0,81,5,158.0,0.0
6,36,2300,65,49,1,109,14,238.0,143.17548448516615
6,36,2300,75,49,1,107,19,312.0,250.85111095598702
6,36,2300,80,37,0,131,21,368.0,0.0
6,36,2200,75,37,1,77,21,312.0,252.6265438049257
6,36,2200,70,37,0,51,14,258.0,0.0
6,36,2200,90,39,1,81,25,264.0,444.2323041679905
6,36,2200,60,40,0,165,13,308.0,0.0
6,36,2200,75,47,1,115,9,198.0,111.02616478861911
6,36,2200,80,47,0,81,13,356.0,0.0
6,36,2200,85,35,1,69,25,282.0,321.5448650599337
6,36,2200,80,37,1,119,22,404.0,356.8173186805857
6,36,2200,80,42,0,123,9,230.0,0.0
6,36,2200,60,49,1,67,11,210.0,119.2294540536224
6,36,2200,75,50,1,75,16,172.0,369.2241574294241
6,36,2200,80,45,0,79,11,226.0,0.0
6,36,2200,85,48,0,71,13,222.0,0.0
6,36,2200,70,43,0,113,14,316.0,0.0
6,36,2200,80,45,1,67,15,298.0,387.0481630669504
6,36,2200,90,35,1,79,23,338.0,328.32974881091815
6,36,2200,80,40,1,99,22,256.0,265.8378810197983
6,36,2200,60,47,1,89,10,220.0,127.88852692152165
6,36,2200,80,48,0,83,9,188.0,0.0
6,36,2200,80,42,0,149,12,266.0,0.0
6,36,2200,85,35,0,125,23,450.0,0.0
6,36,2200,80,36,1,93,25,372.0,406.5308325067407
6,36,2200,85,42,1,103,17,236.0,224.07125875179588
6,36,2200,60,42,0,111,12,262.0,0.0
6,36,2200,80,43,0,207,18,446.0,0.0
6,36,2200,70,41,0,109,10,284.0,0.0
6,36,2200,60,41,0,73,10,260.0,0.0
6,36,2200,80,50,1,65,13,212.0,270.5307549748191
6,36,2200,80,35,1,107,24,368.0,331.7828394901879
6,36,2200,65,35,0,167,23,456.0,0.0
6,36,2200,60,36,1,83,20,346.0,260.0838904782848
6,36,2200,90,46,0,121,12,242.0,0.0
6,36,2200,85,37,1,121,25,366.0,333.1188023499907
6,36,2200,85,49,0,101,9,224.0,0.0
6,36,2200,75,50,1,81,9,114.0,172.99090416520792
6,36,2200,65,48,0,39,5,80.0,0.0
6,36,2100,60,36,0,105,8,188.0,0.0
6,36,2200,70,37,1,133,24,446.0,430.69035758133634
6,36,2100,60,38,1,117,15,342.0,246.68391556135626
6,36,2100,90,39,1,93,23,340.0,470.7093440303946
6,36,2200,65,50,1,103,11,204.0,211.71590427772813
6,36,2200,85,45,0,93,13,260.0,0.0
6,36,2200,70,47,0,79,7,192.0,0.0
6,36,2100,70,39,0,107,12,290.0,0.0
6,36,2100,75,43,0,41,5,150.0,0.0
6,36,2100,60,45,0,151,17,364.0,0.0
6,36,2100,80,40,1,111,22,350.0,371.22927320222493
6,36,2100,65,49,0,107,7,208.0,0.0
6,36,2100,80,47,1,117,12,304.0,163.7081518041566
6,36,2100,75,50,1,61,12,122.0,138.92998171058994
6,36,2100,75,35,1,97,24,360.0,243.41684849025071
6,36,2100,75,38,1,123,20,408.0,243.2444110738044
6,36,2100,75,38,1,121,23,370.0,279.31450277212247
6,36,2100,70,39,1,153,20,396.0,449.4103251930701
6,36,2100,85,49,0,137,19,336.0,0.0
6,36,2100,90,46,0,79,15,238.0,0.0
6,36,2100,85,39,0,109,12,328.0,0.0
6,36,2100,80,50,0,77,5,138.0,0.0
6,36,2100,75,43,1,101,14,236.0,155.49369379860667
6,36,2100,65,35,0,115,17,384.0,0.0
6,36,2100,90,40,0,109,13,296.0,0.0
6,36,2100,85,44,1,113,15,240.0,300.7583584652117
6,36,2100,70,48,1,49,7,158.0,206.23035110388707
6,36,2100,65,45,0,125,17,288.0,0.0
6,36,2100,75,35,1,77,25,420.0,389.2263879222221
6,36,2100,80,49,1,75,13,144.0,167.73670172395637
6,36,2100,60,36,0,145,14,332.0,0.0
6,36,2100,85,43,1,69,14,226.0,239.00505891159457
6,36,2100,80,45,0,151,9,226.0,0.0
6,36,2100,70,46,1,105,14,256.0,110.37309946704859
6,36,2100,75,48,0,123,14,310.0,0.0
6,36,2100,70,39,0,125,20,390.0,0.0
6,36,2100,65,36,1,109,17,294.0,213.43135334548967
6,36,2100,75,48,1,95,11,290.0,219.81953715919434
6,36,2100,70,46,0,93,12,212.0,0.0
6,36,2100,90,37,0,121,16,298.0,0.0
6,36,2100,60,45,0,103,14,242.0,0.0
6,36,2100,80,37,0,115,22,312.0,0.0
6,36,2100,80,48,1,105,10,258.0,208.97546570946116
6,36,2100,75,45,1,115,11,280.0,130.0346562078419
6,36,2000,90,36,0,77,21,318.0,0.0
6,36,2000,65,40,1,139,12,332.0,141.79024779320565
6,36,2000,90,48,0,73,5,128.0,0.0
6,36,2000,60,49,0,129,10,278.0,0.0
6,36,2000,65,40,1,115,13,210.0,147.4052453160416
6,36,2000,90,49,1,63,10,116.0,126.16273322162395
6,36,2000,80,48,1,83,10,194.0,310.0429843205393
6,36,2000,75,35,0,137,17,346.0,0.0
6,36,2000,60,39,0,79,13,312.0,0.0
6,36,2000,90,42,0,109,10,222.0,0.0
6,36,2000,85,42,0,111,15,330.0,0.0
6,36,2000,75,45,1,73,11,196.0,181.27502491708069
6,36,2000,85,49,1,87,14,218.0,209.01603861219317
6,36,2000,85,44,1,49,9,124.0,182.8059385334536
6,36,2000,90,36,1,97,24,308.0,292.5187365089561
6,36,2000,85,41,1,79,19,246.0,324.33531102446364
6,36,2000,65,41,0,137,9,176.0,0.0
6,36,2000,75,47,0,111,11,264.0,0.0
6,36,2000,90,36,0,147,20,356.0,0.0
6,36,2000,85,47,1,77,10,226.0,207.68830398831759
6,36,2000,80,48,0,135,11,292.0,0.0
6,36,2000,80,49,1,113,7,190.0,80.21916841727774
6,36,2000,90,38,1,71,19,212.0,202.45601795233745
6,36,2000,80,35,0,113,20,384.0,0.0
6,36,2000,70,35,0,143,18,392.0,0.0
6,36,2000,60,35,1,119,23,406.0,228.21283098268472
6,36,2000,75,37,1,69,14,220.0,256.06248830163884
6,36,2000,70,37,1,93,14,206.0,211.71328877581016
6,36,2000,65,39,0,79,15,318.0,0.0
6,36,2000,60,38,0,179,13,288.0,0.0
6,36,2000,60,48,1,115,9,218.0,156.2695525930245
6,36,2000,70,36,0,109,9,236.0,0.0
6,36,2000,70,39,1,57,11,206.0,242.30866265996733
6,36,2000,70,40,1,85,9,154.0,106.36071294937395
6,36,2000,85,46,0,83,10,182.0,0.0
6,36,2000,70,46,0,107,13,220.0,0.0
6,36,2000,90,49,1,113,14,216.0,149.3031549505861
6,36,2000,75,49,0,97,8,174.0,0.0
6,36,1900,75,36,0,101,12,198.0,0.0
6,36,1900,90,39,0,105,16,314.0,0.0
6,36,1900,70,41,1,91,16,278.0,272.28172814765276
6,36,2000,90,45,1,75,18,224.0,334.9165866760695
6,36,1900,70,45,1,85,8,186.0,139.94939179043632
6,36,2000,70,44,0,73,7,164.0,0.0
6,36,1900,65,40,1,95,14,220.0,218.2879117425167
6,36,1900,80,39,1,73,15,250.0,218.19111675504445
6,36,1900,85,40,1,65,12,182.0,130.96470252887053
6,36,1900,80,45,0,69,10,208.0,0.0
6,36,1900,70,46,0,69,5,136.0,0.0
6,36,1900,85,47,1,75,11,138.0,116.12841865834199
6,36,1900,80,50,0,129,8,234.0,0.0
6,36,1900,80,48,0,103,8,164.0,0.0
6,36,1900,80,35,1,93,18,216.0,245.65566596559324
6,36,1900,60,38,0,139,9,246.0,0.0
6,36,1900,90,35,0,135,16,288.0,0.0
6,36,1900,85,40,0,71,10,170.0,0.0
6,36,1900,65,47,1,67,6,136.0,79.70076116803314
6,36,1900,85,50,1,59,6,94.0,99.09185014478174
6,36,1900,85,49,1,57,10,120.0,126.25775697730025
6,36,1900,85,35,1,81,24,284.0,308.45143592024084
6,36,1900,60,36,1,71,15,246.0,237.78124589399334
6,36,1900,60,43,0,109,7,216.0,0.0
6,36,1900,65,40,0,63,10,140.0,0.0
6,36,1900,80,45,0,91,9,212.0,0.0
6,36,1900,80,44,0,129,10,202.0,0.0
6,36,1900,85,50,1,145,11,266.0,286.2448448727915
6,36,1900,90,35,1,69,20,252.0,277.5612600198204
6,36,1900,85,38,1,73,14,194.0,126.70092633552625
6,36,1900,85,40,0,97,13,298.0,0.0
6,36,1900,75,40,1,59,9,222.0,103.36538411592824
6,36,1900,70,44,0,75,15,264.0,0.0
6,36,1900,60,48,0,111,9,204.0,0.0
6,36,1900,60,46,0,69,6,156.0,0.0
6,36,1900,90,45,1,109,14,286.0,304.9020335738438
6,36,1900,90,37,1,109,17,244.0,187.226882454047
6,36,1800,85,40,0,59,8,148.0,0.0
6,36,1900,85,45,1,63,8,100.0,137.18434338796737
6,36,1900,80,46,1,75,13,152.0,183.64672208928437
6,36,1900,90,43,0,89,11,240.0,0.0
6,36,1800,90,47,1,55,6,88.0,38.480413554017105
6,36,1900,75,44,0,99,11,236.0,0.0
6,36,1900,85,47,0,65,8,166.0,0.0
6,36,1800,70,41,0,59,12,212.0,0.0
6,36,1800,85,41,0,93,10,186.0,0.0
6,36,1800,75,43,0,69,12,194.0,0.0
6,36,1800,70,43,1,67,10,198.0,144.96550578673148
6,36,1800,75,44,1,71,11,148.0,218.63446591372082
6,36,1800,90,45,1,107,8,108.0,144.1009808540858
6,36,1800,75,45,1,67,5,128.0,130.57241830762925
6,36,1800,65,35,1,57,13,108.0,152.0218481867854
6,36,1800,80,35,1,67,6,198.0,59.66124064001892
6,36,1800,85,36,0,101,10,214.0,0.0
6,36,1800,75,44,0,49,6,120.0,0.0
6,36,1800,65,37,0,123,11,238.0,0.0
6,36,1800,85,47,0,97,7,98.0,0.0
6,36,1800,80,43,1,49,10,148.0,128.18935490006757
6,36,1800,75,38,0,65,11,170.0,0.0
6,36,1800,60,36,1,69,11,184.0,85.56235993010257
6,36,1800,60,37,1,107,19,210.0,208.24018745561327
6,36,1800,80,43,1,55,11,142.0,205.5760584469221
6,36,1800,65,47,0,79,5,80.0,0.0
6,36,1800,65,48,0,33,3,62.0,0.0
6,36,1800,85,49,1,63,4,116.0,37.83286563631538
6,36,1800,75,38,1,47,9,94.0,117.36724207366775
6,36,1800,80,45,0,71,8,166.0,0.0
6,36,1800,90,41,0,67,12,200.0,0.0
6,36,1800,80,43,0,101,9,160.0,0.0
6,36,1800,65,49,1,109,6,140.0,66.86833921450466
6,36,1800,85,49,0,99,9,202.0,0.0
6,36,1800,85,48,1,67,13,158.0,240.5760215575775
6,36,1800,60,37,1,67,11,240.0,215.25368677061022
6,36,1800,75,38,0,99,10,224.0,0.0
6,36,1800,70,39,1,63,6,154.0,124.15540734605094
6,36,1800,60,38,1,61,13,192.0,170.4866285927751
6,36,1800,70,46,0,33,5,96.0,0.0
6,36,1800,70,47,1,81,13,182.0,168.55911310342833
6,36,1800,85,48,0,119,8,120.0,0.0
6,36,1700,75,36,1,51,13,160.0,150.67555339161618
6,36,1700,75,42,0,99,14,278.0,0.0
6,36,1700,90,44,1,51,9,130.0,235.7431586895167
6,36,1800,80,42,0,97,5,132.0,0.0
6,36,1700,85,46,0,61,3,62.0,0.0
6,36,1800,80,43,0,63,6,146.0,0.0
6,36,1800,60,49,1,83,9,180.0,127.17305363295348
6,36,1700,65,40,1,45,8,156.0,145.47658309228794
6,36,1700,85,36,1,87,18,290.0,205.49697173471728
6,36,1700,85,40,1,69,21,276.0,323.3758936819826
6,36,1700,80,46,0,33,4,122.0,0.0
6,36,1700,65,48,0,33,3,92.0,0.0
6,36,1700,60,48,0,77,5,110.0,0.0
6,36,1700,80,45,1,45,6,108.0,73.93839342697532
6,36,1700,60,43,0,83,9,144.0,0.0
6,36,1700,70,37,1,59,17,170.0,236.0803463044657
6,36,1700,85,38,0,65,15,216.0,0.0
6,36,1700,65,42,1,73,7,100.0,137.40155468496263
6,36,1700,70,47,1,33,6,94.0,40.545778322971515
6,36,1700,65,41,1,65,7,138.0,129.94285650847382
6,36,1700,85,45,0,51,5,112.0,0.0
6,36,1700,90,49,0,107,10,204.0,0.0
6,36,1700,75,43,0,107,6,136.0,0.0
6,36,1700,70,39,0,57,6,160.0,0.0
6,36,1700,75,44,1,119,14,244.0,332.8538627647179
6,36,1700,70,41,1,83,11,168.0,278.0182494038458
6,36,1700,65,50,0,89,6,120.0,0.0
6,36,1700,85,41,1,127,8,216.0,187.78223181469417
6,36,1700,80,48,1,63,6,94.0,166.75815459852055
6,36,1700,60,49,0,99,4,126.0,0.0
6,36,1700,85,49,0,61,8,148.0,0.0
6,36,1700,70,48,1,45,6,108.0,194.2268729671458
6,36,1700,65,35,0,83,12,202.0,0.0
6,36,1700,80,38,1,79,14,194.0,150.331598611978
6,36,1700,70,44,1,57,6,58.0,133.2879391594295
6,36,1700,90,45,1,67,10,194.0,222.52028924465947
6,36,1700,70,44,0,51,9,132.0,0.0
6,36,1700,90,49,0,193,11,228.0,0.0
6,36,1700,75,48,0,49,4,76.0,0.0
6,36,1700,60,44,0,31,5,120.0,0.0
6,36,1600,85,44,1,69,9,102.0,172.09573000817838
6,36,1700,70,45,1,67,6,132.0,85.64754259266603
6,36,1700,80,46,1,85,5,120.0,96.90055293923291
6,36,1600,85,48,0,79,7,138.0,0.0
6,36,1600,90,48,1,83,9,148.0,198.68192744444363
6,36,1700,70,47,0,93,8,182.0,0.0
6,36,1600,70,37,1,101,15,284.0,180.39521295850918
6,36,1600,85,39,0,53,9,116.0,0.0
6,36,1600,85,39,0,101,10,188.0,0.0
6,36,1600,60,42,0,107,10,200.0,0.0
6,36,1600,60,47,0,39,3,56.0,0.0
6,36,1600,70,47,1,33,4,60.0,60.02923167908956
6,36,1600,60,50,1,39,5,66.0,137.6667048821975
6,36,1600,60,35,0,57,12,168.0,0.0
6,36,1600,65,38,1,61,13,150.0,127.00292012508177
6,36,1600,60,36,1,81,5,128.0,42.01675720236646
6,36,1600,80,41,1,47,8,92.0,164.1854442415509
6,36,1600,85,43,1,57,6,104.0,86.70028101559413
6,36,1600,60,45,0,53,4,54.0,0.0
6,36,1600,75,43,0,105,10,160.0,0.0
6,36,1600,85,36,1,125,20,356.0,216.92520452673375
6,36,1600,60,36,0,75,6,108.0,0.0
6,36,1600,70,36,0,71,10,168.0,0.0
6,36,1600,90,36,0,147,14,230.0,0.0
6,36,1600,75,38,1,67,13,136.0,155.88994853364943
6,36,1600,60,44,0,99,5,100.0,0.0
6,36,1600,90,37,1,51,13,166.0,194.87805798616165
6,36,1600,80,35,1,67,16,172.0,160.88098193093427
6,36,1600,75,38,0,47,7,90.0,0.0
6,36,1600,70,38,0,85,6,134.0,0.0
6,36,1600,70,48,0,31,3,56.0,0.0
6,36,1600,65,43,1,43,4,104.0,76.92958106387363
6,36,1600,60,45,1,47,4,104.0,105.97432992363181
6,36,1600,60,49,1,31,5,116.0,40.08878153883758
6,36,1600,90,38,0,115,8,184.0,0.0
6,36,1600,85,42,0,127,8,184.0,0.0
6,36,1600,90,46,1,79,14,118.0,104.36699518465635
6,36,1600,90,49,1,69,6,100.0,76.40979959877376
6,36,1600,70,45,0,59,8,154.0,0.0
6,36,1600,75,44,0,49,6,104.0,0.0
6,36,1600,80,45,1,81,5,136.0,113.0026879764245
6,36,1500,60,35,0,67,12,184.0,0.0
6,36,1600,85,35,0,89,14,226.0,0.0
6,36,1600,80,41,1,59,8,110.0,163.17605531584826
6,36,1500,80,44,0,65,8,150.0,0.0
6,36,1500,65,42,1,17,2,34.0,23.445600558849343
6,36,1500,70,49,1,29,3,50.0,39.70342503995364
6,36,1500,60,50,1,47,6,86.0,145.11862679457303
6,36,1500,60,36,1,51,7,114.0,54.15041040313272
6,36,1500,90,40,1,97,6,126.0,64.09957451201899
6,36,1500,60,41,0,81,7,130.0,0.0
6,36,1500,60,42,0,27,1,28.0,0.0
6,36,1500,85,45,0,21,3,38.0,0.0
6,36,1500,60,45,1,69,8,128.0,127.9744468045723
6,36,1500,60,47,0,75,6,126.0,0.0
6,36,1500,65,36,0,117,13,226.0,0.0
6,36,1500,65,38,0,55,6,108.0,0.0
6,36,1500,70,42,1,17,1,18.0,23.514243962096383
6,36,1500,60,43,1,91,8,176.0,73.70982355532819
6,36,1500,90,44,0,29,3,40.0,0.0
6,36,1500,85,42,1,57,5,86.0,87.88070740607041
6,36,1500,75,43,1,51,4,104.0,64.82161131904905
6,36,1500,60,35,0,29,3,60.0,0.0
6,36,1500,90,39,0,27,4,28.0,0.0
6,36,1500,80,47,1,55,9,148.0,125.16955716921444
6,36,1500,90,47,0,115,10,164.0,0.0
6,36,1500,60,41,1,61,10,114.0,153.6481683055131
6,36,1500,60,50,1,29,3,68.0,92.85623617214142
6,36,1500,80,43,0,29,3,58.0,0.0
6,36,1500,80,38,1,75,13,130.0,170.6255561677841
6,36,1500,70,40,0,53,6,84.0,0.0
6,36,1500,80,44,1,51,9,114.0,225.3625698844932
6,36,1500,60,49,0,57,4,58.0,0.0
6,36,1500,60,39,0,53,8,106.0,0.0
6,36,1500,85,46,1,85,10,134.0,107.37218345849705
6,36,1500,75,49,1,73,7,100.0,49.81076190645734
6,36,1500,90,50,0,45,5,68.0,0.0
6,36,1500,75,40,1,49,8,146.0,116.12704887740232
6,36,1500,75,48,1,25,5,48.0,121.84983418514692
6,36,1500,70,48,0,109,7,160.0,0.0
6,36,1500,90,47,1,49,5,80.0,78.18519451609426
6,36,1500,75,48,0,45,5,46.0,0.0
6,36,1500,65,48,0,23,1,24.0,0.0
6,35,3000,60,45,1,171,14,378.0,344.4890246930408
6,35,3000,60,36,0,147,27,584.0,0.0
6,35,3000,80,37,1,93,32,390.0,484.08702317565644
6,35,3000,85,40,1,157,33,578.0,605.9083151860032
6,35,3000,65,38,0,167,26,804.0,0.0
6,35,3000,65,41,1,225,30,690.0,617.9973073051507
6,35,3000,70,42,0,175,19,572.0,0.0
6,35,3000,75,47,0,165,26,618.0,0.0
6,35,3000,75,35,1,155,34,570.0,395.65014056189113
6,35,3000,75,35,0,225,33,832.0,0.0
6,35,3000,85,42,0,153,29,602.0,0.0
6,35,3000,70,42,1,153,32,538.0,460.2121268395244
6,35,3000,70,48,0,227,20,562.0,0.0
6,35,3000,65,49,1,107,26,514.0,485.73117065658647
6,35,3000,85,50,1,163,26,442.0,618.974464329402
6,35,3000,60,36,0,159,31,632.0,0.0
6,35,3000,65,39,1,115,28,416.0,456.9142777614919
6,35,3000,85,39,0,221,33,820.0,0.0
6,35,3000,80,44,0,163,24,540.0,0.0
6,35,3000,75,42,1,137,29,400.0,362.7576408281869
6,35,3000,70,46,1,127,26,476.0,405.751484471894
6,35,3000,75,48,0,157,26,534.0,0.0
6,35,3000,80,35,1,85,35,430.0,485.98017275834025
6,35,3000,70,39,1,101,33,482.0,807.8457183122001
6,35,3000,75,41,1,97,28,436.0,563.4991178303562
6,35,3000,90,39,0,169,33,680.0,0.0
6,35,3000,75,43,1,169,26,536.0,458.4225393437192
6,35,3000,70,47,0,233,21,566.0,0.0
6,35,3000,90,41,0,233,29,878.0,0.0
6,35,3000,80,35,0,215,34,692.0,0.0
6,35,3000,80,36,0,171,35,632.0,0.0
6,35,3000,90,37,1,77,35,416.0,540.2277411585118
6,35,3000,65,39,0,167,30,764.0,0.0
6,35,3000,90,39,1,165,25,438.0,364.15111099690404
6,35,3000,75,45,1,91,30,444.0,659.6976745843687
6,35,3000,70,44,0,205,23,534.0,0.0
6,35,3000,65,43,1,167,30,524.0,665.2654705531917
6,35,2900,65,39,1,129,30,580.0,691.0429708797691
6,35,3000,90,43,0,229,31,886.0,0.0
6,35,3000,60,45,1,105,18,388.0,319.0891103852801
6,35,2900,65,48,1,111,15,480.0,373.25560201683993
6,35,3000,85,45,0,157,29,688.0,0.0
6,35,2900,65,45,0,167,22,522.0,0.0
6,35,2900,90,41,0,163,27,628.0,0.0
6,35,2900,60,39,0,221,32,762.0,0.0
6,35,2900,70,35,1,95,31,408.0,564.0866448428018
6,35,2900,90,49,1,157,24,428.0,326.8279404666913
6,35,2900,85,43,0,163,25,652.0,0.0
6,35,2900,90,44,1,155,27,536.0,627.2944093138561
6,35,2900,65,42,0,209,21,740.0,0.0
6,35,2900,90,44,1,107,25,500.0,519.8501191937394
6,35,2900,85,37,1,127,31,512.0,471.5863082770364
6,35,2900,65,42,0,331,22,726.0,0.0
6,35,2900,85,43,0,215,23,624.0,0.0
6,35,2900,90,42,0,159,28,820.0,0.0
6,35,2900,75,48,1,169,18,356.0,402.92427073780664
6,35,2900,85,50,0,163,20,490.0,0.0
6,35,2900,65,47,1,129,19,368.0,288.2779200376479
6,35,2900,75,36,0,161,34,650.0,0.0
6,35,2900,65,38,0,279,26,686.0,0.0
6,35,2900,70,42,0,253,26,670.0,0.0
6,35,2900,80,43,1,113,27,504.0,515.7454853283957
6,35,2900,85,42,1,129,35,512.0,657.1240029537066
6,35,2900,60,36,1,165,31,580.0,385.6009646430273
6,35,2900,65,48,1,215,15,398.0,383.4285126135625
6,35,2900,60,38,1,217,27,614.0,427.6120923264818
6,35,2900,80,39,1,159,30,522.0,577.2827557814676
6,35,2900,75,47,0,147,18,432.0,0.0
6,35,2900,65,47,1,169,27,522.0,543.429000033972
6,35,2900,85,39,0,219,28,748.0,0.0
6,35,2900,65,46,0,169,23,592.0,0.0
6,35,2900,65,42,0,311,25,738.0,0.0
6,35,2900,75,35,1,77,33,334.0,401.79403308757566
6,35,2900,70,40,0,157,25,628.0,0.0
6,35,2900,75,38,0,241,31,814.0,0.0
6,35,2900,80,39,0,217,28,746.0,0.0
6,35,2900,65,48,1,129,20,450.0,446.83556490333973
6,35,2800,90,38,1,91,34,432.0,745.6274004356718
6,35,2900,60,48,1,157,17,516.0,556.4721459642702
6,35,2900,80,50,0,165,24,656.0,0.0
6,35,2900,90,50,1,157,30,606.0,944.0667078131265
6,35,2800,80,35,0,147,29,588.0,0.0
6,35,2800,60,42,1,93,14,284.0,228.64217865705123
6,35,2800,80,35,1,81,35,374.0,504.9532480410104
6,35,2800,65,36,0,197,32,736.0,0.0
6,35,2800,65,45,0,199,13,402.0,0.0
6,35,2800,80,37,1,123,31,564.0,543.1357079524074
6,35,2800,70,38,0,215,28,772.0,0.0
6,35,2800,65,36,1,163,32,542.0,431.35423783090243
6,35,2800,85,37,0,201,30,578.0,0.0
6,35,2800,75,42,1,105,25,458.0,381.9264718065142
6,35,2800,85,41,1,107,27,452.0,426.83780909392914
6,35,2800,75,41,0,109,23,396.0,0.0
6,35,2800,80,49,0,191,16,488.0,0.0
6,35,2800,60,49,1,141,20,488.0,309.8570756705735
6,35,2800,70,37,1,141,34,524.0,603.2194159125111
6,35,2800,90,40,0,159,27,664.0,0.0
6,35,2800,90,42,0,153,31,570.0,0.0
6,35,2800,60,44,0,207,19,590.0,0.0
6,35,2800,75,49,1,137,21,506.0,269.3006936824178
6,35,2800,70,43,0,161,26,562.0,0.0
6,35,2800,85,47,1,111,28,522.0,398.183331080028
6,35,2800,85,35,1,123,32,404.0,537.9009772255051
6,35,2800,70,39,1,177,28,518.0,535.8264946337556
6,35,2800,70,42,1,113,28,528.0,394.6143316501812
6,35,2800,70,43,0,207,27,618.0,0.0
6,35,2800,80,46,0,151,17,368.0,0.0
6,35,2800,80,50,0,149,16,500.0,0.0
6,35,2800,60,44,1,97,14,316.0,406.547061899181
6,35,2800,85,38,0,159,28,664.0,0.0
6,35,2800,80,37,1,85,34,422.0,515.5488461995942
6,35,2800,70,39,0,165,29,686.0,0.0
6,35,2800,60,46,1,91,23,426.0,328.1111068466391
6,35,2800,75,48,0,159,22,450.0,0.0
6,35,2800,75,49,1,95,21,364.0,364.1564805614634
6,35,2800,90,49,1,153,17,376.0,274.73836622849586
6,35,2800,70,47,0,157,23,706.0,0.0
6,35,2800,65,44,0,155,16,482.0,0.0
6,35,2700,75,36,1,99,30,384.0,399.7102095558227
6,35,2800,65,36,1,107,32,498.0,529.5605034128757
6,35,2700,70,39,0,189,23,646.0,0.0
6,35,2800,65,45,0,157,23,614.0,0.0
6,35,2700,90,50,1,119,19,478.0,633.3660599085919
6,35,2700,75,49,0,143,18,444.0,0.0
6,35,2700,80,44,1,197,26,660.0,475.2387587673791
6,35,2700,85,35,0,143,30,492.0,0.0
6,35,2700,70,38,0,125,19,466.0,0.0
6,35,2700,80,39,1,81,25,332.0,486.99577323464644
6,35,2700,65,44,0,105,18,316.0,0.0
6,35,2700,80,43,1,103,18,426.0,318.830926238307
6,35,2700,80,50,1,113,25,518.0,477.8013760250723
6,35,2700,70,45,0,239,20,516.0,0.0
6,35,2700,80,38,0,137,26,572.0,0.0
6,35,2700,85,38,1,109,31,362.0,458.1752664598471
6,35,2700,60,40,0,153,18,476.0,0.0
6,35,2700,80,44,1,83,18,386.0,379.289482236489
6,35,2700,65,47,1,137,26,432.0,445.3463149884712
6,35,2700,70,49,0,157,18,494.0,0.0
6,35,2700,85,46,1,199,27,638.0,428.3656142312983
6,35,2700,70,35,1,129,27,416.0,410.23979901826044
6,35,2700,85,38,1,97,35,500.0,751.5894414447062
6,35,2700,90,41,0,145,26,622.0,0.0
6,35,2700,85,40,0,105,30,540.0,0.0
6,35,2700,80,48,0,137,17,472.0,0.0
6,35,2700,65,43,0,129,20,418.0,0.0
6,35,2700,75,46,1,193,20,430.0,362.4647593062001
6,35,2700,85,45,1,175,26,496.0,439.6881981045464
6,35,2700,85,42,1,105,33,476.0,626.3164794289552
6,35,2700,80,47,1,123,12,258.0,180.74034133783914
6,35,2700,90,42,0,255,29,740.0,0.0
6,35,2700,75,48,1,165,26,532.0,501.66052252916603
6,35,2700,75,48,0,177,18,472.0,0.0
6,35,2700,60,49,0,151,10,300.0,0.0
6,35,2700,85,44,0,153,23,530.0,0.0
6,35,2700,90,38,1,87,33,394.0,547.4606012132373
6,35,2700,85,38,0,243,28,674.0,0.0
6,35,2700,75,38,0,99,24,500.0,0.0
6,35,2700,65,40,1,185,25,574.0,436.2397301024178
6,35,2700,70,50,1,135,13,234.0,244.40078205872632
6,35,2700,85,50,0,143,17,458.0,0.0
6,35,2600,90,38,1,99,26,400.0,417.48105189775464
6,35,2600,90,45,1,91,32,456.0,673.4065427798779
6,35,2600,75,39,1,125,25,420.0,538.5365367232494
6,35,2600,70,37,1,89,29,376.0,413.6455361802184
6,35,2600,60,43,0,177,23,598.0,0.0
6,35,2600,85,47,0,141,13,420.0,0.0
6,35,2600,85,48,0,149,15,344.0,0.0
6,35,2600,90,50,0,141,20,454.0,0.0
6,35,2600,90,38,1,121,32,458.0,588.1996369126459
6,35,2600,65,45,0,143,21,492.0,0.0
6,35,2600,75,47,0,139,16,418.0,0.0
6,35,2600,65,47,1,93,13,282.0,188.46013097849348
6,35,2600,90,50,1,127,17,344.0,423.50762374383277
6,35,2600,75,49,1,151,19,322.0,275.3476274516761
6,35,2600,65,47,0,273,16,542.0,0.0
6,35,2600,65,38,1,81,20,340.0,220.04378804118733
6,35,2600,75,43,0,187,24,620.0,0.0
6,35,2600,65,40,0,101,18,432.0,0.0
6,35,2600,75,40,1,97,23,434.0,345.32237075650465
6,35,2600,90,41,0,143,26,618.0,0.0
6,35,2600,85,42,0,149,24,670.0,0.0
6,35,2600,75,49,1,91,16,356.0,167.29483015658639
6,35,2600,80,37,0,139,30,664.0,0.0
6,35,2600,90,36,0,135,28,492.0,0.0
6,35,2600,80,38,1,103,32,476.0,596.5201741369885
6,35,2600,65,42,0,245,26,662.0,0.0
6,35,2600,85,43,1,95,27,406.0,593.7955536477813
6,35,2600,65,50,1,143,23,446.0,616.3727243995326
6,35,2600,85,47,1,127,17,474.0,247.1115424605508
6,35,2600,90,40,0,151,24,530.0,0.0
6,35,2600,65,39,1,111,23,412.0,379.32383818008384
6,35,2600,60,42,1,135,18,384.0,236.02668336485297
6,35,2600,70,43,0,177,18,444.0,0.0
6,35,2600,90,44,0,191,24,624.0,0.0
6,35,2600,65,48,0,183,12,278.0,0.0
6,35,2600,70,47,1,97,17,360.0,303.2404902063713
6,35,2500,65,37,0,143,22,432.0,0.0
6,35,2500,60,38,1,143,22,440.0,460.8100091768814
6,35,2500,90,44,1,101,18,434.0,500.22453254071957
6,35,2600,65,45,1,103,13,314.0,362.1227563925828
6,35,2600,85,47,1,129,19,298.0,266.18305383312435
6,35,2600,65,49,0,145,22,656.0,0.0
6,35,2600,80,46,0,143,18,560.0,0.0
6,35,2500,85,37,0,133,22,484.0,0.0
6,35,2500,70,41,0,97,17,352.0,0.0
6,35,2500,85,42,1,89,26,416.0,407.97008891924185
6,35,2500,65,41,0,193,26,702.0,0.0
6,35,2500,60,46,1,57,12,234.0,206.8020463455256
6,35,2500,60,46,0,123,15,398.0,0.0
6,35,2500,70,47,1,129,13,288.0,157.29135626261152
6,35,2500,70,35,0,125,25,516.0,0.0
6,35,2500,75,39,1,139,20,332.0,465.3685674053933
6,35,2500,90,42,1,213,21,518.0,256.82866216072176
6,35,2500,85,47,0,187,20,562.0,0.0
6,35,2500,90,47,0,147,17,416.0,0.0
6,35,2500,70,48,1,77,14,278.0,229.75255468459957
6,35,2500,75,48,1,121,12,338.0,305.2927815759923
6,35,2500,80,37,1,91,32,354.0,592.5288808605694
6,35,2500,85,37,0,237,26,616.0,0.0
6,35,2500,80,43,1,95,16,318.0,289.61795646071835
6,35,2500,60,44,0,163,20,524.0,0.0
6,35,2500,85,47,0,89,17,390.0,0.0
6,35,2500,85,48,0,117,17,376.0,0.0
6,35,2500,75,45,1,141,15,556.0,396.57534378069175
6,35,2500,70,39,0,139,24,528.0,0.0
6,35,2500,85,42,0,139,19,464.0,0.0
6,35,2500,80,46,1,99,17,324.0,263.3529112333002
6,35,2500,90,41,1,211,20,496.0,318.5886582363378
6,35,2500,75,44,0,189,16,444.0,0.0
6,35,2500,85,49,1,85,17,210.0,178.3050437526357
6,35,2500,60,47,1,155,19,364.0,225.42542883818038
6,35,2500,65,35,0,287,25,622.0,0.0
6,35,2500,65,35,1,111,25,410.0,315.9171168721867
6,35,2500,60,39,0,113,16,346.0,0.0
6,35,2500,70,38,1,147,30,510.0,509.3245178207051
6,35,2500,60,40,0,147,20,446.0,0.0
6,35,2500,85,47,0,185,19,492.0,0.0
6,35,2500,90,49,1,109,15,260.0,185.56123299809514
6,35,2500,60,35,0,89,14,300.0,0.0
6,35,2400,85,40,1,89,22,442.0,394.837277956233
6,35,2400,75,36,1,91,25,378.0,286.0503333702165
6,35,2400,85,46,0,179,18,490.0,0.0
6,35,2400,80,41,0,169,21,482.0,0.0
6,35,2400,70,50,1,87,6,172.0,196.91766071528
6,35,2500,60,47,1,137,17,354.0,194.01257726887522
6,35,2400,90,36,0,127,27,456.0,0.0
6,35,2400,90,37,0,89,21,352.0,0.0
6,35,2400,85,42,1,113,22,436.0,373.0793697982046
6,35,2400,65,41,1,129,21,452.0,414.7870699528816
6,35,2400,60,47,1,187,15,308.0,208.55707672075573
6,35,2400,70,46,0,165,15,418.0,0.0
6,35,2400,85,46,1,81,18,272.0,292.68162914999255
6,35,2400,90,50,0,83,11,242.0,0.0
6,35,2400,90,35,1,133,29,532.0,454.062649028278
6,35,2400,85,45,0,93,20,404.0,0.0
6,35,2400,70,39,0,137,22,536.0,0.0
6,35,2400,80,45,1,85,15,340.0,432.3808282540846
6,35,2400,80,50,1,135,14,328.0,259.09745951793826
6,35,2400,75,42,0,93,15,250.0,0.0
6,35,2400,70,50,0,181,11,304.0,0.0
6,35,2400,75,37,0,157,20,546.0,0.0
6,35,2400,85,38,1,123,26,398.0,380.0673200657321
6,35,2400,85,43,1,91,24,340.0,495.791182617402
6,35,2400,70,44,0,129,21,434.0,0.0
6,35,2400,85,48,0,73,9,206.0,0.0
6,35,2400,75,46,1,107,14,258.0,203.88405864548088
6,35,2400,70,44,1,125,18,326.0,358.74480931753476
6,35,2400,60,35,0,91,18,394.0,0.0
6,35,2400,60,39,1,181,15,434.0,404.63226582862353
6,35,2400,70,48,0,135,15,358.0,0.0
6,35,2400,90,43,0,89,17,298.0,0.0
6,35,2400,85,40,0,163,16,380.0,0.0
6,35,2400,70,49,1,111,19,372.0,325.8988575527183
6,35,2400,60,42,1,83,16,346.0,281.32293057439534
6,35,2400,90,37,0,139,24,508.0,0.0
6,35,2400,70,41,1,93,17,352.0,265.61061270331226
6,35,2400,60,45,1,95,10,300.0,181.90313774961587
6,35,2400,90,46,0,93,16,294.0,0.0
6,35,2300,60,45,1,157,18,362.0,379.89228901285287
6,35,2400,75,50,0,127,16,346.0,0.0
6,35,2400,60,44,1,87,14,236.0,244.20109567431763
6,35,2300,65,35,1,105,31,412.0,448.566545849669
6,35,2300,70,35,0,165,25,590.0,0.0
6,35,2300,85,39,0,83,17,320.0,0.0
6,35,2300,85,41,0,169,24,460.0,0.0
6,35,2300,75,39,1,85,15,252.0,237.14554472818133
6,35,2300,60,48,1,83,13,256.0,329.5805150664722
6,35,2300,70,49,0,123,13,256.0,0.0
6,35,2300,70,36,1,87,23,400.0,239.439068290427
6,35,2300,65,40,0,149,11,316.0,0.0
6,35,2300,70,45,1,71,13,186.0,179.28242339931722
6,35,2300,60,44,1,125,11,296.0,307.75934805286704
6,35,2300,75,49,0,123,14,340.0,0.0
6,35,2300,75,43,0,127,15,292.0,0.0
6,35,2300,75,49,1,121,17,296.0,263.86990011444084
6,35,2300,75,37,1,97,22,366.0,342.1890765816306
6,35,2300,90,38,0,173,24,612.0,0.0
6,35,2300,90,39,0,179,15,326.0,0.0
6,35,2300,80,43,0,117,13,314.0,0.0
6,35,2300,85,46,0,125,14,364.0,0.0
6,35,2300,90,43,1,167,21,480.0,426.99005036223593
6,35,2300,80,44,1,133,17,332.0,317.6471182634756
6,35,2300,80,35,1,127,24,392.0,206.92031978222346
6,35,2300,90,36,0,129,20,504.0,0.0
6,35,2300,85,35,0,133,24,534.0,0.0
6,35,2300,90,40,1,113,20,304.0,261.47528306546315
6,35,2300,70,44,1,123,18,418.0,382.29446093828886
6,35,2300,70,37,1,83,20,430.0,301.9434541772214
6,35,2300,90,43,0,123,16,406.0,0.0
6,35,2300,75,36,1,129,25,450.0,353.7042241648056
6,35,2300,80,41,0,99,17,390.0,0.0
6,35,2300,85,47,1,157,15,354.0,247.39990541684068
6,35,2300,80,48,0,83,13,298.0,0.0
6,35,2300,65,40,0,173,13,372.0,0.0
6,35,2300,75,48,0,167,13,214.0,0.0
6,35,2300,80,47,1,85,16,332.0,193.9755493662125
6,35,2300,80,40,0,91,20,372.0,0.0
6,35,2200,90,43,0,121,21,514.0,0.0
6,35,2200,80,46,1,137,16,306.0,260.9496238564715
6,35,2300,60,48,0,81,10,202.0,0.0
6,35,2200,75,45,1,73,8,222.0,281.922255182697
6,35,2300,85,49,1,105,13,282.0,172.3800722451565
6,35,2300,80,49,1,125,13,268.0,149.89589201851933
6,35,2200,80,36,0,159,26,498.0,0.0
6,35,2200,60,36,0,121,21,442.0,0.0
6,35,2200,70,37,1,99,19,300.0,300.0381750658851
6,35,2200,65,36,0,75,11,260.0,0.0
6,35,2200,70,41,0,85,16,374.0,0.0
6,35,2200,85,44,1,95,15,162.0,352.71050819710183
6,35,2200,90,49,1,95,17,274.0,125.73244822916476
6,35,2200,65,37,1,119,21,440.0,359.4460780722346
6,35,2200,80,41,0,83,17,294.0,0.0
6,35,2200,80,42,0,119,9,230.0,0.0
6,35,2200,60,44,1,83,15,196.0,311.20711529170336
6,35,2200,80,42,1,107,16,350.0,345.8350118213339
6,35,2200,60,44,1,41,5,146.0,137.76657648583966
6,35,2200,60,47,0,83,9,206.0,0.0
6,35,2200,80,38,1,139,23,344.0,221.24153432018005
6,35,2200,90,48,0,77,13,262.0,0.0
6,35,2200,80,50,0,71,11,216.0,0.0
6,35,2200,70,43,0,83,14,348.0,0.0
6,35,2200,90,47,1,81,12,260.0,205.99631609867413
6,35,2200,70,50,0,117,8,278.0,0.0
6,35,2200,60,48,1,117,8,196.0,213.2882109840636
6,35,2200,75,35,1,85,23,334.0,313.84084905688337
6,35,2200,90,38,1,87,27,338.0,380.06069394363925
6,35,2200,75,35,0,123,18,372.0,0.0
6,35,2200,60,45,1,133,12,134.0,182.90526646878573
6,35,2200,80,43,1,81,16,234.0,271.00750796041024
6,35,2200,90,47,0,111,14,310.0,0.0
6,35,2200,65,47,0,83,11,270.0,0.0
6,35,2200,75,35,0,71,16,234.0,0.0
6,35,2200,85,39,1,81,14,238.0,393.64724361704924
6,35,2200,65,41,0,73,16,296.0,0.0
6,35,2200,70,40,1,93,14,192.0,239.82321486948072
6,35,2200,60,42,0,143,8,170.0,0.0
6,35,2200,60,43,1,43,9,202.0,125.5550926810067
6,35,2200,75,49,0,125,8,202.0,0.0
6,35,2100,75,37,1,93,23,374.0,294.19465855522924
6,35,2100,85,37,1,73,26,248.0,370.0989479920331
6,35,2200,70,42,0,115,16,346.0,0.0
6,35,2100,90,43,0,115,15,256.0,0.0
6,35,2100,65,50,1,131,10,244.0,221.7578467112315
6,35,2200,60,47,1,109,14,270.0,252.91586472852683
6,35,2100,85,48,0,113,8,216.0,0.0
6,35,2100,60,36,1,91,21,310.0,217.35752402751788
6,35,2100,85,35,0,139,21,478.0,0.0
6,35,2100,75,45,0,89,13,198.0,0.0
6,35,2100,75,47,0,75,7,242.0,0.0
6,35,2100,75,47,1,83,18,302.0,287.64600197080165
6,35,2100,60,47,1,33,3,68.0,61.13710625613734
6,35,2100,65,44,0,181,16,356.0,0.0
6,35,2100,85,37,1,113,21,322.0,222.0237568931922
6,35,2100,80,40,1,105,21,354.0,394.832754439397
6,35,2100,70,40,0,93,13,300.0,0.0
6,35,2100,85,43,1,69,12,206.0,180.20609272940462
6,35,2100,60,46,0,109,7,248.0,0.0
6,35,2100,90,44,0,107,17,306.0,0.0
6,35,2100,65,50,1,81,9,246.0,238.50409842567888
6,35,2100,60,38,1,87,18,206.0,211.04250837699578
6,35,2100,70,40,0,179,15,302.0,0.0
6,35,2100,80,47,0,121,8,222.0,0.0
6,35,2100,65,44,0,71,8,210.0,0.0
6,35,2100,75,49,1,67,5,68.0,17.954381456574914
6,35,2100,85,48,0,157,12,266.0,0.0
6,35,2100,65,47,1,53,11,168.0,157.04321793348865
6,35,2100,70,35,0,235,17,470.0,0.0
6,35,2100,80,38,1,75,22,340.0,328.6506390735709
6,35,2100,65,36,0,113,18,392.0,0.0
6,35,2100,85,42,1,77,12,180.0,226.9918701237082
6,35,2100,85,42,1,95,18,246.0,311.45796249909637
6,35,2100,80,41,0,77,15,254.0,0.0
6,35,2100,60,48,1,75,10,214.0,187.04163600443658
6,35,2100,90,37,0,111,21,344.0,0.0
6,35,2100,85,40,1,73,20,310.0,277.7738751715068
6,35,2100,65,45,0,67,6,168.0,0.0
6,35,2100,70,49,1,79,11,148.0,144.61579224053978
6,35,2100,60,43,0,111,13,268.0,0.0
6,35,2100,60,47,1,69,14,206.0,231.99923286522798
6,35,2100,90,45,0,71,7,212.0,0.0
6,35,2000,80,43,1,79,16,272.0,209.02100440457448
6,35,2000,90,37,0,99,15,288.0,0.0
6,35,2000,60,41,1,79,11,184.0,248.51145093560075
6,35,2000,75,35,0,105,14,318.0,0.0
6,35,2000,75,36,1,83,18,270.0,224.43171885751747
6,35,2000,90,42,1,71,12,160.0,190.58869917719483
6,35,2000,80,50,0,77,10,274.0,0.0
6,35,2000,60,47,0,69,5,146.0,0.0
6,35,2000,80,36,1,73,16,246.0,124.95727847731183
6,35,2000,80,39,0,87,14,200.0,0.0
6,35,2000,65,42,0,105,10,266.0,0.0
6,35,2000,85,46,1,125,17,294.0,292.94084155895604
6,35,2000,70,48,0,73,8,176.0,0.0
6,35,2000,70,45,1,101,11,290.0,267.65202160057385
6,35,2000,60,47,1,83,8,150.0,131.12479821931842
6,35,2000,65,36,0,137,15,290.0,0.0
6,35,2000,80,37,1,93,16,298.0,208.54239237177026
6,35,2000,85,42,1,89,13,186.0,147.27847402474964
6,35,2000,65,46,0,71,8,142.0,0.0
6,35,2000,60,49,0,113,13,226.0,0.0
6,35,2000,75,48,1,121,13,224.0,351.0961877095979
6,35,2000,75,50,0,105,8,224.0,0.0
6,35,2000,80,35,0,145,15,310.0,0.0
6,35,2000,90,36,1,103,20,264.0,154.70860005875485
6,35,2000,75,42,0,105,11,240.0,0.0
6,35,2000,85,41,0,67,11,162.0,0.0
6,35,2000,85,46,1,79,12,184.0,101.42234882870504
6,35,2000,85,39,1,63,19,200.0,358.26687961963586
6,35,2000,90,49,1,51,9,156.0,74.84108150780739
6,35,2000,70,35,0,101,11,200.0,0.0
6,35,2000,80,39,0,109,15,318.0,0.0
6,35,2000,85,39,0,107,16,326.0,0.0
6,35,2000,85,47,0,69,6,164.0,0.0
6,35,2000,75,44,1,57,12,130.0,239.0297218202659
6,35,2000,75,50,1,105,9,192.0,226.9651573681953
6,35,2000,80,50,1,49,8,126.0,228.05972931983547
6,35,2000,60,35,1,93,14,278.0,159.25532793848924
6,35,2000,90,48,1,105,8,138.0,233.46716211547493
6,35,2000,90,36,0,97,15,194.0,0.0
6,35,2000,90,45,0,105,9,218.0,0.0
6,35,1900,90,46,0,71,8,144.0,0.0
6,35,1900,65,47,1,77,8,134.0,104.02405474844244
6,35,1900,60,36,1,121,14,236.0,125.34766228790764
6,35,1900,60,42,0,187,9,224.0,0.0
6,35,1900,90,50,1,85,11,186.0,242.85936703118534
6,35,1900,80,40,1,45,8,142.0,112.60948603027354
6,35,1900,90,40,0,67,12,196.0,0.0
6,35,1900,70,40,0,91,12,234.0,0.0
6,35,1900,60,39,1,71,11,194.0,235.06997082997867
6,35,1900,70,41,1,65,16,242.0,255.16653204224468
6,35,1900,70,50,0,103,8,192.0,0.0
6,35,1900,60,50,0,69,5,70.0,0.0
6,35,1900,80,38,1,95,16,184.0,254.63659030392122
6,35,1900,70,35,0,97,14,234.0,0.0
6,35,1900,70,39,0,99,12,260.0,0.0
6,35,1900,80,36,0,59,7,126.0,0.0
6,35,1900,75,40,1,75,15,254.0,173.20872325795617
6,35,1900,70,43,0,105,10,172.0,0.0
6,35,1900,70,43,1,107,8,180.0,113.83244525269674
6,35,1900,85,40,1,109,13,334.0,158.56239914660276
6,35,1900,65,35,1,85,15,286.0,135.71754357195493
6,35,1900,80,37,1,87,19,280.0,260.7887119214019
6,35,1900,80,39,1,165,10,254.0,264.95910641054127
6,35,1900,65,42,0,29,5,58.0,0.0
6,35,1900,60,41,0,129,16,298.0,0.0
6,35,1900,65,41,1,71,10,234.0,181.2701023835578
6,35,1900,90,45,0,63,9,128.0,0.0
6,35,1900,60,36,0,93,11,192.0,0.0
6,35,1900,60,36,1,73,5,162.0,61.10937741581571
6,35,1900,60,36,1,65,19,184.0,189.0035439878472
6,35,1900,90,39,0,109,11,160.0,0.0
6,35,1900,60,37,1,117,15,362.0,201.36549066579948
6,35,1900,60,35,1,75,17,318.0,209.49737624177712
6,35,1900,90,47,0,109,9,146.0,0.0
6,35,1900,85,48,0,65,9,168.0,0.0
6,35,1900,85,42,0,71,6,146.0,0.0
6,35,1900,75,45,1,37,4,72.0,21.59584331342011
6,35,1900,70,35,0,103,15,354.0,0.0
6,35,1800,70,40,0,69,8,162.0,0.0
6,35,1900,60,42,0,65,9,196.0,0.0
6,35,1900,90,48,1,79,12,122.0,250.10956528003126
6,35,1800,70,43,1,71,11,224.0,246.19133245215698
6,35,1800,75,35,0,101,11,178.0,0.0
6,35,1800,75,43,1,81,16,204.0,269.31818163895406
6,35,1800,75,35,0,71,11,200.0,0.0
6,35,1800,85,37,1,109,15,258.0,170.16306289289713
6,35,1800,65,46,1,81,13,226.0,123.06315879830247
6,35,1800,75,36,1,89,11,188.0,84.45412559953259
6,35,1800,60,41,0,57,6,158.0,0.0
6,35,1800,75,49,1,39,5,40.0,60.37900087928472
6,35,1800,80,46,0,35,5,126.0,0.0
6,35,1800,60,35,1,65,17,198.0,193.8227926178377
6,35,1800,70,41,0,129,13,190.0,0.0
6,35,1800,70,47,1,51,12,102.0,108.3703111484677
6,35,1800,80,49,0,27,4,38.0,0.0
6,35,1800,60,48,1,65,7,150.0,171.13386204118729
6,35,1800,90,50,0,35,2,36.0,0.0
6,35,1800,75,49,0,35,4,104.0,0.0
6,35,1800,90,37,1,65,16,272.0,164.05901277821587
6,35,1800,85,38,1,57,17,176.0,206.31868408839387
6,35,1800,75,43,0,69,11,202.0,0.0
6,35,1800,85,50,1,63,7,100.0,136.0975961011237
6,35,1800,80,49,0,195,10,196.0,0.0
6,35,1800,75,44,0,63,7,156.0,0.0
6,35,1800,75,48,1,57,10,116.0,225.40814929542103
6,35,1800,80,39,0,97,21,386.0,0.0
6,35,1800,80,39,1,65,9,200.0,173.28895334846655
6,35,1800,65,42,0,61,9,160.0,0.0
6,35,1800,70,44,1,91,13,218.0,250.3549283083378
6,35,1800,80,47,0,63,6,100.0,0.0
6,35,1800,80,49,1,91,13,202.0,136.78822437803765
6,35,1800,65,42,0,153,15,322.0,0.0
6,35,1800,80,37,0,137,18,258.0,0.0
6,35,1800,70,41,0,93,9,190.0,0.0
6,35,1800,65,41,1,63,11,116.0,247.15135090415325
6,35,1800,60,47,0,59,6,90.0,0.0
6,35,1800,80,47,1,61,5,118.0,69.93922620109407
6,35,1800,90,50,1,55,8,106.0,187.86977182642391
6,35,1800,65,49,1,133,9,218.0,87.0004749927262
6,35,1700,70,35,0,53,10,114.0,0.0
6,35,1800,80,35,0,65,10,234.0,0.0
6,35,1700,90,37,1,61,14,146.0,116.24028363551601
6,35,1700,80,38,0,117,14,314.0,0.0
6,35,1700,75,48,0,93,8,202.0,0.0
6,35,1700,80,45,1,33,5,88.0,101.75657413770168
6,35,1700,85,48,1,53,7,156.0,217.78167038786103
6,35,1700,70,38,0,99,11,198.0,0.0
6,35,1700,85,40,1,89,9,146.0,99.52436902085385
6,35,1700,90,44,1,79,11,190.0,249.95322972159437
6,35,1700,80,42,0,31,6,78.0,0.0
6,35,1700,90,45,1,57,6,106.0,121.83746106044737
6,35,1700,60,48,0,87,5,88.0,0.0
6,35,1700,65,48,1,99,8,122.0,156.4088373467268
6,35,1700,70,35,0,125,12,198.0,0.0
6,35,1700,65,40,1,87,13,228.0,201.44260818975792
6,35,1700,60,43,1,53,7,114.0,99.27895125915008
6,35,1700,75,47,0,59,5,60.0,0.0
6,35,1700,85,49,1,51,10,92.0,145.35757169547966
6,35,1700,65,39,0,63,7,154.0,0.0
6,35,1700,85,43,0,63,11,174.0,0.0
6,35,1700,60,37,1,85,9,134.0,88.89693400203413
6,35,1700,90,41,0,61,10,184.0,0.0
6,35,1700,70,37,0,67,12,166.0,0.0
6,35,1700,85,42,1,63,12,190.0,164.99900690722657
6,35,1700,85,40,1,89,8,180.0,129.5872787151396
6,35,1700,90,48,1,57,6,136.0,136.78188836180937
6,35,1700,75,47,0,29,3,46.0,0.0
6,35,1700,85,35,1,85,17,296.0,160.83150458405075
6,35,1700,75,40,0,91,14,220.0,0.0
6,35,1700,90,43,0,95,6,158.0,0.0
6,35,1700,90,41,1,89,13,150.0,180.00620853348445
6,35,1700,80,47,0,61,5,62.0,0.0
6,35,1700,75,47,0,67,5,94.0,0.0
6,35,1700,90,49,1,59,6,154.0,56.66177509754674
6,35,1700,65,36,1,55,18,184.0,179.96151291056069
6,35,1700,75,35,0,91,13,252.0,0.0
6,35,1600,65,42,1,123,8,156.0,157.08546750436724
6,35,1700,85,44,1,89,10,124.0,205.2802418983836
6,35,1700,65,38,0,105,8,182.0,0.0
6,35,1700,60,50,1,61,6,80.0,151.65509431606617
6,35,1700,85,44,0,65,9,144.0,0.0
6,35,1600,85,37,0,55,8,118.0,0.0
6,35,1600,90,37,0,61,11,190.0,0.0
6,35,1600,85,44,1,0,0,0.0,0.0
6,35,1600,65,41,1,69,8,120.0,157.3314395668759
6,35,1600,65,45,1,95,6,128.0,105.4417197587296
6,35,1600,75,46,0,39,3,60.0,0.0
6,35,1600,75,43,0,61,9,118.0,0.0
6,35,1600,75,35,0,87,10,202.0,0.0
6,35,1600,80,41,1,67,9,130.0,206.83742316222654
6,35,1600,65,39,1,49,6,96.0,152.1141590588434
6,35,1600,80,43,1,41,7,68.0,58.89881585286354
6,35,1600,75,45,0,71,7,104.0,0.0
6,35,1600,85,49,1,49,8,130.0,161.09253613465896
6,35,1600,85,48,0,31,3,56.0,0.0
6,35,1600,65,37,1,79,8,184.0,100.89023047503301
6,35,1600,65,38,1,71,8,126.0,89.79881646766734
6,35,1600,65,39,0,59,9,150.0,0.0
6,35,1600,60,38,0,29,4,82.0,0.0
6,35,1600,75,44,0,61,6,124.0,0.0
6,35,1600,70,45,0,73,7,114.0,0.0
6,35,1600,70,47,1,37,2,38.0,30.519580761827214
6,35,1600,90,35,1,61,6,176.0,56.34477764829744
6,35,1600,70,36,0,91,10,192.0,0.0
6,35,1600,85,37,1,69,15,148.0,141.38601740580953
6,35,1600,65,42,0,31,5,78.0,0.0
6,35,1600,80,43,1,75,8,148.0,168.57625997471783
6,35,1600,65,43,1,91,7,120.0,102.81706628468892
6,35,1600,75,50,0,31,2,62.0,0.0
6,35,1600,85,36,1,63,12,138.0,110.15334561037058
6,35,1600,85,39,1,33,6,96.0,131.6336272249526
6,35,1600,65,42,0,61,6,100.0,0.0
6,35,1600,70,47,0,31,3,54.0,0.0
6,35,1600,65,46,0,107,6,138.0,0.0
6,35,1600,75,44,0,105,10,184.0,0.0
6,35,1600,90,35,1,123,16,256.0,127.99561842265692
6,35,1500,80,35,1,63,5,88.0,30.782217560419326
6,35,1600,70,37,1,101,10,164.0,114.1844853702217
6,35,1600,80,38,1,73,12,198.0,138.89247212974095
6,35,1500,75,39,0,53,7,108.0,0.0
6,35,1600,70,38,0,89,10,184.0,0.0
6,35,1600,90,49,0,31,5,84.0,0.0
6,35,1500,75,49,1,45,4,70.0,48.83121423923932
6,35,1500,75,35,0,115,13,194.0,0.0
6,35,1500,80,40,0,25,1,26.0,0.0
6,35,1500,65,42,1,35,5,58.0,118.08944804206571
6,35,1500,90,44,1,83,7,138.0,200.21961011174577
6,35,1500,80,47,0,65,6,66.0,0.0
6,35,1500,70,50,1,69,4,96.0,119.4915908566398
6,35,1500,75,48,0,125,7,126.0,0.0
6,35,1500,90,36,1,33,6,92.0,42.85383046147479
6,35,1500,80,39,0,29,5,78.0,0.0
6,35,1500,90,48,0,97,9,184.0,0.0
6,35,1500,85,48,0,87,7,88.0,0.0
6,35,1500,90,40,1,57,8,168.0,91.373062344298
6,35,1500,75,44,1,55,5,86.0,90.17524666718259
6,35,1500,80,42,1,51,9,82.0,151.66027717588733
6,35,1500,75,38,1,45,6,76.0,49.01844949749864
6,35,1500,85,42,0,57,6,118.0,0.0
6,35,1500,70,39,1,53,6,116.0,160.35793751024895
6,35,1500,75,48,0,27,5,68.0,0.0
6,35,1500,90,47,1,69,7,96.0,79.30944842026855
6,35,1500,90,48,0,79,4,80.0,0.0
6,35,1500,75,50,0,51,3,52.0,0.0
6,35,1500,90,35,0,51,6,74.0,0.0
6,35,1500,85,37,0,29,4,74.0,0.0
6,35,1500,85,39,1,55,8,128.0,156.25516274969345
6,35,1500,65,38,1,29,2,58.0,28.162655141654547
6,35,1500,80,43,1,45,6,70.0,68.70474263119857
6,35,1500,75,46,1,23,3,46.0,41.86749094791786
6,35,1500,65,45,0,25,2,50.0,0.0
6,35,1500,60,37,1,95,7,96.0,112.044906333622
6,35,1500,90,42,0,79,5,124.0,0.0
6,35,1500,70,37,1,43,7,66.0,44.44852489424175
6,35,1500,90,38,0,29,5,86.0,0.0
6,35,1500,65,43,0,25,4,74.0,0.0
6,35,1500,65,50,0,21,1,22.0,0.0
6,35,1500,65,45,1,55,2,56.0,59.93399894403893
6,35,1500,70,44,0,79,5,130.0,0.0
6,35,1500,70,45,1,47,5,108.0,89.98220400389599
