num_evs,num_tasks,ev_range,maze_loop_percentage,maze_size,bms,timesteps,num_tasks_finished,ev_distance,drone_distance
10,40,3000,60,35,0,115,37,686.0,0.0
10,40,3000,85,35,1,109,40,586.0,535.1274723705877
10,40,3000,65,47,1,117,26,630.0,371.01070295467287
10,40,3000,65,44,1,89,36,594.0,816.7188350510174
10,40,3000,65,47,0,163,15,542.0,0.0
10,40,3000,85,47,0,233,28,810.0,0.0
10,40,3000,60,50,1,163,18,432.0,460.469668649478
10,40,3000,70,50,0,161,21,564.0,0.0
10,40,3000,90,45,1,169,33,704.0,803.1636851213647
10,40,3000,75,40,0,223,30,888.0,0.0
10,40,3000,60,35,1,157,33,724.0,653.3483733822502
10,40,3000,90,36,1,115,37,598.0,510.3232242316738
10,40,3000,70,42,1,115,35,674.0,612.8767792231744
10,40,3000,80,43,0,277,29,666.0,0.0
10,40,3000,80,38,1,163,37,736.0,736.8082526137401
10,40,3000,85,45,0,139,27,794.0,0.0
10,40,3000,70,38,0,165,31,804.0,0.0
10,40,3000,80,39,0,229,29,692.0,0.0
10,40,3000,60,47,0,117,22,730.0,0.0
10,40,3000,65,44,1,115,23,610.0,573.9020644417459
10,40,3000,75,37,0,229,39,916.0,0.0
10,40,3000,75,40,1,101,35,640.0,598.6847025347952
10,40,3000,90,43,0,167,32,884.0,0.0
10,40,3000,85,38,1,115,35,664.0,620.6446644665205
10,40,3000,65,48,1,171,22,586.0,433.2084714466995
10,40,3000,75,40,1,117,29,536.0,344.90968901459365
10,40,3000,65,35,0,179,39,900.0,0.0
10,40,3000,65,50,0,117,21,604.0,0.0
10,40,3000,60,39,1,145,30,728.0,482.8453373018318
10,40,3000,70,37,0,107,33,714.0,0.0
10,40,3000,80,40,1,177,29,686.0,562.5794412095673
10,40,3000,70,44,0,157,31,830.0,0.0
10,40,3000,60,48,1,209,24,734.0,541.7596427741639
10,40,3000,60,35,0,177,40,832.0,0.0
10,40,3000,65,38,1,177,36,650.0,577.1600818212595
10,40,3000,75,40,0,173,28,732.0,0.0
10,40,3000,65,43,1,109,26,518.0,542.9851747624282
10,40,3000,60,41,1,111,29,662.0,543.6318274993646
10,40,3000,65,47,0,119,20,600.0,0.0
10,40,3000,75,36,1,281,36,876.0,549.6544076104653
10,40,3000,60,38,0,231,33,648.0,0.0
10,40,3000,60,39,0,157,34,842.0,0.0
10,40,3000,70,38,0,159,38,796.0,0.0
10,40,3000,70,46,0,161,28,660.0,0.0
10,40,3000,70,47,1,93,26,436.0,405.9784130988749
10,40,3000,90,44,1,175,32,782.0,666.1862079772116
10,40,3000,60,42,1,125,33,548.0,733.6391233269192
10,40,3000,70,37,1,115,36,604.0,667.3429888329581
10,40,3000,75,35,1,73,38,512.0,602.8166783970229
10,40,3000,80,45,0,175,35,832.0,0.0
10,40,3000,85,37,0,143,38,640.0,0.0
10,40,3000,70,47,1,109,25,494.0,431.7706495867893
10,40,3000,65,41,0,115,30,796.0,0.0
10,40,3000,60,36,1,127,35,670.0,456.91096597917874
10,40,3000,85,46,0,169,28,742.0,0.0
10,40,3000,65,35,1,113,39,642.0,556.5732195040409
10,40,3000,80,47,0,163,26,682.0,0.0
10,40,3000,80,50,1,163,20,634.0,648.6589996256489
10,40,3000,65,45,1,169,25,710.0,542.8460372533627
10,40,3000,80,50,0,231,23,778.0,0.0
10,40,3000,90,48,0,117,27,612.0,0.0
10,40,3000,60,39,0,229,30,720.0,0.0
10,40,3000,65,41,0,173,30,828.0,0.0
10,40,3000,60,45,1,147,24,674.0,456.648434381686
10,40,3000,60,46,1,117,27,626.0,372.33412279883663
10,40,3000,80,44,0,179,32,916.0,0.0
10,40,3000,90,46,0,113,28,732.0,0.0
10,40,3000,90,49,1,177,29,748.0,537.4745239556279
10,40,3000,80,43,1,113,30,604.0,577.189972572409
10,40,3000,60,43,0,109,21,512.0,0.0
10,40,3000,70,41,1,113,30,610.0,590.6808522759046
10,40,3000,85,44,1,117,34,632.0,608.8421889935507
10,40,3000,80,44,0,163,30,782.0,0.0
10,40,3000,80,49,0,117,20,566.0,0.0
10,40,3000,75,50,1,85,30,552.0,843.7959999082635
10,40,3000,90,49,0,107,25,602.0,0.0
10,40,3000,75,35,0,103,38,622.0,0.0
10,40,3000,90,37,1,117,39,660.0,570.7326451736662
10,40,3000,75,37,1,115,39,686.0,652.5229649152367
10,40,3000,65,39,1,157,35,640.0,666.9855586070631
10,40,3000,75,39,0,113,31,666.0,0.0
10,40,3000,60,37,0,161,30,564.0,0.0
10,40,3000,70,48,0,165,22,768.0,0.0
10,40,3000,60,38,0,153,29,734.0,0.0
10,40,3000,85,45,0,117,22,590.0,0.0
10,40,3000,85,44,1,113,27,462.0,408.2982012879137
10,40,3000,90,49,1,109,22,548.0,358.6929839049961
10,40,3000,70,46,1,147,31,576.0,404.00942501718225
10,40,3000,70,38,0,223,35,820.0,0.0
10,40,3000,65,46,1,95,26,360.0,358.8352420623885
10,40,3000,90,37,1,173,37,710.0,646.4928648178579
10,40,3000,80,40,0,163,34,794.0,0.0
10,40,3000,85,46,0,219,25,668.0,0.0
10,40,3000,70,43,1,165,32,638.0,615.8918926854537
10,40,3000,60,49,1,91,23,482.0,486.54659315685944
10,40,3000,90,44,0,211,25,728.0,0.0
10,40,3000,75,45,1,175,30,714.0,735.2447078379855
10,40,2900,70,38,1,115,34,742.0,551.3087275368339
10,40,3000,70,42,0,159,28,810.0,0.0
10,40,3000,60,43,1,173,25,630.0,506.6638520481608
10,40,2900,90,41,1,81,33,504.0,628.5343333896407
10,40,2900,80,35,0,105,34,654.0,0.0
10,40,2900,60,46,0,169,27,808.0,0.0
10,40,3000,90,45,0,165,25,652.0,0.0
10,40,2900,85,36,1,159,36,714.0,521.7568870610377
10,40,2900,65,40,1,115,30,664.0,471.11797253913784
10,40,2900,80,44,0,141,30,760.0,0.0
10,40,2900,70,43,0,169,32,904.0,0.0
10,40,2900,85,49,0,165,25,710.0,0.0
10,40,2900,60,50,1,109,20,542.0,675.9348954680395
10,40,2900,90,50,1,165,23,666.0,692.5276976446598
10,40,2900,70,35,0,165,37,792.0,0.0
10,40,2900,60,37,0,115,31,694.0,0.0
10,40,2900,75,38,0,171,30,756.0,0.0
10,40,2900,60,38,1,167,34,732.0,618.8144507831503
10,40,2900,60,41,1,87,27,522.0,588.6114681791115
10,40,2900,75,44,1,111,29,460.0,657.1484425832161
10,40,2900,75,46,0,113,19,472.0,0.0
10,40,2900,90,41,1,109,32,636.0,573.5855949629406
10,40,2900,90,40,1,109,36,566.0,533.5833196277359
10,40,2900,80,35,0,109,34,590.0,0.0
10,40,2900,65,48,1,95,27,506.0,645.0286879929901
10,40,2900,80,50,0,111,18,550.0,0.0
10,40,2900,90,50,0,165,20,682.0,0.0
10,40,2900,70,40,1,111,34,546.0,567.9321187936308
10,40,2900,90,36,0,167,30,676.0,0.0
10,40,2900,80,35,0,153,40,778.0,0.0
10,40,2900,75,40,1,171,34,762.0,541.7421353127487
10,40,2900,90,35,0,111,37,708.0,0.0
10,40,2900,65,42,1,77,31,552.0,556.018251363982
10,40,2900,85,40,0,209,29,670.0,0.0
10,40,2900,70,38,1,163,35,810.0,579.6328851439793
10,40,2900,80,46,1,115,26,610.0,382.0080270655324
10,40,2900,75,37,0,223,29,714.0,0.0
10,40,2900,80,42,1,169,32,656.0,513.766183958381
10,40,2900,85,49,0,151,24,592.0,0.0
10,40,2900,90,49,1,79,22,356.0,317.3776435373012
10,40,2900,80,35,0,147,37,694.0,0.0
10,40,2900,75,44,1,113,29,530.0,596.1469087370161
10,40,2900,85,43,1,111,20,546.0,359.7673724910283
10,40,2900,90,50,0,225,23,728.0,0.0
10,40,2900,80,48,0,173,27,724.0,0.0
10,40,2900,65,40,1,149,25,608.0,422.35648792637835
10,40,2900,70,39,1,103,33,592.0,849.1492221495901
10,40,2900,75,41,0,111,30,606.0,0.0
10,40,2900,80,37,0,147,31,644.0,0.0
10,40,2900,70,35,1,271,36,912.0,500.5033615342399
10,40,2900,85,41,0,159,30,730.0,0.0
10,40,2900,70,35,1,77,33,594.0,563.5582745310303
10,40,2900,70,43,0,161,28,606.0,0.0
10,40,2900,90,35,0,155,37,682.0,0.0
10,40,2900,85,48,1,115,16,528.0,471.5930241848295
10,40,2900,75,48,1,85,29,418.0,614.4117512641184
10,40,2900,80,39,1,151,30,654.0,744.1027754960461
10,40,2900,80,44,1,99,28,476.0,642.667434793198
10,40,2900,90,44,0,163,28,638.0,0.0
10,40,2900,65,46,1,161,20,600.0,408.9382428903582
10,40,2900,80,47,0,213,20,584.0,0.0
10,40,2900,70,49,0,109,18,490.0,0.0
10,40,2900,70,50,0,109,19,528.0,0.0
10,40,2900,85,36,0,209,35,668.0,0.0
10,40,2900,70,39,0,163,31,862.0,0.0
10,40,2900,85,40,0,163,33,798.0,0.0
10,40,2900,80,35,1,107,38,542.0,581.4658076674973
10,40,2900,90,40,1,157,35,532.0,497.58103081493795
10,40,2900,85,48,1,127,25,416.0,515.3020645281711
10,40,2900,70,50,1,111,19,566.0,484.90915059753183
10,40,2900,70,43,0,149,20,594.0,0.0
10,40,2900,75,44,1,113,28,582.0,477.72372276317867
10,40,2900,70,45,0,165,25,816.0,0.0
10,40,2900,60,47,1,109,20,414.0,365.97295064795065
10,40,2900,75,46,0,167,26,732.0,0.0
10,40,2900,60,50,1,157,25,606.0,669.8636870118889
10,40,2900,60,49,0,139,23,672.0,0.0
10,40,2900,85,39,1,213,31,682.0,662.1997225737174
10,40,2900,90,43,1,99,30,580.0,483.5533909604122
10,40,2900,80,44,1,81,27,512.0,594.6442627291153
10,40,2900,80,46,0,159,20,628.0,0.0
10,40,2900,90,38,1,161,35,576.0,452.4822168169175
10,40,2900,75,46,0,165,22,542.0,0.0
10,40,2900,90,50,0,219,28,912.0,0.0
10,40,2900,80,38,0,109,37,802.0,0.0
10,40,2900,75,36,0,151,38,832.0,0.0
10,40,2900,65,38,1,111,31,478.0,461.58442755214486
10,40,2900,85,44,1,141,33,628.0,746.8518208571959
10,40,2900,80,35,1,107,37,530.0,526.4990136030666
10,40,2900,60,38,1,77,30,516.0,509.6973482972109
10,40,2900,60,47,0,107,18,464.0,0.0
10,40,2900,80,46,0,133,26,696.0,0.0
10,40,2900,60,46,0,113,22,556.0,0.0
10,40,2900,85,38,0,153,34,666.0,0.0
10,40,2900,65,41,1,165,22,546.0,638.841561943128
10,40,2900,75,39,0,111,36,690.0,0.0
10,40,2900,65,46,1,169,21,668.0,339.37277273438997
10,40,2900,75,35,1,109,37,650.0,471.03851424431934
10,40,2900,70,40,0,109,34,724.0,0.0
10,40,2900,75,43,0,155,29,592.0,0.0
10,40,2900,75,44,1,81,26,526.0,572.4370122017234
10,40,2900,65,47,1,81,18,454.0,327.855118525629
10,40,2900,60,49,0,109,17,422.0,0.0
10,40,2800,80,45,1,157,29,682.0,700.018354159986
10,40,2800,60,37,1,105,27,490.0,475.4363429479656
10,40,2800,60,40,1,79,20,420.0,231.23935705822677
10,40,2800,65,39,0,191,31,674.0,0.0
10,40,2800,60,46,0,103,14,342.0,0.0
10,40,2800,60,43,0,147,22,540.0,0.0
10,40,2800,80,39,1,119,33,584.0,689.9643408957265
10,40,2800,70,43,0,165,26,746.0,0.0
10,40,2800,90,44,1,115,30,532.0,586.0651727066585
10,40,2800,75,36,0,105,28,530.0,0.0
10,40,2800,80,39,1,107,32,662.0,604.0021661768559
10,40,2800,85,35,1,213,38,640.0,600.4723817170234
10,40,2800,80,44,1,167,30,682.0,576.0108452767212
10,40,2800,75,48,0,157,19,480.0,0.0
10,40,2800,80,47,0,97,19,492.0,0.0
10,40,2800,60,41,0,103,27,630.0,0.0
10,40,2800,60,38,1,211,26,810.0,440.20135445621696
10,40,2800,90,36,0,163,34,854.0,0.0
10,40,2800,75,41,1,107,29,572.0,594.2831813567755
10,40,2800,70,45,0,163,21,576.0,0.0
10,40,2800,70,47,0,97,16,428.0,0.0
10,40,2800,90,48,1,99,21,442.0,437.6315996395733
10,40,2800,80,38,1,159,31,690.0,511.3104650038568
10,40,2800,85,35,1,211,38,664.0,595.3659958816461
10,40,2800,60,48,0,215,25,716.0,0.0
10,40,2800,90,44,0,157,20,518.0,0.0
10,40,2800,60,49,1,107,14,434.0,180.0077707437308
10,40,2800,65,44,0,107,19,468.0,0.0
10,40,2800,85,36,0,201,35,776.0,0.0
10,40,2800,85,49,1,121,21,572.0,283.72820754674507
10,40,2800,85,42,0,151,25,574.0,0.0
10,40,2800,60,43,1,163,22,518.0,386.98084539322826
10,40,2800,70,40,0,109,31,674.0,0.0
10,40,2800,70,46,1,93,17,398.0,370.13816937165234
10,40,2800,80,48,1,99,23,446.0,429.40964348756836
10,40,2800,90,48,0,141,27,638.0,0.0
10,40,2800,65,38,1,165,32,618.0,417.68991096588695
10,40,2800,85,35,0,149,37,678.0,0.0
10,40,2800,80,42,0,153,28,594.0,0.0
10,40,2800,60,38,0,257,31,796.0,0.0
10,40,2800,70,47,1,117,25,516.0,442.57430277922384
10,40,2800,90,40,0,155,28,776.0,0.0
10,40,2800,85,47,1,99,24,430.0,349.93769723620943
10,40,2800,85,42,1,159,33,598.0,626.3142348197624
10,40,2800,90,36,0,159,34,798.0,0.0
10,40,2800,70,39,1,155,27,494.0,450.51777377976964
10,40,2800,80,36,1,67,35,512.0,403.4030871832067
10,40,2800,60,48,1,143,21,524.0,407.25484406884254
10,40,2800,65,44,0,137,22,604.0,0.0
10,40,2800,85,41,1,103,35,710.0,576.6152862912074
10,40,2800,60,47,0,109,15,526.0,0.0
10,40,2800,85,44,1,145,31,618.0,606.8531328586643
10,40,2800,65,41,1,105,28,624.0,651.7286971506525
10,40,2800,75,46,0,199,24,672.0,0.0
10,40,2800,90,46,0,103,24,558.0,0.0
10,40,2800,90,38,1,193,37,684.0,538.7294925317299
10,40,2800,90,47,0,111,27,516.0,0.0
10,40,2800,85,43,0,155,28,600.0,0.0
10,40,2800,85,37,1,89,34,454.0,462.33007438355486
10,40,2800,60,38,0,151,27,772.0,0.0
10,40,2800,60,37,0,105,31,684.0,0.0
10,40,2800,85,38,1,81,36,564.0,449.94910763763136
10,40,2800,60,41,0,151,30,782.0,0.0
10,40,2800,70,40,0,155,28,862.0,0.0
10,40,2800,60,40,0,189,25,712.0,0.0
10,40,2800,60,50,1,87,20,378.0,413.0822038064247
10,40,2800,80,43,1,151,23,674.0,427.4620286622264
10,40,2800,80,41,1,83,29,506.0,643.3165749298176
10,40,2800,85,37,0,103,31,690.0,0.0
10,40,2800,60,49,1,103,21,496.0,364.27264273304866
10,40,2800,80,41,0,153,29,568.0,0.0
10,40,2800,85,40,1,213,26,620.0,472.17193449886713
10,40,2800,90,50,1,97,22,456.0,552.0061379692262
10,40,2800,65,45,0,155,26,754.0,0.0
10,40,2800,70,45,1,105,17,480.0,365.67871283177607
10,40,2800,70,45,1,93,31,516.0,508.68518856045483
10,40,2800,85,40,0,153,29,768.0,0.0
10,40,2800,85,35,1,157,36,612.0,418.85990072863945
10,40,2800,65,50,0,159,20,474.0,0.0
10,40,2800,90,38,0,161,35,706.0,0.0
10,40,2800,80,42,1,105,34,626.0,559.5484106269541
10,40,2800,60,44,0,163,22,548.0,0.0
10,40,2800,75,44,0,151,21,554.0,0.0
10,40,2800,85,38,0,151,32,828.0,0.0
10,40,2800,80,41,1,167,30,644.0,722.1562190025734
10,40,2800,85,49,1,103,27,540.0,371.5124132318367
10,40,2800,65,38,1,107,33,794.0,492.09912256526843
10,40,2800,70,45,0,163,21,532.0,0.0
10,40,2800,70,45,1,103,29,642.0,670.9955883474296
10,40,2800,85,49,0,137,21,482.0,0.0
10,40,2800,90,46,1,75,27,524.0,461.44546410959157
10,40,2800,70,47,0,145,20,622.0,0.0
10,40,2800,70,47,1,89,26,408.0,444.1604977894073
10,40,2800,65,35,1,75,37,526.0,508.8647528542989
10,40,2800,85,41,0,149,30,738.0,0.0
10,40,2800,60,37,0,159,27,690.0,0.0
10,40,2800,65,45,1,103,23,342.0,354.0569509791032
10,40,2800,75,46,0,111,21,602.0,0.0
10,40,2800,90,36,1,115,39,646.0,404.65301967939683
10,40,2700,85,38,0,155,31,710.0,0.0
10,40,2700,85,35,1,209,34,690.0,478.53879033408225
10,40,2700,80,37,1,109,34,544.0,518.6527735289209
10,40,2800,90,46,0,149,26,630.0,0.0
10,40,2700,90,41,1,151,34,650.0,565.1931490914449
10,40,2700,75,41,0,201,26,656.0,0.0
10,40,2700,80,44,0,149,24,540.0,0.0
10,40,2700,70,35,1,103,31,548.0,411.740608716879
10,40,2700,65,48,1,145,10,368.0,201.0977346989914
10,40,2700,65,47,1,115,20,440.0,389.46598384284874
10,40,2700,70,40,1,153,30,538.0,512.2739522892592
10,40,2700,75,49,0,145,16,452.0,0.0
10,40,2700,65,47,0,103,20,450.0,0.0
10,40,2700,75,47,0,145,11,288.0,0.0
10,40,2700,80,36,1,105,37,618.0,514.1378820036275
10,40,2700,70,38,0,155,29,816.0,0.0
10,40,2700,60,46,0,75,20,278.0,0.0
10,40,2700,70,39,1,145,32,630.0,657.9892331862019
10,40,2700,80,45,0,153,24,530.0,0.0
10,40,2700,90,43,1,97,27,492.0,539.5913233081218
10,40,2700,75,35,1,107,30,560.0,350.50978257192213
10,40,2700,65,48,0,149,18,586.0,0.0
10,40,2700,90,38,1,151,35,630.0,589.0469692683466
10,40,2700,90,39,0,143,31,752.0,0.0
10,40,2700,85,40,0,105,27,592.0,0.0
10,40,2700,90,37,1,107,34,560.0,633.445124683714
10,40,2700,80,46,0,107,17,460.0,0.0
10,40,2700,70,36,1,87,24,436.0,349.7299917695734
10,40,2700,60,46,0,107,20,516.0,0.0
10,40,2700,60,47,1,121,19,510.0,355.55023120524737
10,40,2700,75,49,1,97,23,614.0,424.56394046557006
10,40,2700,60,49,0,193,17,478.0,0.0
10,40,2700,70,40,0,153,24,626.0,0.0
10,40,2700,90,48,0,131,23,614.0,0.0
10,40,2700,70,49,1,107,23,500.0,420.9958538997309
10,40,2700,60,39,0,103,29,622.0,0.0
10,40,2700,75,48,1,95,20,498.0,572.3218744849454
10,40,2700,60,48,0,99,23,542.0,0.0
10,40,2700,80,44,1,153,24,584.0,635.2833691109424
10,40,2700,90,46,1,73,19,518.0,341.9249587455769
10,40,2700,65,35,1,203,35,796.0,456.9496269664863
10,40,2700,90,47,0,153,18,650.0,0.0
10,40,2700,85,37,0,105,35,734.0,0.0
10,40,2700,65,38,0,153,22,658.0,0.0
10,40,2700,60,35,1,105,35,632.0,494.52997457373533
10,40,2700,90,38,0,103,29,562.0,0.0
10,40,2700,70,49,1,139,14,374.0,189.3862960740353
10,40,2700,85,39,0,143,34,670.0,0.0
10,40,2700,85,37,1,101,32,606.0,575.0314344872261
10,40,2700,90,35,0,153,35,742.0,0.0
10,40,2700,70,36,0,89,25,472.0,0.0
10,40,2700,60,38,1,157,33,660.0,526.5344917635014
10,40,2700,65,49,1,119,20,536.0,361.99960528181464
10,40,2700,90,46,0,167,23,610.0,0.0
10,40,2700,70,49,1,59,19,376.0,231.32376383301406
10,40,2700,80,35,1,145,34,670.0,416.62133878717174
10,40,2700,75,35,0,205,28,610.0,0.0
10,40,2700,70,49,1,159,24,472.0,434.5658595690072
10,40,2700,85,49,0,155,23,594.0,0.0
10,40,2700,75,37,0,149,30,680.0,0.0
10,40,2700,85,40,1,159,37,570.0,615.9634096996749
10,40,2700,85,49,1,65,11,312.0,170.2427028169141
10,40,2700,60,50,0,143,15,400.0,0.0
10,40,2700,75,50,1,91,19,374.0,478.8120368937342
10,40,2700,65,40,1,149,31,684.0,563.0386377530164
10,40,2700,70,35,0,153,35,736.0,0.0
10,40,2700,75,44,0,101,18,500.0,0.0
10,40,2700,75,42,1,91,30,544.0,385.66981334684556
10,40,2700,70,47,1,99,18,484.0,291.60437726281475
10,40,2700,65,50,0,159,21,614.0,0.0
10,40,2700,60,40,1,207,16,470.0,217.94685770005515
10,40,2700,70,39,1,157,25,736.0,520.8918717617914
10,40,2700,70,45,0,107,24,488.0,0.0
10,40,2700,80,40,0,161,28,626.0,0.0
10,40,2700,80,50,0,91,10,226.0,0.0
10,40,2700,65,50,0,107,16,438.0,0.0
10,40,2700,60,47,1,99,21,516.0,304.52854024347727
10,40,2700,90,50,1,101,22,462.0,529.6321169124087
10,40,2700,65,46,1,203,25,522.0,376.6191044411601
10,40,2700,70,35,1,81,29,464.0,473.0623575422565
10,40,2700,85,45,0,157,26,584.0,0.0
10,40,2700,65,44,0,197,22,730.0,0.0
10,40,2700,60,35,0,147,31,740.0,0.0
10,40,2700,60,36,0,143,29,664.0,0.0
10,40,2700,60,43,1,71,16,238.0,355.6719946101932
10,40,2700,70,46,0,105,18,476.0,0.0
10,40,2700,85,49,1,143,24,480.0,328.6425147855721
10,40,2700,70,42,1,103,26,500.0,483.02555837633406
10,40,2700,75,47,0,107,16,338.0,0.0
10,40,2700,80,46,1,153,21,604.0,262.52114276120915
10,40,2700,70,37,0,159,27,632.0,0.0
10,40,2700,85,39,1,97,31,512.0,546.4978183219298
10,40,2700,60,41,1,135,25,602.0,459.0658383607598
10,40,2700,85,41,1,103,27,578.0,616.6181633870661
10,40,2700,85,36,1,95,36,568.0,536.8702515470242
10,40,2700,65,39,0,105,21,576.0,0.0
10,40,2700,90,45,0,157,29,668.0,0.0
10,40,2700,85,50,0,153,18,366.0,0.0
10,40,2700,75,40,1,139,26,618.0,445.5900848944016
10,40,2700,85,41,0,159,29,662.0,0.0
10,40,2600,65,44,1,101,21,412.0,469.4183022132416
10,40,2600,75,38,0,175,30,690.0,0.0
10,40,2600,70,44,1,147,20,400.0,383.433173210186
10,40,2700,85,50,0,123,20,504.0,0.0
10,40,2600,60,36,1,81,31,502.0,437.5559819517444
10,40,2600,80,50,0,147,11,336.0,0.0
10,40,2600,70,35,1,149,35,648.0,476.1776344190749
10,40,2600,80,38,0,113,32,630.0,0.0
10,40,2600,65,38,1,143,33,606.0,563.0188431629289
10,40,2600,85,41,0,147,22,618.0,0.0
10,40,2600,60,47,0,149,16,412.0,0.0
10,40,2600,75,46,0,131,18,458.0,0.0
10,40,2600,85,49,1,93,19,324.0,303.7730116461372
10,40,2600,70,43,1,141,21,460.0,410.4182016520786
10,40,2600,60,42,1,89,23,406.0,523.4072203873678
10,40,2600,85,47,0,99,21,536.0,0.0
10,40,2600,60,48,1,99,17,310.0,354.9086399626141
10,40,2600,65,50,0,93,14,308.0,0.0
10,40,2600,65,36,0,145,32,768.0,0.0
10,40,2600,65,35,1,141,33,634.0,440.09011337617824
10,40,2600,90,35,0,101,29,512.0,0.0
10,40,2600,70,47,1,101,21,414.0,270.3222233176813
10,40,2600,70,50,0,87,15,372.0,0.0
10,40,2600,70,39,1,89,34,540.0,593.0388621089487
10,40,2600,85,43,0,137,26,584.0,0.0
10,40,2600,75,35,0,103,29,614.0,0.0
10,40,2600,70,38,1,149,28,666.0,584.0133048616672
10,40,2600,75,38,0,131,32,692.0,0.0
10,40,2600,90,37,1,139,30,598.0,449.82094968745315
10,40,2600,90,36,0,145,35,652.0,0.0
10,40,2600,65,49,1,103,22,518.0,303.0365722915177
10,40,2600,70,35,0,99,31,604.0,0.0
10,40,2600,65,38,1,147,30,592.0,519.3614550719146
10,40,2600,85,41,0,101,20,432.0,0.0
10,40,2600,80,42,1,131,25,498.0,396.61578126272974
10,40,2600,60,50,1,139,14,388.0,458.14354863846364
10,40,2600,90,47,1,93,18,388.0,380.64009182830273
10,40,2600,65,49,0,103,12,234.0,0.0
10,40,2600,90,35,1,61,38,472.0,479.2839273922689
10,40,2600,85,39,0,101,30,658.0,0.0
10,40,2600,70,49,0,135,14,546.0,0.0
10,40,2600,80,41,1,145,27,620.0,449.90894602099905
10,40,2600,80,46,0,91,15,350.0,0.0
10,40,2600,90,50,1,99,16,482.0,450.36711668201315
10,40,2600,70,37,1,137,31,440.0,452.0367288980197
10,40,2600,75,48,0,145,17,524.0,0.0
10,40,2600,65,36,1,65,23,326.0,290.3697536157826
10,40,2600,75,38,0,131,25,612.0,0.0
10,40,2600,80,40,0,155,29,812.0,0.0
10,40,2600,65,47,0,99,24,462.0,0.0
10,40,2600,80,44,1,191,27,572.0,542.7756054647678
10,40,2600,80,38,0,99,27,458.0,0.0
10,40,2600,80,47,1,103,28,614.0,522.2291027153871
10,40,2600,65,42,1,143,13,396.0,182.7753587851591
10,40,2600,80,38,1,101,34,470.0,505.2268689411173
10,40,2600,90,39,0,99,31,592.0,0.0
10,40,2600,90,41,0,203,23,542.0,0.0
10,40,2600,60,48,0,187,12,454.0,0.0
10,40,2600,80,41,1,101,34,530.0,689.5077859546979
10,40,2600,60,46,1,87,10,236.0,130.61790600151306
10,40,2600,75,44,1,65,24,432.0,655.0949246536178
10,40,2600,65,44,0,149,23,582.0,0.0
10,40,2600,70,38,0,97,23,506.0,0.0
10,40,2600,75,37,0,135,28,672.0,0.0
10,40,2600,90,36,1,99,36,626.0,512.8836026279797
10,40,2600,75,38,0,103,25,596.0,0.0
10,40,2600,65,38,1,101,29,522.0,492.0508946247935
10,40,2600,85,46,1,97,20,454.0,259.4927502218244
10,40,2600,75,43,1,99,17,410.0,311.53216196746786
10,40,2600,90,44,1,147,27,742.0,543.0123045244478
10,40,2600,60,46,0,197,19,508.0,0.0
10,40,2600,85,50,0,147,26,586.0,0.0
10,40,2600,60,40,1,97,19,346.0,192.08664042057
10,40,2600,75,48,0,147,18,546.0,0.0
10,40,2600,90,37,1,59,28,356.0,353.86991316246156
10,40,2600,70,42,0,125,28,672.0,0.0
10,40,2600,60,44,0,199,17,456.0,0.0
10,40,2600,80,45,1,93,15,360.0,323.43279508890276
10,40,2600,90,40,1,77,35,528.0,569.095195882672
10,40,2600,85,50,0,163,16,488.0,0.0
10,40,2600,75,45,0,101,20,518.0,0.0
10,40,2600,65,43,1,103,22,444.0,430.5012588896804
10,40,2600,85,35,0,143,31,792.0,0.0
10,40,2600,90,38,1,93,28,490.0,485.71284193346116
10,40,2600,80,40,0,143,31,742.0,0.0
10,40,2600,75,50,0,97,15,428.0,0.0
10,40,2600,80,46,1,93,20,390.0,412.2317458882863
10,40,2600,75,50,1,153,17,454.0,516.9774051022156
10,40,2600,60,50,0,149,16,460.0,0.0
10,40,2600,85,43,1,147,21,492.0,349.6757180748204
10,40,2600,80,40,1,97,30,632.0,408.94611930203484
10,40,2600,80,40,0,143,26,634.0,0.0
10,40,2600,70,43,1,149,20,508.0,436.97919452523865
10,40,2600,85,44,0,99,25,494.0,0.0
10,40,2600,80,41,1,97,26,468.0,474.24742115088384
10,40,2600,70,42,0,99,20,464.0,0.0
10,40,2600,75,41,0,143,25,628.0,0.0
10,40,2600,75,40,1,83,29,474.0,452.326744761798
10,40,2600,90,35,0,141,36,662.0,0.0
10,40,2500,60,40,1,99,28,560.0,376.32702025501425
10,40,2600,65,47,1,111,15,452.0,158.1362232565858
10,40,2500,85,45,0,89,17,436.0,0.0
10,40,2500,65,45,1,89,18,380.0,448.3492032146861
10,40,2500,85,36,1,131,33,560.0,319.472459838517
10,40,2600,70,50,0,117,14,304.0,0.0
10,40,2500,85,36,0,185,32,734.0,0.0
10,40,2500,70,48,0,83,13,252.0,0.0
10,40,2500,80,36,0,145,29,644.0,0.0
10,40,2500,90,41,0,143,26,746.0,0.0
10,40,2500,85,35,0,131,30,612.0,0.0
10,40,2500,85,40,1,93,27,500.0,564.1214425106133
10,40,2500,70,45,1,55,20,372.0,394.5017187797863
10,40,2500,75,43,1,91,24,462.0,442.321895991138
10,40,2500,85,45,1,87,20,362.0,425.6515763747455
10,40,2500,90,36,1,137,36,616.0,488.4082581933246
10,40,2500,65,39,1,115,23,412.0,439.24504475431854
10,40,2500,65,44,0,97,10,370.0,0.0
10,40,2500,60,37,0,129,22,500.0,0.0
10,40,2500,85,41,1,69,24,362.0,426.24345337325934
10,40,2500,70,50,0,163,13,338.0,0.0
10,40,2500,90,43,0,99,17,306.0,0.0
10,40,2500,80,39,0,133,29,724.0,0.0
10,40,2500,90,40,1,139,25,490.0,411.9876255396472
10,40,2500,60,49,1,131,11,484.0,92.52854713189431
10,40,2500,80,36,0,97,21,326.0,0.0
10,40,2500,60,39,0,97,24,548.0,0.0
10,40,2500,75,41,1,69,22,286.0,455.1211004579845
10,40,2500,70,37,0,97,28,516.0,0.0
10,40,2500,70,47,1,137,14,412.0,234.43321501684989
10,40,2500,90,42,1,95,25,494.0,483.14642666884885
10,40,2500,90,48,1,57,17,234.0,407.8710382707742
10,40,2500,65,37,0,97,34,584.0,0.0
10,40,2500,75,49,0,169,17,346.0,0.0
10,40,2500,80,43,1,83,19,398.0,364.54125241751814
10,40,2500,60,35,1,113,32,514.0,460.79715818648805
10,40,2500,75,46,1,91,24,430.0,449.6559150556252
10,40,2500,60,50,0,97,12,372.0,0.0
10,40,2500,80,39,0,97,22,388.0,0.0
10,40,2500,65,36,0,149,26,570.0,0.0
10,40,2500,80,40,1,181,27,566.0,227.915251001505
10,40,2500,65,38,0,91,23,452.0,0.0
10,40,2500,70,49,0,141,14,494.0,0.0
10,40,2500,65,47,1,143,16,392.0,202.58333623141235
10,40,2500,65,37,0,181,26,628.0,0.0
10,40,2500,90,45,0,97,22,520.0,0.0
10,40,2500,80,39,0,135,27,528.0,0.0
10,40,2500,85,46,1,109,22,402.0,467.67921547534064
10,40,2500,85,47,1,101,21,334.0,323.17788236538235
10,40,2500,85,36,1,95,31,404.0,382.1656285420492
10,40,2500,85,48,1,75,20,278.0,415.75113137812525
10,40,2500,70,41,0,173,27,562.0,0.0
10,40,2500,70,39,0,139,26,552.0,0.0
10,40,2500,80,38,1,143,27,540.0,405.17173566111995
10,40,2500,85,43,1,79,22,342.0,351.57394125577673
10,40,2500,85,42,0,99,25,550.0,0.0
10,40,2500,75,42,1,67,17,272.0,237.7706039323112
10,40,2500,60,45,0,99,16,404.0,0.0
10,40,2500,80,39,0,143,29,588.0,0.0
10,40,2500,70,40,0,87,20,396.0,0.0
10,40,2500,80,40,1,97,29,426.0,510.51086714815625
10,40,2500,70,35,0,191,31,650.0,0.0
10,40,2500,65,38,0,135,19,470.0,0.0
10,40,2500,70,47,1,87,21,348.0,409.8855825472171
10,40,2500,80,43,1,103,23,410.0,435.7681298491427
10,40,2500,60,44,1,51,8,148.0,194.325465411011
10,40,2500,85,42,0,91,14,386.0,0.0
10,40,2500,75,46,1,85,23,328.0,325.28382056186115
10,40,2500,90,38,1,95,34,638.0,527.5887751507362
10,40,2500,60,44,0,73,12,244.0,0.0
10,40,2500,60,46,0,129,15,390.0,0.0
10,40,2500,90,48,1,89,19,408.0,464.910996919447
10,40,2500,80,50,1,85,18,272.0,481.848969781914
10,40,2500,75,45,0,97,23,436.0,0.0
10,40,2500,80,49,1,93,18,342.0,303.6434250956803
10,40,2500,85,35,0,169,26,666.0,0.0
10,40,2500,65,36,1,97,27,618.0,415.3079476390114
10,40,2500,70,40,1,145,21,370.0,299.91653340623213
10,40,2500,70,44,0,97,16,440.0,0.0
10,40,2500,80,43,1,71,23,300.0,397.7408150511884
10,40,2500,90,45,0,99,23,504.0,0.0
10,40,2500,60,46,0,141,14,404.0,0.0
10,40,2500,85,38,1,139,34,566.0,508.5903324923138
10,40,2500,60,41,0,141,16,356.0,0.0
10,40,2500,60,41,1,95,22,408.0,322.83429730022743
10,40,2500,70,40,1,95,27,508.0,511.865706709509
10,40,2500,85,41,0,137,26,624.0,0.0
10,40,2500,65,50,0,87,10,256.0,0.0
10,40,2500,65,35,0,137,34,764.0,0.0
10,40,2500,60,39,0,143,26,752.0,0.0
10,40,2500,90,43,1,93,19,480.0,439.82412485935765
10,40,2500,70,38,1,95,30,540.0,468.83705321130293
10,40,2500,90,37,0,177,33,800.0,0.0
10,40,2500,65,38,0,127,19,474.0,0.0
10,40,2500,60,49,1,87,21,418.0,267.23978142399784
10,40,2500,70,50,1,147,20,376.0,483.42918973907695
10,40,2500,60,37,1,135,19,536.0,343.1809939343865
10,40,2500,90,39,1,81,22,498.0,531.1974075705352
10,40,2500,85,35,0,145,30,766.0,0.0
10,40,2500,70,42,0,161,22,556.0,0.0
10,40,2400,60,41,1,135,23,462.0,419.57089141058026
10,40,2500,75,45,1,129,21,524.0,407.09651193293644
10,40,2500,85,50,0,91,15,328.0,0.0
10,40,2400,65,41,1,87,23,450.0,359.4983345250959
10,40,2400,65,43,0,115,14,374.0,0.0
10,40,2400,65,47,0,95,13,404.0,0.0
10,40,2400,60,36,0,135,30,506.0,0.0
10,40,2400,85,44,0,95,18,370.0,0.0
10,40,2400,90,49,1,129,22,398.0,275.61000905977835
10,40,2400,80,50,0,87,19,452.0,0.0
10,40,2400,65,50,1,55,7,192.0,127.47953311850462
10,40,2400,70,48,1,69,14,202.0,287.7316682226032
10,40,2400,85,49,1,101,18,332.0,248.83469555874305
10,40,2400,90,42,0,95,16,384.0,0.0
10,40,2400,80,37,1,139,22,436.0,411.8938444268002
10,40,2400,65,43,0,137,23,490.0,0.0
10,40,2400,60,37,0,129,26,662.0,0.0
10,40,2400,65,49,1,71,14,294.0,244.94975961668865
10,40,2400,75,39,1,185,25,638.0,552.8685152513544
10,40,2400,90,45,0,75,18,278.0,0.0
10,40,2400,85,49,0,123,16,294.0,0.0
10,40,2400,65,50,1,101,15,362.0,363.7126613683757
10,40,2400,70,39,0,133,22,530.0,0.0
10,40,2400,80,49,1,113,28,456.0,378.1385430928288
10,40,2400,65,35,1,109,29,506.0,368.10942069337347
10,40,2400,70,39,0,93,21,520.0,0.0
10,40,2400,70,38,0,95,13,324.0,0.0
10,40,2400,80,48,1,115,20,396.0,578.3266259134107
10,40,2400,75,50,0,81,12,308.0,0.0
10,40,2400,90,49,1,107,17,324.0,317.2750220363061
10,40,2400,75,35,0,175,28,662.0,0.0
10,40,2400,80,48,1,93,17,356.0,441.49023545259433
10,40,2400,65,36,1,127,18,554.0,230.14716717116244
10,40,2400,90,42,0,95,25,434.0,0.0
10,40,2400,65,44,0,125,15,334.0,0.0
10,40,2400,65,44,1,87,17,338.0,446.9014367116203
10,40,2400,85,48,1,67,18,258.0,363.81396553071534
10,40,2400,85,39,1,141,24,520.0,537.1600751107959
10,40,2400,85,38,0,133,25,562.0,0.0
10,40,2400,70,47,0,79,14,352.0,0.0
10,40,2400,85,41,1,105,16,322.0,323.6697314224985
10,40,2400,65,46,1,95,16,272.0,220.69613507895784
10,40,2400,70,49,0,89,11,302.0,0.0
10,40,2400,60,41,0,133,15,392.0,0.0
10,40,2400,75,37,0,125,22,530.0,0.0
10,40,2400,70,40,1,83,19,352.0,214.47136990512368
10,40,2400,65,45,0,121,19,422.0,0.0
10,40,2400,60,41,0,89,15,334.0,0.0
10,40,2400,90,42,1,95,25,396.0,493.00045214972346
10,40,2400,70,48,1,133,24,526.0,612.1777718760677
10,40,2400,85,46,1,81,23,344.0,331.0902142850177
10,40,2400,75,47,0,151,16,452.0,0.0
10,40,2400,60,46,1,61,11,188.0,92.93146637238962
10,40,2400,80,44,1,51,16,354.0,408.66922423210434
10,40,2400,75,45,1,91,20,326.0,297.6859086648304
10,40,2400,80,48,0,141,17,388.0,0.0
10,40,2400,70,45,0,127,17,478.0,0.0
10,40,2400,80,43,0,93,18,406.0,0.0
10,40,2400,60,43,1,95,15,298.0,318.9080583114513
10,40,2400,85,39,0,141,29,644.0,0.0
10,40,2400,85,39,1,67,21,412.0,582.2866507602486
10,40,2400,60,41,0,133,17,340.0,0.0
10,40,2400,90,44,0,81,10,254.0,0.0
10,40,2400,85,50,1,77,13,278.0,367.71287762699905
10,40,2400,60,39,1,133,23,560.0,560.0039184992263
10,40,2400,80,45,1,135,22,460.0,417.25280856485233
10,40,2400,90,35,0,133,32,630.0,0.0
10,40,2400,60,46,0,165,21,466.0,0.0
10,40,2400,75,40,0,187,26,688.0,0.0
10,40,2400,85,43,1,83,22,392.0,440.32422125517326
10,40,2400,90,40,1,89,31,538.0,346.0524437647003
10,40,2400,70,45,1,89,16,376.0,323.4028888847721
10,40,2400,75,36,0,137,30,786.0,0.0
10,40,2400,75,44,0,85,19,460.0,0.0
10,40,2400,75,49,1,113,21,380.0,356.83459498644874
10,40,2400,75,50,0,81,14,326.0,0.0
10,40,2400,75,40,1,91,25,450.0,429.84882891569316
10,40,2400,75,46,1,67,11,146.0,144.44146758604282
10,40,2400,75,44,0,93,16,364.0,0.0
10,40,2400,80,43,0,95,23,506.0,0.0
10,40,2400,70,39,1,101,19,430.0,380.36354919626444
10,40,2400,90,36,0,173,26,614.0,0.0
10,40,2400,75,38,0,93,20,440.0,0.0
10,40,2400,90,38,0,135,27,522.0,0.0
10,40,2400,70,45,1,93,18,432.0,406.39220927340193
10,40,2400,70,42,1,87,20,434.0,399.95995727962026
10,40,2400,60,42,1,65,8,122.0,108.43767859537
10,40,2400,65,43,0,95,20,442.0,0.0
10,40,2400,60,36,0,135,22,536.0,0.0
10,40,2400,70,45,1,93,22,380.0,501.0800352556523
10,40,2400,85,42,1,89,29,436.0,459.26909996339134
10,40,2400,90,38,0,137,24,474.0,0.0
10,40,2400,85,39,1,79,24,388.0,432.27100740071876
10,40,2400,70,50,0,141,16,412.0,0.0
10,40,2400,65,50,1,179,14,400.0,298.47737755994393
10,40,2400,70,42,1,87,20,380.0,287.3883991232496
10,40,2400,65,41,1,183,20,732.0,474.313153166492
10,40,2400,70,45,0,45,9,258.0,0.0
10,40,2400,90,41,1,127,27,524.0,557.2550545432281
10,40,2400,60,50,0,77,9,242.0,0.0
10,40,2400,80,44,0,95,24,518.0,0.0
10,40,2400,60,47,0,129,13,318.0,0.0
10,40,2300,90,42,1,85,25,522.0,393.4519444646485
10,40,2300,70,35,0,175,24,408.0,0.0
10,40,2300,70,39,0,163,22,518.0,0.0
10,40,2300,65,40,1,87,19,344.0,326.12196219771533
10,40,2300,85,39,1,91,21,344.0,318.53638556456394
10,40,2300,80,36,0,91,28,556.0,0.0
10,40,2300,80,39,1,135,22,420.0,560.0097120109633
10,40,2300,75,45,0,83,18,396.0,0.0
10,40,2300,75,35,0,113,23,532.0,0.0
10,40,2300,70,41,1,83,15,340.0,271.68685002123186
10,40,2300,65,46,0,133,13,286.0,0.0
10,40,2300,60,50,1,119,12,258.0,353.7776304180037
10,40,2300,80,40,1,67,27,412.0,427.0313940265486
10,40,2300,70,35,1,61,24,340.0,230.64456312787735
10,40,2300,80,46,0,91,17,408.0,0.0
10,40,2300,85,46,0,129,19,452.0,0.0
10,40,2300,90,48,1,135,21,490.0,470.08648755081816
10,40,2300,60,45,1,125,15,374.0,358.0071088202599
10,40,2300,75,49,0,165,16,404.0,0.0
10,40,2300,70,41,0,109,20,374.0,0.0
10,40,2300,85,41,1,87,22,408.0,362.3048776826843
10,40,2300,60,42,1,87,21,402.0,417.6362865085393
10,40,2300,80,44,0,129,14,394.0,0.0
10,40,2300,65,45,0,115,17,430.0,0.0
10,40,2300,75,40,0,109,15,388.0,0.0
10,40,2300,85,47,1,47,9,170.0,110.7220746158233
10,40,2300,75,38,1,123,22,456.0,249.70979448959707
10,40,2300,60,36,0,73,11,246.0,0.0
10,40,2300,90,35,1,73,28,440.0,390.11291885852563
10,40,2300,85,38,1,75,28,390.0,454.377465954871
10,40,2300,90,41,0,125,19,558.0,0.0
10,40,2300,85,46,0,135,14,422.0,0.0
10,40,2300,70,46,0,71,6,160.0,0.0
10,40,2300,80,49,1,69,16,240.0,218.70760494853567
10,40,2300,85,40,1,89,26,380.0,423.597559408621
10,40,2300,70,44,1,113,16,364.0,459.7888425370455
10,40,2300,75,47,0,79,12,234.0,0.0
10,40,2300,70,36,1,99,30,490.0,356.5792002573146
10,40,2300,90,48,0,91,17,406.0,0.0
10,40,2300,60,50,1,95,13,268.0,280.7219391714981
10,40,2300,75,50,0,111,10,270.0,0.0
10,40,2300,80,44,1,79,19,364.0,487.3034133342816
10,40,2300,70,43,0,89,9,206.0,0.0
10,40,2300,60,43,1,123,14,440.0,267.6577676727521
10,40,2300,60,37,0,123,25,670.0,0.0
10,40,2300,60,46,0,117,14,346.0,0.0
10,40,2300,90,49,0,121,16,342.0,0.0
10,40,2300,80,49,1,77,16,282.0,171.14892478811774
10,40,2300,70,35,1,121,31,398.0,411.482021240721
10,40,2300,75,38,0,85,19,298.0,0.0
10,40,2300,70,36,1,77,28,416.0,373.87974804471014
10,40,2300,90,42,1,83,19,378.0,451.8946549732069
10,40,2300,65,45,0,173,15,478.0,0.0
10,40,2300,90,46,0,85,14,278.0,0.0
10,40,2300,90,49,1,45,9,246.0,146.46589190917538
10,40,2300,70,35,1,73,20,332.0,276.13945763477324
10,40,2300,70,38,1,89,20,402.0,243.34550165949375
10,40,2300,75,41,0,127,16,438.0,0.0
10,40,2300,75,41,0,85,16,406.0,0.0
10,40,2300,80,44,1,133,22,420.0,544.1476398351713
10,40,2300,80,47,0,163,19,434.0,0.0
10,40,2300,90,47,0,107,17,484.0,0.0
10,40,2300,65,36,0,133,23,512.0,0.0
10,40,2300,70,40,1,81,16,258.0,128.90948550230297
10,40,2300,75,39,1,121,26,480.0,498.2139609971635
10,40,2300,70,43,1,63,17,282.0,158.01731492389564
10,40,2300,85,47,1,95,17,298.0,205.62933569521087
10,40,2300,75,50,0,135,16,384.0,0.0
10,40,2300,70,49,0,87,13,232.0,0.0
10,40,2300,65,43,1,99,10,328.0,156.56129149201735
10,40,2300,75,42,0,115,23,502.0,0.0
10,40,2300,80,45,1,181,21,488.0,460.0552365397011
10,40,2300,65,46,0,79,14,166.0,0.0
10,40,2300,80,40,1,119,24,542.0,398.8336446576521
10,40,2300,85,39,0,127,24,500.0,0.0
10,40,2300,85,49,0,119,17,316.0,0.0
10,40,2300,70,35,0,171,25,560.0,0.0
10,40,2300,60,42,1,61,19,346.0,213.78542440206152
10,40,2300,65,42,0,73,15,262.0,0.0
10,40,2300,75,46,0,121,17,336.0,0.0
10,40,2300,70,42,1,131,20,394.0,340.5298092361883
10,40,2300,90,46,1,81,21,290.0,338.1638197857119
10,40,2300,65,42,1,55,21,320.0,412.79766699082467
10,40,2300,75,40,0,131,20,364.0,0.0
10,40,2300,75,47,1,63,16,242.0,232.10858891251382
10,40,2300,65,45,1,81,14,214.0,379.1646655546414
10,40,2300,85,39,0,123,23,452.0,0.0
10,40,2300,90,42,0,81,18,388.0,0.0
10,40,2300,85,47,0,133,15,420.0,0.0
10,40,2300,60,47,1,85,17,292.0,274.37537439626294
10,40,2300,90,39,1,157,24,434.0,454.35077396140053
10,40,2300,85,40,1,69,19,394.0,239.94106333822023
10,40,2300,70,44,0,159,14,406.0,0.0
10,40,2300,60,45,0,109,10,240.0,0.0
10,40,2300,60,48,1,127,15,338.0,427.1168821518819
10,40,2300,75,49,0,89,13,280.0,0.0
10,40,2300,85,49,1,75,22,280.0,413.963141527845
10,40,2200,75,36,0,83,23,386.0,0.0
10,40,2200,60,39,1,77,19,280.0,396.4397075911567
10,40,2300,90,41,0,87,20,422.0,0.0
10,40,2300,60,48,1,71,13,188.0,368.21510749072263
10,40,2300,85,48,0,165,21,468.0,0.0
10,40,2200,85,48,1,73,20,240.0,442.556031471444
10,40,2200,80,49,0,109,13,282.0,0.0
10,40,2200,90,36,1,115,26,522.0,265.3910681448819
10,40,2200,75,35,1,69,25,332.0,320.9777144818922
10,40,2200,60,40,1,113,13,276.0,157.8416913199871
10,40,2200,70,41,0,43,13,322.0,0.0
10,40,2200,75,47,0,77,12,274.0,0.0
10,40,2200,70,48,1,121,13,284.0,266.93235959364984
10,40,2200,60,49,0,83,7,148.0,0.0
10,40,2200,75,35,0,87,23,492.0,0.0
10,40,2200,85,40,1,121,20,382.0,280.630667003295
10,40,2200,60,37,0,81,18,374.0,0.0
10,40,2200,80,47,0,117,13,304.0,0.0
10,40,2200,60,48,1,93,8,198.0,268.27928848443435
10,40,2200,65,42,1,75,12,222.0,238.40585189581995
10,40,2200,80,47,0,123,13,284.0,0.0
10,40,2200,60,41,1,125,17,310.0,255.1213673269133
10,40,2200,75,40,1,165,21,506.0,285.81010545774154
10,40,2200,60,43,0,119,14,430.0,0.0
10,40,2200,90,44,0,43,11,204.0,0.0
10,40,2200,80,49,0,73,12,210.0,0.0
10,40,2200,80,50,1,111,12,184.0,212.04429473745586
10,40,2200,85,50,1,65,8,180.0,227.6120326540979
10,40,2200,80,40,1,85,20,408.0,340.62077801411704
10,40,2200,90,44,1,117,16,272.0,391.2139428836585
10,40,2200,70,47,0,115,15,306.0,0.0
10,40,2200,60,48,0,41,7,156.0,0.0
10,40,2200,65,47,1,79,12,182.0,207.58076971821674
10,40,2200,85,49,0,171,16,490.0,0.0
10,40,2200,60,47,0,99,11,226.0,0.0
10,40,2200,60,36,1,83,22,276.0,232.92640365550898
10,40,2200,85,39,1,125,27,608.0,616.1022595716536
10,40,2200,85,37,1,89,29,546.0,411.09103298287164
10,40,2200,70,38,0,99,14,266.0,0.0
10,40,2200,60,38,0,83,20,362.0,0.0
10,40,2200,80,46,0,83,11,214.0,0.0
10,40,2200,90,47,1,81,14,222.0,142.38148976039577
10,40,2200,65,35,0,173,24,566.0,0.0
10,40,2200,60,38,1,87,18,296.0,236.06652428326126
10,40,2200,75,43,0,117,16,506.0,0.0
10,40,2200,80,45,1,65,13,208.0,338.60236797705807
10,40,2200,65,47,0,111,11,262.0,0.0
10,40,2200,65,46,0,123,15,398.0,0.0
10,40,2200,70,47,1,125,17,382.0,220.4307191696085
10,40,2200,65,41,0,79,15,336.0,0.0
10,40,2200,75,39,1,85,18,350.0,499.38022374878074
10,40,2200,65,39,1,77,24,386.0,496.2769225705788
10,40,2200,60,44,1,81,15,286.0,428.81181636565293
10,40,2200,60,44,0,71,10,298.0,0.0
10,40,2200,90,46,0,155,14,320.0,0.0
10,40,2200,70,48,1,39,7,104.0,94.84657138400136
10,40,2200,80,37,0,85,22,340.0,0.0
10,40,2200,80,39,0,83,23,404.0,0.0
10,40,2200,90,38,0,127,29,602.0,0.0
10,40,2200,60,40,0,77,14,324.0,0.0
10,40,2200,90,43,1,81,22,386.0,370.1397107472919
10,40,2200,75,49,1,79,12,226.0,106.52587231328694
10,40,2200,90,50,1,69,13,276.0,335.5447000865794
10,40,2200,75,36,1,63,23,352.0,294.7510752972669
10,40,2200,70,42,0,161,16,424.0,0.0
10,40,2200,85,42,1,127,18,338.0,294.38395492892045
10,40,2200,90,43,0,121,24,522.0,0.0
10,40,2200,85,44,1,123,8,284.0,158.40720347825595
10,40,2200,60,38,0,125,23,456.0,0.0
10,40,2200,70,39,0,81,17,354.0,0.0
10,40,2200,60,38,1,93,21,384.0,366.37372587308784
10,40,2200,75,45,1,123,12,228.0,220.74206423505257
10,40,2200,70,44,0,119,17,334.0,0.0
10,40,2200,85,46,1,81,15,256.0,226.9591771526613
10,40,2200,65,46,1,85,11,304.0,181.42552434837765
10,40,2200,65,48,0,117,15,238.0,0.0
10,40,2200,70,37,0,125,22,418.0,0.0
10,40,2200,65,37,0,85,19,508.0,0.0
10,40,2200,65,40,1,73,14,282.0,108.49830584790554
10,40,2200,60,40,1,63,21,270.0,331.5271362531795
10,40,2200,80,44,0,81,16,322.0,0.0
10,40,2200,80,36,1,67,28,346.0,349.1468004128164
10,40,2200,60,44,0,153,17,458.0,0.0
10,40,2200,65,39,0,105,15,312.0,0.0
10,40,2200,70,37,1,125,22,382.0,360.252309663965
10,40,2200,75,49,1,51,12,300.0,216.41488187372462
10,40,2200,85,36,1,127,24,538.0,321.4501791238676
10,40,2200,75,48,0,71,11,228.0,0.0
10,40,2200,80,42,1,97,21,346.0,275.8851170933746
10,40,2200,70,38,0,79,19,350.0,0.0
10,40,2200,60,37,0,105,16,304.0,0.0
10,40,2200,60,37,1,105,19,390.0,295.9123606543223
10,40,2200,65,45,0,77,11,266.0,0.0
10,40,2200,65,48,0,83,9,162.0,0.0
10,40,2200,80,45,1,87,15,232.0,299.56395962856357
10,40,2200,85,41,1,59,14,254.0,211.23077944610253
10,40,2200,70,36,1,103,23,400.0,328.11873857346427
10,40,2200,80,39,0,123,17,358.0,0.0
10,40,2200,75,41,0,75,11,282.0,0.0
10,40,2200,80,43,1,79,17,340.0,313.4171663477925
10,40,2200,75,47,0,123,11,308.0,0.0
10,40,2200,85,48,1,77,18,196.0,368.3265875152441
10,40,2100,90,43,1,59,14,228.0,239.72213927617287
10,40,2200,70,48,0,159,16,352.0,0.0
10,40,2100,80,44,0,109,10,204.0,0.0
10,40,2100,90,39,1,75,26,354.0,479.385494231284
10,40,2100,65,47,0,83,11,262.0,0.0
10,40,2100,70,47,1,59,14,218.0,238.8354621532243
10,40,2100,90,40,0,119,18,484.0,0.0
10,40,2100,65,47,0,97,14,366.0,0.0
10,40,2100,75,45,1,121,20,354.0,488.78774421577737
10,40,2100,70,35,0,77,21,444.0,0.0
10,40,2100,80,48,1,79,11,224.0,266.15703078802477
10,40,2100,75,42,1,109,15,352.0,342.75002462711325
10,40,2100,90,40,1,77,16,304.0,249.81220342078836
10,40,2100,85,47,0,41,8,154.0,0.0
10,40,2100,90,44,0,109,15,410.0,0.0
10,40,2100,90,45,1,91,22,384.0,468.946175546286
10,40,2100,80,45,0,77,14,272.0,0.0
10,40,2100,80,38,1,79,22,440.0,303.5768328048082
10,40,2100,90,35,1,75,26,466.0,298.57257029433396
10,40,2100,85,44,0,107,8,148.0,0.0
10,40,2100,80,37,0,83,22,418.0,0.0
10,40,2100,65,36,1,75,18,244.0,217.87885251579988
10,40,2100,65,50,1,59,10,230.0,221.5003044956831
10,40,2100,85,47,0,147,17,382.0,0.0
10,40,2100,70,37,1,89,22,354.0,386.37535907236474
10,40,2100,60,37,0,115,23,382.0,0.0
10,40,2100,70,41,0,89,16,276.0,0.0
10,40,2100,85,44,1,81,16,270.0,390.96189933014
10,40,2100,60,49,1,77,10,202.0,119.80140479146223
10,40,2100,85,49,0,115,12,256.0,0.0
10,40,2100,70,37,0,115,14,318.0,0.0
10,40,2100,85,38,1,121,27,440.0,362.3305868938487
10,40,2100,85,40,0,81,13,278.0,0.0
10,40,2100,75,48,0,115,17,366.0,0.0
10,40,2100,80,45,1,115,10,252.0,271.53357751381395
10,40,2100,60,40,1,117,20,432.0,173.70109428272374
10,40,2100,75,35,0,145,19,376.0,0.0
10,40,2100,65,42,1,109,20,324.0,322.0901797219308
10,40,2100,80,36,0,111,21,428.0,0.0
10,40,2100,65,48,0,53,9,124.0,0.0
10,40,2100,60,43,0,131,13,336.0,0.0
10,40,2100,85,46,1,57,12,192.0,167.45719821408792
10,40,2100,75,37,1,75,22,296.0,371.8900445435336
10,40,2100,75,50,1,59,10,172.0,222.14724005391884
10,40,2100,70,39,0,119,12,330.0,0.0
10,40,2100,65,35,0,155,18,404.0,0.0
10,40,2100,70,43,1,63,11,220.0,160.8254819469357
10,40,2100,85,39,0,79,18,390.0,0.0
10,40,2100,75,49,1,91,15,262.0,185.53057419848176
10,40,2100,80,50,0,115,13,372.0,0.0
10,40,2100,75,45,1,105,13,202.0,271.04231710928724
10,40,2100,90,38,1,79,22,344.0,260.79502121869353
10,40,2100,75,40,1,77,16,308.0,208.3167561632637
10,40,2100,65,37,1,121,21,516.0,380.56248877052957
10,40,2100,80,36,0,113,19,374.0,0.0
10,40,2100,60,45,0,113,15,354.0,0.0
10,40,2100,65,48,0,67,7,144.0,0.0
10,40,2100,60,38,0,135,14,350.0,0.0
10,40,2100,85,50,1,69,11,166.0,228.39646721032568
10,40,2100,65,36,1,75,17,254.0,253.23128383931706
10,40,2100,90,39,0,111,19,404.0,0.0
10,40,2100,80,42,1,117,14,322.0,208.8099971011993
10,40,2100,65,38,1,63,15,280.0,153.41648939649548
10,40,2100,60,43,0,77,15,232.0,0.0
10,40,2100,80,46,0,75,16,318.0,0.0
10,40,2100,60,50,1,79,9,192.0,172.18385332124083
10,40,2100,75,41,0,117,14,296.0,0.0
10,40,2100,90,35,0,117,23,494.0,0.0
10,40,2100,65,35,0,91,19,380.0,0.0
10,40,2100,75,37,1,91,18,350.0,279.9821876328877
10,40,2100,70,35,0,73,17,312.0,0.0
10,40,2100,75,40,1,73,20,262.0,433.6386451484745
10,40,2100,85,46,1,71,13,260.0,213.41701339172303
10,40,2100,80,48,1,89,11,198.0,345.17537314171443
10,40,2100,90,38,1,89,18,302.0,221.35680422912634
10,40,2100,70,45,0,95,12,248.0,0.0
10,40,2100,75,43,0,61,10,140.0,0.0
10,40,2100,75,40,1,81,15,334.0,281.5935772237566
10,40,2100,60,44,1,105,13,336.0,366.5630888470009
10,40,2100,80,37,1,113,20,416.0,335.3284468407585
10,40,2100,80,44,0,79,11,210.0,0.0
10,40,2100,65,48,0,79,11,262.0,0.0
10,40,2100,90,44,1,121,24,408.0,426.39831395741714
10,40,2100,60,48,0,79,10,236.0,0.0
10,40,2100,90,40,0,113,18,420.0,0.0
10,40,2100,70,41,1,97,14,290.0,228.76941726647675
10,40,2100,80,36,1,81,26,426.0,272.1698201949319
10,40,2100,80,35,0,103,21,512.0,0.0
10,40,2100,75,40,1,65,23,278.0,264.0024173909786
10,40,2100,80,37,1,113,21,306.0,318.3438895346655
10,40,2100,70,44,0,77,17,416.0,0.0
10,40,2100,70,48,0,73,18,236.0,0.0
10,40,2100,90,48,0,69,12,192.0,0.0
10,40,2100,85,42,0,121,16,338.0,0.0
10,40,2100,75,45,1,111,16,268.0,295.8950595217382
10,40,2100,85,48,1,75,12,224.0,344.01310440098
10,40,2100,80,49,1,53,12,128.0,161.5883674122991
10,40,2100,85,50,0,77,11,284.0,0.0
10,40,2100,65,49,0,91,8,166.0,0.0
10,40,2100,70,50,1,45,5,46.0,114.02521661485824
10,40,2000,70,43,0,71,9,200.0,0.0
10,40,2100,85,45,0,109,13,264.0,0.0
10,40,2000,70,47,1,79,14,214.0,151.1385722317954
10,40,2000,80,48,1,75,13,356.0,366.9368440513501
10,40,2000,80,48,0,77,8,124.0,0.0
10,40,2000,85,47,1,71,19,258.0,187.62346905061065
10,40,2000,80,38,1,87,15,242.0,255.5697733682489
10,40,2000,60,41,0,113,16,332.0,0.0
10,40,2000,60,48,0,103,12,242.0,0.0
10,40,2000,60,41,0,75,13,224.0,0.0
10,40,2000,80,42,1,71,13,238.0,196.57261108254175
10,40,2000,80,47,0,71,6,132.0,0.0
10,40,2000,75,49,1,37,8,112.0,100.81328126227343
10,40,2000,75,37,1,79,18,256.0,263.66913975266704
10,40,2000,70,36,1,107,22,362.0,211.33687863242136
10,40,2000,80,37,0,77,21,310.0,0.0
10,40,2000,90,43,0,107,15,288.0,0.0
10,40,2000,60,45,1,115,13,346.0,258.5940825820999
10,40,2000,75,48,0,111,11,218.0,0.0
10,40,2000,60,48,1,75,15,220.0,369.11449953672786
10,40,2000,70,41,1,77,11,210.0,240.6548058460617
10,40,2000,80,48,0,111,9,250.0,0.0
10,40,2000,70,48,1,89,15,240.0,362.6979356214612
10,40,2000,75,41,0,67,9,176.0,0.0
10,40,2000,75,47,0,113,9,204.0,0.0
10,40,2000,80,37,0,109,14,282.0,0.0
10,40,2000,70,38,1,71,18,320.0,309.5937291381371
10,40,2000,85,48,0,79,13,226.0,0.0
10,40,2000,70,46,1,79,9,196.0,127.11083944368477
10,40,2000,90,39,0,69,14,284.0,0.0
10,40,2000,85,50,1,97,6,158.0,118.40341178840441
10,40,2000,60,42,1,51,8,148.0,86.93489224363498
10,40,2000,65,35,1,97,12,284.0,140.44385279614247
10,40,2000,75,37,1,115,18,302.0,211.45124660696325
10,40,2000,70,38,0,55,15,162.0,0.0
10,40,2000,65,48,0,73,10,152.0,0.0
10,40,2000,85,47,0,79,18,348.0,0.0
10,40,2000,60,49,1,57,8,134.0,110.74308230212168
10,40,2000,85,35,1,73,25,338.0,281.3748222873476
10,40,2000,75,50,0,39,4,136.0,0.0
10,40,2000,60,38,1,75,10,250.0,71.65700374851501
10,40,2000,85,45,0,99,16,356.0,0.0
10,40,2000,85,44,0,101,14,250.0,0.0
10,40,2000,65,39,0,91,12,200.0,0.0
10,40,2000,85,35,0,79,22,432.0,0.0
10,40,2000,85,38,1,63,21,314.0,388.2696847549148
10,40,2000,75,43,1,71,12,206.0,179.14418679530817
10,40,2000,90,47,1,39,11,222.0,165.78445121042733
10,40,2000,80,39,1,53,19,274.0,355.57616816143826
10,40,2000,90,47,0,105,10,212.0,0.0
10,40,2000,70,35,1,45,16,242.0,196.23785217013472
10,40,2000,85,39,0,105,10,208.0,0.0
10,40,2000,75,39,0,143,18,396.0,0.0
10,40,2000,90,39,0,39,13,196.0,0.0
10,40,2000,75,42,1,101,12,336.0,234.3870974487174
10,40,2000,70,45,0,63,6,142.0,0.0
10,40,2000,90,36,1,77,26,418.0,315.23889835036465
10,40,2000,70,38,0,109,16,390.0,0.0
10,40,2000,90,49,1,75,10,166.0,110.3787766306028
10,40,2000,75,44,1,59,17,170.0,367.03310360399786
10,40,2000,85,42,0,105,17,386.0,0.0
10,40,2000,75,35,1,59,29,328.0,299.9758801175431
10,40,2000,90,40,0,79,13,334.0,0.0
10,40,2000,90,50,1,55,11,160.0,258.4791101238155
10,40,2000,70,45,0,105,15,364.0,0.0
10,40,2000,65,49,1,75,3,112.0,76.66580964875145
10,40,2000,65,50,1,61,10,158.0,194.31900760574433
10,40,2000,85,50,0,159,11,232.0,0.0
10,40,2000,65,41,0,73,5,108.0,0.0
10,40,2000,60,36,0,99,16,292.0,0.0
10,40,2000,80,37,0,77,19,438.0,0.0
10,40,2000,90,42,1,107,9,264.0,151.91347669534017
10,40,2000,85,44,1,77,12,282.0,254.67740198010625
10,40,2000,90,47,1,71,12,190.0,177.4784581309709
10,40,2000,85,44,0,69,8,126.0,0.0
10,40,2000,85,47,1,49,7,90.0,119.38590523936476
10,40,2000,75,42,1,85,17,392.0,290.65063213220526
10,40,2000,70,48,0,77,11,294.0,0.0
10,40,2000,80,43,1,65,11,226.0,212.2534842318885
10,40,2000,75,43,0,63,9,224.0,0.0
10,40,2000,90,42,0,77,13,262.0,0.0
10,40,2000,65,36,1,111,14,286.0,198.5431382052028
10,40,2000,70,36,0,111,21,432.0,0.0
10,40,2000,70,35,0,79,13,288.0,0.0
10,40,2000,90,50,1,91,18,308.0,501.70708142297207
10,40,2000,80,49,0,105,13,304.0,0.0
10,40,2000,80,48,1,41,7,130.0,199.8362073711741
10,40,2000,60,42,0,39,11,138.0,0.0
10,40,2000,60,48,1,43,11,176.0,271.42290759248374
10,40,2000,75,40,0,71,14,222.0,0.0
10,40,2000,70,44,1,67,17,198.0,326.43180936974994
10,40,2000,65,38,1,103,18,402.0,296.60522341384717
10,40,2000,65,38,0,79,14,284.0,0.0
10,40,2000,70,43,1,75,8,182.0,138.52482802421565
10,40,2000,90,42,1,87,15,198.0,226.8243172663576
10,40,2000,65,46,1,77,9,178.0,86.0570888472924
10,40,2000,75,49,0,65,7,140.0,0.0
10,40,2000,60,49,0,67,10,282.0,0.0
10,40,2000,90,41,1,99,18,314.0,288.4134225492278
10,40,2000,80,45,0,69,10,154.0,0.0
10,40,2000,80,45,0,71,11,234.0,0.0
10,40,1900,70,43,1,113,15,290.0,179.13903520741655
10,40,1900,80,45,0,99,17,322.0,0.0
10,40,1900,65,48,1,81,10,164.0,253.59969852993197
10,40,1900,65,48,0,65,9,162.0,0.0
10,40,1900,90,35,0,111,21,388.0,0.0
10,40,1900,75,39,0,109,14,344.0,0.0
10,40,1900,80,50,1,65,10,168.0,208.78143204870236
10,40,1900,70,41,0,61,10,184.0,0.0
10,40,1900,65,47,1,121,8,252.0,99.45992821556077
10,40,1900,75,43,1,99,16,262.0,220.07260874145044
10,40,1900,80,41,0,73,8,254.0,0.0
10,40,1900,65,46,1,63,7,102.0,88.42859167819469
10,40,1900,90,41,1,95,15,350.0,229.9692913640756
10,40,1900,75,40,1,67,17,272.0,207.79217611141735
10,40,1900,70,46,0,103,10,226.0,0.0
10,40,1900,85,50,0,111,11,238.0,0.0
10,40,1900,90,46,1,55,13,218.0,152.62679360460425
10,40,1900,75,37,1,109,13,268.0,208.89663735840105
10,40,1900,85,48,0,75,7,146.0,0.0
10,40,1900,75,49,1,69,9,230.0,156.84345400380997
10,40,1900,75,44,0,35,8,126.0,0.0
10,40,1900,85,40,0,53,10,154.0,0.0
10,40,1900,80,37,0,105,14,336.0,0.0
10,40,1900,90,42,1,57,16,262.0,261.5763756643395
10,40,1900,65,46,1,49,10,136.0,54.65860259544223
10,40,1900,90,41,1,103,20,376.0,367.898280150338
10,40,1900,75,35,1,65,22,278.0,255.65853559535304
10,40,1900,85,39,0,71,12,240.0,0.0
10,40,1900,60,48,0,61,6,132.0,0.0
10,40,1900,65,47,0,83,8,106.0,0.0
10,40,1900,75,49,1,65,15,218.0,181.76945739368696
10,40,1900,80,38,1,51,11,210.0,155.7814498636808
10,40,1900,70,35,0,75,17,316.0,0.0
10,40,1900,90,37,0,73,18,318.0,0.0
10,40,1900,85,40,0,75,15,314.0,0.0
10,40,1900,85,43,1,67,15,236.0,264.1794947981696
10,40,1900,85,38,1,55,21,224.0,221.74325382862548
10,40,1900,60,44,0,53,8,156.0,0.0
10,40,1900,60,50,1,103,9,168.0,170.18122753934207
10,40,1900,70,43,0,69,14,240.0,0.0
10,40,1900,70,39,1,69,16,292.0,466.97538998127783
10,40,1900,85,38,1,71,14,232.0,235.29941140366657
10,40,1900,65,49,0,37,5,64.0,0.0
10,40,1900,80,35,1,73,25,368.0,325.6951106891765
10,40,1900,65,43,0,107,15,262.0,0.0
10,40,1900,60,40,0,37,6,190.0,0.0
10,40,1900,90,35,1,53,20,310.0,306.40312434504887
10,40,1900,60,35,1,69,19,220.0,211.95255338367207
10,40,1900,70,46,0,105,6,194.0,0.0
10,40,1900,85,37,0,71,15,282.0,0.0
10,40,1900,80,43,0,133,16,366.0,0.0
10,40,1900,80,47,1,57,12,144.0,101.9523714353071
10,40,1900,75,45,1,69,8,176.0,258.2650923204066
10,40,1900,75,38,0,105,18,376.0,0.0
10,40,1900,85,36,1,53,21,256.0,219.35354977250628
10,40,1900,85,38,0,97,17,306.0,0.0
10,40,1900,75,50,0,75,15,298.0,0.0
10,40,1900,80,42,1,83,15,258.0,246.62511920961458
10,40,1900,65,37,0,69,14,264.0,0.0
10,40,1900,70,46,1,71,15,340.0,196.05355558605285
10,40,1900,60,36,0,73,14,316.0,0.0
10,40,1900,90,38,1,71,19,250.0,172.65326201432063
10,40,1900,65,37,1,73,12,266.0,145.85146794343234
10,40,1900,60,44,1,37,10,176.0,273.7255047034022
10,40,1900,80,47,0,69,7,176.0,0.0
10,40,1900,65,40,0,101,17,366.0,0.0
10,40,1900,65,42,1,37,4,92.0,81.76672947334717
10,40,1900,70,48,0,135,15,278.0,0.0
10,40,1900,85,37,0,61,17,264.0,0.0
10,40,1900,90,39,1,59,17,160.0,352.5068819990738
10,40,1900,65,45,1,49,11,188.0,258.46364370634893
10,40,1900,65,50,0,23,3,38.0,0.0
10,40,1900,60,49,0,33,6,96.0,0.0
10,40,1900,65,44,1,67,8,176.0,188.9242961814487
10,40,1900,90,49,1,93,18,246.0,295.3406556668608
10,40,1900,90,39,1,67,19,282.0,393.16012017186665
10,40,1900,85,44,0,55,10,190.0,0.0
10,40,1900,80,41,1,87,18,260.0,332.895350238601
10,40,1900,70,40,0,113,15,304.0,0.0
10,40,1900,80,43,1,69,20,252.0,319.9968834765466
10,40,1900,90,48,0,73,10,172.0,0.0
10,40,1900,85,48,0,51,7,108.0,0.0
10,40,1900,85,35,1,75,15,350.0,219.99086679850964
10,40,1900,90,35,0,175,20,384.0,0.0
10,40,1900,75,38,1,49,13,200.0,179.40526429799993
10,40,1900,85,42,0,103,7,188.0,0.0
10,40,1900,60,41,1,49,11,152.0,157.19129408731186
10,40,1900,60,38,0,73,14,308.0,0.0
10,40,1900,75,35,0,133,18,332.0,0.0
10,40,1900,90,50,0,59,6,152.0,0.0
10,40,1900,85,42,1,55,12,232.0,217.63802082991654
10,40,1900,65,43,0,67,10,140.0,0.0
10,40,1900,60,45,1,59,12,168.0,233.570883162288
10,40,1900,80,49,1,37,5,138.0,37.05467593866738
10,40,1900,65,46,1,63,10,118.0,134.40742717198316
10,40,1800,80,37,1,63,14,208.0,205.7910251076842
10,40,1900,60,35,1,59,8,128.0,124.36049062787674
10,40,1900,65,35,0,99,14,308.0,0.0
10,40,1900,65,50,0,37,6,136.0,0.0
10,40,1900,75,44,0,69,8,190.0,0.0
10,40,1800,70,36,0,103,19,334.0,0.0
10,40,1900,85,48,1,45,8,118.0,165.83398355168788
10,40,1800,85,36,1,67,19,274.0,294.7951077281108
10,40,1800,65,39,1,81,15,298.0,354.5163438449563
10,40,1800,75,36,0,123,19,318.0,0.0
10,40,1800,90,36,0,69,22,330.0,0.0
10,40,1800,75,43,1,37,9,102.0,74.50319783829792
10,40,1800,90,37,1,37,10,108.0,111.94717406638014
10,40,1800,60,35,1,75,12,246.0,221.29444560759492
10,40,1800,75,38,0,87,13,288.0,0.0
10,40,1800,85,42,0,31,8,86.0,0.0
10,40,1800,90,43,0,61,9,168.0,0.0
10,40,1800,60,39,1,65,13,258.0,363.0772062403954
10,40,1800,60,35,0,101,15,314.0,0.0
10,40,1800,60,45,1,83,6,104.0,102.93429778543604
10,40,1800,65,36,1,77,15,188.0,132.28318801628353
10,40,1800,70,39,0,67,9,124.0,0.0
10,40,1800,75,36,1,99,18,382.0,209.21984154406368
10,40,1800,90,36,0,69,11,298.0,0.0
10,40,1800,70,39,0,71,16,184.0,0.0
10,40,1800,85,40,0,103,15,336.0,0.0
10,40,1800,70,46,1,35,3,36.0,70.04115809240342
10,40,1800,65,41,0,55,7,154.0,0.0
10,40,1800,70,47,1,59,9,132.0,134.06536323628282
10,40,1800,80,35,1,67,12,184.0,74.68158610692156
10,40,1800,80,41,0,53,9,116.0,0.0
10,40,1800,90,36,0,101,14,328.0,0.0
10,40,1800,60,36,1,55,12,176.0,123.69431111905735
10,40,1800,65,47,0,115,7,178.0,0.0
10,40,1800,90,48,1,71,8,186.0,120.56745350621185
10,40,1800,80,45,1,55,6,86.0,128.2657835098119
10,40,1800,90,35,1,107,20,306.0,218.1112875469119
10,40,1800,90,42,0,137,18,372.0,0.0
10,40,1800,70,46,0,61,11,190.0,0.0
10,40,1800,65,49,0,47,8,108.0,0.0
10,40,1800,85,50,0,63,6,96.0,0.0
10,40,1800,60,49,1,55,5,128.0,78.64910660059765
10,40,1800,60,50,1,57,7,120.0,202.29968932211062
10,40,1800,60,36,1,67,16,214.0,121.69882139614796
10,40,1800,85,37,0,63,16,252.0,0.0
10,40,1800,80,37,0,63,16,256.0,0.0
10,40,1800,85,37,1,63,16,282.0,190.7479470349531
10,40,1800,80,47,1,75,10,188.0,106.33429972408663
10,40,1800,90,46,0,127,11,222.0,0.0
10,40,1800,90,48,1,93,8,180.0,210.8015504262222
10,40,1800,75,36,1,67,16,250.0,147.89713928846072
10,40,1800,65,37,0,101,14,234.0,0.0
10,40,1800,65,42,0,69,10,164.0,0.0
10,40,1800,75,40,0,121,11,286.0,0.0
10,40,1800,65,45,1,53,8,154.0,208.38105423321315
10,40,1800,60,49,0,59,8,130.0,0.0
10,40,1800,85,49,1,73,6,142.0,87.76834740984282
10,40,1800,70,40,1,65,14,216.0,199.85925235942977
10,40,1800,75,38,1,63,13,232.0,139.91803872335655
10,40,1800,65,43,1,89,11,256.0,136.9044889888022
10,40,1800,60,44,0,65,9,160.0,0.0
10,40,1800,80,46,0,71,11,276.0,0.0
10,40,1800,70,44,1,35,6,104.0,127.17246749201874
10,40,1800,65,48,0,59,5,126.0,0.0
10,40,1800,80,38,0,71,10,194.0,0.0
10,40,1800,65,43,0,105,9,204.0,0.0
10,40,1800,70,45,0,99,10,236.0,0.0
10,40,1800,90,47,1,71,12,160.0,243.36253084148476
10,40,1800,90,45,1,43,7,100.0,130.46546642132552
10,40,1800,65,39,0,71,8,188.0,0.0
10,40,1800,85,44,1,49,9,188.0,241.51107374963505
10,40,1800,80,35,1,101,23,444.0,345.4417156357852
10,40,1800,65,35,0,95,14,220.0,0.0
10,40,1800,80,38,0,101,20,348.0,0.0
10,40,1800,70,42,1,91,13,208.0,233.42358658713457
10,40,1800,80,42,0,69,16,256.0,0.0
10,40,1800,65,35,0,105,18,380.0,0.0
10,40,1800,65,48,1,67,7,166.0,206.61727241218676
10,40,1800,80,47,1,65,11,122.0,155.77238569931362
10,40,1800,90,38,0,63,11,222.0,0.0
10,40,1800,70,41,1,59,14,178.0,267.9705185870167
10,40,1800,70,49,1,35,5,96.0,51.60169464399658
10,40,1800,75,37,1,63,13,182.0,128.90026942132025
10,40,1800,75,48,0,59,9,156.0,0.0
10,40,1800,90,49,1,43,7,74.0,86.58486198801091
10,40,1800,65,46,0,57,9,140.0,0.0
10,40,1800,70,38,1,53,14,140.0,71.41480435690836
10,40,1800,75,49,0,111,16,286.0,0.0
10,40,1800,75,36,0,57,13,148.0,0.0
10,40,1800,60,49,1,101,10,196.0,115.95322506436847
10,40,1800,85,40,0,129,13,252.0,0.0
10,40,1800,90,48,0,93,14,230.0,0.0
10,40,1800,80,38,0,71,18,284.0,0.0
10,40,1800,60,47,1,71,8,124.0,109.50139741641539
10,40,1800,60,44,1,129,15,328.0,367.6235531157761
10,40,1800,75,48,1,59,9,134.0,209.40407564471406
10,40,1800,90,40,1,95,12,204.0,137.0523852638396
10,40,1800,70,42,1,53,12,154.0,186.86672366074157
10,40,1800,85,45,0,55,5,104.0,0.0
10,40,1800,65,47,0,93,6,112.0,0.0
10,40,1800,70,50,0,137,12,260.0,0.0
10,40,1800,70,47,1,65,5,130.0,50.32552332384073
10,40,1800,80,45,0,91,12,158.0,0.0
10,40,1800,80,45,1,63,4,120.0,94.3129163805274
10,40,1800,65,42,0,103,15,310.0,0.0
10,40,1700,90,40,1,65,10,230.0,134.5228603771829
10,40,1700,65,41,1,55,9,140.0,140.0387341302152
10,40,1700,70,43,0,89,7,122.0,0.0
10,40,1700,60,46,0,117,9,218.0,0.0
10,40,1700,80,46,1,93,11,172.0,124.47198499675518
10,40,1700,85,39,1,63,9,152.0,195.75158860230124
10,40,1700,90,37,0,65,13,238.0,0.0
10,40,1700,90,43,0,91,11,266.0,0.0
10,40,1700,80,37,1,63,6,124.0,105.70814137551005
10,40,1700,90,35,1,63,17,252.0,248.39242838890806
10,40,1700,75,39,0,67,13,226.0,0.0
10,40,1700,80,48,0,65,4,66.0,0.0
10,40,1700,75,41,1,85,12,254.0,248.5399487113691
10,40,1700,75,43,0,75,10,204.0,0.0
10,40,1700,65,49,1,41,5,42.0,52.47303694694361
10,40,1700,70,37,0,89,15,204.0,0.0
10,40,1700,65,37,1,65,17,250.0,343.4678002780575
10,40,1700,85,36,0,67,17,278.0,0.0
10,40,1700,90,41,1,53,6,88.0,126.091011711407
10,40,1700,90,46,1,73,10,172.0,149.5826418594655
10,40,1700,80,45,0,79,10,146.0,0.0
10,40,1700,75,45,0,65,9,192.0,0.0
10,40,1700,80,37,1,49,9,166.0,130.75498748321414
10,40,1700,60,37,1,91,10,218.0,126.77047595541254
10,40,1700,80,40,0,65,8,114.0,0.0
10,40,1700,60,42,0,31,5,114.0,0.0
10,40,1700,65,38,1,51,18,208.0,237.0339024239804
10,40,1700,65,42,1,59,9,180.0,181.71705994804208
10,40,1700,80,39,0,65,12,196.0,0.0
10,40,1700,65,46,1,61,11,200.0,114.86427561449445
10,40,1700,85,40,1,57,14,222.0,216.80010184642623
10,40,1700,70,48,0,69,6,94.0,0.0
10,40,1700,75,48,0,83,10,200.0,0.0
10,40,1700,70,39,0,55,7,124.0,0.0
10,40,1700,75,42,0,67,10,198.0,0.0
10,40,1700,60,43,1,81,4,82.0,83.9782896604
10,40,1700,60,36,0,91,15,252.0,0.0
10,40,1700,60,38,0,89,11,178.0,0.0
10,40,1700,85,40,1,117,13,234.0,132.6444193059624
10,40,1700,70,42,1,65,11,140.0,212.9944735766662
10,40,1700,90,41,1,55,7,136.0,153.30675382452267
10,40,1700,75,45,0,53,8,138.0,0.0
10,40,1700,80,35,0,61,11,160.0,0.0
10,40,1700,70,46,1,67,9,130.0,167.18958413110585
10,40,1700,75,40,1,101,7,164.0,100.45965627200319
10,40,1700,70,43,0,51,5,78.0,0.0
10,40,1700,65,42,0,33,6,106.0,0.0
10,40,1700,80,36,1,59,17,230.0,228.1263026599847
10,40,1700,85,35,0,65,14,276.0,0.0
10,40,1700,75,47,1,59,7,138.0,51.613911189913125
10,40,1700,80,35,1,53,18,222.0,200.37626770114812
10,40,1700,75,35,1,89,14,292.0,189.5922956495198
10,40,1700,60,39,1,63,7,98.0,120.957895065421
10,40,1700,80,42,0,65,8,178.0,0.0
10,40,1700,60,43,0,65,9,174.0,0.0
10,40,1700,70,41,0,51,6,80.0,0.0
10,40,1700,85,45,1,93,10,212.0,157.47497596467386
10,40,1700,70,42,1,85,12,254.0,168.1704827936049
10,40,1700,65,35,0,57,9,146.0,0.0
10,40,1700,65,44,0,81,6,130.0,0.0
10,40,1700,85,43,0,81,14,210.0,0.0
10,40,1700,90,47,1,93,12,246.0,202.2189775392064
10,40,1700,70,48,0,51,4,104.0,0.0
10,40,1700,70,50,1,61,6,138.0,176.79880549833956
10,40,1700,65,38,1,57,13,194.0,108.26296698820393
10,40,1700,65,44,0,63,8,174.0,0.0
10,40,1700,65,43,1,41,6,66.0,101.8586549930149
10,40,1700,75,36,0,63,11,190.0,0.0
10,40,1700,60,38,1,45,7,78.0,42.23429108632117
10,40,1700,90,43,1,117,14,264.0,172.74310325884687
10,40,1700,85,48,0,65,8,152.0,0.0
10,40,1700,60,37,1,37,5,96.0,81.46145657461011
10,40,1700,65,40,1,61,11,192.0,121.6019815336239
10,40,1700,70,38,0,65,5,100.0,0.0
10,40,1700,80,45,1,39,8,104.0,82.72732845752793
10,40,1700,60,41,0,59,7,154.0,0.0
10,40,1700,70,38,0,63,11,218.0,0.0
10,40,1700,80,48,0,61,3,62.0,0.0
10,40,1700,80,35,1,121,14,198.0,156.90834128857432
10,40,1700,65,40,0,65,8,154.0,0.0
10,40,1700,65,44,1,43,9,174.0,270.83429072653723
10,40,1700,65,46,0,33,6,112.0,0.0
10,40,1700,60,44,0,61,8,174.0,0.0
10,40,1700,60,50,1,51,7,120.0,138.69553450037301
10,40,1700,85,49,1,49,7,122.0,59.23521794262143
10,40,1700,90,37,1,53,17,218.0,247.62972203801485
10,40,1700,90,38,0,65,14,210.0,0.0
10,40,1700,80,42,1,75,17,300.0,290.3938879875318
10,40,1700,75,36,0,63,11,208.0,0.0
10,40,1700,65,36,0,75,13,198.0,0.0
10,40,1700,80,44,0,51,9,118.0,0.0
10,40,1700,90,50,1,61,13,204.0,271.6132946027994
10,40,1700,75,42,1,51,7,116.0,105.1569876765825
10,40,1700,70,43,0,55,8,116.0,0.0
10,40,1700,80,45,0,61,8,122.0,0.0
10,40,1700,90,43,0,61,8,184.0,0.0
10,40,1700,65,37,1,69,12,224.0,175.43733428840503
10,40,1700,85,49,1,43,5,74.0,89.82364146010049
10,40,1700,60,50,1,29,2,30.0,77.50232237156891
10,40,1600,70,36,1,49,7,140.0,76.94095040539126
10,40,1600,70,42,1,61,8,110.0,146.2072274929286
10,40,1700,65,47,0,57,7,92.0,0.0
10,40,1600,70,36,0,59,10,184.0,0.0
10,40,1600,90,48,0,83,10,200.0,0.0
10,40,1600,80,44,1,57,10,134.0,214.73682372702416
10,40,1600,80,50,0,29,6,96.0,0.0
10,40,1600,75,35,0,91,14,246.0,0.0
10,40,1600,70,40,1,55,5,114.0,65.45291738157678
10,40,1600,75,45,1,87,10,194.0,205.25592999681928
10,40,1600,65,47,0,0,0,0.0,0.0
10,40,1600,70,49,1,85,8,120.0,91.98231345834968
10,40,1600,75,50,0,53,3,84.0,0.0
10,40,1600,75,49,1,63,5,64.0,47.78763103102965
10,40,1600,60,38,1,81,11,224.0,142.2613129604027
10,40,1600,65,39,0,55,7,140.0,0.0
10,40,1600,75,43,1,101,12,210.0,154.84107018837165
10,40,1600,65,45,0,59,6,120.0,0.0
10,40,1600,90,45,1,39,7,98.0,164.44765274331675
10,40,1600,85,42,0,39,5,98.0,0.0
10,40,1600,60,47,0,119,12,234.0,0.0
10,40,1600,70,39,0,59,8,142.0,0.0
10,40,1600,60,38,1,31,5,110.0,48.29365792243132
10,40,1600,65,38,0,61,12,208.0,0.0
10,40,1600,70,38,1,85,9,168.0,80.05616097562333
10,40,1600,65,43,1,79,5,104.0,63.150566574812096
10,40,1600,80,47,0,87,9,172.0,0.0
10,40,1600,85,35,0,91,14,240.0,0.0
10,40,1600,75,40,0,51,7,146.0,0.0
10,40,1600,60,43,1,65,5,96.0,46.369211669355124
10,40,1600,90,47,1,57,9,158.0,130.86478555531195
10,40,1600,70,46,1,87,12,252.0,142.4826537823508
10,40,1600,85,46,0,59,6,108.0,0.0
10,40,1600,80,38,0,45,5,132.0,0.0
10,40,1600,70,36,1,53,13,168.0,104.75745672189194
10,40,1600,80,35,0,95,14,302.0,0.0
10,40,1600,80,50,1,51,8,108.0,185.15481457345365
10,40,1600,65,49,1,39,6,96.0,67.36312215030787
10,40,1600,75,50,0,63,6,112.0,0.0
10,40,1600,80,37,1,59,15,224.0,252.4675985936479
10,40,1600,75,49,1,7,1,8.0,10.201824393081974
10,40,1600,80,50,0,29,5,88.0,0.0
10,40,1600,65,37,0,91,12,222.0,0.0
10,40,1600,80,37,1,43,13,156.0,181.14095477086605
10,40,1600,65,40,1,115,10,212.0,133.14455086538845
10,40,1600,80,40,0,55,7,102.0,0.0
10,40,1600,60,50,0,85,8,178.0,0.0
10,40,1600,60,46,0,55,7,140.0,0.0
10,40,1600,70,49,1,57,7,138.0,90.40566169290526
10,40,1600,75,38,1,57,6,164.0,79.8682016787951
10,40,1600,80,37,1,45,7,132.0,99.64075153391315
10,40,1600,70,42,0,51,6,84.0,0.0
10,40,1600,65,39,0,55,8,138.0,0.0
10,40,1600,90,47,1,55,8,82.0,112.02669965428224
10,40,1600,65,44,1,39,9,96.0,193.86521114543464
10,40,1600,80,47,0,81,8,174.0,0.0
10,40,1600,75,38,0,91,11,214.0,0.0
10,40,1600,85,40,1,33,8,142.0,101.98830875895136
10,40,1600,85,40,0,59,7,160.0,0.0
10,40,1600,65,35,0,59,8,86.0,0.0
10,40,1600,70,37,0,39,7,130.0,0.0
10,40,1600,85,42,1,63,14,190.0,226.59966538435103
10,40,1600,85,44,1,81,12,172.0,254.25422593210834
10,40,1600,75,39,1,51,9,156.0,269.2370603951779
10,40,1600,90,41,1,49,13,150.0,254.19585100491938
10,40,1600,65,42,0,33,3,54.0,0.0
10,40,1600,90,47,0,89,9,186.0,0.0
10,40,1600,90,49,0,31,6,88.0,0.0
10,40,1600,65,35,0,73,12,210.0,0.0
10,40,1600,60,43,0,31,7,82.0,0.0
10,40,1600,70,49,1,57,7,106.0,103.15568484594824
10,40,1600,60,50,1,41,6,104.0,141.7642432165587
10,40,1600,80,39,0,47,5,48.0,0.0
10,40,1600,65,49,1,55,5,86.0,60.25744761850972
10,40,1600,60,48,1,59,4,72.0,99.31216597416139
10,40,1600,90,35,0,55,9,146.0,0.0
10,40,1600,60,43,1,89,13,218.0,191.56551215780496
10,40,1600,75,43,1,85,7,186.0,112.83354183713935
10,40,1600,85,40,1,49,12,172.0,187.38571279613745
10,40,1600,75,42,0,91,7,116.0,0.0
10,40,1600,90,41,0,31,8,146.0,0.0
10,40,1600,70,41,1,37,5,66.0,126.64061942133922
10,40,1600,90,35,1,55,21,214.0,196.7795042013955
10,40,1600,70,42,1,79,7,112.0,105.57368446166569
10,40,1600,85,41,0,55,9,114.0,0.0
10,40,1600,90,42,0,59,11,188.0,0.0
10,40,1600,85,43,1,53,6,112.0,84.67817998924234
10,40,1600,80,48,0,31,4,92.0,0.0
10,40,1600,60,47,0,55,6,126.0,0.0
10,40,1600,90,41,0,89,7,120.0,0.0
10,40,1600,80,36,1,61,12,186.0,91.46224996047071
10,40,1600,85,38,1,87,10,226.0,122.805313112194
10,40,1600,85,39,0,59,16,224.0,0.0
10,40,1600,75,41,1,31,6,82.0,152.28742974256448
10,40,1600,90,49,1,57,6,118.0,65.95174979808957
10,40,1600,90,40,0,63,14,240.0,0.0
10,40,1600,60,50,0,37,4,64.0,0.0
10,40,1600,60,42,1,55,7,70.0,140.44579342516727
10,40,1600,65,45,0,27,5,56.0,0.0
10,40,1500,75,38,1,77,9,130.0,70.81417603127566
10,40,1500,90,40,0,109,8,184.0,0.0
10,40,1500,90,46,1,29,2,44.0,49.31501250340251
10,40,1600,90,47,0,49,4,82.0,0.0
10,40,1600,75,49,1,57,6,88.0,50.36473684092945
10,40,1500,70,46,0,53,6,80.0,0.0
10,40,1500,65,42,1,63,11,118.0,161.60292793909798
10,40,1500,80,41,0,57,6,108.0,0.0
10,40,1500,70,45,1,65,8,114.0,137.78077273484965
10,40,1500,75,46,1,93,7,124.0,100.5474761343302
10,40,1500,75,48,0,57,5,100.0,0.0
10,40,1500,80,45,0,29,6,88.0,0.0
10,40,1500,85,49,1,81,4,110.0,60.2420471310892
10,40,1500,65,44,0,77,9,160.0,0.0
10,40,1500,80,42,1,49,9,130.0,133.490238339145
10,40,1500,90,42,1,43,3,44.0,52.16431066230846
10,40,1500,75,48,1,57,4,86.0,116.99908352547793
10,40,1500,90,47,0,55,9,140.0,0.0
10,40,1500,80,45,0,29,4,88.0,0.0
10,40,1500,85,47,0,53,8,136.0,0.0
10,40,1500,80,41,1,31,6,58.0,112.10383666193304
10,40,1500,65,43,0,105,7,162.0,0.0
10,40,1500,85,40,0,73,12,168.0,0.0
10,40,1500,70,48,1,39,4,70.0,114.28220891294487
10,40,1500,85,46,1,85,5,132.0,70.11964406573986
10,40,1500,90,49,0,57,8,140.0,0.0
10,40,1500,75,36,0,51,7,106.0,0.0
10,40,1500,65,41,1,53,12,144.0,250.6097265556907
10,40,1500,70,41,1,23,2,38.0,57.58912540204473
10,40,1500,65,49,1,69,4,96.0,59.978594708900424
10,40,1500,90,44,0,57,7,106.0,0.0
10,40,1500,65,46,0,55,4,80.0,0.0
10,40,1500,80,47,1,61,6,110.0,88.77037419701229
10,40,1500,60,45,0,77,5,120.0,0.0
10,40,1500,60,35,0,59,10,162.0,0.0
10,40,1500,65,38,1,45,7,190.0,43.023763191815284
10,40,1500,90,39,1,55,8,116.0,135.40061083302945
10,40,1500,85,42,1,49,10,124.0,135.297569848782
10,40,1500,85,47,0,69,11,172.0,0.0
10,40,1500,65,43,0,55,6,84.0,0.0
10,40,1500,60,43,1,53,7,144.0,81.88650479475291
10,40,1500,70,35,1,53,10,128.0,84.58519509816414
10,40,1500,75,36,1,55,15,186.0,123.2651982941345
10,40,1500,65,36,0,33,7,124.0,0.0
10,40,1500,60,46,0,53,6,102.0,0.0
10,40,1500,65,46,0,81,4,110.0,0.0
10,40,1500,80,41,0,107,12,242.0,0.0
10,40,1500,70,38,1,55,3,56.0,14.82842712474619
10,40,1500,90,37,1,49,15,156.0,170.4907743499865
10,40,1500,60,45,0,117,10,228.0,0.0
10,40,1500,75,50,1,63,8,140.0,195.61568219453494
10,40,1500,65,44,0,53,8,156.0,0.0
10,40,1500,65,45,0,51,4,82.0,0.0
10,40,1500,75,48,1,49,4,50.0,93.6863088789241
10,40,1500,80,35,0,81,13,224.0,0.0
10,40,1500,75,39,0,45,9,76.0,0.0
10,40,1500,65,50,1,29,3,54.0,27.41504625499783
10,40,1500,65,47,1,59,5,118.0,83.58328118754454
10,40,1500,80,50,1,109,6,136.0,123.951818415692
10,40,1500,90,36,1,37,14,150.0,179.57084211401065
10,40,1500,60,37,0,29,3,52.0,0.0
10,40,1500,85,39,0,71,11,152.0,0.0
10,40,1500,80,43,0,85,5,116.0,0.0
10,40,1500,85,46,1,45,8,90.0,92.05278709487993
10,40,1500,75,38,0,83,12,212.0,0.0
10,40,1500,85,46,1,83,7,136.0,76.07038858708688
10,40,1500,60,38,1,59,7,138.0,51.56628181368217
10,40,1500,65,38,0,77,8,166.0,0.0
10,40,1500,60,45,1,91,9,138.0,146.16674069319342
10,40,1500,65,38,0,79,14,292.0,0.0
10,40,1500,90,48,1,33,4,62.0,86.97580654793971
10,40,1500,75,48,0,51,3,74.0,0.0
10,40,1500,70,40,1,31,9,110.0,106.42192883911238
10,40,1500,85,46,1,87,5,108.0,95.84833425563428
10,40,1500,75,35,0,49,13,180.0,0.0
10,40,1500,90,50,0,39,5,84.0,0.0
10,40,1500,75,45,0,41,4,82.0,0.0
10,40,1500,60,45,0,95,8,120.0,0.0
10,40,1500,80,47,1,33,6,80.0,69.76363535904918
10,40,1500,65,50,1,59,4,90.0,116.264474276792
10,40,1500,65,46,1,85,10,150.0,100.82670109134214
10,40,1500,65,44,0,53,5,82.0,0.0
10,40,1500,65,35,1,57,11,202.0,85.73617360168973
10,40,1500,85,40,0,29,8,96.0,0.0
10,40,1500,75,42,0,83,11,136.0,0.0
10,40,1500,90,49,1,57,8,168.0,106.48300470148395
10,40,1500,85,49,1,37,3,38.0,29.591290732600307
10,40,1500,60,47,1,35,5,66.0,49.77677867431784
10,40,1500,85,49,0,55,7,126.0,0.0
10,40,1500,75,40,1,75,10,164.0,125.8534150523762
10,40,1500,70,37,1,41,12,154.0,157.43517607205885
10,40,1500,90,41,0,53,9,164.0,0.0
10,40,1500,60,45,0,71,5,100.0,0.0
10,40,1500,75,49,0,57,6,114.0,0.0
10,40,1500,90,43,0,55,6,80.0,0.0
10,40,1500,90,48,1,47,3,76.0,113.34866376903628
10,40,1500,90,35,1,57,13,126.0,165.2642041258439
10,40,1500,60,37,0,55,6,98.0,0.0
10,39,3000,85,40,1,111,33,594.0,621.1111985201632
10,40,1500,65,42,1,79,8,186.0,136.54777837585297
10,40,1500,60,43,0,47,3,62.0,0.0
10,40,1500,90,49,1,31,4,82.0,49.896692055738235
10,40,1500,80,46,0,73,8,94.0,0.0
10,39,3000,60,35,1,91,37,592.0,537.1669980502378
10,39,3000,85,39,1,115,37,770.0,784.69797656287
10,39,3000,70,36,0,153,38,830.0,0.0
10,39,3000,65,38,0,159,31,728.0,0.0
10,39,3000,65,39,0,175,34,974.0,0.0
10,39,3000,70,47,0,119,25,708.0,0.0
10,39,3000,90,50,1,85,28,496.0,717.2889071364726
10,39,3000,80,36,0,165,36,860.0,0.0
10,39,3000,65,39,0,161,28,684.0,0.0
10,39,3000,65,38,1,115,32,650.0,563.0525755879024
10,39,3000,70,46,1,113,31,624.0,502.80118100970566
10,39,3000,70,37,1,165,35,680.0,490.9361683550997
10,39,3000,70,45,0,167,25,694.0,0.0
10,39,3000,85,46,1,89,34,552.0,578.4371765869945
10,39,3000,75,36,1,101,37,612.0,522.5799783310379
10,39,3000,90,39,1,107,34,574.0,686.502075712629
10,39,3000,90,40,1,129,37,640.0,668.3899947215775
10,39,3000,75,37,0,175,29,734.0,0.0
10,39,3000,75,44,0,157,23,606.0,0.0
10,39,3000,90,46,0,177,30,736.0,0.0
10,39,3000,60,47,0,129,21,562.0,0.0
10,39,3000,80,36,1,125,38,740.0,557.6600098361453
10,39,3000,80,43,1,153,33,678.0,609.6224936673766
10,39,3000,85,43,0,177,29,774.0,0.0
10,39,3000,90,45,0,169,28,732.0,0.0
10,39,3000,85,44,1,113,33,616.0,584.6018020726817
10,39,3000,80,47,1,177,24,646.0,438.6141384781509
10,39,3000,65,46,0,117,29,594.0,0.0
10,39,3000,80,41,0,171,27,760.0,0.0
10,39,3000,70,35,0,115,38,654.0,0.0
10,39,3000,65,38,1,229,26,698.0,388.49709954019323
10,39,3000,70,40,1,221,32,776.0,564.9987106319746
10,39,3000,65,38,0,167,35,690.0,0.0
10,39,3000,70,45,0,169,27,800.0,0.0
10,39,3000,60,47,1,117,22,592.0,372.8277159312782
10,39,3000,85,50,1,117,27,618.0,677.700383736284
10,39,3000,90,35,0,113,37,708.0,0.0
10,39,3000,75,39,1,153,34,710.0,762.8214143139386
10,39,3000,90,41,1,111,34,632.0,495.4914397587686
10,39,3000,80,42,0,177,36,832.0,0.0
10,39,3000,60,43,0,119,22,664.0,0.0
10,39,3000,75,46,1,177,29,734.0,471.83347884942077
10,39,3000,75,47,0,131,20,450.0,0.0
10,39,3000,60,35,1,111,31,766.0,365.4897569629077
10,39,3000,90,42,1,229,29,832.0,546.466099856053
10,39,3000,80,41,0,167,31,686.0,0.0
10,39,3000,60,41,1,99,25,566.0,595.2450260213232
10,39,3000,70,50,0,115,16,574.0,0.0
10,39,3000,70,40,0,113,31,642.0,0.0
10,39,3000,75,50,1,109,25,608.0,655.7450467881315
10,39,3000,80,36,0,113,34,614.0,0.0
10,39,3000,80,38,0,171,35,742.0,0.0
10,39,3000,65,47,1,77,25,550.0,497.1386761566588
10,39,3000,85,38,1,77,34,508.0,562.7044669566098
10,39,3000,60,41,1,119,23,478.0,461.3153611972143
10,39,3000,80,50,0,159,21,562.0,0.0
10,39,3000,70,43,0,115,31,724.0,0.0
10,39,3000,70,37,0,99,31,602.0,0.0
10,39,3000,90,39,0,175,30,540.0,0.0
10,39,3000,80,42,1,181,33,808.0,429.01091570719
10,39,3000,70,44,1,117,27,554.0,522.9746427646797
10,39,3000,60,44,1,171,31,674.0,800.8378904294526
10,39,3000,75,38,1,169,36,728.0,501.50029725916306
10,39,3000,70,45,0,117,26,614.0,0.0
10,39,3000,65,35,0,119,31,788.0,0.0
10,39,3000,60,41,0,119,26,628.0,0.0
10,39,3000,75,40,1,77,34,520.0,536.6536381314796
10,39,3000,65,46,0,165,23,738.0,0.0
10,39,3000,65,49,1,83,21,456.0,344.31609488762075
10,39,3000,60,50,1,119,23,712.0,636.9368262320686
10,39,3000,90,44,0,165,30,770.0,0.0
10,39,3000,65,36,1,101,34,556.0,405.5016879532244
10,39,3000,85,36,1,109,37,634.0,512.939015286074
10,39,3000,70,40,0,159,29,696.0,0.0
10,39,3000,85,38,0,165,36,796.0,0.0
10,39,3000,75,41,0,177,28,862.0,0.0
10,39,3000,85,42,1,225,29,700.0,505.3910916591871
10,39,3000,65,46,1,113,24,486.0,365.5071115858494
10,39,3000,60,36,0,117,36,730.0,0.0
10,39,3000,80,39,0,163,33,678.0,0.0
10,39,3000,80,41,1,113,34,670.0,524.2392710231679
10,39,3000,80,37,1,111,36,584.0,513.4061883459831
10,39,3000,75,48,0,105,25,574.0,0.0
10,39,3000,60,40,0,167,26,750.0,0.0
10,39,3000,80,50,1,117,24,512.0,680.104373596473
10,39,3000,80,35,0,111,38,684.0,0.0
10,39,3000,90,38,1,179,35,784.0,613.4827665522213
10,39,3000,90,38,0,109,37,736.0,0.0
10,39,3000,80,39,1,113,36,668.0,623.6718694722614
10,39,3000,70,46,1,101,27,462.0,458.43851473002445
10,39,3000,70,46,0,111,28,616.0,0.0
10,39,3000,85,49,1,79,20,522.0,341.25607992903076
10,39,3000,65,38,0,149,29,706.0,0.0
10,39,3000,85,37,1,109,35,530.0,487.92815026956436
10,39,3000,90,42,1,135,35,740.0,575.2870852352146
10,39,3000,90,35,0,119,38,780.0,0.0
10,39,3000,80,43,0,173,32,878.0,0.0
10,39,3000,90,49,0,163,20,742.0,0.0
10,39,2900,75,37,1,103,35,600.0,541.9729226631451
10,39,3000,90,50,1,157,28,510.0,697.247423378373
10,39,2900,70,35,1,109,32,562.0,500.4445963493485
10,39,2900,70,43,1,99,24,460.0,419.9229929855412
10,39,2900,75,48,0,109,19,328.0,0.0
10,39,2900,85,42,0,157,30,738.0,0.0
10,39,2900,75,40,0,115,30,590.0,0.0
10,39,2900,80,50,0,205,30,850.0,0.0
10,39,2900,85,46,1,115,29,530.0,581.7341061830008
10,39,2900,90,44,0,221,29,720.0,0.0
10,39,2900,80,46,1,113,27,594.0,481.07885714284066
10,39,2900,70,37,0,155,34,800.0,0.0
10,39,2900,75,41,1,161,23,562.0,541.1531855203456
10,39,2900,85,37,1,161,32,638.0,540.9183826513292
10,39,2900,60,43,0,171,26,608.0,0.0
10,39,2900,65,35,0,173,29,742.0,0.0
10,39,2900,90,47,1,105,23,470.0,365.9529183322542
10,39,2900,70,45,0,223,25,628.0,0.0
10,39,2900,65,48,1,109,17,500.0,296.63176415403035
10,39,2900,65,46,1,197,22,566.0,416.48871241199004
10,39,2900,80,39,0,167,32,688.0,0.0
10,39,2900,75,35,1,171,35,718.0,495.9481451180983
10,39,2900,85,35,0,157,35,768.0,0.0
10,39,2900,60,42,1,119,29,614.0,455.44604073327145
10,39,2900,90,44,1,157,36,696.0,713.4569001045373
10,39,2900,75,36,0,153,29,654.0,0.0
10,39,2900,80,40,1,153,31,694.0,460.8449140340676
10,39,2900,75,42,0,113,25,642.0,0.0
10,39,2900,70,48,0,147,22,620.0,0.0
10,39,2900,70,36,0,113,36,838.0,0.0
10,39,2900,80,40,1,167,35,620.0,582.6534854885658
10,39,2900,65,39,1,111,31,542.0,606.707887629919
10,39,2900,70,44,0,163,27,672.0,0.0
10,39,2900,60,45,1,119,19,476.0,380.78737350256665
10,39,2900,60,47,0,163,16,410.0,0.0
10,39,2900,85,38,1,105,35,606.0,539.5898329756086
10,39,2900,60,36,0,137,26,712.0,0.0
10,39,2900,65,37,0,155,34,696.0,0.0
10,39,2900,75,41,1,107,31,506.0,556.6092904587646
10,39,2900,85,44,1,167,30,746.0,708.6389755518528
10,39,2900,60,45,1,95,21,418.0,529.0565551326455
10,39,2900,65,49,0,105,18,436.0,0.0
10,39,2900,75,50,0,165,23,668.0,0.0
10,39,2900,90,35,0,173,37,690.0,0.0
10,39,2900,65,37,0,151,30,840.0,0.0
10,39,2900,80,42,1,161,35,796.0,679.1106816234019
10,39,2900,85,43,0,165,26,782.0,0.0
10,39,2900,65,46,1,129,25,492.0,415.21331062055884
10,39,2900,75,47,1,107,20,442.0,278.8309015560938
10,39,2900,90,43,1,105,27,630.0,430.6676184028404
10,39,2900,85,40,0,99,31,450.0,0.0
10,39,2900,65,43,1,155,24,658.0,484.50890331811456
10,39,2900,60,43,1,103,28,534.0,616.4318210887761
10,39,2900,65,45,1,159,25,642.0,542.8438285595415
10,39,2900,75,46,0,165,26,630.0,0.0
10,39,2900,80,43,0,221,31,702.0,0.0
10,39,2900,60,49,0,215,25,516.0,0.0
10,39,2900,75,40,0,153,34,780.0,0.0
10,39,2900,65,44,0,205,26,690.0,0.0
10,39,2900,70,46,1,115,20,580.0,423.02516231657086
10,39,2900,80,46,0,219,26,764.0,0.0
10,39,2900,85,47,1,97,26,484.0,446.9999313288782
10,39,2900,75,49,1,105,24,518.0,300.3547226018276
10,39,2900,75,50,1,143,21,538.0,458.34316593232955
10,39,2900,60,38,1,149,30,632.0,511.52105669470257
10,39,2900,70,39,0,107,34,582.0,0.0
10,39,2900,70,40,0,145,29,594.0,0.0
10,39,2900,85,47,0,165,25,520.0,0.0
10,39,2900,80,41,1,145,31,552.0,472.9636198363291
10,39,2900,60,50,0,159,25,778.0,0.0
10,39,2900,75,48,1,215,20,770.0,476.2142587248476
10,39,2900,80,43,1,109,27,534.0,507.3920014553962
10,39,2900,90,44,1,137,29,562.0,568.1956688834788
10,39,2900,90,48,0,105,26,584.0,0.0
10,39,2900,80,41,1,107,26,544.0,499.1282654597194
10,39,2900,75,44,0,161,26,734.0,0.0
10,39,2900,65,46,1,149,19,546.0,399.9356213972531
10,39,2900,85,36,0,153,35,694.0,0.0
10,39,2900,85,50,0,283,25,738.0,0.0
10,39,2900,65,38,0,157,31,724.0,0.0
10,39,2900,75,36,1,97,35,532.0,478.3248585470036
10,39,2900,60,46,1,107,20,502.0,286.05668375279146
10,39,2900,85,42,0,215,35,894.0,0.0
10,39,2900,65,39,0,167,32,730.0,0.0
10,39,2900,70,39,1,159,32,760.0,739.755587961763
10,39,2900,90,39,0,169,31,776.0,0.0
10,39,2900,75,49,1,69,12,392.0,190.59651615386528
10,39,2900,60,35,0,161,36,794.0,0.0
10,39,2900,70,41,1,99,22,450.0,405.4897926961503
10,39,2900,85,39,1,111,34,594.0,603.1016092243269
10,39,2900,75,41,0,147,26,678.0,0.0
10,39,2900,70,42,1,101,30,482.0,521.0561909548987
10,39,2900,80,39,0,163,34,692.0,0.0
10,39,2900,85,43,1,157,28,628.0,514.2902330611721
10,39,2900,85,41,1,109,32,594.0,603.4044848139024
10,39,2900,65,42,0,107,23,610.0,0.0
10,39,2900,70,44,0,99,24,454.0,0.0
10,39,2900,65,45,1,101,22,496.0,565.0304684006825
10,39,2800,75,39,0,111,26,492.0,0.0
10,39,2900,80,49,0,167,25,654.0,0.0
10,39,2900,60,43,0,111,18,420.0,0.0
10,39,2800,70,41,1,117,28,468.0,465.88624797660196
10,39,2800,85,36,0,109,37,662.0,0.0
10,39,2800,80,49,1,159,24,622.0,495.58895635151526
10,39,2900,80,49,1,111,22,552.0,386.72316297651497
10,39,2800,85,36,1,155,34,646.0,468.93394628872454
10,39,2800,90,36,0,103,33,536.0,0.0
10,39,2800,70,37,0,211,33,758.0,0.0
10,39,2800,80,41,1,115,30,796.0,536.3749468508613
10,39,2800,90,42,0,199,28,768.0,0.0
10,39,2800,70,37,0,101,33,628.0,0.0
10,39,2800,70,49,1,83,19,346.0,253.69028302465384
10,39,2800,60,50,1,101,18,358.0,433.2779710513117
10,39,2800,80,50,0,105,16,370.0,0.0
10,39,2800,70,48,1,161,24,626.0,551.4549415121434
10,39,2800,85,45,0,163,30,598.0,0.0
10,39,2800,75,44,1,157,22,470.0,409.42539477378625
10,39,2800,70,38,1,107,35,586.0,621.3610423082574
10,39,2800,60,39,1,161,29,730.0,620.2076933303194
10,39,2800,65,40,1,87,24,444.0,332.17574811615583
10,39,2800,80,42,0,157,24,494.0,0.0
10,39,2800,90,48,0,205,28,806.0,0.0
10,39,2800,90,47,1,211,21,514.0,393.9496405396936
10,39,2800,70,49,0,111,18,550.0,0.0
10,39,2800,85,41,0,105,28,554.0,0.0
10,39,2800,90,44,1,101,25,448.0,450.20416067528924
10,39,2800,65,35,1,153,32,682.0,464.43697519182535
10,39,2800,85,41,0,109,28,646.0,0.0
10,39,2800,90,45,1,103,23,432.0,482.3514314496234
10,39,2800,85,47,0,97,21,448.0,0.0
10,39,2800,90,36,0,107,33,646.0,0.0
10,39,2800,85,50,0,141,18,404.0,0.0
10,39,2800,85,46,1,219,28,540.0,417.90767593299097
10,39,2800,85,41,0,161,28,692.0,0.0
10,39,2800,90,42,1,105,29,592.0,529.0111964959412
10,39,2800,90,45,0,199,24,636.0,0.0
10,39,2800,70,39,0,201,29,636.0,0.0
10,39,2800,75,43,1,153,27,598.0,629.3997452419313
10,39,2800,70,48,1,107,22,446.0,491.24872489655075
10,39,2800,60,46,1,147,17,484.0,287.26922626453114
10,39,2800,90,35,1,161,37,614.0,545.6596740533043
10,39,2800,90,38,0,161,33,730.0,0.0
10,39,2800,65,42,1,203,31,718.0,583.1210629455949
10,39,2800,65,46,0,105,26,632.0,0.0
10,39,2800,65,36,0,159,33,674.0,0.0
10,39,2800,85,47,0,149,25,400.0,0.0
10,39,2800,90,44,1,85,30,432.0,549.7709148535156
10,39,2800,65,38,0,157,27,796.0,0.0
10,39,2800,70,44,1,107,24,422.0,508.40551749350317
10,39,2800,80,43,0,103,25,460.0,0.0
10,39,2800,85,44,1,107,23,524.0,629.5653483214929
10,39,2800,75,47,1,107,17,540.0,375.5966182672378
10,39,2800,65,47,0,157,19,492.0,0.0
10,39,2800,60,50,1,89,23,516.0,705.5173905963362
10,39,2800,90,46,0,109,25,636.0,0.0
10,39,2800,85,39,0,97,30,636.0,0.0
10,39,2800,90,37,0,163,38,840.0,0.0
10,39,2800,75,36,0,109,32,708.0,0.0
10,39,2800,65,35,1,105,32,608.0,380.385867101
10,39,2800,90,44,1,103,25,504.0,432.49123853122535
10,39,2800,80,43,1,107,28,544.0,485.06602022698377
10,39,2800,65,36,0,111,32,584.0,0.0
10,39,2800,90,43,0,153,30,742.0,0.0
10,39,2800,65,45,1,103,22,488.0,398.06995753166484
10,39,2800,60,42,1,137,33,542.0,632.9402013155158
10,39,2800,65,48,1,83,22,368.0,336.04520057519204
10,39,2800,75,50,1,149,20,484.0,551.8515807210321
10,39,2800,60,49,0,103,17,386.0,0.0
10,39,2800,70,35,0,157,36,750.0,0.0
10,39,2800,85,35,0,165,34,706.0,0.0
10,39,2800,60,38,1,111,33,670.0,518.7717837459206
10,39,2800,65,46,0,109,20,490.0,0.0
10,39,2800,60,43,1,77,24,456.0,414.46695396811725
10,39,2800,85,48,0,103,23,660.0,0.0
10,39,2800,80,49,1,99,22,518.0,384.060608869013
10,39,2800,80,36,1,67,32,488.0,423.097143877799
10,39,2800,85,39,0,147,31,766.0,0.0
10,39,2800,60,42,1,107,27,476.0,432.4337474312557
10,39,2800,65,46,0,97,17,358.0,0.0
10,39,2800,70,45,1,99,22,454.0,403.5486125146059
10,39,2800,60,46,0,163,19,536.0,0.0
10,39,2800,85,48,0,159,24,648.0,0.0
10,39,2800,75,50,1,111,18,520.0,488.7943324313981
10,39,2800,60,36,1,203,32,636.0,503.31116025264475
10,39,2800,80,36,0,145,35,620.0,0.0
10,39,2800,90,42,1,73,32,436.0,476.5459641498656
10,39,2800,80,38,1,157,28,580.0,435.94540920517113
10,39,2800,75,40,0,157,25,674.0,0.0
10,39,2800,90,47,1,105,22,416.0,391.43338536101845
10,39,2800,65,49,0,99,14,396.0,0.0
10,39,2800,70,37,0,145,36,810.0,0.0
10,39,2800,70,36,0,161,32,728.0,0.0
10,39,2800,60,42,1,105,29,498.0,495.4883432912898
10,39,2800,75,39,1,107,26,536.0,609.3017669149086
10,39,2800,60,45,1,139,21,640.0,485.32632029143076
10,39,2800,60,48,0,93,11,272.0,0.0
10,39,2800,75,35,0,153,34,686.0,0.0
10,39,2800,85,49,0,165,24,686.0,0.0
10,39,2800,80,40,1,205,38,938.0,535.4316139850639
10,39,2800,80,45,1,109,27,610.0,662.8706303206282
10,39,2800,90,41,0,153,25,630.0,0.0
10,39,2700,75,40,0,107,22,556.0,0.0
10,39,2700,85,49,1,101,24,498.0,348.19957692100553
10,39,2700,70,43,1,103,25,522.0,421.6440374403584
10,39,2700,75,48,1,87,20,358.0,520.8292113246401
10,39,2700,85,35,1,205,37,760.0,532.1786384832501
10,39,2700,75,50,0,147,15,390.0,0.0
10,39,2700,85,49,0,153,25,572.0,0.0
10,39,2700,90,35,0,103,37,550.0,0.0
10,39,2700,65,36,0,203,30,832.0,0.0
10,39,2700,80,42,1,91,32,448.0,560.358887586506
10,39,2700,85,43,0,95,27,558.0,0.0
10,39,2700,60,45,0,95,19,336.0,0.0
10,39,2700,75,42,1,143,27,608.0,397.29375013784625
10,39,2700,65,40,1,143,25,446.0,324.68035909023564
10,39,2700,65,49,1,67,17,228.0,181.14769692055665
10,39,2700,60,49,0,127,14,378.0,0.0
10,39,2700,85,48,1,103,26,480.0,666.7054996214246
10,39,2700,70,36,0,99,28,564.0,0.0
10,39,2700,75,42,1,77,34,510.0,444.45873669141963
10,39,2700,60,43,1,99,26,464.0,478.1598317345753
10,39,2700,60,44,0,107,23,532.0,0.0
10,39,2700,70,41,0,107,30,540.0,0.0
10,39,2700,75,46,1,145,18,402.0,185.28430687098512
10,39,2700,80,50,0,147,18,646.0,0.0
10,39,2700,70,36,1,103,31,580.0,374.1929636040273
10,39,2700,85,40,0,147,21,512.0,0.0
10,39,2700,85,35,0,195,36,712.0,0.0
10,39,2700,90,47,1,71,19,354.0,321.3204008194408
10,39,2700,90,48,1,85,24,396.0,569.1835734199267
10,39,2700,65,50,1,101,19,462.0,379.2486735717914
10,39,2700,65,50,0,139,15,480.0,0.0
10,39,2700,75,35,1,79,38,522.0,514.3151053613536
10,39,2700,85,36,1,105,36,584.0,522.1663894565673
10,39,2700,90,35,0,141,34,748.0,0.0
10,39,2700,85,41,0,103,29,650.0,0.0
10,39,2700,70,44,0,143,20,474.0,0.0
10,39,2700,80,44,0,141,24,572.0,0.0
10,39,2700,70,47,1,103,22,386.0,259.69875197733495
10,39,2700,60,35,1,101,31,674.0,429.32782544062326
10,39,2700,85,36,1,107,34,558.0,438.94992918987896
10,39,2700,80,39,1,149,29,498.0,648.1079906119905
10,39,2700,60,43,0,153,23,528.0,0.0
10,39,2700,65,46,0,157,22,564.0,0.0
10,39,2700,60,47,1,87,19,452.0,305.46839560439923
10,39,2700,60,49,0,139,12,362.0,0.0
10,39,2700,65,37,1,103,29,626.0,466.58481098243175
10,39,2700,75,39,0,105,20,512.0,0.0
10,39,2700,65,37,0,107,28,776.0,0.0
10,39,2700,65,35,1,79,30,540.0,317.28609838918703
10,39,2700,60,37,0,191,27,748.0,0.0
10,39,2700,70,49,1,155,17,610.0,233.94088438861095
10,39,2700,60,49,1,97,18,314.0,243.30681483385365
10,39,2700,90,47,0,155,19,510.0,0.0
10,39,2700,60,49,0,103,12,292.0,0.0
10,39,2700,90,49,1,103,22,532.0,380.2105987878202
10,39,2700,65,35,1,65,34,462.0,473.53964957839514
10,39,2700,75,40,0,91,24,470.0,0.0
10,39,2700,65,44,0,105,22,442.0,0.0
10,39,2700,60,42,1,103,25,410.0,368.30381641096227
10,39,2700,85,42,1,101,25,550.0,504.0260953116976
10,39,2700,85,44,0,105,27,522.0,0.0
10,39,2700,90,40,0,153,24,874.0,0.0
10,39,2700,70,40,0,101,22,480.0,0.0
10,39,2700,80,37,0,105,30,770.0,0.0
10,39,2700,75,35,0,195,33,720.0,0.0
10,39,2700,60,45,1,141,23,408.0,472.7892344700104
10,39,2700,70,45,1,103,24,550.0,530.3678929804786
10,39,2700,80,41,1,99,30,574.0,673.9389555871619
10,39,2700,65,37,1,75,24,306.0,312.9437700705824
10,39,2700,65,37,1,101,29,598.0,529.5885061899072
10,39,2700,85,40,0,103,30,588.0,0.0
10,39,2700,85,43,1,93,21,456.0,449.9786228749741
10,39,2700,70,43,0,105,22,460.0,0.0
10,39,2700,65,50,1,61,12,250.0,323.97934720673885
10,39,2700,80,47,0,85,17,360.0,0.0
10,39,2700,90,47,0,151,18,514.0,0.0
10,39,2700,85,35,0,209,36,722.0,0.0
10,39,2700,65,36,1,79,35,568.0,446.80804177641113
10,39,2700,70,38,0,103,28,570.0,0.0
10,39,2700,70,41,1,145,25,548.0,395.91170901196654
10,39,2700,80,41,1,51,22,426.0,456.65186820564026
10,39,2700,80,35,0,103,32,606.0,0.0
10,39,2700,85,45,1,105,23,462.0,471.19161534457646
10,39,2700,90,46,0,153,21,480.0,0.0
10,39,2700,65,49,0,97,21,462.0,0.0
10,39,2700,65,47,1,91,21,440.0,303.51429773962536
10,39,2700,80,38,1,105,33,480.0,612.6306876045496
10,39,2700,80,38,0,193,35,850.0,0.0
10,39,2700,60,40,0,147,25,590.0,0.0
10,39,2700,90,41,0,135,25,542.0,0.0
10,39,2700,75,49,1,147,17,422.0,232.4216695283646
10,39,2700,75,50,1,99,23,440.0,517.1387321370393
10,39,2700,85,50,1,149,18,516.0,423.44498832344505
10,39,2700,90,39,0,153,35,848.0,0.0
10,39,2700,60,39,0,105,23,438.0,0.0
10,39,2700,65,40,0,99,23,518.0,0.0
10,39,2700,75,42,1,97,28,508.0,451.27301596397507
10,39,2600,75,39,1,107,25,500.0,545.1409661105293
10,39,2700,70,44,1,111,26,466.0,656.393077768121
10,39,2700,90,47,1,103,25,640.0,493.7291475215964
10,39,2700,70,49,0,195,18,482.0,0.0
10,39,2600,80,35,0,137,24,560.0,0.0
10,39,2600,80,40,1,151,26,458.0,392.36092207335616
10,39,2600,85,45,1,153,21,612.0,438.2253575414781
10,39,2600,80,46,0,141,17,452.0,0.0
10,39,2600,60,46,1,93,21,350.0,379.16733949853267
10,39,2600,80,50,0,117,18,360.0,0.0
10,39,2600,85,47,0,85,16,360.0,0.0
10,39,2600,75,39,0,181,26,576.0,0.0
10,39,2600,85,39,0,177,28,516.0,0.0
10,39,2600,75,40,1,75,22,486.0,432.83776343080115
10,39,2600,65,42,1,147,22,512.0,466.0211777414429
10,39,2600,85,45,1,187,27,628.0,623.8451043437217
10,39,2600,60,50,1,129,13,340.0,346.69727181599916
10,39,2600,90,49,0,123,18,462.0,0.0
10,39,2600,85,35,0,145,33,662.0,0.0
10,39,2600,90,35,1,111,36,524.0,477.24299833999896
10,39,2600,80,38,1,99,30,540.0,542.8396208177251
10,39,2600,60,44,0,153,25,698.0,0.0
10,39,2600,60,41,1,141,20,614.0,307.2052899436132
10,39,2600,80,42,0,95,23,426.0,0.0
10,39,2600,65,47,0,99,20,528.0,0.0
10,39,2600,60,41,1,93,22,448.0,525.7096817409337
10,39,2600,65,44,0,93,13,418.0,0.0
10,39,2600,90,42,0,193,23,538.0,0.0
10,39,2600,75,45,0,147,27,518.0,0.0
10,39,2600,70,48,1,105,23,390.0,453.6666042603204
10,39,2600,60,48,1,103,15,308.0,360.26190096747075
10,39,2600,70,50,1,89,13,222.0,240.2990290852761
10,39,2600,85,35,1,101,37,556.0,532.0257723162316
10,39,2600,80,40,0,195,28,698.0,0.0
10,39,2600,90,41,0,99,25,556.0,0.0
10,39,2600,75,43,1,145,19,580.0,476.89491500177775
10,39,2600,65,45,1,95,18,402.0,561.3249097519093
10,39,2600,70,45,0,147,18,408.0,0.0
10,39,2600,90,48,0,137,19,376.0,0.0
10,39,2600,65,35,0,145,32,704.0,0.0
10,39,2600,85,36,0,141,32,594.0,0.0
10,39,2600,80,42,1,145,25,572.0,322.4525622208987
10,39,2600,80,43,1,125,22,494.0,443.127514606037
10,39,2600,80,36,1,91,31,532.0,485.0040118399938
10,39,2600,65,46,0,135,14,394.0,0.0
10,39,2600,75,48,1,99,24,464.0,551.8920449644181
10,39,2600,80,35,1,93,37,556.0,534.8892606882958
10,39,2600,75,44,0,87,16,360.0,0.0
10,39,2600,90,40,1,95,29,520.0,554.2112403750964
10,39,2600,85,42,1,91,22,384.0,324.4480439519958
10,39,2600,70,45,0,143,23,658.0,0.0
10,39,2600,65,47,0,143,14,452.0,0.0
10,39,2600,80,50,0,71,13,266.0,0.0
10,39,2600,80,38,0,101,29,538.0,0.0
10,39,2600,75,38,1,97,34,544.0,517.4465829633614
10,39,2600,90,43,1,145,21,560.0,466.8186654702336
10,39,2600,80,47,1,79,21,318.0,416.3938306859558
10,39,2600,70,35,0,143,35,668.0,0.0
10,39,2600,60,48,0,131,16,360.0,0.0
10,39,2600,75,45,1,111,21,424.0,470.6279677721162
10,39,2600,80,49,0,125,18,414.0,0.0
10,39,2600,90,44,1,91,22,416.0,439.4392981287481
10,39,2600,80,45,0,143,22,502.0,0.0
10,39,2600,75,40,1,97,30,584.0,648.0912675738747
10,39,2600,85,41,0,101,25,490.0,0.0
10,39,2600,85,39,0,103,30,740.0,0.0
10,39,2600,75,37,1,145,30,556.0,484.1617102511168
10,39,2600,80,38,0,101,30,544.0,0.0
10,39,2600,70,49,1,133,12,336.0,210.18048009826225
10,39,2600,75,46,1,103,22,566.0,333.08525725006785
10,39,2600,90,35,0,151,33,634.0,0.0
10,39,2600,70,38,1,79,24,296.0,431.90654956913204
10,39,2600,90,39,1,93,30,496.0,573.852065952491
10,39,2600,75,41,0,99,24,404.0,0.0
10,39,2600,80,47,0,87,15,486.0,0.0
10,39,2600,75,37,0,97,31,642.0,0.0
10,39,2600,90,36,0,147,32,678.0,0.0
10,39,2600,85,36,1,69,29,402.0,371.1918708034789
10,39,2600,90,47,1,101,25,454.0,373.7473466296517
10,39,2600,60,39,0,97,26,520.0,0.0
10,39,2600,60,44,0,99,10,280.0,0.0
10,39,2600,65,45,1,93,19,384.0,446.3858340549712
10,39,2600,65,46,0,87,13,344.0,0.0
10,39,2600,75,49,1,101,10,296.0,124.61981390830148
10,39,2600,90,50,1,97,20,414.0,453.4454925253135
10,39,2600,60,49,1,83,16,336.0,214.8371523107311
10,39,2600,65,47,0,101,18,398.0,0.0
10,39,2600,90,36,0,149,32,574.0,0.0
10,39,2600,85,40,1,95,27,482.0,400.11133432065145
10,39,2600,85,38,1,89,31,516.0,470.9201859607129
10,39,2600,70,45,1,95,21,488.0,412.3746248963976
10,39,2600,85,42,0,151,26,674.0,0.0
10,39,2600,65,48,0,149,21,570.0,0.0
10,39,2600,75,49,1,71,22,322.0,276.1361171139322
10,39,2600,70,37,0,99,25,656.0,0.0
10,39,2600,70,37,1,99,32,564.0,462.4198118511928
10,39,2600,70,42,0,123,20,562.0,0.0
10,39,2600,90,43,1,103,27,572.0,458.95335240593687
10,39,2600,60,45,0,151,14,346.0,0.0
10,39,2600,80,45,0,103,22,662.0,0.0
10,39,2600,60,47,1,137,15,486.0,181.28123195489587
10,39,2600,60,35,1,87,30,494.0,439.92603115214945
10,39,2500,65,38,1,95,20,436.0,350.73872625803216
10,39,2600,90,42,0,143,24,540.0,0.0
10,39,2500,70,40,0,123,21,482.0,0.0
10,39,2500,70,44,1,145,25,446.0,549.344653391415
10,39,2500,80,43,0,91,21,458.0,0.0
10,39,2500,60,47,0,97,10,310.0,0.0
10,39,2500,60,44,1,89,16,346.0,399.38552440708173
10,39,2500,60,41,1,137,21,474.0,495.62131160655093
10,39,2500,70,40,0,95,15,324.0,0.0
10,39,2500,60,42,1,89,19,438.0,384.15793017406367
10,39,2500,85,47,1,79,19,322.0,248.92728255929805
10,39,2500,90,45,1,141,20,338.0,335.5218065320236
10,39,2500,85,50,0,135,16,302.0,0.0
10,39,2500,70,50,0,129,13,398.0,0.0
10,39,2500,65,38,0,85,20,412.0,0.0
10,39,2500,65,38,1,75,29,326.0,457.6848425344061
10,39,2500,90,35,0,231,30,620.0,0.0
10,39,2500,65,42,0,95,25,556.0,0.0
10,39,2500,85,48,1,97,18,446.0,455.23326157131567
10,39,2500,60,49,0,95,18,312.0,0.0
10,39,2500,90,48,1,77,13,326.0,290.0297444334222
10,39,2500,75,43,1,131,22,474.0,411.81232315367504
10,39,2500,90,35,1,145,31,550.0,470.16005490150036
10,39,2500,80,47,1,99,17,482.0,311.2812479974977
10,39,2500,75,50,0,97,13,346.0,0.0
10,39,2500,60,49,0,97,12,434.0,0.0
10,39,2500,80,48,1,147,17,346.0,342.5255529422685
10,39,2500,65,47,0,83,11,258.0,0.0
10,39,2500,75,35,1,177,31,674.0,434.648775927638
10,39,2500,90,36,0,137,29,482.0,0.0
10,39,2500,65,44,0,89,19,388.0,0.0
10,39,2500,80,43,1,93,21,382.0,298.0872670768678
10,39,2500,70,45,1,93,17,354.0,338.8341551615838
10,39,2500,90,43,0,97,23,480.0,0.0
10,39,2500,75,49,0,83,18,358.0,0.0
10,39,2500,75,43,0,93,21,450.0,0.0
10,39,2500,90,37,1,91,27,450.0,346.4003262364198
10,39,2500,80,47,1,145,19,448.0,333.70977097005084
10,39,2500,85,38,1,63,27,394.0,411.9970248981189
10,39,2500,65,48,1,111,8,280.0,324.288769465893
10,39,2500,75,48,0,87,11,246.0,0.0
10,39,2500,65,48,0,129,21,518.0,0.0
10,39,2500,60,39,1,97,16,384.0,431.1936688652676
10,39,2500,70,35,1,125,27,582.0,456.7143341547806
10,39,2500,90,36,1,71,30,406.0,402.3203156603327
10,39,2500,75,35,0,97,32,710.0,0.0
10,39,2500,85,43,0,133,26,578.0,0.0
10,39,2500,60,44,0,141,14,386.0,0.0
10,39,2500,65,47,0,125,12,300.0,0.0
10,39,2500,75,37,1,97,33,612.0,566.4183030553355
10,39,2500,75,42,1,73,22,300.0,410.25644573663124
10,39,2500,75,42,1,91,31,434.0,369.33753732452794
10,39,2500,70,46,0,91,8,232.0,0.0
10,39,2500,90,41,0,149,28,678.0,0.0
10,39,2500,75,41,0,139,25,612.0,0.0
10,39,2500,90,48,1,145,18,384.0,504.337773147553
10,39,2500,90,39,1,93,30,450.0,626.6322190478847
10,39,2500,80,39,0,143,24,514.0,0.0
10,39,2500,90,37,0,93,27,440.0,0.0
10,39,2500,80,43,0,99,19,354.0,0.0
10,39,2500,90,47,1,97,18,412.0,292.82874278714826
10,39,2500,60,46,1,47,8,222.0,73.24424004728863
10,39,2500,85,48,0,135,18,446.0,0.0
10,39,2500,70,40,1,87,21,356.0,245.4907881985806
10,39,2500,70,40,1,65,26,328.0,390.6374522813761
10,39,2500,85,39,1,139,23,558.0,506.84337998407415
10,39,2500,60,45,0,97,15,354.0,0.0
10,39,2500,90,44,0,89,17,344.0,0.0
10,39,2500,75,44,0,137,15,410.0,0.0
10,39,2500,90,46,1,73,26,316.0,400.12793666931844
10,39,2500,60,37,1,143,23,496.0,380.7097803825197
10,39,2500,80,38,0,139,19,426.0,0.0
10,39,2500,70,38,0,189,23,688.0,0.0
10,39,2500,65,44,0,123,14,308.0,0.0
10,39,2500,75,48,0,119,19,394.0,0.0
10,39,2500,90,50,1,137,20,422.0,511.7031929060978
10,39,2500,65,35,0,181,21,566.0,0.0
10,39,2500,75,49,1,75,14,232.0,187.84274413047245
10,39,2500,60,42,1,95,22,360.0,319.89067202202375
10,39,2500,60,45,1,97,19,394.0,437.1196385568773
10,39,2500,65,42,1,145,29,564.0,483.40521126682523
10,39,2500,75,44,0,143,18,466.0,0.0
10,39,2500,70,40,0,147,20,410.0,0.0
10,39,2500,80,42,1,79,24,350.0,454.69143119070634
10,39,2500,80,36,0,189,29,586.0,0.0
10,39,2500,85,38,1,231,27,682.0,534.121293989402
10,39,2500,70,40,0,95,29,586.0,0.0
10,39,2500,85,38,1,101,33,532.0,616.6734350710105
10,39,2500,70,40,1,133,27,532.0,540.2976854533674
10,39,2500,80,44,0,235,19,544.0,0.0
10,39,2500,90,35,0,193,33,714.0,0.0
10,39,2500,85,47,0,93,21,594.0,0.0
10,39,2500,75,45,1,99,24,386.0,496.94196576988793
10,39,2500,60,37,1,97,30,526.0,499.4125893573955
10,39,2500,85,38,1,79,26,290.0,353.22226163701725
10,39,2500,80,37,0,141,20,472.0,0.0
10,39,2500,80,43,0,133,20,490.0,0.0
10,39,2400,85,36,0,91,24,508.0,0.0
10,39,2500,60,45,1,83,15,272.0,390.847521523847
10,39,2500,85,40,0,95,20,450.0,0.0
10,39,2400,85,41,1,93,23,490.0,454.33492981543293
10,39,2400,70,43,1,73,15,246.0,272.0660243754411
10,39,2500,60,42,0,99,15,360.0,0.0
10,39,2500,65,46,1,129,18,344.0,247.3958582911226
10,39,2400,85,42,0,95,19,412.0,0.0
10,39,2400,75,37,0,139,24,588.0,0.0
10,39,2400,75,37,0,93,23,408.0,0.0
10,39,2400,85,38,1,139,29,532.0,445.2106429797494
10,39,2400,80,39,0,127,20,496.0,0.0
10,39,2400,65,41,1,77,14,382.0,377.6768084148208
10,39,2400,70,39,1,71,25,370.0,505.7583756406654
10,39,2400,80,40,1,125,26,490.0,338.07031723446545
10,39,2400,80,36,1,69,30,438.0,390.9403443411589
10,39,2400,60,41,0,133,19,448.0,0.0
10,39,2400,85,45,0,93,21,388.0,0.0
10,39,2400,75,45,0,89,15,334.0,0.0
10,39,2400,80,47,0,83,7,236.0,0.0
10,39,2400,90,49,1,73,14,224.0,239.16098677501466
10,39,2400,60,46,1,137,15,312.0,236.9697048507857
10,39,2400,85,35,1,183,34,634.0,532.7093185424626
10,39,2400,65,35,1,89,33,514.0,491.45668463897334
10,39,2400,60,36,0,91,19,468.0,0.0
10,39,2400,90,46,1,83,19,380.0,256.50716447439606
10,39,2400,85,39,0,119,25,514.0,0.0
10,39,2400,65,48,0,85,14,278.0,0.0
10,39,2400,90,36,0,91,27,658.0,0.0
10,39,2400,65,35,1,93,29,484.0,403.12403160966386
10,39,2400,85,47,0,95,15,310.0,0.0
10,39,2400,70,46,1,75,20,306.0,348.47463355825437
10,39,2400,85,36,0,93,23,466.0,0.0
10,39,2400,85,42,1,89,28,438.0,513.7522467522199
10,39,2400,60,43,1,133,23,460.0,459.83232426101193
10,39,2400,90,40,1,133,27,516.0,480.9283221114653
10,39,2400,60,41,0,131,15,324.0,0.0
10,39,2400,85,42,0,137,24,506.0,0.0
10,39,2400,65,48,0,129,18,418.0,0.0
10,39,2400,65,47,1,87,21,324.0,326.7248421508154
10,39,2400,65,36,1,89,31,532.0,388.0414289123951
10,39,2400,70,38,1,73,26,336.0,375.8821503325184
10,39,2400,85,44,0,181,22,616.0,0.0
10,39,2400,85,35,0,87,21,360.0,0.0
10,39,2400,85,40,1,115,23,458.0,396.2787916014254
10,39,2400,80,38,1,129,29,530.0,390.6260469863452
10,39,2400,70,44,0,87,12,256.0,0.0
10,39,2400,65,38,1,85,25,436.0,480.5663053177858
10,39,2400,85,50,0,91,16,368.0,0.0
10,39,2400,85,37,0,187,27,502.0,0.0
10,39,2400,60,38,0,87,21,430.0,0.0
10,39,2400,80,41,1,125,18,456.0,442.0202194894334
10,39,2400,90,49,0,81,14,346.0,0.0
10,39,2400,80,48,1,93,13,380.0,393.9355993791344
10,39,2400,80,49,1,91,18,350.0,247.7666088825212
10,39,2400,65,47,0,89,15,340.0,0.0
10,39,2400,80,37,1,91,23,400.0,312.69242398401303
10,39,2400,70,35,1,91,30,452.0,372.61163630564033
10,39,2400,70,39,0,91,24,310.0,0.0
10,39,2400,70,40,0,79,22,338.0,0.0
10,39,2400,90,43,1,89,21,404.0,387.50450424924634
10,39,2400,80,46,0,83,17,342.0,0.0
10,39,2400,80,50,1,71,15,358.0,527.9888874748292
10,39,2400,65,38,0,135,23,468.0,0.0
10,39,2400,65,44,1,69,19,312.0,481.4533112079532
10,39,2400,80,45,1,113,19,354.0,512.5681986029015
10,39,2400,60,38,0,129,20,400.0,0.0
10,39,2400,90,45,1,91,13,248.0,286.11562597833273
10,39,2400,85,48,0,117,11,282.0,0.0
10,39,2400,80,43,0,47,15,284.0,0.0
10,39,2400,80,38,1,129,28,514.0,424.11450662030944
10,39,2400,75,37,0,129,25,396.0,0.0
10,39,2400,60,44,1,63,16,216.0,240.68939762886737
10,39,2400,85,35,0,91,25,520.0,0.0
10,39,2400,90,44,0,93,18,458.0,0.0
10,39,2400,70,47,1,79,14,220.0,129.95062966668357
10,39,2400,80,42,1,235,24,488.0,393.54311638785873
10,39,2400,90,49,0,95,21,388.0,0.0
10,39,2400,65,47,1,55,4,136.0,68.65700348724846
10,39,2400,60,37,1,91,26,562.0,516.744694579208
10,39,2400,80,37,0,131,32,622.0,0.0
10,39,2400,75,43,1,95,19,402.0,365.68506855525004
10,39,2400,80,41,0,139,17,414.0,0.0
10,39,2400,60,44,1,59,15,194.0,293.2897239039268
10,39,2400,60,39,1,89,27,478.0,596.2902919695451
10,39,2400,75,48,0,95,10,238.0,0.0
10,39,2400,75,47,0,91,14,246.0,0.0
10,39,2400,70,40,1,89,28,486.0,320.9494284489131
10,39,2400,90,40,1,75,22,386.0,358.0729938117855
10,39,2400,65,44,0,47,7,196.0,0.0
10,39,2400,80,47,0,123,13,404.0,0.0
10,39,2400,75,40,1,135,25,482.0,552.4087715233064
10,39,2400,70,43,0,179,18,502.0,0.0
10,39,2400,90,43,0,125,23,518.0,0.0
10,39,2400,85,48,1,65,18,300.0,540.788844203332
10,39,2400,85,41,0,135,24,532.0,0.0
10,39,2400,85,41,0,169,26,534.0,0.0
10,39,2400,75,46,1,131,24,386.0,395.0003353099985
10,39,2400,80,39,1,129,28,518.0,607.5876109093751
10,39,2300,90,36,1,87,29,444.0,354.05552859533043
10,39,2400,85,36,0,137,35,686.0,0.0
10,39,2400,60,35,1,91,22,394.0,404.44636992270154
10,39,2400,75,43,0,91,17,436.0,0.0
10,39,2400,90,47,0,137,17,472.0,0.0
10,39,2400,70,47,1,71,12,220.0,149.18731173071149
10,39,2300,65,49,0,65,11,282.0,0.0
10,39,2300,75,36,0,85,22,440.0,0.0
10,39,2300,60,38,1,89,14,412.0,231.19217388428936
10,39,2300,90,38,0,165,27,546.0,0.0
10,39,2300,60,38,1,65,22,292.0,175.9305170379108
10,39,2300,85,46,1,125,12,278.0,153.69898073829486
10,39,2300,65,45,0,89,13,236.0,0.0
10,39,2300,80,50,1,73,12,180.0,253.14414662163202
10,39,2300,65,35,0,149,21,508.0,0.0
10,39,2300,60,35,1,79,18,340.0,133.13027904535357
10,39,2300,70,44,1,93,18,470.0,579.187857595611
10,39,2300,80,45,1,81,19,416.0,457.0872955205232
10,39,2300,60,49,0,119,8,256.0,0.0
10,39,2300,85,48,0,125,18,420.0,0.0
10,39,2300,90,49,0,85,12,286.0,0.0
10,39,2300,90,36,1,167,26,534.0,335.7642107816275
10,39,2300,65,37,0,109,24,478.0,0.0
10,39,2300,70,37,1,59,19,330.0,395.49256017269244
10,39,2300,60,40,0,91,19,410.0,0.0
10,39,2300,60,42,1,65,12,278.0,258.2197841458755
10,39,2300,90,48,0,83,17,260.0,0.0
10,39,2300,80,44,1,107,19,374.0,377.3768384434027
10,39,2300,80,38,1,77,22,356.0,267.29978118213984
10,39,2300,80,38,0,85,25,452.0,0.0
10,39,2300,75,40,0,111,22,500.0,0.0
10,39,2300,90,43,1,131,21,448.0,389.34888516518384
10,39,2300,85,46,0,85,15,364.0,0.0
10,39,2300,90,44,0,175,15,356.0,0.0
10,39,2300,75,49,1,81,12,234.0,149.5751770281944
10,39,2300,75,35,1,51,24,350.0,258.251338682701
10,39,2300,80,36,0,119,21,538.0,0.0
10,39,2300,80,39,0,89,15,328.0,0.0
10,39,2300,75,42,1,63,14,246.0,230.81320384807347
10,39,2300,90,40,0,89,16,406.0,0.0
10,39,2300,80,45,1,69,18,220.0,307.7456498184439
10,39,2300,90,49,1,57,12,228.0,154.54921176143537
10,39,2300,85,36,1,55,21,344.0,294.52211434020734
10,39,2300,65,39,0,131,17,474.0,0.0
10,39,2300,70,44,0,89,15,336.0,0.0
10,39,2300,60,46,0,89,14,358.0,0.0
10,39,2300,65,46,1,81,16,364.0,212.57900507092356
10,39,2300,75,50,0,163,11,340.0,0.0
10,39,2300,70,50,1,89,10,290.0,321.304840679533
10,39,2300,60,40,1,45,18,266.0,212.84938994825458
10,39,2300,70,36,0,89,20,502.0,0.0
10,39,2300,80,44,0,225,17,404.0,0.0
10,39,2300,65,40,1,131,15,358.0,138.45463043702344
10,39,2300,90,46,1,107,11,256.0,195.4378249946735
10,39,2300,75,46,1,61,16,296.0,213.21266519720936
10,39,2300,80,39,0,85,24,532.0,0.0
10,39,2300,70,49,0,87,14,256.0,0.0
10,39,2300,60,42,0,41,11,186.0,0.0
10,39,2300,80,48,1,85,20,456.0,442.3969272282912
10,39,2300,65,45,1,79,14,262.0,238.45233711514726
10,39,2300,70,38,0,127,16,398.0,0.0
10,39,2300,80,41,0,77,15,302.0,0.0
10,39,2300,90,41,1,93,22,326.0,340.0510394195515
10,39,2300,70,48,1,75,13,292.0,296.92248533693186
10,39,2300,70,40,0,129,20,442.0,0.0
10,39,2300,85,36,0,89,27,526.0,0.0
10,39,2300,60,42,1,77,19,334.0,301.37095788644825
10,39,2300,60,42,0,117,19,364.0,0.0
10,39,2300,70,45,1,77,15,312.0,319.21489629549575
10,39,2300,60,42,1,59,16,230.0,261.7754963767738
10,39,2300,65,36,1,89,21,366.0,270.246169273843
10,39,2300,85,37,0,91,23,454.0,0.0
10,39,2300,65,50,1,85,15,342.0,285.75891801170155
10,39,2300,80,48,0,83,15,292.0,0.0
10,39,2300,90,35,1,125,33,612.0,468.265148908177
10,39,2300,80,44,1,119,23,414.0,582.8286220465582
10,39,2300,60,40,0,77,20,274.0,0.0
10,39,2300,75,47,1,81,13,286.0,257.30755458139066
10,39,2300,60,47,0,89,10,252.0,0.0
10,39,2300,85,49,0,83,13,198.0,0.0
10,39,2300,85,50,0,85,6,208.0,0.0
10,39,2300,60,35,0,131,21,414.0,0.0
10,39,2300,75,39,1,83,25,352.0,437.9362738787706
10,39,2300,65,38,1,89,19,382.0,301.0566252052522
10,39,2300,90,40,0,85,22,398.0,0.0
10,39,2300,70,43,1,85,18,378.0,300.0030837437618
10,39,2300,80,41,0,79,19,334.0,0.0
10,39,2300,85,50,1,83,15,312.0,340.8179555907714
10,39,2300,70,49,0,73,14,330.0,0.0
10,39,2300,70,40,1,59,21,378.0,364.0508467812495
10,39,2300,75,35,0,133,26,554.0,0.0
10,39,2300,70,39,0,137,21,442.0,0.0
10,39,2300,60,46,0,163,14,316.0,0.0
10,39,2300,70,42,0,123,15,396.0,0.0
10,39,2300,65,41,1,91,18,308.0,386.3754398754292
10,39,2300,90,48,1,69,17,270.0,363.1391962528755
10,39,2300,60,48,1,91,10,224.0,184.90784375264843
10,39,2300,65,37,1,131,29,596.0,437.4238132268789
10,39,2300,70,43,0,127,19,486.0,0.0
10,39,2300,75,44,0,175,13,330.0,0.0
10,39,2300,80,47,0,85,17,368.0,0.0
10,39,2300,65,50,1,75,14,296.0,413.0837188123575
10,39,2300,75,48,1,91,17,262.0,315.9050903272753
10,39,2300,75,50,1,45,10,208.0,292.1547577072433
10,39,2300,90,41,0,91,19,460.0,0.0
10,39,2200,85,37,0,115,17,420.0,0.0
10,39,2200,60,37,0,91,14,390.0,0.0
10,39,2200,65,39,1,65,16,314.0,472.6303637180052
10,39,2200,80,41,1,115,12,278.0,221.6702586094402
10,39,2200,80,41,1,67,19,270.0,512.978438792703
10,39,2200,65,43,0,87,14,266.0,0.0
10,39,2200,60,39,1,81,13,310.0,273.00185293257516
10,39,2200,60,48,1,59,10,162.0,262.42817617137104
10,39,2200,70,42,0,123,18,498.0,0.0
10,39,2200,85,42,0,129,21,334.0,0.0
10,39,2200,65,47,0,83,12,310.0,0.0
10,39,2200,75,48,1,75,18,294.0,518.2549628944685
10,39,2200,90,46,1,61,13,248.0,217.94428822269364
10,39,2200,60,40,1,55,19,246.0,206.24322898971215
10,39,2200,75,35,1,81,28,450.0,358.7210156816986
10,39,2200,60,38,0,83,14,268.0,0.0
10,39,2200,90,35,1,125,21,442.0,255.26008508087938
10,39,2200,90,39,0,123,21,448.0,0.0
10,39,2200,80,44,0,127,18,484.0,0.0
10,39,2200,85,48,0,119,17,354.0,0.0
10,39,2200,65,35,1,85,21,380.0,255.90232098437633
10,39,2200,60,35,0,83,17,408.0,0.0
10,39,2200,80,35,1,173,25,432.0,323.4060519446337
10,39,2200,80,41,0,127,21,440.0,0.0
10,39,2200,75,45,0,75,15,300.0,0.0
10,39,2200,85,47,1,57,15,290.0,246.43431408513067
10,39,2200,80,45,0,123,16,358.0,0.0
10,39,2200,90,49,1,71,9,226.0,103.28947307732481
10,39,2200,65,35,0,117,17,348.0,0.0
10,39,2200,75,36,1,135,26,458.0,240.00402568167786
10,39,2200,75,41,0,123,19,506.0,0.0
10,39,2200,60,41,1,83,16,360.0,194.79433268527572
10,39,2200,90,40,1,83,18,400.0,270.4627659840256
10,39,2200,70,38,1,119,18,394.0,253.306446269248
10,39,2200,65,41,1,123,16,358.0,376.92469610987985
10,39,2200,60,46,0,125,12,322.0,0.0
10,39,2200,75,36,1,87,19,290.0,213.12216011317867
10,39,2200,80,45,0,75,13,306.0,0.0
10,39,2200,60,47,0,121,11,318.0,0.0
10,39,2200,90,49,1,59,12,220.0,137.1267179379783
10,39,2200,85,50,0,85,5,168.0,0.0
10,39,2200,80,41,0,73,11,198.0,0.0
10,39,2200,65,44,1,87,14,312.0,414.56747849834295
10,39,2200,70,36,0,117,24,520.0,0.0
10,39,2200,60,38,1,83,18,332.0,313.87623342444516
10,39,2200,75,40,0,105,21,402.0,0.0
10,39,2200,75,48,0,119,13,306.0,0.0
10,39,2200,75,48,1,75,9,248.0,227.5709235967447
10,39,2200,80,38,1,85,23,340.0,364.48328849399053
10,39,2200,90,42,1,89,29,452.0,463.1826743358512
10,39,2200,85,46,1,83,13,332.0,189.94447487582977
10,39,2200,75,49,1,97,15,286.0,209.63116276377525
10,39,2200,75,44,0,77,16,312.0,0.0
10,39,2200,60,50,0,119,8,238.0,0.0
10,39,2200,80,50,0,123,14,304.0,0.0
10,39,2200,65,37,0,87,21,436.0,0.0
10,39,2200,75,35,1,55,13,204.0,185.75553669244283
10,39,2200,65,38,0,119,22,380.0,0.0
10,39,2200,85,40,1,55,19,284.0,225.36096403704965
10,39,2200,90,40,0,119,26,424.0,0.0
10,39,2200,75,38,1,125,17,412.0,256.0587156641417
10,39,2200,70,42,1,85,13,276.0,206.121538448853
10,39,2200,70,46,0,79,11,208.0,0.0
10,39,2200,80,43,0,97,15,418.0,0.0
10,39,2200,75,37,1,93,27,462.0,358.53408131962664
10,39,2200,80,38,1,79,16,286.0,239.12504456210195
10,39,2200,85,36,0,81,26,532.0,0.0
10,39,2200,60,43,1,81,14,282.0,250.8433340698195
10,39,2200,70,44,1,81,11,150.0,184.6368491003859
10,39,2200,65,46,0,83,9,270.0,0.0
10,39,2200,85,49,0,77,14,272.0,0.0
10,39,2200,65,37,0,117,21,376.0,0.0
10,39,2200,60,41,1,87,11,246.0,170.29270999989126
10,39,2200,70,44,1,55,18,282.0,507.84162941333
10,39,2200,90,41,1,105,18,420.0,343.15628621897287
10,39,2200,80,44,0,87,11,234.0,0.0
10,39,2200,60,39,1,77,13,294.0,290.57156079486595
10,39,2200,80,50,0,79,9,268.0,0.0
10,39,2200,90,47,0,85,14,346.0,0.0
10,39,2200,60,50,0,105,11,188.0,0.0
10,39,2200,70,37,0,113,21,392.0,0.0
10,39,2200,90,43,1,59,10,122.0,108.64044946064917
10,39,2200,90,44,1,83,19,344.0,413.37908218033544
10,39,2200,90,47,0,131,20,488.0,0.0
10,39,2200,65,35,0,247,26,508.0,0.0
10,39,2200,85,43,0,123,19,472.0,0.0
10,39,2200,70,46,1,79,15,242.0,230.59428589282223
10,39,2200,85,40,1,87,20,468.0,276.78724137782
10,39,2200,75,37,0,121,25,502.0,0.0
10,39,2200,75,50,1,85,15,394.0,422.7028801883858
10,39,2200,85,43,1,87,17,344.0,284.61342582443143
10,39,2200,75,36,0,195,19,466.0,0.0
10,39,2200,70,38,0,73,16,364.0,0.0
10,39,2200,65,40,1,57,17,252.0,376.370529523376
10,39,2200,70,45,1,123,16,278.0,344.6081412713573
10,39,2200,75,47,0,65,10,188.0,0.0
10,39,2200,70,48,0,85,15,268.0,0.0
10,39,2200,70,48,1,87,12,306.0,256.5886589813952
10,39,2200,70,37,0,81,23,294.0,0.0
10,39,2100,65,38,1,77,21,386.0,328.5527244841457
10,39,2200,75,42,1,83,23,428.0,406.61882318793545
10,39,2100,70,35,1,115,16,298.0,197.45545403220217
10,39,2100,65,39,0,107,19,410.0,0.0
10,39,2100,75,50,0,79,10,286.0,0.0
10,39,2100,90,36,1,77,20,356.0,197.79301736271336
10,39,2100,70,38,1,55,16,260.0,207.305117444526
10,39,2100,65,45,0,81,13,228.0,0.0
10,39,2100,70,45,0,119,17,402.0,0.0
10,39,2100,65,42,0,79,12,264.0,0.0
10,39,2100,70,48,1,67,7,154.0,218.82467855817495
10,39,2100,80,44,1,153,12,330.0,244.5854193631014
10,39,2100,65,37,0,115,20,366.0,0.0
10,39,2100,70,37,0,75,13,212.0,0.0
10,39,2100,85,43,1,57,15,278.0,276.71871341037314
10,39,2100,70,39,1,149,21,398.0,464.13657032767367
10,39,2100,60,44,1,39,1,40.0,34.12256269208903
10,39,2100,90,48,1,117,12,262.0,323.03778985755264
10,39,2100,85,45,0,125,16,386.0,0.0
10,39,2100,90,48,0,163,20,372.0,0.0
10,39,2100,70,35,1,65,23,306.0,287.6943897680874
10,39,2100,60,35,0,113,18,510.0,0.0
10,39,2100,85,41,0,79,16,294.0,0.0
10,39,2100,65,44,0,67,9,150.0,0.0
10,39,2100,90,45,0,79,14,398.0,0.0
10,39,2100,70,42,1,67,17,242.0,401.86587411842544
10,39,2100,90,48,1,115,11,226.0,200.25537343206847
10,39,2100,75,37,1,59,21,334.0,405.4005220689584
10,39,2100,60,36,0,161,15,328.0,0.0
10,39,2100,75,35,0,69,21,364.0,0.0
10,39,2100,65,37,1,67,14,276.0,161.12119163627474
10,39,2100,90,41,1,83,17,378.0,293.2908624303129
10,39,2100,75,39,0,95,16,362.0,0.0
10,39,2100,85,47,0,69,13,182.0,0.0
10,39,2100,80,40,1,117,24,490.0,340.82294237674677
10,39,2100,60,50,1,71,8,148.0,220.20102198424917
10,39,2100,90,39,0,75,11,226.0,0.0
10,39,2100,85,37,0,77,12,254.0,0.0
10,39,2100,70,41,0,69,14,192.0,0.0
10,39,2100,90,35,1,47,24,250.0,239.76381984197306
10,39,2100,80,40,0,77,20,398.0,0.0
10,39,2100,80,46,1,77,7,112.0,84.12430531835363
10,39,2100,70,47,1,71,15,312.0,242.1329525373277
10,39,2100,75,45,1,157,14,284.0,310.56121267451937
10,39,2100,85,47,0,109,15,264.0,0.0
10,39,2100,90,41,0,119,18,308.0,0.0
10,39,2100,75,49,1,85,13,190.0,123.45978646966817
10,39,2100,90,44,1,79,17,376.0,478.2214062579584
10,39,2100,60,47,0,123,17,438.0,0.0
10,39,2100,85,45,1,97,18,256.0,451.01714725192335
10,39,2100,65,37,1,63,20,310.0,220.62113201900357
10,39,2100,75,39,0,113,14,362.0,0.0
10,39,2100,90,49,0,73,6,176.0,0.0
10,39,2100,75,48,1,77,14,324.0,365.82876236433555
10,39,2100,80,44,0,127,13,358.0,0.0
10,39,2100,65,45,1,71,12,192.0,260.1754819097258
10,39,2100,80,40,0,81,18,428.0,0.0
10,39,2100,80,37,0,113,20,456.0,0.0
10,39,2100,90,49,0,79,17,304.0,0.0
10,39,2100,80,37,1,127,27,394.0,413.9467916785227
10,39,2100,90,49,1,71,11,132.0,157.42910299592074
10,39,2100,80,35,0,119,18,374.0,0.0
10,39,2100,90,36,0,119,24,514.0,0.0
10,39,2100,90,38,1,77,29,402.0,521.5889329619408
10,39,2100,70,48,1,115,12,300.0,320.1819025488598
10,39,2100,85,46,0,141,20,518.0,0.0
10,39,2100,90,49,1,103,12,200.0,179.98342778176456
10,39,2100,85,49,0,89,8,126.0,0.0
10,39,2100,65,37,0,77,16,386.0,0.0
10,39,2100,75,46,1,53,4,54.0,50.06973869546878
10,39,2100,65,43,1,81,13,296.0,203.82930421669738
10,39,2100,60,49,1,73,7,112.0,68.6475346444953
10,39,2100,70,35,1,121,21,412.0,256.03784721433965
10,39,2100,80,39,1,67,18,276.0,416.9473345685802
10,39,2100,80,47,0,89,11,188.0,0.0
10,39,2100,70,40,0,73,17,284.0,0.0
10,39,2100,65,43,0,77,13,222.0,0.0
10,39,2100,70,50,1,79,5,154.0,144.61724413367804
10,39,2100,60,46,0,107,8,206.0,0.0
10,39,2100,80,36,0,111,24,338.0,0.0
10,39,2100,65,46,0,67,8,226.0,0.0
10,39,2100,60,45,1,99,14,298.0,206.82145333560038
10,39,2100,75,48,0,103,13,296.0,0.0
10,39,2100,75,50,1,75,13,266.0,301.0022202684502
10,39,2100,70,49,1,37,5,106.0,69.6795724893295
10,39,2100,80,49,1,163,13,326.0,212.32605279990713
10,39,2100,80,37,0,115,19,404.0,0.0
10,39,2100,60,36,1,117,20,486.0,295.01196226093816
10,39,2100,60,36,1,93,19,328.0,188.54190987958933
10,39,2100,80,37,0,83,21,358.0,0.0
10,39,2100,80,36,1,111,19,380.0,231.12572360413748
10,39,2100,65,38,0,157,19,408.0,0.0
10,39,2100,85,46,1,77,16,248.0,210.82616709274538
10,39,2100,65,36,0,81,15,264.0,0.0
10,39,2100,75,47,0,155,18,350.0,0.0
10,39,2100,90,39,0,75,21,290.0,0.0
10,39,2100,80,41,0,115,15,328.0,0.0
10,39,2100,70,42,1,95,17,336.0,335.8556960476876
10,39,2100,80,45,1,61,13,198.0,365.57609181182374
10,39,2100,70,42,1,101,17,304.0,307.71965604469057
10,39,2100,75,49,0,89,9,246.0,0.0
10,39,2000,60,42,0,75,9,204.0,0.0
10,39,2000,75,38,1,67,14,214.0,137.02122875625173
10,39,2000,80,50,1,91,8,210.0,163.57394232306976
10,39,2000,60,39,0,73,12,230.0,0.0
10,39,2000,90,43,1,105,11,286.0,196.9403899850872
10,39,2000,75,44,0,133,13,318.0,0.0
10,39,2000,85,36,0,111,16,392.0,0.0
10,39,2000,65,39,1,75,11,190.0,200.64911261028615
10,39,2000,80,37,0,109,22,438.0,0.0
10,39,2000,90,44,1,75,13,292.0,384.30579930613214
10,39,2000,70,42,1,93,19,280.0,213.79662744454748
10,39,2000,60,40,0,77,12,212.0,0.0
10,39,2000,80,40,0,63,20,266.0,0.0
10,39,2000,60,41,0,129,13,280.0,0.0
10,39,2000,65,45,1,99,14,240.0,349.9588335274577
10,39,2000,80,40,1,59,19,252.0,407.2248456965958
10,39,2000,85,45,1,65,11,186.0,152.3402569452094
10,39,2000,85,48,0,73,14,322.0,0.0
10,39,2000,90,39,1,79,16,288.0,315.9900605240397
10,39,2000,85,35,0,75,20,362.0,0.0
10,39,2000,60,35,0,79,6,118.0,0.0
10,39,2000,70,37,1,107,15,332.0,191.5079612106912
10,39,2000,85,40,1,111,15,286.0,162.411472251444
10,39,2000,80,50,0,91,11,244.0,0.0
10,39,2000,65,39,0,105,18,402.0,0.0
10,39,2000,80,35,0,117,21,422.0,0.0
10,39,2000,80,38,1,59,17,262.0,259.08488374152347
10,39,2000,85,38,1,69,12,200.0,119.09682981904908
10,39,2000,65,45,1,61,14,166.0,276.9218670986647
10,39,2000,75,44,0,79,12,232.0,0.0
10,39,2000,85,50,1,75,7,150.0,131.01761520890818
10,39,2000,65,37,1,93,15,278.0,168.54147353768406
10,39,2000,65,42,1,113,15,276.0,312.6378158719146
10,39,2000,75,38,1,41,17,266.0,238.74436652466653
10,39,2000,70,43,0,75,12,244.0,0.0
10,39,2000,85,46,0,63,9,170.0,0.0
10,39,2000,90,43,0,115,12,258.0,0.0
10,39,2000,65,48,0,75,9,242.0,0.0
10,39,2000,85,35,0,115,23,426.0,0.0
10,39,2000,90,35,0,77,18,306.0,0.0
10,39,2000,90,47,0,69,11,186.0,0.0
10,39,2000,60,47,1,39,12,152.0,150.53712021190333
10,39,2000,75,49,1,55,9,112.0,57.76355134904994
10,39,2000,85,48,1,61,13,186.0,408.1935547639465
10,39,2000,80,47,1,59,11,208.0,148.70597449306993
10,39,2000,90,35,1,89,30,336.0,318.0108036952366
10,39,2000,60,36,0,93,14,314.0,0.0
10,39,2000,65,47,0,37,7,142.0,0.0
10,39,2000,70,40,0,79,14,234.0,0.0
10,39,2000,90,46,0,69,13,284.0,0.0
10,39,2000,90,47,1,97,16,318.0,221.17155168940468
10,39,2000,60,46,1,67,7,168.0,70.02868013943653
10,39,2000,65,36,1,77,12,260.0,122.501553704279
10,39,2000,85,40,1,75,13,270.0,235.4686284141637
10,39,2000,90,39,1,103,22,330.0,414.3579609173808
10,39,2000,65,39,1,83,12,266.0,285.8721753581898
10,39,2000,90,48,0,77,12,222.0,0.0
10,39,2000,65,44,0,77,12,232.0,0.0
10,39,2000,75,42,0,57,15,252.0,0.0
10,39,2000,90,39,0,111,16,336.0,0.0
10,39,2000,80,37,0,115,19,336.0,0.0
10,39,2000,90,44,1,41,15,230.0,306.17988863931714
10,39,2000,90,48,0,75,6,172.0,0.0
10,39,2000,60,38,0,97,14,290.0,0.0
10,39,2000,90,46,1,63,19,344.0,266.17756247705137
10,39,2000,60,46,1,97,13,264.0,137.9977203327066
10,39,2000,85,39,1,71,14,262.0,347.94605438654764
10,39,2000,85,37,0,75,16,326.0,0.0
10,39,2000,75,40,0,39,11,196.0,0.0
10,39,2000,90,42,1,55,17,242.0,242.9427636834546
10,39,2000,90,40,1,71,15,254.0,188.36758824249893
10,39,2000,80,50,0,53,7,128.0,0.0
10,39,2000,75,50,1,107,5,144.0,96.11072064876413
10,39,2000,65,41,0,107,10,178.0,0.0
10,39,2000,90,35,0,101,24,434.0,0.0
10,39,2000,90,37,0,111,24,462.0,0.0
10,39,2000,80,46,1,79,11,196.0,212.0407276981652
10,39,2000,75,40,1,101,14,316.0,183.38827473733562
10,39,2000,70,44,1,61,17,160.0,345.9155815091006
10,39,2000,80,45,1,49,9,190.0,217.7730857294036
10,39,2000,90,47,0,65,13,252.0,0.0
10,39,2000,65,49,1,149,11,222.0,83.41298254242284
10,39,2000,65,50,0,75,9,216.0,0.0
10,39,2000,75,36,0,71,12,216.0,0.0
10,39,2000,90,38,0,105,17,290.0,0.0
10,39,2000,90,39,0,109,20,428.0,0.0
10,39,2000,65,46,1,103,13,276.0,156.58240143248221
10,39,2000,90,47,1,67,12,238.0,159.43208368364867
10,39,2000,80,36,1,93,21,368.0,199.83767361110068
10,39,2000,65,42,1,77,19,276.0,338.4568707088213
10,39,2000,65,37,0,115,15,336.0,0.0
10,39,2000,75,45,0,71,13,244.0,0.0
10,39,2000,85,47,1,113,14,304.0,244.71387811379932
10,39,2000,75,46,0,69,10,170.0,0.0
10,39,2000,85,37,0,75,19,352.0,0.0
10,39,2000,85,41,1,79,15,278.0,248.29357988471318
10,39,2000,70,44,0,91,12,272.0,0.0
10,39,1900,75,35,1,67,19,252.0,218.9826258135898
10,39,2000,70,47,0,73,13,296.0,0.0
10,39,2000,60,46,1,55,8,198.0,115.70328990032287
10,39,2000,85,50,1,79,9,238.0,195.4455809283426
10,39,1900,70,36,0,71,14,220.0,0.0
10,39,1900,80,36,1,67,16,258.0,181.4797512137423
10,39,1900,90,39,0,73,14,318.0,0.0
10,39,1900,75,41,0,111,15,304.0,0.0
10,39,1900,85,38,0,109,20,428.0,0.0
10,39,1900,75,41,1,129,16,338.0,325.03659770816097
10,39,1900,60,50,1,59,8,116.0,182.76577677121176
10,39,1900,85,36,1,65,13,216.0,119.52199906384418
10,39,1900,70,35,0,67,19,302.0,0.0
10,39,1900,85,38,1,105,12,278.0,153.517133759709
10,39,1900,75,40,0,99,11,230.0,0.0
10,39,1900,70,43,1,105,13,256.0,147.68526702937052
10,39,1900,90,42,0,95,12,224.0,0.0
10,39,1900,90,46,1,59,15,220.0,236.7933700912762
10,39,1900,70,41,0,37,8,176.0,0.0
10,39,1900,65,43,0,75,13,240.0,0.0
10,39,1900,60,44,1,51,8,168.0,150.63524479110583
10,39,1900,65,45,1,71,11,220.0,222.7037908686377
10,39,1900,80,45,0,67,12,196.0,0.0
10,39,1900,60,48,1,71,13,206.0,272.1617429536888
10,39,1900,60,48,0,87,8,218.0,0.0
10,39,1900,60,39,0,61,6,208.0,0.0
10,39,1900,70,39,1,75,18,318.0,510.7631466589147
10,39,1900,70,40,1,71,7,170.0,80.18522690944472
10,39,1900,75,45,0,135,14,324.0,0.0
10,39,1900,90,43,1,105,12,292.0,161.08698803668585
10,39,1900,60,49,0,57,7,90.0,0.0
10,39,1900,70,49,1,67,4,122.0,55.60583642157697
10,39,1900,65,35,1,101,19,342.0,248.36347845940753
10,39,1900,75,37,0,147,20,382.0,0.0
10,39,1900,85,37,1,71,15,238.0,248.31082616213604
10,39,1900,70,40,0,83,9,214.0,0.0
10,39,1900,60,44,0,89,8,154.0,0.0
10,39,1900,80,47,1,77,14,242.0,203.15169431510378
10,39,1900,75,48,0,71,11,194.0,0.0
10,39,1900,70,36,0,97,17,320.0,0.0
10,39,1900,60,39,1,71,15,192.0,333.4685695119297
10,39,1900,70,40,1,75,17,252.0,200.6591176306704
10,39,1900,90,42,1,73,15,262.0,328.0051566547573
10,39,1900,70,44,1,71,9,152.0,239.6463557882787
10,39,1900,80,48,0,95,7,126.0,0.0
10,39,1900,80,48,0,73,7,184.0,0.0
10,39,1900,65,41,0,111,12,336.0,0.0
10,39,1900,80,35,1,67,28,310.0,301.9432701517575
10,39,1900,85,35,0,73,18,394.0,0.0
10,39,1900,80,37,1,177,15,332.0,207.0589324745514
10,39,1900,70,41,0,69,12,266.0,0.0
10,39,1900,90,45,1,65,9,176.0,203.3223373362465
10,39,1900,65,47,0,205,10,276.0,0.0
10,39,1900,60,35,0,109,16,362.0,0.0
10,39,1900,75,37,0,75,16,286.0,0.0
10,39,1900,85,37,0,71,17,312.0,0.0
10,39,1900,85,38,1,85,18,212.0,159.2268016398859
10,39,1900,75,43,1,49,10,136.0,120.81861697192959
10,39,1900,85,47,1,53,10,176.0,145.07881612114187
10,39,1900,80,50,1,49,5,86.0,103.82344435763332
10,39,1900,80,39,1,69,19,248.0,489.1382778924782
10,39,1900,60,41,0,97,11,232.0,0.0
10,39,1900,60,44,0,103,15,310.0,0.0
10,39,1900,80,45,0,69,12,274.0,0.0
10,39,1900,65,48,1,75,10,162.0,310.5061949845988
10,39,1900,70,40,0,69,14,208.0,0.0
10,39,1900,90,48,1,69,13,174.0,290.9373056393423
10,39,1900,85,39,0,75,14,340.0,0.0
10,39,1900,70,41,1,125,15,270.0,198.64134976657004
10,39,1900,90,40,0,109,17,416.0,0.0
10,39,1900,65,43,0,99,6,170.0,0.0
10,39,1900,80,45,1,63,14,204.0,303.95112584548826
10,39,1900,70,43,1,73,12,222.0,143.810778659064
10,39,1900,65,41,1,109,13,254.0,257.7786597543017
10,39,1900,75,41,1,51,13,206.0,242.5936670142565
10,39,1900,80,41,1,107,9,268.0,228.41823500678967
10,39,1900,80,44,0,73,8,112.0,0.0
10,39,1900,75,43,1,73,9,168.0,172.5483483527947
10,39,1900,60,45,0,67,7,104.0,0.0
10,39,1900,85,45,0,91,13,238.0,0.0
10,39,1900,60,47,0,87,11,274.0,0.0
10,39,1900,75,35,1,71,16,278.0,186.74374061427983
10,39,1900,75,37,0,107,15,302.0,0.0
10,39,1900,90,46,1,135,14,230.0,173.58273759539765
10,39,1900,70,49,1,59,12,160.0,126.40742667640572
10,39,1900,80,50,0,127,9,128.0,0.0
10,39,1900,85,46,1,67,11,162.0,191.6143515576893
10,39,1900,85,47,0,73,9,176.0,0.0
10,39,1900,90,44,1,75,12,154.0,258.6620294984986
10,39,1900,65,46,0,123,13,282.0,0.0
10,39,1900,80,41,1,53,15,178.0,316.01979763829144
10,39,1900,75,41,0,93,12,278.0,0.0
10,39,1900,65,48,0,69,6,168.0,0.0
10,39,1900,90,36,1,75,25,436.0,260.4259989334793
10,39,1900,80,40,1,69,17,260.0,209.467962422642
10,39,1900,90,45,0,107,13,278.0,0.0
10,39,1900,80,50,1,75,9,222.0,203.57574350253526
10,39,1900,75,48,0,69,4,108.0,0.0
10,39,1900,60,36,1,55,17,210.0,192.77597472393356
10,39,1900,90,37,1,95,21,336.0,290.1937386676614
10,39,1800,75,36,1,71,14,306.0,110.47601085157334
10,39,1900,85,38,0,109,13,268.0,0.0
10,39,1900,85,44,0,141,11,298.0,0.0
10,39,1900,70,41,0,97,15,300.0,0.0
10,39,1800,60,47,0,85,10,240.0,0.0
10,39,1800,60,35,1,47,16,238.0,164.285589985549
10,39,1800,75,40,0,61,18,280.0,0.0
10,39,1800,90,39,1,67,12,160.0,285.20476655949886
10,39,1800,80,45,0,75,9,212.0,0.0
10,39,1800,75,48,1,97,8,160.0,249.44752112835081
10,39,1800,90,48,1,71,7,106.0,135.27495115040796
10,39,1800,75,50,0,47,3,80.0,0.0
10,39,1800,85,42,1,71,13,228.0,162.73764126012009
10,39,1800,60,49,0,83,6,120.0,0.0
10,39,1800,65,37,1,87,10,216.0,146.2612935129056
10,39,1800,65,36,0,65,12,210.0,0.0
10,39,1800,80,48,1,63,9,156.0,198.27178005867415
10,39,1800,85,50,0,57,5,118.0,0.0
10,39,1800,75,49,0,83,11,214.0,0.0
10,39,1800,90,36,0,99,19,340.0,0.0
10,39,1800,60,45,1,105,9,190.0,91.0245625346745
10,39,1800,75,48,1,63,15,246.0,376.8507292586393
10,39,1800,85,49,0,117,13,292.0,0.0
10,39,1800,80,35,0,71,23,346.0,0.0
10,39,1800,85,35,0,59,16,240.0,0.0
10,39,1800,60,42,1,55,10,132.0,165.92787038299636
10,39,1800,75,48,0,69,5,124.0,0.0
10,39,1800,85,43,1,65,10,194.0,190.10080980193382
10,39,1800,65,48,1,93,11,204.0,306.1477007716079
10,39,1800,80,49,1,65,11,254.0,119.81853009140212
10,39,1800,85,36,1,83,18,278.0,204.244840686716
10,39,1800,80,46,1,57,6,120.0,102.16179067023349
10,39,1800,65,46,0,107,11,256.0,0.0
10,39,1800,70,37,1,57,15,280.0,264.4003497037912
10,39,1800,85,50,0,55,8,126.0,0.0
10,39,1800,65,38,0,89,12,230.0,0.0
10,39,1800,70,46,0,57,6,92.0,0.0
10,39,1800,85,42,0,33,12,152.0,0.0
10,39,1800,90,41,1,83,17,176.0,271.8456886554026
10,39,1800,65,45,1,73,13,220.0,210.5849011853874
10,39,1800,80,50,1,53,6,122.0,133.3238096997404
10,39,1800,65,44,0,71,12,270.0,0.0
10,39,1800,60,47,0,87,8,164.0,0.0
10,39,1800,80,49,1,127,9,224.0,148.28368699483755
10,39,1800,60,38,1,43,6,112.0,43.34414286535706
10,39,1800,75,39,0,93,15,236.0,0.0
10,39,1800,85,45,1,47,8,96.0,122.52118557757761
10,39,1800,80,48,0,67,8,240.0,0.0
10,39,1800,85,49,1,61,6,134.0,80.82860871465512
10,39,1800,60,43,0,87,10,202.0,0.0
10,39,1800,80,49,0,65,6,130.0,0.0
10,39,1800,60,36,1,47,9,172.0,70.89853425049925
10,39,1800,65,37,0,99,12,220.0,0.0
10,39,1800,90,42,0,81,8,116.0,0.0
10,39,1800,90,41,1,43,12,150.0,214.09585147896706
10,39,1800,60,48,1,33,4,52.0,98.0955241991116
10,39,1800,75,44,0,47,6,106.0,0.0
10,39,1800,70,46,1,61,10,200.0,109.95173970614857
10,39,1800,90,35,1,93,19,346.0,207.20722087484504
10,39,1800,90,38,0,95,13,278.0,0.0
10,39,1800,70,41,0,89,15,334.0,0.0
10,39,1800,85,49,1,57,6,124.0,72.40978093823668
10,39,1800,90,49,0,35,4,104.0,0.0
10,39,1800,90,49,1,67,6,104.0,43.611066472699406
10,39,1800,85,49,0,51,5,156.0,0.0
10,39,1800,85,39,1,67,13,220.0,185.5321932077283
10,39,1800,85,41,1,65,12,208.0,299.64139240344156
10,39,1800,70,35,1,63,16,296.0,188.00672146220768
10,39,1800,85,37,0,87,17,254.0,0.0
10,39,1800,90,45,0,87,9,180.0,0.0
10,39,1800,85,48,0,63,6,118.0,0.0
10,39,1800,75,47,1,43,8,154.0,174.49493559333175
10,39,1800,80,38,0,69,18,352.0,0.0
10,39,1800,75,36,1,61,12,210.0,75.17609813622457
10,39,1800,75,39,1,69,13,230.0,333.86425513073783
10,39,1800,60,42,0,33,4,54.0,0.0
10,39,1800,75,46,1,83,12,246.0,190.9468931550955
10,39,1800,75,40,0,93,8,192.0,0.0
10,39,1800,85,49,0,33,4,126.0,0.0
10,39,1800,90,35,0,69,17,248.0,0.0
10,39,1800,90,35,0,99,19,298.0,0.0
10,39,1800,70,37,1,53,9,160.0,133.6750800028583
10,39,1800,65,43,1,61,9,134.0,155.01507104503582
10,39,1800,60,47,0,59,6,124.0,0.0
10,39,1800,65,45,1,55,13,190.0,184.40791522021485
10,39,1800,75,47,1,57,10,176.0,113.02452125615129
10,39,1800,80,36,0,101,14,306.0,0.0
10,39,1800,85,35,0,129,23,396.0,0.0
10,39,1800,65,39,1,69,7,198.0,191.49663300915378
10,39,1800,75,39,0,71,8,206.0,0.0
10,39,1800,70,42,0,85,9,222.0,0.0
10,39,1800,70,41,1,97,11,294.0,264.3708477572822
10,39,1800,80,47,1,75,15,278.0,170.83429805880206
10,39,1800,65,46,1,39,7,144.0,95.94763935180993
10,39,1800,90,35,0,69,20,312.0,0.0
10,39,1800,65,40,0,71,10,236.0,0.0
10,39,1800,60,39,1,65,10,190.0,193.65206638829184
10,39,1800,60,43,1,89,13,182.0,263.9002196181992
10,39,1800,60,37,1,69,10,234.0,135.62816666062162
10,39,1800,70,39,0,97,13,268.0,0.0
10,39,1800,90,38,0,113,14,240.0,0.0
10,39,1700,80,40,0,97,13,228.0,0.0
10,39,1700,70,39,1,49,11,176.0,306.6831985471649
10,39,1800,60,46,1,99,10,226.0,164.86292647687569
10,39,1700,70,48,1,43,6,62.0,153.5782535131584
10,39,1700,75,42,0,57,9,154.0,0.0
10,39,1800,65,49,0,67,10,190.0,0.0
10,39,1700,90,38,0,61,9,184.0,0.0
10,39,1700,85,39,0,67,8,136.0,0.0
10,39,1700,85,42,1,65,17,280.0,309.4118808577516
10,39,1700,60,44,1,57,9,130.0,206.38323707750195
10,39,1700,65,44,0,65,7,156.0,0.0
10,39,1700,65,45,1,41,10,110.0,188.2856464380918
10,39,1700,75,48,1,67,6,118.0,156.56304774872464
10,39,1700,60,37,1,63,14,160.0,137.9841219146613
10,39,1700,70,39,0,131,9,164.0,0.0
10,39,1700,75,44,0,65,7,148.0,0.0
10,39,1700,85,42,0,61,9,172.0,0.0
10,39,1700,60,46,0,95,12,196.0,0.0
10,39,1700,80,42,1,87,9,146.0,184.9756797718726
10,39,1700,75,47,1,29,4,88.0,29.143780630168447
10,39,1700,90,38,1,53,13,160.0,168.35799874237142
10,39,1700,65,38,0,115,11,210.0,0.0
10,39,1700,75,41,1,95,13,224.0,279.56858327761046
10,39,1700,60,44,1,57,10,162.0,196.53961680616916
10,39,1700,85,46,1,43,8,110.0,97.16441127582875
10,39,1700,85,50,0,63,12,164.0,0.0
10,39,1700,85,49,0,33,3,68.0,0.0
10,39,1700,80,36,1,45,12,204.0,136.80082045221775
10,39,1700,80,43,0,55,9,144.0,0.0
10,39,1700,90,42,1,63,12,216.0,166.70968042401907
10,39,1700,70,43,0,95,8,202.0,0.0
10,39,1700,80,46,1,59,10,144.0,171.77916816284576
10,39,1700,70,46,0,91,5,92.0,0.0
10,39,1700,90,50,0,57,7,90.0,0.0
10,39,1700,60,38,0,69,5,112.0,0.0
10,39,1700,65,39,0,93,11,204.0,0.0
10,39,1700,90,39,1,53,18,198.0,244.3971674360722
10,39,1700,70,45,0,67,9,162.0,0.0
10,39,1700,85,47,1,49,5,114.0,63.767503779482276
10,39,1700,80,50,1,27,3,50.0,62.29680611979701
10,39,1700,75,50,1,37,8,132.0,162.6029605774284
10,39,1700,65,35,0,33,4,78.0,0.0
10,39,1700,80,39,1,45,8,120.0,176.57488465611485
10,39,1700,65,36,1,43,11,154.0,108.35919009529793
10,39,1700,85,39,1,93,18,308.0,394.50362257871956
10,39,1700,75,43,0,67,8,192.0,0.0
10,39,1700,65,43,0,93,12,230.0,0.0
10,39,1700,60,47,0,61,6,62.0,0.0
10,39,1700,80,41,0,53,7,88.0,0.0
10,39,1700,65,47,1,33,6,112.0,66.70830096710787
10,39,1700,90,42,1,73,12,138.0,204.6633349229496
10,39,1700,90,41,1,95,12,250.0,237.81892478303874
10,39,1700,65,43,0,95,4,130.0,0.0
10,39,1700,90,45,0,57,13,144.0,0.0
10,39,1700,65,46,1,59,8,172.0,88.07680453358893
10,39,1700,70,36,1,59,12,168.0,98.0773145072656
10,39,1700,90,39,0,55,12,210.0,0.0
10,39,1700,80,41,0,63,11,240.0,0.0
10,39,1700,60,46,1,73,9,198.0,111.82779891748946
10,39,1700,90,38,1,65,15,216.0,228.6636583434114
10,39,1700,85,42,0,45,12,140.0,0.0
10,39,1700,90,46,1,79,5,108.0,106.43246026593539
10,39,1700,85,49,0,61,6,138.0,0.0
10,39,1700,60,49,0,63,7,130.0,0.0
10,39,1700,90,50,1,29,3,46.0,97.29191913470362
10,39,1700,70,35,0,97,15,192.0,0.0
10,39,1700,80,35,0,115,13,280.0,0.0
10,39,1700,85,41,0,81,12,228.0,0.0
10,39,1700,75,42,0,85,7,104.0,0.0
10,39,1700,90,39,1,35,10,88.0,208.64377032809358
10,39,1700,85,43,1,57,12,162.0,213.16489395342646
10,39,1700,90,48,1,31,3,60.0,103.77766212267767
10,39,1700,80,50,1,49,8,98.0,196.77174636512802
10,39,1700,85,48,0,81,10,148.0,0.0
10,39,1700,75,38,1,63,13,178.0,166.4255785535401
10,39,1700,90,38,0,65,13,266.0,0.0
10,39,1700,90,46,1,43,12,152.0,154.1468033483191
10,39,1700,75,41,1,57,8,116.0,176.14139620011287
10,39,1700,90,46,1,65,7,164.0,101.43213654214874
10,39,1700,75,50,0,93,6,126.0,0.0
10,39,1700,60,50,0,83,7,144.0,0.0
10,39,1700,80,41,0,93,7,184.0,0.0
10,39,1700,65,36,0,91,14,230.0,0.0
10,39,1700,85,42,1,43,13,148.0,256.15638392014523
10,39,1700,60,47,1,55,11,166.0,141.89851815379626
10,39,1700,75,38,1,63,9,184.0,126.77648482979974
10,39,1700,75,41,0,85,16,276.0,0.0
10,39,1700,80,42,1,83,13,220.0,234.92893917491583
10,39,1700,65,42,0,55,8,144.0,0.0
10,39,1700,85,49,0,87,6,88.0,0.0
10,39,1700,85,35,1,59,18,248.0,249.7471551952608
10,39,1700,70,36,0,93,10,148.0,0.0
10,39,1700,80,40,0,57,8,142.0,0.0
10,39,1700,60,35,0,93,15,216.0,0.0
10,39,1700,75,39,1,63,11,194.0,320.648544791237
10,39,1700,75,43,0,87,11,174.0,0.0
10,39,1700,65,41,1,77,11,186.0,193.08250678550158
10,39,1700,75,40,1,85,5,114.0,20.079592881664233
10,39,1700,75,49,1,59,9,98.0,102.89910526850399
10,39,1600,70,37,0,57,12,184.0,0.0
10,39,1600,60,39,0,63,13,210.0,0.0
10,39,1600,70,38,1,41,4,70.0,49.29286651614466
10,39,1700,85,50,1,47,6,82.0,154.26681995680943
10,39,1700,60,49,0,75,8,108.0,0.0
10,39,1600,75,49,1,59,10,166.0,148.29848208243638
10,39,1700,80,44,0,61,5,142.0,0.0
10,39,1600,70,35,1,57,9,136.0,109.40394711982414
10,39,1600,70,45,1,85,11,150.0,262.31522329256853
10,39,1600,90,39,1,49,11,130.0,273.6066664971292
10,39,1600,65,42,0,87,11,204.0,0.0
10,39,1600,80,38,0,61,14,174.0,0.0
10,39,1600,65,45,1,95,9,96.0,166.31883995112634
10,39,1600,75,36,0,75,15,200.0,0.0
10,39,1600,75,47,0,81,10,194.0,0.0
10,39,1600,80,37,0,113,13,250.0,0.0
10,39,1600,65,40,1,37,8,96.0,98.83304573516797
10,39,1600,60,41,1,31,5,74.0,77.54791244223154
10,39,1600,90,45,0,63,9,144.0,0.0
10,39,1600,65,38,1,45,10,102.0,112.53248464827112
10,39,1600,90,47,0,63,7,126.0,0.0
10,39,1600,65,46,0,55,8,112.0,0.0
10,39,1600,60,49,1,59,4,106.0,43.510707518068074
10,39,1600,60,35,0,57,9,158.0,0.0
10,39,1600,65,36,1,125,10,210.0,82.574527092856
10,39,1600,90,41,1,45,9,108.0,161.58093022212117
10,39,1600,60,40,0,85,8,182.0,0.0
10,39,1600,90,45,0,57,13,164.0,0.0
10,39,1600,90,42,0,59,12,174.0,0.0
10,39,1600,85,50,1,57,5,138.0,125.4631581622413
10,39,1600,90,50,1,55,6,88.0,129.689646594691
10,39,1600,65,49,1,53,6,100.0,54.53621405538393
10,39,1600,60,41,1,77,11,154.0,269.17694282947417
10,39,1600,90,36,1,67,14,162.0,127.76173004164188
10,39,1600,80,37,0,59,8,168.0,0.0
10,39,1600,90,44,0,113,12,234.0,0.0
10,39,1600,90,38,0,93,11,274.0,0.0
10,39,1600,85,45,1,53,5,106.0,105.34581094502785
10,39,1600,80,48,0,55,6,92.0,0.0
10,39,1600,80,39,1,59,11,200.0,271.3798725996555
10,39,1600,60,38,0,55,7,140.0,0.0
10,39,1600,60,44,1,31,2,32.0,30.0
10,39,1600,80,44,1,31,5,90.0,133.28898618898637
10,39,1600,75,35,0,51,5,116.0,0.0
10,39,1600,65,47,1,71,12,210.0,137.6097420405126
10,39,1600,90,46,0,77,5,78.0,0.0
10,39,1600,65,49,0,53,6,86.0,0.0
10,39,1600,60,36,1,57,8,118.0,49.33723570460658
10,39,1600,60,38,0,85,12,188.0,0.0
10,39,1600,75,40,1,77,13,206.0,166.89906032786777
10,39,1600,65,43,0,59,7,112.0,0.0
10,39,1600,60,42,1,41,8,112.0,200.42816643586292
10,39,1600,65,49,1,49,10,124.0,101.00632816347532
10,39,1600,75,50,0,87,7,172.0,0.0
10,39,1600,90,37,0,77,8,140.0,0.0
10,39,1600,75,40,1,57,12,136.0,158.77548561548227
10,39,1600,90,38,0,59,6,146.0,0.0
10,39,1600,70,41,1,61,10,168.0,193.38414219108031
10,39,1600,65,46,0,63,11,176.0,0.0
10,39,1600,90,48,1,43,10,86.0,146.974866316294
10,39,1600,70,46,0,123,9,152.0,0.0
10,39,1600,80,35,0,45,8,68.0,0.0
10,39,1600,60,37,1,53,11,136.0,135.6335478965791
10,39,1600,75,39,1,51,10,166.0,242.58438128834365
10,39,1600,75,48,1,109,7,168.0,187.98511678383986
10,39,1600,80,43,0,53,6,102.0,0.0
10,39,1600,90,37,0,83,14,266.0,0.0
10,39,1600,60,50,1,83,7,176.0,149.8107480970926
10,39,1600,65,36,1,53,6,112.0,49.53365342678787
10,39,1600,90,38,1,45,11,170.0,140.32734262998636
10,39,1600,60,35,1,83,13,200.0,94.44085929153162
10,39,1600,85,42,0,53,10,132.0,0.0
10,39,1600,80,44,0,89,13,230.0,0.0
10,39,1600,80,38,0,91,10,234.0,0.0
10,39,1600,90,43,0,55,17,260.0,0.0
10,39,1600,65,35,1,43,18,158.0,163.33114970785897
10,39,1600,75,38,1,61,8,144.0,86.24332144977747
10,39,1600,85,35,0,85,13,226.0,0.0
10,39,1600,80,39,1,63,15,250.0,355.0527585410988
10,39,1600,75,45,0,67,9,178.0,0.0
10,39,1600,85,50,1,57,4,82.0,95.95229783332633
10,39,1600,80,48,0,63,8,112.0,0.0
10,39,1600,70,35,0,57,11,214.0,0.0
10,39,1600,65,38,1,29,3,58.0,27.20611802884821
10,39,1600,70,39,1,43,11,116.0,175.81587727728433
10,39,1600,80,35,1,51,14,178.0,194.76816701178035
10,39,1600,85,39,0,117,10,234.0,0.0
10,39,1600,75,47,0,133,10,196.0,0.0
10,39,1600,75,48,0,59,4,120.0,0.0
10,39,1600,75,37,0,79,14,270.0,0.0
10,39,1600,60,36,1,35,8,162.0,72.8525961971897
10,39,1600,85,37,0,95,15,240.0,0.0
10,39,1600,85,43,1,63,8,132.0,112.68211062806819
10,39,1600,70,42,1,65,8,146.0,127.16110214106001
10,39,1600,85,50,1,45,6,94.0,146.48008272764815
10,39,1600,70,50,0,59,5,122.0,0.0
10,39,1600,85,36,1,89,12,214.0,137.33780733493626
10,39,1600,80,40,0,57,10,170.0,0.0
10,39,1600,85,43,1,55,5,130.0,72.76564827250957
10,39,1600,80,41,0,61,10,200.0,0.0
10,39,1600,80,45,1,61,9,126.0,200.08261965054595
10,39,1600,65,44,0,55,4,120.0,0.0
10,39,1600,80,49,0,49,8,138.0,0.0
10,39,1500,65,37,0,77,12,148.0,0.0
10,39,1500,80,39,1,59,10,126.0,204.7919594235997
10,39,1500,70,44,1,43,7,86.0,155.68405641238104
10,39,1500,85,48,0,31,4,62.0,0.0
10,39,1500,90,47,1,47,9,122.0,105.75807949327624
10,39,1500,65,43,1,69,7,144.0,116.09381809490976
10,39,1500,65,50,0,39,4,62.0,0.0
10,39,1500,65,44,0,55,7,102.0,0.0
10,39,1500,60,47,0,47,3,76.0,0.0
10,39,1500,90,48,1,55,6,138.0,166.4687686704729
10,39,1500,70,49,0,59,4,106.0,0.0
10,39,1500,60,46,1,41,2,42.0,33.57166029044155
10,39,1500,85,49,0,47,4,76.0,0.0
10,39,1500,90,49,1,47,9,108.0,114.98859881200138
10,39,1500,65,35,1,59,10,144.0,135.91391939282434
10,39,1500,85,35,1,53,7,134.0,82.62841952856178
10,39,1500,60,40,0,57,6,122.0,0.0
10,39,1500,75,47,1,59,6,94.0,80.42578597953018
10,39,1500,70,49,1,41,5,96.0,68.71720359870551
10,39,1500,85,50,0,57,5,88.0,0.0
10,39,1500,70,50,0,27,4,42.0,0.0
10,39,1500,85,37,1,55,9,126.0,125.22220829944978
10,39,1500,65,44,0,29,5,90.0,0.0
10,39,1500,60,42,0,51,2,52.0,0.0
10,39,1500,65,47,0,59,6,86.0,0.0
10,39,1500,75,46,1,57,6,92.0,67.9423575469684
10,39,1500,65,47,1,29,2,42.0,21.59584331342011
10,39,1500,85,49,0,27,2,48.0,0.0
10,39,1500,65,37,1,67,10,142.0,121.95201253001785
10,39,1500,65,38,0,29,3,60.0,0.0
10,39,1500,80,39,1,33,4,58.0,119.80079290366166
10,39,1500,65,42,1,59,8,156.0,157.71335629971912
10,39,1500,65,48,1,41,5,42.0,141.0345628057773
10,39,1500,65,47,0,77,5,78.0,0.0
10,39,1500,80,41,0,107,12,198.0,0.0
10,39,1500,85,37,1,85,16,208.0,142.34557232467182
10,39,1500,80,39,0,47,5,74.0,0.0
10,39,1500,90,39,1,29,6,76.0,146.5319647509509
10,39,1500,70,39,1,35,6,66.0,109.62394691425318
10,39,1500,80,48,0,53,7,150.0,0.0
10,39,1500,75,41,0,67,7,154.0,0.0
10,39,1500,70,49,0,51,8,134.0,0.0
10,39,1500,65,35,1,41,5,70.0,67.179121278833
10,39,1500,75,36,0,47,10,142.0,0.0
10,39,1500,85,36,1,53,15,156.0,119.11399647990083
10,39,1500,70,44,0,59,5,60.0,0.0
10,39,1500,75,37,1,47,10,86.0,172.2788320285581
10,39,1500,90,37,1,39,10,84.0,143.6729552924425
10,39,1500,65,48,0,47,5,76.0,0.0
10,39,1500,75,37,0,57,7,164.0,0.0
10,39,1500,65,40,1,45,7,72.0,81.27306500242193
10,39,1500,65,39,1,37,4,38.0,117.37386364847833
10,39,1500,75,40,0,49,13,134.0,0.0
10,39,1500,75,47,1,81,8,160.0,120.46142303793128
10,39,1500,75,48,1,57,6,140.0,166.900895993071
10,39,1500,70,45,0,79,9,180.0,0.0
10,39,1500,65,45,0,27,4,52.0,0.0
10,39,1500,75,35,1,49,7,122.0,75.6207103973416
10,39,1500,85,36,0,85,13,250.0,0.0
10,39,1500,75,35,0,53,11,160.0,0.0
10,39,1500,90,36,1,57,15,198.0,105.74914877263551
10,39,1500,90,47,0,55,8,96.0,0.0
10,39,1500,65,42,1,67,6,122.0,106.07319051762693
10,39,1500,60,38,1,27,6,126.0,88.947676316813
10,39,1500,65,47,0,41,4,60.0,0.0
10,39,1500,80,35,1,39,10,112.0,94.84124754477509
10,39,1500,90,35,1,35,9,120.0,80.7083873883856
10,39,1500,60,36,1,57,7,160.0,85.6569077190796
10,39,1500,90,38,0,85,10,142.0,0.0
10,39,1500,65,35,0,75,7,150.0,0.0
10,39,1500,75,41,0,41,6,68.0,0.0
10,39,1500,60,43,1,71,9,210.0,135.6292613718874
10,39,1500,90,41,0,83,8,170.0,0.0
10,39,1500,85,37,0,71,8,138.0,0.0
10,39,1500,85,35,1,43,6,110.0,115.47556533728721
10,39,1500,90,37,0,57,12,166.0,0.0
10,39,1500,90,38,1,71,8,158.0,89.35838165343668
10,39,1500,85,40,1,31,10,114.0,139.83473555820697
10,39,1500,65,42,0,29,2,30.0,0.0
10,39,1500,60,45,0,53,6,106.0,0.0
10,39,1500,70,47,1,61,6,84.0,91.44273584911318
10,39,1500,60,36,1,69,10,206.0,82.75806608029902
10,39,1500,70,41,1,29,9,102.0,232.95005608994512
10,39,1500,90,38,0,51,9,156.0,0.0
10,39,1500,65,44,0,39,7,100.0,0.0
10,39,1500,60,38,0,85,8,112.0,0.0
10,39,1500,60,49,0,19,1,20.0,0.0
10,39,1500,60,46,1,35,7,68.0,103.9809426390202
10,39,1500,90,35,0,59,13,224.0,0.0
10,39,1500,75,35,1,49,15,202.0,163.4265960552852
10,39,1500,60,38,1,55,8,176.0,88.10259147546392
10,39,1500,65,39,1,33,5,84.0,141.51546108554385
10,39,1500,75,39,1,55,7,114.0,144.06210556532017
10,39,1500,90,45,0,57,3,58.0,0.0
10,39,1500,70,42,0,45,5,72.0,0.0
10,39,1500,75,46,0,27,4,52.0,0.0
10,39,1500,85,36,0,47,5,76.0,0.0
10,39,1500,60,41,1,55,8,116.0,168.4168484011842
10,38,3000,70,35,0,113,32,564.0,0.0
10,39,1500,65,36,0,51,8,152.0,0.0
10,38,3000,60,47,1,109,20,506.0,348.9018518194321
10,39,1500,60,42,1,39,5,70.0,82.70583758676905
10,38,3000,65,38,1,107,29,664.0,485.3694123120402
10,38,3000,75,50,1,107,23,420.0,621.3615270365352
10,38,3000,60,36,1,125,35,576.0,420.9565245723378
10,38,3000,60,45,1,155,23,740.0,482.68710164244976
10,38,3000,85,39,0,149,32,646.0,0.0
10,38,3000,80,46,0,115,23,474.0,0.0
10,38,3000,75,46,0,203,30,850.0,0.0
10,38,3000,75,45,0,115,22,524.0,0.0
10,38,3000,70,37,1,119,34,832.0,493.69508815780006
10,38,3000,85,38,0,155,32,730.0,0.0
10,38,3000,65,37,0,167,31,818.0,0.0
10,38,3000,75,42,1,109,30,612.0,562.9383614600886
10,38,3000,90,43,0,113,30,628.0,0.0
10,38,3000,80,47,1,113,24,508.0,340.0687455474389
10,38,3000,65,46,1,93,21,426.0,429.4442436827872
10,38,3000,90,50,0,111,19,426.0,0.0
10,38,3000,75,41,1,105,29,616.0,766.733762940798
10,38,3000,60,35,1,123,34,576.0,452.05595702078995
10,38,3000,85,40,0,169,34,734.0,0.0
10,38,3000,90,38,1,169,33,616.0,590.6631471350742
10,38,3000,80,40,0,173,31,702.0,0.0
10,38,3000,60,48,0,163,16,514.0,0.0
10,38,3000,80,44,1,149,28,522.0,698.5517119089018
10,38,3000,85,41,0,117,28,642.0,0.0
10,38,3000,75,38,1,113,34,594.0,617.4544815068758
10,38,3000,65,39,0,113,31,686.0,0.0
10,38,3000,60,40,0,161,27,570.0,0.0
10,38,3000,75,40,0,161,29,594.0,0.0
10,38,3000,75,41,1,117,30,568.0,568.6545679298694
10,38,3000,85,47,1,117,26,622.0,436.8866185234679
10,38,3000,90,49,1,103,25,486.0,440.7645779180042
10,38,3000,60,46,0,169,25,602.0,0.0
10,38,3000,60,36,1,113,32,594.0,486.522626933814
10,38,3000,80,36,1,65,35,552.0,535.2272856585663
10,38,3000,70,37,0,159,37,894.0,0.0
10,38,3000,75,41,1,109,33,710.0,592.7002426781675
10,38,3000,90,47,0,165,26,804.0,0.0
10,38,3000,65,41,0,155,26,738.0,0.0
10,38,3000,75,43,0,171,27,826.0,0.0
10,38,3000,60,44,1,117,24,666.0,472.4689462725374
10,38,3000,80,35,1,111,38,592.0,547.5288438457673
10,38,3000,90,43,0,115,32,716.0,0.0
10,38,3000,80,41,0,177,32,832.0,0.0
10,38,3000,90,42,1,77,30,554.0,513.9148004255286
10,38,3000,65,35,0,177,36,890.0,0.0
10,38,3000,85,47,1,115,25,478.0,532.7187310613012
10,38,3000,75,47,0,165,20,686.0,0.0
10,38,3000,70,49,1,177,22,568.0,432.09965843376875
10,38,3000,80,41,0,117,33,800.0,0.0
10,38,3000,90,46,1,163,29,674.0,576.4980412662073
10,38,3000,65,43,0,157,30,874.0,0.0
10,38,3000,75,44,1,157,28,744.0,612.8891445339606
10,38,3000,75,38,1,117,34,754.0,555.8311257309973
10,38,3000,75,47,0,145,19,492.0,0.0
10,38,3000,75,49,1,109,32,658.0,733.9255801727345
10,38,3000,65,49,0,113,20,544.0,0.0
10,38,3000,75,50,1,113,20,610.0,634.6490531429736
10,38,3000,80,35,0,113,35,674.0,0.0
10,38,3000,70,40,1,163,34,722.0,607.9271489113814
10,38,3000,85,36,0,161,35,648.0,0.0
10,38,3000,75,36,0,115,36,602.0,0.0
10,38,3000,85,44,1,89,31,586.0,587.7584959834985
10,38,3000,85,45,1,173,30,706.0,685.1242868735663
10,38,3000,85,40,0,103,31,532.0,0.0
10,38,3000,60,36,0,169,32,786.0,0.0
10,38,3000,65,36,1,91,32,550.0,435.1289920395479
10,38,3000,75,41,0,159,32,756.0,0.0
10,38,3000,65,43,1,69,25,430.0,487.5254082027525
10,38,3000,70,43,0,155,27,688.0,0.0
10,38,3000,75,50,1,167,21,472.0,483.7419215997329
10,38,3000,85,50,1,169,23,756.0,600.9932554559904
10,38,3000,75,41,0,119,28,520.0,0.0
10,38,3000,65,37,1,117,25,534.0,481.9876794095508
10,38,3000,65,41,0,111,26,654.0,0.0
10,38,3000,90,38,0,227,34,824.0,0.0
10,38,3000,75,45,1,119,27,648.0,612.2412725144616
10,38,3000,85,42,0,113,29,656.0,0.0
10,38,3000,90,38,1,99,32,510.0,540.5835073927535
10,38,3000,65,49,1,111,20,474.0,233.12158214745412
10,38,3000,65,35,0,107,31,608.0,0.0
10,38,3000,75,35,0,179,36,712.0,0.0
10,38,3000,70,39,1,111,36,676.0,627.6401707644957
10,38,3000,65,39,0,115,35,706.0,0.0
10,38,3000,80,40,1,117,33,718.0,532.3302691852535
10,38,3000,65,37,1,75,31,424.0,538.0154913819676
10,38,3000,90,46,1,113,33,722.0,544.8147816405072
10,38,3000,90,45,0,119,30,792.0,0.0
10,38,3000,75,35,0,149,35,734.0,0.0
10,38,3000,80,37,1,89,35,562.0,528.391718779367
10,38,3000,75,36,1,119,36,642.0,526.6276408733304
10,38,3000,90,42,0,215,34,706.0,0.0
10,38,3000,75,41,0,113,30,594.0,0.0
10,38,3000,90,48,1,117,28,618.0,690.1752595111735
10,38,3000,85,49,0,171,23,580.0,0.0
10,38,3000,70,36,1,91,38,616.0,562.5184338510085
10,38,3000,80,39,0,117,32,650.0,0.0
10,38,3000,90,44,1,161,31,652.0,691.353751606155
10,38,2900,85,44,1,115,26,512.0,561.07509973276
10,38,3000,90,45,0,177,29,782.0,0.0
10,38,2900,65,45,1,149,23,570.0,471.8334929400642
10,38,2900,70,48,0,105,18,548.0,0.0
10,38,2900,60,35,1,85,34,438.0,395.25296108826615
10,38,2900,85,49,0,157,22,566.0,0.0
10,38,2900,65,39,0,219,31,772.0,0.0
10,38,2900,60,41,0,99,25,470.0,0.0
10,38,2900,60,45,0,109,16,414.0,0.0
10,38,2900,80,43,1,97,32,480.0,671.7251539320632
10,38,2900,70,39,1,167,33,746.0,605.8005535855604
10,38,2900,75,41,0,113,27,542.0,0.0
10,38,2900,70,50,1,91,11,288.0,372.6345525244046
10,38,2900,80,45,1,165,23,512.0,593.3310778759887
10,38,2900,75,35,1,109,35,652.0,487.8604317573459
10,38,2900,90,36,0,163,35,584.0,0.0
10,38,2900,90,49,0,163,20,700.0,0.0
10,38,2900,75,46,0,115,28,630.0,0.0
10,38,2900,65,36,1,79,33,530.0,477.9768250186697
10,38,2900,65,47,1,105,18,356.0,193.54198639990454
10,38,2900,80,40,0,153,32,764.0,0.0
10,38,2900,60,42,0,105,30,732.0,0.0
10,38,2900,85,42,0,165,28,760.0,0.0
10,38,2900,65,44,1,115,25,562.0,557.8655378365397
10,38,2900,70,42,1,109,33,616.0,579.2342315074554
10,38,2900,70,44,1,109,28,690.0,576.6856266112151
10,38,2900,85,40,0,109,29,738.0,0.0
10,38,2900,60,48,1,125,23,506.0,472.65108748097595
10,38,2900,65,39,0,169,27,770.0,0.0
10,38,2900,75,37,1,115,32,508.0,579.7224687167287
10,38,2900,65,38,0,211,25,838.0,0.0
10,38,2900,85,39,1,165,25,640.0,456.60131822373194
10,38,2900,85,46,1,155,26,638.0,443.66425549604145
10,38,2900,90,44,0,143,26,628.0,0.0
10,38,2900,75,50,0,165,23,678.0,0.0
10,38,2900,70,40,0,167,29,792.0,0.0
10,38,2900,80,46,0,159,24,556.0,0.0
10,38,2900,85,44,1,75,25,470.0,578.1096036159473
10,38,2900,70,49,1,163,13,410.0,175.17314068429172
10,38,2900,80,50,0,111,21,626.0,0.0
10,38,2900,70,44,1,151,21,532.0,394.4375658208413
10,38,2900,70,46,1,115,24,636.0,428.38634259967375
10,38,2900,80,45,0,221,27,748.0,0.0
10,38,2900,90,41,0,115,32,642.0,0.0
10,38,2900,80,38,1,81,37,576.0,646.9202518136744
10,38,2900,60,42,1,149,23,626.0,336.658673228342
10,38,2900,65,42,1,109,32,668.0,532.6035137423113
10,38,2900,65,45,0,99,15,456.0,0.0
10,38,2900,70,45,0,165,27,916.0,0.0
10,38,2900,85,47,1,101,23,526.0,401.4536040313108
10,38,2900,60,37,0,259,28,690.0,0.0
10,38,2900,90,42,1,105,26,528.0,515.8848832170918
10,38,2900,60,44,1,95,28,500.0,638.2471874238236
10,38,2900,60,46,0,105,18,522.0,0.0
10,38,2900,80,47,0,55,18,446.0,0.0
10,38,2900,75,49,0,129,20,596.0,0.0
10,38,2900,60,42,1,87,27,578.0,506.74414232827047
10,38,2900,90,36,1,85,36,474.0,529.2479604271065
10,38,2900,65,38,1,141,28,648.0,444.83996887944204
10,38,2900,85,39,1,81,35,494.0,618.0542548141307
10,38,2900,80,41,1,171,33,596.0,713.0482713795016
10,38,2900,90,40,0,161,33,676.0,0.0
10,38,2900,75,44,0,167,19,662.0,0.0
10,38,2900,70,40,0,167,35,842.0,0.0
10,38,2900,60,40,0,105,25,516.0,0.0
10,38,2900,90,44,1,111,30,584.0,637.1287757293032
10,38,2900,85,48,1,147,26,512.0,574.208315681414
10,38,2900,60,50,0,209,14,408.0,0.0
10,38,2900,60,49,0,157,17,458.0,0.0
10,38,2900,70,46,0,149,17,486.0,0.0
10,38,2900,85,48,1,103,19,472.0,418.2041745304402
10,38,2900,65,40,1,157,30,720.0,504.38229548762655
10,38,2900,80,37,0,171,35,932.0,0.0
10,38,2900,80,45,1,221,25,638.0,576.0192229758838
10,38,2900,90,37,1,111,37,602.0,581.6195596047014
10,38,2900,70,48,0,161,27,784.0,0.0
10,38,2900,65,50,1,155,18,452.0,400.3762106153696
10,38,2900,65,50,0,115,18,472.0,0.0
10,38,2900,75,40,1,109,31,574.0,571.6498333702996
10,38,2900,65,50,0,109,22,594.0,0.0
10,38,2900,80,41,0,109,26,608.0,0.0
10,38,2900,85,41,0,207,26,634.0,0.0
10,38,2900,80,44,0,111,25,502.0,0.0
10,38,2900,90,40,0,165,34,832.0,0.0
10,38,2900,70,42,1,93,30,462.0,592.2708191918108
10,38,2900,85,50,1,105,18,378.0,439.768265135062
10,38,2900,80,47,1,149,24,442.0,369.73382707754155
10,38,2900,65,46,1,163,20,610.0,293.4848809278113
10,38,2900,90,39,0,105,30,574.0,0.0
10,38,2900,85,39,0,111,31,612.0,0.0
10,38,2900,80,39,1,149,32,730.0,533.3126140959988
10,38,2900,60,40,1,113,24,612.0,424.6794314571524
10,38,2900,65,42,0,155,21,566.0,0.0
10,38,2900,60,43,1,85,27,494.0,484.9914216017082
10,38,2900,60,47,0,169,19,682.0,0.0
10,38,2900,70,35,1,99,35,580.0,557.3653761203084
10,38,2900,85,35,0,151,33,678.0,0.0
10,38,2800,70,39,1,107,30,504.0,656.3377344881267
10,38,2900,60,42,0,209,27,756.0,0.0
10,38,2900,80,44,1,145,26,598.0,595.3137759613812
10,38,2900,60,45,1,115,20,512.0,550.6493580431495
10,38,2900,75,50,0,103,14,446.0,0.0
10,38,2800,75,36,1,157,33,756.0,341.5767390701366
10,38,2800,80,38,0,203,31,728.0,0.0
10,38,2800,65,43,1,105,29,482.0,549.1754778860361
10,38,2800,85,35,0,213,33,720.0,0.0
10,38,2800,90,41,0,103,30,662.0,0.0
10,38,2800,90,48,0,125,21,406.0,0.0
10,38,2800,85,48,1,99,23,456.0,653.6317222589713
10,38,2800,80,36,0,157,34,834.0,0.0
10,38,2800,70,44,1,75,18,344.0,358.88681884212417
10,38,2800,60,43,1,71,25,454.0,449.75147560673827
10,38,2800,75,47,0,163,25,690.0,0.0
10,38,2800,85,37,1,111,33,540.0,491.68985334428027
10,38,2800,85,39,0,151,30,576.0,0.0
10,38,2800,60,45,1,111,22,482.0,483.05175191616803
10,38,2800,85,45,1,99,24,492.0,519.11131858829
10,38,2800,85,49,0,165,21,584.0,0.0
10,38,2800,80,37,1,103,36,548.0,647.8431678833047
10,38,2800,75,40,0,155,26,646.0,0.0
10,38,2800,65,38,1,107,29,640.0,576.4433275410497
10,38,2800,65,43,0,153,24,476.0,0.0
10,38,2800,85,37,0,159,32,700.0,0.0
10,38,2800,80,43,1,161,29,712.0,646.3832416889776
10,38,2800,75,42,0,145,25,566.0,0.0
10,38,2800,75,43,1,97,25,464.0,423.6275388560018
10,38,2800,65,48,0,109,19,492.0,0.0
10,38,2800,75,42,1,117,30,608.0,477.1130361057755
10,38,2800,80,35,0,157,31,760.0,0.0
10,38,2800,70,43,0,107,19,558.0,0.0
10,38,2800,85,38,1,107,30,596.0,531.9912557396476
10,38,2800,90,47,1,129,22,472.0,369.09155981387084
10,38,2800,70,45,0,109,21,468.0,0.0
10,38,2800,80,40,0,105,24,656.0,0.0
10,38,2800,60,37,1,159,23,580.0,294.38328540194846
10,38,2800,75,35,0,111,33,648.0,0.0
10,38,2800,65,39,0,97,23,526.0,0.0
10,38,2800,70,49,1,75,22,452.0,262.24242245073896
10,38,2800,60,36,1,77,29,462.0,438.0461359873126
10,38,2800,90,48,1,107,18,356.0,367.7645381304379
10,38,2800,80,35,0,101,31,570.0,0.0
10,38,2800,70,36,1,101,35,610.0,517.2010822608976
10,38,2800,65,42,0,109,26,648.0,0.0
10,38,2800,90,42,1,101,27,554.0,458.0357183505045
10,38,2800,65,45,0,105,14,416.0,0.0
10,38,2800,80,48,1,155,20,544.0,686.9739354214341
10,38,2800,80,50,0,107,16,352.0,0.0
10,38,2800,80,37,1,117,32,618.0,615.6401308233659
10,38,2800,75,40,0,107,28,642.0,0.0
10,38,2800,75,42,1,155,29,656.0,461.7956591070056
10,38,2800,90,44,0,107,26,622.0,0.0
10,38,2800,60,44,1,149,15,474.0,445.4446161892224
10,38,2800,65,49,0,99,12,398.0,0.0
10,38,2800,60,45,1,57,21,414.0,591.6607487053262
10,38,2800,80,38,0,109,31,600.0,0.0
10,38,2800,85,42,1,107,33,578.0,500.4086355245365
10,38,2800,60,44,0,147,21,610.0,0.0
10,38,2800,90,38,1,161,30,562.0,556.3640876725993
10,38,2800,75,40,0,155,30,716.0,0.0
10,38,2800,90,45,1,111,19,360.0,427.7722350547966
10,38,2800,60,49,0,93,9,370.0,0.0
10,38,2800,80,36,0,89,33,512.0,0.0
10,38,2800,80,38,1,151,31,718.0,514.0271286941678
10,38,2800,65,43,1,105,25,530.0,515.0262829155837
10,38,2800,70,49,1,95,17,380.0,246.4947652324611
10,38,2800,65,41,0,155,26,848.0,0.0
10,38,2800,60,46,1,133,24,466.0,418.03358970585066
10,38,2800,65,47,0,149,18,430.0,0.0
10,38,2800,65,49,0,119,18,534.0,0.0
10,38,2800,90,40,1,77,33,454.0,422.0964485880909
10,38,2800,60,41,0,151,25,634.0,0.0
10,38,2800,80,44,0,55,24,428.0,0.0
10,38,2800,85,40,0,165,27,756.0,0.0
10,38,2800,60,46,1,101,18,346.0,244.13298680158474
10,38,2800,80,49,1,103,17,464.0,257.6010646523129
10,38,2800,90,40,1,111,34,680.0,418.1365705163555
10,38,2800,75,38,1,89,30,540.0,534.7820518041113
10,38,2800,65,39,0,151,30,678.0,0.0
10,38,2800,60,40,0,103,23,568.0,0.0
10,38,2800,60,44,1,75,24,460.0,475.44858994389153
10,38,2800,90,48,0,153,21,500.0,0.0
10,38,2800,75,45,0,167,20,474.0,0.0
10,38,2800,65,45,1,155,22,430.0,415.07692588448407
10,38,2800,60,35,1,105,29,594.0,441.9675325516026
10,38,2800,75,43,1,103,24,526.0,493.21883655650294
10,38,2800,80,43,0,149,30,714.0,0.0
10,38,2800,60,47,1,105,16,378.0,402.35870829475135
10,38,2800,90,50,0,157,19,576.0,0.0
10,38,2800,90,44,0,159,27,706.0,0.0
10,38,2800,80,48,1,101,15,518.0,367.3600433616248
10,38,2800,70,35,0,157,30,888.0,0.0
10,38,2800,60,36,0,161,28,724.0,0.0
10,38,2800,75,37,0,155,36,798.0,0.0
10,38,2800,80,41,1,107,24,430.0,461.01028586071754
10,38,2800,80,46,0,111,25,646.0,0.0
10,38,2800,90,44,1,211,27,616.0,581.1527375120954
10,38,2800,75,47,1,71,22,456.0,490.78533572129083
10,38,2800,70,41,0,105,20,380.0,0.0
10,38,2800,65,47,1,97,14,374.0,272.1742921919585
10,38,2800,75,35,0,145,35,608.0,0.0
10,38,2700,70,40,1,79,31,406.0,456.77128905969556
10,38,2800,90,37,1,99,35,580.0,522.0611884774717
10,38,2700,90,43,1,153,25,624.0,479.2520540704179
10,38,2700,75,50,0,95,18,378.0,0.0
10,38,2700,80,50,1,93,20,398.0,493.9572362058702
10,38,2700,70,36,1,159,31,714.0,373.93028945457326
10,38,2700,85,37,0,157,33,704.0,0.0
10,38,2700,85,40,0,141,24,526.0,0.0
10,38,2700,65,49,0,95,19,324.0,0.0
10,38,2700,70,39,1,99,31,486.0,564.5541958209722
10,38,2700,90,42,1,103,26,504.0,551.4602158875787
10,38,2700,65,40,0,153,33,792.0,0.0
10,38,2700,80,45,0,101,25,542.0,0.0
10,38,2700,70,46,1,71,12,310.0,164.98838525830297
10,38,2700,60,47,1,105,27,568.0,580.0202339946202
10,38,2700,75,38,0,107,27,620.0,0.0
10,38,2700,90,35,1,155,35,660.0,539.953977160027
10,38,2700,90,37,0,107,35,686.0,0.0
10,38,2700,85,37,1,71,33,424.0,539.8745297901486
10,38,2700,70,47,1,149,21,458.0,395.73767494689605
10,38,2700,85,46,0,141,15,534.0,0.0
10,38,2700,80,43,0,187,27,690.0,0.0
10,38,2700,70,44,0,103,24,526.0,0.0
10,38,2700,60,36,0,153,32,728.0,0.0
10,38,2700,80,36,0,145,29,570.0,0.0
10,38,2700,80,39,1,159,32,628.0,660.8757718957194
10,38,2700,60,38,1,151,32,768.0,585.6413407589527
10,38,2700,70,37,0,101,26,644.0,0.0
10,38,2700,65,41,0,153,21,530.0,0.0
10,38,2700,75,49,1,101,21,406.0,343.5925035242141
10,38,2700,60,50,1,147,21,502.0,606.3047113144617
10,38,2700,80,45,0,145,24,478.0,0.0
10,38,2700,90,39,1,85,33,512.0,651.2322195912519
10,38,2700,65,37,1,149,31,720.0,609.71678556141
10,38,2700,75,40,0,107,23,564.0,0.0
10,38,2700,65,43,1,101,24,546.0,451.61653225195573
10,38,2700,70,38,0,101,18,514.0,0.0
10,38,2700,65,44,1,107,19,462.0,419.38593840481553
10,38,2700,75,35,1,103,31,620.0,459.22739049628626
10,38,2700,80,42,0,161,22,564.0,0.0
10,38,2700,85,39,1,159,17,650.0,564.7361478999859
10,38,2700,70,41,0,155,27,588.0,0.0
10,38,2700,85,45,0,151,23,734.0,0.0
10,38,2700,85,35,1,79,37,514.0,480.1451050510766
10,38,2700,60,47,0,103,19,474.0,0.0
10,38,2700,85,42,1,97,27,478.0,478.67494007060935
10,38,2700,85,48,0,131,17,476.0,0.0
10,38,2700,75,41,0,155,27,648.0,0.0
10,38,2700,90,50,1,141,13,362.0,330.4462440244916
10,38,2700,75,38,0,107,26,670.0,0.0
10,38,2700,60,39,1,103,30,570.0,649.8566439918698
10,38,2700,65,35,0,149,33,724.0,0.0
10,38,2700,80,43,0,107,26,636.0,0.0
10,38,2700,70,42,1,143,21,592.0,317.4675729247897
10,38,2700,65,46,1,159,23,522.0,450.14789574549815
10,38,2700,85,50,1,101,21,468.0,547.4156830755906
10,38,2700,70,38,0,149,29,618.0,0.0
10,38,2700,70,37,1,105,32,576.0,550.2582810337159
10,38,2700,60,39,0,183,25,726.0,0.0
10,38,2700,60,42,1,153,24,590.0,512.2427075002909
10,38,2700,80,42,0,103,22,576.0,0.0
10,38,2700,90,50,1,75,22,366.0,582.6907922241112
10,38,2700,75,47,0,107,16,394.0,0.0
10,38,2700,80,40,0,103,27,628.0,0.0
10,38,2700,90,39,1,209,26,606.0,588.9669734179841
10,38,2700,90,38,0,159,31,694.0,0.0
10,38,2700,90,46,1,83,25,416.0,391.1186074357891
10,38,2700,85,42,0,107,28,618.0,0.0
10,38,2700,70,48,1,81,18,288.0,489.9234207177933
10,38,2700,70,47,1,87,15,322.0,241.2600036699227
10,38,2700,70,37,1,121,31,578.0,497.38145916784157
10,38,2700,85,42,1,73,26,450.0,452.53508319287965
10,38,2700,90,44,0,141,18,520.0,0.0
10,38,2700,60,48,0,105,16,454.0,0.0
10,38,2700,80,49,0,135,23,514.0,0.0
10,38,2700,90,50,1,101,21,480.0,565.9650493084956
10,38,2700,60,50,0,197,13,422.0,0.0
10,38,2700,90,35,0,151,32,732.0,0.0
10,38,2700,65,39,0,105,23,594.0,0.0
10,38,2700,70,39,1,97,20,458.0,480.2853085031461
10,38,2700,75,44,0,137,28,586.0,0.0
10,38,2700,80,42,1,95,29,414.0,454.1123132799174
10,38,2700,90,47,1,151,26,536.0,447.1656984957776
10,38,2700,70,50,1,201,23,658.0,599.4669821097409
10,38,2700,75,37,0,205,33,740.0,0.0
10,38,2700,65,37,0,149,25,632.0,0.0
10,38,2700,80,37,1,131,27,446.0,391.737820638895
10,38,2700,75,41,1,99,22,582.0,489.9125834170639
10,38,2700,60,44,0,145,23,628.0,0.0
10,38,2700,85,46,0,105,24,650.0,0.0
10,38,2700,70,49,1,73,17,346.0,272.2003258572404
10,38,2700,80,35,1,103,37,592.0,577.1860603541347
10,38,2700,60,37,0,153,26,724.0,0.0
10,38,2700,65,44,0,155,22,522.0,0.0
10,38,2700,90,37,1,101,33,554.0,504.05583085549995
10,38,2700,75,42,0,107,22,502.0,0.0
10,38,2700,65,50,1,103,13,262.0,376.80635505833635
10,38,2700,90,48,1,153,24,556.0,645.3823241581681
10,38,2700,60,50,0,103,12,246.0,0.0
10,38,2700,80,50,1,125,16,428.0,416.8708979152914
10,38,2700,65,48,0,103,17,552.0,0.0
10,38,2600,60,38,1,93,27,598.0,503.56058875412134
10,38,2600,75,38,0,149,30,712.0,0.0
10,38,2600,75,43,0,99,22,638.0,0.0
10,38,2600,90,37,1,75,28,426.0,556.5640673198778
10,38,2600,80,38,0,193,28,690.0,0.0
10,38,2600,90,49,1,67,17,350.0,258.0554376469981
10,38,2600,65,46,1,109,22,416.0,231.52670929980212
10,38,2600,70,50,0,95,13,364.0,0.0
10,38,2600,60,47,1,89,16,420.0,240.37300967489068
10,38,2600,80,35,0,141,27,638.0,0.0
10,38,2600,85,40,1,97,29,536.0,424.55026024334336
10,38,2600,90,41,1,143,28,658.0,544.6045174454515
10,38,2600,65,44,0,255,24,764.0,0.0
10,38,2600,85,39,1,97,27,498.0,539.8545788798363
10,38,2600,80,50,0,49,17,356.0,0.0
10,38,2600,90,48,0,101,16,376.0,0.0
10,38,2600,75,41,1,145,21,530.0,476.40536905345056
10,38,2600,90,43,1,149,26,438.0,442.0627368287744
10,38,2600,65,48,0,89,15,292.0,0.0
10,38,2600,60,45,1,107,19,366.0,379.64948390708076
10,38,2600,80,45,1,159,22,522.0,570.240965633737
10,38,2600,75,45,0,111,19,526.0,0.0
10,38,2600,70,44,0,147,26,660.0,0.0
10,38,2600,90,35,0,103,33,478.0,0.0
10,38,2600,85,36,0,195,32,744.0,0.0
10,38,2600,60,35,1,147,33,560.0,413.4285554054767
10,38,2600,65,45,0,149,17,592.0,0.0
10,38,2600,85,35,1,97,35,538.0,484.36877819614875
10,38,2600,80,42,0,95,17,474.0,0.0
10,38,2600,90,44,0,103,23,570.0,0.0
10,38,2600,65,46,1,133,16,400.0,223.78517440424412
10,38,2600,90,48,1,99,20,444.0,424.98974885751073
10,38,2600,60,43,1,81,19,358.0,264.1876634081045
10,38,2600,65,42,0,155,23,622.0,0.0
10,38,2600,90,43,0,147,22,470.0,0.0
10,38,2600,60,41,0,193,20,658.0,0.0
10,38,2600,70,42,1,87,30,508.0,474.4541929171898
10,38,2600,70,49,0,139,11,366.0,0.0
10,38,2600,60,46,1,89,19,348.0,287.14761699643594
10,38,2600,65,50,1,71,13,264.0,287.90438203030754
10,38,2600,60,39,1,61,25,450.0,524.2596167016764
10,38,2600,60,37,0,193,26,634.0,0.0
10,38,2600,65,41,0,151,23,664.0,0.0
10,38,2600,65,45,0,195,15,494.0,0.0
10,38,2600,90,36,1,59,30,410.0,388.2749252301434
10,38,2600,70,46,0,97,18,392.0,0.0
10,38,2600,80,42,1,97,20,442.0,348.2662895048574
10,38,2600,80,48,1,117,22,426.0,683.3801677169022
10,38,2600,60,44,1,79,12,256.0,255.64308873627513
10,38,2600,90,44,1,99,20,418.0,531.734940606098
10,38,2600,85,47,1,59,14,292.0,247.2149343519531
10,38,2600,75,48,0,129,13,386.0,0.0
10,38,2600,85,44,1,149,22,492.0,569.650281634375
10,38,2600,70,46,0,97,18,318.0,0.0
10,38,2600,60,48,0,193,15,410.0,0.0
10,38,2600,90,50,0,141,17,462.0,0.0
10,38,2600,75,43,0,149,20,354.0,0.0
10,38,2600,60,42,0,139,14,526.0,0.0
10,38,2600,70,38,1,153,30,680.0,499.61319841869783
10,38,2600,60,39,0,91,15,302.0,0.0
10,38,2600,90,48,0,145,21,574.0,0.0
10,38,2600,70,50,1,67,11,270.0,341.1758534235477
10,38,2600,70,48,1,97,18,332.0,530.6517120683743
10,38,2600,75,48,1,115,19,396.0,600.025960419556
10,38,2600,60,48,1,145,20,446.0,480.05752180434246
10,38,2600,65,35,1,103,30,520.0,460.56223350197496
10,38,2600,75,42,0,103,22,558.0,0.0
10,38,2600,65,44,0,93,18,384.0,0.0
10,38,2600,80,46,1,99,20,438.0,305.2552082660286
10,38,2600,75,50,0,93,14,326.0,0.0
10,38,2600,65,49,1,59,10,168.0,161.45795364597916
10,38,2600,85,50,0,139,17,440.0,0.0
10,38,2600,85,39,1,69,30,460.0,490.7741404935016
10,38,2600,70,35,1,97,30,484.0,380.495354696686
10,38,2600,80,39,0,147,27,720.0,0.0
10,38,2600,80,38,1,99,26,510.0,360.0255776779448
10,38,2600,75,37,0,151,29,676.0,0.0
10,38,2600,80,42,0,101,24,544.0,0.0
10,38,2600,90,42,0,185,25,700.0,0.0
10,38,2600,70,45,1,97,19,398.0,493.08076942319616
10,38,2600,60,42,1,95,23,412.0,386.7797765585407
10,38,2600,85,36,0,101,28,626.0,0.0
10,38,2600,90,44,0,171,20,464.0,0.0
10,38,2600,60,45,1,93,16,330.0,313.98698816103825
10,38,2600,70,46,1,127,21,470.0,336.0829435875605
10,38,2600,90,45,0,141,24,660.0,0.0
10,38,2600,90,47,1,77,18,316.0,397.2262120076675
10,38,2600,80,47,0,187,17,482.0,0.0
10,38,2600,75,39,1,139,30,594.0,553.5645720866875
10,38,2600,60,36,0,103,32,664.0,0.0
10,38,2600,60,39,0,141,24,548.0,0.0
10,38,2600,80,43,1,69,25,492.0,408.819364457098
10,38,2600,70,40,1,97,23,388.0,344.1159654587252
10,38,2600,60,40,0,81,17,360.0,0.0
10,38,2600,80,45,1,95,21,650.0,409.2760075953632
10,38,2600,70,35,0,147,33,648.0,0.0
10,38,2600,85,36,1,67,29,420.0,447.56966017172954
10,38,2500,70,40,0,81,20,364.0,0.0
10,38,2500,70,44,1,93,21,368.0,442.8989438464654
10,38,2600,60,46,0,91,12,320.0,0.0
10,38,2600,80,46,1,139,25,634.0,318.4274663164042
10,38,2600,90,49,0,133,21,522.0,0.0
10,38,2500,75,39,0,133,28,538.0,0.0
10,38,2500,60,40,1,93,14,392.0,239.46224726493233
10,38,2500,75,42,1,87,20,434.0,303.1640116457405
10,38,2500,70,49,0,127,15,358.0,0.0
10,38,2500,70,50,1,101,15,262.0,161.92458305029493
10,38,2500,65,49,1,75,17,330.0,262.6123703208305
10,38,2500,90,44,0,99,23,500.0,0.0
10,38,2500,75,39,1,103,28,540.0,566.5859158271564
10,38,2500,70,41,1,85,22,348.0,450.79758406512923
10,38,2500,80,43,0,141,18,354.0,0.0
10,38,2500,80,47,0,91,20,406.0,0.0
10,38,2500,60,48,0,129,15,408.0,0.0
10,38,2500,70,49,1,71,12,212.0,169.50259998253443
10,38,2500,85,50,0,93,17,388.0,0.0
10,38,2500,65,35,1,89,25,508.0,303.4151332420552
10,38,2500,90,38,0,93,27,536.0,0.0
10,38,2500,65,46,1,177,18,440.0,241.7275633583819
10,38,2500,80,49,1,79,17,218.0,205.73723824309502
10,38,2500,60,38,1,97,21,464.0,406.51688994710736
10,38,2500,80,41,0,135,22,712.0,0.0
10,38,2500,60,47,0,97,15,402.0,0.0
10,38,2500,80,36,1,81,31,478.0,417.590834498987
10,38,2500,90,35,0,99,34,626.0,0.0
10,38,2500,65,37,0,149,24,564.0,0.0
10,38,2500,90,41,0,177,27,592.0,0.0
10,38,2500,60,38,1,89,19,374.0,279.6930960713381
10,38,2500,85,38,1,99,29,558.0,424.96361122105367
10,38,2500,85,50,0,93,13,392.0,0.0
10,38,2500,75,37,1,95,23,430.0,304.07259499520745
10,38,2500,75,41,0,93,22,460.0,0.0
10,38,2500,90,38,0,91,27,524.0,0.0
10,38,2500,90,36,1,137,35,558.0,426.2175566124207
10,38,2500,80,46,1,175,14,486.0,201.03554090845998
10,38,2500,75,48,1,91,18,366.0,414.87535759503504
10,38,2500,80,48,0,97,10,350.0,0.0
10,38,2500,85,37,0,131,27,492.0,0.0
10,38,2500,85,36,1,97,32,550.0,433.50042064447814
10,38,2500,85,36,1,137,33,624.0,495.6583671376596
10,38,2500,60,36,1,133,25,506.0,222.95819789198273
10,38,2500,70,37,0,135,21,526.0,0.0
10,38,2500,70,43,0,83,23,304.0,0.0
10,38,2500,75,39,0,117,28,592.0,0.0
10,38,2500,70,42,1,137,22,496.0,382.63174820039353
10,38,2500,80,41,0,89,14,398.0,0.0
10,38,2500,60,39,0,85,12,326.0,0.0
10,38,2500,80,35,1,97,36,504.0,468.53936479367565
10,38,2500,80,49,0,49,15,258.0,0.0
10,38,2500,65,49,1,77,13,228.0,170.4374535124649
10,38,2500,90,49,1,143,17,396.0,279.903498852137
10,38,2500,80,49,0,85,16,328.0,0.0
10,38,2500,60,36,1,97,30,580.0,474.3063728383461
10,38,2500,90,35,0,123,33,626.0,0.0
10,38,2500,85,37,1,133,28,614.0,413.071645247338
10,38,2500,75,40,0,97,25,532.0,0.0
10,38,2500,75,39,1,79,26,416.0,791.8735018988838
10,38,2500,65,46,0,139,16,402.0,0.0
10,38,2500,65,36,0,131,21,442.0,0.0
10,38,2500,60,50,1,137,11,300.0,245.15031227511736
10,38,2500,80,35,0,99,26,656.0,0.0
10,38,2500,70,41,1,113,27,490.0,557.0470300874757
10,38,2500,80,40,1,187,34,706.0,667.7567189632537
10,38,2500,60,36,1,137,19,458.0,192.60351259866988
10,38,2500,80,45,0,87,18,332.0,0.0
10,38,2500,80,35,0,139,29,628.0,0.0
10,38,2500,80,44,0,133,20,482.0,0.0
10,38,2500,65,38,0,93,22,538.0,0.0
10,38,2500,70,42,0,49,19,350.0,0.0
10,38,2500,90,44,1,97,23,408.0,644.8771351434939
10,38,2500,75,49,1,85,19,386.0,381.2686024870866
10,38,2500,90,49,1,85,15,276.0,147.17730553556666
10,38,2500,80,35,1,67,34,470.0,497.2019359639534
10,38,2500,75,42,0,89,22,366.0,0.0
10,38,2500,80,36,1,137,34,786.0,485.84928018732484
10,38,2500,75,39,0,95,25,522.0,0.0
10,38,2500,80,43,0,95,18,398.0,0.0
10,38,2500,90,42,0,145,23,484.0,0.0
10,38,2500,80,50,1,47,7,162.0,146.30018878940646
10,38,2500,60,46,1,95,16,344.0,275.343543561896
10,38,2500,70,49,1,127,9,272.0,123.44013213342348
10,38,2500,70,48,0,139,14,424.0,0.0
10,38,2500,70,40,0,137,14,370.0,0.0
10,38,2500,80,41,1,93,21,396.0,405.5119014274035
10,38,2500,70,43,1,93,15,286.0,301.8796710727373
10,38,2500,60,43,0,139,19,508.0,0.0
10,38,2500,70,45,1,81,16,324.0,271.574571740194
10,38,2500,80,42,0,135,19,454.0,0.0
10,38,2500,90,44,1,105,24,432.0,518.489184019791
10,38,2500,70,39,0,99,26,502.0,0.0
10,38,2500,80,39,0,95,26,430.0,0.0
10,38,2500,65,38,1,97,16,362.0,248.66108033700598
10,38,2500,60,43,1,137,19,494.0,414.80098910369946
10,38,2500,75,41,0,115,21,534.0,0.0
10,38,2500,60,42,0,141,22,536.0,0.0
10,38,2500,75,47,1,141,11,340.0,169.0615342473789
10,38,2500,80,40,1,93,26,418.0,329.57272160644425
10,38,2500,90,39,0,131,17,454.0,0.0
10,38,2500,60,41,1,91,21,394.0,425.80667265790487
10,38,2500,60,41,0,135,16,522.0,0.0
10,38,2400,90,41,1,137,21,466.0,340.39076929482445
10,38,2400,85,48,0,183,19,466.0,0.0
10,38,2400,65,46,1,107,12,266.0,185.05033410543064
10,38,2400,65,50,0,83,3,84.0,0.0
10,38,2400,70,36,0,115,21,394.0,0.0
10,38,2400,65,36,0,93,20,516.0,0.0
10,38,2400,70,38,1,87,27,292.0,312.6971703037531
10,38,2400,90,42,1,135,20,408.0,341.3029811602886
10,38,2400,85,37,1,63,32,502.0,515.3752016855913
10,38,2400,90,46,1,73,18,308.0,214.12538857165893
10,38,2400,90,46,0,127,16,436.0,0.0
10,38,2400,90,35,1,79,26,450.0,399.1184380370303
10,38,2400,85,48,0,85,14,250.0,0.0
10,38,2400,80,40,0,91,18,354.0,0.0
10,38,2400,90,43,0,133,21,434.0,0.0
10,38,2400,90,44,0,77,18,292.0,0.0
10,38,2400,70,48,1,81,7,200.0,176.50291493446693
10,38,2400,60,50,1,99,9,264.0,210.44281974290533
10,38,2400,90,50,1,85,11,230.0,203.19267980034925
10,38,2400,85,45,0,131,17,476.0,0.0
10,38,2400,60,36,1,61,19,382.0,197.4969900583374
10,38,2400,80,40,1,81,22,334.0,271.7237612613266
10,38,2400,65,40,0,93,16,266.0,0.0
10,38,2400,75,46,1,95,16,328.0,231.8059090151432
10,38,2400,90,48,0,125,15,248.0,0.0
10,38,2400,80,40,0,91,22,522.0,0.0
10,38,2400,70,47,1,125,12,288.0,213.17929870071137
10,38,2400,70,40,1,89,24,408.0,326.93174047738717
10,38,2400,60,40,1,83,11,290.0,227.06149606126056
10,38,2400,60,42,0,87,17,428.0,0.0
10,38,2400,90,42,0,93,13,288.0,0.0
10,38,2400,65,44,0,121,20,386.0,0.0
10,38,2400,60,46,1,89,14,276.0,213.24955817129526
10,38,2400,60,41,0,125,22,516.0,0.0
10,38,2400,90,39,0,93,23,364.0,0.0
10,38,2400,65,41,0,139,20,526.0,0.0
10,38,2400,70,46,1,101,19,298.0,230.24454489709015
10,38,2400,65,50,1,115,13,306.0,332.4163542124999
10,38,2400,90,46,1,107,21,398.0,297.45888117607217
10,38,2400,70,50,1,95,15,364.0,431.29078983973426
10,38,2400,70,50,0,91,13,350.0,0.0
10,38,2400,65,36,1,85,21,280.0,267.85810492276397
10,38,2400,60,37,0,135,23,634.0,0.0
10,38,2400,65,41,1,85,10,240.0,285.65733996125294
10,38,2400,85,38,0,127,24,554.0,0.0
10,38,2400,90,39,0,127,25,526.0,0.0
10,38,2400,80,45,0,91,19,450.0,0.0
10,38,2400,70,48,1,131,15,294.0,251.56656211367203
10,38,2400,85,37,1,95,22,462.0,283.07102556372433
10,38,2400,70,42,1,129,20,420.0,247.7755842860417
10,38,2400,85,43,1,123,24,440.0,412.33933314419426
10,38,2400,90,45,0,75,13,290.0,0.0
10,38,2400,80,46,0,87,17,390.0,0.0
10,38,2400,70,47,0,75,13,206.0,0.0
10,38,2400,90,47,1,69,17,294.0,251.85186403496368
10,38,2400,70,35,1,91,27,518.0,330.33660293254377
10,38,2400,60,35,0,121,25,582.0,0.0
10,38,2400,85,36,0,125,24,480.0,0.0
10,38,2400,60,36,0,127,20,398.0,0.0
10,38,2400,90,38,0,135,25,520.0,0.0
10,38,2400,65,42,1,69,21,296.0,320.3821052001308
10,38,2400,75,43,1,131,20,496.0,441.51072431567275
10,38,2400,60,39,0,177,18,624.0,0.0
10,38,2400,75,42,1,111,19,372.0,332.8472883955879
10,38,2400,60,43,1,69,13,228.0,179.56137415443615
10,38,2400,75,45,1,131,18,390.0,367.0997350973075
10,38,2400,70,42,0,137,23,490.0,0.0
10,38,2400,60,50,1,131,10,294.0,316.38423572235075
10,38,2400,70,50,0,131,16,362.0,0.0
10,38,2400,80,35,1,89,23,506.0,328.4639353184648
10,38,2400,80,40,0,133,22,474.0,0.0
10,38,2400,65,40,0,131,15,472.0,0.0
10,38,2400,80,48,1,93,16,228.0,352.27420610678075
10,38,2400,90,39,0,131,23,440.0,0.0
10,38,2400,75,45,0,47,13,332.0,0.0
10,38,2400,80,48,1,85,9,254.0,211.71367124015129
10,38,2400,85,38,0,129,25,574.0,0.0
10,38,2400,90,40,0,135,15,426.0,0.0
10,38,2400,70,41,1,95,17,484.0,371.28621566945725
10,38,2400,65,44,1,61,14,304.0,394.6587996406218
10,38,2400,85,48,1,137,17,390.0,486.8738569179
10,38,2400,70,43,1,93,12,390.0,219.3069149561687
10,38,2400,60,46,0,133,9,340.0,0.0
10,38,2400,60,35,0,121,21,542.0,0.0
10,38,2400,80,39,1,47,18,292.0,318.88381841668206
10,38,2400,70,36,1,135,29,512.0,392.72434340151744
10,38,2400,70,41,0,87,15,324.0,0.0
10,38,2400,80,46,0,61,15,332.0,0.0
10,38,2400,85,46,0,115,17,374.0,0.0
10,38,2400,90,49,1,85,13,298.0,251.01078695832683
10,38,2400,80,36,1,173,29,628.0,435.92954624725525
10,38,2400,70,36,1,91,31,484.0,417.7862993604036
10,38,2400,60,36,0,91,16,426.0,0.0
10,38,2400,60,38,0,131,19,436.0,0.0
10,38,2400,90,41,1,95,21,504.0,382.6822884335317
10,38,2400,85,38,0,91,22,424.0,0.0
10,38,2400,70,45,0,91,14,226.0,0.0
10,38,2400,80,46,1,87,14,414.0,216.42515060481813
10,38,2300,85,35,1,67,27,382.0,393.39622479597057
10,38,2300,65,38,0,91,15,514.0,0.0
10,38,2300,70,36,0,123,25,420.0,0.0
10,38,2300,70,41,1,91,23,346.0,457.3084096144797
10,38,2400,70,49,0,75,12,238.0,0.0
10,38,2300,80,42,1,91,25,496.0,401.8227455379439
10,38,2400,70,45,1,173,20,498.0,431.6610042484798
10,38,2300,65,38,0,173,18,398.0,0.0
10,38,2300,65,38,1,127,22,490.0,328.3645922847936
10,38,2300,75,44,0,89,19,416.0,0.0
10,38,2300,85,42,1,83,20,454.0,367.2296383403746
10,38,2300,65,45,0,117,18,418.0,0.0
10,38,2300,75,45,0,87,13,332.0,0.0
10,38,2300,90,44,1,91,17,328.0,468.3437224371051
10,38,2300,70,35,1,87,23,438.0,386.9470189289899
10,38,2300,70,36,1,133,26,474.0,347.5559961074709
10,38,2300,85,36,0,85,25,370.0,0.0
10,38,2300,65,39,1,89,17,384.0,431.84681579109406
10,38,2300,60,40,0,107,13,274.0,0.0
10,38,2300,80,43,0,85,15,296.0,0.0
10,38,2300,85,35,1,87,27,336.0,343.30325710872773
10,38,2300,60,48,1,65,16,278.0,341.97245867541665
10,38,2300,90,47,0,223,20,454.0,0.0
10,38,2300,75,41,0,91,21,304.0,0.0
10,38,2300,85,41,1,83,22,382.0,395.84507096715714
10,38,2300,70,36,1,65,24,282.0,247.5924785491132
10,38,2300,80,43,0,77,18,378.0,0.0
10,38,2300,90,50,0,85,14,268.0,0.0
10,38,2300,85,50,0,85,11,366.0,0.0
10,38,2300,65,44,1,91,16,392.0,432.1751262061977
10,38,2300,60,42,1,85,18,304.0,319.4580892955965
10,38,2300,75,37,0,87,21,358.0,0.0
10,38,2300,70,35,0,91,27,634.0,0.0
10,38,2300,85,37,1,81,32,458.0,478.2906247377253
10,38,2300,75,43,0,85,13,326.0,0.0
10,38,2300,90,44,1,83,15,350.0,442.4640216895385
10,38,2300,90,43,1,119,23,382.0,500.1299021905016
10,38,2300,70,49,0,107,11,266.0,0.0
10,38,2300,70,35,0,125,26,618.0,0.0
10,38,2300,80,37,1,125,28,544.0,378.52366091703533
10,38,2300,80,46,1,65,17,272.0,269.0159088569819
10,38,2300,70,47,0,129,12,312.0,0.0
10,38,2300,90,48,0,117,15,298.0,0.0
10,38,2300,65,48,1,81,19,300.0,432.03111385767863
10,38,2300,90,38,0,85,23,356.0,0.0
10,38,2300,60,38,1,87,26,418.0,395.36034480439656
10,38,2300,90,40,1,85,18,382.0,255.7989776519201
10,38,2300,65,43,0,159,22,394.0,0.0
10,38,2300,70,35,1,81,22,430.0,325.0104775347476
10,38,2300,75,48,0,45,10,220.0,0.0
10,38,2300,75,50,1,73,8,210.0,225.31332308026188
10,38,2300,75,38,1,77,20,322.0,340.0415187935866
10,38,2300,60,40,1,93,14,294.0,331.84027719336603
10,38,2300,65,46,0,125,10,320.0,0.0
10,38,2300,85,45,0,129,17,472.0,0.0
10,38,2300,70,48,0,121,8,206.0,0.0
10,38,2300,75,38,0,89,19,510.0,0.0
10,38,2300,90,45,0,127,17,422.0,0.0
10,38,2300,85,50,1,47,7,184.0,124.46135877329179
10,38,2300,75,50,1,113,13,304.0,394.64762631730014
10,38,2300,90,37,0,119,28,534.0,0.0
10,38,2300,65,45,1,71,20,294.0,442.49170197000376
10,38,2300,80,37,1,59,28,316.0,415.0343693465473
10,38,2300,60,36,0,87,25,426.0,0.0
10,38,2300,65,40,1,91,20,490.0,275.1693143461396
10,38,2300,85,40,0,213,21,494.0,0.0
10,38,2300,85,44,1,73,18,356.0,337.2973928840134
10,38,2300,90,46,0,83,16,282.0,0.0
10,38,2300,65,41,0,129,17,450.0,0.0
10,38,2300,65,38,1,85,22,436.0,378.0412382931689
10,38,2300,70,35,1,89,26,524.0,317.1292844865432
10,38,2300,90,39,1,97,26,490.0,539.8705259259361
10,38,2300,80,38,1,127,20,456.0,315.96912976244533
10,38,2300,90,42,0,125,23,502.0,0.0
10,38,2300,90,45,1,95,17,386.0,462.6039112476198
10,38,2300,65,47,0,127,10,288.0,0.0
10,38,2300,70,47,0,87,8,224.0,0.0
10,38,2300,70,36,0,127,24,578.0,0.0
10,38,2300,75,43,1,85,15,276.0,241.20551667295902
10,38,2300,65,47,1,93,11,214.0,168.27871466552588
10,38,2300,75,47,0,87,12,176.0,0.0
10,38,2300,75,50,1,47,8,178.0,226.7426164048939
10,38,2300,60,49,0,89,15,330.0,0.0
10,38,2300,65,49,0,89,11,216.0,0.0
10,38,2300,80,35,1,61,25,354.0,266.73564246183867
10,38,2300,60,41,0,123,17,464.0,0.0
10,38,2300,65,44,0,83,10,278.0,0.0
10,38,2300,65,48,1,89,11,262.0,331.9780516362387
10,38,2300,75,46,1,87,14,294.0,183.41568284268857
10,38,2300,75,49,0,135,15,340.0,0.0
10,38,2300,65,45,1,87,8,254.0,275.9954365346329
10,38,2300,65,35,1,89,24,416.0,442.6153816795151
10,38,2300,75,35,1,89,27,390.0,402.9154704982211
10,38,2300,65,41,0,167,18,334.0,0.0
10,38,2300,85,42,0,117,19,442.0,0.0
10,38,2300,90,47,1,81,14,214.0,231.31801088981643
10,38,2300,75,44,0,199,15,468.0,0.0
10,38,2300,70,49,0,79,11,200.0,0.0
10,38,2300,65,36,1,79,16,368.0,286.5446022350837
10,38,2300,90,39,1,67,20,336.0,363.7215218861634
10,38,2300,75,48,0,117,11,262.0,0.0
10,38,2200,70,38,0,121,26,538.0,0.0
10,38,2300,70,44,0,85,13,280.0,0.0
10,38,2200,70,47,1,85,11,242.0,181.76669153905743
10,38,2200,90,49,1,103,15,312.0,213.50711910847733
10,38,2200,85,44,1,105,22,344.0,459.6774183556663
10,38,2200,65,38,0,119,14,364.0,0.0
10,38,2200,70,49,0,81,12,196.0,0.0
10,38,2200,90,44,0,109,15,344.0,0.0
10,38,2200,65,44,0,119,10,328.0,0.0
10,38,2200,70,37,1,107,15,336.0,253.9156642848424
10,38,2200,80,42,0,97,22,436.0,0.0
10,38,2200,80,44,0,117,12,376.0,0.0
10,38,2200,75,47,1,69,15,316.0,148.28933984449816
10,38,2200,75,49,1,75,19,306.0,306.77637289231893
10,38,2200,70,47,1,89,12,160.0,113.30505395002729
10,38,2200,90,37,0,81,21,446.0,0.0
10,38,2200,90,36,1,73,18,306.0,173.5183403506522
10,38,2200,60,36,1,89,29,406.0,420.39089490487913
10,38,2200,90,47,0,79,13,364.0,0.0
10,38,2200,80,48,1,81,10,266.0,218.72062540059255
10,38,2200,80,48,1,85,13,340.0,437.0834807442563
10,38,2200,85,44,0,87,17,302.0,0.0
10,38,2200,80,35,0,123,19,426.0,0.0
10,38,2200,65,36,1,81,21,312.0,175.67646057653124
10,38,2200,90,36,1,67,31,374.0,323.04219987415433
10,38,2200,70,44,0,41,10,162.0,0.0
10,38,2200,60,46,0,81,6,188.0,0.0
10,38,2200,70,40,1,111,18,396.0,284.77661544555
10,38,2200,85,43,0,85,14,288.0,0.0
10,38,2200,65,47,0,69,11,256.0,0.0
10,38,2200,65,44,1,67,19,330.0,414.11153183414604
10,38,2200,70,36,0,125,25,520.0,0.0
10,38,2200,85,38,0,83,17,322.0,0.0
10,38,2200,85,36,0,125,27,534.0,0.0
10,38,2200,75,39,1,125,16,368.0,333.406104884962
10,38,2200,90,44,1,51,15,186.0,332.3492757803739
10,38,2200,60,49,1,87,13,264.0,210.89810906291873
10,38,2200,85,47,1,85,7,174.0,82.4086121711446
10,38,2200,90,38,0,113,17,298.0,0.0
10,38,2200,80,40,0,77,15,346.0,0.0
10,38,2200,80,41,1,85,16,220.0,263.84241883440785
10,38,2200,80,43,1,59,18,240.0,297.71239533493633
10,38,2200,65,45,0,119,15,376.0,0.0
10,38,2200,60,49,1,65,15,254.0,293.37241838773656
10,38,2200,90,47,0,87,18,406.0,0.0
10,38,2200,85,37,0,81,21,296.0,0.0
10,38,2200,65,39,1,91,21,392.0,393.16342990867645
10,38,2200,80,38,1,81,15,320.0,198.1199461058899
10,38,2200,80,38,1,115,19,392.0,335.74622293706904
10,38,2200,90,42,1,75,23,418.0,348.3295674189974
10,38,2200,70,41,0,77,8,212.0,0.0
10,38,2200,75,43,0,129,14,392.0,0.0
10,38,2200,75,37,0,117,25,552.0,0.0
10,38,2200,90,41,0,105,21,380.0,0.0
10,38,2200,60,41,1,113,20,380.0,386.7983119779203
10,38,2200,75,46,1,81,13,314.0,161.6804242628038
10,38,2200,80,46,0,127,19,340.0,0.0
10,38,2200,60,49,0,139,7,214.0,0.0
10,38,2200,60,48,1,71,11,190.0,301.01046266862295
10,38,2200,75,36,1,79,21,294.0,239.34484475830538
10,38,2200,65,38,0,167,20,508.0,0.0
10,38,2200,70,36,1,67,21,228.0,164.9354063855343
10,38,2200,85,35,0,113,23,432.0,0.0
10,38,2200,80,41,0,173,16,452.0,0.0
10,38,2200,80,42,1,83,21,362.0,268.2309985020035
10,38,2200,65,47,0,85,12,290.0,0.0
10,38,2200,65,46,1,117,22,426.0,272.830701504828
10,38,2200,85,36,0,115,21,496.0,0.0
10,38,2200,85,38,1,67,21,308.0,287.4256744213819
10,38,2200,70,39,1,89,17,260.0,403.8881160085351
10,38,2200,80,44,1,79,18,358.0,461.24450710218764
10,38,2200,65,49,0,61,10,140.0,0.0
10,38,2200,60,45,0,81,11,214.0,0.0
10,38,2200,75,49,1,71,12,220.0,135.52279964575303
10,38,2200,70,41,0,77,19,334.0,0.0
10,38,2200,80,42,0,83,19,402.0,0.0
10,38,2200,65,42,1,99,16,338.0,210.0988678266821
10,38,2200,60,41,0,77,12,292.0,0.0
10,38,2200,90,42,1,81,18,324.0,323.47632285268486
10,38,2200,80,38,1,59,25,396.0,427.9813748814361
10,38,2200,65,50,0,53,6,122.0,0.0
10,38,2200,70,39,1,79,14,236.0,361.3056600780237
10,38,2200,70,38,0,79,18,414.0,0.0
10,38,2200,90,42,1,95,18,400.0,321.4164138581515
10,38,2200,90,45,0,77,10,264.0,0.0
10,38,2200,65,44,1,83,13,274.0,242.0554091146551
10,38,2200,85,46,0,83,18,368.0,0.0
10,38,2200,75,49,1,129,15,388.0,225.92870145382696
10,38,2200,80,41,1,83,15,310.0,290.21343853963623
10,38,2200,70,41,1,81,21,308.0,314.5005859546022
10,38,2200,80,38,0,79,19,392.0,0.0
10,38,2200,80,42,1,87,16,382.0,228.3986198312819
10,38,2200,75,46,0,83,14,206.0,0.0
10,38,2200,60,37,0,83,20,362.0,0.0
10,38,2200,75,47,0,77,13,230.0,0.0
10,38,2200,80,35,0,123,20,432.0,0.0
10,38,2200,65,35,1,65,28,376.0,371.56768119122296
10,38,2200,75,39,0,75,18,354.0,0.0
10,38,2200,60,38,0,43,13,252.0,0.0
10,38,2200,85,40,1,63,23,322.0,368.8256403137806
10,38,2100,60,38,1,113,25,580.0,413.53268144287586
10,38,2200,85,48,1,111,12,258.0,318.5258181035387
10,38,2100,75,37,1,81,27,464.0,476.63946748520397
10,38,2100,90,39,1,79,18,370.0,414.8201031788402
10,38,2100,70,36,0,83,20,444.0,0.0
10,38,2100,75,44,1,119,13,320.0,252.4515736377285
10,38,2100,70,45,0,63,11,166.0,0.0
10,38,2100,85,49,0,71,8,248.0,0.0
10,38,2100,80,49,0,115,15,262.0,0.0
10,38,2100,60,37,1,61,5,110.0,49.379672447704266
10,38,2100,80,38,1,119,21,476.0,379.2336139294097
10,38,2100,80,36,0,121,23,498.0,0.0
10,38,2100,80,41,0,115,14,304.0,0.0
10,38,2100,60,48,1,67,8,190.0,240.56967355818023
10,38,2100,80,50,1,71,13,166.0,262.7307602686256
10,38,2100,70,47,0,73,7,180.0,0.0
10,38,2100,75,39,1,77,14,238.0,264.5407099007086
10,38,2100,65,37,1,93,19,460.0,316.5872905918417
10,38,2100,85,39,0,83,14,276.0,0.0
10,38,2100,85,44,0,91,8,196.0,0.0
10,38,2100,60,43,0,67,8,130.0,0.0
10,38,2100,90,45,0,147,17,416.0,0.0
10,38,2100,70,49,1,117,11,308.0,130.79627462874274
10,38,2100,65,36,0,79,18,294.0,0.0
10,38,2100,90,38,1,77,21,326.0,310.9428528107006
10,38,2100,75,46,1,67,9,196.0,162.80009205838053
10,38,2100,75,47,1,79,12,232.0,134.4879998411834
10,38,2100,60,50,0,111,9,198.0,0.0
10,38,2100,90,49,0,73,7,170.0,0.0
10,38,2100,60,49,1,83,11,250.0,141.33998185864394
10,38,2100,90,36,0,165,24,540.0,0.0
10,38,2100,65,39,0,77,14,284.0,0.0
10,38,2100,75,40,1,85,23,322.0,294.89635753594894
10,38,2100,80,42,1,109,19,406.0,289.375798399128
10,38,2100,90,41,0,123,18,442.0,0.0
10,38,2100,75,43,0,89,15,332.0,0.0
10,38,2100,80,46,1,63,12,192.0,217.90724504813113
10,38,2100,90,36,1,77,23,338.0,239.0497353140126
10,38,2100,65,41,0,107,14,244.0,0.0
10,38,2100,90,35,0,125,23,450.0,0.0
10,38,2100,65,42,1,77,10,166.0,107.68456754847479
10,38,2100,80,45,1,75,15,242.0,404.7632831714048
10,38,2100,85,42,0,83,18,348.0,0.0
10,38,2100,80,50,1,77,10,174.0,240.47592842652762
10,38,2100,90,36,0,83,22,452.0,0.0
10,38,2100,70,36,1,67,20,298.0,255.35361863152303
10,38,2100,75,37,0,101,21,436.0,0.0
10,38,2100,85,41,1,81,8,188.0,131.98149486630945
10,38,2100,80,44,1,93,21,322.0,453.9567238870996
10,38,2100,90,44,0,77,11,262.0,0.0
10,38,2100,90,48,0,81,15,318.0,0.0
10,38,2100,65,38,0,121,21,400.0,0.0
10,38,2100,70,41,1,69,15,220.0,205.50293934869595
10,38,2100,90,38,0,83,15,232.0,0.0
10,38,2100,75,37,1,81,21,318.0,293.9732307039074
10,38,2100,65,41,1,53,16,258.0,301.8301991081714
10,38,2100,80,44,1,75,14,198.0,311.6379634504525
10,38,2100,80,48,0,73,7,164.0,0.0
10,38,2100,60,36,1,79,14,280.0,176.70703086781546
10,38,2100,80,37,0,113,19,396.0,0.0
10,38,2100,70,40,1,117,21,434.0,280.8332588420509
10,38,2100,75,43,0,81,13,310.0,0.0
10,38,2100,60,41,1,51,12,198.0,287.67504403495724
10,38,2100,65,50,0,67,8,232.0,0.0
10,38,2100,75,45,0,75,10,282.0,0.0
10,38,2100,70,41,1,81,12,266.0,171.65502085976175
10,38,2100,80,44,0,109,18,454.0,0.0
10,38,2100,60,40,1,111,19,298.0,355.1425382475626
10,38,2100,90,47,0,95,12,294.0,0.0
10,38,2100,65,47,1,63,11,158.0,186.7470575585565
10,38,2100,85,49,1,89,16,226.0,172.49917792252103
10,38,2100,75,49,0,75,7,182.0,0.0
10,38,2100,80,35,0,79,21,392.0,0.0
10,38,2100,90,36,0,81,20,236.0,0.0
10,38,2100,90,42,1,59,19,256.0,326.7858248422306
10,38,2100,60,43,0,75,7,198.0,0.0
10,38,2100,80,41,0,73,11,246.0,0.0
10,38,2100,75,42,1,67,10,156.0,135.30177288303665
10,38,2100,60,49,1,67,9,190.0,97.42151782455487
10,38,2100,65,35,0,77,16,284.0,0.0
10,38,2100,75,38,1,131,18,354.0,164.4463464333697
10,38,2100,80,40,1,51,11,206.0,186.09132309912076
10,38,2100,75,48,0,81,10,262.0,0.0
10,38,2100,65,41,1,63,12,236.0,284.47120214102387
10,38,2100,70,44,1,83,5,136.0,150.90348546627013
10,38,2100,75,47,0,79,16,304.0,0.0
10,38,2100,60,39,0,121,15,392.0,0.0
10,38,2100,80,40,0,75,14,306.0,0.0
10,38,2100,85,42,1,79,15,302.0,213.97825095660826
10,38,2100,75,46,1,53,13,216.0,165.78053985415323
10,38,2100,60,37,0,117,16,346.0,0.0
10,38,2100,80,45,1,67,17,200.0,375.8147220546343
10,38,2100,70,43,1,75,15,276.0,330.49273652814014
10,38,2100,85,50,0,59,7,98.0,0.0
10,38,2100,90,35,0,77,20,412.0,0.0
10,38,2100,75,44,0,125,8,230.0,0.0
10,38,2100,70,47,1,73,3,74.0,42.24329768297543
10,38,2100,65,38,0,103,22,458.0,0.0
10,38,2100,60,47,1,105,10,330.0,147.1942894090017
10,38,2100,60,46,1,79,11,230.0,78.20643934388902
10,38,2100,85,48,0,81,17,270.0,0.0
10,38,2000,80,47,1,119,20,340.0,277.5030817853304
10,38,2000,60,39,0,107,12,260.0,0.0
10,38,2000,60,41,1,53,10,150.0,199.43937767429793
10,38,2000,75,44,1,75,14,220.0,233.7143311277724
10,38,2000,75,50,1,97,6,196.0,173.3530997046438
10,38,2000,75,49,0,77,16,236.0,0.0
10,38,2000,65,50,0,77,11,200.0,0.0
10,38,2000,80,50,0,49,9,154.0,0.0
10,38,2000,85,36,1,93,21,306.0,238.13237026694983
10,38,2000,75,43,1,89,16,268.0,194.09577647919446
10,38,2000,60,44,0,67,7,108.0,0.0
10,38,2000,60,46,1,69,11,218.0,151.04938246326293
10,38,2000,90,45,1,67,10,188.0,142.221161528738
10,38,2000,60,47,0,65,10,210.0,0.0
10,38,2000,80,46,0,37,7,176.0,0.0
10,38,2000,60,42,0,73,6,108.0,0.0
10,38,2000,65,39,0,115,18,338.0,0.0
10,38,2000,85,43,1,73,13,248.0,279.3255161753809
10,38,2000,80,36,0,115,16,384.0,0.0
10,38,2000,65,45,0,37,7,108.0,0.0
10,38,2000,60,47,1,85,15,240.0,198.22612162209614
10,38,2000,65,48,1,49,7,100.0,164.64197656688646
10,38,2000,85,49,0,109,11,150.0,0.0
10,38,2000,80,50,1,75,8,172.0,256.2443618141891
10,38,2000,85,42,1,109,20,368.0,394.94774948481137
10,38,2000,70,35,0,101,21,410.0,0.0
10,38,2000,65,36,1,79,13,280.0,110.56720292039809
10,38,2000,60,36,1,77,14,218.0,126.37144441313096
10,38,2000,80,38,0,75,16,330.0,0.0
10,38,2000,90,48,0,37,8,138.0,0.0
10,38,2000,80,49,0,107,14,298.0,0.0
10,38,2000,90,43,1,109,13,346.0,305.8908846557568
10,38,2000,80,35,1,65,23,280.0,304.6606170148886
10,38,2000,90,36,0,105,17,334.0,0.0
10,38,2000,60,36,0,113,10,200.0,0.0
10,38,2000,70,47,1,65,10,210.0,106.68049211697893
10,38,2000,75,49,1,49,9,136.0,130.77270481305706
10,38,2000,60,48,1,39,6,138.0,208.23585395055258
10,38,2000,75,47,0,97,10,248.0,0.0
10,38,2000,70,44,0,97,10,138.0,0.0
10,38,2000,80,40,0,69,9,160.0,0.0
10,38,2000,65,39,1,73,14,280.0,350.17012377980507
10,38,2000,75,39,0,101,20,500.0,0.0
10,38,2000,85,48,1,59,9,130.0,274.2366995876343
10,38,2000,65,47,1,73,12,232.0,164.73692700068875
10,38,2000,90,40,1,61,14,236.0,141.623137243283
10,38,2000,75,49,0,73,8,134.0,0.0
10,38,2000,70,36,0,139,23,438.0,0.0
10,38,2000,70,36,1,67,20,234.0,229.84169059527594
10,38,2000,80,37,0,77,16,350.0,0.0
10,38,2000,65,37,0,111,16,294.0,0.0
10,38,2000,60,45,0,69,4,142.0,0.0
10,38,2000,70,48,1,111,12,232.0,207.59811014676723
10,38,2000,65,47,1,71,11,256.0,143.00245553843155
10,38,2000,85,46,1,65,13,220.0,213.07455878533133
10,38,2000,75,41,0,79,13,354.0,0.0
10,38,2000,65,39,1,117,15,274.0,341.9959757828168
10,38,2000,65,43,0,103,14,244.0,0.0
10,38,2000,90,50,0,69,9,184.0,0.0
10,38,2000,65,50,1,71,6,178.0,88.38278714155487
10,38,2000,80,47,0,103,11,236.0,0.0
10,38,2000,75,45,0,67,11,190.0,0.0
10,38,2000,60,50,1,91,8,216.0,220.3136814816284
10,38,2000,75,43,1,113,18,324.0,353.0022679892933
10,38,2000,65,37,0,73,15,342.0,0.0
10,38,2000,70,44,1,81,16,268.0,339.16637076862065
10,38,2000,75,40,1,79,15,214.0,144.99463520104334
10,38,2000,65,43,0,89,10,244.0,0.0
10,38,2000,60,44,1,77,7,152.0,187.53088914180037
10,38,2000,70,50,1,79,15,252.0,359.98659799728904
10,38,2000,85,50,0,63,6,100.0,0.0
10,38,2000,90,38,0,65,15,234.0,0.0
10,38,2000,75,42,0,103,8,208.0,0.0
10,38,2000,85,41,1,109,16,340.0,400.69177377476706
10,38,2000,65,43,1,39,12,226.0,280.5239371400741
10,38,2000,70,48,0,81,12,188.0,0.0
10,38,2000,90,36,0,119,15,288.0,0.0
10,38,2000,75,38,1,107,23,308.0,323.12380630894734
10,38,2000,85,44,1,59,14,228.0,367.8721534665728
10,38,2000,85,47,1,65,10,222.0,163.18080756007666
10,38,2000,85,47,1,51,13,178.0,197.61786430566903
10,38,2000,90,41,0,99,18,352.0,0.0
10,38,2000,60,47,0,39,1,40.0,0.0
10,38,2000,80,37,0,75,10,236.0,0.0
10,38,2000,75,41,0,39,9,184.0,0.0
10,38,2000,85,44,0,71,13,246.0,0.0
10,38,2000,75,44,1,71,13,230.0,292.69913469058093
10,38,2000,65,49,1,33,2,42.0,12.7307445408022
10,38,2000,60,50,1,35,3,108.0,64.02954834063105
10,38,2000,85,49,0,79,6,116.0,0.0
10,38,2000,60,38,0,101,16,352.0,0.0
10,38,2000,90,37,1,63,15,212.0,243.0765054790431
10,38,2000,80,39,1,87,11,280.0,293.9099803568655
10,38,2000,60,44,0,51,11,198.0,0.0
10,38,2000,60,43,0,41,8,148.0,0.0
10,38,2000,65,50,1,91,10,272.0,268.91954423874887
10,38,2000,80,50,1,77,14,210.0,378.3188329487376
10,38,1900,70,35,1,69,19,308.0,272.7475819530822
10,38,1900,75,39,1,79,20,234.0,443.7886316660894
10,38,1900,75,41,0,109,15,252.0,0.0
10,38,1900,90,43,0,37,10,188.0,0.0
10,38,2000,75,42,0,69,6,168.0,0.0
10,38,2000,90,41,0,79,13,258.0,0.0
10,38,2000,60,46,1,53,7,130.0,60.67313296457379
10,38,1900,90,37,1,77,16,232.0,212.2200110126881
10,38,1900,65,37,1,69,10,150.0,133.23064822469502
10,38,1900,75,38,0,69,16,336.0,0.0
10,38,1900,60,50,1,37,6,106.0,104.01055556211213
10,38,1900,90,47,0,65,4,128.0,0.0
10,38,1900,85,48,1,51,6,102.0,168.33765862845942
10,38,1900,60,50,0,111,5,150.0,0.0
10,38,1900,90,40,0,73,17,312.0,0.0
10,38,1900,70,35,0,101,21,310.0,0.0
10,38,1900,60,36,1,101,15,282.0,174.27244857964254
10,38,1900,90,43,1,61,8,142.0,104.09181809961856
10,38,1900,80,39,0,141,18,354.0,0.0
10,38,1900,65,39,1,67,15,280.0,398.07493871880894
10,38,1900,90,46,1,39,9,176.0,127.66671463314385
10,38,1900,70,40,0,71,13,262.0,0.0
10,38,1900,90,37,0,139,19,368.0,0.0
10,38,1900,85,39,1,65,11,228.0,284.4747599982134
10,38,1900,60,36,1,75,15,244.0,157.37184471389452
10,38,1900,85,44,1,55,14,214.0,328.2984887501513
10,38,1900,65,46,0,103,15,286.0,0.0
10,38,1900,90,42,0,143,13,278.0,0.0
10,38,1900,70,49,1,113,12,244.0,164.74592985038984
10,38,1900,80,50,0,71,10,182.0,0.0
10,38,1900,90,35,0,97,22,318.0,0.0
10,38,1900,65,36,1,73,19,414.0,234.22958078512488
10,38,1900,70,43,0,71,13,228.0,0.0
10,38,1900,75,37,0,73,14,238.0,0.0
10,38,1900,60,45,1,67,8,140.0,170.50942611365664
10,38,1900,75,47,0,71,7,208.0,0.0
10,38,1900,90,48,1,65,13,302.0,336.2031904322981
10,38,1900,80,50,1,63,8,140.0,184.15733874123404
10,38,1900,65,39,1,37,10,156.0,242.28337465726923
10,38,1900,65,39,1,65,14,262.0,280.3084028892981
10,38,1900,85,40,1,61,14,170.0,195.0077521071969
10,38,1900,75,48,0,97,11,264.0,0.0
10,38,1900,65,45,1,59,11,114.0,167.17209279815867
10,38,1900,85,46,0,103,10,254.0,0.0
10,38,1900,65,50,0,53,8,192.0,0.0
10,38,1900,65,50,0,69,8,158.0,0.0
10,38,1900,85,42,0,65,12,232.0,0.0
10,38,1900,75,37,1,99,14,290.0,232.22726862475653
10,38,1900,80,41,1,45,10,190.0,250.958920185539
10,38,1900,90,42,0,67,8,174.0,0.0
10,38,1900,80,42,1,63,18,282.0,339.9848048517534
10,38,1900,60,49,1,65,5,162.0,52.78796321595517
10,38,1900,90,49,0,125,12,300.0,0.0
10,38,1900,70,48,0,69,8,178.0,0.0
10,38,1900,90,35,0,65,18,266.0,0.0
10,38,1900,65,40,0,65,15,294.0,0.0
10,38,1900,90,48,1,47,13,156.0,358.9434958626112
10,38,1900,80,49,0,105,12,268.0,0.0
10,38,1900,75,50,0,65,8,126.0,0.0
10,38,1900,60,41,1,45,9,158.0,160.60550410645223
10,38,1900,85,46,1,49,14,246.0,188.49872776643556
10,38,1900,90,39,1,41,12,204.0,238.82279323672032
10,38,1900,90,37,0,71,18,236.0,0.0
10,38,1900,80,39,1,37,13,144.0,305.761765147221
10,38,1900,75,44,1,41,8,122.0,186.65339799354658
10,38,1900,60,43,0,55,7,150.0,0.0
10,38,1900,90,37,1,73,19,280.0,255.74666692051653
10,38,1900,65,38,0,37,9,176.0,0.0
10,38,1900,75,49,0,63,12,184.0,0.0
10,38,1900,80,50,1,49,7,98.0,139.91153840074404
10,38,1900,70,37,0,135,22,410.0,0.0
10,38,1900,85,39,0,67,15,222.0,0.0
10,38,1900,65,41,1,45,10,192.0,251.35451844511667
10,38,1900,75,36,1,47,13,174.0,117.15197677593648
10,38,1900,75,38,1,69,14,258.0,193.74189156998392
10,38,1900,70,40,0,69,20,280.0,0.0
10,38,1900,85,49,0,61,9,206.0,0.0
10,38,1900,70,49,0,67,6,122.0,0.0
10,38,1900,60,49,1,37,3,66.0,44.08936232475482
10,38,1900,65,40,1,69,18,234.0,241.1288059253379
10,38,1900,75,37,1,109,20,404.0,326.9006385804539
10,38,1900,75,38,1,85,19,240.0,228.12972172081572
10,38,1900,85,42,0,75,14,278.0,0.0
10,38,1900,60,43,0,63,12,268.0,0.0
10,38,1900,70,43,1,65,9,154.0,227.97534141261576
10,38,1900,60,50,0,65,4,98.0,0.0
10,38,1900,75,38,0,73,17,282.0,0.0
10,38,1900,65,36,1,69,16,232.0,131.56937490932182
10,38,1900,65,35,1,71,18,330.0,203.08168792489317
10,38,1900,90,38,0,65,14,282.0,0.0
10,38,1900,60,45,1,79,11,130.0,251.3502624024992
10,38,1900,80,38,0,37,13,198.0,0.0
10,38,1900,90,48,1,95,9,220.0,201.06252062148988
10,38,1900,80,43,0,107,16,310.0,0.0
10,38,1900,75,45,0,71,8,166.0,0.0
10,38,1900,90,38,1,55,14,174.0,198.75703215169915
10,38,1900,80,42,0,67,12,196.0,0.0
10,38,1900,70,44,1,65,11,190.0,295.9783948442867
10,38,1900,70,47,1,71,11,248.0,161.74135872570395
10,38,1900,85,49,0,143,12,250.0,0.0
10,38,1900,80,48,0,49,7,122.0,0.0
10,38,1900,65,50,1,59,9,180.0,216.5660492515045
10,38,1800,60,35,1,57,12,170.0,143.47296592712803
10,38,1800,80,37,0,99,10,194.0,0.0
10,38,1800,80,35,0,101,16,296.0,0.0
10,38,1800,85,42,1,69,17,252.0,274.7314482584554
10,38,1900,80,44,0,131,12,256.0,0.0
10,38,1800,80,46,0,63,7,178.0,0.0
10,38,1800,60,50,1,63,9,208.0,263.0040726025187
10,38,1800,75,35,0,67,15,222.0,0.0
10,38,1800,80,35,1,67,16,256.0,245.72121377131276
10,38,1800,70,44,0,129,11,228.0,0.0
10,38,1800,85,42,1,65,13,172.0,217.31210412494136
10,38,1800,70,47,1,59,11,116.0,166.40139722520675
10,38,1800,80,44,0,99,11,224.0,0.0
10,38,1800,90,46,1,67,14,210.0,167.39610375214653
10,38,1800,85,36,0,101,13,200.0,0.0
10,38,1800,70,38,1,67,10,170.0,99.71955204528793
10,38,1800,75,45,0,135,10,208.0,0.0
10,38,1800,65,43,0,87,9,170.0,0.0
10,38,1800,90,46,0,105,13,266.0,0.0
10,38,1800,65,45,1,73,15,210.0,287.20170448972897
10,38,1800,70,43,1,65,12,228.0,241.92343309249952
10,38,1800,85,39,1,67,8,222.0,233.46730147160406
10,38,1800,65,40,0,93,14,348.0,0.0
10,38,1800,60,42,1,63,4,136.0,53.426761482297195
10,38,1800,65,45,1,75,10,140.0,252.6201289819705
10,38,1800,60,46,1,81,8,182.0,96.18045305681211
10,38,1800,80,39,0,141,14,324.0,0.0
10,38,1800,70,45,0,43,7,106.0,0.0
10,38,1800,85,39,0,97,14,278.0,0.0
10,38,1800,80,50,0,61,6,134.0,0.0
10,38,1800,80,47,1,73,16,206.0,255.94051362619618
10,38,1800,85,42,1,57,11,176.0,196.69286135475298
10,38,1800,90,44,0,61,7,96.0,0.0
10,38,1800,80,50,0,69,3,102.0,0.0
10,38,1800,70,47,1,99,7,188.0,58.93277025269842
10,38,1800,70,50,1,51,10,162.0,225.60842536649983
10,38,1800,60,41,1,63,6,130.0,118.1200859515502
10,38,1800,85,36,0,69,15,288.0,0.0
10,38,1800,90,45,0,71,13,232.0,0.0
10,38,1800,90,44,1,31,3,32.0,66.79180779537806
10,38,1800,80,46,0,95,11,270.0,0.0
10,38,1800,75,49,0,67,8,184.0,0.0
10,38,1800,60,50,1,73,12,196.0,289.60993373608267
10,38,1800,80,40,1,61,17,214.0,334.5160214347465
10,38,1800,70,43,0,99,12,238.0,0.0
10,38,1800,70,46,1,69,4,122.0,51.20628158311168
10,38,1800,90,36,1,75,14,252.0,179.58480414461386
10,38,1800,65,35,0,65,11,244.0,0.0
10,38,1800,65,48,0,59,6,140.0,0.0
10,38,1800,70,43,1,85,12,230.0,186.03304421648755
10,38,1800,90,46,1,123,15,282.0,196.66620884925283
10,38,1800,65,49,0,51,7,148.0,0.0
10,38,1800,60,46,0,53,6,158.0,0.0
10,38,1800,90,40,1,49,19,228.0,239.86885647381982
10,38,1800,75,38,0,99,19,318.0,0.0
10,38,1800,70,41,0,51,6,142.0,0.0
10,38,1800,60,44,1,93,17,236.0,236.15306274331223
10,38,1800,65,36,1,81,17,340.0,194.86466888185225
10,38,1800,65,36,0,85,18,316.0,0.0
10,38,1800,65,47,1,59,6,96.0,92.15448296577276
10,38,1800,85,44,1,55,13,142.0,316.83635919035737
10,38,1800,85,49,0,137,12,288.0,0.0
10,38,1800,80,42,0,63,11,188.0,0.0
10,38,1800,70,37,1,97,12,202.0,139.55320240583694
10,38,1800,70,39,0,99,7,166.0,0.0
10,38,1800,90,40,0,61,9,168.0,0.0
10,38,1800,80,44,1,69,6,166.0,127.42467430578273
10,38,1800,75,44,1,67,8,202.0,183.2079185481405
10,38,1800,90,49,1,47,5,118.0,56.80752278880105
10,38,1800,70,38,0,35,10,170.0,0.0
10,38,1800,70,37,1,93,16,334.0,167.79729022367974
10,38,1800,75,35,0,133,16,318.0,0.0
10,38,1800,90,42,1,71,12,226.0,234.1441517392228
10,38,1800,85,47,1,33,7,90.0,80.53634055257318
10,38,1800,90,47,0,69,11,222.0,0.0
10,38,1800,85,37,0,137,12,288.0,0.0
10,38,1800,75,44,0,57,9,152.0,0.0
10,38,1800,90,35,1,67,21,250.0,195.9945654963624
10,38,1800,75,37,1,89,22,248.0,357.34093442225986
10,38,1800,75,48,1,81,6,114.0,149.67137426673074
10,38,1800,75,42,1,111,11,220.0,116.55030046398544
10,38,1800,60,48,0,49,6,114.0,0.0
10,38,1800,65,49,0,75,9,186.0,0.0
10,38,1800,60,50,0,63,7,152.0,0.0
10,38,1800,90,40,1,67,18,262.0,310.25568055559563
10,38,1800,65,45,0,95,9,204.0,0.0
10,38,1800,60,42,0,67,7,200.0,0.0
10,38,1800,85,49,1,63,6,132.0,78.2669819882514
10,38,1800,90,44,1,45,10,190.0,314.29700380137734
10,38,1800,70,49,0,85,6,158.0,0.0
10,38,1800,60,49,0,51,8,144.0,0.0
10,38,1800,70,35,1,41,11,106.0,104.19272839479441
10,38,1800,85,35,1,127,10,268.0,133.7102197164365
10,38,1800,80,47,1,59,12,144.0,127.89837170430346
10,38,1800,65,45,0,95,9,226.0,0.0
10,38,1800,70,46,0,131,17,358.0,0.0
10,38,1800,85,48,0,69,7,172.0,0.0
10,38,1800,90,50,1,47,4,82.0,136.33732532303375
10,38,1800,85,50,0,65,11,196.0,0.0
10,38,1800,70,44,1,67,10,100.0,178.30466796338754
10,38,1700,60,35,0,93,11,244.0,0.0
10,38,1700,60,42,1,125,9,192.0,186.1272442529197
10,38,1700,60,39,0,57,8,164.0,0.0
10,38,1700,80,41,0,101,13,280.0,0.0
10,38,1800,75,48,0,69,6,70.0,0.0
10,38,1700,60,50,1,55,7,124.0,141.99348649981175
10,38,1700,90,46,1,41,6,106.0,56.012751038931924
10,38,1700,75,35,0,71,13,232.0,0.0
10,38,1700,80,42,1,91,11,246.0,129.8288652001407
10,38,1700,85,42,1,49,5,118.0,63.91930876660998
10,38,1700,65,43,1,37,5,58.0,37.3000393694805
10,38,1700,65,45,0,33,4,84.0,0.0
10,38,1700,80,50,1,55,10,154.0,236.04601574318056
10,38,1700,90,50,0,65,8,156.0,0.0
10,38,1700,60,40,0,95,17,300.0,0.0
10,38,1700,60,36,0,101,10,202.0,0.0
10,38,1700,90,36,0,61,9,146.0,0.0
10,38,1700,65,37,0,57,8,182.0,0.0
10,38,1700,90,42,1,39,10,122.0,155.210617480625
10,38,1700,90,48,1,123,8,210.0,258.16197737927587
10,38,1700,80,47,1,65,11,212.0,210.1360452787517
10,38,1700,80,47,1,39,4,72.0,37.758136223761575
10,38,1700,60,40,1,27,4,62.0,50.5790944768304
10,38,1700,80,45,0,95,11,190.0,0.0
10,38,1700,65,46,1,41,10,142.0,155.35195071335298
10,38,1700,70,48,0,59,4,90.0,0.0
10,38,1700,90,38,0,59,12,210.0,0.0
10,38,1700,85,40,0,61,8,150.0,0.0
10,38,1700,90,43,1,65,5,98.0,129.9953363627751
10,38,1700,90,37,1,91,19,302.0,294.2245851829258
10,38,1700,80,39,1,33,4,98.0,116.85401987364676
10,38,1700,75,40,0,65,16,220.0,0.0
10,38,1700,75,42,0,67,13,164.0,0.0
10,38,1700,85,43,1,53,8,120.0,131.71065954079597
10,38,1700,70,49,1,57,8,194.0,104.728233342317
10,38,1700,65,47,0,29,3,82.0,0.0
10,38,1700,70,38,0,53,12,198.0,0.0
10,38,1700,85,36,0,91,16,190.0,0.0
10,38,1700,80,40,0,65,11,184.0,0.0
10,38,1700,60,37,1,63,9,246.0,162.99161904487377
10,38,1700,70,41,0,67,9,162.0,0.0
10,38,1700,60,44,1,61,7,116.0,164.96806636371403
10,38,1700,75,50,1,65,10,178.0,212.8219806915327
10,38,1700,65,49,1,65,6,180.0,53.561826098463065
10,38,1700,65,40,0,83,10,196.0,0.0
10,38,1700,70,38,0,91,10,248.0,0.0
10,38,1700,90,35,0,67,18,378.0,0.0
10,38,1700,85,39,1,63,12,204.0,307.0990782930347
10,38,1700,85,45,0,59,6,94.0,0.0
10,38,1700,75,48,1,79,9,138.0,186.19786507022096
10,38,1700,90,48,1,63,12,160.0,240.3980333943905
10,38,1700,75,50,1,85,6,116.0,119.93958894989203
10,38,1700,90,48,0,95,9,156.0,0.0
10,38,1700,75,42,1,43,9,142.0,141.10679487546125
10,38,1700,90,45,0,85,9,208.0,0.0
10,38,1700,70,42,0,61,8,114.0,0.0
10,38,1700,70,36,0,65,12,174.0,0.0
10,38,1700,80,44,1,93,9,222.0,225.5170850132515
10,38,1700,80,50,1,77,7,170.0,120.71463597078615
10,38,1700,80,50,0,31,6,108.0,0.0
10,38,1700,90,41,1,59,12,174.0,183.05226977400352
10,38,1700,75,50,1,71,11,138.0,256.0267688280646
10,38,1700,80,36,0,71,14,236.0,0.0
10,38,1700,65,40,1,63,10,130.0,134.39777329703762
10,38,1700,60,43,0,81,6,142.0,0.0
10,38,1700,60,39,1,63,11,236.0,299.6233056075253
10,38,1700,75,48,0,67,5,116.0,0.0
10,38,1700,70,36,1,49,11,166.0,91.5942767381713
10,38,1700,70,35,1,59,9,190.0,103.20424404073128
10,38,1700,85,40,1,51,14,244.0,262.80005794705636
10,38,1700,75,43,0,67,9,158.0,0.0
10,38,1700,65,45,0,91,7,158.0,0.0
10,38,1700,90,47,1,57,12,190.0,150.7318532635904
10,38,1700,60,46,0,55,7,140.0,0.0
10,38,1700,60,49,0,67,5,68.0,0.0
10,38,1700,80,35,0,59,13,200.0,0.0
10,38,1700,85,36,1,99,14,190.0,124.83152583501017
10,38,1700,75,40,0,33,7,156.0,0.0
10,38,1700,90,43,0,41,4,104.0,0.0
10,38,1700,60,41,1,39,5,70.0,97.5274233158168
10,38,1700,70,49,1,29,2,30.0,17.91022005414316
10,38,1700,90,42,1,53,8,86.0,155.44091094830068
10,38,1700,70,38,0,51,10,174.0,0.0
10,38,1700,90,39,1,69,12,196.0,290.4229377142336
10,38,1700,85,36,1,41,13,140.0,117.15837076175532
10,38,1700,70,41,0,33,5,98.0,0.0
10,38,1700,70,43,1,83,5,138.0,60.08016164809652
10,38,1700,60,46,0,65,7,154.0,0.0
10,38,1700,85,48,1,67,7,128.0,178.37832566732246
10,38,1700,70,45,0,99,10,182.0,0.0
10,38,1700,60,39,0,81,13,210.0,0.0
10,38,1700,70,35,1,55,12,148.0,114.03196129650847
10,38,1700,80,35,0,63,8,144.0,0.0
10,38,1700,60,40,0,99,9,160.0,0.0
10,38,1700,85,39,1,53,7,138.0,137.74953908722944
10,38,1700,85,41,1,57,10,162.0,226.65502907868117
10,38,1700,70,40,1,59,7,96.0,59.66278117200669
10,38,1700,70,39,0,59,7,138.0,0.0
10,38,1600,60,38,1,59,8,178.0,83.14449572637005
10,38,1600,60,39,1,61,8,164.0,199.11981518233424
10,38,1600,65,44,0,59,6,118.0,0.0
10,38,1600,75,44,0,63,5,118.0,0.0
10,38,1700,60,45,0,79,7,160.0,0.0
10,38,1700,60,48,1,83,6,146.0,174.33365207229514
10,38,1700,85,50,0,65,7,110.0,0.0
10,38,1600,60,36,1,55,12,128.0,72.63089486176523
10,38,1600,75,37,0,89,9,200.0,0.0
10,38,1600,85,41,0,49,5,122.0,0.0
10,38,1600,75,41,1,53,5,118.0,77.74648719893068
10,38,1600,75,41,0,61,9,140.0,0.0
10,38,1600,75,42,1,93,9,272.0,160.33963434097387
10,38,1600,60,46,1,49,6,100.0,70.73637417628868
10,38,1600,70,39,1,53,8,152.0,167.9255620148651
10,38,1600,85,44,0,81,6,172.0,0.0
10,38,1600,70,46,1,43,11,128.0,119.43642699760008
10,38,1600,85,48,0,43,4,90.0,0.0
10,38,1600,80,48,0,83,7,158.0,0.0
10,38,1600,70,50,1,61,8,138.0,194.0799648146419
10,38,1600,75,50,0,63,5,122.0,0.0
10,38,1600,80,36,1,41,11,130.0,85.8575953786447
10,38,1600,75,43,1,57,8,96.0,73.4358591952457
10,38,1600,70,36,1,77,17,226.0,240.51760670023444
10,38,1600,65,48,0,61,6,148.0,0.0
10,38,1600,75,47,1,65,12,134.0,156.42763530045423
10,38,1600,65,49,0,47,6,108.0,0.0
10,38,1600,65,48,0,25,2,50.0,0.0
10,38,1600,85,35,0,55,11,202.0,0.0
10,38,1600,90,40,1,55,6,130.0,100.71656223279591
10,38,1600,65,40,1,35,9,186.0,122.85667778390005
10,38,1600,70,43,1,67,15,164.0,234.34921735982655
10,38,1600,65,48,0,57,7,104.0,0.0
10,38,1600,60,39,0,55,4,80.0,0.0
10,38,1600,60,46,0,57,8,158.0,0.0
10,38,1600,90,36,0,63,11,210.0,0.0
10,38,1600,90,37,1,71,18,332.0,355.69828895107304
10,38,1600,70,40,0,81,10,168.0,0.0
10,38,1600,90,38,1,45,10,86.0,133.22377287761591
10,38,1600,60,41,1,57,13,146.0,217.75482369221714
10,38,1600,70,45,0,55,4,80.0,0.0
10,38,1600,60,47,1,63,5,122.0,64.54571288929309
10,38,1600,75,42,1,31,4,60.0,94.28855790335685
10,38,1600,60,45,1,27,4,52.0,130.41531100338386
10,38,1600,70,38,0,51,5,108.0,0.0
10,38,1600,75,41,1,51,11,112.0,181.5274197353805
10,38,1600,70,41,0,31,2,60.0,0.0
10,38,1600,80,48,0,29,2,48.0,0.0
10,38,1600,80,49,0,31,7,112.0,0.0
10,38,1600,60,35,0,81,8,108.0,0.0
10,38,1600,85,39,1,61,12,168.0,287.34968012922366
10,38,1600,80,39,1,55,6,88.0,147.5646488505265
10,38,1600,80,39,1,93,12,194.0,296.60167644757445
10,38,1600,90,41,0,87,9,192.0,0.0
10,38,1600,90,49,0,27,5,94.0,0.0
10,38,1600,90,49,1,81,7,166.0,75.70732463566638
10,38,1600,80,44,0,43,7,106.0,0.0
10,38,1600,65,38,1,47,8,138.0,121.90167288681074
10,38,1600,65,36,0,53,9,162.0,0.0
10,38,1600,70,39,1,55,12,158.0,218.31079077458116
10,38,1600,70,37,1,107,10,184.0,198.41903923489645
10,38,1600,65,42,1,63,16,214.0,311.9715225840637
10,38,1600,70,49,0,113,5,114.0,0.0
10,38,1600,85,45,0,31,10,138.0,0.0
10,38,1600,65,36,0,59,11,198.0,0.0
10,38,1600,90,35,1,59,15,210.0,200.76822492630768
10,38,1600,75,40,0,59,8,146.0,0.0
10,38,1600,60,42,1,87,14,204.0,185.52570474899449
10,38,1600,65,45,0,53,6,116.0,0.0
10,38,1600,75,45,1,91,12,184.0,215.42476569818172
10,38,1600,75,46,0,89,10,148.0,0.0
10,38,1600,80,38,1,59,18,264.0,258.5658931113224
10,38,1600,60,36,1,63,13,228.0,114.02013087420646
10,38,1600,60,40,0,61,2,62.0,0.0
10,38,1600,80,41,0,75,9,140.0,0.0
10,38,1600,65,42,1,35,8,96.0,146.97800818315528
10,38,1600,90,42,0,55,9,120.0,0.0
10,38,1600,80,50,1,63,9,140.0,201.93451234277714
10,38,1600,85,35,0,31,5,90.0,0.0
10,38,1600,85,41,0,59,8,144.0,0.0
10,38,1600,70,43,0,53,6,112.0,0.0
10,38,1600,90,41,0,31,7,138.0,0.0
10,38,1600,90,47,1,55,9,142.0,107.7003394992864
10,38,1600,70,49,1,31,5,90.0,48.89134010818239
10,38,1600,90,47,1,61,10,148.0,88.93986204838157
10,38,1600,85,36,1,59,15,164.0,167.6577667745905
10,38,1600,75,40,1,31,3,64.0,43.60429096034187
10,38,1600,65,40,0,85,10,182.0,0.0
10,38,1600,90,41,0,57,8,170.0,0.0
10,38,1600,60,39,1,51,9,104.0,209.29486817255497
10,38,1600,80,44,0,47,5,74.0,0.0
10,38,1600,85,50,1,31,3,60.0,49.08677901101774
10,38,1600,70,35,0,63,10,196.0,0.0
10,38,1600,75,37,0,77,12,190.0,0.0
10,38,1600,60,42,0,61,4,62.0,0.0
10,38,1600,90,46,1,47,11,110.0,146.354563828791
10,38,1600,80,39,1,61,11,184.0,256.535099033814
10,38,1600,90,37,1,101,8,174.0,65.8293150363187
10,38,1600,85,41,0,69,13,212.0,0.0
10,38,1500,80,38,0,55,7,118.0,0.0
10,38,1600,70,41,1,55,6,114.0,127.12622267378899
10,38,1600,60,37,0,63,11,234.0,0.0
10,38,1500,65,40,1,43,8,106.0,100.07271224171059
10,38,1600,90,42,0,59,10,198.0,0.0
10,38,1600,60,46,1,71,7,158.0,81.18826892472343
10,38,1500,85,50,1,117,5,140.0,146.81892403580156
10,38,1500,65,36,0,53,10,134.0,0.0
10,38,1500,70,39,1,47,12,130.0,268.2446418133118
10,38,1500,85,38,1,89,11,228.0,144.82612160680088
10,38,1500,65,45,0,77,4,90.0,0.0
10,38,1500,65,42,0,45,6,124.0,0.0
10,38,1500,60,41,0,39,7,96.0,0.0
10,38,1500,60,47,1,45,6,70.0,106.5762608254214
10,38,1500,60,47,1,35,3,62.0,67.30557160402013
10,38,1500,75,40,0,69,9,174.0,0.0
10,38,1500,80,42,1,39,10,138.0,254.1451009058945
10,38,1500,70,43,0,51,5,82.0,0.0
10,38,1500,90,49,0,57,6,96.0,0.0
10,38,1500,60,47,0,25,1,26.0,0.0
10,38,1500,70,48,1,29,2,54.0,70.28712958482788
10,38,1500,70,44,1,59,6,94.0,169.60664811938446
10,38,1500,85,36,1,39,14,164.0,119.67110584410591
10,38,1500,85,36,1,73,8,162.0,74.42547322303061
10,38,1500,70,44,0,59,6,84.0,0.0
10,38,1500,85,43,0,113,9,188.0,0.0
10,38,1500,65,43,1,73,8,158.0,103.89927284519422
10,38,1500,85,50,0,87,7,88.0,0.0
10,38,1500,60,50,1,55,4,94.0,153.42158175116757
10,38,1500,75,37,0,57,11,174.0,0.0
10,38,1500,85,39,1,51,10,150.0,240.00218404332645
10,38,1500,65,42,0,53,4,112.0,0.0
10,38,1500,90,41,1,133,12,252.0,286.9931950430196
10,38,1500,60,44,1,49,5,98.0,158.79690863495372
10,38,1500,90,48,0,87,9,164.0,0.0
10,38,1500,60,46,0,27,2,52.0,0.0
10,38,1500,75,36,1,53,11,150.0,107.63840275579182
10,38,1500,85,37,1,39,8,80.0,93.12564301134003
10,38,1500,65,35,1,51,6,108.0,73.50565245008461
10,38,1500,65,36,0,59,9,176.0,0.0
10,38,1500,75,44,0,47,8,116.0,0.0
10,38,1500,75,48,0,105,6,106.0,0.0
10,38,1500,85,46,1,65,8,116.0,167.49470137291163
10,38,1500,90,49,0,73,3,74.0,0.0
10,38,1500,70,50,1,55,6,106.0,116.4850199337382
10,38,1500,80,35,0,59,12,260.0,0.0
10,38,1500,90,40,0,55,5,134.0,0.0
10,38,1500,70,41,0,29,3,54.0,0.0
10,38,1500,75,45,1,81,7,142.0,120.53589200735429
10,38,1500,65,45,0,41,5,70.0,0.0
10,38,1500,80,50,1,45,8,72.0,161.69259785150436
10,38,1500,75,49,1,33,9,138.0,50.0341827735105
10,38,1500,90,35,1,47,12,172.0,108.40422819179234
10,38,1500,70,43,0,77,7,118.0,0.0
10,38,1500,60,46,0,49,5,90.0,0.0
10,38,1500,85,41,1,53,4,82.0,67.32968933829791
10,38,1500,90,47,1,27,7,98.0,103.22598779633459
10,38,1500,70,50,0,0,0,0.0,0.0
10,38,1500,75,49,1,25,2,36.0,20.955008005074493
10,38,1500,70,37,0,67,7,116.0,0.0
10,38,1500,85,39,1,37,7,92.0,173.49026972757642
10,38,1500,70,43,0,57,6,152.0,0.0
10,38,1500,60,40,0,55,8,148.0,0.0
10,38,1500,70,42,1,53,12,136.0,150.48181442558092
10,38,1500,85,49,0,49,6,74.0,0.0
10,38,1500,60,46,1,65,9,144.0,117.98344326123325
10,38,1500,70,35,1,31,12,162.0,162.76378649937442
10,38,1500,70,38,1,39,11,164.0,160.78539271041797
10,38,1500,70,35,0,103,14,206.0,0.0
10,38,1500,90,43,1,85,7,168.0,64.61436797791163
10,38,1500,65,36,0,53,7,100.0,0.0
10,38,1500,85,46,0,79,5,106.0,0.0
10,38,1500,80,49,1,79,5,80.0,44.05735271585484
10,38,1500,65,50,0,77,7,152.0,0.0
10,38,1500,65,36,1,27,4,38.0,23.668080071727267
10,38,1500,75,38,1,45,9,110.0,57.55599267929802
10,38,1500,60,40,0,59,8,110.0,0.0
10,38,1500,75,43,0,51,6,124.0,0.0
10,38,1500,90,41,0,57,7,134.0,0.0
10,38,1500,60,48,1,73,7,124.0,191.58472031645582
10,38,1500,70,46,1,27,3,44.0,54.154687851903354
10,38,1500,70,35,1,49,13,112.0,170.63642716312762
10,38,1500,70,36,0,27,6,94.0,0.0
10,38,1500,60,38,0,85,9,170.0,0.0
10,38,1500,70,44,0,45,10,104.0,0.0
10,38,1500,85,48,0,23,5,64.0,0.0
10,38,1500,80,45,1,45,7,126.0,128.82146537479935
10,38,1500,75,43,1,53,6,114.0,73.7260985588318
10,38,1500,90,35,1,53,11,160.0,143.8365383022527
10,38,1500,65,40,1,29,5,58.0,88.50625769048766
10,38,1500,75,44,0,81,8,106.0,0.0
10,38,1500,85,44,1,81,9,152.0,210.14189440956298
10,38,1500,75,37,0,53,11,180.0,0.0
10,38,1500,80,40,0,81,13,186.0,0.0
10,38,1500,65,40,1,51,6,88.0,83.48712268865467
10,38,1500,60,50,0,55,5,86.0,0.0
10,38,1500,60,39,1,65,10,168.0,261.3944512637309
10,38,1500,80,40,1,85,13,252.0,203.93507142077237
10,38,1500,65,37,0,41,8,112.0,0.0
10,38,1500,60,40,0,81,10,180.0,0.0
10,38,1500,65,40,1,77,8,102.0,71.83774704878422
10,38,1500,90,50,1,57,7,140.0,184.72380599085983
10,38,1500,80,48,0,33,4,48.0,0.0
10,37,3000,60,38,1,115,25,614.0,464.80030334336425
10,37,3000,70,37,0,115,34,658.0,0.0
10,38,1500,60,49,0,9,1,10.0,0.0
10,37,3000,80,40,0,159,32,710.0,0.0
10,37,3000,60,41,1,219,32,774.0,632.2609518747244
10,37,3000,65,41,1,159,25,646.0,494.87740191287827
10,37,3000,70,44,1,115,29,564.0,650.2343520435104
10,37,3000,85,50,0,111,21,586.0,0.0
10,37,3000,90,37,0,165,30,680.0,0.0
10,37,3000,65,37,1,97,31,510.0,431.145120585468
10,37,3000,90,40,1,117,31,648.0,534.8699133744807
10,37,3000,90,39,0,155,32,740.0,0.0
10,37,3000,80,42,0,117,26,588.0,0.0
10,37,3000,70,44,0,171,27,806.0,0.0
10,37,3000,90,49,1,163,19,424.0,395.9024487204979
10,37,3000,70,38,1,123,33,640.0,510.06407601648914
10,37,3000,70,40,1,81,34,600.0,616.4214241243297
10,37,3000,75,39,1,101,32,530.0,680.5294561380337
10,37,3000,70,39,0,113,31,700.0,0.0
10,37,3000,80,44,0,173,30,718.0,0.0
10,37,3000,70,41,1,103,35,594.0,466.5694372638714
10,37,3000,60,50,0,103,14,426.0,0.0
10,37,3000,85,39,0,179,35,706.0,0.0
10,37,3000,60,40,1,117,24,434.0,289.94609492571965
10,37,3000,60,42,1,117,28,550.0,437.474905520175
10,37,3000,90,44,0,163,28,816.0,0.0
10,37,3000,90,45,0,175,30,690.0,0.0
10,37,3000,65,50,1,103,15,388.0,401.95929630450905
10,37,3000,75,46,0,229,20,776.0,0.0
10,37,3000,80,35,1,71,37,524.0,525.8790918219269
10,37,3000,70,38,0,117,32,622.0,0.0
10,37,3000,90,39,1,117,29,590.0,396.7293330700956
10,37,3000,75,42,0,175,31,844.0,0.0
10,37,3000,60,44,1,109,24,532.0,603.4051684456211
10,37,3000,90,47,0,169,28,560.0,0.0
10,37,3000,85,48,1,111,19,462.0,461.6470864354966
10,37,3000,75,43,0,167,28,686.0,0.0
10,37,3000,90,35,1,111,36,634.0,565.0201409755109
10,37,3000,80,35,0,113,33,534.0,0.0
10,37,3000,75,39,1,107,29,514.0,601.5719077634095
10,37,3000,75,35,0,173,35,836.0,0.0
10,37,3000,80,43,1,75,34,584.0,576.679115765228
10,37,3000,60,47,1,105,25,486.0,453.9461010565167
10,37,3000,80,45,0,143,30,676.0,0.0
10,37,3000,60,36,0,119,34,660.0,0.0
10,37,3000,75,37,0,117,34,688.0,0.0
10,37,3000,80,42,1,111,25,558.0,413.49435733701984
10,37,3000,80,37,0,157,34,712.0,0.0
10,37,3000,60,47,1,115,17,474.0,317.1908269176643
10,37,3000,90,40,0,147,31,770.0,0.0
10,37,3000,85,45,1,173,26,634.0,610.7243521594044
10,37,3000,85,40,1,115,34,580.0,521.8211637012464
10,37,3000,85,40,1,103,28,480.0,432.08928862509543
10,37,3000,65,44,1,107,27,516.0,553.9678476943169
10,37,3000,75,40,0,115,25,630.0,0.0
10,37,3000,85,46,1,119,24,510.0,405.0528170880018
10,37,3000,80,48,0,109,24,626.0,0.0
10,37,3000,85,47,0,101,24,552.0,0.0
10,37,3000,60,35,1,103,25,506.0,338.57851924199156
10,37,3000,85,38,1,79,35,532.0,539.9209465167639
10,37,3000,90,39,0,113,32,518.0,0.0
10,37,3000,75,46,1,111,22,600.0,415.4404221536877
10,37,3000,75,49,0,115,19,530.0,0.0
10,37,3000,70,48,0,173,14,440.0,0.0
10,37,3000,60,47,0,155,17,420.0,0.0
10,37,3000,65,38,0,159,27,778.0,0.0
10,37,3000,65,41,1,169,31,758.0,528.2231665062706
10,37,3000,70,44,1,115,27,624.0,576.413304783227
10,37,3000,65,42,1,95,30,558.0,389.18075348529584
10,37,3000,80,45,1,105,27,590.0,609.4374317713031
10,37,3000,70,43,0,109,26,740.0,0.0
10,37,3000,90,44,0,171,30,750.0,0.0
10,37,3000,85,38,1,79,34,540.0,601.1818849211634
10,37,3000,65,42,0,119,26,732.0,0.0
10,37,3000,85,43,1,171,26,620.0,628.5923429243124
10,37,3000,70,42,0,225,28,784.0,0.0
10,37,3000,85,44,0,203,31,804.0,0.0
10,37,3000,90,44,1,113,24,528.0,487.4304572129017
10,37,3000,70,45,0,177,28,824.0,0.0
10,37,3000,80,42,1,105,30,620.0,455.47662127217046
10,37,3000,85,48,1,113,25,512.0,570.5352819683834
10,37,3000,60,44,0,167,24,830.0,0.0
10,37,3000,75,46,0,117,28,750.0,0.0
10,37,3000,85,49,1,117,22,484.0,282.7554073845637
10,37,3000,65,44,1,109,24,658.0,527.9592906076
10,37,3000,60,50,0,105,22,574.0,0.0
10,37,3000,90,39,0,111,34,660.0,0.0
10,37,3000,60,44,0,167,23,634.0,0.0
10,37,3000,70,48,1,119,24,604.0,559.8446781352961
10,37,3000,70,50,1,147,21,470.0,564.2631075008811
10,37,3000,60,48,0,203,17,572.0,0.0
10,37,3000,90,50,0,105,24,566.0,0.0
10,37,3000,65,50,1,109,16,376.0,609.9206317153735
10,37,3000,75,38,0,165,33,672.0,0.0
10,37,3000,70,38,0,165,33,738.0,0.0
10,37,3000,65,38,1,117,32,754.0,571.4711924805815
10,37,3000,60,46,1,217,23,696.0,406.8008162846953
10,37,3000,60,43,0,111,20,584.0,0.0
10,37,3000,80,41,1,93,31,554.0,557.3468719623811
10,37,3000,60,50,1,101,20,474.0,488.1123180956693
10,37,2900,65,42,0,113,22,698.0,0.0
10,37,2900,90,44,1,153,27,496.0,518.9149218786691
10,37,2900,85,47,0,223,22,646.0,0.0
10,37,2900,75,44,1,107,23,540.0,530.1206365794189
10,37,2900,60,48,1,71,12,238.0,222.03105746724006
10,37,2900,60,48,0,113,23,570.0,0.0
10,37,3000,75,50,0,149,15,432.0,0.0
10,37,2900,75,43,0,111,26,614.0,0.0
10,37,2900,75,43,1,103,29,496.0,419.6746809884045
10,37,2900,90,44,1,109,27,636.0,601.4701001690361
10,37,2900,70,45,0,223,22,800.0,0.0
10,37,2900,65,50,1,91,10,356.0,359.08836431222267
10,37,2900,75,49,1,161,27,594.0,456.4530024325271
10,37,2900,75,42,0,111,32,734.0,0.0
10,37,2900,90,36,1,71,30,418.0,380.27509647124543
10,37,2900,90,37,1,81,34,576.0,592.3186181526758
10,37,2900,70,40,0,113,27,502.0,0.0
10,37,2900,75,47,0,57,18,444.0,0.0
10,37,2900,70,49,1,111,26,516.0,489.43641350007596
10,37,2900,90,48,0,191,18,556.0,0.0
10,37,2900,80,47,0,103,17,460.0,0.0
10,37,2900,85,39,0,97,34,616.0,0.0
10,37,2900,85,37,1,171,34,664.0,608.6501806863329
10,37,2900,70,41,1,111,26,500.0,525.8563252673921
10,37,2900,70,49,1,93,18,430.0,269.0925111453135
10,37,2900,60,43,0,109,31,644.0,0.0
10,37,2900,65,50,0,161,19,630.0,0.0
10,37,2900,60,48,1,115,16,468.0,492.6241758522124
10,37,2900,70,35,0,149,34,798.0,0.0
10,37,2900,80,37,1,109,34,586.0,546.4558538127334
10,37,2900,60,43,1,103,24,606.0,427.4881729277988
10,37,2900,85,45,0,113,28,666.0,0.0
10,37,2900,80,47,1,79,28,426.0,575.8505845951244
10,37,2900,85,48,0,147,21,446.0,0.0
10,37,2900,80,50,0,105,17,418.0,0.0
10,37,2900,80,40,0,111,30,708.0,0.0
10,37,2900,75,40,1,89,31,532.0,574.1974269614283
10,37,2900,70,43,0,159,26,616.0,0.0
10,37,2900,80,50,0,169,22,598.0,0.0
10,37,2900,85,44,1,131,22,484.0,489.64251273607874
10,37,2900,90,47,1,161,25,588.0,433.42680369710433
10,37,2900,60,45,1,103,23,486.0,605.7724900809213
10,37,2900,75,36,0,101,34,674.0,0.0
10,37,2900,90,42,0,111,27,670.0,0.0
10,37,2900,65,45,1,111,25,710.0,515.2907044588674
10,37,2900,60,49,1,179,19,474.0,307.5313898972087
10,37,2900,90,48,1,79,24,466.0,462.0820655949582
10,37,2900,85,45,0,199,28,642.0,0.0
10,37,2900,70,47,0,93,16,398.0,0.0
10,37,2900,85,35,0,105,32,534.0,0.0
10,37,2900,65,37,1,111,35,712.0,538.7919101883047
10,37,2900,80,47,0,165,22,574.0,0.0
10,37,2900,60,44,1,105,22,482.0,640.3564764153039
10,37,2900,85,47,1,103,27,572.0,405.9991743649346
10,37,2900,60,48,0,115,18,420.0,0.0
10,37,2900,75,43,1,143,28,552.0,449.94298032806216
10,37,2900,70,35,1,103,33,546.0,432.0559880409796
10,37,2900,70,42,0,115,20,530.0,0.0
10,37,2900,65,44,1,115,26,570.0,517.8500752339851
10,37,2900,70,46,1,127,19,474.0,299.2123709274481
10,37,2900,85,46,0,167,29,740.0,0.0
10,37,2900,90,46,0,217,25,686.0,0.0
10,37,2900,85,45,0,107,24,600.0,0.0
10,37,2900,80,35,1,75,32,398.0,352.54114212247845
10,37,2900,85,35,0,171,36,758.0,0.0
10,37,2900,75,37,0,113,32,752.0,0.0
10,37,2900,80,38,1,103,32,518.0,526.5651627545919
10,37,2900,80,39,1,157,31,690.0,535.8920741892763
10,37,2900,75,48,1,147,23,574.0,444.3074161515219
10,37,2900,85,49,0,151,20,510.0,0.0
10,37,2900,85,36,1,79,34,506.0,447.3618611265804
10,37,2900,65,36,0,173,35,876.0,0.0
10,37,2900,85,38,1,153,32,656.0,450.2514408620109
10,37,2900,75,41,0,163,27,760.0,0.0
10,37,2900,90,48,0,163,16,520.0,0.0
10,37,2900,70,47,1,107,23,438.0,318.54033957139904
10,37,2900,90,50,0,167,25,690.0,0.0
10,37,2900,65,36,0,145,29,748.0,0.0
10,37,2900,65,40,1,107,24,550.0,548.3607194771065
10,37,2900,70,41,0,107,23,500.0,0.0
10,37,2900,65,42,0,219,26,814.0,0.0
10,37,2900,60,40,1,101,27,562.0,504.57712461815225
10,37,2900,75,37,1,107,29,652.0,441.6051757110022
10,37,2900,70,44,1,163,23,554.0,529.6866578087605
10,37,2900,75,36,0,115,29,732.0,0.0
10,37,2900,90,41,0,159,32,596.0,0.0
10,37,2900,60,44,1,171,26,682.0,662.0416082519981
10,37,2900,70,45,1,103,27,726.0,524.2698801500719
10,37,2900,90,46,0,153,24,690.0,0.0
10,37,2900,65,47,1,161,25,576.0,539.0280564195131
10,37,2900,85,45,0,157,25,602.0,0.0
10,37,2900,65,38,1,171,31,732.0,620.1372926162115
10,37,2900,80,35,1,107,34,476.0,515.9015241767504
10,37,2900,70,39,0,109,24,602.0,0.0
10,37,2900,80,38,0,113,28,596.0,0.0
10,37,2900,70,42,1,105,28,602.0,518.9041448011651
10,37,2900,70,48,0,141,19,446.0,0.0
10,37,2900,75,46,1,107,24,516.0,451.87223848918296
10,37,2800,90,38,0,151,30,640.0,0.0
10,37,2900,75,38,1,171,33,648.0,609.0885909700239
10,37,2800,75,43,0,149,20,520.0,0.0
10,37,2900,80,46,0,159,22,552.0,0.0
10,37,2800,70,44,1,155,17,452.0,526.3105946439152
10,37,2900,60,46,0,167,25,572.0,0.0
10,37,2800,75,42,1,81,23,368.0,324.83996888037206
10,37,2800,65,41,0,213,27,800.0,0.0
10,37,2800,90,40,0,159,26,452.0,0.0
10,37,2800,75,41,1,155,26,516.0,440.9864000948213
10,37,2800,90,42,1,105,30,544.0,526.1953059889147
10,37,2800,65,47,1,161,22,644.0,379.0177783853379
10,37,2800,60,46,1,97,23,558.0,445.5386952594069
10,37,2800,90,47,0,155,22,504.0,0.0
10,37,2800,65,37,1,75,26,466.0,402.50767908906005
10,37,2800,80,37,0,159,20,484.0,0.0
10,37,2800,75,38,1,97,31,520.0,454.19171463213826
10,37,2800,75,41,0,101,25,500.0,0.0
10,37,2800,80,49,0,105,17,398.0,0.0
10,37,2800,75,47,1,109,24,558.0,387.8237180348206
10,37,2800,80,50,0,149,15,398.0,0.0
10,37,2800,90,35,0,101,35,558.0,0.0
10,37,2800,60,38,0,107,27,612.0,0.0
10,37,2800,70,39,1,99,29,530.0,592.1529470026167
10,37,2800,80,45,1,157,28,538.0,665.0655862082069
10,37,2800,65,42,1,109,23,604.0,416.46053554101616
10,37,2800,75,45,1,141,21,712.0,565.5042696694859
10,37,2800,65,48,0,155,21,552.0,0.0
10,37,2800,60,36,0,157,27,732.0,0.0
10,37,2800,60,37,1,97,33,574.0,639.8084588221075
10,37,2800,75,37,1,109,34,710.0,509.68332493491624
10,37,2800,85,41,1,107,32,636.0,663.8139498811847
10,37,2800,90,40,0,151,26,602.0,0.0
10,37,2800,65,50,0,123,15,468.0,0.0
10,37,2800,90,46,0,165,23,678.0,0.0
10,37,2800,75,38,1,77,28,474.0,495.2866542614999
10,37,2800,90,41,1,111,31,520.0,593.1433527613551
10,37,2800,65,42,1,105,18,514.0,435.3884161745394
10,37,2800,90,42,0,109,23,600.0,0.0
10,37,2800,80,46,1,77,19,354.0,232.99914919209863
10,37,2800,90,45,0,131,25,574.0,0.0
10,37,2800,70,49,0,95,16,386.0,0.0
10,37,2800,70,38,1,109,32,580.0,511.7802035078851
10,37,2800,70,40,0,159,26,710.0,0.0
10,37,2800,85,36,1,103,33,560.0,418.3983758176023
10,37,2800,60,39,0,107,24,674.0,0.0
10,37,2800,65,45,0,143,21,540.0,0.0
10,37,2800,80,45,0,103,22,510.0,0.0
10,37,2800,80,48,1,157,25,574.0,638.1042348221733
10,37,2800,80,37,0,161,31,768.0,0.0
10,37,2800,75,39,1,93,29,518.0,546.005535636738
10,37,2800,75,43,0,159,29,824.0,0.0
10,37,2800,80,42,1,163,27,650.0,568.4172400784796
10,37,2800,75,44,1,109,26,550.0,653.0350338515676
10,37,2800,70,49,0,105,16,414.0,0.0
10,37,2800,65,49,1,103,21,398.0,332.651215602889
10,37,2800,85,35,0,101,32,586.0,0.0
10,37,2800,70,41,1,111,22,556.0,296.2623322986508
10,37,2800,70,36,0,151,30,728.0,0.0
10,37,2800,85,40,0,109,27,676.0,0.0
10,37,2800,60,45,1,111,17,420.0,458.9649408462584
10,37,2800,90,47,1,91,19,288.0,292.86249272490574
10,37,2800,75,47,0,109,22,524.0,0.0
10,37,2800,60,37,1,161,31,822.0,504.5356701594191
10,37,2800,70,41,1,111,23,580.0,509.41887516084205
10,37,2800,65,43,1,147,24,508.0,361.94714817906765
10,37,2800,75,44,0,101,21,432.0,0.0
10,37,2800,75,44,0,151,27,622.0,0.0
10,37,2800,75,50,1,95,10,266.0,248.56699529581192
10,37,2800,90,50,0,109,16,350.0,0.0
10,37,2800,90,37,1,109,35,578.0,592.7315472617721
10,37,2800,85,37,0,201,34,822.0,0.0
10,37,2800,60,41,0,145,31,660.0,0.0
10,37,2800,60,39,1,161,30,712.0,640.7056727141618
10,37,2800,60,49,0,201,27,834.0,0.0
10,37,2800,60,47,1,109,20,426.0,315.1591895383296
10,37,2800,70,46,0,109,18,468.0,0.0
10,37,2800,80,36,0,157,34,738.0,0.0
10,37,2800,75,42,1,97,25,422.0,364.2612280126572
10,37,2800,65,42,1,105,22,480.0,415.5429693172786
10,37,2800,90,44,0,153,26,704.0,0.0
10,37,2800,85,45,1,153,24,544.0,569.0620408969316
10,37,2800,60,49,1,153,11,322.0,178.21556726314304
10,37,2800,70,49,0,141,20,600.0,0.0
10,37,2800,60,38,0,159,21,594.0,0.0
10,37,2800,70,39,1,79,30,574.0,558.2534901568864
10,37,2800,70,38,0,103,31,658.0,0.0
10,37,2800,85,42,1,75,28,430.0,625.4707800178448
10,37,2800,60,48,0,109,15,494.0,0.0
10,37,2800,85,47,1,143,23,510.0,436.12756200099295
10,37,2800,60,48,0,155,18,498.0,0.0
10,37,2800,75,36,1,99,35,540.0,468.3663869428762
10,37,2800,85,39,0,107,27,590.0,0.0
10,37,2800,70,38,1,147,27,640.0,545.5846086895128
10,37,2800,90,45,1,105,26,582.0,557.4510934675362
10,37,2800,90,47,0,101,21,436.0,0.0
10,37,2800,65,50,1,147,16,582.0,360.5747594949771
10,37,2800,80,47,0,147,20,536.0,0.0
10,37,2800,65,36,0,103,25,482.0,0.0
10,37,2800,60,38,1,107,28,616.0,538.4230887539564
10,37,2700,65,43,0,155,20,588.0,0.0
10,37,2700,60,47,1,71,18,286.0,271.6603172654455
10,37,2800,85,43,0,151,27,698.0,0.0
10,37,2800,60,39,0,163,21,678.0,0.0
10,37,2800,80,49,1,105,25,570.0,353.7145921831459
10,37,2700,85,36,0,151,28,568.0,0.0
10,37,2700,60,37,1,57,17,410.0,283.80530066941395
10,37,2700,85,41,0,103,27,508.0,0.0
10,37,2700,80,40,0,147,25,506.0,0.0
10,37,2700,85,37,1,101,26,522.0,403.815208399734
10,37,2700,65,42,1,99,27,556.0,405.76162451401075
10,37,2700,90,41,1,147,31,640.0,470.7286863981485
10,37,2700,70,36,0,153,29,592.0,0.0
10,37,2700,70,39,1,153,28,608.0,630.1452276198196
10,37,2700,75,39,0,191,27,576.0,0.0
10,37,2700,60,42,1,79,23,348.0,267.7312056308638
10,37,2700,85,47,1,81,23,384.0,364.5224046598653
10,37,2700,70,50,1,99,19,418.0,532.5223292728992
10,37,2700,70,49,0,83,10,242.0,0.0
10,37,2700,80,48,0,99,17,392.0,0.0
10,37,2700,75,43,0,131,22,446.0,0.0
10,37,2700,75,38,0,153,27,658.0,0.0
10,37,2700,80,42,1,101,19,386.0,432.7647663930025
10,37,2700,70,48,0,151,21,604.0,0.0
10,37,2700,65,50,1,93,8,230.0,193.1074073909695
10,37,2700,90,44,1,149,22,512.0,615.4692479546774
10,37,2700,85,48,0,151,20,572.0,0.0
10,37,2700,75,35,0,101,28,560.0,0.0
10,37,2700,80,42,1,147,29,476.0,494.055985528397
10,37,2700,60,47,1,137,14,388.0,172.60057739774481
10,37,2700,65,48,1,89,20,374.0,601.6097775684942
10,37,2700,70,43,0,99,16,504.0,0.0
10,37,2700,70,50,1,101,20,544.0,491.51034924320254
10,37,2700,65,50,0,103,15,396.0,0.0
10,37,2700,85,38,1,75,31,468.0,431.84423433363463
10,37,2700,90,39,1,67,26,442.0,667.2947208561633
10,37,2700,85,44,0,143,22,542.0,0.0
10,37,2700,90,48,0,155,21,490.0,0.0
10,37,2700,75,39,0,149,25,688.0,0.0
10,37,2700,70,40,1,141,29,644.0,515.3672137997763
10,37,2700,70,41,0,101,21,448.0,0.0
10,37,2700,90,45,1,107,25,524.0,647.4882380118643
10,37,2700,80,37,0,155,32,592.0,0.0
10,37,2700,70,40,1,101,25,552.0,413.581807986732
10,37,2700,65,44,0,97,23,494.0,0.0
10,37,2700,85,39,1,89,27,526.0,486.0901781115133
10,37,2700,90,40,0,103,35,566.0,0.0
10,37,2700,85,40,1,105,29,470.0,469.53270186569796
10,37,2700,85,45,1,105,23,360.0,377.3248884206777
10,37,2700,60,49,0,103,17,412.0,0.0
10,37,2700,60,43,0,105,21,574.0,0.0
10,37,2700,70,35,0,151,25,560.0,0.0
10,37,2700,70,37,1,87,27,420.0,474.74655100748794
10,37,2700,90,43,1,155,28,518.0,563.3871965857957
10,37,2700,90,45,0,105,25,578.0,0.0
10,37,2700,75,41,1,105,19,538.0,402.1763149027031
10,37,2700,80,49,0,117,20,566.0,0.0
10,37,2700,85,46,1,91,20,324.0,385.1507016656585
10,37,2700,65,42,0,209,12,406.0,0.0
10,37,2700,80,36,1,65,23,378.0,316.45233291303526
10,37,2700,90,40,0,157,23,584.0,0.0
10,37,2700,65,45,0,143,24,636.0,0.0
10,37,2700,90,45,1,83,28,426.0,608.0326057370577
10,37,2700,80,47,1,99,30,540.0,372.5318497577169
10,37,2700,90,50,0,95,16,426.0,0.0
10,37,2700,70,44,1,105,19,404.0,385.8905028960191
10,37,2700,60,50,0,97,13,438.0,0.0
10,37,2700,70,37,1,83,31,520.0,496.34149518137053
10,37,2700,90,37,1,99,33,502.0,480.43243327327866
10,37,2700,75,38,0,143,29,590.0,0.0
10,37,2700,85,39,0,151,31,720.0,0.0
10,37,2700,90,45,1,105,18,502.0,412.631791493157
10,37,2700,75,50,0,95,16,490.0,0.0
10,37,2700,70,38,0,149,28,750.0,0.0
10,37,2700,65,37,1,73,29,502.0,482.54921539536434
10,37,2700,60,47,1,85,23,386.0,361.81925392748445
10,37,2700,75,44,0,153,26,716.0,0.0
10,37,2700,65,50,1,93,21,400.0,604.02254832875
10,37,2700,75,47,0,159,23,512.0,0.0
10,37,2700,85,47,1,103,20,362.0,236.15303427143982
10,37,2700,90,36,0,101,28,504.0,0.0
10,37,2700,75,36,0,143,25,606.0,0.0
10,37,2700,60,39,0,143,29,636.0,0.0
10,37,2700,75,40,1,103,23,526.0,423.33659930546884
10,37,2700,80,41,1,97,27,532.0,551.0139491193211
10,37,2700,60,40,1,103,26,542.0,372.18700279877726
10,37,2700,90,41,1,137,28,618.0,594.5129035234978
10,37,2700,85,49,0,101,18,410.0,0.0
10,37,2700,90,42,0,151,22,570.0,0.0
10,37,2700,75,44,1,99,31,598.0,767.2277584792107
10,37,2700,90,42,1,99,29,470.0,389.8461802664692
10,37,2700,65,43,0,147,22,614.0,0.0
10,37,2700,60,47,1,123,18,452.0,222.97792736486977
10,37,2700,70,42,0,101,26,532.0,0.0
10,37,2700,80,45,0,95,19,396.0,0.0
10,37,2700,60,47,1,105,17,454.0,328.1338268747358
10,37,2700,75,36,0,149,30,628.0,0.0
10,37,2700,90,38,0,139,31,738.0,0.0
10,37,2700,85,41,1,143,26,576.0,497.8585245977879
10,37,2700,90,45,1,103,23,426.0,253.87388599157956
10,37,2700,75,50,1,91,21,358.0,624.764608301396
10,37,2700,65,49,0,107,18,484.0,0.0
10,37,2700,75,50,0,159,13,404.0,0.0
10,37,2600,70,44,1,103,18,386.0,379.73111905218053
10,37,2600,60,36,1,69,34,418.0,502.57896034058473
10,37,2600,85,38,0,101,27,654.0,0.0
10,37,2600,70,37,1,143,33,558.0,564.911851240561
10,37,2600,70,41,1,89,21,488.0,457.9911699457149
10,37,2600,70,38,0,97,18,426.0,0.0
10,37,2600,65,49,0,103,15,376.0,0.0
10,37,2600,70,37,0,147,22,566.0,0.0
10,37,2600,85,38,0,181,26,558.0,0.0
10,37,2600,70,46,1,93,24,300.0,277.7077431358343
10,37,2600,70,43,0,97,16,370.0,0.0
10,37,2600,80,42,0,149,16,518.0,0.0
10,37,2600,80,49,1,233,13,454.0,275.9026013845876
10,37,2600,85,44,1,91,19,336.0,406.1867780688692
10,37,2600,60,49,1,81,14,286.0,241.21945458971368
10,37,2600,65,45,0,99,16,374.0,0.0
10,37,2600,80,36,1,101,29,570.0,429.78015700738297
10,37,2600,65,38,0,97,30,538.0,0.0
10,37,2600,85,41,1,105,24,502.0,536.3114393921775
10,37,2600,70,37,0,123,21,588.0,0.0
10,37,2600,90,44,0,95,18,464.0,0.0
10,37,2600,70,48,1,93,14,392.0,443.70416853066143
10,37,2600,90,37,1,103,30,562.0,454.97104894284666
10,37,2600,80,42,0,135,21,540.0,0.0
10,37,2600,90,41,0,145,27,578.0,0.0
10,37,2600,75,46,1,99,26,418.0,354.4537540456877
10,37,2600,85,44,1,143,23,478.0,491.44293292288734
10,37,2600,70,50,1,139,22,478.0,666.1278142418345
10,37,2600,90,50,0,93,16,422.0,0.0
10,37,2600,60,36,0,101,27,584.0,0.0
10,37,2600,75,37,1,143,28,518.0,434.39028466487866
10,37,2600,85,40,0,99,29,570.0,0.0
10,37,2600,75,39,1,141,27,678.0,570.7453266449659
10,37,2600,85,43,0,101,16,368.0,0.0
10,37,2600,70,40,1,101,21,440.0,319.1676379880317
10,37,2600,90,42,0,87,22,404.0,0.0
10,37,2600,75,35,0,147,30,628.0,0.0
10,37,2600,65,35,0,189,22,712.0,0.0
10,37,2600,75,41,0,145,25,632.0,0.0
10,37,2600,80,44,1,79,18,324.0,359.97950027075007
10,37,2600,85,43,1,99,20,452.0,411.8725886784415
10,37,2600,75,44,1,97,22,450.0,461.84613020967026
10,37,2600,65,46,1,71,16,304.0,141.14351763936315
10,37,2600,90,46,0,149,23,558.0,0.0
10,37,2600,80,35,1,197,33,640.0,534.7226575022166
10,37,2600,60,41,0,93,14,328.0,0.0
10,37,2600,60,39,1,97,19,470.0,387.4608719076401
10,37,2600,80,40,0,151,27,772.0,0.0
10,37,2600,60,49,1,87,10,204.0,140.24409615518522
10,37,2600,85,47,0,145,18,546.0,0.0
10,37,2600,80,35,1,101,34,634.0,389.4036742860315
10,37,2600,75,36,1,151,31,700.0,439.9100243156147
10,37,2600,80,48,1,155,18,360.0,337.63443886887285
10,37,2600,85,47,0,101,18,454.0,0.0
10,37,2600,85,35,0,145,30,628.0,0.0
10,37,2600,90,48,0,145,18,450.0,0.0
10,37,2600,60,48,1,75,14,310.0,357.50350586727996
10,37,2600,85,49,0,129,12,308.0,0.0
10,37,2600,85,36,1,149,30,576.0,421.538774034884
10,37,2600,80,41,0,149,26,568.0,0.0
10,37,2600,80,40,1,61,22,282.0,312.96193972071865
10,37,2600,75,44,0,141,16,402.0,0.0
10,37,2600,90,39,1,91,31,502.0,473.6750219835792
10,37,2600,85,50,1,91,16,328.0,417.95955748800145
10,37,2600,80,50,0,127,20,598.0,0.0
10,37,2600,60,41,0,131,20,414.0,0.0
10,37,2600,75,43,1,145,22,494.0,363.57427102807134
10,37,2600,60,44,0,133,16,402.0,0.0
10,37,2600,85,41,0,151,29,708.0,0.0
10,37,2600,65,40,0,135,23,538.0,0.0
10,37,2600,65,45,1,93,20,396.0,447.69966911641313
10,37,2600,70,46,1,145,22,392.0,355.52687441645946
10,37,2600,70,50,1,85,13,266.0,410.2847235557956
10,37,2600,60,37,0,145,26,548.0,0.0
10,37,2600,80,41,1,137,29,648.0,575.8730140377583
10,37,2600,85,43,0,103,17,382.0,0.0
10,37,2600,70,44,1,95,18,348.0,366.1026095722411
10,37,2600,65,48,1,193,16,522.0,378.361394210974
10,37,2600,80,45,0,103,24,418.0,0.0
10,37,2600,60,38,1,103,21,470.0,302.4887032071584
10,37,2600,60,46,0,99,16,472.0,0.0
10,37,2600,80,46,0,89,13,278.0,0.0
10,37,2600,90,39,0,125,26,612.0,0.0
10,37,2600,70,42,0,139,24,406.0,0.0
10,37,2600,80,42,1,143,21,530.0,221.76835860179577
10,37,2600,70,41,0,101,18,440.0,0.0
10,37,2600,75,49,1,121,19,486.0,312.543529118689
10,37,2600,65,48,1,147,16,484.0,337.05268511868604
10,37,2600,85,46,1,97,22,416.0,323.8449836101953
10,37,2600,75,42,1,89,20,364.0,275.40533408101624
10,37,2600,75,45,0,93,16,364.0,0.0
10,37,2600,65,43,0,89,23,414.0,0.0
10,37,2600,65,49,0,97,11,234.0,0.0
10,37,2600,70,45,1,85,20,414.0,402.2429438901494
10,37,2600,60,44,1,139,15,318.0,322.4461023756753
10,37,2600,60,48,0,101,10,278.0,0.0
10,37,2600,60,36,1,137,30,588.0,440.36011190711565
10,37,2500,75,37,1,135,30,576.0,490.86638581361996
10,37,2500,75,45,0,145,22,530.0,0.0
10,37,2600,85,50,0,93,20,446.0,0.0
10,37,2500,65,49,1,137,15,342.0,195.47314365998713
10,37,2600,90,48,0,95,15,404.0,0.0
10,37,2600,65,49,1,99,15,336.0,195.7632975909721
10,37,2500,90,46,0,147,17,420.0,0.0
10,37,2500,90,40,0,135,21,436.0,0.0
10,37,2500,80,46,1,89,15,398.0,357.32333080912167
10,37,2500,90,39,1,91,26,512.0,420.00265094406365
10,37,2500,85,48,1,93,18,424.0,508.1678927693483
10,37,2500,85,48,1,97,19,454.0,413.66550907190674
10,37,2500,75,50,0,95,13,414.0,0.0
10,37,2500,70,46,0,85,21,388.0,0.0
10,37,2500,90,35,0,89,25,484.0,0.0
10,37,2500,70,38,1,99,29,396.0,327.4919052299591
10,37,2500,80,39,1,95,23,470.0,418.3921459413848
10,37,2500,80,38,0,127,25,508.0,0.0
10,37,2500,80,38,1,91,27,536.0,455.0266117985249
10,37,2500,70,39,0,141,21,484.0,0.0
10,37,2500,65,50,0,111,12,202.0,0.0
10,37,2500,70,39,1,97,21,412.0,574.7409693718208
10,37,2500,70,42,1,91,25,432.0,413.5813489057589
10,37,2500,80,43,0,95,17,446.0,0.0
10,37,2500,65,45,0,129,17,398.0,0.0
10,37,2500,80,47,1,61,15,274.0,356.5503666689929
10,37,2500,70,44,0,99,17,384.0,0.0
10,37,2500,75,49,1,63,12,268.0,126.0780854712556
10,37,2500,90,35,0,97,30,554.0,0.0
10,37,2500,65,36,0,147,25,652.0,0.0
10,37,2500,80,41,0,139,19,582.0,0.0
10,37,2500,80,40,1,147,31,558.0,536.4776258238786
10,37,2500,65,39,1,61,20,316.0,366.7572394999879
10,37,2500,90,43,0,99,20,430.0,0.0
10,37,2500,75,46,1,87,14,378.0,235.8597280556405
10,37,2500,60,38,0,95,17,364.0,0.0
10,37,2500,65,38,1,65,19,350.0,361.25705848544595
10,37,2500,85,41,1,83,28,374.0,533.8882814873202
10,37,2500,70,46,1,63,19,256.0,259.862568461125
10,37,2500,75,49,0,135,11,410.0,0.0
10,37,2500,90,49,1,95,20,398.0,293.38253119670065
10,37,2500,75,41,0,97,18,476.0,0.0
10,37,2500,80,36,0,97,27,490.0,0.0
10,37,2500,60,37,0,99,18,370.0,0.0
10,37,2500,70,40,0,187,19,410.0,0.0
10,37,2500,70,39,1,95,19,384.0,470.69031492653545
10,37,2500,60,46,1,139,14,466.0,222.4672278847279
10,37,2500,85,46,1,61,19,398.0,325.27776215342647
10,37,2500,70,49,0,81,11,296.0,0.0
10,37,2500,65,46,1,91,11,322.0,158.69642518850054
10,37,2500,70,36,1,97,28,490.0,429.7542949761486
10,37,2500,65,44,0,89,15,326.0,0.0
10,37,2500,80,46,1,77,20,398.0,260.6068499480561
10,37,2500,70,46,0,135,12,380.0,0.0
10,37,2500,60,47,1,91,13,324.0,237.77513016063222
10,37,2500,85,50,0,83,12,282.0,0.0
10,37,2500,85,50,0,175,16,428.0,0.0
10,37,2500,70,41,1,99,25,440.0,554.4011788086244
10,37,2500,85,36,1,87,34,496.0,376.5285107301488
10,37,2500,85,36,1,145,33,566.0,477.4848646576723
10,37,2500,90,37,0,129,25,634.0,0.0
10,37,2500,70,41,1,69,14,176.0,180.46538738871394
10,37,2500,65,45,0,83,17,344.0,0.0
10,37,2500,90,41,0,95,27,528.0,0.0
10,37,2500,85,50,0,97,15,424.0,0.0
10,37,2500,65,38,1,93,30,560.0,445.2483043854193
10,37,2500,90,41,1,91,27,566.0,600.3868997630227
10,37,2500,70,41,0,97,28,688.0,0.0
10,37,2500,85,48,0,85,15,298.0,0.0
10,37,2500,90,45,0,127,23,504.0,0.0
10,37,2500,80,42,1,79,20,278.0,331.6142294549869
10,37,2500,65,46,1,89,13,304.0,156.08626883215615
10,37,2500,80,38,1,137,27,466.0,436.11992358199683
10,37,2500,75,39,0,143,25,526.0,0.0
10,37,2500,80,42,0,87,16,292.0,0.0
10,37,2500,90,39,1,81,30,446.0,577.9931197567377
10,37,2500,60,42,1,75,20,296.0,332.7755552100126
10,37,2500,80,42,0,147,21,552.0,0.0
10,37,2500,70,45,0,171,14,368.0,0.0
10,37,2500,80,47,1,73,24,376.0,272.12033902010194
10,37,2500,75,44,0,135,18,382.0,0.0
10,37,2500,70,36,1,89,26,470.0,368.65952665801575
10,37,2500,90,38,1,93,34,484.0,469.5270375464722
10,37,2500,85,37,1,73,31,434.0,509.37182432502493
10,37,2500,85,43,0,91,16,408.0,0.0
10,37,2500,65,47,1,95,12,262.0,251.75379306725932
10,37,2500,90,47,0,95,12,332.0,0.0
10,37,2500,85,42,0,177,24,732.0,0.0
10,37,2500,60,42,1,93,15,258.0,165.36397738198653
10,37,2500,90,35,0,143,33,686.0,0.0
10,37,2500,70,40,0,97,10,282.0,0.0
10,37,2500,60,50,0,73,9,284.0,0.0
10,37,2500,70,50,0,143,12,316.0,0.0
10,37,2500,80,50,1,67,13,238.0,299.1793472361746
10,37,2500,85,49,1,93,18,444.0,264.40268544732675
10,37,2500,65,37,1,95,20,452.0,376.3104105937303
10,37,2500,85,39,1,131,26,544.0,552.1272268928121
10,37,2500,75,38,0,89,22,476.0,0.0
10,37,2500,60,43,1,141,14,324.0,269.81329840462485
10,37,2500,65,47,0,95,12,264.0,0.0
10,37,2500,75,49,0,83,13,296.0,0.0
10,37,2500,90,46,1,93,16,362.0,194.90633252140472
10,37,2500,70,49,0,125,13,390.0,0.0
10,37,2400,85,40,0,91,25,456.0,0.0
10,37,2400,75,40,0,137,18,528.0,0.0
10,37,2400,75,42,1,81,24,302.0,404.28097481174024
10,37,2400,70,48,1,47,9,216.0,184.8991855160491
10,37,2400,75,39,0,91,18,328.0,0.0
10,37,2400,65,47,1,85,12,286.0,142.4203107273919
10,37,2400,60,46,1,55,4,56.0,66.36021946999887
10,37,2400,90,35,0,87,24,452.0,0.0
10,37,2400,65,36,1,65,21,298.0,280.4332142525843
10,37,2400,75,43,1,93,19,342.0,291.52390993839373
10,37,2400,80,42,0,93,20,442.0,0.0
10,37,2400,65,45,1,123,14,414.0,346.85542861781323
10,37,2400,65,50,1,81,13,248.0,302.84259040150147
10,37,2400,75,39,0,185,19,482.0,0.0
10,37,2400,85,50,0,91,15,366.0,0.0
10,37,2400,85,41,0,175,23,572.0,0.0
10,37,2400,90,37,1,125,24,400.0,317.28300314776766
10,37,2400,85,39,0,131,25,596.0,0.0
10,37,2400,80,43,0,93,16,268.0,0.0
10,37,2400,90,46,1,137,22,432.0,319.55611398223397
10,37,2400,75,43,1,119,15,328.0,321.5390970541994
10,37,2400,75,48,1,175,16,440.0,336.6908708627497
10,37,2400,65,50,0,89,15,308.0,0.0
10,37,2400,80,37,0,129,22,500.0,0.0
10,37,2400,65,37,0,129,27,512.0,0.0
10,37,2400,85,37,1,123,24,530.0,410.4557332701036
10,37,2400,65,39,1,83,23,336.0,509.2652225088848
10,37,2400,90,44,0,161,20,568.0,0.0
10,37,2400,65,50,1,137,10,202.0,231.5818311721336
10,37,2400,70,49,0,87,15,390.0,0.0
10,37,2400,60,40,1,133,20,420.0,315.11561414896926
10,37,2400,85,40,0,135,23,532.0,0.0
10,37,2400,75,42,1,91,21,420.0,349.4659245935193
10,37,2400,80,43,1,91,20,370.0,404.5636109227149
10,37,2400,60,47,0,87,20,336.0,0.0
10,37,2400,70,49,1,135,10,246.0,151.79249318377848
10,37,2400,65,48,0,47,9,166.0,0.0
10,37,2400,70,37,1,137,21,430.0,346.52423486030636
10,37,2400,65,40,0,131,19,410.0,0.0
10,37,2400,65,42,1,115,18,390.0,242.8997942585504
10,37,2400,90,47,0,123,13,408.0,0.0
10,37,2400,90,43,1,119,11,340.0,175.80406986893348
10,37,2400,70,48,0,75,12,236.0,0.0
10,37,2400,60,44,0,169,19,484.0,0.0
10,37,2400,65,41,0,81,9,258.0,0.0
10,37,2400,90,37,1,139,24,574.0,388.95024638667405
10,37,2400,75,36,0,125,26,544.0,0.0
10,37,2400,60,41,1,141,14,422.0,196.73497569280616
10,37,2400,90,46,0,137,16,396.0,0.0
10,37,2400,65,47,1,79,11,204.0,132.3370848087957
10,37,2400,65,50,1,107,10,318.0,256.6157742717255
10,37,2400,80,39,1,73,22,408.0,476.201704909865
10,37,2400,75,40,1,99,22,426.0,328.3011140224606
10,37,2400,60,41,1,57,13,240.0,244.8371695436267
10,37,2400,75,40,0,135,28,640.0,0.0
10,37,2400,70,44,0,129,20,424.0,0.0
10,37,2400,65,48,0,79,15,332.0,0.0
10,37,2400,75,48,0,91,14,350.0,0.0
10,37,2400,75,40,1,123,15,482.0,256.1110195101612
10,37,2400,80,41,0,135,17,524.0,0.0
10,37,2400,60,41,1,89,17,430.0,400.2606759341111
10,37,2400,70,46,0,93,14,304.0,0.0
10,37,2400,80,46,0,87,13,238.0,0.0
10,37,2400,80,45,1,89,14,292.0,264.5652039633171
10,37,2400,90,39,1,123,19,428.0,519.6797610427841
10,37,2400,65,39,1,119,18,396.0,426.8688690454732
10,37,2400,80,44,1,99,23,340.0,527.1109410300735
10,37,2400,80,46,1,129,12,318.0,144.9969061979938
10,37,2400,75,45,0,139,14,402.0,0.0
10,37,2400,70,43,0,141,20,502.0,0.0
10,37,2400,85,47,0,93,14,242.0,0.0
10,37,2400,75,48,0,131,18,526.0,0.0
10,37,2400,90,38,1,89,27,502.0,347.0991911152765
10,37,2400,80,39,0,129,22,434.0,0.0
10,37,2400,65,45,1,125,17,316.0,287.2507696219128
10,37,2400,80,46,0,89,12,380.0,0.0
10,37,2400,60,38,1,85,16,256.0,215.9003431655419
10,37,2400,85,50,0,121,16,334.0,0.0
10,37,2400,65,39,1,83,20,330.0,391.87499663746496
10,37,2400,70,46,0,85,17,302.0,0.0
10,37,2400,70,38,0,189,24,534.0,0.0
10,37,2400,60,40,1,137,29,566.0,482.47572665032305
10,37,2400,85,43,0,127,23,414.0,0.0
10,37,2400,90,43,1,89,16,344.0,272.1702367695256
10,37,2400,90,39,0,91,19,408.0,0.0
10,37,2400,70,45,1,91,17,392.0,402.0134887679134
10,37,2400,75,39,0,171,19,376.0,0.0
10,37,2400,80,42,0,129,18,344.0,0.0
10,37,2400,60,43,1,81,15,292.0,275.99123111154614
10,37,2400,85,42,1,63,17,236.0,290.8272791318812
10,37,2400,75,47,1,91,15,316.0,255.72116026679103
10,37,2400,65,44,1,95,20,550.0,321.38609382969315
10,37,2400,80,49,0,93,17,402.0,0.0
10,37,2400,60,35,1,87,27,544.0,386.8996644832519
10,37,2400,90,39,0,133,26,514.0,0.0
10,37,2400,75,43,0,85,17,332.0,0.0
10,37,2400,65,46,1,65,15,248.0,215.33015465100976
10,37,2400,75,46,0,131,13,394.0,0.0
10,37,2400,80,47,0,137,18,374.0,0.0
10,37,2400,75,49,1,93,15,438.0,155.92997784487838
10,37,2300,60,38,1,151,24,510.0,262.4102824180236
10,37,2300,75,38,1,133,25,526.0,324.1508740823183
10,37,2300,65,38,1,79,13,314.0,174.67851843375266
10,37,2300,75,41,0,81,14,280.0,0.0
10,37,2300,80,45,0,89,13,268.0,0.0
10,37,2300,90,45,1,77,16,314.0,393.920041851113
10,37,2300,85,47,0,89,16,466.0,0.0
10,37,2300,75,35,0,117,24,466.0,0.0
10,37,2300,85,38,1,81,19,318.0,271.27122630254985
10,37,2300,90,42,0,87,24,494.0,0.0
10,37,2300,60,47,0,61,8,182.0,0.0
10,37,2300,90,42,0,69,16,246.0,0.0
10,37,2300,75,47,1,135,13,322.0,195.03656646304117
10,37,2300,75,48,1,81,14,278.0,291.33692845244576
10,37,2300,90,35,1,81,31,454.0,350.83843213787105
10,37,2300,60,41,1,85,19,362.0,292.0826742672182
10,37,2300,90,43,0,123,18,480.0,0.0
10,37,2300,90,43,1,71,17,272.0,258.79157071852643
10,37,2300,65,42,0,125,15,388.0,0.0
10,37,2300,85,46,0,89,12,300.0,0.0
10,37,2300,75,45,1,119,16,346.0,446.35706804902105
10,37,2300,75,35,0,167,30,740.0,0.0
10,37,2300,80,40,1,59,24,294.0,225.13978728317574
10,37,2300,85,36,0,121,23,400.0,0.0
10,37,2300,90,42,1,45,10,244.0,131.33496314550183
10,37,2300,65,42,1,95,18,332.0,336.825796648359
10,37,2300,65,43,0,105,13,206.0,0.0
10,37,2300,90,44,0,85,8,232.0,0.0
10,37,2300,75,38,1,87,23,416.0,327.3860526825011
10,37,2300,80,42,0,87,18,324.0,0.0
10,37,2300,85,40,1,59,19,344.0,357.4863775118447
10,37,2300,80,40,1,79,14,302.0,262.477249743469
10,37,2300,70,44,0,45,9,236.0,0.0
10,37,2300,65,43,0,85,16,264.0,0.0
10,37,2300,90,44,1,81,13,200.0,286.2348902501207
10,37,2300,90,36,1,125,25,536.0,362.94111855715295
10,37,2300,75,38,0,113,19,430.0,0.0
10,37,2300,70,41,1,93,26,490.0,471.4855421346656
10,37,2300,85,43,0,109,16,368.0,0.0
10,37,2300,80,41,0,45,17,318.0,0.0
10,37,2300,65,50,1,69,8,232.0,213.22037331211112
10,37,2300,90,40,0,83,21,354.0,0.0
10,37,2300,60,37,1,123,17,440.0,163.45842085477855
10,37,2300,70,37,0,119,21,384.0,0.0
10,37,2300,75,38,0,129,16,266.0,0.0
10,37,2300,85,39,1,129,18,400.0,418.79632076089524
10,37,2300,85,46,1,85,16,272.0,213.4962073592587
10,37,2300,65,50,1,87,10,168.0,215.628939474105
10,37,2300,80,43,0,125,23,446.0,0.0
10,37,2300,60,35,1,73,24,376.0,261.6484537573209
10,37,2300,75,38,0,83,13,276.0,0.0
10,37,2300,90,39,1,121,23,448.0,400.98020939167395
10,37,2300,90,44,1,85,18,414.0,468.40357100020015
10,37,2300,65,48,0,61,9,224.0,0.0
10,37,2300,65,37,1,121,25,386.0,376.73755658641585
10,37,2300,80,50,0,127,15,506.0,0.0
10,37,2300,85,47,0,91,15,304.0,0.0
10,37,2300,85,37,0,87,21,478.0,0.0
10,37,2300,65,42,0,77,11,228.0,0.0
10,37,2300,70,43,0,169,20,472.0,0.0
10,37,2300,60,47,1,79,11,220.0,120.21927345665269
10,37,2300,70,39,1,71,24,384.0,435.6811056716414
10,37,2300,65,43,0,115,12,280.0,0.0
10,37,2300,90,50,1,83,10,218.0,240.01453717322352
10,37,2300,60,36,0,119,25,520.0,0.0
10,37,2300,85,35,0,131,25,550.0,0.0
10,37,2300,90,36,1,73,32,410.0,324.80901563264507
10,37,2300,85,44,0,89,14,328.0,0.0
10,37,2300,65,46,1,75,16,216.0,243.16792544578152
10,37,2300,75,49,1,121,10,332.0,152.72575516435097
10,37,2300,90,44,1,81,16,302.0,459.3240128316829
10,37,2300,75,35,0,129,30,580.0,0.0
10,37,2300,90,36,0,91,27,538.0,0.0
10,37,2300,90,39,1,65,22,304.0,464.40414591630434
10,37,2300,85,43,1,53,17,234.0,350.0939064525696
10,37,2300,65,42,0,87,15,366.0,0.0
10,37,2300,90,47,1,129,16,322.0,286.7266275391603
10,37,2300,65,50,0,45,3,84.0,0.0
10,37,2300,90,35,1,75,25,418.0,341.9921272909754
10,37,2300,60,35,1,61,25,368.0,250.69422439505334
10,37,2300,70,37,0,87,23,424.0,0.0
10,37,2300,75,42,0,127,20,460.0,0.0
10,37,2300,80,47,1,89,17,374.0,273.96600763478006
10,37,2300,80,43,1,123,18,386.0,322.4371818978663
10,37,2300,70,46,0,109,15,396.0,0.0
10,37,2300,60,35,0,133,25,466.0,0.0
10,37,2300,85,36,0,91,24,492.0,0.0
10,37,2300,65,38,1,91,24,476.0,377.4874407470686
10,37,2300,60,40,0,133,19,434.0,0.0
10,37,2300,75,44,0,45,5,170.0,0.0
10,37,2300,85,39,1,89,20,404.0,398.8392806376806
10,37,2300,85,38,1,131,27,648.0,454.54732350697833
10,37,2300,75,36,1,125,27,472.0,416.79898800534664
10,37,2300,75,42,0,131,22,490.0,0.0
10,37,2300,65,36,0,91,24,392.0,0.0
10,37,2300,65,43,0,87,15,312.0,0.0
10,37,2300,90,45,1,59,13,226.0,212.7776819578276
10,37,2300,80,47,0,87,12,342.0,0.0
10,37,2300,90,45,1,45,10,176.0,235.552713481032
10,37,2300,85,47,1,95,13,294.0,311.95782606129677
10,37,2200,85,44,1,81,11,198.0,284.43652977064636
10,37,2200,90,40,1,87,25,412.0,330.68566523465586
10,37,2200,60,44,1,65,10,202.0,259.58619234051275
10,37,2200,70,41,1,79,26,320.0,543.0177930146104
10,37,2200,65,44,0,75,7,198.0,0.0
10,37,2200,85,41,0,81,15,360.0,0.0
10,37,2200,85,41,0,87,16,374.0,0.0
10,37,2200,70,48,0,79,12,234.0,0.0
10,37,2200,60,36,0,113,17,478.0,0.0
10,37,2200,65,49,1,91,13,276.0,182.1531095375061
10,37,2200,75,35,1,83,25,434.0,319.6642096467961
10,37,2200,60,42,0,87,13,332.0,0.0
10,37,2200,60,45,1,67,14,210.0,395.1274216915639
10,37,2200,70,41,1,83,20,424.0,372.2500135560757
10,37,2200,65,47,0,113,12,312.0,0.0
10,37,2200,70,42,1,75,16,258.0,241.7675966412804
10,37,2200,80,42,0,117,20,464.0,0.0
10,37,2200,65,36,1,83,23,476.0,247.07154560581824
10,37,2200,90,39,1,83,21,400.0,483.1880163075839
10,37,2200,65,38,0,87,21,442.0,0.0
10,37,2200,80,39,1,87,11,288.0,191.95853024819377
10,37,2200,60,48,0,75,10,192.0,0.0
10,37,2200,70,48,0,121,13,258.0,0.0
10,37,2200,80,49,0,79,12,292.0,0.0
10,37,2200,60,42,1,81,16,304.0,209.9269565913719
10,37,2200,60,43,1,65,12,168.0,212.17367370805528
10,37,2200,60,44,1,53,10,134.0,166.74439725616725
10,37,2200,80,47,0,117,10,204.0,0.0
10,37,2200,70,47,0,107,14,332.0,0.0
10,37,2200,90,50,1,121,13,248.0,344.66422938482015
10,37,2200,75,50,0,131,14,348.0,0.0
10,37,2200,65,44,1,105,11,296.0,268.4565561669159
10,37,2200,75,44,0,123,22,524.0,0.0
10,37,2200,60,47,1,149,15,278.0,241.71916219207986
10,37,2200,75,45,1,81,5,126.0,83.5161831757093
10,37,2200,90,50,0,79,13,204.0,0.0
10,37,2200,65,48,0,63,6,142.0,0.0
10,37,2200,75,49,0,79,12,322.0,0.0
10,37,2200,65,36,0,129,20,502.0,0.0
10,37,2200,65,38,0,79,18,364.0,0.0
10,37,2200,65,39,0,43,7,144.0,0.0
10,37,2200,70,40,1,77,14,300.0,239.04680048535667
10,37,2200,85,47,1,121,10,216.0,130.83372206558212
10,37,2200,65,47,1,67,8,182.0,149.50726401512756
10,37,2200,60,47,1,63,14,222.0,181.67057719705818
10,37,2200,65,38,0,103,16,288.0,0.0
10,37,2200,85,42,1,83,15,256.0,197.12816647639897
10,37,2200,85,46,0,79,13,232.0,0.0
10,37,2200,65,46,1,81,17,270.0,270.4707661147789
10,37,2200,65,47,1,71,7,194.0,44.903071453483264
10,37,2200,70,48,1,81,12,276.0,294.5784595000147
10,37,2200,90,46,0,43,8,186.0,0.0
10,37,2200,85,50,0,81,9,254.0,0.0
10,37,2200,90,47,0,121,15,394.0,0.0
10,37,2200,75,49,0,75,10,190.0,0.0
10,37,2200,85,43,1,101,21,370.0,369.89169621789625
10,37,2200,80,41,0,127,18,392.0,0.0
10,37,2200,75,49,1,159,9,208.0,99.889427185301
10,37,2200,70,45,0,123,14,356.0,0.0
10,37,2200,65,48,1,59,9,200.0,271.08667051352796
10,37,2200,70,39,1,79,16,286.0,337.6224169174736
10,37,2200,85,41,0,159,18,338.0,0.0
10,37,2200,80,44,1,117,17,382.0,328.45673158549323
10,37,2200,90,45,0,81,15,278.0,0.0
10,37,2200,60,39,0,85,14,366.0,0.0
10,37,2200,70,41,1,111,15,268.0,226.37057181971818
10,37,2200,65,48,1,85,17,282.0,405.39466959005756
10,37,2200,90,43,1,83,10,256.0,203.86643961784702
10,37,2200,70,43,0,119,13,324.0,0.0
10,37,2200,90,36,1,69,21,380.0,241.09134998616327
10,37,2200,85,42,0,81,16,390.0,0.0
10,37,2200,75,50,0,75,10,200.0,0.0
10,37,2200,80,50,1,43,6,152.0,221.80756459312747
10,37,2200,85,49,0,83,11,246.0,0.0
10,37,2200,70,41,1,119,24,428.0,478.08594387035936
10,37,2200,75,35,0,87,17,404.0,0.0
10,37,2200,90,37,0,83,11,268.0,0.0
10,37,2200,70,42,1,79,18,414.0,337.5635475847862
10,37,2200,70,39,1,115,26,402.0,648.4212730641581
10,37,2200,65,47,1,79,9,194.0,182.17940624204726
10,37,2200,80,50,0,117,11,302.0,0.0
10,37,2200,85,35,1,53,24,356.0,383.1139454836363
10,37,2200,75,35,0,97,17,350.0,0.0
10,37,2200,60,37,0,115,20,466.0,0.0
10,37,2200,60,45,1,79,12,208.0,236.69062105042048
10,37,2200,70,44,0,69,13,250.0,0.0
10,37,2200,85,50,1,99,15,300.0,241.4556139903027
10,37,2200,80,50,0,119,10,278.0,0.0
10,37,2200,70,37,0,83,18,372.0,0.0
10,37,2200,65,44,1,79,10,158.0,168.8305108074436
10,37,2200,80,38,1,85,20,354.0,290.7696450479826
10,37,2200,80,39,0,87,14,236.0,0.0
10,37,2200,75,43,0,79,14,368.0,0.0
10,37,2200,60,38,1,103,17,344.0,225.03162410231266
10,37,2200,65,46,1,73,6,160.0,117.89869885411161
10,37,2200,80,41,0,109,14,302.0,0.0
10,37,2100,70,42,0,119,13,336.0,0.0
10,37,2100,90,43,1,113,17,296.0,288.9790760368623
10,37,2200,80,42,0,85,12,328.0,0.0
10,37,2200,90,44,0,87,14,324.0,0.0
10,37,2200,80,48,1,123,17,338.0,429.8839151601243
10,37,2200,90,42,1,85,20,316.0,338.0516855720156
10,37,2100,65,37,1,79,15,236.0,205.0127536069718
10,37,2100,90,35,0,81,19,374.0,0.0
10,37,2100,60,37,1,63,21,270.0,394.1259547808942
10,37,2100,90,42,1,77,18,326.0,277.0066150125598
10,37,2100,75,41,0,77,15,300.0,0.0
10,37,2100,65,50,1,71,11,208.0,222.48757686422857
10,37,2100,80,46,0,77,11,214.0,0.0
10,37,2100,90,36,0,81,23,434.0,0.0
10,37,2100,65,37,0,121,19,342.0,0.0
10,37,2100,85,38,0,113,20,424.0,0.0
10,37,2100,90,37,1,73,21,292.0,243.61840233903746
10,37,2100,80,45,1,119,12,280.0,191.71062003879058
10,37,2100,70,38,1,75,19,408.0,249.39008968646672
10,37,2100,85,41,0,67,14,318.0,0.0
10,37,2100,80,49,1,73,9,190.0,112.98750889418312
10,37,2100,80,36,1,117,17,368.0,225.47442422373203
10,37,2100,60,40,0,115,13,306.0,0.0
10,37,2100,65,39,1,89,13,306.0,366.4425844513505
10,37,2100,75,49,1,73,14,246.0,156.58824811603358
10,37,2100,80,38,1,77,22,258.0,280.8558550456609
10,37,2100,60,42,0,73,12,244.0,0.0
10,37,2100,60,47,0,109,10,218.0,0.0
10,37,2100,70,50,0,113,12,182.0,0.0
10,37,2100,70,36,0,121,21,390.0,0.0
10,37,2100,75,37,1,79,19,316.0,236.59501368185596
10,37,2100,85,40,0,79,17,334.0,0.0
10,37,2100,75,39,0,81,17,376.0,0.0
10,37,2100,85,45,1,59,18,214.0,471.25181052126646
10,37,2100,90,47,1,81,14,238.0,245.4422029432518
10,37,2100,80,49,0,109,12,334.0,0.0
10,37,2100,75,38,0,81,16,272.0,0.0
10,37,2100,70,46,0,69,8,126.0,0.0
10,37,2100,70,46,1,79,15,326.0,188.7761032890819
10,37,2100,60,48,0,97,12,264.0,0.0
10,37,2100,85,49,1,79,10,248.0,152.48450569402996
10,37,2100,85,46,1,51,13,198.0,153.12208107497304
10,37,2100,75,41,1,77,13,330.0,282.8755198866755
10,37,2100,80,36,1,125,23,486.0,223.3106641124218
10,37,2100,90,38,1,71,24,342.0,355.89445812023484
10,37,2100,80,38,0,41,14,206.0,0.0
10,37,2100,60,41,0,103,13,258.0,0.0
10,37,2100,75,46,1,45,11,156.0,129.333437617917
10,37,2100,70,50,0,111,12,244.0,0.0
10,37,2100,75,45,0,107,10,222.0,0.0
10,37,2100,90,36,1,119,25,498.0,366.89162726212606
10,37,2100,75,37,1,119,17,338.0,238.04351755528074
10,37,2100,80,45,0,71,9,190.0,0.0
10,37,2100,80,45,1,139,11,210.0,200.3883005077793
10,37,2100,65,50,1,77,10,296.0,328.84839044821075
10,37,2100,90,50,0,113,19,354.0,0.0
10,37,2100,80,44,0,117,13,270.0,0.0
10,37,2100,65,36,1,81,16,302.0,185.05274009822506
10,37,2100,70,36,1,81,13,294.0,116.21876037684872
10,37,2100,65,36,0,41,17,242.0,0.0
10,37,2100,80,42,0,81,15,350.0,0.0
10,37,2100,60,47,0,155,16,424.0,0.0
10,37,2100,60,47,1,57,8,124.0,142.09993593416758
10,37,2100,85,48,0,67,10,216.0,0.0
10,37,2100,75,37,1,75,17,270.0,201.84621046478173
10,37,2100,80,41,1,81,16,232.0,248.97289357920673
10,37,2100,90,37,0,75,21,320.0,0.0
10,37,2100,85,43,1,61,12,198.0,149.6250397013441
10,37,2100,80,45,0,41,11,156.0,0.0
10,37,2100,75,50,0,103,12,282.0,0.0
10,37,2100,90,48,1,77,16,248.0,371.27194750646055
10,37,2100,90,41,0,83,16,304.0,0.0
10,37,2100,60,35,0,119,15,370.0,0.0
10,37,2100,85,35,1,79,19,394.0,253.3203960722907
10,37,2100,65,38,0,121,16,348.0,0.0
10,37,2100,90,49,1,71,11,150.0,162.85527980789308
10,37,2100,80,47,1,91,20,328.0,396.2635216840466
10,37,2100,90,48,0,41,9,190.0,0.0
10,37,2100,90,41,1,113,18,334.0,366.2431513624071
10,37,2100,90,38,1,47,12,246.0,79.69931077669759
10,37,2100,80,39,0,81,18,338.0,0.0
10,37,2100,70,35,0,137,19,386.0,0.0
10,37,2100,70,38,1,89,17,248.0,170.5588643488702
10,37,2100,80,36,0,83,19,326.0,0.0
10,37,2100,85,44,0,113,18,392.0,0.0
10,37,2100,70,49,1,63,12,156.0,126.25423515210778
10,37,2100,60,39,1,79,17,280.0,245.96936824050624
10,37,2100,90,44,0,107,10,218.0,0.0
10,37,2100,85,40,1,119,21,446.0,406.1024377673837
10,37,2100,70,43,1,53,10,158.0,151.18762806500598
10,37,2100,90,41,0,115,17,344.0,0.0
10,37,2100,65,45,0,77,12,214.0,0.0
10,37,2100,90,48,1,81,11,274.0,315.17932693570486
10,37,2100,70,44,0,115,11,268.0,0.0
10,37,2100,65,38,0,41,11,202.0,0.0
10,37,2100,85,41,0,67,14,194.0,0.0
10,37,2100,85,39,1,151,14,322.0,306.04753426459774
10,37,2100,60,44,1,77,11,236.0,285.6373680543842
10,37,2100,85,43,0,119,14,348.0,0.0
10,37,2100,75,41,1,85,19,318.0,248.53984020154542
10,37,2100,75,50,1,77,9,156.0,196.57891014929214
10,37,2100,85,35,0,83,24,442.0,0.0
10,37,2000,70,42,1,111,12,234.0,208.0402652389004
10,37,2000,85,42,0,39,14,218.0,0.0
10,37,2000,85,45,1,77,13,220.0,195.85689472724388
10,37,2000,65,47,0,59,11,166.0,0.0
10,37,2100,90,49,0,73,10,250.0,0.0
10,37,2100,80,49,1,111,10,290.0,194.5113009171299
10,37,2000,75,45,1,73,9,170.0,193.50317930715042
10,37,2000,90,37,1,109,18,316.0,340.1446984323926
10,37,2000,60,37,0,115,20,342.0,0.0
10,37,2000,85,38,1,117,25,350.0,287.8396649597544
10,37,2000,75,45,0,39,8,112.0,0.0
10,37,2000,80,46,0,75,9,212.0,0.0
10,37,2000,80,48,0,153,11,302.0,0.0
10,37,2000,80,49,1,69,13,232.0,162.6018611046694
10,37,2000,65,38,0,107,10,256.0,0.0
10,37,2000,70,43,1,73,14,222.0,144.37536316217358
10,37,2000,80,37,0,99,14,208.0,0.0
10,37,2000,80,41,0,101,15,308.0,0.0
10,37,2000,65,49,1,55,10,168.0,99.35231921029317
10,37,2000,85,46,1,57,15,284.0,224.09865352004778
10,37,2000,90,45,1,73,6,200.0,150.45394278714306
10,37,2000,90,48,0,71,9,182.0,0.0
10,37,2000,85,35,0,105,23,452.0,0.0
10,37,2000,65,35,1,75,16,292.0,194.2743009014115
10,37,2000,85,37,0,109,13,280.0,0.0
10,37,2000,70,42,1,75,13,286.0,146.75816234213784
10,37,2000,60,38,0,103,12,308.0,0.0
10,37,2000,70,41,1,81,20,288.0,428.35660718635035
10,37,2000,85,48,1,55,10,144.0,238.3273069692635
10,37,2000,90,37,0,73,17,330.0,0.0
10,37,2000,75,41,1,73,15,278.0,297.9175549903074
10,37,2000,80,46,0,101,15,320.0,0.0
10,37,2000,60,47,1,75,15,226.0,173.68899008347728
10,37,2000,65,47,0,39,6,154.0,0.0
10,37,2000,80,50,0,77,11,258.0,0.0
10,37,2000,70,45,1,105,11,250.0,195.78624304360147
10,37,2000,65,36,1,77,17,308.0,222.66293195793878
10,37,2000,90,44,1,71,11,212.0,299.2513281517555
10,37,2000,85,47,0,69,11,258.0,0.0
10,37,2000,70,49,0,71,6,146.0,0.0
10,37,2000,85,47,1,73,11,214.0,96.76538675712604
10,37,2000,75,49,0,115,9,192.0,0.0
10,37,2000,70,47,1,75,6,156.0,42.676797646105044
10,37,2000,70,35,0,77,14,318.0,0.0
10,37,2000,60,35,1,109,20,294.0,262.9972306961081
10,37,2000,60,37,0,111,17,288.0,0.0
10,37,2000,85,42,0,145,15,312.0,0.0
10,37,2000,70,47,1,87,15,230.0,264.4816083113585
10,37,2000,75,46,1,65,14,208.0,166.0073617256477
10,37,2000,70,50,0,75,7,150.0,0.0
10,37,2000,80,43,1,69,8,196.0,159.1825190382323
10,37,2000,60,35,1,79,20,266.0,228.6722961007639
10,37,2000,70,38,0,105,15,236.0,0.0
10,37,2000,70,37,0,77,19,310.0,0.0
10,37,2000,70,45,1,75,9,194.0,209.47545106169085
10,37,2000,70,40,0,77,12,262.0,0.0
10,37,2000,60,44,1,55,8,124.0,186.95365283372925
10,37,2000,80,46,0,65,6,182.0,0.0
10,37,2000,65,39,1,89,12,248.0,312.57400087315114
10,37,2000,60,35,0,65,10,170.0,0.0
10,37,2000,90,36,0,111,22,390.0,0.0
10,37,2000,75,44,0,75,11,210.0,0.0
10,37,2000,75,45,1,59,15,202.0,285.6963064850441
10,37,2000,85,50,0,27,4,46.0,0.0
10,37,2000,85,47,1,71,12,250.0,190.1521188670826
10,37,2000,80,48,1,91,12,218.0,329.3234169775677
10,37,2000,70,41,1,75,15,262.0,256.71568869768214
10,37,2000,60,41,1,75,13,262.0,199.7067411719558
10,37,2000,65,43,0,37,4,88.0,0.0
10,37,2000,85,43,0,143,9,246.0,0.0
10,37,2000,85,48,0,77,10,206.0,0.0
10,37,2000,90,49,1,73,7,172.0,46.16615520041429
10,37,2000,80,42,1,79,12,238.0,202.70762525608887
10,37,2000,90,40,0,113,21,458.0,0.0
10,37,2000,80,40,0,51,17,214.0,0.0
10,37,2000,75,42,1,73,11,214.0,129.00165661944465
10,37,2000,75,38,0,103,16,340.0,0.0
10,37,2000,70,47,0,113,12,302.0,0.0
10,37,2000,85,44,1,47,12,192.0,209.5089735578691
10,37,2000,90,48,1,95,11,334.0,371.69977356408646
10,37,2000,90,35,1,73,20,316.0,210.64803446971615
10,37,2000,60,35,0,135,13,330.0,0.0
10,37,2000,80,43,0,31,5,118.0,0.0
10,37,2000,80,49,1,65,13,198.0,167.36396449808404
10,37,2000,75,43,1,65,13,220.0,158.8389818322659
10,37,2000,75,39,1,55,14,222.0,393.1765482798449
10,37,2000,70,47,0,69,8,210.0,0.0
10,37,2000,85,38,0,71,15,312.0,0.0
10,37,2000,85,38,1,71,10,192.0,151.37511706666777
10,37,2000,80,38,0,119,22,508.0,0.0
10,37,2000,80,46,1,53,16,240.0,325.8602780114047
10,37,2000,65,44,0,101,9,218.0,0.0
10,37,2000,60,46,0,151,9,224.0,0.0
10,37,2000,70,49,1,39,8,144.0,65.0012742045853
10,37,2000,80,44,1,57,9,88.0,165.86120972571388
10,37,2000,75,35,0,115,23,436.0,0.0
10,37,2000,85,37,1,115,20,474.0,366.48227800367016
10,37,2000,65,39,0,73,14,304.0,0.0
10,37,2000,90,47,1,97,17,256.0,161.29408631218215
10,37,2000,90,47,1,147,17,306.0,207.3369751065312
10,37,2000,85,48,0,113,9,192.0,0.0
10,37,2000,70,48,0,69,9,182.0,0.0
10,37,1900,70,35,1,53,17,266.0,202.12818101110872
10,37,1900,65,40,0,97,15,306.0,0.0
10,37,1900,80,41,1,99,15,300.0,302.98689618480034
10,37,1900,80,41,1,71,6,128.0,136.89676992514967
10,37,1900,80,43,0,61,10,208.0,0.0
10,37,1900,80,47,0,101,14,336.0,0.0
10,37,1900,80,49,1,99,15,264.0,205.10909623223927
10,37,1900,65,36,0,65,14,264.0,0.0
10,37,1900,80,43,0,71,5,142.0,0.0
10,37,1900,85,46,0,65,9,208.0,0.0
10,37,1900,85,44,1,39,7,78.0,136.55612268706025
10,37,1900,60,45,1,65,6,140.0,162.1302144837563
10,37,1900,80,49,1,37,6,148.0,67.53847513042764
10,37,1900,85,48,0,107,9,202.0,0.0
10,37,1900,65,37,0,75,17,328.0,0.0
10,37,1900,90,39,1,69,18,242.0,329.3301423769556
10,37,1900,75,48,0,75,4,76.0,0.0
10,37,1900,65,47,0,69,9,174.0,0.0
10,37,1900,65,47,1,55,7,92.0,61.98068727156477
10,37,1900,85,44,1,65,13,162.0,339.9733712888834
10,37,1900,70,45,1,71,20,324.0,342.5145139893903
10,37,1900,70,35,0,103,18,322.0,0.0
10,37,1900,70,36,1,53,18,200.0,158.10640061970963
10,37,1900,80,40,1,91,19,246.0,264.20292020080524
10,37,1900,60,44,0,33,5,66.0,0.0
10,37,1900,70,47,1,33,4,68.0,33.4757513002728
10,37,1900,90,50,0,75,13,238.0,0.0
10,37,1900,60,49,0,71,6,108.0,0.0
10,37,1900,85,35,0,103,14,272.0,0.0
10,37,1900,70,42,1,33,4,62.0,72.40083148235628
10,37,1900,80,45,1,49,6,108.0,89.43821364393051
10,37,1900,90,47,0,107,8,192.0,0.0
10,37,1900,65,48,0,73,8,162.0,0.0
10,37,1900,80,49,1,71,8,144.0,124.17826848464833
10,37,1900,90,49,1,59,8,118.0,96.01849362851421
10,37,1900,80,35,1,59,19,224.0,256.7296807075599
10,37,1900,70,37,0,111,14,250.0,0.0
10,37,1900,65,37,1,93,13,298.0,257.9891235751266
10,37,1900,80,39,0,109,12,244.0,0.0
10,37,1900,80,44,0,67,7,156.0,0.0
10,37,1900,85,43,0,57,7,180.0,0.0
10,37,1900,85,49,1,65,9,174.0,131.5477506081277
10,37,1900,70,36,1,63,16,188.0,137.07933781668177
10,37,1900,80,37,1,65,16,246.0,246.21582705866567
10,37,1900,90,39,0,99,16,348.0,0.0
10,37,1900,75,45,1,65,8,108.0,174.81819961718176
10,37,1900,60,48,1,65,6,112.0,137.85273037668682
10,37,1900,70,46,0,95,10,226.0,0.0
10,37,1900,70,47,0,89,13,226.0,0.0
10,37,1900,85,42,0,137,21,404.0,0.0
10,37,1900,60,35,1,65,16,302.0,215.03603665182172
10,37,1900,75,37,1,75,12,226.0,208.37607096258483
10,37,1900,80,37,1,57,15,178.0,311.35596068135646
10,37,1900,65,40,0,147,15,350.0,0.0
10,37,1900,80,43,1,59,13,202.0,196.069415707367
10,37,1900,65,44,0,89,5,90.0,0.0
10,37,1900,60,49,0,91,8,202.0,0.0
10,37,1900,80,36,0,73,9,244.0,0.0
10,37,1900,65,37,0,71,13,306.0,0.0
10,37,1900,65,36,0,73,18,342.0,0.0
10,37,1900,60,39,1,51,10,148.0,276.2024794447099
10,37,1900,90,39,1,73,20,306.0,382.85958413570336
10,37,1900,70,46,0,37,4,104.0,0.0
10,37,1900,85,47,1,65,7,142.0,99.79760576577753
10,37,1900,60,40,0,69,5,70.0,0.0
10,37,1900,80,43,1,65,7,172.0,102.96820185726457
10,37,1900,65,44,1,59,7,94.0,106.63630509532017
10,37,1900,60,47,1,89,9,144.0,69.59444596109219
10,37,1900,90,48,1,63,12,200.0,372.80765024696217
10,37,1900,85,43,0,59,8,154.0,0.0
10,37,1900,70,47,0,129,10,194.0,0.0
10,37,1900,85,35,1,69,19,304.0,145.05971021797552
10,37,1900,65,40,1,73,9,186.0,110.75402247235745
10,37,1900,75,44,0,65,4,102.0,0.0
10,37,1900,70,40,0,71,18,330.0,0.0
10,37,1900,70,43,1,57,10,140.0,134.0229103556616
10,37,1900,60,49,0,69,9,166.0,0.0
10,37,1900,90,45,0,39,7,138.0,0.0
10,37,1900,85,50,1,71,10,182.0,232.45183432755198
10,37,1900,80,36,0,97,14,260.0,0.0
10,37,1900,70,35,0,59,11,150.0,0.0
10,37,1900,75,40,1,55,12,130.0,164.4051237266431
10,37,1900,70,44,0,71,12,200.0,0.0
10,37,1900,65,50,1,105,9,250.0,151.90055808198
10,37,1900,60,42,1,57,10,136.0,123.43026175571738
10,37,1900,70,47,0,63,10,226.0,0.0
10,37,1900,80,38,1,67,20,300.0,213.49524535474484
10,37,1900,85,39,1,49,15,228.0,357.29916104713675
10,37,1900,65,38,1,59,7,118.0,95.75421785986724
10,37,1900,85,40,0,73,15,232.0,0.0
10,37,1900,85,46,0,67,12,242.0,0.0
10,37,1900,80,49,0,67,8,116.0,0.0
10,37,1900,80,48,0,73,9,180.0,0.0
10,37,1900,65,46,1,55,11,156.0,122.80027157208312
10,37,1900,85,41,1,65,6,150.0,127.42994049287891
10,37,1900,60,41,1,67,11,210.0,242.72635903561854
10,37,1900,75,44,0,111,17,336.0,0.0
10,37,1900,70,45,1,69,12,156.0,178.0728059006922
10,37,1800,80,47,1,85,10,184.0,89.31059314881885
10,37,1900,80,46,0,103,12,234.0,0.0
10,37,1900,60,50,0,69,11,256.0,0.0
10,37,1800,75,41,0,99,11,208.0,0.0
10,37,1800,90,36,1,59,21,264.0,317.2467846437551
10,37,1800,85,36,0,87,12,250.0,0.0
10,37,1800,75,39,0,67,13,244.0,0.0
10,37,1800,60,41,0,69,9,184.0,0.0
10,37,1800,90,44,1,125,10,224.0,238.9915025154809
10,37,1800,65,47,1,91,11,188.0,116.48097822574863
10,37,1800,85,50,0,61,6,126.0,0.0
10,37,1800,80,48,1,105,12,242.0,282.49606682870933
10,37,1800,65,45,1,71,9,178.0,177.33534207342413
10,37,1800,70,49,0,75,6,96.0,0.0
10,37,1800,65,43,1,69,9,120.0,127.28292934710099
10,37,1800,80,45,0,33,7,130.0,0.0
10,37,1800,75,46,0,99,13,216.0,0.0
10,37,1800,85,49,1,63,2,64.0,49.64055628136137
10,37,1800,60,48,1,49,10,150.0,342.47762931366094
10,37,1800,85,50,0,35,5,68.0,0.0
10,37,1800,75,36,1,63,16,210.0,181.67058678593733
10,37,1800,75,38,1,77,15,282.0,185.96256319813514
10,37,1800,65,39,0,41,12,204.0,0.0
10,37,1800,90,38,0,71,14,222.0,0.0
10,37,1800,70,41,1,31,6,60.0,109.89416441533619
10,37,1800,90,46,0,55,10,152.0,0.0
10,37,1800,90,47,1,59,7,152.0,111.67838658514479
10,37,1800,70,43,0,63,8,156.0,0.0
10,37,1800,65,38,1,75,10,164.0,101.02341675443658
10,37,1800,65,37,1,65,12,176.0,166.86333936801682
10,37,1800,85,37,1,89,12,210.0,143.39388319640517
10,37,1800,60,43,0,61,8,124.0,0.0
10,37,1800,85,45,0,67,6,130.0,0.0
10,37,1800,70,49,1,57,9,122.0,92.45765735349812
10,37,1800,65,49,0,61,4,62.0,0.0
10,37,1800,75,40,1,71,9,178.0,104.95168629684477
10,37,1800,75,36,1,61,20,362.0,255.0381691106693
10,37,1800,80,40,0,69,15,276.0,0.0
10,37,1800,65,41,0,69,7,154.0,0.0
10,37,1800,75,39,1,65,8,176.0,177.06740532549892
10,37,1800,80,41,0,85,13,250.0,0.0
10,37,1800,85,46,0,69,11,194.0,0.0
10,37,1800,85,41,0,85,14,254.0,0.0
10,37,1800,85,41,0,55,7,148.0,0.0
10,37,1800,85,45,0,63,10,174.0,0.0
10,37,1800,60,48,1,67,9,140.0,227.24690854480937
10,37,1800,65,49,1,63,5,86.0,51.834009147569205
10,37,1800,75,47,1,71,7,188.0,99.9101741388462
10,37,1800,60,48,1,69,4,100.0,174.035132843618
10,37,1800,70,38,0,63,14,242.0,0.0
10,37,1800,75,38,1,141,11,228.0,150.93817072071766
10,37,1800,85,40,0,135,10,250.0,0.0
10,37,1800,90,50,1,63,7,134.0,171.1921810391145
10,37,1800,75,50,1,77,7,114.0,116.50112209088738
10,37,1800,70,50,0,101,9,224.0,0.0
10,37,1800,75,46,0,67,7,128.0,0.0
10,37,1800,70,35,0,65,12,238.0,0.0
10,37,1800,90,44,1,69,6,158.0,137.57043272572028
10,37,1800,85,41,1,95,15,286.0,277.2791622746471
10,37,1800,70,45,1,33,6,94.0,111.94099283105396
10,37,1800,65,46,0,71,7,162.0,0.0
10,37,1800,80,49,1,47,5,92.0,44.361563528420234
10,37,1800,65,50,0,67,5,152.0,0.0
10,37,1800,80,37,1,47,11,174.0,181.8145525957928
10,37,1800,80,40,0,71,8,200.0,0.0
10,37,1800,75,43,0,33,3,76.0,0.0
10,37,1800,70,41,1,51,11,138.0,238.3411606919212
10,37,1800,60,45,0,41,6,110.0,0.0
10,37,1800,75,45,0,65,5,114.0,0.0
10,37,1800,90,49,1,57,12,202.0,190.3463374511856
10,37,1800,70,38,1,69,15,266.0,122.14636650931834
10,37,1800,85,40,0,71,17,300.0,0.0
10,37,1800,70,47,0,63,8,146.0,0.0
10,37,1800,70,42,1,51,11,186.0,159.88593399680656
10,37,1800,75,44,0,95,10,162.0,0.0
10,37,1800,90,48,0,133,11,244.0,0.0
10,37,1800,65,49,1,67,3,102.0,53.583004163753586
10,37,1800,70,46,1,63,9,140.0,126.4705173351765
10,37,1800,90,44,1,49,8,82.0,151.30684004985238
10,37,1800,60,37,0,99,16,294.0,0.0
10,37,1800,90,41,1,65,16,252.0,342.62830510611064
10,37,1800,65,45,0,71,8,138.0,0.0
10,37,1800,60,48,0,67,6,128.0,0.0
10,37,1800,90,50,1,51,13,184.0,351.0688747399838
10,37,1800,75,45,1,67,13,156.0,243.39913581482176
10,37,1800,90,50,0,61,8,168.0,0.0
10,37,1800,75,49,1,61,3,62.0,28.826648003130995
10,37,1800,70,40,0,61,9,158.0,0.0
10,37,1800,60,39,0,101,7,160.0,0.0
10,37,1800,75,36,1,47,12,134.0,56.2512873477217
10,37,1800,80,37,1,55,14,200.0,222.70205982758844
10,37,1800,70,36,0,97,16,304.0,0.0
10,37,1800,90,47,1,69,12,182.0,116.32494832201293
10,37,1800,75,43,1,37,9,164.0,142.49152738630428
10,37,1800,90,45,0,59,4,86.0,0.0
10,37,1800,75,35,1,47,13,158.0,153.2038532233039
10,37,1800,90,44,1,39,11,146.0,253.1594811651245
10,37,1800,75,44,0,55,10,164.0,0.0
10,37,1800,60,45,0,59,10,158.0,0.0
10,37,1800,75,48,0,67,7,158.0,0.0
10,37,1800,85,46,1,49,9,160.0,138.89750754266774
10,37,1800,80,49,0,81,12,242.0,0.0
10,37,1700,80,36,0,65,13,254.0,0.0
10,37,1700,70,41,1,57,12,206.0,210.75040899554165
10,37,1700,65,37,1,101,14,268.0,211.39275336293161
10,37,1700,70,45,0,33,4,66.0,0.0
10,37,1700,85,49,0,47,4,94.0,0.0
10,37,1700,80,50,1,71,7,166.0,203.1281915395199
10,37,1700,70,48,1,59,8,180.0,292.3427445585738
10,37,1700,85,35,1,61,15,310.0,174.97171271218429
10,37,1700,65,40,0,119,6,120.0,0.0
10,37,1700,90,38,0,57,12,194.0,0.0
10,37,1700,60,48,1,61,5,62.0,93.26525996511761
10,37,1700,80,37,1,67,12,246.0,132.21433954797251
10,37,1700,90,44,0,57,8,112.0,0.0
10,37,1700,90,48,0,17,2,18.0,0.0
10,37,1700,75,38,1,61,13,206.0,189.40134021600602
10,37,1700,60,40,0,67,7,132.0,0.0
10,37,1700,65,35,0,63,13,274.0,0.0
10,37,1700,75,39,0,53,4,104.0,0.0
10,37,1700,70,44,0,21,3,22.0,0.0
10,37,1700,60,44,1,39,8,94.0,168.3711786168533
10,37,1700,75,43,1,75,16,206.0,224.99772979685272
10,37,1700,90,42,1,31,8,140.0,89.62180214772704
10,37,1700,60,35,1,69,4,98.0,30.074701976134474
10,37,1700,60,38,0,47,10,122.0,0.0
10,37,1700,85,38,1,63,15,182.0,151.41763744042632
10,37,1700,60,39,1,53,8,90.0,176.41052506283341
10,37,1700,80,39,0,85,14,242.0,0.0
10,37,1700,60,49,1,33,3,58.0,27.178368599129364
10,37,1700,85,49,0,47,5,122.0,0.0
10,37,1700,80,49,0,123,9,150.0,0.0
10,37,1700,65,41,0,29,4,58.0,0.0
10,37,1700,75,41,1,87,12,212.0,197.64635650708607
10,37,1700,75,42,0,59,7,110.0,0.0
10,37,1700,85,50,1,41,5,70.0,106.87193320248164
10,37,1700,65,45,1,47,10,158.0,167.20038577178278
10,37,1700,75,45,1,55,10,152.0,238.10313620052688
10,37,1700,90,49,0,33,4,82.0,0.0
10,37,1700,90,39,1,91,11,250.0,347.1686663751038
10,37,1700,80,42,0,65,14,210.0,0.0
10,37,1700,65,42,0,77,11,138.0,0.0
10,37,1700,75,42,0,55,8,140.0,0.0
10,37,1700,90,45,1,59,6,176.0,182.19090837187107
10,37,1700,80,44,1,55,10,156.0,198.97703835034886
10,37,1700,70,42,0,31,6,96.0,0.0
10,37,1700,65,36,1,99,9,156.0,71.06516509957245
10,37,1700,85,37,1,63,13,200.0,153.9367238246771
10,37,1700,65,39,0,61,13,198.0,0.0
10,37,1700,90,45,1,45,5,78.0,76.98432582253878
10,37,1700,90,44,0,61,5,134.0,0.0
10,37,1700,60,44,0,99,10,180.0,0.0
10,37,1700,70,49,1,39,10,172.0,126.78069498183703
10,37,1700,60,35,0,61,10,126.0,0.0
10,37,1700,60,38,0,67,11,184.0,0.0
10,37,1700,85,39,1,65,11,194.0,199.7664133113827
10,37,1700,85,40,1,59,5,128.0,66.15332508614274
10,37,1700,80,42,0,31,8,108.0,0.0
10,37,1700,70,43,0,67,9,208.0,0.0
10,37,1700,65,47,1,57,4,84.0,58.52577847682555
10,37,1700,70,35,1,67,8,154.0,55.47640498458516
10,37,1700,80,39,0,43,8,74.0,0.0
10,37,1700,80,39,1,81,14,192.0,265.68369331696584
10,37,1700,60,39,0,31,6,84.0,0.0
10,37,1700,70,43,0,53,5,88.0,0.0
10,37,1700,80,41,1,25,4,68.0,120.16106743776807
10,37,1700,90,45,0,57,9,164.0,0.0
10,37,1700,60,41,1,47,9,100.0,128.66161892105595
10,37,1700,75,42,1,67,9,124.0,156.67767963709417
10,37,1700,85,36,0,65,16,278.0,0.0
10,37,1700,70,44,1,61,5,106.0,129.66734597050544
10,37,1700,85,44,0,59,5,100.0,0.0
10,37,1700,90,48,1,57,7,156.0,237.27515560688198
10,37,1700,80,50,1,33,2,64.0,63.13924408756139
10,37,1700,85,48,0,61,7,148.0,0.0
10,37,1700,90,37,0,65,17,270.0,0.0
10,37,1700,70,42,1,51,7,86.0,93.12123330052441
10,37,1700,60,44,1,61,9,128.0,187.91194053606793
10,37,1700,75,50,0,93,7,146.0,0.0
10,37,1700,80,45,1,65,9,132.0,114.23337713014193
10,37,1700,75,48,0,75,6,140.0,0.0
10,37,1700,70,47,1,55,2,56.0,8.310183191966694
10,37,1700,85,50,0,95,9,214.0,0.0
10,37,1700,90,36,0,59,13,166.0,0.0
10,37,1700,80,37,0,95,19,256.0,0.0
10,37,1700,60,38,0,59,6,126.0,0.0
10,37,1700,80,39,1,35,11,162.0,202.22165665259274
10,37,1700,70,45,0,67,8,148.0,0.0
10,37,1700,65,49,1,57,6,98.0,63.4570395971378
10,37,1700,80,48,1,33,3,34.0,80.07318939641404
10,37,1700,75,35,1,67,11,250.0,127.62954298868
10,37,1700,90,35,0,61,16,242.0,0.0
10,37,1700,70,37,1,45,11,110.0,128.70773608657268
10,37,1700,75,45,1,35,11,144.0,201.7372187525313
10,37,1700,75,49,0,33,6,116.0,0.0
10,37,1700,70,46,1,37,6,106.0,46.17086392573157
10,37,1700,60,47,0,55,4,80.0,0.0
10,37,1700,65,42,0,81,8,174.0,0.0
10,37,1700,80,35,1,43,8,86.0,119.18660140346458
10,37,1600,75,39,1,57,9,112.0,246.17019329772765
10,37,1600,65,38,0,85,15,264.0,0.0
10,37,1700,90,49,1,61,10,174.0,95.51012336355721
10,37,1700,80,42,0,51,6,118.0,0.0
10,37,1700,70,47,0,65,7,128.0,0.0
10,37,1600,85,38,1,67,15,256.0,189.61658788280968
10,37,1600,90,50,1,51,2,52.0,65.54886118878383
10,37,1600,90,40,0,91,13,180.0,0.0
10,37,1600,70,41,0,57,6,80.0,0.0
10,37,1600,65,40,1,51,6,108.0,63.01705758074615
10,37,1600,85,39,1,41,13,106.0,226.9003841661175
10,37,1600,80,50,0,61,4,92.0,0.0
10,37,1600,80,40,0,73,7,126.0,0.0
10,37,1600,75,44,1,85,10,112.0,186.93875488940392
10,37,1600,80,43,0,59,6,126.0,0.0
10,37,1600,85,44,1,53,6,118.0,142.277771309271
10,37,1600,60,48,0,31,7,98.0,0.0
10,37,1600,65,50,0,85,7,116.0,0.0
10,37,1600,85,50,1,59,7,130.0,217.5052422430827
10,37,1600,85,50,1,39,6,66.0,123.09117575899322
10,37,1600,75,35,0,63,19,284.0,0.0
10,37,1600,65,35,0,63,11,174.0,0.0
10,37,1600,75,45,1,71,7,96.0,127.25799884635889
10,37,1600,90,45,0,55,8,144.0,0.0
10,37,1600,80,43,0,87,8,148.0,0.0
10,37,1600,65,46,1,69,6,132.0,78.20920268762387
10,37,1600,85,50,1,51,7,106.0,167.31505970348778
10,37,1600,75,35,1,81,14,222.0,173.763382857597
10,37,1600,60,36,0,55,10,118.0,0.0
10,37,1600,70,44,1,47,5,80.0,100.64894428499983
10,37,1600,80,46,1,43,7,96.0,75.99852456702348
10,37,1600,85,45,1,89,6,152.0,134.93999279174344
10,37,1600,70,41,0,47,6,106.0,0.0
10,37,1600,65,44,0,85,7,190.0,0.0
10,37,1600,85,39,0,53,12,212.0,0.0
10,37,1600,70,35,1,31,7,122.0,79.41974276673542
10,37,1600,70,36,0,117,12,214.0,0.0
10,37,1600,75,44,1,45,5,100.0,111.40980667397335
10,37,1600,85,43,0,85,14,172.0,0.0
10,37,1600,70,44,1,55,6,142.0,115.84656090814323
10,37,1600,90,37,0,59,12,154.0,0.0
10,37,1600,65,36,1,61,11,188.0,89.54403812876177
10,37,1600,75,49,0,117,7,176.0,0.0
10,37,1600,60,41,0,87,9,226.0,0.0
10,37,1600,60,48,1,29,2,30.0,32.861660942076426
10,37,1600,70,40,0,55,6,164.0,0.0
10,37,1600,65,42,1,57,11,122.0,145.419553974015
10,37,1600,85,41,0,93,7,158.0,0.0
10,37,1600,90,50,0,31,4,92.0,0.0
10,37,1600,70,48,1,47,7,122.0,143.73177673943394
10,37,1600,80,45,1,29,3,54.0,47.18880880637463
10,37,1600,85,36,0,83,12,214.0,0.0
10,37,1600,80,35,0,83,9,144.0,0.0
10,37,1600,90,44,1,61,8,86.0,190.22168956319481
10,37,1600,85,41,1,59,15,248.0,310.98593626794826
10,37,1600,70,49,0,113,10,178.0,0.0
10,37,1600,70,37,0,49,6,50.0,0.0
10,37,1600,60,48,1,57,3,58.0,65.10893263157385
10,37,1600,60,50,1,79,9,198.0,232.75797565889837
10,37,1600,60,41,1,31,4,82.0,110.12495818558328
10,37,1600,70,37,1,55,8,86.0,78.86842254401122
10,37,1600,70,47,0,53,5,84.0,0.0
10,37,1600,90,47,1,61,8,146.0,104.79606159941255
10,37,1600,60,44,0,85,5,110.0,0.0
10,37,1600,80,35,0,81,11,138.0,0.0
10,37,1600,90,50,1,31,4,86.0,155.08135057036824
10,37,1600,85,50,0,25,1,26.0,0.0
10,37,1600,70,35,1,77,13,178.0,151.0408851878886
10,37,1600,85,37,1,53,7,186.0,65.06009323218325
10,37,1600,80,37,0,57,11,180.0,0.0
10,37,1600,80,44,0,55,10,172.0,0.0
10,37,1600,65,43,1,61,8,172.0,184.16373102942342
10,37,1600,65,45,1,81,7,120.0,107.36529020701988
10,37,1600,90,50,0,63,9,176.0,0.0
10,37,1600,60,45,0,39,5,90.0,0.0
10,37,1600,80,37,0,59,13,230.0,0.0
10,37,1600,80,40,0,91,9,144.0,0.0
10,37,1600,75,42,1,63,9,156.0,183.23608928355222
10,37,1600,85,48,1,51,9,130.0,220.91341486747146
10,37,1600,85,38,1,35,6,100.0,66.8560730094855
10,37,1600,85,43,1,73,7,120.0,91.66941050309521
10,37,1600,70,47,0,35,2,36.0,0.0
10,37,1600,60,35,0,57,10,164.0,0.0
10,37,1600,75,41,0,41,5,90.0,0.0
10,37,1600,70,35,0,81,17,256.0,0.0
10,37,1600,75,36,1,61,7,148.0,62.44158147157277
10,37,1600,75,48,1,77,5,110.0,101.25585077715833
10,37,1600,85,50,0,31,3,70.0,0.0
10,37,1600,70,49,1,41,10,126.0,93.27779844378179
10,37,1600,75,44,1,93,10,206.0,311.4249089947403
10,37,1600,80,40,1,93,12,248.0,151.75928057783622
10,37,1600,70,40,0,61,11,146.0,0.0
10,37,1600,85,41,1,79,8,144.0,196.82227688819842
10,37,1600,65,46,0,59,5,118.0,0.0
10,37,1600,70,50,1,57,7,122.0,120.84110117228505
10,37,1600,90,48,0,59,11,120.0,0.0
10,37,1600,75,50,0,45,7,76.0,0.0
10,37,1600,70,39,0,53,4,76.0,0.0
10,37,1600,70,37,1,83,8,154.0,110.54358520797322
10,37,1600,80,45,0,63,9,200.0,0.0
10,37,1600,90,38,1,51,10,140.0,112.21534892249278
10,37,1600,65,41,0,87,10,192.0,0.0
10,37,1600,80,48,1,63,7,128.0,149.30685922298363
10,37,1500,85,43,1,45,3,64.0,34.40116718598599
10,37,1500,70,40,0,77,11,192.0,0.0
10,37,1500,65,37,0,41,7,96.0,0.0
10,37,1500,80,43,1,49,2,50.0,19.798040308145726
10,37,1500,80,49,0,55,6,132.0,0.0
10,37,1500,65,48,1,29,2,52.0,74.76565811499866
10,37,1500,65,49,1,29,3,48.0,25.491689654588107
10,37,1500,75,50,1,29,6,82.0,106.26899358809902
10,37,1500,60,45,0,57,7,140.0,0.0
10,37,1500,80,38,1,75,12,212.0,146.9568253887826
10,37,1500,75,42,0,71,9,154.0,0.0
10,37,1500,70,44,1,83,8,136.0,215.28444686761517
10,37,1500,90,46,0,55,5,102.0,0.0
10,37,1500,70,48,1,31,9,58.0,187.21560183578225
10,37,1500,80,47,0,67,6,152.0,0.0
10,37,1500,70,49,0,53,4,74.0,0.0
10,37,1500,90,35,0,55,6,130.0,0.0
10,37,1500,60,36,1,41,12,138.0,155.79847116632973
10,37,1500,90,37,1,53,7,142.0,94.34448113505654
10,37,1500,75,42,0,59,8,108.0,0.0
10,37,1500,80,39,0,53,10,154.0,0.0
10,37,1500,65,48,1,57,10,154.0,242.25067932882416
10,37,1500,70,41,1,57,5,92.0,116.16201847307414
10,37,1500,75,39,1,55,9,176.0,304.6697687168067
10,37,1500,60,40,0,117,8,144.0,0.0
10,37,1500,85,46,0,43,4,86.0,0.0
10,37,1500,90,48,0,25,4,46.0,0.0
10,37,1500,90,46,0,59,12,146.0,0.0
10,37,1500,85,47,1,51,6,94.0,81.2569801914702
10,37,1500,90,50,1,55,11,168.0,274.7373999421177
10,37,1500,75,40,0,45,7,96.0,0.0
10,37,1500,80,43,1,23,1,24.0,17.26161625871205
10,37,1500,60,41,1,37,5,66.0,80.87153227035645
10,37,1500,70,42,0,43,5,74.0,0.0
10,37,1500,70,48,1,41,4,64.0,112.40447271383393
10,37,1500,70,43,0,65,6,96.0,0.0
10,37,1500,80,39,1,85,10,216.0,268.2199666037448
10,37,1500,80,36,1,35,4,36.0,28.168004599606203
10,37,1500,65,42,0,27,4,28.0,0.0
10,37,1500,85,35,0,43,13,154.0,0.0
10,37,1500,85,48,1,29,2,58.0,31.485329552836884
10,37,1500,90,44,0,57,8,138.0,0.0
10,37,1500,80,41,0,51,9,124.0,0.0
10,37,1500,70,47,1,51,4,80.0,46.01165725982867
10,37,1500,90,38,1,37,4,68.0,36.48060139455815
10,37,1500,80,42,0,83,8,126.0,0.0
10,37,1500,75,36,1,33,6,92.0,72.35437841052433
10,37,1500,80,38,1,59,11,194.0,78.93561206826017
10,37,1500,65,45,1,63,7,140.0,119.86402304337672
10,37,1500,65,47,0,5,1,6.0,0.0
10,37,1500,80,50,0,113,8,162.0,0.0
10,37,1500,80,38,0,57,10,174.0,0.0
10,37,1500,60,36,0,37,6,92.0,0.0
10,37,1500,70,42,1,37,9,100.0,163.64451807455285
10,37,1500,75,43,1,43,5,70.0,61.812812361473654
10,37,1500,75,41,0,55,8,108.0,0.0
10,37,1500,85,49,1,63,4,64.0,43.492066965514645
10,37,1500,75,50,0,55,3,56.0,0.0
10,37,1500,70,39,1,63,5,64.0,131.10080792627036
10,37,1500,80,49,1,71,6,72.0,73.14030196701056
10,37,1500,70,38,0,53,8,146.0,0.0
10,37,1500,90,42,1,41,4,92.0,109.85640631908514
10,37,1500,80,50,0,79,5,80.0,0.0
10,37,1500,90,49,0,29,3,54.0,0.0
10,37,1500,80,47,1,41,5,42.0,75.37588291154573
10,37,1500,80,35,1,31,7,104.0,59.80484560287626
10,37,1500,90,41,0,75,10,188.0,0.0
10,37,1500,85,42,1,35,12,118.0,230.7911726395638
10,37,1500,85,46,0,29,3,36.0,0.0
10,37,1500,70,46,0,85,10,190.0,0.0
10,37,1500,75,46,1,53,12,132.0,175.79610116305756
10,37,1500,90,48,1,55,6,86.0,140.9525961424981
10,37,1500,90,49,0,43,7,100.0,0.0
10,37,1500,80,35,1,39,9,120.0,129.33627779260206
10,37,1500,90,36,1,71,7,118.0,56.3080426379847
10,37,1500,80,37,0,21,3,36.0,0.0
10,37,1500,75,41,0,53,4,82.0,0.0
10,37,1500,90,41,1,55,11,138.0,139.62997839005715
10,37,1500,60,44,0,19,1,20.0,0.0
10,37,1500,60,46,0,27,2,50.0,0.0
10,37,1500,75,35,0,57,11,182.0,0.0
10,37,1500,60,37,0,47,8,124.0,0.0
10,37,1500,85,45,1,55,5,86.0,114.98018655772073
10,37,1500,90,44,1,75,5,104.0,137.078277361849
10,37,1500,80,46,1,67,9,152.0,113.75614584239491
10,37,1500,75,42,0,29,5,88.0,0.0
10,37,1500,85,45,1,55,9,110.0,150.04287093193602
10,37,1500,90,35,0,55,13,214.0,0.0
10,37,1500,60,36,1,63,9,122.0,68.81750713933437
10,37,1500,65,38,1,45,6,110.0,91.0655074776755
10,37,1500,75,45,0,53,9,94.0,0.0
10,37,1500,65,42,0,27,5,76.0,0.0
10,37,1500,70,40,1,61,13,178.0,242.48005094385235
10,37,1500,90,45,1,29,6,58.0,90.29286599583193
10,37,1500,80,38,0,57,12,190.0,0.0
10,37,1500,80,41,0,17,2,18.0,0.0
10,37,1500,75,42,1,35,5,62.0,101.44725715651961
10,36,3000,90,38,1,173,33,604.0,528.6486858728093
10,36,3000,90,42,0,113,31,670.0,0.0
10,37,1500,80,45,0,49,5,74.0,0.0
10,37,1500,65,49,1,33,4,62.0,80.4426464642565
10,36,3000,70,39,0,109,31,616.0,0.0
10,36,3000,80,43,1,117,30,550.0,641.4528491713861
10,37,1500,80,48,0,57,7,116.0,0.0
10,36,3000,75,35,0,215,34,818.0,0.0
10,36,3000,90,40,0,145,31,702.0,0.0
10,36,3000,75,43,1,231,22,658.0,521.1743585251966
10,36,3000,85,45,0,169,26,544.0,0.0
10,36,3000,60,44,1,165,24,596.0,467.64139404351533
10,36,3000,65,48,1,107,22,514.0,516.5788810699856
10,36,3000,80,49,1,133,27,476.0,425.8445744231635
10,36,3000,90,38,1,67,31,422.0,517.8061724263189
10,36,3000,90,37,0,109,28,566.0,0.0
10,36,3000,60,44,0,153,25,652.0,0.0
10,36,3000,80,43,0,219,29,768.0,0.0
10,36,3000,70,47,1,167,18,670.0,232.47654518902735
10,36,3000,90,47,0,113,24,592.0,0.0
10,36,3000,70,49,1,207,26,782.0,412.23930816250686
10,36,3000,80,36,0,157,31,664.0,0.0
10,36,3000,90,39,0,175,34,990.0,0.0
10,36,3000,85,37,1,111,36,658.0,563.4534725351556
10,36,3000,60,41,1,207,26,644.0,530.8280706089033
10,36,3000,70,39,0,285,34,1020.0,0.0
10,36,3000,75,45,1,129,22,500.0,311.5291748928197
10,36,3000,90,44,1,115,28,604.0,661.1337867719435
10,36,3000,60,36,1,223,35,724.0,573.2231962370054
10,36,3000,85,38,0,161,29,686.0,0.0
10,36,3000,80,38,0,105,27,660.0,0.0
10,36,3000,60,43,1,121,26,578.0,580.8820895037513
10,36,3000,75,46,0,115,21,468.0,0.0
10,36,3000,85,39,1,163,28,628.0,575.3495465783383
10,36,3000,80,46,0,113,19,590.0,0.0
10,36,3000,60,38,1,117,28,650.0,395.5213251630942
10,36,3000,85,42,1,127,33,640.0,556.3148691532116
10,36,3000,80,43,0,175,30,924.0,0.0
10,36,3000,85,42,0,111,26,548.0,0.0
10,36,3000,90,42,1,71,31,460.0,529.5830247467998
10,36,3000,65,50,0,113,20,600.0,0.0
10,36,3000,85,46,1,171,24,706.0,474.1324723710388
10,36,3000,80,37,0,115,32,728.0,0.0
10,36,3000,80,39,0,113,31,562.0,0.0
10,36,3000,80,38,0,111,33,710.0,0.0
10,36,3000,60,37,0,171,30,838.0,0.0
10,36,3000,70,42,1,111,30,638.0,589.8534433083789
10,36,3000,70,42,1,169,27,722.0,503.1713376460188
10,36,3000,90,49,1,115,18,598.0,331.66515248315375
10,36,3000,90,40,1,83,35,494.0,553.1062487543371
10,36,3000,75,41,0,117,32,782.0,0.0
10,36,3000,75,45,1,87,19,370.0,471.2832442008395
10,36,3000,85,43,1,113,29,712.0,555.2227502008833
10,36,3000,85,46,0,113,23,622.0,0.0
10,36,3000,70,45,0,167,25,586.0,0.0
10,36,3000,75,45,1,109,26,602.0,455.9004278928424
10,36,3000,80,35,0,113,36,720.0,0.0
10,36,3000,90,40,1,115,32,522.0,479.0411548163462
10,36,3000,90,35,0,115,34,592.0,0.0
10,36,3000,70,46,0,117,27,640.0,0.0
10,36,3000,75,43,1,205,29,808.0,637.5060650113605
10,36,3000,85,41,1,113,30,672.0,559.5717505360012
10,36,3000,60,47,0,115,22,500.0,0.0
10,36,3000,70,35,1,111,35,622.0,585.8651517924072
10,36,3000,60,42,0,111,26,626.0,0.0
10,36,3000,75,42,1,101,27,538.0,425.39278241580035
10,36,3000,90,43,0,165,27,646.0,0.0
10,36,3000,90,44,1,99,23,556.0,583.7128302213763
10,36,3000,65,46,0,105,20,474.0,0.0
10,36,3000,70,46,1,111,20,444.0,477.17102410831984
10,36,3000,80,37,0,107,35,710.0,0.0
10,36,3000,90,36,0,115,32,634.0,0.0
10,36,3000,65,38,1,163,32,760.0,491.2681000505865
10,36,3000,90,39,1,117,34,684.0,791.6154526199554
10,36,3000,65,42,1,135,29,574.0,502.54369852043754
10,36,3000,80,42,0,115,32,720.0,0.0
10,36,3000,60,48,0,117,20,510.0,0.0
10,36,3000,70,38,0,107,27,636.0,0.0
10,36,3000,70,45,0,165,19,610.0,0.0
10,36,3000,90,45,1,159,29,638.0,742.432577675577
10,36,3000,65,48,1,155,16,548.0,354.86672509532053
10,36,3000,60,47,1,109,23,602.0,423.75811785275977
10,36,3000,75,50,1,105,14,396.0,521.7507221477796
10,36,3000,70,48,0,149,19,462.0,0.0
10,36,3000,85,35,0,115,31,510.0,0.0
10,36,3000,90,38,1,101,31,584.0,457.1006097060787
10,36,3000,60,43,1,115,24,510.0,514.192245523946
10,36,3000,70,41,0,165,31,858.0,0.0
10,36,3000,70,49,1,105,17,420.0,315.43160162300376
10,36,3000,80,49,0,165,19,596.0,0.0
10,36,3000,75,50,0,113,20,586.0,0.0
10,36,3000,90,36,1,77,34,536.0,459.6911099280165
10,36,3000,85,45,1,157,28,674.0,661.4703622474937
10,36,3000,65,46,0,107,23,494.0,0.0
10,36,3000,70,47,0,163,25,638.0,0.0
10,36,3000,85,49,0,173,21,606.0,0.0
10,36,3000,75,49,1,157,23,484.0,326.5122854059351
10,36,3000,80,50,1,153,25,496.0,709.1356302477432
10,36,2900,90,36,0,111,36,604.0,0.0
10,36,2900,85,42,1,169,31,846.0,496.40965723751356
10,36,3000,80,45,0,135,23,668.0,0.0
10,36,3000,70,45,1,111,26,580.0,468.0877077522286
10,36,3000,75,46,0,169,20,670.0,0.0
10,36,3000,90,50,1,81,22,416.0,674.6002803509072
10,36,3000,65,50,0,111,15,384.0,0.0
10,36,2900,70,37,0,227,33,764.0,0.0
10,36,2900,75,40,1,109,29,608.0,603.6108361601539
10,36,2900,75,44,1,167,29,624.0,647.1642537349347
10,36,2900,70,44,0,157,32,762.0,0.0
10,36,2900,85,46,1,127,22,514.0,401.8874118631887
10,36,2900,85,46,0,273,26,598.0,0.0
10,36,2900,65,49,1,111,24,590.0,446.65355813804905
10,36,2900,80,35,1,145,36,756.0,580.2348335115654
10,36,2900,70,47,0,161,22,590.0,0.0
10,36,2900,65,47,1,79,24,458.0,415.1103450389028
10,36,2900,65,50,0,261,17,488.0,0.0
10,36,2900,70,49,1,103,21,530.0,364.59656271269523
10,36,2900,65,47,0,159,25,748.0,0.0
10,36,2900,85,50,0,107,14,456.0,0.0
10,36,2900,80,36,1,77,34,538.0,459.85405499425457
10,36,2900,90,36,1,109,33,658.0,470.58282472708385
10,36,2900,65,37,0,169,30,718.0,0.0
10,36,2900,90,47,1,105,26,518.0,471.71295075626875
10,36,2900,85,39,0,161,30,858.0,0.0
10,36,2900,85,46,1,103,22,424.0,456.5189363160336
10,36,2900,70,44,0,145,24,510.0,0.0
10,36,2900,85,39,1,101,32,666.0,489.8038305916188
10,36,2900,85,39,0,113,32,676.0,0.0
10,36,2900,85,43,0,105,24,602.0,0.0
10,36,2900,60,46,0,97,18,478.0,0.0
10,36,2900,60,48,0,163,19,580.0,0.0
10,36,2900,80,48,1,113,22,490.0,520.2611421813469
10,36,2900,60,47,1,105,19,560.0,321.4533822962969
10,36,2900,75,36,0,277,33,806.0,0.0
10,36,2900,70,42,0,161,26,774.0,0.0
10,36,2900,85,39,1,109,31,542.0,671.5740133873043
10,36,2900,65,40,1,165,30,722.0,476.9653614904538
10,36,2900,60,47,1,73,16,412.0,324.03757942289286
10,36,2900,75,48,1,111,14,400.0,264.8821633093763
10,36,2900,70,43,0,163,25,896.0,0.0
10,36,2900,75,35,0,155,34,632.0,0.0
10,36,2900,85,40,1,77,26,494.0,408.4207625074629
10,36,2900,85,40,1,173,29,662.0,626.0294887841719
10,36,2900,80,45,0,107,28,498.0,0.0
10,36,2900,75,40,0,157,22,708.0,0.0
10,36,2900,70,47,0,109,22,682.0,0.0
10,36,2900,60,49,1,75,12,298.0,213.66792786268923
10,36,2900,90,41,0,57,25,464.0,0.0
10,36,2900,70,37,0,115,27,678.0,0.0
10,36,2900,70,41,0,207,28,776.0,0.0
10,36,2900,70,45,1,107,31,526.0,753.8485825212153
10,36,2900,75,42,1,111,29,568.0,536.1647888904915
10,36,2900,60,49,1,109,24,652.0,412.7470161044817
10,36,2900,80,49,1,79,25,428.0,409.1685295667081
10,36,2900,75,35,1,111,33,640.0,497.26934300537783
10,36,2900,70,35,1,67,32,498.0,506.1943705023014
10,36,2900,80,40,0,113,22,564.0,0.0
10,36,2900,90,43,1,113,25,666.0,606.8384623952287
10,36,2900,65,47,0,75,21,376.0,0.0
10,36,2900,60,40,0,155,26,716.0,0.0
10,36,2900,75,50,0,107,14,380.0,0.0
10,36,2900,65,35,1,115,34,602.0,545.1601985026228
10,36,2900,75,35,1,87,29,480.0,556.8674454197997
10,36,2900,90,40,0,163,26,520.0,0.0
10,36,2900,75,40,1,157,28,632.0,466.28617798193596
10,36,2900,80,43,0,169,25,632.0,0.0
10,36,2900,60,47,1,101,24,634.0,428.81894288533545
10,36,2900,80,50,0,149,25,740.0,0.0
10,36,2900,90,42,0,113,26,714.0,0.0
10,36,2900,60,44,0,153,16,458.0,0.0
10,36,2900,80,46,0,103,20,498.0,0.0
10,36,2900,65,48,0,95,19,490.0,0.0
10,36,2900,75,49,1,77,23,378.0,254.03736540526407
10,36,2900,85,46,1,113,27,566.0,421.93334236616084
10,36,2900,85,43,1,169,23,584.0,460.8740242344905
10,36,2900,90,43,1,163,31,712.0,540.4826782977038
10,36,2900,65,40,0,109,25,664.0,0.0
10,36,2900,65,37,1,111,31,610.0,582.6511817677672
10,36,2900,60,37,0,169,29,796.0,0.0
10,36,2900,85,40,1,121,34,610.0,517.3517459604066
10,36,2900,70,37,0,209,34,892.0,0.0
10,36,2900,60,49,1,163,17,472.0,342.6334784075013
10,36,2900,60,48,0,169,20,686.0,0.0
10,36,2900,85,35,1,107,33,610.0,456.707978717476
10,36,2900,65,37,1,109,31,630.0,451.61236524491505
10,36,2900,85,45,1,167,22,478.0,526.4690941844036
10,36,2900,60,45,0,157,22,488.0,0.0
10,36,2900,85,47,1,57,21,448.0,357.34367810758
10,36,2900,65,46,0,107,24,566.0,0.0
10,36,2900,85,44,0,165,22,556.0,0.0
10,36,2900,85,37,0,161,33,706.0,0.0
10,36,2900,65,38,1,113,33,696.0,612.545284019487
10,36,2900,85,44,0,109,29,534.0,0.0
10,36,2900,70,42,1,165,27,742.0,484.8878231387914
10,36,2900,75,41,1,79,27,426.0,547.4741585444131
10,36,2900,65,43,0,165,25,726.0,0.0
10,36,2900,75,46,0,155,23,628.0,0.0
10,36,2900,70,35,0,107,31,564.0,0.0
10,36,2900,75,43,1,161,29,624.0,599.2713097202949
10,36,2800,60,42,1,153,25,446.0,295.47556378032493
10,36,2900,75,46,1,113,26,476.0,482.9143879278408
10,36,2900,60,40,1,133,27,578.0,397.2225074441389
10,36,2900,75,47,0,111,15,576.0,0.0
10,36,2900,90,48,0,115,24,660.0,0.0
10,36,2800,75,36,0,155,31,732.0,0.0
10,36,2800,80,39,0,155,27,630.0,0.0
10,36,2800,90,43,1,111,29,638.0,528.6470559071754
10,36,2800,70,44,0,97,17,496.0,0.0
10,36,2800,90,44,1,101,24,376.0,553.2379196966112
10,36,2800,60,44,1,195,23,626.0,582.2215581153865
10,36,2800,85,47,0,103,15,454.0,0.0
10,36,2800,90,37,0,101,27,538.0,0.0
10,36,2800,65,42,1,115,29,632.0,642.1167967150814
10,36,2800,85,42,1,207,31,782.0,544.1473029197136
10,36,2800,60,41,0,109,18,488.0,0.0
10,36,2800,85,50,1,111,21,394.0,660.4740754436962
10,36,2800,90,49,0,105,21,532.0,0.0
10,36,2800,75,44,1,101,18,488.0,597.5814019348669
10,36,2800,75,40,0,159,27,716.0,0.0
10,36,2800,60,35,1,95,31,590.0,467.75359668170654
10,36,2800,85,38,0,161,34,814.0,0.0
10,36,2800,75,45,0,165,26,708.0,0.0
10,36,2800,80,36,0,151,34,728.0,0.0
10,36,2800,85,50,1,65,12,248.0,203.60771828885268
10,36,2800,60,49,1,139,11,286.0,155.95461440251083
10,36,2800,80,47,1,69,16,326.0,353.03764988242546
10,36,2800,65,41,0,99,22,502.0,0.0
10,36,2800,70,47,0,159,14,428.0,0.0
10,36,2800,65,42,1,115,21,474.0,510.9423999024826
10,36,2800,75,44,1,141,27,682.0,574.1345871431771
10,36,2800,65,42,1,107,25,520.0,531.679715639276
10,36,2800,60,50,0,141,12,366.0,0.0
10,36,2800,75,38,0,213,28,666.0,0.0
10,36,2800,80,36,1,103,28,560.0,460.28192904019625
10,36,2800,80,35,1,107,34,560.0,571.79562274829
10,36,2800,65,36,0,153,33,828.0,0.0
10,36,2800,65,44,0,149,25,518.0,0.0
10,36,2800,60,35,1,211,33,794.0,546.9598697104013
10,36,2800,90,49,0,93,18,422.0,0.0
10,36,2800,65,36,1,151,23,460.0,376.4767714520018
10,36,2800,60,36,1,77,27,450.0,418.12489226372753
10,36,2800,65,42,1,71,28,500.0,597.2483987447888
10,36,2800,60,49,0,149,16,338.0,0.0
10,36,2800,85,43,0,165,27,622.0,0.0
10,36,2800,75,50,0,129,12,316.0,0.0
10,36,2800,70,45,1,107,18,546.0,442.0612207736255
10,36,2800,80,36,0,107,33,602.0,0.0
10,36,2800,75,35,1,69,30,454.0,502.2534896348695
10,36,2800,60,45,1,97,22,508.0,361.0055998244089
10,36,2800,85,39,0,155,28,654.0,0.0
10,36,2800,65,35,1,105,29,558.0,548.7237422150887
10,36,2800,80,41,0,103,24,514.0,0.0
10,36,2800,65,50,1,157,19,432.0,410.8351028850318
10,36,2800,60,45,0,137,21,416.0,0.0
10,36,2800,60,38,0,109,26,602.0,0.0
10,36,2800,70,43,0,161,25,816.0,0.0
10,36,2800,90,45,1,95,27,538.0,502.46424591710917
10,36,2800,75,48,1,135,16,424.0,410.3138326403507
10,36,2800,80,50,1,85,20,372.0,493.63824263360533
10,36,2800,85,44,0,149,16,566.0,0.0
10,36,2800,65,47,0,101,19,536.0,0.0
10,36,2800,75,37,1,73,27,466.0,367.3946690511535
10,36,2800,80,43,0,151,23,718.0,0.0
10,36,2800,90,42,1,103,27,482.0,478.11000878544655
10,36,2800,75,45,0,153,21,704.0,0.0
10,36,2800,85,40,1,161,31,636.0,605.4933852918289
10,36,2800,80,49,0,273,21,714.0,0.0
10,36,2800,60,39,1,107,20,510.0,500.8745059922851
10,36,2800,85,41,0,161,29,668.0,0.0
10,36,2800,60,37,1,83,24,386.0,419.69768284584796
10,36,2800,75,38,1,73,27,508.0,477.5876180110472
10,36,2800,90,40,0,131,29,694.0,0.0
10,36,2800,60,45,1,75,18,480.0,312.92562617037055
10,36,2800,60,49,0,155,11,388.0,0.0
10,36,2800,85,42,0,149,27,634.0,0.0
10,36,2800,80,50,1,157,21,508.0,554.5015765544676
10,36,2800,80,38,0,111,29,652.0,0.0
10,36,2800,80,36,1,157,34,594.0,430.0950558825222
10,36,2800,90,38,1,149,34,620.0,429.19480755212214
10,36,2800,90,42,0,111,28,638.0,0.0
10,36,2800,85,50,1,111,18,484.0,405.2167872416591
10,36,2800,80,37,1,161,30,652.0,322.87814769797836
10,36,2800,85,39,0,107,28,654.0,0.0
10,36,2800,75,47,0,109,17,388.0,0.0
10,36,2800,75,49,0,107,20,516.0,0.0
10,36,2800,90,36,1,73,33,556.0,451.5097317562193
10,36,2800,70,42,1,107,26,486.0,374.030137093745
10,36,2800,65,43,0,145,16,472.0,0.0
10,36,2800,85,41,1,153,22,572.0,461.32329553324104
10,36,2800,65,44,0,257,22,678.0,0.0
10,36,2800,60,47,0,161,17,480.0,0.0
10,36,2800,80,43,0,109,25,630.0,0.0
10,36,2800,90,48,1,163,25,638.0,635.0818590424232
10,36,2800,85,50,1,83,16,286.0,433.85295785923626
10,36,2800,85,45,1,107,20,612.0,463.48919732908956
10,36,2800,60,44,0,111,14,366.0,0.0
10,36,2800,70,49,1,129,22,576.0,390.1551197674781
10,36,2800,90,49,0,151,23,484.0,0.0
10,36,2800,75,43,1,97,22,466.0,522.7874126429595
10,36,2800,70,46,0,109,20,504.0,0.0
10,36,2800,85,44,1,105,25,628.0,428.3199307877413
10,36,2700,75,48,0,157,14,556.0,0.0
10,36,2800,70,48,0,91,18,448.0,0.0
10,36,2700,75,50,1,101,16,380.0,441.834162306277
10,36,2800,85,46,0,143,21,590.0,0.0
10,36,2700,60,36,0,143,28,584.0,0.0
10,36,2700,85,37,0,105,32,576.0,0.0
10,36,2700,85,39,1,103,28,492.0,565.5016342703735
10,36,2700,75,44,1,79,18,382.0,378.50317625443665
10,36,2700,85,48,1,143,21,442.0,497.96309205467367
10,36,2700,60,42,0,143,15,388.0,0.0
10,36,2700,60,50,0,85,10,330.0,0.0
10,36,2700,60,49,1,111,13,362.0,210.7026470945675
10,36,2700,65,37,0,153,24,606.0,0.0
10,36,2700,90,45,1,59,21,422.0,318.83649670838514
10,36,2700,60,48,1,73,13,336.0,286.6003647891858
10,36,2700,75,47,0,59,20,356.0,0.0
10,36,2700,90,48,0,107,15,380.0,0.0
10,36,2700,90,46,1,115,24,434.0,301.04574196783807
10,36,2700,90,47,1,103,20,446.0,376.66245850197527
10,36,2700,80,38,1,103,31,614.0,581.5443609524114
10,36,2700,70,36,0,149,26,596.0,0.0
10,36,2700,80,41,1,89,30,510.0,556.1322254893194
10,36,2700,75,44,0,153,26,700.0,0.0
10,36,2700,85,47,0,101,14,368.0,0.0
10,36,2700,80,50,0,91,10,308.0,0.0
10,36,2700,85,50,1,147,16,388.0,415.6359333376634
10,36,2700,60,40,0,121,18,468.0,0.0
10,36,2700,70,40,1,197,25,596.0,369.748164771808
10,36,2700,60,42,0,103,24,558.0,0.0
10,36,2700,90,44,1,95,21,418.0,356.12034830736025
10,36,2700,70,47,0,89,13,340.0,0.0
10,36,2700,70,40,0,99,27,558.0,0.0
10,36,2700,70,47,1,95,20,408.0,268.17359225884906
10,36,2700,85,50,1,93,18,338.0,497.4619375094152
10,36,2700,90,39,1,207,29,688.0,581.1926879206737
10,36,2700,65,37,1,145,32,596.0,409.19513080168014
10,36,2700,75,36,1,99,31,558.0,357.4579857797922
10,36,2700,80,37,0,103,32,620.0,0.0
10,36,2700,80,36,0,101,30,680.0,0.0
10,36,2700,75,37,0,151,27,544.0,0.0
10,36,2700,60,44,1,103,19,356.0,461.4236973033298
10,36,2700,90,49,0,105,20,556.0,0.0
10,36,2700,75,37,0,99,22,438.0,0.0
10,36,2700,65,38,1,83,24,440.0,367.03149067959646
10,36,2700,70,39,1,153,26,486.0,534.7855272017972
10,36,2700,90,44,0,105,27,630.0,0.0
10,36,2700,65,44,1,103,20,470.0,531.3101058295341
10,36,2700,85,50,0,105,18,480.0,0.0
10,36,2700,70,44,1,219,25,582.0,526.2413896210921
10,36,2700,60,36,1,99,20,454.0,326.95527125110834
10,36,2700,90,36,1,73,36,484.0,476.2205748470633
10,36,2700,65,43,0,107,17,382.0,0.0
10,36,2700,60,43,0,101,17,418.0,0.0
10,36,2700,75,44,0,95,19,540.0,0.0
10,36,2700,85,42,1,147,28,684.0,610.2179785422861
10,36,2700,65,46,0,97,19,454.0,0.0
10,36,2700,90,36,0,105,28,500.0,0.0
10,36,2700,65,37,1,75,21,382.0,333.53143191704663
10,36,2700,65,41,0,103,15,510.0,0.0
10,36,2700,75,43,1,99,24,450.0,444.68116960810437
10,36,2700,75,50,1,97,19,372.0,402.7660935822601
10,36,2700,90,44,1,199,20,506.0,467.82655663374857
10,36,2700,85,49,0,105,19,420.0,0.0
10,36,2700,90,35,1,75,32,418.0,453.2089933746817
10,36,2700,85,37,0,191,28,792.0,0.0
10,36,2700,75,39,0,153,27,732.0,0.0
10,36,2700,70,42,0,103,20,406.0,0.0
10,36,2700,85,42,1,103,25,452.0,440.78644322487315
10,36,2700,65,49,1,177,12,378.0,161.57586835522156
10,36,2700,85,50,0,99,14,516.0,0.0
10,36,2700,85,36,0,151,30,664.0,0.0
10,36,2700,65,41,0,101,22,490.0,0.0
10,36,2700,65,43,1,143,27,572.0,570.2477403047501
10,36,2700,60,48,0,93,12,238.0,0.0
10,36,2700,80,46,1,81,14,390.0,270.51902409174835
10,36,2700,90,41,1,149,30,580.0,495.7795053125954
10,36,2700,75,48,1,75,16,324.0,322.0752723389799
10,36,2700,60,37,0,145,19,636.0,0.0
10,36,2700,60,40,0,151,23,498.0,0.0
10,36,2700,75,43,1,143,27,502.0,616.7506799351227
10,36,2700,75,46,1,157,22,590.0,426.64188277228016
10,36,2700,80,47,0,105,23,566.0,0.0
10,36,2700,85,44,1,103,23,674.0,492.99535989249307
10,36,2700,75,50,0,93,16,332.0,0.0
10,36,2700,75,35,1,105,32,540.0,400.82009352005986
10,36,2700,70,38,1,145,27,564.0,494.0231443934639
10,36,2700,75,39,0,95,21,356.0,0.0
10,36,2700,85,35,1,103,32,490.0,418.45069415265056
10,36,2700,75,42,0,203,27,656.0,0.0
10,36,2700,65,43,0,103,18,472.0,0.0
10,36,2700,75,49,1,107,18,526.0,339.07509437301144
10,36,2700,90,35,1,105,31,482.0,407.1860839827683
10,36,2700,65,36,0,97,26,602.0,0.0
10,36,2700,75,38,1,65,25,456.0,424.30461113481186
10,36,2700,70,40,0,143,24,592.0,0.0
10,36,2700,60,45,0,153,16,504.0,0.0
10,36,2700,60,44,1,99,11,418.0,258.0359753970006
10,36,2700,85,50,0,133,22,474.0,0.0
10,36,2600,90,36,1,93,30,544.0,424.05590805019006
10,36,2700,90,36,1,153,28,680.0,415.15628980509587
10,36,2700,80,42,0,103,19,390.0,0.0
10,36,2600,90,44,1,91,21,358.0,445.5877139497775
10,36,2700,70,47,0,181,22,590.0,0.0
10,36,2700,65,47,1,87,17,282.0,282.58142006048865
10,36,2600,60,47,0,199,18,620.0,0.0
10,36,2600,75,36,0,149,29,716.0,0.0
10,36,2600,60,36,0,147,22,798.0,0.0
10,36,2600,90,38,1,141,34,724.0,503.0327774122304
10,36,2600,65,41,0,101,24,520.0,0.0
10,36,2600,65,47,1,75,18,310.0,245.20472868789255
10,36,2600,60,37,1,151,26,546.0,475.5200902066728
10,36,2600,60,46,0,51,12,294.0,0.0
10,36,2600,75,36,1,99,25,494.0,272.5640090262278
10,36,2600,60,39,1,93,21,452.0,394.93667413497036
10,36,2600,85,38,0,139,27,740.0,0.0
10,36,2600,85,46,0,147,20,464.0,0.0
10,36,2600,60,45,1,69,18,280.0,366.72239167174786
10,36,2600,60,44,1,107,19,436.0,468.2769755956054
10,36,2600,75,45,0,99,18,506.0,0.0
10,36,2600,90,36,1,95,34,522.0,403.4177474446203
10,36,2600,85,36,0,137,28,630.0,0.0
10,36,2600,70,40,0,191,22,682.0,0.0
10,36,2600,90,43,1,85,24,390.0,409.99062213857076
10,36,2600,80,44,0,191,16,474.0,0.0
10,36,2600,90,46,1,137,20,534.0,355.2339379013426
10,36,2600,70,49,0,95,15,414.0,0.0
10,36,2600,75,35,0,93,28,428.0,0.0
10,36,2600,75,44,0,89,17,352.0,0.0
10,36,2600,70,44,1,101,16,398.0,416.0900972776268
10,36,2600,85,39,0,97,19,406.0,0.0
10,36,2600,90,39,1,85,25,390.0,661.146834912085
10,36,2600,60,47,1,93,14,426.0,135.2988154937804
10,36,2600,60,38,1,99,20,434.0,344.8010599210532
10,36,2600,65,38,0,89,25,540.0,0.0
10,36,2600,75,39,0,99,25,578.0,0.0
10,36,2600,90,43,1,145,21,520.0,324.4430338191955
10,36,2600,80,39,1,93,26,548.0,550.2051471883705
10,36,2600,60,41,1,125,22,458.0,476.5206768257254
10,36,2600,70,50,0,95,11,362.0,0.0
10,36,2600,75,49,0,91,15,350.0,0.0
10,36,2600,60,36,1,77,27,396.0,417.2719746051792
10,36,2600,75,35,1,135,31,572.0,386.599009316535
10,36,2600,70,36,1,87,27,460.0,375.6175546604733
10,36,2600,90,38,0,147,28,542.0,0.0
10,36,2600,70,42,1,93,23,462.0,504.6016606509728
10,36,2600,90,45,0,149,19,542.0,0.0
10,36,2600,60,46,0,127,24,492.0,0.0
10,36,2600,60,37,1,99,26,466.0,487.5317845372141
10,36,2600,60,37,0,97,21,590.0,0.0
10,36,2600,80,38,0,95,28,482.0,0.0
10,36,2600,90,39,0,99,25,496.0,0.0
10,36,2600,70,38,0,141,24,688.0,0.0
10,36,2600,85,41,1,71,20,388.0,399.4172771201868
10,36,2600,90,49,1,83,21,292.0,340.140056960093
10,36,2600,80,35,1,197,33,594.0,512.0570602400162
10,36,2600,85,36,0,131,32,556.0,0.0
10,36,2600,80,41,0,155,15,456.0,0.0
10,36,2600,60,43,0,101,24,612.0,0.0
10,36,2600,90,44,1,99,24,564.0,451.0805336183406
10,36,2600,65,50,1,151,14,358.0,447.2013976265005
10,36,2600,90,49,1,95,19,422.0,356.28901183740356
10,36,2600,80,35,1,151,30,650.0,472.89239783549294
10,36,2600,70,37,0,143,27,644.0,0.0
10,36,2600,90,48,0,93,15,392.0,0.0
10,36,2600,75,42,0,149,23,656.0,0.0
10,36,2600,75,49,1,97,14,264.0,199.29718010792638
10,36,2600,65,49,1,115,18,364.0,280.25400927276354
10,36,2600,90,48,0,147,23,590.0,0.0
10,36,2600,90,35,1,99,32,600.0,456.24725970517414
10,36,2600,80,36,1,153,31,622.0,472.5928578184106
10,36,2600,70,41,0,99,20,430.0,0.0
10,36,2600,70,44,0,99,16,490.0,0.0
10,36,2600,80,45,1,83,18,326.0,389.8333011708898
10,36,2600,65,47,0,227,21,530.0,0.0
10,36,2600,60,48,1,79,14,380.0,346.45196165761394
10,36,2600,85,37,0,101,24,568.0,0.0
10,36,2600,80,39,1,87,31,436.0,568.8160066218879
10,36,2600,85,42,0,153,21,480.0,0.0
10,36,2600,90,40,0,101,27,552.0,0.0
10,36,2600,90,39,1,99,27,488.0,539.9560943224988
10,36,2600,60,41,0,101,14,370.0,0.0
10,36,2600,85,41,1,87,22,418.0,454.20861760762136
10,36,2600,65,39,1,77,13,320.0,292.2959275431271
10,36,2600,85,41,1,93,24,416.0,448.5786722779315
10,36,2600,90,44,1,99,20,462.0,533.9502112083918
10,36,2600,75,42,0,95,17,420.0,0.0
10,36,2600,80,42,0,195,20,544.0,0.0
10,36,2600,65,47,0,91,16,358.0,0.0
10,36,2600,90,43,1,175,21,566.0,280.8166818744378
10,36,2600,75,36,0,203,30,754.0,0.0
10,36,2600,90,41,0,193,28,638.0,0.0
10,36,2600,85,42,1,143,23,396.0,326.03757295479346
10,36,2600,90,50,1,51,13,280.0,435.91985186334836
10,36,2600,70,48,0,129,22,428.0,0.0
10,36,2600,60,50,1,97,14,424.0,360.8189531505342
10,36,2600,85,48,0,101,19,412.0,0.0
10,36,2600,75,36,0,151,28,684.0,0.0
10,36,2600,60,36,1,81,25,466.0,348.24096243279206
10,36,2500,80,44,1,93,16,316.0,413.4051227849534
10,36,2600,75,44,1,99,17,414.0,317.96134428470407
10,36,2600,90,47,0,147,16,536.0,0.0
10,36,2600,75,49,1,139,17,424.0,288.43009041637015
10,36,2600,85,50,0,99,17,344.0,0.0
10,36,2500,60,37,0,97,18,368.0,0.0
10,36,2500,80,38,0,83,28,472.0,0.0
10,36,2500,70,41,0,99,17,424.0,0.0
10,36,2500,85,42,0,137,24,494.0,0.0
10,36,2500,80,48,1,61,15,272.0,321.3398973555757
10,36,2500,60,47,1,87,17,304.0,229.70740707946163
10,36,2500,65,47,1,139,16,396.0,249.61886020341808
10,36,2500,75,39,0,143,28,654.0,0.0
10,36,2500,65,37,1,147,21,488.0,470.58476240878053
10,36,2500,65,39,0,89,23,378.0,0.0
10,36,2500,70,46,1,49,11,266.0,188.25300397005014
10,36,2500,80,46,1,91,18,314.0,224.06445906796014
10,36,2500,90,42,0,143,26,712.0,0.0
10,36,2500,75,50,1,83,14,288.0,354.2954761396913
10,36,2500,70,38,1,95,29,554.0,478.7551231182786
10,36,2500,75,38,1,139,26,584.0,483.9498422095814
10,36,2500,75,44,1,131,15,378.0,348.1904392362324
10,36,2500,90,40,0,141,27,532.0,0.0
10,36,2500,80,48,0,95,14,406.0,0.0
10,36,2500,60,50,0,85,11,310.0,0.0
10,36,2500,65,49,0,141,16,490.0,0.0
10,36,2500,65,35,0,123,28,600.0,0.0
10,36,2500,80,38,1,67,26,362.0,423.92057753242625
10,36,2500,65,40,1,61,17,326.0,387.38010294930564
10,36,2500,75,42,1,131,22,508.0,419.0740975235784
10,36,2500,60,42,0,93,20,510.0,0.0
10,36,2500,65,49,1,67,11,204.0,126.35097989784867
10,36,2500,60,44,0,95,19,440.0,0.0
10,36,2500,70,40,0,91,20,418.0,0.0
10,36,2500,85,44,0,95,16,290.0,0.0
10,36,2500,65,41,1,135,23,524.0,635.5514047585203
10,36,2500,90,46,1,77,24,334.0,438.02219249826794
10,36,2500,60,49,0,85,9,272.0,0.0
10,36,2500,75,50,1,93,12,324.0,276.4476758551421
10,36,2500,70,47,0,135,13,344.0,0.0
10,36,2500,65,42,1,143,23,448.0,483.7777367407881
10,36,2500,85,41,0,87,23,378.0,0.0
10,36,2500,75,41,0,135,22,488.0,0.0
10,36,2500,85,45,0,143,17,382.0,0.0
10,36,2500,75,44,1,95,12,356.0,375.2469569355773
10,36,2500,75,40,1,87,25,488.0,386.38743445321745
10,36,2500,70,45,1,129,16,394.0,289.7775773113724
10,36,2500,85,37,0,91,18,516.0,0.0
10,36,2500,85,38,1,83,25,468.0,379.42648923155775
10,36,2500,80,37,1,89,29,466.0,505.6896049018361
10,36,2500,75,38,0,135,20,610.0,0.0
10,36,2500,70,48,0,137,18,426.0,0.0
10,36,2500,80,48,0,47,10,260.0,0.0
10,36,2500,70,49,1,83,17,334.0,306.6252101043988
10,36,2500,70,35,0,135,27,572.0,0.0
10,36,2500,65,36,1,75,28,472.0,463.158731748788
10,36,2500,75,39,0,193,22,486.0,0.0
10,36,2500,75,39,0,135,22,500.0,0.0
10,36,2500,90,44,1,107,18,410.0,433.0073033910488
10,36,2500,60,39,1,143,21,582.0,505.8628955799935
10,36,2500,75,47,1,61,12,262.0,252.3630630456382
10,36,2500,80,38,0,131,21,512.0,0.0
10,36,2500,60,38,0,185,17,578.0,0.0
10,36,2500,75,43,0,143,22,578.0,0.0
10,36,2500,65,44,1,89,17,288.0,393.9574827672359
10,36,2500,75,45,0,81,15,296.0,0.0
10,36,2500,75,48,1,59,17,208.0,395.5228188520227
10,36,2500,90,46,1,77,24,452.0,327.94460747296574
10,36,2500,70,35,1,97,32,592.0,482.10336325739826
10,36,2500,85,37,1,97,30,498.0,479.92230542827457
10,36,2500,90,36,0,111,25,582.0,0.0
10,36,2500,70,40,1,97,23,432.0,210.03665543555488
10,36,2500,80,36,0,95,27,640.0,0.0
10,36,2500,85,36,0,181,29,644.0,0.0
10,36,2500,90,45,1,79,22,386.0,456.418991162146
10,36,2500,85,36,0,95,26,426.0,0.0
10,36,2500,65,37,1,133,26,544.0,466.43917698392374
10,36,2500,75,37,0,99,27,550.0,0.0
10,36,2500,80,38,1,97,27,536.0,498.78836200005173
10,36,2500,70,40,1,133,22,434.0,319.2317931035102
10,36,2500,90,41,0,83,18,350.0,0.0
10,36,2500,65,44,0,91,17,318.0,0.0
10,36,2500,80,38,1,135,27,576.0,350.99675252101804
10,36,2500,70,41,0,127,22,442.0,0.0
10,36,2500,60,42,1,99,12,244.0,209.5051205107746
10,36,2500,80,44,1,95,20,410.0,519.1538667465962
10,36,2500,70,47,0,91,14,346.0,0.0
10,36,2500,65,50,0,93,7,242.0,0.0
10,36,2500,80,50,1,75,18,278.0,474.44627176314214
10,36,2500,60,36,0,191,24,634.0,0.0
10,36,2500,80,39,1,141,20,334.0,391.18044704838456
10,36,2500,60,42,1,135,16,404.0,194.4925019331407
10,36,2500,85,46,0,143,20,592.0,0.0
10,36,2500,60,47,0,67,11,190.0,0.0
10,36,2500,60,44,1,133,16,276.0,387.82450973876837
10,36,2500,80,48,0,89,17,458.0,0.0
10,36,2500,80,35,0,127,28,608.0,0.0
10,36,2500,65,39,1,59,19,294.0,338.3230855857785
10,36,2500,85,38,1,87,23,440.0,354.469414593743
10,36,2500,60,40,0,143,23,590.0,0.0
10,36,2500,75,42,0,139,21,572.0,0.0
10,36,2500,60,49,1,79,11,242.0,98.78743024672721
10,36,2500,70,46,1,225,17,416.0,194.2886666888063
10,36,2400,65,35,1,59,23,352.0,290.97017668149743
10,36,2400,80,40,0,131,19,474.0,0.0
10,36,2400,90,45,1,83,16,358.0,380.55406227251683
10,36,2400,75,38,0,93,21,508.0,0.0
10,36,2400,60,40,0,87,13,342.0,0.0
10,36,2400,70,44,1,91,18,404.0,421.105289770251
10,36,2500,80,50,0,69,15,258.0,0.0
10,36,2400,85,35,1,85,28,460.0,365.7819293590947
10,36,2400,75,35,1,137,24,400.0,416.8164390004028
10,36,2400,85,37,1,81,27,464.0,339.7309687856889
10,36,2400,90,42,1,91,21,404.0,349.9080848619826
10,36,2400,65,41,0,139,18,502.0,0.0
10,36,2400,80,46,0,45,9,196.0,0.0
10,36,2400,80,50,0,115,14,288.0,0.0
10,36,2400,75,35,0,89,24,504.0,0.0
10,36,2400,90,38,0,181,28,584.0,0.0
10,36,2400,80,37,0,89,21,504.0,0.0
10,36,2400,80,40,0,119,16,314.0,0.0
10,36,2400,60,41,1,75,13,234.0,287.06114918860993
10,36,2400,75,45,1,73,19,326.0,481.2511176705495
10,36,2400,70,48,1,81,9,236.0,249.83545889319026
10,36,2400,75,41,1,91,16,366.0,269.8406062962776
10,36,2400,75,37,1,91,23,444.0,366.25194678612996
10,36,2400,90,41,1,93,24,376.0,491.12469610083383
10,36,2400,75,39,0,131,21,538.0,0.0
10,36,2400,60,41,1,47,14,256.0,218.3880366308661
10,36,2400,70,49,0,121,12,284.0,0.0
10,36,2400,90,49,0,115,8,204.0,0.0
10,36,2400,80,39,0,139,21,638.0,0.0
10,36,2400,70,38,0,89,20,370.0,0.0
10,36,2400,85,39,1,61,19,262.0,420.1846740042455
10,36,2400,90,41,1,137,18,396.0,459.6690015233077
10,36,2400,90,40,0,125,22,498.0,0.0
10,36,2400,90,48,1,63,14,390.0,342.9739835182753
10,36,2400,75,45,0,89,17,400.0,0.0
10,36,2400,85,48,1,69,11,234.0,211.19247963141854
10,36,2400,65,43,0,89,15,290.0,0.0
10,36,2400,65,37,1,61,15,304.0,116.10759013899337
10,36,2400,60,44,1,119,19,372.0,470.56246852455496
10,36,2400,80,43,0,91,20,468.0,0.0
10,36,2400,80,48,1,79,14,264.0,389.0309938167562
10,36,2400,85,48,0,47,12,272.0,0.0
10,36,2400,85,44,0,85,14,384.0,0.0
10,36,2400,85,38,0,95,26,530.0,0.0
10,36,2400,85,39,1,89,21,498.0,452.2434037758296
10,36,2400,80,41,0,123,24,582.0,0.0
10,36,2400,85,44,1,87,11,290.0,307.0893001239436
10,36,2400,70,48,1,87,9,218.0,213.55781213270902
10,36,2400,60,42,1,59,15,290.0,230.0461659491937
10,36,2400,60,48,0,81,10,180.0,0.0
10,36,2400,80,45,0,135,19,428.0,0.0
10,36,2400,75,38,1,89,22,398.0,238.31009285924162
10,36,2400,65,40,1,67,19,342.0,235.80685774345577
10,36,2400,75,45,1,241,21,474.0,373.29412044817985
10,36,2400,60,35,1,129,21,420.0,276.67974721331086
10,36,2400,70,45,0,85,17,420.0,0.0
10,36,2400,75,47,0,91,16,448.0,0.0
10,36,2400,70,46,0,81,15,362.0,0.0
10,36,2400,90,35,0,83,24,474.0,0.0
10,36,2400,90,37,1,85,26,352.0,320.1814670962395
10,36,2400,90,38,1,83,25,394.0,394.0670180113926
10,36,2400,70,39,0,125,24,492.0,0.0
10,36,2400,65,41,0,131,19,372.0,0.0
10,36,2400,65,44,0,101,11,282.0,0.0
10,36,2400,80,49,1,85,19,386.0,269.7427716974542
10,36,2400,75,35,1,115,30,490.0,480.5613689332798
10,36,2400,90,42,0,95,18,448.0,0.0
10,36,2400,65,42,0,143,15,456.0,0.0
10,36,2400,65,46,1,73,19,318.0,323.06717935976036
10,36,2400,75,45,0,89,15,336.0,0.0
10,36,2400,65,48,1,93,14,330.0,467.65977136311204
10,36,2400,60,44,1,127,13,496.0,320.73154950862323
10,36,2400,80,38,1,83,20,362.0,261.06221166913565
10,36,2400,60,38,1,91,24,400.0,322.87406092252775
10,36,2400,65,44,0,129,13,418.0,0.0
10,36,2400,80,47,0,87,14,304.0,0.0
10,36,2400,65,48,1,51,13,180.0,282.12775006848466
10,36,2400,65,46,0,129,13,354.0,0.0
10,36,2400,70,38,0,133,22,550.0,0.0
10,36,2400,70,39,1,83,17,372.0,277.30490342510615
10,36,2400,90,35,1,73,27,426.0,290.67789473565375
10,36,2400,80,48,0,83,10,266.0,0.0
10,36,2400,75,50,1,95,14,334.0,401.2326209875562
10,36,2400,70,49,1,89,17,308.0,210.3453573834115
10,36,2400,85,50,0,83,10,262.0,0.0
10,36,2400,75,47,0,93,14,326.0,0.0
10,36,2400,85,38,0,129,27,572.0,0.0
10,36,2400,70,37,1,129,28,588.0,472.75607309956047
10,36,2400,70,39,1,131,15,358.0,350.86730901721484
10,36,2400,85,38,1,63,27,310.0,283.8103110241983
10,36,2400,60,37,0,93,22,456.0,0.0
10,36,2400,70,44,0,89,15,330.0,0.0
10,36,2400,60,41,0,91,14,328.0,0.0
10,36,2400,70,41,1,77,10,208.0,193.50159636719275
10,36,2400,90,37,1,91,21,396.0,358.72713977425684
10,36,2400,65,40,0,127,17,468.0,0.0
10,36,2400,70,40,1,93,19,368.0,232.16249645197712
10,36,2400,70,48,0,91,12,246.0,0.0
10,36,2400,90,44,0,135,17,472.0,0.0
10,36,2400,80,50,1,91,11,324.0,440.27720099614197
10,36,2400,80,37,0,137,26,546.0,0.0
10,36,2300,60,36,1,89,18,406.0,198.97937792785586
10,36,2300,85,38,1,63,18,356.0,256.249523892811
10,36,2300,90,42,0,165,19,462.0,0.0
10,36,2300,65,48,0,83,7,244.0,0.0
10,36,2300,75,40,1,85,15,374.0,198.10821957328523
10,36,2300,75,43,0,87,11,274.0,0.0
10,36,2300,80,47,1,91,15,280.0,196.72868925731592
10,36,2300,90,41,1,85,23,502.0,457.2415403905173
10,36,2300,80,50,0,81,7,160.0,0.0
10,36,2300,70,37,1,93,29,530.0,416.67708390296985
10,36,2300,70,38,1,123,27,558.0,467.82538729130965
10,36,2300,60,37,0,87,13,302.0,0.0
10,36,2300,75,47,0,89,10,198.0,0.0
10,36,2300,65,37,1,57,19,266.0,272.60192494041115
10,36,2300,75,43,0,45,10,212.0,0.0
10,36,2300,85,36,0,89,25,534.0,0.0
10,36,2300,90,37,0,119,23,470.0,0.0
10,36,2300,70,40,1,61,20,332.0,411.024183892575
10,36,2300,85,40,1,87,18,382.0,270.294584665704
10,36,2300,70,42,1,67,24,482.0,356.13111420945467
10,36,2300,60,46,0,87,7,244.0,0.0
10,36,2300,90,50,0,79,12,204.0,0.0
10,36,2300,90,35,0,81,25,374.0,0.0
10,36,2300,60,37,1,89,22,364.0,343.15591218143345
10,36,2300,65,44,0,89,13,290.0,0.0
10,36,2300,75,44,1,115,19,376.0,399.5769949507126
10,36,2300,80,43,0,65,11,228.0,0.0
10,36,2300,75,43,1,119,16,296.0,240.65356987521636
10,36,2300,75,42,1,77,15,314.0,241.88280346529245
10,36,2300,65,38,1,105,27,456.0,410.75462458026703
10,36,2300,70,35,0,89,18,386.0,0.0
10,36,2300,75,36,1,83,24,394.0,298.54391774791884
10,36,2300,60,36,0,89,22,546.0,0.0
10,36,2300,85,42,0,89,14,358.0,0.0
10,36,2300,90,42,1,77,23,392.0,542.3054675459703
10,36,2300,75,47,0,105,13,262.0,0.0
10,36,2300,75,43,1,79,17,324.0,226.67236773328221
10,36,2300,65,36,0,121,23,556.0,0.0
10,36,2300,90,40,0,131,19,464.0,0.0
10,36,2300,65,44,1,79,11,258.0,367.69473113706937
10,36,2300,80,48,1,45,7,162.0,198.16517413511906
10,36,2300,85,46,0,127,18,350.0,0.0
10,36,2300,70,48,1,67,15,196.0,352.891852592505
10,36,2300,70,35,1,115,22,464.0,223.67966979174932
10,36,2300,75,37,1,87,23,382.0,301.76562583897476
10,36,2300,75,35,0,129,23,556.0,0.0
10,36,2300,85,46,0,85,18,326.0,0.0
10,36,2300,80,45,0,57,11,212.0,0.0
10,36,2300,60,48,1,65,10,118.0,208.84022886134184
10,36,2300,90,50,0,79,12,208.0,0.0
10,36,2300,75,35,0,131,28,562.0,0.0
10,36,2300,85,42,1,127,15,278.0,304.50075949542827
10,36,2300,90,45,0,87,15,382.0,0.0
10,36,2300,90,43,0,75,10,270.0,0.0
10,36,2300,90,46,1,69,17,262.0,186.28817951072884
10,36,2300,80,45,1,59,16,286.0,424.9615179127447
10,36,2300,65,45,1,81,12,202.0,298.6134424282354
10,36,2300,80,42,0,133,15,278.0,0.0
10,36,2300,75,39,1,131,16,382.0,272.17728357323443
10,36,2300,90,43,0,83,15,426.0,0.0
10,36,2300,60,41,1,75,15,298.0,323.31167053181446
10,36,2300,80,43,1,81,13,296.0,199.15008349822168
10,36,2300,65,45,0,87,17,374.0,0.0
10,36,2300,70,47,0,131,12,346.0,0.0
10,36,2300,80,38,1,85,24,464.0,257.7545256787035
10,36,2300,65,38,1,69,19,350.0,343.9746728016594
10,36,2300,85,41,0,93,15,296.0,0.0
10,36,2300,65,42,1,83,8,240.0,171.0442523833883
10,36,2300,65,45,0,109,12,350.0,0.0
10,36,2300,80,49,0,87,9,268.0,0.0
10,36,2300,65,48,1,97,10,256.0,238.1457615647132
10,36,2300,85,35,1,87,20,396.0,290.90906518245447
10,36,2300,90,39,0,89,18,408.0,0.0
10,36,2300,85,40,1,61,23,430.0,358.00172665099217
10,36,2300,70,38,0,129,19,586.0,0.0
10,36,2300,85,45,0,71,12,204.0,0.0
10,36,2300,90,44,0,83,18,366.0,0.0
10,36,2300,70,39,1,89,19,340.0,448.39384564076573
10,36,2300,60,38,1,63,18,330.0,230.6188012467451
10,36,2300,60,41,0,89,18,408.0,0.0
10,36,2300,75,42,0,89,15,346.0,0.0
10,36,2300,60,46,0,79,11,236.0,0.0
10,36,2300,60,45,1,83,11,292.0,289.5344914213194
10,36,2300,70,49,1,87,19,396.0,332.4200014241875
10,36,2300,60,49,1,43,8,116.0,79.00150773021134
10,36,2300,70,38,0,83,13,268.0,0.0
10,36,2300,90,42,0,91,16,404.0,0.0
10,36,2300,75,40,1,89,21,350.0,261.00238344962804
10,36,2300,85,39,1,69,24,386.0,436.2261310670389
10,36,2300,60,45,0,81,12,208.0,0.0
10,36,2300,90,45,1,87,19,334.0,405.91501352766255
10,36,2300,90,41,0,111,14,412.0,0.0
10,36,2300,65,38,0,121,11,298.0,0.0
10,36,2300,85,40,1,57,24,382.0,305.3502968778381
10,36,2300,65,45,1,85,13,238.0,296.6187094752169
10,36,2300,60,44,0,79,9,236.0,0.0
10,36,2300,80,47,0,121,13,306.0,0.0
10,36,2300,70,49,1,91,8,192.0,100.83282345116226
10,36,2300,70,41,1,63,15,304.0,388.8570263293303
10,36,2200,75,40,0,79,13,294.0,0.0
10,36,2200,60,41,0,85,16,316.0,0.0
10,36,2200,60,43,1,73,17,340.0,332.84336171961866
10,36,2200,75,45,1,77,14,308.0,304.04469188777716
10,36,2200,80,41,0,81,17,356.0,0.0
10,36,2200,65,45,1,77,16,226.0,274.96021655631563
10,36,2300,85,45,0,75,15,344.0,0.0
10,36,2200,90,36,0,77,22,306.0,0.0
10,36,2200,85,37,0,125,17,456.0,0.0
10,36,2200,60,39,1,79,23,334.0,542.1526863667872
10,36,2200,85,41,1,79,15,390.0,417.1236323044696
10,36,2200,85,42,1,69,14,258.0,185.3583373133884
10,36,2200,65,48,1,75,9,232.0,268.6617996126993
10,36,2200,65,45,0,101,12,292.0,0.0
10,36,2200,80,37,1,65,24,316.0,385.11892177786103
10,36,2200,65,45,1,51,6,134.0,150.81855311829298
10,36,2200,60,47,1,113,13,262.0,173.07612409026174
10,36,2200,65,48,0,43,11,214.0,0.0
10,36,2200,75,49,0,123,12,340.0,0.0
10,36,2200,90,50,0,57,11,132.0,0.0
10,36,2200,70,50,0,119,9,248.0,0.0
10,36,2200,70,35,1,73,20,330.0,251.38553378879172
10,36,2200,75,41,1,121,20,354.0,344.4658414243056
10,36,2200,70,45,0,127,16,356.0,0.0
10,36,2200,90,45,0,79,17,318.0,0.0
10,36,2200,60,46,0,83,12,262.0,0.0
10,36,2200,90,47,1,61,9,164.0,123.38661300961319
10,36,2200,60,42,1,81,6,228.0,108.1267630004611
10,36,2200,85,37,0,115,26,498.0,0.0
10,36,2200,90,40,1,81,21,374.0,258.4193679210028
10,36,2200,70,42,0,123,22,384.0,0.0
10,36,2200,75,44,1,75,19,290.0,455.4180392173179
10,36,2200,70,48,0,77,10,190.0,0.0
10,36,2200,65,44,1,83,10,150.0,212.4497271340312
10,36,2200,85,49,0,85,11,246.0,0.0
10,36,2200,60,43,1,79,18,298.0,423.30646136762925
10,36,2200,70,42,1,87,14,300.0,192.67908070170435
10,36,2200,60,47,1,51,10,222.0,133.74940675205778
10,36,2200,65,44,0,75,13,274.0,0.0
10,36,2200,65,46,0,81,10,252.0,0.0
10,36,2200,65,50,1,119,12,316.0,293.74830112765795
10,36,2200,75,49,0,157,12,406.0,0.0
10,36,2200,65,36,0,117,19,446.0,0.0
10,36,2200,65,35,0,165,17,508.0,0.0
10,36,2200,75,37,1,57,23,270.0,414.9769609572047
10,36,2200,65,42,0,81,13,240.0,0.0
10,36,2200,90,40,1,79,15,334.0,156.88604210477362
10,36,2200,90,46,1,55,17,264.0,204.4862182723911
10,36,2200,75,47,0,71,11,220.0,0.0
10,36,2200,90,46,1,103,17,278.0,242.46998605863718
10,36,2200,65,37,1,77,22,352.0,273.0796203014091
10,36,2200,90,38,0,85,19,398.0,0.0
10,36,2200,90,42,0,73,17,238.0,0.0
10,36,2200,85,43,0,83,12,302.0,0.0
10,36,2200,65,43,1,71,15,278.0,189.65061528634462
10,36,2200,60,43,0,109,18,332.0,0.0
10,36,2200,85,49,1,97,14,186.0,182.86590042263464
10,36,2200,60,35,1,79,20,320.0,201.75519671063316
10,36,2200,80,39,1,117,22,512.0,451.4002783101639
10,36,2200,65,37,1,47,7,168.0,60.57457079166592
10,36,2200,85,47,0,65,13,196.0,0.0
10,36,2200,65,50,0,39,2,70.0,0.0
10,36,2200,70,46,1,83,13,284.0,196.83254122976714
10,36,2200,75,47,0,81,12,276.0,0.0
10,36,2200,60,37,1,81,13,222.0,129.45422649441298
10,36,2200,85,35,1,77,25,340.0,295.0813261825659
10,36,2200,80,38,0,117,23,470.0,0.0
10,36,2200,70,38,1,53,19,296.0,228.53219589768747
10,36,2200,75,41,0,159,13,366.0,0.0
10,36,2200,80,48,0,139,10,200.0,0.0
10,36,2200,90,38,0,83,23,432.0,0.0
10,36,2200,70,42,1,79,16,316.0,315.98661048647097
10,36,2200,80,38,0,121,21,438.0,0.0
10,36,2200,80,42,1,121,17,354.0,285.65709698371626
10,36,2200,70,47,1,83,13,278.0,192.08790412978286
10,36,2200,70,48,1,77,14,212.0,303.3475258658802
10,36,2200,65,48,0,131,20,470.0,0.0
10,36,2200,60,48,1,89,7,208.0,223.31641042210526
10,36,2200,75,50,0,85,6,170.0,0.0
10,36,2200,85,50,0,81,9,126.0,0.0
10,36,2200,80,39,1,73,22,314.0,468.9889318199087
10,36,2200,85,43,0,75,14,264.0,0.0
10,36,2200,70,48,0,117,13,314.0,0.0
10,36,2200,75,46,0,83,17,252.0,0.0
10,36,2200,85,46,1,79,9,214.0,134.6372845665791
10,36,2200,70,44,1,43,9,156.0,241.09737173901718
10,36,2200,90,44,0,85,21,444.0,0.0
10,36,2200,70,38,0,79,19,286.0,0.0
10,36,2200,60,37,1,119,23,322.0,401.9793624019027
10,36,2200,70,39,0,83,11,242.0,0.0
10,36,2200,90,40,1,97,28,366.0,475.65077356201266
10,36,2200,70,40,0,81,14,282.0,0.0
10,36,2200,70,42,1,57,12,140.0,206.12469755793137
10,36,2200,80,44,1,69,17,246.0,414.9124560781509
10,36,2200,90,35,0,119,25,544.0,0.0
10,36,2200,65,38,1,61,19,230.0,177.71773999958413
10,36,2200,70,38,1,111,21,356.0,376.46367986427754
10,36,2200,60,43,0,85,17,326.0,0.0
10,36,2200,85,45,0,87,15,274.0,0.0
10,36,2200,70,44,0,125,11,250.0,0.0
10,36,2200,60,50,1,71,9,146.0,178.38527528315402
10,36,2100,65,36,1,119,19,376.0,232.21191821440894
10,36,2100,70,43,0,81,10,228.0,0.0
10,36,2100,85,39,1,83,23,348.0,500.37332924530006
10,36,2100,90,42,0,75,21,332.0,0.0
10,36,2100,65,44,1,69,9,170.0,260.43115710424485
10,36,2100,60,37,0,77,12,274.0,0.0
10,36,2100,90,40,0,79,13,346.0,0.0
10,36,2100,65,40,1,55,14,212.0,162.37146449111486
10,36,2100,65,47,0,65,9,160.0,0.0
10,36,2100,65,48,1,81,7,142.0,160.65304682471077
10,36,2100,90,39,1,79,17,272.0,370.9586094507683
10,36,2100,70,37,1,55,14,296.0,278.63241697178603
10,36,2100,75,36,1,79,26,414.0,352.78962236556345
10,36,2100,85,38,1,121,20,342.0,373.00222667634785
10,36,2100,60,45,0,109,7,188.0,0.0
10,36,2100,80,41,1,119,15,352.0,326.9221189851077
10,36,2100,80,41,0,155,17,416.0,0.0
10,36,2100,85,47,0,77,6,158.0,0.0
10,36,2100,65,49,0,105,11,286.0,0.0
10,36,2100,75,49,0,111,12,212.0,0.0
10,36,2100,65,37,1,59,21,338.0,331.83265067171396
10,36,2100,65,41,1,51,12,212.0,280.06585703359633
10,36,2100,65,35,0,73,11,258.0,0.0
10,36,2100,65,36,0,109,18,298.0,0.0
10,36,2100,70,44,0,81,9,238.0,0.0
10,36,2100,90,45,1,61,15,258.0,361.19906698557355
10,36,2100,90,39,1,55,16,196.0,332.1530980597472
10,36,2100,70,41,0,75,10,248.0,0.0
10,36,2100,80,45,1,67,13,168.0,284.65800030122836
10,36,2100,90,48,1,73,13,256.0,323.8322522202513
10,36,2100,70,35,1,113,23,398.0,307.7801306117665
10,36,2100,80,50,0,119,13,302.0,0.0
10,36,2100,65,40,0,119,13,336.0,0.0
10,36,2100,85,36,1,109,18,350.0,252.92754709383277
10,36,2100,80,41,0,41,13,240.0,0.0
10,36,2100,65,41,1,67,12,284.0,302.02530522708736
10,36,2100,80,48,0,41,7,182.0,0.0
10,36,2100,70,35,1,57,19,262.0,288.01079484262425
10,36,2100,70,48,0,63,11,188.0,0.0
10,36,2100,65,48,0,71,10,192.0,0.0
10,36,2100,90,36,1,121,23,386.0,330.3114576574214
10,36,2100,65,40,1,103,17,348.0,249.35450410377925
10,36,2100,90,39,1,113,19,406.0,384.2371010688947
10,36,2100,60,36,0,83,13,262.0,0.0
10,36,2100,70,42,0,73,13,256.0,0.0
10,36,2100,80,46,1,99,17,360.0,220.0848695557286
10,36,2100,80,50,0,77,10,256.0,0.0
10,36,2100,85,35,0,81,18,422.0,0.0
10,36,2100,80,39,1,81,17,320.0,460.29943015934373
10,36,2100,70,39,0,75,11,228.0,0.0
10,36,2100,65,42,1,61,11,242.0,184.01548467515875
10,36,2100,90,45,0,39,8,162.0,0.0
10,36,2100,85,45,1,71,14,184.0,273.21983135360205
10,36,2100,90,49,0,75,9,170.0,0.0
10,36,2100,75,35,1,81,24,410.0,271.9625954220395
10,36,2100,60,36,0,131,19,390.0,0.0
10,36,2100,60,35,1,77,23,298.0,340.893444450033
10,36,2100,70,41,1,79,13,258.0,343.2040313600125
10,36,2100,75,37,0,75,13,262.0,0.0
10,36,2100,65,46,1,75,12,218.0,179.90940306000732
10,36,2100,90,49,0,113,17,426.0,0.0
10,36,2100,90,37,1,75,20,360.0,267.86770874057146
10,36,2100,85,36,1,49,17,202.0,151.65977426159864
10,36,2100,75,39,0,113,14,236.0,0.0
10,36,2100,70,39,0,113,22,312.0,0.0
10,36,2100,80,40,1,73,21,346.0,237.29230576711862
10,36,2100,65,48,0,81,8,262.0,0.0
10,36,2100,85,42,0,117,16,296.0,0.0
10,36,2100,65,37,1,101,10,152.0,149.1367452267478
10,36,2100,75,39,1,125,23,484.0,553.5396098168392
10,36,2100,65,38,0,77,16,230.0,0.0
10,36,2100,90,44,1,83,17,380.0,352.0801976300465
10,36,2100,75,44,0,105,14,310.0,0.0
10,36,2100,60,49,0,65,6,136.0,0.0
10,36,2100,60,45,0,77,9,250.0,0.0
10,36,2100,60,45,1,69,11,170.0,164.90170016615562
10,36,2100,65,37,1,59,19,240.0,384.6879111168995
10,36,2100,65,39,1,81,15,240.0,319.2321990087945
10,36,2100,90,42,1,79,18,390.0,249.63396343028757
10,36,2100,65,49,0,41,8,146.0,0.0
10,36,2100,75,50,0,41,8,134.0,0.0
10,36,2100,60,47,0,41,6,98.0,0.0
10,36,2100,75,49,1,77,12,182.0,149.32548411504118
10,36,2100,80,36,1,73,17,320.0,179.67332770112566
10,36,2100,80,39,1,153,18,442.0,463.3011204128365
10,36,2100,65,46,0,55,7,216.0,0.0
10,36,2100,85,48,0,179,10,292.0,0.0
10,36,2100,60,44,1,59,9,212.0,230.51747827052773
10,36,2100,85,41,0,119,22,424.0,0.0
10,36,2100,60,45,0,41,12,184.0,0.0
10,36,2100,75,36,1,61,21,352.0,243.12260370423505
10,36,2100,80,37,1,65,17,258.0,272.4144523450979
10,36,2100,85,37,0,107,19,470.0,0.0
10,36,2100,80,44,1,97,12,282.0,283.5598240413114
10,36,2100,70,39,0,61,8,200.0,0.0
10,36,2100,75,45,0,123,17,434.0,0.0
10,36,2100,85,49,1,73,7,124.0,129.70695479844545
10,36,2000,85,40,1,79,14,314.0,244.27369058129935
10,36,2100,85,40,0,127,18,312.0,0.0
10,36,2000,75,43,1,115,15,278.0,248.77027388201043
10,36,2000,75,45,0,59,8,204.0,0.0
10,36,2000,70,45,0,93,7,168.0,0.0
10,36,2100,60,39,1,65,15,226.0,468.6502336379626
10,36,2100,60,48,0,77,11,212.0,0.0
10,36,2000,85,41,1,71,12,260.0,177.41299494924203
10,36,2000,85,43,1,39,11,218.0,167.43863906946277
10,36,2000,60,45,1,53,10,186.0,217.7188212628429
10,36,2000,60,43,0,75,9,190.0,0.0
10,36,2000,90,42,0,73,11,242.0,0.0
10,36,2000,60,43,1,27,3,28.0,48.83627178419349
10,36,2000,70,45,0,73,11,216.0,0.0
10,36,2000,65,36,0,115,14,292.0,0.0
10,36,2000,75,36,0,107,21,476.0,0.0
10,36,2000,70,41,1,71,17,270.0,322.61665730757
10,36,2000,75,42,1,93,13,216.0,178.48720602182624
10,36,2000,70,40,0,79,11,234.0,0.0
10,36,2000,80,41,1,87,14,354.0,307.07709848090525
10,36,2000,85,47,0,107,9,216.0,0.0
10,36,2000,60,37,1,65,17,236.0,186.68417425781678
10,36,2000,60,40,1,105,13,332.0,168.8443884871256
10,36,2000,60,42,1,77,11,202.0,121.25124008985283
10,36,2000,65,47,1,53,9,94.0,126.0921324410795
10,36,2000,90,43,0,107,17,270.0,0.0
10,36,2000,70,44,0,75,12,244.0,0.0
10,36,2000,80,50,0,113,9,232.0,0.0
10,36,2000,60,35,0,67,10,270.0,0.0
10,36,2000,80,37,0,109,17,318.0,0.0
10,36,2000,60,36,1,109,15,376.0,168.8364903689351
10,36,2000,85,49,1,77,6,154.0,99.74679967647009
10,36,2000,80,49,1,33,7,102.0,84.18027530217904
10,36,2000,65,43,0,93,9,226.0,0.0
10,36,2000,75,47,0,67,8,214.0,0.0
10,36,2000,75,37,1,79,21,352.0,333.4846313518903
10,36,2000,65,42,1,71,15,202.0,196.48259878601007
10,36,2000,80,44,0,71,10,214.0,0.0
10,36,2000,75,49,1,41,6,70.0,36.711391961618396
10,36,2000,80,45,0,113,14,406.0,0.0
10,36,2000,60,44,1,85,9,198.0,244.8849426401109
10,36,2000,80,50,0,37,4,100.0,0.0
10,36,2000,90,35,0,147,23,390.0,0.0
10,36,2000,60,38,1,125,21,422.0,338.8513436645377
10,36,2000,65,36,1,75,21,358.0,249.28984365426493
10,36,2000,75,37,1,43,14,246.0,258.03388459726773
10,36,2000,80,44,0,51,4,110.0,0.0
10,36,2000,70,49,0,101,8,200.0,0.0
10,36,2000,65,49,0,39,5,142.0,0.0
10,36,2000,60,39,1,73,14,228.0,317.4586575945067
10,36,2000,75,42,1,43,8,142.0,107.35342091858693
10,36,2000,75,39,0,77,13,290.0,0.0
10,36,2000,80,41,1,67,10,206.0,224.76638019571314
10,36,2000,80,46,0,39,7,158.0,0.0
10,36,2000,60,49,0,39,9,170.0,0.0
10,36,2000,80,50,0,77,10,142.0,0.0
10,36,2000,70,44,1,53,8,126.0,242.32775753826485
10,36,2000,60,35,1,115,14,306.0,105.73307558405259
10,36,2000,85,36,1,63,20,228.0,195.49921291652817
10,36,2000,90,37,0,61,17,304.0,0.0
10,36,2000,65,41,0,75,12,244.0,0.0
10,36,2000,65,37,1,83,10,214.0,185.87871084256298
10,36,2000,85,43,0,37,8,134.0,0.0
10,36,2000,75,42,1,75,13,262.0,292.86465618538944
10,36,2000,65,35,1,103,14,284.0,156.5910159716252
10,36,2000,70,39,0,111,16,300.0,0.0
10,36,2000,70,45,1,69,13,226.0,281.4526877268944
10,36,2000,80,50,0,75,10,224.0,0.0
10,36,2000,80,48,1,69,10,222.0,216.8756334026299
10,36,2000,80,38,0,105,15,382.0,0.0
10,36,2000,75,50,0,103,8,202.0,0.0
10,36,2000,65,37,0,77,13,274.0,0.0
10,36,2000,60,40,1,73,9,162.0,130.18527794523416
10,36,2000,90,42,0,71,14,312.0,0.0
10,36,2000,80,45,0,59,12,174.0,0.0
10,36,2000,90,50,1,61,5,122.0,152.36671138265808
10,36,2000,75,44,1,39,11,194.0,262.04544207923215
10,36,2000,85,49,1,61,4,102.0,66.25068035213133
10,36,2000,70,35,1,75,9,218.0,125.88831816437944
10,36,2000,85,38,0,113,15,326.0,0.0
10,36,2000,80,39,1,71,15,292.0,443.5246881355955
10,36,2000,70,44,0,75,10,218.0,0.0
10,36,2000,75,46,1,65,12,182.0,187.87996622199734
10,36,2000,65,36,0,107,14,290.0,0.0
10,36,2000,60,42,0,65,11,124.0,0.0
10,36,2000,70,35,1,79,14,376.0,199.82742494397743
10,36,2000,65,36,1,53,13,198.0,128.76168384061805
10,36,2000,85,41,0,103,13,268.0,0.0
10,36,2000,75,47,0,67,6,128.0,0.0
10,36,2000,60,49,0,71,7,158.0,0.0
10,36,2000,90,46,1,67,12,252.0,162.09507927353033
10,36,2000,90,40,0,79,15,282.0,0.0
10,36,2000,80,39,0,101,12,248.0,0.0
10,36,2000,60,39,0,77,9,178.0,0.0
10,36,2000,75,42,1,73,5,178.0,131.66418880617567
10,36,2000,60,37,1,57,18,202.0,214.2966995997981
10,36,2000,85,45,1,49,14,232.0,357.4592656283518
10,36,2000,70,47,1,65,8,172.0,161.52644838867315
10,36,2000,60,37,0,69,11,232.0,0.0
10,36,2000,60,37,1,75,19,352.0,408.2135808605136
10,36,2000,65,43,0,71,14,190.0,0.0
10,36,1900,85,46,1,65,11,166.0,137.02860026485075
10,36,2000,65,46,0,153,15,302.0,0.0
10,36,2000,75,38,1,73,16,276.0,232.2399710436554
10,36,1900,65,47,0,45,4,74.0,0.0
10,36,1900,60,35,0,67,11,204.0,0.0
10,36,1900,85,36,1,73,14,202.0,113.68631346863509
10,36,1900,80,39,1,99,8,190.0,253.68174624701376
10,36,1900,70,39,0,51,10,172.0,0.0
10,36,1900,70,46,0,89,11,234.0,0.0
10,36,1900,60,49,1,37,7,130.0,117.07915857916642
10,36,1900,65,42,1,81,14,180.0,188.8826153783852
10,36,1900,90,35,0,95,18,306.0,0.0
10,36,1900,80,39,0,71,12,246.0,0.0
10,36,1900,65,38,1,67,9,188.0,124.2624356513234
10,36,1900,85,44,0,37,6,124.0,0.0
10,36,1900,90,46,1,43,10,180.0,127.17733689162378
10,36,1900,65,42,0,55,9,132.0,0.0
10,36,1900,65,37,1,69,16,224.0,203.54410858940426
10,36,1900,65,39,1,69,13,258.0,310.040536949157
10,36,1900,80,40,0,73,18,316.0,0.0
10,36,1900,60,42,1,67,13,208.0,214.53148673384027
10,36,1900,75,49,0,71,8,178.0,0.0
10,36,1900,75,43,0,37,8,144.0,0.0
10,36,1900,65,36,1,37,11,214.0,150.19370871657893
10,36,1900,90,41,1,95,15,224.0,282.75823615119094
10,36,1900,90,39,0,73,20,312.0,0.0
10,36,1900,85,35,1,129,12,310.0,109.94570612316664
10,36,1900,85,39,1,131,19,328.0,368.99014722664253
10,36,1900,65,39,0,59,13,252.0,0.0
10,36,1900,80,41,0,205,11,270.0,0.0
10,36,1900,80,37,1,71,15,238.0,243.88324998378573
10,36,1900,75,39,1,71,10,194.0,244.43364545446119
10,36,1900,90,45,0,93,10,196.0,0.0
10,36,1900,65,42,1,103,5,178.0,66.19714458835055
10,36,1900,75,41,0,69,7,198.0,0.0
10,36,1900,80,45,1,63,6,132.0,112.97203367501889
10,36,1900,65,50,0,55,4,92.0,0.0
10,36,1900,60,49,1,91,10,176.0,184.1013488563648
10,36,1900,80,47,0,37,4,96.0,0.0
10,36,1900,60,48,0,125,9,234.0,0.0
10,36,1900,60,35,1,59,20,244.0,374.5919184956484
10,36,1900,65,40,1,49,10,126.0,113.54596761482249
10,36,1900,60,41,1,69,6,150.0,114.15416719711044
10,36,1900,80,44,0,69,9,224.0,0.0
10,36,1900,65,46,0,131,13,264.0,0.0
10,36,1900,60,40,0,49,9,148.0,0.0
10,36,1900,65,50,1,67,4,120.0,92.02214156415232
10,36,1900,70,35,1,47,9,172.0,111.97684539317649
10,36,1900,70,36,0,63,7,192.0,0.0
10,36,1900,60,45,1,75,11,192.0,361.0195370924601
10,36,1900,90,46,0,61,6,122.0,0.0
10,36,1900,70,46,1,67,2,68.0,19.264816182782315
10,36,1900,75,47,0,99,7,166.0,0.0
10,36,1900,80,47,0,71,13,226.0,0.0
10,36,1900,75,36,0,95,12,222.0,0.0
10,36,1900,90,38,0,109,19,380.0,0.0
10,36,1900,65,40,0,111,15,284.0,0.0
10,36,1900,80,42,1,53,14,178.0,260.3303489270538
10,36,1900,60,50,1,35,5,82.0,144.22142010930577
10,36,1900,75,40,1,75,13,220.0,119.6578072350228
10,36,1900,85,43,1,97,9,216.0,143.12732124169472
10,36,1900,65,38,0,37,11,138.0,0.0
10,36,1900,60,38,0,73,7,220.0,0.0
10,36,1900,60,39,1,75,10,158.0,211.40444257594893
10,36,1900,65,41,1,75,14,272.0,198.6452858576459
10,36,1900,90,36,0,91,16,322.0,0.0
10,36,1900,60,47,0,37,4,82.0,0.0
10,36,1900,90,50,1,63,10,146.0,256.90561990252894
10,36,1900,70,42,0,99,9,192.0,0.0
10,36,1900,90,41,1,51,12,204.0,320.4615816854088
10,36,1900,90,42,1,121,19,254.0,280.55690994231423
10,36,1900,90,45,1,43,8,152.0,115.7476659648949
10,36,1900,85,50,1,87,9,176.0,183.5295507234588
10,36,1900,75,46,0,63,11,224.0,0.0
10,36,1900,85,50,0,73,6,160.0,0.0
10,36,1900,85,37,1,109,16,330.0,250.39355218391427
10,36,1900,80,41,1,83,11,154.0,96.4514451661203
10,36,1900,75,43,0,33,4,60.0,0.0
10,36,1900,80,42,0,37,13,134.0,0.0
10,36,1900,60,46,0,63,8,126.0,0.0
10,36,1900,65,38,0,71,11,174.0,0.0
10,36,1900,60,49,1,85,8,138.0,130.21128974800396
10,36,1900,90,37,1,63,19,312.0,317.36143579258294
10,36,1900,85,38,1,93,20,318.0,288.54074533149344
10,36,1900,80,41,1,75,12,258.0,202.06118581922075
10,36,1900,75,43,0,53,13,192.0,0.0
10,36,1900,90,46,0,71,10,240.0,0.0
10,36,1900,80,37,1,65,15,186.0,160.93198325033924
10,36,1900,90,44,0,109,13,210.0,0.0
10,36,1900,65,39,0,103,8,246.0,0.0
10,36,1900,90,44,1,63,12,200.0,301.2660512685684
10,36,1900,65,44,1,91,9,224.0,221.0319911326568
10,36,1900,85,48,0,61,11,160.0,0.0
10,36,1900,70,48,0,73,11,298.0,0.0
10,36,1900,85,38,1,87,18,292.0,309.7043289748586
10,36,1900,75,44,0,71,13,200.0,0.0
10,36,1900,90,35,1,45,19,264.0,177.8973575787514
10,36,1800,85,36,1,37,5,70.0,50.64947807473649
10,36,1900,65,38,1,111,15,370.0,251.11189611389068
10,36,1900,75,35,1,63,17,202.0,164.16226043067067
10,36,1900,65,48,0,55,3,56.0,0.0
10,36,1900,90,38,0,49,15,150.0,0.0
10,36,1900,85,48,0,33,5,96.0,0.0
10,36,1800,60,48,0,67,6,152.0,0.0
10,36,1800,90,35,0,65,12,192.0,0.0
10,36,1800,70,40,0,75,11,244.0,0.0
10,36,1800,85,43,1,143,13,324.0,183.58511798396856
10,36,1800,65,50,0,103,9,200.0,0.0
10,36,1800,65,50,1,19,1,20.0,30.0
10,36,1800,75,50,1,67,7,150.0,256.53342850713034
10,36,1800,60,40,0,97,10,198.0,0.0
10,36,1800,75,49,1,89,10,162.0,162.25595041592027
10,36,1800,60,37,0,33,2,64.0,0.0
10,36,1800,60,48,1,99,4,128.0,101.35567930816788
10,36,1800,80,46,1,41,6,108.0,130.95070769561616
10,36,1800,85,47,1,87,6,150.0,76.94602613890932
10,36,1800,70,43,0,97,9,214.0,0.0
10,36,1800,70,35,1,69,11,230.0,181.87404247769314
10,36,1800,65,41,0,65,11,154.0,0.0
10,36,1800,65,37,0,55,8,222.0,0.0
10,36,1800,90,49,1,47,10,150.0,115.0926029923814
10,36,1800,90,40,0,69,10,194.0,0.0
10,36,1800,65,47,1,75,13,220.0,229.43904433766028
10,36,1800,65,48,0,115,7,152.0,0.0
10,36,1800,75,37,1,59,15,264.0,164.1140445692413
10,36,1800,75,36,0,65,13,220.0,0.0
10,36,1800,90,40,0,93,13,226.0,0.0
10,36,1800,80,44,0,61,10,154.0,0.0
10,36,1800,65,46,1,45,8,116.0,111.10941660960177
10,36,1800,65,41,1,59,10,180.0,210.49203435222236
10,36,1800,85,46,1,57,10,120.0,102.34413306946446
10,36,1800,75,35,0,59,12,214.0,0.0
10,36,1800,70,39,0,51,7,150.0,0.0
10,36,1800,65,36,1,55,21,290.0,180.2308090275123
10,36,1800,85,48,0,69,5,154.0,0.0
10,36,1800,75,50,1,59,6,96.0,131.03838833846356
10,36,1800,90,49,0,97,11,198.0,0.0
10,36,1800,75,42,1,49,11,164.0,203.7111679163502
10,36,1800,85,40,1,55,14,176.0,130.9025189230581
10,36,1800,65,49,1,63,5,98.0,62.502408975052674
10,36,1800,65,44,1,83,14,212.0,320.26153734554583
10,36,1800,65,49,0,35,7,96.0,0.0
10,36,1800,85,50,0,63,6,134.0,0.0
10,36,1800,80,50,0,93,10,148.0,0.0
10,36,1800,75,40,1,101,16,310.0,226.2820280875783
10,36,1800,70,41,1,49,11,152.0,255.86348208258775
10,36,1800,60,45,1,57,7,144.0,177.38289466499646
10,36,1800,90,48,1,67,10,220.0,260.7096562229247
10,36,1800,75,50,0,67,7,168.0,0.0
10,36,1800,90,50,0,87,7,146.0,0.0
10,36,1800,90,50,0,35,5,104.0,0.0
10,36,1800,85,35,0,57,12,210.0,0.0
10,36,1800,90,35,1,71,15,262.0,187.32252561164012
10,36,1800,60,45,0,65,10,162.0,0.0
10,36,1800,65,46,1,85,10,218.0,98.32112687123399
10,36,1800,70,50,0,95,10,260.0,0.0
10,36,1800,65,40,1,55,11,166.0,190.9192872321137
10,36,1800,80,47,0,99,7,190.0,0.0
10,36,1800,90,37,0,35,8,150.0,0.0
10,36,1800,80,38,0,139,14,260.0,0.0
10,36,1800,70,41,1,55,10,208.0,214.6865270830603
10,36,1800,80,48,1,67,10,254.0,285.8348830093682
10,36,1800,90,49,1,59,12,142.0,138.29513881422483
10,36,1800,80,36,0,95,15,328.0,0.0
10,36,1800,90,42,1,103,14,204.0,297.5235639206318
10,36,1800,85,36,0,105,12,256.0,0.0
10,36,1800,70,37,0,101,11,216.0,0.0
10,36,1800,80,36,1,71,16,296.0,151.17123400419015
10,36,1800,80,43,0,69,9,194.0,0.0
10,36,1800,85,42,0,101,10,252.0,0.0
10,36,1800,70,41,1,47,10,82.0,156.904628329622
10,36,1800,65,48,1,59,6,156.0,127.94041868708251
10,36,1800,85,47,1,59,11,148.0,99.51689654290544
10,36,1800,80,35,0,55,12,240.0,0.0
10,36,1800,85,42,0,67,9,218.0,0.0
10,36,1800,80,46,0,105,5,142.0,0.0
10,36,1800,60,48,1,97,6,164.0,180.70972622589662
10,36,1800,70,43,1,47,8,140.0,130.01847588652393
10,36,1800,65,39,0,81,11,210.0,0.0
10,36,1800,90,49,1,93,7,160.0,107.73812708943221
10,36,1800,90,37,1,61,14,200.0,217.36494833065157
10,36,1800,60,39,0,121,8,178.0,0.0
10,36,1800,85,39,0,87,8,184.0,0.0
10,36,1800,70,41,0,89,10,222.0,0.0
10,36,1800,85,45,1,83,8,228.0,276.1162532379521
10,36,1800,80,36,1,51,12,164.0,106.75265113313522
10,36,1800,85,46,1,65,10,190.0,90.12826110968396
10,36,1800,80,35,0,71,15,308.0,0.0
10,36,1800,85,36,0,91,14,204.0,0.0
10,36,1800,70,40,0,63,8,136.0,0.0
10,36,1800,80,39,0,101,16,344.0,0.0
10,36,1800,70,40,1,69,13,242.0,187.9699586982354
10,36,1800,90,38,1,93,11,232.0,171.91268681176328
10,36,1800,90,39,1,71,11,198.0,297.33905133114996
10,36,1800,70,35,1,49,18,222.0,178.70188328035698
10,36,1800,65,39,1,37,5,74.0,89.1087292877714
10,36,1800,85,38,1,97,19,334.0,236.4243822341696
10,36,1800,65,43,0,69,7,100.0,0.0
10,36,1800,65,44,0,55,7,138.0,0.0
10,36,1800,75,36,1,51,15,198.0,172.3844463721286
10,36,1800,90,46,0,61,7,132.0,0.0
10,36,1800,70,38,0,87,11,260.0,0.0
10,36,1700,60,45,0,63,4,64.0,0.0
10,36,1700,65,39,1,69,10,202.0,332.70661194490646
10,36,1700,60,47,0,77,9,130.0,0.0
10,36,1700,80,47,1,63,8,122.0,106.6355141871971
10,36,1700,70,44,0,57,6,138.0,0.0
10,36,1700,75,38,1,89,13,196.0,139.13378368951277
10,36,1700,75,35,1,39,11,138.0,151.7260779115721
10,36,1700,65,41,1,57,16,236.0,304.97741966896103
10,36,1700,85,37,1,59,12,180.0,170.366542437976
10,36,1700,60,44,0,91,5,154.0,0.0
10,36,1700,70,46,1,63,6,170.0,88.42073401709095
10,36,1700,90,44,0,51,6,114.0,0.0
10,36,1700,85,47,0,33,4,92.0,0.0
10,36,1700,75,35,0,63,12,210.0,0.0
10,36,1700,65,36,1,61,10,138.0,91.59558403155434
10,36,1700,60,42,1,21,3,22.0,65.6408260175237
10,36,1700,85,46,0,57,7,120.0,0.0
10,36,1700,65,47,0,85,7,136.0,0.0
10,36,1700,70,40,0,33,5,52.0,0.0
10,36,1700,60,45,1,65,6,130.0,83.12653692128464
10,36,1700,60,40,1,47,5,80.0,70.72689963794254
10,36,1700,85,37,0,91,9,184.0,0.0
10,36,1700,85,41,0,61,8,158.0,0.0
10,36,1700,85,44,1,59,10,138.0,283.6440996838784
10,36,1700,90,46,1,35,7,126.0,120.6967534980432
10,36,1700,70,35,1,55,14,182.0,208.986747481666
10,36,1700,60,38,0,63,8,136.0,0.0
10,36,1700,70,36,0,53,8,150.0,0.0
10,36,1700,90,38,0,31,7,90.0,0.0
10,36,1700,90,42,0,33,7,76.0,0.0
10,36,1700,70,45,1,75,5,76.0,92.85199187849811
10,36,1700,70,46,1,55,8,86.0,129.90433077330346
10,36,1700,90,46,0,79,9,172.0,0.0
10,36,1700,65,37,1,31,9,90.0,141.61228917023215
10,36,1700,75,43,0,99,9,248.0,0.0
10,36,1700,85,37,1,65,11,148.0,122.11262706764388
10,36,1700,80,39,1,99,12,206.0,244.24534378991822
10,36,1700,75,39,0,55,9,184.0,0.0
10,36,1700,90,41,0,53,7,164.0,0.0
10,36,1700,70,47,1,61,5,62.0,31.14209282385796
10,36,1700,90,40,1,31,9,138.0,78.34473561307594
10,36,1700,90,35,0,93,14,268.0,0.0
10,36,1700,75,41,1,53,11,178.0,213.0139695002009
10,36,1700,65,47,1,95,15,196.0,249.58802245512834
10,36,1700,85,43,0,67,7,160.0,0.0
10,36,1700,60,49,0,31,3,80.0,0.0
10,36,1700,75,37,1,29,7,96.0,93.12625700688423
10,36,1700,70,39,0,91,6,146.0,0.0
10,36,1700,60,39,1,65,8,114.0,154.71764412263465
10,36,1700,90,40,0,83,14,194.0,0.0
10,36,1700,85,43,1,43,11,168.0,158.35208556227602
10,36,1700,70,48,0,63,5,94.0,0.0
10,36,1700,75,45,1,67,11,228.0,238.02874861425008
10,36,1700,90,40,0,55,9,172.0,0.0
10,36,1700,70,49,1,43,6,106.0,77.687175396436
10,36,1700,90,37,0,33,11,148.0,0.0
10,36,1700,60,41,1,67,12,148.0,138.06885607041224
10,36,1700,70,42,0,29,4,56.0,0.0
10,36,1700,90,44,0,33,4,64.0,0.0
10,36,1700,90,46,0,29,1,30.0,0.0
10,36,1700,85,35,1,37,14,234.0,174.98083858951262
10,36,1700,85,45,1,93,12,192.0,217.78328770919137
10,36,1700,90,40,1,49,15,176.0,151.60764307297634
10,36,1700,75,40,0,61,8,156.0,0.0
10,36,1700,75,44,1,61,4,84.0,66.6270284905716
10,36,1700,75,47,0,55,4,80.0,0.0
10,36,1700,70,43,1,31,8,138.0,174.9474448342083
10,36,1700,60,38,0,55,3,76.0,0.0
10,36,1700,70,45,1,59,8,128.0,133.18408332749533
10,36,1700,80,42,0,49,10,174.0,0.0
10,36,1700,60,45,1,55,10,168.0,162.26588852662545
10,36,1700,85,48,0,87,11,214.0,0.0
10,36,1700,60,45,1,65,6,154.0,93.60527713219818
10,36,1700,80,47,0,29,2,46.0,0.0
10,36,1700,70,35,1,57,14,130.0,107.96884011341972
10,36,1700,75,35,0,85,16,236.0,0.0
10,36,1700,70,36,0,89,11,206.0,0.0
10,36,1700,70,41,1,57,14,212.0,324.26081845345345
10,36,1700,75,40,1,33,4,90.0,42.14025427420913
10,36,1700,75,40,0,61,6,182.0,0.0
10,36,1700,65,48,1,39,7,102.0,241.3889174473547
10,36,1700,60,36,0,55,14,174.0,0.0
10,36,1700,60,47,1,49,4,50.0,45.51005053172828
10,36,1700,90,43,0,95,10,250.0,0.0
10,36,1700,75,44,0,53,10,142.0,0.0
10,36,1700,70,43,1,55,5,120.0,79.43810651551368
10,36,1700,75,49,0,59,5,112.0,0.0
10,36,1700,60,50,0,31,6,78.0,0.0
10,36,1700,90,50,1,35,6,118.0,162.81446070348036
10,36,1700,80,35,1,31,7,82.0,89.29233454539849
10,36,1700,80,36,1,59,8,170.0,75.16083914303259
10,36,1700,80,38,1,49,7,112.0,57.077032482997225
10,36,1700,60,37,1,99,13,208.0,163.07372247700044
10,36,1700,65,40,0,57,10,136.0,0.0
10,36,1700,75,48,0,53,6,132.0,0.0
10,36,1700,70,49,1,57,7,108.0,75.97518514511255
10,36,1700,90,50,0,65,7,148.0,0.0
10,36,1700,90,35,0,91,12,206.0,0.0
10,36,1700,90,35,0,91,13,250.0,0.0
10,36,1700,80,36,1,57,15,140.0,120.17455091848986
10,36,1600,85,35,0,61,13,210.0,0.0
10,36,1600,70,42,1,51,6,134.0,143.60946796532866
10,36,1600,70,36,1,47,12,130.0,108.66761170705024
10,36,1600,80,49,0,49,2,50.0,0.0
10,36,1600,60,39,1,79,10,120.0,275.87921216521875
10,36,1600,80,40,1,77,8,78.0,117.00351972977822
10,36,1600,60,42,0,51,9,158.0,0.0
10,36,1600,60,42,1,53,8,128.0,191.0866019850003
10,36,1600,85,46,1,81,7,112.0,92.64552530989098
10,36,1600,60,49,0,31,3,56.0,0.0
10,36,1600,70,44,0,35,3,36.0,0.0
10,36,1600,65,49,0,61,6,140.0,0.0
10,36,1600,60,35,0,85,8,174.0,0.0
10,36,1600,75,43,1,55,7,114.0,60.67614444741543
10,36,1600,90,43,0,61,8,122.0,0.0
10,36,1600,65,45,1,83,11,166.0,240.56368978317136
10,36,1600,90,45,0,55,8,86.0,0.0
10,36,1600,65,37,1,61,9,188.0,99.32673915097857
10,36,1600,75,41,1,63,6,94.0,124.26427625893166
10,36,1600,70,41,0,59,9,156.0,0.0
10,36,1600,85,44,1,49,9,128.0,216.9778867646263
10,36,1600,90,41,1,57,11,98.0,207.7369817301782
10,36,1600,75,43,1,9,1,10.0,11.981504570790378
10,36,1600,80,42,0,63,9,120.0,0.0
10,36,1600,65,40,0,59,9,112.0,0.0
10,36,1600,90,44,0,61,7,132.0,0.0
10,36,1600,65,37,1,69,8,118.0,105.85400753385787
10,36,1600,80,40,0,57,10,200.0,0.0
10,36,1600,80,45,0,61,11,188.0,0.0
10,36,1600,65,45,1,67,8,118.0,133.80881599224028
10,36,1600,85,50,1,31,5,62.0,104.48804806425986
10,36,1600,80,50,0,55,4,118.0,0.0
10,36,1600,90,48,1,37,6,68.0,122.79326222668854
10,36,1600,80,47,1,65,8,124.0,74.89044064424239
10,36,1600,75,48,0,81,7,166.0,0.0
10,36,1600,85,38,0,113,12,216.0,0.0
10,36,1600,80,40,0,61,8,112.0,0.0
10,36,1600,70,44,1,29,5,74.0,94.40470496610385
10,36,1600,90,50,0,61,7,106.0,0.0
10,36,1600,65,47,1,47,5,80.0,25.671354622313522
10,36,1600,90,45,1,59,8,142.0,247.65352137800983
10,36,1600,60,35,1,55,9,120.0,99.0853118245375
10,36,1600,60,37,1,25,5,76.0,52.73857350267697
10,36,1600,70,42,0,59,6,112.0,0.0
10,36,1600,80,44,0,59,8,170.0,0.0
10,36,1600,80,49,0,89,11,180.0,0.0
10,36,1600,75,35,0,91,13,234.0,0.0
10,36,1600,80,38,1,67,11,174.0,129.48774843346467
10,36,1600,70,38,1,65,8,126.0,98.22421224639565
10,36,1600,90,36,1,33,7,98.0,60.54664796179169
10,36,1600,65,37,0,59,9,200.0,0.0
10,36,1600,80,46,1,57,8,104.0,67.73372813133255
10,36,1600,85,47,0,51,11,116.0,0.0
10,36,1600,65,39,1,31,8,118.0,201.64410896199064
10,36,1600,60,44,0,57,10,118.0,0.0
10,36,1600,75,38,1,59,10,182.0,145.63089807967273
10,36,1600,70,40,0,31,6,132.0,0.0
10,36,1600,70,40,0,61,8,144.0,0.0
10,36,1600,80,45,0,59,8,156.0,0.0
10,36,1600,60,48,1,53,3,86.0,115.01673901572556
10,36,1600,80,50,0,37,4,62.0,0.0
10,36,1600,75,40,0,57,6,120.0,0.0
10,36,1600,70,43,1,57,4,106.0,66.48524389543975
10,36,1600,75,37,1,45,10,154.0,118.12242323604485
10,36,1600,90,40,0,57,7,86.0,0.0
10,36,1600,75,43,1,67,17,218.0,261.96570998066454
10,36,1600,90,46,1,41,5,100.0,55.473657379682294
10,36,1600,85,40,0,49,10,164.0,0.0
10,36,1600,65,43,1,45,12,110.0,138.63987729945757
10,36,1600,90,46,0,21,4,56.0,0.0
10,36,1600,85,44,1,53,11,146.0,177.99443080997565
10,36,1600,65,50,0,31,5,94.0,0.0
10,36,1600,60,39,0,47,3,76.0,0.0
10,36,1600,85,49,1,49,10,120.0,101.1658826268787
10,36,1600,85,40,1,31,5,94.0,74.60148591497322
10,36,1600,85,44,1,63,6,94.0,142.67087818913362
10,36,1600,60,44,0,59,4,112.0,0.0
10,36,1600,60,46,0,27,5,54.0,0.0
10,36,1600,90,47,1,79,7,184.0,102.2483746152451
10,36,1600,90,41,0,57,9,176.0,0.0
10,36,1600,85,46,1,57,9,154.0,148.71110559974736
10,36,1600,75,39,1,27,7,104.0,196.76943333152917
10,36,1600,85,41,1,43,8,76.0,156.24024687206574
10,36,1600,90,41,0,59,13,196.0,0.0
10,36,1600,85,41,1,99,11,160.0,187.0901872131662
10,36,1600,70,43,0,79,7,162.0,0.0
10,36,1600,60,43,0,83,7,166.0,0.0
10,36,1600,60,49,0,95,5,152.0,0.0
10,36,1600,90,47,0,53,5,82.0,0.0
10,36,1600,80,48,0,49,7,96.0,0.0
10,36,1600,60,44,1,27,2,54.0,59.20238319794908
10,36,1600,75,46,1,29,1,30.0,10.0
10,36,1600,65,35,1,35,8,120.0,111.00282067635524
10,36,1600,65,37,0,61,10,182.0,0.0
10,36,1600,60,40,1,63,8,108.0,122.86305533834083
10,36,1600,80,36,0,117,10,168.0,0.0
10,36,1600,70,38,1,79,11,202.0,52.688526676089786
10,36,1600,65,40,0,53,10,126.0,0.0
10,36,1500,75,46,1,87,8,130.0,93.31890857903466
10,36,1600,90,50,1,53,9,132.0,189.28324322171963
10,36,1500,90,38,0,51,7,82.0,0.0
10,36,1600,65,49,0,35,5,96.0,0.0
10,36,1500,70,41,1,83,11,160.0,149.98541330886292
10,36,1500,90,41,0,55,10,156.0,0.0
10,36,1500,60,49,1,0,0,0.0,0.0
10,36,1500,65,43,1,55,4,96.0,42.00070352015354
10,36,1500,80,50,0,61,4,62.0,0.0
10,36,1500,75,46,1,29,4,78.0,54.349831999278145
10,36,1500,90,37,0,29,7,104.0,0.0
10,36,1500,70,38,1,27,5,76.0,46.86450223268425
10,36,1500,75,39,0,75,8,134.0,0.0
10,36,1500,90,35,0,57,13,168.0,0.0
10,36,1500,70,37,0,49,4,50.0,0.0
10,36,1500,90,44,1,59,10,114.0,181.6250506854033
10,36,1500,65,44,0,0,0,0.0,0.0
10,36,1500,90,46,1,41,8,104.0,138.09750671962794
10,36,1500,65,38,1,55,6,124.0,71.50861498305225
10,36,1500,90,39,0,55,11,198.0,0.0
10,36,1500,60,41,0,25,5,50.0,0.0
10,36,1500,70,48,1,53,6,96.0,233.20028611082262
10,36,1500,75,47,1,43,4,66.0,57.95729620006892
10,36,1500,60,43,0,57,4,88.0,0.0
10,36,1500,60,42,1,55,11,150.0,199.67466492098575
10,36,1500,65,36,0,49,7,126.0,0.0
10,36,1500,75,39,0,51,7,102.0,0.0
10,36,1500,70,39,1,59,13,208.0,431.14787288141525
10,36,1500,65,45,1,51,7,122.0,143.79307884488054
10,36,1500,70,48,0,87,8,124.0,0.0
10,36,1500,65,47,1,29,7,146.0,110.09483446302755
10,36,1500,75,50,0,17,1,18.0,0.0
10,36,1500,70,36,1,31,7,76.0,33.0668627160013
10,36,1500,80,38,0,53,5,74.0,0.0
10,36,1500,80,39,1,57,8,164.0,245.48015776582136
10,36,1500,85,48,0,27,3,56.0,0.0
10,36,1500,75,48,1,17,3,18.0,61.92607601210428
10,36,1500,60,35,1,27,4,64.0,34.30382054727263
10,36,1500,90,47,0,79,9,132.0,0.0
10,36,1500,90,35,0,59,10,142.0,0.0
10,36,1500,80,35,1,45,13,156.0,192.31776662265997
10,36,1500,85,41,1,33,6,74.0,147.28565363794348
10,36,1500,60,48,0,57,6,110.0,0.0
10,36,1500,65,44,0,53,4,82.0,0.0
10,36,1500,75,35,0,79,6,140.0,0.0
10,36,1500,90,37,1,79,7,144.0,112.69490900330737
10,36,1500,70,39,1,27,2,48.0,81.00661738464387
10,36,1500,70,41,1,29,5,78.0,86.12783393603794
10,36,1500,75,43,1,37,7,126.0,150.1354395104515
10,36,1500,65,46,0,45,6,100.0,0.0
10,36,1500,60,43,1,41,4,94.0,67.46292925164292
10,36,1500,80,41,0,77,13,208.0,0.0
10,36,1500,70,42,0,57,12,172.0,0.0
10,36,1500,70,35,1,31,11,120.0,98.97002892664543
10,36,1500,65,40,0,53,9,102.0,0.0
10,36,1500,80,40,0,51,8,98.0,0.0
10,36,1500,60,43,1,107,9,184.0,159.3319648196224
10,36,1500,60,41,0,27,7,96.0,0.0
10,36,1500,90,38,1,83,11,170.0,106.55517019932788
10,36,1500,90,50,0,57,7,140.0,0.0
10,36,1500,90,35,0,55,8,162.0,0.0
10,36,1500,70,39,1,49,7,82.0,151.76214758215724
10,36,1500,70,39,1,57,8,104.0,211.7628735933865
10,36,1500,60,39,0,53,8,130.0,0.0
10,36,1500,65,40,1,43,8,66.0,110.6344676697118
10,36,1500,85,46,0,73,6,116.0,0.0
10,36,1500,90,47,1,33,5,92.0,57.617828486858336
10,36,1500,75,35,0,49,11,126.0,0.0
10,36,1500,60,37,0,81,9,196.0,0.0
10,36,1500,70,43,1,35,6,96.0,68.31531328976068
10,36,1500,60,37,1,45,11,122.0,132.52141865434243
10,36,1500,70,50,0,25,1,26.0,0.0
10,36,1500,85,37,0,59,11,168.0,0.0
10,36,1500,75,48,1,99,5,100.0,145.0360832559767
10,36,1500,70,37,1,31,4,62.0,48.705457366144884
10,36,1500,70,39,1,27,6,100.0,163.93483638885672
10,36,1500,65,42,0,25,2,46.0,0.0
10,36,1500,65,43,0,57,8,130.0,0.0
10,36,1500,70,42,0,35,3,36.0,0.0
10,36,1500,70,46,1,21,3,22.0,46.72080300301949
10,36,1500,70,45,1,47,8,106.0,150.9379696461291
10,36,1500,90,38,1,55,10,150.0,100.52401899681416
10,36,1500,75,44,0,71,6,120.0,0.0
10,36,1500,85,46,0,49,6,74.0,0.0
10,36,1500,85,49,0,49,4,70.0,0.0
10,36,1500,65,46,1,67,6,68.0,100.62174369200544
10,36,1500,90,46,1,109,10,180.0,159.00353717309588
10,36,1500,70,47,0,29,3,84.0,0.0
10,36,1500,70,35,0,83,16,216.0,0.0
10,36,1500,60,35,1,47,5,78.0,80.71355163803312
10,36,1500,65,36,0,83,12,160.0,0.0
10,36,1500,75,38,1,79,9,180.0,147.48288188466407
10,36,1500,60,49,0,25,3,30.0,0.0
10,36,1500,60,42,1,67,8,98.0,125.15196947839709
10,36,1500,75,43,1,47,6,94.0,68.12475624288955
10,36,1500,80,41,0,49,7,130.0,0.0
10,36,1500,85,45,0,53,7,110.0,0.0
10,36,1500,70,49,0,45,4,94.0,0.0
10,36,1500,60,46,1,27,6,82.0,95.28749501484373
10,36,1500,65,42,1,27,3,78.0,35.62709259527106
10,36,1500,60,42,0,43,6,96.0,0.0
10,36,1500,60,46,1,91,7,122.0,55.77546830217189
10,35,3000,80,36,1,79,32,536.0,374.6875453857072
10,35,3000,75,36,1,107,31,558.0,454.9298318869146
10,35,3000,60,36,0,117,32,768.0,0.0
10,35,3000,90,37,0,153,31,794.0,0.0
10,35,3000,80,45,1,119,30,636.0,612.4701804242981
10,35,3000,60,37,1,111,32,632.0,537.1021211501953
10,35,3000,80,49,0,223,23,746.0,0.0
10,35,3000,80,35,0,113,32,570.0,0.0
10,35,3000,80,36,1,153,34,692.0,475.91917393997494
10,35,3000,70,36,0,111,31,664.0,0.0
10,35,3000,70,35,0,115,34,674.0,0.0
10,35,3000,80,46,0,117,28,686.0,0.0
10,35,3000,85,47,1,231,28,726.0,534.3128340401526
10,35,3000,65,40,1,163,28,640.0,366.2349497732014
10,35,3000,85,43,0,167,30,706.0,0.0
10,35,3000,75,44,1,111,27,452.0,522.8311833597556
10,35,3000,75,43,1,109,34,560.0,537.2224265953189
10,35,3000,80,50,1,117,19,400.0,570.8103571113611
10,35,3000,75,50,0,117,18,560.0,0.0
10,35,3000,80,45,1,161,26,634.0,531.0885456271321
10,35,3000,80,48,0,177,22,674.0,0.0
10,35,3000,90,37,0,119,33,592.0,0.0
10,35,3000,80,39,0,167,32,890.0,0.0
10,35,3000,90,44,1,97,33,596.0,733.4863959906305
10,35,3000,70,40,1,119,32,672.0,403.44600018823843
10,35,3000,75,46,0,169,23,708.0,0.0
10,35,3000,85,48,1,83,25,488.0,562.8862508679571
10,35,3000,80,50,0,167,17,528.0,0.0
10,35,3000,85,35,1,67,33,554.0,400.8296144559139
10,35,3000,90,37,0,115,32,706.0,0.0
10,35,3000,85,44,1,221,24,748.0,507.60611456303053
10,35,3000,85,48,0,171,23,624.0,0.0
10,35,3000,65,49,0,159,22,732.0,0.0
10,35,3000,70,38,1,171,30,786.0,401.52995693939874
10,35,3000,90,48,1,103,22,526.0,475.5258676997201
10,35,3000,85,35,0,117,34,690.0,0.0
10,35,3000,85,38,0,117,32,770.0,0.0
10,35,3000,85,39,1,109,31,562.0,739.5495647810064
10,35,3000,85,41,0,103,30,572.0,0.0
10,35,3000,70,38,1,113,31,606.0,522.1708771196575
10,35,3000,60,48,1,115,21,516.0,434.4293850398903
10,35,3000,85,39,0,109,28,568.0,0.0
10,35,3000,75,36,0,167,33,754.0,0.0
10,35,3000,90,39,1,167,32,646.0,772.114836311817
10,35,3000,85,40,1,67,28,422.0,441.1467100532293
10,35,3000,90,46,1,169,24,524.0,475.8906126836548
10,35,3000,60,48,0,139,20,686.0,0.0
10,35,3000,80,42,0,115,26,620.0,0.0
10,35,3000,60,44,1,185,29,622.0,666.1563570717672
10,35,3000,85,38,0,155,31,688.0,0.0
10,35,3000,90,36,0,111,34,554.0,0.0
10,35,3000,85,37,1,111,35,712.0,699.463420407947
10,35,3000,75,40,0,165,29,668.0,0.0
10,35,3000,60,48,0,117,16,488.0,0.0
10,35,3000,65,49,1,119,17,478.0,336.5996853429302
10,35,3000,60,35,1,111,31,634.0,495.3367872650619
10,35,3000,90,38,1,83,32,518.0,497.28755824271633
10,35,3000,65,40,0,113,27,690.0,0.0
10,35,3000,80,47,1,117,21,406.0,449.7850929996724
10,35,3000,60,45,0,119,23,634.0,0.0
10,35,3000,90,48,1,83,28,612.0,679.2740604616481
10,35,3000,60,50,0,117,12,416.0,0.0
10,35,3000,85,45,1,117,27,696.0,525.3712698747422
10,35,3000,90,35,1,113,33,528.0,446.16990253397586
10,35,3000,85,39,0,115,27,572.0,0.0
10,35,3000,75,46,1,213,24,672.0,400.36382507126217
10,35,3000,75,48,1,111,25,492.0,628.9564305922515
10,35,3000,70,50,0,179,23,706.0,0.0
10,35,3000,85,43,0,163,26,722.0,0.0
10,35,3000,60,43,0,177,24,750.0,0.0
10,35,3000,85,39,0,169,27,732.0,0.0
10,35,3000,65,43,0,117,27,642.0,0.0
10,35,3000,60,44,1,83,24,480.0,406.6325507141408
10,35,3000,90,44,1,93,31,494.0,555.8438635405803
10,35,3000,80,48,0,107,20,518.0,0.0
10,35,3000,60,42,1,103,27,656.0,381.2195799535395
10,35,3000,70,38,0,169,30,718.0,0.0
10,35,3000,80,38,1,111,30,558.0,468.0285034051811
10,35,3000,70,36,1,169,30,646.0,357.700022664227
10,35,3000,75,36,0,167,31,658.0,0.0
10,35,3000,80,41,1,73,30,432.0,529.0604346446696
10,35,3000,90,42,0,115,29,704.0,0.0
10,35,3000,85,50,1,127,22,626.0,656.0886639136343
10,35,3000,80,43,1,73,26,394.0,605.0705790135014
10,35,3000,65,44,0,159,23,642.0,0.0
10,35,3000,70,45,0,173,25,724.0,0.0
10,35,3000,80,50,0,87,18,352.0,0.0
10,35,3000,80,50,1,161,21,610.0,620.849307352883
10,35,3000,80,44,0,177,24,654.0,0.0
10,35,3000,85,39,1,97,29,626.0,639.0317733906272
10,35,3000,90,39,0,117,28,696.0,0.0
10,35,3000,65,38,1,117,28,630.0,406.5190792822177
10,35,3000,90,48,0,173,20,562.0,0.0
10,35,3000,70,50,1,119,17,504.0,461.375729491842
10,35,3000,60,50,1,91,20,386.0,594.1624656797017
10,35,3000,60,50,0,111,23,594.0,0.0
10,35,3000,60,42,0,155,25,634.0,0.0
10,35,2900,65,36,1,111,32,604.0,418.2423702976118
10,35,3000,60,42,1,281,25,782.0,575.1974468236527
10,35,3000,75,42,0,115,29,750.0,0.0
10,35,2900,90,35,0,163,34,598.0,0.0
10,35,2900,80,41,1,113,28,548.0,521.6654180351353
10,35,3000,90,48,1,85,26,390.0,682.049006388665
10,35,2900,60,47,0,135,23,664.0,0.0
10,35,2900,65,44,1,89,22,416.0,437.60103572619045
10,35,2900,90,41,1,101,32,646.0,737.3262393828384
10,35,2900,85,42,1,113,27,532.0,396.736604748811
10,35,2900,75,44,0,219,25,548.0,0.0
10,35,2900,80,48,1,109,24,566.0,563.0487467759477
10,35,2900,60,44,0,109,21,528.0,0.0
10,35,2900,75,41,0,165,25,704.0,0.0
10,35,2900,80,50,0,159,23,680.0,0.0
10,35,2900,60,43,1,195,25,618.0,494.79345349351087
10,35,2900,75,44,1,81,28,412.0,506.1785708702016
10,35,2900,60,44,0,159,23,680.0,0.0
10,35,2900,60,47,1,157,19,542.0,353.6494360628315
10,35,2900,90,42,1,113,32,692.0,387.1271706205316
10,35,2900,70,37,0,159,31,648.0,0.0
10,35,2900,85,43,0,275,25,884.0,0.0
10,35,2900,85,43,1,207,26,658.0,620.1551826506715
10,35,2900,60,40,0,209,19,664.0,0.0
10,35,2900,75,41,1,217,30,912.0,523.9608667767591
10,35,2900,75,49,0,105,19,538.0,0.0
10,35,2900,75,46,0,101,20,508.0,0.0
10,35,2900,90,42,1,115,30,562.0,559.1288495223847
10,35,2900,60,48,0,115,15,404.0,0.0
10,35,2900,85,38,0,143,31,832.0,0.0
10,35,2900,90,44,0,155,28,598.0,0.0
10,35,2900,90,41,1,173,30,718.0,624.9877839309346
10,35,2900,90,43,1,165,27,586.0,557.636876513793
10,35,2900,80,48,1,167,22,648.0,525.8741312168005
10,35,2900,60,48,1,95,14,232.0,234.47717215569293
10,35,2900,80,48,0,111,21,464.0,0.0
10,35,2900,80,40,0,115,26,720.0,0.0
10,35,2900,80,39,0,107,30,664.0,0.0
10,35,2900,75,47,0,163,20,508.0,0.0
10,35,2900,65,49,1,141,16,402.0,195.7291044829932
10,35,2900,80,44,1,83,27,484.0,666.994095226846
10,35,2900,75,40,0,155,30,844.0,0.0
10,35,2900,85,47,1,111,26,598.0,524.775092979583
10,35,2900,75,36,1,111,31,536.0,451.97672756362874
10,35,2900,70,44,0,161,19,578.0,0.0
10,35,2900,85,48,1,107,16,342.0,361.81671198694033
10,35,2900,70,50,1,87,12,300.0,316.93932128830585
10,35,2900,85,47,0,163,17,506.0,0.0
10,35,2900,70,39,1,111,33,552.0,707.7560880838834
10,35,2900,90,46,0,113,25,566.0,0.0
10,35,2900,90,35,0,109,34,700.0,0.0
10,35,2900,65,35,1,79,32,496.0,418.66208303584074
10,35,2900,80,35,0,167,29,738.0,0.0
10,35,2900,60,42,1,105,24,484.0,478.26292059850584
10,35,2900,85,46,0,161,26,626.0,0.0
10,35,2900,80,47,1,165,22,512.0,383.8391227688298
10,35,2900,75,44,0,157,23,600.0,0.0
10,35,2900,60,36,1,109,25,534.0,443.5565652426022
10,35,2900,80,44,1,155,29,688.0,498.65669510546115
10,35,2900,85,44,0,163,25,636.0,0.0
10,35,2900,80,48,1,113,21,524.0,448.8266683610047
10,35,2900,90,48,0,113,24,684.0,0.0
10,35,2900,80,39,1,81,30,546.0,563.6052587853324
10,35,2900,70,45,0,113,21,576.0,0.0
10,35,2900,70,36,0,163,33,686.0,0.0
10,35,2900,75,37,1,89,33,484.0,416.7939659980628
10,35,2900,75,39,0,115,31,632.0,0.0
10,35,2900,70,38,1,109,32,572.0,548.1842534572492
10,35,2900,75,40,0,161,26,760.0,0.0
10,35,2900,85,47,0,199,22,608.0,0.0
10,35,2900,75,50,1,157,27,616.0,699.8006568355244
10,35,2900,65,43,0,113,20,502.0,0.0
10,35,2900,65,46,0,111,17,480.0,0.0
10,35,2900,75,49,0,151,19,612.0,0.0
10,35,2900,85,50,1,209,21,504.0,483.48137895423633
10,35,2900,75,49,1,111,21,546.0,353.05265190464627
10,35,2900,80,47,1,163,27,618.0,343.55086069456263
10,35,2900,70,47,1,81,22,408.0,428.9736028890564
10,35,2900,65,38,1,109,26,546.0,358.9761579003276
10,35,2900,90,37,0,167,34,742.0,0.0
10,35,2900,90,40,1,167,26,514.0,438.6637586600654
10,35,2900,85,49,0,111,18,476.0,0.0
10,35,2900,60,47,0,153,21,598.0,0.0
10,35,2900,85,46,1,149,30,632.0,489.51032605930686
10,35,2900,70,49,0,151,17,516.0,0.0
10,35,2900,60,36,1,217,35,744.0,524.9023509741745
10,35,2900,70,40,0,113,24,486.0,0.0
10,35,2900,85,42,1,165,27,668.0,392.5579443713692
10,35,2900,65,45,1,115,18,504.0,524.8017048272411
10,35,2900,80,50,0,115,21,610.0,0.0
10,35,2900,65,40,0,113,19,474.0,0.0
10,35,2900,90,41,1,113,29,522.0,484.3597466354748
10,35,2900,75,36,0,153,29,870.0,0.0
10,35,2900,75,45,0,105,24,626.0,0.0
10,35,2900,70,48,1,163,23,492.0,665.2987566753723
10,35,2900,90,50,0,167,16,452.0,0.0
10,35,2900,75,50,1,115,22,506.0,481.056659021665
10,35,2900,60,37,1,107,27,564.0,496.0637383285941
10,35,2900,60,48,0,55,14,282.0,0.0
10,35,2800,85,36,1,103,33,618.0,398.83375476216185
10,35,2900,70,41,0,111,25,502.0,0.0
10,35,2900,65,42,1,145,14,398.0,269.6379381605183
10,35,2900,75,47,1,109,23,394.0,330.1057384973239
10,35,2800,70,50,1,79,16,272.0,365.34697667325486
10,35,2800,75,43,0,99,25,550.0,0.0
10,35,2900,65,46,0,101,20,494.0,0.0
10,35,2800,75,39,0,149,24,662.0,0.0
10,35,2800,60,42,0,147,19,400.0,0.0
10,35,2800,65,44,1,107,19,532.0,433.64094178320846
10,35,2800,60,40,1,93,23,472.0,469.07021870804334
10,35,2800,60,49,0,99,18,444.0,0.0
10,35,2800,90,44,0,95,31,632.0,0.0
10,35,2800,65,46,1,141,16,458.0,221.01157032563233
10,35,2800,85,38,1,91,29,492.0,506.63075276688255
10,35,2800,75,42,1,117,22,440.0,257.22059044257884
10,35,2800,75,42,0,101,27,470.0,0.0
10,35,2800,80,48,1,103,21,414.0,508.37586877994954
10,35,2800,75,46,0,153,22,716.0,0.0
10,35,2800,60,39,1,91,30,580.0,591.8324663225837
10,35,2800,85,45,0,109,20,522.0,0.0
10,35,2800,75,35,0,107,33,580.0,0.0
10,35,2800,75,38,1,107,29,594.0,536.0313383406417
10,35,2800,70,35,0,105,31,702.0,0.0
10,35,2800,80,41,0,153,22,770.0,0.0
10,35,2800,65,50,0,149,11,398.0,0.0
10,35,2800,90,43,1,111,27,476.0,489.71947164546003
10,35,2800,90,46,1,105,25,494.0,423.5909690713524
10,35,2800,80,37,1,67,24,442.0,477.9177293912958
10,35,2800,80,41,0,147,24,668.0,0.0
10,35,2800,60,37,0,209,26,648.0,0.0
10,35,2800,60,44,1,83,16,258.0,394.0197482345091
10,35,2800,80,43,0,111,23,578.0,0.0
10,35,2800,60,41,1,215,22,706.0,443.9854014307252
10,35,2800,85,46,1,109,23,614.0,441.7412152079319
10,35,2800,90,36,0,155,28,538.0,0.0
10,35,2800,60,41,0,157,21,532.0,0.0
10,35,2800,65,44,1,173,25,632.0,489.7259542917321
10,35,2800,60,46,1,163,20,540.0,361.9004293336805
10,35,2800,70,43,0,143,21,618.0,0.0
10,35,2800,80,42,0,153,27,620.0,0.0
10,35,2800,70,50,1,103,14,362.0,310.8266251058723
10,35,2800,90,36,0,109,34,710.0,0.0
10,35,2800,85,37,0,107,30,566.0,0.0
10,35,2800,60,39,1,79,25,506.0,643.8737214633492
10,35,2800,85,37,0,101,31,586.0,0.0
10,35,2800,90,49,1,105,20,536.0,313.6148315880399
10,35,2800,70,48,1,153,20,464.0,413.7127461625995
10,35,2800,60,47,1,103,22,542.0,357.09828331790106
10,35,2800,85,36,1,161,31,728.0,455.1285820342928
10,35,2800,90,40,1,151,29,654.0,462.6312732899733
10,35,2800,80,46,0,159,24,530.0,0.0
10,35,2800,60,43,0,107,16,522.0,0.0
10,35,2800,60,49,0,149,14,504.0,0.0
10,35,2800,70,38,0,155,31,830.0,0.0
10,35,2800,65,50,1,259,12,366.0,289.0164156482033
10,35,2800,60,36,1,81,28,484.0,381.8555626913435
10,35,2800,90,37,1,153,33,652.0,586.4361543738753
10,35,2800,90,44,1,105,26,490.0,636.890608629702
10,35,2800,80,43,0,203,25,630.0,0.0
10,35,2800,70,49,1,109,18,534.0,299.886471354881
10,35,2800,80,45,0,145,20,674.0,0.0
10,35,2800,75,47,0,107,19,640.0,0.0
10,35,2800,70,43,0,149,26,576.0,0.0
10,35,2800,65,46,1,107,24,534.0,426.0107569321522
10,35,2800,65,50,1,159,22,612.0,621.4789570350667
10,35,2800,75,46,1,97,24,358.0,283.4981158499615
10,35,2800,65,48,0,107,15,408.0,0.0
10,35,2800,60,44,0,155,16,466.0,0.0
10,35,2800,60,47,0,99,11,302.0,0.0
10,35,2800,90,35,0,105,35,670.0,0.0
10,35,2800,80,35,1,149,29,698.0,422.27436535499714
10,35,2800,60,39,1,161,20,526.0,514.955688667346
10,35,2800,65,48,1,81,16,312.0,444.5777095665781
10,35,2800,60,44,0,209,20,562.0,0.0
10,35,2800,80,44,0,87,18,438.0,0.0
10,35,2800,65,46,1,151,20,438.0,353.4535870706209
10,35,2800,85,38,0,105,30,684.0,0.0
10,35,2800,65,40,1,95,24,454.0,410.0814123757944
10,35,2800,85,44,0,91,19,438.0,0.0
10,35,2800,60,40,0,107,25,694.0,0.0
10,35,2800,85,48,0,69,18,350.0,0.0
10,35,2800,60,36,1,101,24,554.0,379.6875485495518
10,35,2800,60,50,1,187,16,408.0,370.7976365990577
10,35,2800,65,38,1,105,27,554.0,558.4291724156923
10,35,2800,65,40,0,165,28,656.0,0.0
10,35,2800,70,45,0,109,25,488.0,0.0
10,35,2800,85,50,1,65,14,316.0,436.48398992423887
10,35,2800,85,43,1,215,29,736.0,665.2936429126302
10,35,2800,85,41,1,107,29,618.0,523.0532389865512
10,35,2800,90,41,0,157,29,706.0,0.0
10,35,2800,90,38,0,165,29,626.0,0.0
10,35,2800,65,42,1,107,17,366.0,391.08644695142436
10,35,2800,85,40,0,145,31,662.0,0.0
10,35,2800,85,42,0,69,24,466.0,0.0
10,35,2800,90,50,1,93,20,414.0,583.922663704824
10,35,2800,90,40,1,107,28,732.0,452.2560484478034
10,35,2800,75,46,0,165,18,532.0,0.0
10,35,2800,65,42,0,105,22,518.0,0.0
10,35,2800,70,43,0,77,11,238.0,0.0
10,35,2800,85,47,0,147,23,550.0,0.0
10,35,2800,70,50,1,103,13,334.0,376.28169063466464
10,35,2800,75,44,1,149,18,546.0,562.878949627542
10,35,2800,75,42,1,63,15,308.0,305.11717675052995
10,35,2700,60,38,1,97,24,482.0,309.401278052442
10,35,2700,65,35,0,101,30,700.0,0.0
10,35,2700,75,40,0,91,23,516.0,0.0
10,35,2700,85,43,1,149,22,496.0,466.9527071623493
10,35,2700,85,43,1,103,19,368.0,327.8655779822738
10,35,2700,75,43,1,105,22,584.0,403.0196807982416
10,35,2700,80,40,0,105,21,490.0,0.0
10,35,2700,65,47,0,103,10,284.0,0.0
10,35,2700,80,36,0,121,26,546.0,0.0
10,35,2700,65,37,1,147,32,590.0,543.6692409335004
10,35,2700,70,38,0,155,24,574.0,0.0
10,35,2700,90,44,1,195,23,532.0,529.5159307629967
10,35,2700,90,43,1,97,20,452.0,371.70431042725704
10,35,2700,75,45,0,103,17,444.0,0.0
10,35,2700,90,50,1,97,20,444.0,550.1461760768756
10,35,2700,70,36,0,145,28,698.0,0.0
10,35,2700,60,39,0,101,16,374.0,0.0
10,35,2700,85,38,1,73,27,466.0,424.7062936587583
10,35,2700,70,47,1,93,15,284.0,164.77675490617887
10,35,2700,70,46,0,97,19,462.0,0.0
10,35,2700,90,41,0,157,31,684.0,0.0
10,35,2700,90,49,1,103,17,382.0,320.0002001238445
10,35,2700,65,39,1,91,23,456.0,384.14685570053865
10,35,2700,70,41,0,93,23,478.0,0.0
10,35,2700,90,47,1,99,18,340.0,297.32706062263924
10,35,2700,60,50,1,145,16,360.0,389.4691805490141
10,35,2700,65,43,0,143,20,600.0,0.0
10,35,2700,90,40,0,119,24,542.0,0.0
10,35,2700,80,46,1,203,27,618.0,389.1444953614897
10,35,2700,65,35,0,99,24,514.0,0.0
10,35,2700,65,36,1,73,25,492.0,370.7261616709603
10,35,2700,85,37,0,155,26,684.0,0.0
10,35,2700,80,42,1,101,18,464.0,342.9744877666128
10,35,2700,70,38,0,159,24,630.0,0.0
10,35,2700,75,46,1,143,25,534.0,435.6352964344477
10,35,2700,65,49,0,101,13,384.0,0.0
10,35,2700,65,37,1,193,30,772.0,478.39106909978614
10,35,2700,80,41,1,99,28,490.0,483.6398999760458
10,35,2700,85,43,1,149,20,392.0,367.0364104506608
10,35,2700,60,44,0,93,20,478.0,0.0
10,35,2700,60,50,0,99,13,296.0,0.0
10,35,2700,90,39,0,105,22,626.0,0.0
10,35,2700,70,49,1,101,18,484.0,353.1380954227515
10,35,2700,80,39,0,101,29,600.0,0.0
10,35,2700,60,41,0,103,17,490.0,0.0
10,35,2700,90,45,0,153,25,550.0,0.0
10,35,2700,80,47,1,105,15,348.0,203.3688930557122
10,35,2700,65,42,0,89,18,474.0,0.0
10,35,2700,90,41,1,99,24,468.0,461.1532463979816
10,35,2700,75,50,1,49,13,262.0,218.62606162929336
10,35,2700,60,35,0,103,23,494.0,0.0
10,35,2700,75,37,1,73,29,484.0,462.2445014557528
10,35,2700,75,38,1,101,29,452.0,424.0595267033425
10,35,2700,75,40,1,157,31,772.0,537.0175738166837
10,35,2700,90,44,1,101,23,568.0,595.3154648663949
10,35,2700,70,42,0,193,23,568.0,0.0
10,35,2700,65,48,0,153,12,348.0,0.0
10,35,2700,70,35,1,101,30,622.0,405.3257537635523
10,35,2700,90,37,0,151,31,690.0,0.0
10,35,2700,75,39,0,145,26,630.0,0.0
10,35,2700,60,41,0,97,20,408.0,0.0
10,35,2700,80,48,1,103,15,388.0,366.0499932371344
10,35,2700,65,38,1,155,26,502.0,447.764876722066
10,35,2700,60,45,0,105,14,420.0,0.0
10,35,2700,90,36,1,91,32,514.0,504.1561069876204
10,35,2700,65,37,1,195,21,568.0,432.1778511247088
10,35,2700,90,41,1,93,26,442.0,455.18299297748626
10,35,2700,90,45,0,141,22,668.0,0.0
10,35,2700,65,44,1,115,16,458.0,375.04254415389454
10,35,2700,70,37,0,141,23,482.0,0.0
10,35,2700,65,49,0,129,10,304.0,0.0
10,35,2700,90,39,1,199,28,544.0,560.9741330039889
10,35,2700,60,40,0,145,28,510.0,0.0
10,35,2700,65,43,0,103,23,626.0,0.0
10,35,2700,70,42,0,147,18,628.0,0.0
10,35,2700,70,48,1,143,17,426.0,461.9469714467665
10,35,2700,65,42,1,95,21,430.0,353.7584054589077
10,35,2700,75,50,0,99,20,442.0,0.0
10,35,2700,60,37,1,89,26,496.0,430.94753156401873
10,35,2700,85,39,1,99,28,560.0,533.3670743969757
10,35,2700,80,41,0,147,27,612.0,0.0
10,35,2700,60,44,1,91,19,352.0,461.6201739760962
10,35,2700,80,46,0,103,19,472.0,0.0
10,35,2700,70,44,0,141,22,568.0,0.0
10,35,2700,65,48,1,95,13,398.0,331.2292542692753
10,35,2700,90,36,0,149,29,752.0,0.0
10,35,2700,70,35,1,107,24,430.0,369.3466763627531
10,35,2700,75,40,0,199,25,512.0,0.0
10,35,2700,85,49,1,105,16,306.0,218.57938613960837
10,35,2700,65,49,0,149,17,504.0,0.0
10,35,2700,65,42,0,95,12,360.0,0.0
10,35,2700,85,49,1,89,21,368.0,397.4796450701856
10,35,2700,80,42,1,107,24,540.0,445.7517853010015
10,35,2700,65,43,1,91,17,482.0,360.076022894689
10,35,2700,75,44,0,159,23,622.0,0.0
10,35,2700,70,50,1,95,15,230.0,300.2689536360962
10,35,2700,80,48,0,131,20,586.0,0.0
10,35,2700,90,43,0,105,18,448.0,0.0
10,35,2700,70,44,1,143,19,474.0,429.9200741720446
10,35,2600,75,37,1,101,33,686.0,480.8724226998594
10,35,2600,60,38,1,97,26,402.0,480.0279133577855
10,35,2600,60,43,1,99,14,312.0,290.9955207414073
10,35,2600,65,47,0,81,10,266.0,0.0
10,35,2600,80,48,0,149,16,480.0,0.0
10,35,2600,65,38,0,103,29,562.0,0.0
10,35,2700,90,50,0,101,21,506.0,0.0
10,35,2600,70,35,1,99,30,554.0,486.8182690675425
10,35,2600,80,38,1,91,30,452.0,438.7907268283028
10,35,2600,80,39,1,147,29,712.0,552.0475632712993
10,35,2600,60,40,0,101,22,406.0,0.0
10,35,2600,65,35,0,133,26,758.0,0.0
10,35,2600,65,37,0,139,27,504.0,0.0
10,35,2600,80,47,1,143,19,524.0,227.59118107029164
10,35,2600,60,35,1,141,25,570.0,494.3711327318927
10,35,2600,90,37,0,197,27,710.0,0.0
10,35,2600,85,43,1,113,21,452.0,456.5595589270874
10,35,2600,65,42,0,93,15,358.0,0.0
10,35,2600,70,47,0,101,14,566.0,0.0
10,35,2600,70,41,1,177,21,486.0,336.71661876194753
10,35,2600,70,40,0,91,17,392.0,0.0
10,35,2600,60,36,1,99,19,414.0,222.78218885562802
10,35,2600,70,39,0,99,14,244.0,0.0
10,35,2600,65,37,1,141,25,626.0,348.2059848768141
10,35,2600,60,38,0,93,18,296.0,0.0
10,35,2600,70,47,1,85,17,404.0,279.6449656111627
10,35,2600,65,41,0,97,17,414.0,0.0
10,35,2600,85,46,1,93,20,416.0,390.6532482107416
10,35,2600,85,35,0,149,25,616.0,0.0
10,35,2600,65,41,0,93,21,566.0,0.0
10,35,2600,90,47,0,103,13,416.0,0.0
10,35,2600,75,50,0,127,20,388.0,0.0
10,35,2600,75,47,1,97,18,358.0,269.0976248144497
10,35,2600,60,45,1,81,21,360.0,355.20903246129814
10,35,2600,60,49,1,89,15,378.0,291.3062457611915
10,35,2600,90,39,1,97,21,374.0,478.1894377243317
10,35,2600,70,39,1,53,23,328.0,515.5368185653017
10,35,2600,75,42,1,95,24,360.0,377.48501698269354
10,35,2600,65,49,1,83,14,238.0,173.85368002573904
10,35,2600,65,48,0,85,12,268.0,0.0
10,35,2600,70,47,0,147,16,546.0,0.0
10,35,2600,80,50,0,139,18,450.0,0.0
10,35,2600,85,36,1,145,30,712.0,382.381185544371
10,35,2600,70,38,0,147,21,504.0,0.0
10,35,2600,60,42,1,101,17,422.0,278.77143704670067
10,35,2600,75,41,1,57,21,354.0,421.8130904548733
10,35,2600,90,43,0,97,13,380.0,0.0
10,35,2600,75,47,0,99,20,474.0,0.0
10,35,2600,70,45,0,91,13,308.0,0.0
10,35,2600,75,39,1,103,19,434.0,440.4073355982724
10,35,2600,70,44,0,99,17,360.0,0.0
10,35,2600,75,46,1,95,25,442.0,472.3760419704479
10,35,2600,60,48,0,95,12,272.0,0.0
10,35,2600,60,50,0,83,10,312.0,0.0
10,35,2600,60,45,1,95,21,478.0,552.213966571679
10,35,2600,85,50,1,147,10,340.0,187.07732311893685
10,35,2600,90,41,0,133,21,454.0,0.0
10,35,2600,60,42,1,99,20,446.0,335.01910538317907
10,35,2600,65,48,1,83,11,252.0,317.33034110976854
10,35,2600,90,45,0,51,19,412.0,0.0
10,35,2600,65,48,0,135,9,270.0,0.0
10,35,2600,85,44,1,135,17,422.0,436.0788847284328
10,35,2600,70,45,0,133,15,452.0,0.0
10,35,2600,65,35,1,57,26,410.0,331.53845611151183
10,35,2600,90,41,0,101,24,552.0,0.0
10,35,2600,60,37,0,203,27,704.0,0.0
10,35,2600,65,40,1,103,20,428.0,275.64050238082166
10,35,2600,60,43,1,141,14,386.0,297.8196838869679
10,35,2600,90,43,0,101,21,452.0,0.0
10,35,2600,70,42,1,97,16,296.0,222.32035301102223
10,35,2600,60,47,0,97,17,370.0,0.0
10,35,2600,85,38,1,199,31,666.0,512.9854660840062
10,35,2600,80,38,0,149,25,562.0,0.0
10,35,2600,90,40,1,153,26,762.0,306.7767702310972
10,35,2600,65,39,1,99,17,438.0,471.8199233902109
10,35,2600,60,41,0,133,18,490.0,0.0
10,35,2600,65,37,1,141,25,440.0,344.7225268315202
10,35,2600,80,42,1,69,22,430.0,452.5012109889623
10,35,2600,80,49,0,147,20,520.0,0.0
10,35,2600,60,46,0,141,13,418.0,0.0
10,35,2600,60,50,1,51,11,238.0,364.0633010929021
10,35,2600,85,49,0,141,16,488.0,0.0
10,35,2600,80,48,0,141,22,688.0,0.0
10,35,2600,60,36,1,151,28,598.0,334.7357922658439
10,35,2600,80,40,0,191,25,756.0,0.0
10,35,2600,60,45,0,141,13,410.0,0.0
10,35,2600,85,50,1,95,15,392.0,344.86550905530805
10,35,2600,85,45,1,103,18,450.0,289.0844207104159
10,35,2600,65,40,1,83,22,358.0,227.24981256950488
10,35,2600,90,50,0,103,13,360.0,0.0
10,35,2600,75,44,1,79,20,396.0,492.4788867356496
10,35,2600,60,45,0,47,13,216.0,0.0
10,35,2600,90,45,1,143,24,498.0,601.506900890074
10,35,2600,85,47,0,89,16,346.0,0.0
10,35,2600,70,45,0,103,12,390.0,0.0
10,35,2600,80,49,1,91,19,330.0,313.29854905594124
10,35,2600,60,49,0,95,12,252.0,0.0
10,35,2600,60,35,0,147,31,656.0,0.0
10,35,2500,85,37,1,59,28,444.0,429.30784400418963
10,35,2600,80,44,0,141,23,566.0,0.0
10,35,2600,65,50,1,91,13,302.0,339.5821520520705
10,35,2600,90,50,1,137,22,544.0,621.5502622886551
10,35,2500,65,36,1,103,27,530.0,368.0251647624786
10,35,2500,75,48,0,91,14,428.0,0.0
10,35,2500,60,37,0,137,18,480.0,0.0
10,35,2500,65,40,0,97,17,336.0,0.0
10,35,2500,85,47,1,85,19,318.0,217.7525476803195
10,35,2500,70,50,0,135,17,490.0,0.0
10,35,2500,65,42,1,95,19,454.0,264.86478659861865
10,35,2500,80,35,1,137,28,578.0,393.5670335551574
10,35,2500,70,39,0,91,16,408.0,0.0
10,35,2500,65,40,1,97,16,424.0,217.86454900961613
10,35,2500,75,43,0,91,18,344.0,0.0
10,35,2500,70,44,0,93,11,310.0,0.0
10,35,2500,70,45,1,105,22,382.0,510.6533089787703
10,35,2500,65,48,1,141,19,348.0,491.29640901354884
10,35,2500,80,39,0,93,24,480.0,0.0
10,35,2500,70,50,1,131,17,324.0,362.71210544497774
10,35,2500,90,41,1,85,19,500.0,423.9401201439175
10,35,2500,85,40,1,89,19,352.0,215.513037045068
10,35,2500,75,39,0,139,20,496.0,0.0
10,35,2500,90,47,0,145,17,406.0,0.0
10,35,2500,90,50,0,67,14,278.0,0.0
10,35,2500,75,43,0,141,19,514.0,0.0
10,35,2500,90,35,0,107,30,634.0,0.0
10,35,2500,85,38,1,87,27,476.0,450.2002581626902
10,35,2500,90,43,1,147,16,420.0,405.1779125010202
10,35,2500,70,43,0,139,21,548.0,0.0
10,35,2500,65,50,1,71,13,212.0,284.1319253480684
10,35,2500,60,49,0,83,9,304.0,0.0
10,35,2500,75,49,1,93,14,410.0,176.66193399821728
10,35,2500,85,41,0,141,23,596.0,0.0
10,35,2500,80,42,0,95,21,392.0,0.0
10,35,2500,65,48,1,93,12,184.0,391.0675436582888
10,35,2500,65,50,0,75,13,250.0,0.0
10,35,2500,65,48,1,53,11,282.0,326.5015357514978
10,35,2500,60,41,1,93,16,408.0,331.9250989460036
10,35,2500,60,41,1,145,26,590.0,501.00009892943234
10,35,2500,85,37,1,195,28,678.0,386.1924556490575
10,35,2500,75,39,0,95,19,468.0,0.0
10,35,2500,85,40,0,83,20,446.0,0.0
10,35,2500,80,38,1,91,16,268.0,192.72091067160986
10,35,2500,75,50,0,83,17,302.0,0.0
10,35,2500,60,42,1,59,21,302.0,393.4882313882455
10,35,2500,60,47,0,97,13,296.0,0.0
10,35,2500,75,36,1,139,26,464.0,365.4901946961606
10,35,2500,70,35,1,135,27,478.0,450.17692927859946
10,35,2500,75,48,0,121,12,256.0,0.0
10,35,2500,60,50,1,101,12,280.0,277.2762095098299
10,35,2500,70,48,0,47,12,256.0,0.0
10,35,2500,80,48,1,99,15,278.0,244.15787712138825
10,35,2500,80,42,0,139,20,524.0,0.0
10,35,2500,70,41,1,71,24,332.0,525.4453214084965
10,35,2500,90,43,1,175,27,504.0,464.47380145430515
10,35,2500,70,38,0,143,30,660.0,0.0
10,35,2500,60,47,1,69,9,190.0,173.88141126057224
10,35,2500,75,38,1,91,25,434.0,432.6646202234521
10,35,2500,85,45,0,99,17,456.0,0.0
10,35,2500,65,48,0,87,12,396.0,0.0
10,35,2500,75,49,0,83,11,264.0,0.0
10,35,2500,70,39,0,135,23,480.0,0.0
10,35,2500,75,36,0,131,25,540.0,0.0
10,35,2500,60,37,0,141,21,570.0,0.0
10,35,2500,80,49,1,67,21,294.0,238.62247724985158
10,35,2500,70,48,1,131,17,446.0,417.6185907660903
10,35,2500,90,41,0,139,21,578.0,0.0
10,35,2500,60,49,1,85,12,312.0,149.42517740043155
10,35,2500,85,49,1,85,16,304.0,193.03669121234432
10,35,2500,85,37,1,105,29,398.0,403.8052211693106
10,35,2500,90,37,0,87,18,318.0,0.0
10,35,2500,85,47,0,87,19,378.0,0.0
10,35,2500,80,49,1,89,12,274.0,160.99990623414294
10,35,2500,60,44,1,141,21,490.0,478.7047270159587
10,35,2500,90,48,0,143,18,502.0,0.0
10,35,2500,75,38,0,97,16,426.0,0.0
10,35,2500,80,41,1,91,15,340.0,229.90197146829712
10,35,2500,70,43,1,95,18,414.0,304.1564621778387
10,35,2500,80,47,1,93,22,458.0,419.43756554479467
10,35,2500,60,49,0,97,12,274.0,0.0
10,35,2500,75,35,0,133,28,532.0,0.0
10,35,2500,85,43,0,99,17,410.0,0.0
10,35,2500,70,38,1,75,27,286.0,427.07243039157197
10,35,2500,80,39,0,139,22,474.0,0.0
10,35,2500,90,46,0,49,15,308.0,0.0
10,35,2500,80,43,1,123,16,376.0,333.59920992310003
10,35,2500,80,48,1,91,17,366.0,416.9436028785035
10,35,2500,90,43,0,139,23,530.0,0.0
10,35,2500,85,42,1,89,18,284.0,261.8344994794645
10,35,2500,90,44,1,95,19,442.0,483.6406032119544
10,35,2500,80,41,1,137,19,520.0,440.50687293385494
10,35,2500,60,44,0,131,15,396.0,0.0
10,35,2500,90,46,0,129,19,376.0,0.0
10,35,2500,60,48,0,99,13,364.0,0.0
10,35,2500,70,37,1,95,28,490.0,410.6772910112809
10,35,2500,80,46,0,135,17,532.0,0.0
10,35,2500,60,41,1,75,16,298.0,428.8629095878054
10,35,2500,75,48,1,49,9,232.0,166.18894644711042
10,35,2500,65,48,0,93,10,324.0,0.0
10,35,2500,70,50,1,77,15,222.0,411.1430559874125
10,35,2500,60,49,0,183,13,338.0,0.0
10,35,2400,85,37,1,91,22,468.0,347.76751090842845
10,35,2500,85,45,0,95,19,440.0,0.0
10,35,2400,60,35,0,139,20,444.0,0.0
10,35,2400,70,36,0,127,15,362.0,0.0
10,35,2400,75,46,0,115,18,384.0,0.0
10,35,2400,60,42,1,69,16,238.0,307.4813559914081
10,35,2400,75,50,1,85,9,224.0,205.9232135090391
10,35,2400,70,42,1,91,20,336.0,200.205767243204
10,35,2400,70,49,0,81,8,176.0,0.0
10,35,2400,85,36,1,89,25,506.0,378.3440329219637
10,35,2400,85,40,0,91,20,434.0,0.0
10,35,2400,75,43,1,69,18,336.0,258.1806200378853
10,35,2400,70,42,1,127,24,436.0,319.8957782983406
10,35,2400,60,50,0,133,12,268.0,0.0
10,35,2400,80,43,1,93,19,386.0,442.8791402245972
10,35,2400,75,42,0,89,19,348.0,0.0
10,35,2400,75,38,0,131,27,676.0,0.0
10,35,2400,85,43,0,95,18,438.0,0.0
10,35,2400,75,45,1,95,18,304.0,359.3365814849463
10,35,2400,65,46,0,131,15,334.0,0.0
10,35,2400,75,50,0,127,13,294.0,0.0
10,35,2400,75,44,1,125,16,440.0,443.65952196408176
10,35,2400,80,48,1,167,17,370.0,372.8352251430719
10,35,2400,75,38,1,79,19,294.0,215.7041178801336
10,35,2400,60,38,0,87,17,348.0,0.0
10,35,2400,80,48,1,91,15,322.0,350.6948932311265
10,35,2400,85,41,0,127,19,538.0,0.0
10,35,2400,60,50,1,93,10,202.0,225.45032540415582
10,35,2400,75,46,1,85,20,312.0,253.38272457416468
10,35,2400,80,43,0,141,22,624.0,0.0
10,35,2400,80,36,0,137,27,572.0,0.0
10,35,2400,80,38,1,87,22,430.0,237.2805298823946
10,35,2400,60,44,1,117,12,300.0,322.5251050938274
10,35,2400,75,43,0,125,16,502.0,0.0
10,35,2400,85,40,1,59,25,360.0,445.64085920198465
10,35,2400,85,35,0,141,24,532.0,0.0
10,35,2400,80,38,1,81,22,426.0,272.2018788968411
10,35,2400,75,39,1,137,21,402.0,515.4295522678208
10,35,2400,80,46,0,87,12,358.0,0.0
10,35,2400,75,45,0,85,13,312.0,0.0
10,35,2400,65,38,1,121,25,512.0,400.4123580439452
10,35,2400,90,35,0,165,28,622.0,0.0
10,35,2400,80,42,0,81,16,330.0,0.0
10,35,2400,65,35,0,87,22,412.0,0.0
10,35,2400,60,38,0,93,12,298.0,0.0
10,35,2400,75,41,1,133,18,344.0,278.8820569902856
10,35,2400,65,43,1,67,14,188.0,273.65920026501084
10,35,2400,70,46,1,99,13,306.0,212.0356861471815
10,35,2400,90,41,0,135,23,524.0,0.0
10,35,2400,60,48,1,121,12,284.0,212.21463851541037
10,35,2400,60,38,0,75,18,252.0,0.0
10,35,2400,80,44,1,57,19,284.0,412.6466862942837
10,35,2400,85,43,1,87,15,316.0,280.9428956694445
10,35,2400,65,46,0,131,14,360.0,0.0
10,35,2400,85,48,0,131,10,294.0,0.0
10,35,2400,65,36,1,93,22,416.0,228.68079051200215
10,35,2400,90,35,0,139,26,626.0,0.0
10,35,2400,60,39,1,83,16,272.0,254.52292257865355
10,35,2400,90,42,1,83,20,346.0,253.2677413080394
10,35,2400,75,41,0,185,19,522.0,0.0
10,35,2400,80,46,0,75,14,296.0,0.0
10,35,2400,65,47,1,89,19,334.0,217.38085855354964
10,35,2400,75,42,0,93,18,468.0,0.0
10,35,2400,85,44,1,91,17,376.0,395.0859186605556
10,35,2400,90,37,0,133,26,606.0,0.0
10,35,2400,65,37,0,87,19,434.0,0.0
10,35,2400,85,37,1,135,26,462.0,298.3022720003383
10,35,2400,90,42,0,185,22,540.0,0.0
10,35,2400,75,36,1,87,23,382.0,223.03621807939624
10,35,2400,80,38,1,83,25,438.0,437.40358197984324
10,35,2400,85,44,0,127,14,358.0,0.0
10,35,2400,85,35,0,137,27,446.0,0.0
10,35,2400,90,43,1,83,16,422.0,322.2484995467861
10,35,2400,65,43,1,95,18,312.0,332.7977836933698
10,35,2400,90,47,0,125,20,430.0,0.0
10,35,2400,60,46,1,111,12,194.0,144.74983772139362
10,35,2400,90,42,1,205,21,476.0,298.6495121580957
10,35,2400,85,48,0,85,12,312.0,0.0
10,35,2400,80,35,1,61,32,426.0,429.7890280059823
10,35,2400,90,43,0,85,19,354.0,0.0
10,35,2400,70,50,0,85,9,210.0,0.0
10,35,2400,85,36,0,139,30,584.0,0.0
10,35,2400,75,48,1,131,13,392.0,298.8877593648914
10,35,2400,85,45,0,45,7,160.0,0.0
10,35,2400,60,49,1,93,14,262.0,134.8836582788572
10,35,2400,60,37,0,129,17,372.0,0.0
10,35,2400,85,41,1,55,18,356.0,346.33177208287645
10,35,2400,80,40,1,95,23,548.0,382.9476791883189
10,35,2400,90,44,0,99,21,506.0,0.0
10,35,2400,65,49,1,93,13,378.0,152.72833163574666
10,35,2400,75,44,0,91,17,398.0,0.0
10,35,2400,70,45,1,79,17,314.0,412.96205173850166
10,35,2400,60,39,0,87,16,432.0,0.0
10,35,2400,85,41,1,87,21,388.0,371.33138639801274
10,35,2400,65,47,0,137,12,396.0,0.0
10,35,2400,75,47,1,83,13,332.0,160.964365666982
10,35,2400,60,49,1,85,11,316.0,141.2684125874914
10,35,2400,90,37,0,131,29,724.0,0.0
10,35,2400,85,45,0,133,15,340.0,0.0
10,35,2400,70,37,0,127,19,448.0,0.0
10,35,2300,65,37,1,81,19,388.0,276.2892667348796
10,35,2400,75,39,1,95,27,524.0,548.3161502589187
10,35,2300,60,38,0,159,18,522.0,0.0
10,35,2300,65,40,1,85,17,368.0,218.34838924495222
10,35,2300,75,43,1,123,15,362.0,253.20290791905492
10,35,2300,80,42,0,85,13,298.0,0.0
10,35,2300,70,39,0,73,16,260.0,0.0
10,35,2300,80,40,1,81,19,288.0,315.2373031741496
10,35,2300,70,47,1,79,18,276.0,318.01373659388446
10,35,2300,70,38,1,121,18,382.0,321.6471567832516
10,35,2300,75,47,0,77,13,316.0,0.0
10,35,2300,65,40,0,85,17,432.0,0.0
10,35,2300,75,50,0,91,14,296.0,0.0
10,35,2300,80,44,1,119,14,368.0,324.3357636148077
10,35,2300,80,37,1,89,22,330.0,251.98296411670088
10,35,2300,65,39,0,125,16,312.0,0.0
10,35,2300,80,42,0,87,19,330.0,0.0
10,35,2300,90,46,0,135,15,368.0,0.0
10,35,2300,90,49,1,71,15,238.0,209.60182065777187
10,35,2300,70,50,1,121,11,308.0,295.68475467331587
10,35,2300,60,49,0,129,12,256.0,0.0
10,35,2300,85,38,0,109,17,360.0,0.0
10,35,2300,70,46,1,89,15,244.0,218.86555970911053
10,35,2300,75,46,0,91,13,326.0,0.0
10,35,2300,60,50,1,111,9,216.0,203.70516497332014
10,35,2300,80,44,0,89,15,386.0,0.0
10,35,2300,90,42,1,87,15,304.0,255.17352256779023
10,35,2300,90,37,1,69,27,390.0,409.64412489701954
10,35,2300,75,36,1,89,23,510.0,408.6221870259524
10,35,2300,80,49,0,81,10,216.0,0.0
10,35,2300,85,36,1,59,25,330.0,296.5589411179128
10,35,2300,90,42,0,125,14,406.0,0.0
10,35,2300,65,44,0,85,13,296.0,0.0
10,35,2300,75,48,1,131,16,314.0,351.47094273658604
10,35,2300,70,41,0,137,22,432.0,0.0
10,35,2300,75,35,0,89,24,540.0,0.0
10,35,2300,75,39,1,53,22,322.0,458.60906830950626
10,35,2300,65,42,1,59,12,248.0,306.0654548264134
10,35,2300,85,46,0,89,14,320.0,0.0
10,35,2300,90,50,1,125,15,426.0,323.49744448947826
10,35,2300,90,37,1,87,25,488.0,397.19950336962444
10,35,2300,90,47,0,177,15,360.0,0.0
10,35,2300,90,36,0,87,23,342.0,0.0
10,35,2300,75,38,1,87,14,244.0,149.3918392809209
10,35,2300,90,41,0,127,20,554.0,0.0
10,35,2300,60,46,0,119,9,244.0,0.0
10,35,2300,70,47,1,127,13,352.0,153.6132827983857
10,35,2300,60,49,1,79,9,274.0,114.53796841888253
10,35,2300,75,38,1,133,21,506.0,410.2105287043806
10,35,2300,70,44,0,77,11,194.0,0.0
10,35,2300,85,38,1,73,23,400.0,420.0099755823855
10,35,2300,60,39,0,85,12,284.0,0.0
10,35,2300,80,43,1,47,16,334.0,237.98166699677662
10,35,2300,90,48,0,131,13,260.0,0.0
10,35,2300,65,49,1,71,15,206.0,183.4531972615333
10,35,2300,90,43,0,113,16,430.0,0.0
10,35,2300,85,46,0,149,18,530.0,0.0
10,35,2300,75,39,1,117,21,320.0,437.68974351403574
10,35,2300,70,39,1,133,23,448.0,493.6193244339746
10,35,2300,90,38,0,85,21,534.0,0.0
10,35,2300,65,47,0,127,18,452.0,0.0
10,35,2300,75,45,1,87,16,312.0,388.78365032918464
10,35,2300,60,44,1,89,12,182.0,275.14760095746277
10,35,2300,75,49,0,121,15,378.0,0.0
10,35,2300,85,42,0,85,14,276.0,0.0
10,35,2300,70,45,0,89,11,300.0,0.0
10,35,2300,90,47,1,51,10,176.0,186.35402107702527
10,35,2300,60,50,1,37,4,98.0,95.5296993080174
10,35,2300,80,50,0,111,14,284.0,0.0
10,35,2300,80,47,0,89,14,294.0,0.0
10,35,2300,70,43,1,87,22,490.0,457.66026180482186
10,35,2300,80,39,0,45,14,218.0,0.0
10,35,2300,60,43,0,87,15,336.0,0.0
10,35,2300,60,46,1,67,18,266.0,220.6330186211511
10,35,2300,60,47,1,61,10,188.0,139.44767803902207
10,35,2300,75,47,1,173,14,368.0,316.8786578694
10,35,2300,70,48,0,135,8,306.0,0.0
10,35,2300,90,36,0,133,26,528.0,0.0
10,35,2300,70,36,1,89,22,466.0,294.85636511706696
10,35,2300,70,39,1,87,19,308.0,510.4207275094268
10,35,2300,80,43,1,87,20,418.0,359.70165860390085
10,35,2300,75,46,0,113,13,312.0,0.0
10,35,2300,75,38,0,83,24,422.0,0.0
10,35,2300,85,41,1,47,17,284.0,204.84613872338838
10,35,2300,75,38,0,83,17,364.0,0.0
10,35,2300,85,39,1,67,20,274.0,491.62064633158917
10,35,2300,65,42,1,91,17,278.0,185.26180776451753
10,35,2300,90,42,0,77,12,330.0,0.0
10,35,2300,80,41,1,59,15,200.0,226.91063218541376
10,35,2300,65,47,0,83,12,392.0,0.0
10,35,2300,65,50,0,91,9,294.0,0.0
10,35,2300,90,40,1,149,23,340.0,236.38640160107227
10,35,2300,65,41,1,83,20,328.0,346.86288995371575
10,35,2300,85,43,0,87,16,294.0,0.0
10,35,2300,90,45,1,61,18,300.0,402.22201268652407
10,35,2300,75,47,1,115,9,196.0,133.6115685055865
10,35,2300,70,36,0,67,15,240.0,0.0
10,35,2300,80,49,0,57,9,214.0,0.0
10,35,2200,85,36,1,79,22,304.0,279.53677989973994
10,35,2200,65,37,0,79,16,264.0,0.0
10,35,2300,80,41,0,125,20,518.0,0.0
10,35,2200,90,46,1,87,9,236.0,162.9214913423795
10,35,2300,60,50,0,129,9,266.0,0.0
10,35,2200,85,42,0,43,10,232.0,0.0
10,35,2300,75,43,1,67,14,288.0,255.7884852596537
10,35,2200,90,42,1,83,14,288.0,322.87597629117016
10,35,2200,85,35,0,85,17,374.0,0.0
10,35,2200,85,42,1,65,19,374.0,273.2934706258008
10,35,2200,65,42,1,83,13,260.0,190.18853801144905
10,35,2200,70,48,0,119,11,296.0,0.0
10,35,2200,75,50,1,61,8,198.0,271.443834663279
10,35,2200,75,41,0,85,12,236.0,0.0
10,35,2200,65,47,0,167,14,404.0,0.0
10,35,2200,85,35,1,63,17,250.0,170.47623965279473
10,35,2200,65,43,1,53,13,244.0,261.29226919038257
10,35,2200,70,40,0,109,14,288.0,0.0
10,35,2200,90,49,1,73,14,268.0,211.6503140463632
10,35,2200,60,50,0,115,10,310.0,0.0
10,35,2200,60,47,0,75,11,224.0,0.0
10,35,2200,60,40,1,59,18,244.0,235.86020230883042
10,35,2200,90,42,1,129,19,398.0,326.34250321556226
10,35,2200,70,41,0,157,15,396.0,0.0
10,35,2200,90,48,0,159,12,332.0,0.0
10,35,2200,85,49,1,79,14,292.0,173.56192945038325
10,35,2200,80,41,1,57,16,230.0,223.8347725800243
10,35,2200,85,38,0,81,14,244.0,0.0
10,35,2200,60,43,1,79,12,296.0,206.70810798841023
10,35,2200,70,44,0,121,9,260.0,0.0
10,35,2200,60,42,0,75,9,186.0,0.0
10,35,2200,60,44,1,111,13,320.0,286.68232359135754
10,35,2200,70,49,0,69,10,242.0,0.0
10,35,2200,60,35,0,121,20,440.0,0.0
10,35,2200,80,38,1,117,22,470.0,356.91423208904746
10,35,2200,75,42,1,81,14,306.0,329.6083050857006
10,35,2200,70,46,1,97,16,320.0,276.8593192588152
10,35,2200,85,39,1,151,16,370.0,476.40744360449526
10,35,2200,75,40,0,113,12,400.0,0.0
10,35,2200,75,39,0,81,18,386.0,0.0
10,35,2200,80,36,0,111,19,282.0,0.0
10,35,2200,60,39,1,67,13,210.0,393.79603208338415
10,35,2200,80,42,0,111,8,234.0,0.0
10,35,2200,75,36,0,81,18,384.0,0.0
10,35,2200,65,47,1,83,9,194.0,140.52752979901956
10,35,2200,70,50,0,111,11,296.0,0.0
10,35,2200,80,42,1,71,15,312.0,205.54175582388012
10,35,2200,80,35,1,83,14,352.0,150.91202002330095
10,35,2200,60,35,1,65,18,308.0,164.70349424805445
10,35,2200,60,37,0,85,16,360.0,0.0
10,35,2200,70,35,1,65,17,284.0,208.81176901321902
10,35,2200,65,36,1,85,17,464.0,206.91204502181873
10,35,2200,75,36,0,77,13,292.0,0.0
10,35,2200,85,39,0,43,12,210.0,0.0
10,35,2200,60,36,1,79,20,380.0,234.22184612209568
10,35,2200,80,41,0,73,15,248.0,0.0
10,35,2200,85,41,0,79,18,418.0,0.0
10,35,2200,60,45,0,81,13,282.0,0.0
10,35,2200,80,44,0,71,11,194.0,0.0
10,35,2200,70,41,1,55,14,302.0,428.5752817542227
10,35,2200,85,45,1,85,14,328.0,391.7586178565908
10,35,2200,75,40,1,155,18,438.0,213.9899904330284
10,35,2200,80,40,1,99,19,318.0,309.8614767035008
10,35,2200,70,45,0,77,8,200.0,0.0
10,35,2200,80,47,1,53,14,180.0,113.77934368919054
10,35,2200,65,45,1,41,8,160.0,227.2896406231696
10,35,2200,80,47,0,67,8,148.0,0.0
10,35,2200,85,43,0,163,19,364.0,0.0
10,35,2200,75,38,1,83,20,328.0,333.0280377655014
10,35,2200,85,41,0,85,14,254.0,0.0
10,35,2200,70,38,1,75,16,274.0,208.7395178859504
10,35,2200,65,38,0,43,14,276.0,0.0
10,35,2200,75,48,0,57,7,126.0,0.0
10,35,2200,80,37,1,127,20,382.0,342.5904846468419
10,35,2200,60,39,1,43,9,148.0,180.2909406389822
10,35,2200,90,42,1,83,15,382.0,336.17476927699107
10,35,2200,80,49,1,65,15,156.0,172.16422052730897
10,35,2200,90,44,0,157,15,380.0,0.0
10,35,2200,85,49,0,83,14,354.0,0.0
10,35,2200,85,43,0,123,17,304.0,0.0
10,35,2200,80,47,0,73,15,262.0,0.0
10,35,2200,85,35,1,117,26,496.0,305.8869951843689
10,35,2200,60,43,0,69,14,278.0,0.0
10,35,2200,90,36,0,107,17,368.0,0.0
10,35,2200,60,46,0,87,14,268.0,0.0
10,35,2200,65,48,1,65,16,188.0,346.3449887993178
10,35,2200,65,35,1,73,20,378.0,258.73727205019617
10,35,2200,75,45,1,125,13,254.0,260.90239393140484
10,35,2200,65,40,0,81,12,286.0,0.0
10,35,2200,85,39,0,75,16,270.0,0.0
10,35,2200,65,40,1,59,10,228.0,86.55535164976712
10,35,2200,65,41,0,103,14,344.0,0.0
10,35,2200,70,47,0,109,14,366.0,0.0
10,35,2200,75,49,1,67,7,174.0,93.51086500005086
10,35,2200,85,38,1,87,24,328.0,348.97931042503933
10,35,2200,80,49,1,85,11,228.0,138.2531533817528
10,35,2200,80,36,1,79,21,350.0,325.6988420869975
10,35,2200,75,38,0,71,15,328.0,0.0
10,35,2200,60,40,0,109,14,306.0,0.0
10,35,2200,70,46,0,77,12,266.0,0.0
10,35,2200,75,43,0,81,14,290.0,0.0
10,35,2200,85,44,1,55,12,210.0,280.23670342689854
10,35,2100,90,48,1,69,10,220.0,303.4278850188689
10,35,2100,85,45,1,79,14,346.0,327.8018480948349
10,35,2100,65,42,0,69,8,172.0,0.0
10,35,2100,80,36,0,113,19,416.0,0.0
10,35,2100,60,39,0,163,14,320.0,0.0
10,35,2100,60,47,1,81,9,188.0,103.05289529344324
10,35,2100,75,50,1,115,8,194.0,195.06418241690363
10,35,2200,85,49,1,73,14,232.0,135.29420331962748
10,35,2100,60,38,1,73,7,202.0,67.77097718587927
10,35,2100,75,50,0,107,10,240.0,0.0
10,35,2100,85,45,0,59,15,284.0,0.0
10,35,2100,60,46,1,75,16,268.0,219.31080040956712
10,35,2100,70,46,0,77,8,182.0,0.0
10,35,2100,85,44,1,69,13,250.0,281.69476297349786
10,35,2100,70,50,1,57,7,138.0,189.03783261328346
10,35,2100,60,40,0,105,7,208.0,0.0
10,35,2100,70,49,0,39,9,178.0,0.0
10,35,2100,65,36,1,83,10,208.0,128.18759090734957
10,35,2100,80,50,1,105,11,308.0,213.3068112411349
10,35,2100,70,47,0,57,10,212.0,0.0
10,35,2100,70,50,1,79,9,212.0,220.896705100827
10,35,2100,75,49,0,69,12,230.0,0.0
10,35,2100,60,39,1,141,16,378.0,431.9028260690275
10,35,2100,90,41,0,151,11,310.0,0.0
10,35,2100,60,35,0,115,20,376.0,0.0
10,35,2100,70,36,1,55,11,180.0,154.19958221686886
10,35,2100,70,38,0,67,12,178.0,0.0
10,35,2100,85,40,0,79,15,270.0,0.0
10,35,2100,75,42,0,41,7,140.0,0.0
10,35,2100,85,43,1,63,19,254.0,287.52060833031913
10,35,2100,75,48,1,71,8,176.0,251.0359194675374
10,35,2100,75,35,1,81,24,440.0,297.8630150688638
10,35,2100,90,35,1,81,28,400.0,362.359725305011
10,35,2100,75,40,0,77,12,224.0,0.0
10,35,2100,80,44,1,115,22,400.0,429.57481066906115
10,35,2100,90,46,1,99,15,274.0,162.62140294400615
10,35,2100,65,48,0,81,10,276.0,0.0
10,35,2100,90,41,0,73,12,266.0,0.0
10,35,2100,90,43,0,99,11,268.0,0.0
10,35,2100,65,37,0,77,15,262.0,0.0
10,35,2100,65,43,1,83,10,220.0,116.86708507023104
10,35,2100,60,47,1,79,9,248.0,88.01402531002756
10,35,2100,90,48,1,121,12,270.0,402.62356407418577
10,35,2100,80,47,0,67,12,264.0,0.0
10,35,2100,75,44,1,79,17,302.0,329.59255303569336
10,35,2100,75,50,0,37,4,92.0,0.0
10,35,2100,65,37,1,55,22,334.0,325.7531775920566
10,35,2100,70,39,0,79,15,258.0,0.0
10,35,2100,75,44,1,73,13,216.0,371.67244400014187
10,35,2100,85,46,1,53,12,204.0,192.30756083679873
10,35,2100,85,50,0,73,10,178.0,0.0
10,35,2100,65,49,0,157,11,266.0,0.0
10,35,2100,90,48,0,119,13,278.0,0.0
10,35,2100,65,37,1,51,13,248.0,317.4572339350419
10,35,2100,60,42,1,49,16,258.0,255.25580413398856
10,35,2100,60,43,1,117,13,288.0,219.99406684307064
10,35,2100,85,43,0,81,15,274.0,0.0
10,35,2100,65,45,1,61,11,206.0,229.83919944936667
10,35,2100,90,39,0,107,20,410.0,0.0
10,35,2100,80,47,0,75,12,278.0,0.0
10,35,2100,75,35,0,73,17,274.0,0.0
10,35,2100,75,41,0,77,10,262.0,0.0
10,35,2100,70,38,1,49,8,208.0,118.4903599866736
10,35,2100,90,38,0,115,15,420.0,0.0
10,35,2100,70,43,0,41,11,138.0,0.0
10,35,2100,85,43,1,83,19,282.0,344.701629533411
10,35,2100,65,42,1,107,13,300.0,236.6606939270705
10,35,2100,75,35,1,53,21,340.0,334.84001932269115
10,35,2100,90,36,0,83,18,358.0,0.0
10,35,2100,80,40,1,71,15,256.0,211.95639090044284
10,35,2100,70,40,1,79,14,350.0,214.27384601531904
10,35,2100,75,48,0,73,10,180.0,0.0
10,35,2100,70,38,0,41,14,146.0,0.0
10,35,2100,65,47,1,77,7,202.0,106.37550132544368
10,35,2100,85,39,1,85,21,286.0,412.2531980005343
10,35,2100,60,41,0,75,14,338.0,0.0
10,35,2100,60,39,0,113,12,254.0,0.0
10,35,2100,65,45,0,99,9,208.0,0.0
10,35,2100,60,44,1,79,13,270.0,299.5332791346972
10,35,2100,75,42,1,69,15,252.0,242.5127517632808
10,35,2100,65,37,0,117,15,292.0,0.0
10,35,2100,60,35,0,71,8,168.0,0.0
10,35,2100,80,40,0,81,14,268.0,0.0
10,35,2100,75,39,0,75,13,304.0,0.0
10,35,2100,85,46,1,49,10,164.0,136.8395512032199
10,35,2100,90,46,1,107,11,296.0,150.20499427552696
10,35,2100,80,36,1,107,15,294.0,242.00276067918267
10,35,2100,75,44,1,69,12,194.0,288.69945417945274
10,35,2100,65,36,1,113,19,402.0,240.2606860017733
10,35,2100,85,36,1,51,22,230.0,261.15609957813945
10,35,2100,70,37,1,59,14,244.0,190.68235551011665
10,35,2100,70,45,0,41,6,164.0,0.0
10,35,2100,70,45,0,41,11,132.0,0.0
10,35,2100,90,46,0,101,9,172.0,0.0
10,35,2100,85,48,0,77,15,298.0,0.0
10,35,2000,80,36,1,65,20,276.0,205.34076149826916
10,35,2100,60,37,1,83,15,326.0,223.21582114421636
10,35,2100,90,38,1,71,23,328.0,310.0636148441394
10,35,2100,90,44,0,75,7,182.0,0.0
10,35,2100,65,47,0,77,14,280.0,0.0
10,35,2100,85,46,0,101,11,256.0,0.0
10,35,2100,75,49,1,57,11,108.0,94.60323496420234
10,35,2000,60,39,0,73,11,210.0,0.0
10,35,2000,85,43,1,73,18,358.0,370.2065980171224
10,35,2000,90,50,1,65,3,100.0,65.04511516860931
10,35,2000,60,46,1,83,11,178.0,102.80446380181834
10,35,2000,90,46,0,99,11,198.0,0.0
10,35,2000,80,46,0,75,12,216.0,0.0
10,35,2000,70,49,0,37,6,142.0,0.0
10,35,2000,85,38,0,73,14,226.0,0.0
10,35,2000,85,43,1,75,11,144.0,250.18140962109058
10,35,2000,70,35,1,77,18,380.0,232.02829337630422
10,35,2000,80,49,1,55,7,190.0,155.86032283925698
10,35,2000,90,41,0,67,16,268.0,0.0
10,35,2000,60,37,0,117,15,326.0,0.0
10,35,2000,70,46,1,97,15,266.0,203.7826947508923
10,35,2000,65,36,0,49,9,206.0,0.0
10,35,2000,90,37,0,75,21,296.0,0.0
10,35,2000,75,40,1,75,17,272.0,304.7318081611769
10,35,2000,80,45,1,49,12,208.0,275.3297151944354
10,35,2000,75,50,0,117,14,344.0,0.0
10,35,2000,80,50,0,67,8,172.0,0.0
10,35,2000,80,42,1,79,16,314.0,287.2564635871678
10,35,2000,65,40,0,67,12,222.0,0.0
10,35,2000,60,44,1,53,7,126.0,115.71045996176984
10,35,2000,65,36,0,71,17,316.0,0.0
10,35,2000,75,43,0,109,10,262.0,0.0
10,35,2000,70,45,1,53,12,158.0,192.97907282230608
10,35,2000,90,49,1,79,12,194.0,204.3540797339603
10,35,2000,70,48,1,75,10,210.0,337.4013419081144
10,35,2000,65,38,1,63,18,220.0,227.00496099271743
10,35,2000,60,39,0,69,14,308.0,0.0
10,35,2000,80,42,0,117,12,320.0,0.0
10,35,2000,65,46,1,71,10,216.0,144.31349431529839
10,35,2000,85,50,0,71,10,226.0,0.0
10,35,2000,85,39,0,69,16,240.0,0.0
10,35,2000,70,39,1,71,15,246.0,293.6548212294007
10,35,2000,75,43,1,67,16,248.0,319.820165028435
10,35,2000,90,44,0,73,12,182.0,0.0
10,35,2000,60,43,0,75,13,250.0,0.0
10,35,2000,80,44,1,53,12,178.0,281.651900179929
10,35,2000,65,37,1,87,14,252.0,196.7046889876968
10,35,2000,75,35,1,79,15,272.0,204.1851217031012
10,35,2000,80,42,1,73,13,248.0,277.23865482314056
10,35,2000,70,42,1,55,8,134.0,106.52921171115902
10,35,2000,75,49,0,39,7,102.0,0.0
10,35,2000,85,49,0,63,7,162.0,0.0
10,35,2000,70,39,0,67,9,144.0,0.0
10,35,2000,70,49,0,69,5,150.0,0.0
10,35,2000,65,42,0,105,9,202.0,0.0
10,35,2000,75,45,1,75,12,264.0,273.5452860419412
10,35,2000,65,43,0,75,7,176.0,0.0
10,35,2000,70,44,1,149,15,328.0,295.77603344045286
10,35,2000,65,47,1,75,7,154.0,86.00520552533152
10,35,2000,60,40,1,73,11,188.0,155.0127686027738
10,35,2000,60,50,0,67,8,182.0,0.0
10,35,2000,85,36,0,85,15,260.0,0.0
10,35,2000,60,36,1,95,15,248.0,153.11244120039632
10,35,2000,60,35,0,77,18,404.0,0.0
10,35,2000,65,47,1,87,10,188.0,144.653029656571
10,35,2000,85,46,0,115,11,254.0,0.0
10,35,2000,85,44,1,117,15,296.0,274.3359152229697
10,35,2000,70,37,1,109,13,194.0,185.09034046445322
10,35,2000,85,36,0,107,16,326.0,0.0
10,35,2000,80,37,0,75,13,238.0,0.0
10,35,2000,90,41,1,51,17,270.0,331.82828978384276
10,35,2000,90,47,1,57,13,168.0,163.07779877095734
10,35,2000,75,41,0,79,15,274.0,0.0
10,35,2000,85,50,0,105,10,242.0,0.0
10,35,2000,75,46,1,35,5,98.0,62.17076846840426
10,35,2000,90,35,1,59,21,328.0,292.93133049772393
10,35,2000,60,35,0,101,19,342.0,0.0
10,35,2000,65,40,1,103,15,238.0,115.09235308959484
10,35,2000,75,50,1,55,8,130.0,235.64734748958043
10,35,2000,75,49,0,69,11,228.0,0.0
10,35,2000,75,44,0,113,13,362.0,0.0
10,35,2000,90,42,0,75,13,252.0,0.0
10,35,2000,65,42,0,73,8,214.0,0.0
10,35,2000,65,45,1,75,11,252.0,245.239952679762
10,35,2000,75,41,1,69,11,238.0,223.09943048733598
10,35,2000,65,43,1,81,14,310.0,240.1493221565683
10,35,2000,85,35,1,77,14,214.0,156.6682353368002
10,35,2000,60,39,0,77,15,244.0,0.0
10,35,2000,85,36,0,107,19,340.0,0.0
10,35,2000,70,41,0,77,10,198.0,0.0
10,35,2000,90,35,1,79,22,408.0,311.32477225047154
10,35,2000,70,39,1,75,8,174.0,161.11316671459392
10,35,2000,65,36,1,63,15,178.0,120.63867706836268
10,35,2000,85,37,0,75,16,364.0,0.0
10,35,2000,80,50,0,75,7,112.0,0.0
10,35,2000,75,44,1,95,13,290.0,299.12845446674805
10,35,2000,75,35,0,79,18,284.0,0.0
10,35,2000,85,41,0,101,11,272.0,0.0
10,35,2000,70,45,0,63,12,168.0,0.0
10,35,2000,75,46,1,75,13,182.0,238.39743438788864
10,35,2000,90,46,0,105,13,244.0,0.0
10,35,2000,65,47,1,101,10,222.0,154.81471009458883
10,35,2000,75,46,1,77,19,316.0,294.3079266475765
10,35,2000,75,41,1,99,7,170.0,88.67377515176453
10,35,2000,80,47,0,67,7,190.0,0.0
10,35,1900,90,36,1,67,17,298.0,289.22904396919654
10,35,1900,90,44,0,33,8,94.0,0.0
10,35,2000,80,44,0,75,11,218.0,0.0
10,35,1900,80,49,0,75,10,170.0,0.0
10,35,1900,60,46,1,95,5,126.0,86.60097000198814
10,35,1900,85,43,1,105,13,194.0,201.0494765573755
10,35,1900,90,45,0,71,6,164.0,0.0
10,35,1900,65,35,1,45,15,232.0,127.03706052837062
10,35,1900,65,38,0,37,7,136.0,0.0
10,35,1900,85,42,1,61,12,184.0,205.25444266578285
10,35,1900,75,44,0,73,10,222.0,0.0
10,35,1900,80,49,1,67,10,210.0,123.66840039912042
10,35,1900,70,46,1,63,6,142.0,89.53223623991525
10,35,1900,75,44,0,37,8,168.0,0.0
10,35,1900,85,36,0,37,12,164.0,0.0
10,35,1900,90,38,1,47,9,158.0,139.7023580836334
10,35,1900,90,46,0,95,12,204.0,0.0
10,35,1900,60,38,0,59,13,204.0,0.0
10,35,1900,65,40,1,65,11,190.0,120.18664692829077
10,35,1900,70,45,0,63,7,164.0,0.0
10,35,1900,90,47,1,67,19,288.0,298.4390678462481
10,35,1900,70,35,1,75,16,246.0,179.978020822169
10,35,1900,90,38,0,63,20,254.0,0.0
10,35,1900,60,43,1,45,11,150.0,188.2075736388025
10,35,1900,65,42,0,63,10,174.0,0.0
10,35,1900,80,42,1,67,12,256.0,209.53152456882202
10,35,1900,70,39,1,99,11,208.0,220.8521910033279
10,35,1900,85,50,0,67,5,154.0,0.0
10,35,1900,75,38,1,97,10,178.0,134.9298463731116
10,35,1900,90,39,0,75,19,376.0,0.0
10,35,1900,75,42,1,81,14,214.0,208.9985892203886
10,35,1900,70,48,0,65,8,134.0,0.0
10,35,1900,70,46,0,109,15,294.0,0.0
10,35,1900,65,41,0,71,11,250.0,0.0
10,35,1900,90,48,1,63,8,210.0,237.29729306266591
10,35,1900,65,40,1,63,9,154.0,139.74582855052898
10,35,1900,90,42,1,45,11,160.0,194.50908158816816
10,35,1900,60,43,0,37,4,100.0,0.0
10,35,1900,85,47,0,137,8,194.0,0.0
10,35,1900,80,49,1,61,7,140.0,70.9796418647362
10,35,1900,90,50,1,101,13,276.0,334.8849535546674
10,35,1900,65,35,1,89,13,226.0,186.35881046825193
10,35,1900,80,37,0,107,19,248.0,0.0
10,35,1900,80,37,0,99,13,282.0,0.0
10,35,1900,60,39,0,103,8,160.0,0.0
10,35,1900,90,39,1,109,16,282.0,373.78816469136774
10,35,1900,75,49,0,91,7,156.0,0.0
10,35,1900,80,49,1,39,10,164.0,113.08607253057468
10,35,1900,80,42,0,47,3,82.0,0.0
10,35,1900,65,43,1,39,11,112.0,159.5398888057914
10,35,1900,85,47,1,45,10,178.0,153.00297152702885
10,35,1900,80,43,0,101,8,240.0,0.0
10,35,1900,60,50,1,105,9,236.0,261.44974445096534
10,35,1900,90,42,0,71,11,210.0,0.0
10,35,1900,70,43,0,111,10,248.0,0.0
10,35,1900,85,37,1,71,19,254.0,290.55096950738283
10,35,1900,75,40,0,65,11,266.0,0.0
10,35,1900,60,38,1,81,16,194.0,152.64390194424175
10,35,1900,60,40,1,71,15,276.0,223.09237249571578
10,35,1900,75,44,0,89,8,164.0,0.0
10,35,1900,65,48,0,35,6,70.0,0.0
10,35,1900,85,48,1,61,9,134.0,212.0392742330687
10,35,1900,85,35,0,105,19,356.0,0.0
10,35,1900,90,40,1,71,20,284.0,307.75415337516694
10,35,1900,80,47,0,69,6,112.0,0.0
10,35,1900,75,50,0,103,10,196.0,0.0
10,35,1900,90,45,1,97,10,152.0,253.87662837641332
10,35,1900,75,35,1,59,17,212.0,207.41340602224653
10,35,1900,80,47,0,149,9,252.0,0.0
10,35,1900,75,38,1,51,10,138.0,97.91639973247959
10,35,1900,80,38,0,105,14,244.0,0.0
10,35,1900,70,40,1,57,12,196.0,139.56747396369772
10,35,1900,80,44,0,73,11,196.0,0.0
10,35,1900,65,50,1,71,10,214.0,196.84268487832958
10,35,1900,75,38,0,99,9,210.0,0.0
10,35,1900,65,40,1,47,6,118.0,111.47099288356591
10,35,1900,75,36,1,75,17,256.0,171.56242945995893
10,35,1900,75,39,0,121,10,226.0,0.0
10,35,1900,70,42,0,37,3,110.0,0.0
10,35,1900,90,43,0,75,8,142.0,0.0
10,35,1900,90,48,1,61,11,158.0,209.26988135248948
10,35,1900,75,49,0,91,11,230.0,0.0
10,35,1900,90,37,1,73,14,262.0,195.20757698147233
10,35,1900,80,37,0,73,20,380.0,0.0
10,35,1900,80,39,1,63,14,284.0,302.60963918852195
10,35,1900,85,39,0,75,12,240.0,0.0
10,35,1900,80,39,1,145,14,278.0,313.6325954063656
10,35,1900,70,42,0,93,13,260.0,0.0
10,35,1900,85,48,1,65,9,186.0,271.28627429774303
10,35,1900,70,36,0,69,14,286.0,0.0
10,35,1900,80,37,0,57,12,216.0,0.0
10,35,1900,65,41,1,69,9,244.0,209.93667637115655
10,35,1900,75,45,1,51,10,144.0,163.20399124443708
10,35,1900,70,48,0,73,3,112.0,0.0
10,35,1900,80,41,1,109,14,332.0,296.0709208601698
10,35,1900,85,47,1,63,8,156.0,148.01301447831239
10,35,1900,75,35,0,91,13,266.0,0.0
10,35,1800,65,39,1,61,12,174.0,259.80373672218803
10,35,1900,70,40,1,67,10,186.0,124.40450407762864
10,35,1900,85,44,0,37,6,110.0,0.0
10,35,1900,70,41,1,61,10,174.0,227.93738434912808
10,35,1800,60,39,0,65,10,178.0,0.0
10,35,1900,60,49,0,37,5,118.0,0.0
10,35,1800,70,39,0,61,8,158.0,0.0
10,35,1800,90,47,1,33,7,122.0,119.40831232100092
10,35,1800,65,45,1,53,4,78.0,66.146673575839
10,35,1800,65,50,0,69,7,166.0,0.0
10,35,1800,60,46,1,49,8,96.0,80.40064508722112
10,35,1800,70,43,0,103,7,180.0,0.0
10,35,1800,80,40,1,63,12,170.0,186.5495004730537
10,35,1800,80,35,0,69,14,262.0,0.0
10,35,1800,75,37,0,65,8,226.0,0.0
10,35,1800,60,39,0,67,8,148.0,0.0
10,35,1800,75,38,1,67,12,200.0,155.79595804242555
10,35,1800,70,43,1,63,8,112.0,163.05188987705216
10,35,1800,60,47,0,69,8,134.0,0.0
10,35,1800,65,36,1,67,14,266.0,140.50788485662179
10,35,1800,90,36,0,101,14,280.0,0.0
10,35,1800,60,37,1,47,17,170.0,171.97210213403727
10,35,1800,80,36,0,59,13,258.0,0.0
10,35,1800,85,46,0,107,10,198.0,0.0
10,35,1800,70,48,1,61,8,78.0,137.4706327134767
10,35,1800,75,41,1,67,6,138.0,111.00571259881123
10,35,1800,90,36,0,67,12,190.0,0.0
10,35,1800,65,36,1,129,12,258.0,129.92068436798533
10,35,1800,80,42,1,29,3,64.0,78.3358204621188
10,35,1800,75,44,1,63,9,142.0,198.56731630071775
10,35,1800,70,39,0,71,13,236.0,0.0
10,35,1800,65,42,0,95,13,236.0,0.0
10,35,1800,75,50,1,35,4,104.0,139.37841193696391
10,35,1800,60,35,0,139,16,358.0,0.0
10,35,1800,85,35,0,71,19,362.0,0.0
10,35,1800,70,38,1,65,19,260.0,187.60359411915096
10,35,1800,75,37,1,73,13,210.0,295.11001229596957
10,35,1800,80,48,1,45,10,168.0,260.332936813389
10,35,1800,70,42,0,67,7,134.0,0.0
10,35,1800,90,48,0,67,4,102.0,0.0
10,35,1800,90,48,1,51,9,110.0,206.335222103547
10,35,1800,90,43,1,61,10,190.0,145.02357642218746
10,35,1800,65,44,1,65,10,176.0,273.7466469025589
10,35,1800,90,45,0,45,6,80.0,0.0
10,35,1800,75,45,1,53,6,122.0,103.80717118642045
10,35,1800,85,39,0,103,11,234.0,0.0
10,35,1800,85,36,0,69,16,264.0,0.0
10,35,1800,60,42,1,97,13,278.0,158.90997093696348
10,35,1800,85,45,0,81,13,268.0,0.0
10,35,1800,75,46,1,105,11,270.0,120.05654291383196
10,35,1800,70,46,0,107,9,162.0,0.0
10,35,1800,80,50,0,61,8,148.0,0.0
10,35,1800,65,50,1,39,5,76.0,90.86396832724019
10,35,1800,80,38,0,65,13,212.0,0.0
10,35,1800,80,39,1,101,18,278.0,361.2622521730361
10,35,1800,75,38,0,69,13,258.0,0.0
10,35,1800,80,39,0,97,12,296.0,0.0
10,35,1800,60,42,1,69,10,150.0,215.03401451590517
10,35,1800,65,46,1,71,13,182.0,174.48635508975522
10,35,1800,85,48,0,59,6,92.0,0.0
10,35,1800,65,38,0,63,8,160.0,0.0
10,35,1800,90,38,1,39,13,180.0,205.31342346963257
10,35,1800,80,41,1,69,10,252.0,139.11895963167328
10,35,1800,90,42,0,75,7,110.0,0.0
10,35,1800,60,45,1,95,9,224.0,271.25233309141555
10,35,1800,75,42,0,61,13,216.0,0.0
10,35,1800,60,45,0,67,7,162.0,0.0
10,35,1800,65,35,1,41,9,116.0,89.78963122825478
10,35,1800,65,45,0,35,10,92.0,0.0
10,35,1800,90,44,1,69,5,154.0,153.2755579930019
10,35,1800,70,40,0,83,7,116.0,0.0
10,35,1800,80,45,1,39,8,106.0,173.50877640020903
10,35,1800,65,50,0,53,5,114.0,0.0
10,35,1800,60,50,1,47,4,84.0,93.41382309479276
10,35,1800,85,37,0,101,15,248.0,0.0
10,35,1800,90,41,0,105,12,232.0,0.0
10,35,1800,60,45,1,33,6,98.0,124.5683618751749
10,35,1800,60,49,1,13,2,14.0,13.556723459658873
10,35,1800,80,49,1,95,6,176.0,123.19329689340144
10,35,1800,80,38,1,53,18,238.0,254.52196670347402
10,35,1800,60,50,0,57,4,90.0,0.0
10,35,1800,80,35,0,63,14,238.0,0.0
10,35,1800,75,41,0,59,9,148.0,0.0
10,35,1800,65,42,0,67,5,126.0,0.0
10,35,1800,60,43,1,69,8,116.0,125.03475764567264
10,35,1800,85,45,1,57,8,110.0,159.2847696101807
10,35,1800,65,45,1,55,9,120.0,229.24481549916203
10,35,1800,75,46,0,107,10,224.0,0.0
10,35,1800,65,40,1,53,13,172.0,174.3625091012524
10,35,1800,75,45,1,73,12,228.0,268.51084586619544
10,35,1800,80,46,0,51,5,136.0,0.0
10,35,1800,75,49,0,29,11,130.0,0.0
10,35,1800,80,42,1,61,11,168.0,175.76363878304036
10,35,1800,65,45,1,49,8,154.0,214.53597426890389
10,35,1800,85,36,1,71,24,344.0,241.39161595379989
10,35,1800,60,43,0,89,9,144.0,0.0
10,35,1800,85,47,0,67,9,184.0,0.0
10,35,1800,75,47,1,87,8,196.0,79.53084825897471
10,35,1800,65,36,0,89,9,184.0,0.0
10,35,1800,80,39,0,99,14,290.0,0.0
10,35,1800,65,42,0,67,10,160.0,0.0
10,35,1800,60,50,1,31,2,62.0,39.901798817746425
10,35,1800,80,37,0,103,13,350.0,0.0
10,35,1800,65,44,1,35,5,92.0,128.05052579800343
10,35,1700,75,46,1,65,7,104.0,80.02051690016464
10,35,1700,85,41,1,61,9,164.0,222.72286110687818
10,35,1700,75,50,0,59,6,154.0,0.0
10,35,1700,90,47,1,71,10,218.0,83.86573919651677
10,35,1700,85,41,0,61,13,188.0,0.0
10,35,1700,90,37,1,67,16,242.0,284.3166244233326
10,35,1700,70,37,0,65,8,122.0,0.0
10,35,1700,85,36,0,65,11,206.0,0.0
10,35,1700,80,49,1,47,10,136.0,129.84987815915508
10,35,1700,85,36,1,69,9,154.0,80.96275711062695
10,35,1700,60,38,1,93,7,154.0,75.25181924451768
10,35,1700,65,45,0,53,8,122.0,0.0
10,35,1700,70,48,0,27,6,82.0,0.0
10,35,1700,80,47,0,47,5,102.0,0.0
10,35,1700,90,43,0,63,7,126.0,0.0
10,35,1700,65,44,1,61,7,148.0,154.71023773224638
10,35,1700,75,37,0,95,11,182.0,0.0
10,35,1700,70,45,0,63,7,152.0,0.0
10,35,1700,80,47,1,73,9,192.0,153.86095476845207
10,35,1700,90,49,1,37,4,66.0,66.14607916167765
10,35,1700,60,49,0,99,6,180.0,0.0
10,35,1700,75,38,1,53,16,184.0,155.13474671510323
10,35,1700,80,48,1,57,3,92.0,115.22561600066017
10,35,1700,75,38,0,91,11,244.0,0.0
10,35,1700,80,38,0,93,19,342.0,0.0
10,35,1700,60,42,1,43,11,134.0,188.56068325050248
10,35,1700,80,40,0,91,12,180.0,0.0
10,35,1700,70,48,1,55,7,78.0,205.90469897926502
10,35,1700,65,42,0,29,4,56.0,0.0
10,35,1700,85,49,1,53,10,120.0,164.8621591638542
10,35,1700,75,35,1,41,8,148.0,109.40010136434408
10,35,1700,65,39,1,53,10,190.0,303.1511713150469
10,35,1700,90,45,1,59,9,164.0,228.24433992199036
10,35,1700,65,43,0,89,11,206.0,0.0
10,35,1700,80,47,0,89,4,90.0,0.0
10,35,1700,85,44,1,45,11,126.0,285.09958374103314
10,35,1700,60,40,0,51,6,118.0,0.0
10,35,1700,80,35,0,175,18,328.0,0.0
10,35,1700,90,35,1,57,16,242.0,200.4444581748259
10,35,1700,80,35,0,77,16,236.0,0.0
10,35,1700,75,38,1,59,13,168.0,132.82381679506156
10,35,1700,60,44,0,55,6,108.0,0.0
10,35,1700,75,39,0,63,13,214.0,0.0
10,35,1700,90,47,1,65,12,174.0,189.61526734012872
10,35,1700,80,40,1,59,10,180.0,111.32868607342118
10,35,1700,80,44,0,99,11,186.0,0.0
10,35,1700,90,46,0,33,6,114.0,0.0
10,35,1700,65,38,1,67,10,216.0,138.97526544008147
10,35,1700,90,48,0,59,8,182.0,0.0
10,35,1700,65,49,1,83,3,84.0,47.3608847825506
10,35,1700,60,49,1,77,7,134.0,101.11368597517195
10,35,1700,70,36,0,47,11,160.0,0.0
10,35,1700,65,39,1,55,9,74.0,233.11173562341895
10,35,1700,85,38,0,95,9,208.0,0.0
10,35,1700,80,42,0,33,10,180.0,0.0
10,35,1700,85,43,1,63,13,220.0,207.31513843678619
10,35,1700,70,44,1,49,6,110.0,100.80464940609767
10,35,1700,65,47,0,89,7,188.0,0.0
10,35,1700,65,38,1,77,10,170.0,95.31706217236517
10,35,1700,85,42,0,63,11,184.0,0.0
10,35,1700,80,37,1,45,10,110.0,101.97522473671191
10,35,1700,80,39,1,57,10,142.0,189.88332107654222
10,35,1700,80,43,0,67,12,172.0,0.0
10,35,1700,65,48,0,33,4,96.0,0.0
10,35,1700,85,47,1,63,10,146.0,102.01343846719206
10,35,1700,90,36,0,59,16,200.0,0.0
10,35,1700,60,36,0,79,5,140.0,0.0
10,35,1700,80,38,0,43,12,138.0,0.0
10,35,1700,75,42,1,49,7,110.0,176.87573339320352
10,35,1700,65,49,0,67,6,130.0,0.0
10,35,1700,85,46,1,63,5,104.0,51.476481744136535
10,35,1700,70,43,1,65,10,150.0,133.57660330020474
10,35,1700,70,37,1,33,7,172.0,52.587304664556584
10,35,1700,75,40,1,37,8,104.0,156.33220303836003
10,35,1700,90,43,0,33,7,132.0,0.0
10,35,1700,80,48,0,55,3,56.0,0.0
10,35,1700,75,45,0,31,8,90.0,0.0
10,35,1700,90,49,1,43,10,142.0,98.56451262827542
10,35,1700,75,35,1,99,8,222.0,104.90978831443952
10,35,1700,90,35,0,57,13,194.0,0.0
10,35,1700,80,36,1,37,13,158.0,112.97448474779382
10,35,1700,75,37,1,63,12,144.0,120.4398692921606
10,35,1700,85,48,0,57,6,86.0,0.0
10,35,1700,80,48,0,53,4,86.0,0.0
10,35,1700,70,46,0,75,6,108.0,0.0
10,35,1700,70,40,1,33,8,120.0,62.43489389560711
10,35,1700,80,35,0,61,15,264.0,0.0
10,35,1700,90,36,1,63,14,196.0,107.05917748185571
10,35,1700,60,35,1,35,8,136.0,89.0691483789143
10,35,1700,85,47,0,55,7,124.0,0.0
10,35,1700,60,47,1,105,12,160.0,184.67754535107545
10,35,1700,65,48,1,33,4,78.0,66.45767257277656
10,35,1700,85,46,0,95,10,186.0,0.0
10,35,1700,75,35,0,57,9,152.0,0.0
10,35,1700,60,37,0,95,13,234.0,0.0
10,35,1700,70,40,0,101,6,136.0,0.0
10,35,1700,65,42,1,87,6,88.0,71.51859229614058
10,35,1700,70,47,0,53,2,54.0,0.0
10,35,1700,70,49,1,57,6,110.0,78.6909713973969
10,35,1700,60,42,1,75,7,104.0,116.5957571262881
10,35,1600,90,38,0,57,11,174.0,0.0
10,35,1600,75,41,0,53,5,98.0,0.0
10,35,1600,75,44,0,73,5,134.0,0.0
10,35,1600,65,42,1,53,10,168.0,182.5445098973949
10,35,1600,85,41,1,31,7,78.0,114.28639981359453
10,35,1600,75,48,1,63,7,156.0,198.25344756154422
10,35,1600,90,50,1,61,4,116.0,114.26451925611006
10,35,1600,65,41,0,55,7,122.0,0.0
10,35,1600,85,44,0,77,10,140.0,0.0
10,35,1600,70,49,1,33,3,34.0,41.448477361631376
10,35,1600,75,39,0,85,11,198.0,0.0
10,35,1600,75,45,0,51,10,130.0,0.0
10,35,1600,85,46,1,83,6,114.0,85.37168729472216
10,35,1600,85,44,1,45,9,110.0,230.80737897966057
10,35,1600,80,38,1,81,10,164.0,128.85759642602875
10,35,1600,70,40,0,53,5,86.0,0.0
10,35,1600,85,42,1,61,11,164.0,119.00367464463969
10,35,1600,85,46,1,91,7,154.0,70.49419385730768
10,35,1600,75,49,0,57,6,130.0,0.0
10,35,1600,70,49,1,55,7,160.0,107.7435214502717
10,35,1600,85,50,0,63,5,114.0,0.0
10,35,1600,70,36,1,61,19,266.0,174.7948377745138
10,35,1600,85,41,1,39,6,96.0,73.06494293239086
10,35,1600,75,37,0,111,14,250.0,0.0
10,35,1600,60,40,0,17,3,36.0,0.0
10,35,1600,80,47,1,99,12,222.0,112.11331497214393
10,35,1600,85,49,0,61,5,90.0,0.0
10,35,1600,80,49,0,51,6,100.0,0.0
10,35,1600,80,36,0,61,12,214.0,0.0
10,35,1600,80,44,0,89,11,224.0,0.0
10,35,1600,85,46,1,39,11,142.0,167.66581927542137
10,35,1600,65,43,1,31,8,84.0,102.58573230983846
10,35,1600,85,49,0,77,9,166.0,0.0
10,35,1600,65,50,1,55,7,146.0,128.05770283458625
10,35,1600,60,47,1,59,5,76.0,70.44324038302592
10,35,1600,60,35,0,83,8,166.0,0.0
10,35,1600,90,38,1,59,15,206.0,120.63085235417753
10,35,1600,85,44,0,53,10,112.0,0.0
10,35,1600,65,36,0,87,10,212.0,0.0
10,35,1600,65,36,0,89,12,150.0,0.0
10,35,1600,75,41,1,57,9,176.0,177.3399722909162
10,35,1600,90,43,1,61,9,164.0,156.69735831137714
10,35,1600,60,45,1,37,6,98.0,141.13086362388174
10,35,1600,90,38,1,63,11,228.0,159.13885785655268
10,35,1600,80,39,0,79,11,194.0,0.0
10,35,1600,85,35,1,55,15,176.0,138.64395842007298
10,35,1600,60,45,0,87,5,110.0,0.0
10,35,1600,80,44,1,59,7,164.0,74.1113633303925
10,35,1600,85,49,0,61,6,142.0,0.0
10,35,1600,80,36,0,61,11,168.0,0.0
10,35,1600,90,42,1,73,8,148.0,170.5197012023107
10,35,1600,90,44,0,31,4,86.0,0.0
10,35,1600,70,42,1,61,10,142.0,154.7268594590728
10,35,1600,65,39,1,95,12,212.0,318.03634886721517
10,35,1600,70,39,0,59,10,222.0,0.0
10,35,1600,60,49,0,55,6,134.0,0.0
10,35,1600,65,35,0,59,9,174.0,0.0
10,35,1600,75,38,1,43,6,124.0,86.20914732508275
10,35,1600,90,41,0,55,6,56.0,0.0
10,35,1600,70,40,1,37,7,120.0,129.7487144917547
10,35,1600,70,45,1,51,8,148.0,218.8164769775962
10,35,1600,60,37,0,51,8,104.0,0.0
10,35,1600,90,38,0,31,11,90.0,0.0
10,35,1600,65,45,0,0,0,0.0,0.0
10,35,1600,70,39,1,39,8,80.0,141.15905776592137
10,35,1600,80,40,0,79,12,178.0,0.0
10,35,1600,70,46,1,45,4,46.0,54.70722618064009
10,35,1600,65,49,1,65,4,94.0,49.84804219816484
10,35,1600,65,42,1,75,6,106.0,104.81590364083716
10,35,1600,85,38,1,39,11,124.0,126.93756029333906
10,35,1600,60,39,1,67,8,118.0,254.4695974358732
10,35,1600,85,42,0,75,7,130.0,0.0
10,35,1600,65,49,0,27,4,52.0,0.0
10,35,1600,75,40,1,31,3,52.0,49.74685633877657
10,35,1600,90,47,0,55,4,86.0,0.0
10,35,1600,75,35,0,57,9,142.0,0.0
10,35,1600,60,37,1,59,6,130.0,115.9821861918092
10,35,1600,75,37,0,55,11,192.0,0.0
10,35,1600,85,39,0,93,10,166.0,0.0
10,35,1600,80,44,1,55,8,144.0,173.41692653718405
10,35,1600,75,44,1,41,6,102.0,68.94815671134704
10,35,1600,80,40,0,29,5,106.0,0.0
10,35,1600,90,36,0,83,12,196.0,0.0
10,35,1600,75,44,1,31,8,102.0,154.10845500109747
10,35,1600,80,46,1,61,8,120.0,91.93511037917872
10,35,1600,75,37,0,61,12,214.0,0.0
10,35,1600,65,48,1,63,7,122.0,219.66794560457618
10,35,1600,90,44,1,39,5,96.0,107.93110982446137
10,35,1600,65,45,0,29,7,90.0,0.0
10,35,1600,85,48,0,83,10,230.0,0.0
10,35,1600,65,35,1,55,7,90.0,126.86826363717407
10,35,1600,85,40,1,51,10,106.0,117.69144081976535
10,35,1600,70,50,0,49,6,112.0,0.0
10,35,1600,70,50,1,27,4,88.0,95.99816306113641
10,35,1600,90,46,0,21,2,22.0,0.0
10,35,1600,90,50,0,55,7,128.0,0.0
10,35,1600,80,46,1,29,4,60.0,40.36237184611453
10,35,1500,70,37,1,45,5,74.0,66.8828039114179
10,35,1500,80,44,0,59,10,164.0,0.0
10,35,1600,75,45,0,89,9,150.0,0.0
10,35,1600,65,48,1,0,0,0.0,0.0
10,35,1500,85,41,1,73,11,184.0,192.62267935120244
10,35,1500,90,35,0,87,9,214.0,0.0
10,35,1600,85,47,0,59,7,148.0,0.0
10,35,1500,60,35,0,59,10,166.0,0.0
10,35,1500,90,37,1,27,5,76.0,41.17501856410946
10,35,1500,80,41,1,39,7,64.0,101.53392292582
10,35,1500,65,35,1,45,9,162.0,111.15721620863188
10,35,1500,60,41,0,0,0,0.0,0.0
10,35,1500,65,49,0,47,4,70.0,0.0
10,35,1500,65,46,1,49,4,92.0,71.84029244741103
10,35,1500,80,44,1,45,3,64.0,96.16092306209752
10,35,1500,90,38,0,73,6,116.0,0.0
10,35,1500,65,39,0,29,3,86.0,0.0
10,35,1500,80,43,0,57,7,136.0,0.0
10,35,1500,90,35,1,39,8,118.0,108.58388360011133
10,35,1500,65,47,0,23,2,38.0,0.0
10,35,1500,60,41,1,29,4,80.0,109.24944100474474
10,35,1500,75,40,1,51,7,108.0,132.20471101953072
10,35,1500,75,38,0,79,12,164.0,0.0
10,35,1500,75,41,1,37,8,82.0,132.1139741184166
10,35,1500,70,39,1,51,11,168.0,259.67699154688455
10,35,1500,75,42,1,41,9,66.0,122.1762060832122
10,35,1500,65,41,0,51,6,130.0,0.0
10,35,1500,85,38,0,85,10,198.0,0.0
10,35,1500,75,40,0,49,12,140.0,0.0
10,35,1500,75,39,0,29,8,128.0,0.0
10,35,1500,75,43,1,27,3,40.0,28.775685818759936
10,35,1500,85,46,0,57,5,88.0,0.0
10,35,1500,85,44,0,29,7,98.0,0.0
10,35,1500,65,47,1,49,7,94.0,75.96805872635376
10,35,1500,80,47,1,53,6,110.0,66.11332243337554
10,35,1500,90,50,0,47,4,68.0,0.0
10,35,1500,65,40,1,29,2,48.0,34.22324183966725
10,35,1500,60,39,0,51,10,100.0,0.0
10,35,1500,85,48,1,39,7,88.0,132.44449924157337
10,35,1500,90,40,1,49,10,110.0,144.4942517829639
10,35,1500,85,41,1,55,9,126.0,118.8065524987921
10,35,1500,85,48,0,29,5,76.0,0.0
10,35,1500,65,42,0,39,5,94.0,0.0
10,35,1500,75,40,0,53,8,90.0,0.0
10,35,1500,90,43,0,29,8,160.0,0.0
10,35,1500,75,41,1,29,5,106.0,171.14599813995972
10,35,1500,65,43,1,39,5,72.0,36.599915540990246
10,35,1500,90,49,1,57,6,88.0,68.09243190467468
10,35,1500,65,44,0,53,7,166.0,0.0
