num_evs,num_tasks,ev_range,maze_loop_percentage,maze_size,bms,timesteps,num_tasks_finished,ev_distance,drone_distance
9,40,3000,60,35,0,169,34,824.0,0.0
9,40,3000,85,35,0,227,37,718.0,0.0
9,40,3000,75,36,0,165,34,662.0,0.0
9,40,3000,80,35,0,173,36,868.0,0.0
9,40,3000,85,42,1,229,31,748.0,505.8238355194527
9,40,3000,90,48,1,103,30,514.0,635.281358769709
9,40,3000,85,48,1,105,29,510.0,727.0215533326472
9,40,3000,80,49,1,129,24,550.0,384.64021552477385
9,40,3000,60,45,0,175,18,548.0,0.0
9,40,3000,85,43,1,171,33,812.0,731.951060757787
9,40,3000,70,40,0,149,30,832.0,0.0
9,40,3000,70,42,1,161,30,740.0,551.2590888075878
9,40,3000,75,36,1,237,40,678.0,657.6147721009193
9,40,3000,75,50,1,99,21,400.0,497.5525211280262
9,40,3000,80,48,0,143,26,688.0,0.0
9,40,3000,65,35,1,111,38,640.0,422.8783202043458
9,40,3000,80,45,0,115,27,626.0,0.0
9,40,3000,80,50,1,115,25,532.0,721.6450467550756
9,40,3000,85,48,0,165,28,706.0,0.0
9,40,3000,85,36,0,165,38,752.0,0.0
9,40,3000,70,39,1,115,38,680.0,680.4957979845029
9,40,3000,75,42,0,117,32,734.0,0.0
9,40,3000,65,41,0,167,34,802.0,0.0
9,40,3000,85,50,0,115,21,370.0,0.0
9,40,3000,60,50,1,105,22,476.0,544.9850889450253
9,40,3000,65,50,1,153,29,740.0,703.1209651139782
9,40,3000,85,41,1,85,38,528.0,744.6242477342479
9,40,3000,75,42,1,117,35,670.0,610.5971321631267
9,40,3000,80,39,1,109,38,610.0,714.9070998242508
9,40,3000,60,46,0,161,27,694.0,0.0
9,40,3000,80,47,0,165,21,600.0,0.0
9,40,3000,70,48,1,147,19,540.0,588.0965733882762
9,40,3000,70,48,0,103,19,368.0,0.0
9,40,3000,85,38,1,123,37,682.0,577.4954061873988
9,40,3000,70,46,0,163,23,710.0,0.0
9,40,3000,60,37,0,163,32,746.0,0.0
9,40,3000,90,38,1,109,39,578.0,501.6024959179614
9,40,3000,75,44,0,113,31,640.0,0.0
9,40,3000,90,44,0,111,31,646.0,0.0
9,40,3000,90,50,1,141,26,542.0,738.6565054171377
9,40,3000,65,49,1,99,19,448.0,270.3482628572667
9,40,3000,60,38,0,117,30,580.0,0.0
9,40,3000,65,44,1,73,28,458.0,627.8378140770116
9,40,3000,75,46,0,161,28,596.0,0.0
9,40,3000,60,46,0,217,21,640.0,0.0
9,40,3000,70,49,1,115,28,632.0,538.6923371499661
9,40,3000,60,38,1,119,30,524.0,571.7280960104179
9,40,3000,80,49,1,91,24,450.0,434.08680973924737
9,40,3000,70,44,0,201,31,800.0,0.0
9,40,3000,75,42,1,169,33,730.0,624.4194015181472
9,40,3000,70,40,1,109,37,662.0,609.3414055029425
9,40,3000,60,43,0,173,22,586.0,0.0
9,40,3000,60,40,0,161,31,688.0,0.0
9,40,3000,90,48,0,169,25,620.0,0.0
9,40,3000,90,43,0,161,29,730.0,0.0
9,40,3000,75,44,1,105,30,498.0,613.6192262781565
9,40,3000,65,43,1,147,23,608.0,439.2331240838906
9,40,3000,80,41,0,167,34,818.0,0.0
9,40,3000,70,42,1,167,34,644.0,604.037200859632
9,40,3000,85,37,0,111,37,578.0,0.0
9,40,3000,65,45,1,85,23,482.0,486.3599547481149
9,40,3000,70,40,1,115,34,644.0,554.1614293401728
9,40,3000,65,50,0,163,17,366.0,0.0
9,40,3000,75,39,1,119,37,646.0,746.8787142443488
9,40,3000,70,46,0,159,23,716.0,0.0
9,40,3000,65,38,1,155,39,828.0,728.1246534096384
9,40,3000,85,44,1,111,32,594.0,791.5735927290061
9,40,3000,65,50,0,167,26,646.0,0.0
9,40,3000,90,48,0,215,21,482.0,0.0
9,40,3000,85,46,0,169,32,768.0,0.0
9,40,3000,60,48,1,87,24,430.0,656.0912743946633
9,40,3000,65,43,1,95,32,522.0,701.5510435234254
9,40,3000,70,48,0,113,22,528.0,0.0
9,40,3000,60,39,1,103,37,624.0,857.2880469488188
9,40,3000,75,38,1,81,35,554.0,447.91865575849846
9,40,3000,90,39,0,163,35,786.0,0.0
9,40,3000,75,43,0,117,27,704.0,0.0
9,40,3000,60,50,0,105,21,572.0,0.0
9,40,3000,75,43,0,117,32,712.0,0.0
9,40,3000,80,49,1,83,23,430.0,389.67184527835366
9,40,3000,80,45,0,157,26,522.0,0.0
9,40,3000,70,46,1,117,35,616.0,707.4489990079884
9,40,3000,90,43,1,169,29,648.0,605.2398982910852
9,40,3000,65,44,1,155,31,774.0,728.1953140904967
9,40,3000,75,39,1,105,35,656.0,820.9020026813251
9,40,3000,70,43,0,119,21,718.0,0.0
9,40,3000,90,44,0,163,34,786.0,0.0
9,40,3000,80,43,0,235,30,732.0,0.0
9,40,3000,65,49,1,89,22,436.0,364.88321355886086
9,40,3000,70,43,1,315,28,856.0,413.5147925351032
9,40,3000,65,46,1,113,21,514.0,310.50902014959104
9,40,3000,65,48,0,175,23,702.0,0.0
9,40,3000,90,46,0,273,24,664.0,0.0
9,40,3000,85,49,0,145,22,608.0,0.0
9,40,3000,70,36,0,115,33,624.0,0.0
9,40,3000,85,44,1,165,33,576.0,811.5645689265241
9,40,3000,75,35,1,113,38,604.0,507.68734006634384
9,40,3000,85,36,0,113,37,610.0,0.0
9,40,500,90,37,1,0,0,0.0,0.0
9,40,500,70,41,1,7,2,8.0,16.270045780756213
9,40,500,85,41,0,7,1,8.0,0.0
9,40,500,80,35,1,9,2,18.0,27.06909437795107
9,40,500,65,45,0,0,0,0.0,0.0
9,40,3000,70,45,0,167,24,534.0,0.0
9,40,3000,65,49,1,113,21,464.0,386.3219895494535
9,40,500,60,35,0,7,1,8.0,0.0
9,40,500,85,36,1,9,2,14.0,10.0
9,40,500,80,37,0,3,1,4.0,0.0
9,40,500,70,39,1,0,0,0.0,0.0
9,40,500,85,43,1,9,1,10.0,11.96632068613215
9,40,500,70,49,0,0,0,0.0,0.0
9,40,500,75,43,0,9,1,10.0,0.0
9,40,500,60,35,0,5,1,6.0,0.0
9,40,500,65,36,1,0,0,0.0,0.0
9,40,500,80,47,1,0,0,0.0,0.0
9,40,500,85,38,0,7,1,8.0,0.0
9,40,500,60,35,1,9,1,10.0,13.90103582926194
9,40,500,70,48,0,13,3,14.0,0.0
9,40,500,80,48,1,13,2,14.0,33.0
9,40,500,65,44,0,15,3,16.0,0.0
9,40,500,65,36,1,0,0,0.0,0.0
9,40,500,60,46,1,9,1,10.0,14.960251867793962
9,40,500,70,35,1,9,1,10.0,0.0
9,40,500,85,49,0,0,0,0.0,0.0
9,40,500,85,40,1,7,1,8.0,10.939612870694795
9,40,500,75,41,0,0,0,0.0,0.0
9,40,500,85,43,1,9,1,10.0,11.352492843974419
9,40,500,80,36,0,0,0,0.0,0.0
9,40,500,80,39,1,9,1,10.0,18.0
9,40,500,85,49,0,0,0,0.0,0.0
9,40,500,90,48,0,0,0,0.0,0.0
9,40,500,85,35,0,1,1,2.0,0.0
9,40,500,90,36,0,13,3,20.0,0.0
9,40,500,65,36,1,7,1,8.0,4.47213595499958
9,40,500,60,41,1,0,0,0.0,0.0
9,40,500,85,38,0,0,0,0.0,0.0
9,40,500,65,42,1,7,1,8.0,14.06844942164225
9,40,500,75,46,0,0,0,0.0,0.0
9,40,500,90,47,1,0,0,0.0,0.0
9,40,500,90,43,0,21,3,22.0,0.0
9,40,500,75,46,1,7,1,8.0,10.965098420544818
9,40,500,90,46,0,15,2,16.0,0.0
9,40,500,90,49,0,0,0,0.0,0.0
9,40,500,65,50,1,5,1,6.0,12.0
9,40,500,75,47,1,0,0,0.0,0.0
9,40,500,70,36,1,0,0,0.0,0.0
9,40,500,90,44,0,9,1,10.0,0.0
9,40,500,75,41,0,5,1,6.0,0.0
9,40,500,75,47,1,0,0,0.0,0.0
9,40,500,65,46,0,0,0,0.0,0.0
9,40,500,65,44,0,0,0,0.0,0.0
9,40,500,85,40,0,0,0,0.0,0.0
9,40,500,90,49,1,0,0,0.0,0.0
9,40,500,65,43,0,0,0,0.0,0.0
9,40,500,85,43,1,0,0,0.0,0.0
9,40,500,80,50,1,0,0,0.0,0.0
9,40,500,65,40,1,9,2,10.0,19.009410494819406
9,40,500,75,38,0,15,2,16.0,0.0
9,40,500,90,44,1,0,0,0.0,0.0
9,40,500,60,36,1,1,1,2.0,2.0
9,40,500,85,42,0,19,2,20.0,0.0
9,40,500,90,38,0,9,2,10.0,0.0
9,40,500,75,42,1,3,1,4.0,9.0
9,40,500,80,43,0,3,1,4.0,0.0
9,40,500,85,47,1,15,3,16.0,27.749203497555875
9,40,500,60,41,1,13,3,14.0,42.584518901636166
9,40,500,65,36,0,7,2,8.0,0.0
9,40,500,90,47,0,5,1,6.0,0.0
9,40,500,75,47,0,5,1,6.0,0.0
9,40,500,65,47,1,0,0,0.0,0.0
9,40,500,85,38,0,0,0,0.0,0.0
9,40,500,85,47,1,0,0,0.0,0.0
9,40,500,70,39,1,9,2,20.0,36.0
9,40,500,70,41,0,0,0,0.0,0.0
9,40,500,80,49,1,0,0,0.0,0.0
9,40,500,85,44,0,0,0,0.0,0.0
9,40,500,70,45,1,5,1,6.0,10.716374662884755
9,40,500,80,49,0,0,0,0.0,0.0
9,40,500,65,42,1,19,2,20.0,43.82335680022328
9,40,500,85,43,0,0,0,0.0,0.0
9,40,500,90,36,1,9,1,10.0,8.278196206778567
9,40,500,60,38,0,0,0,0.0,0.0
9,40,500,65,40,1,0,0,0.0,0.0
9,40,500,60,35,0,19,3,20.0,0.0
9,40,500,60,45,0,0,0,0.0,0.0
9,40,500,70,47,1,0,0,0.0,0.0
9,40,500,70,43,1,9,2,10.0,17.94609454827474
9,40,500,90,36,1,7,1,8.0,9.01304172148532
9,40,500,85,37,1,9,2,10.0,16.291678559410165
9,40,500,80,46,0,5,1,6.0,0.0
9,40,500,75,47,1,0,0,0.0,0.0
9,40,500,70,48,0,0,0,0.0,0.0
9,40,500,90,49,0,9,1,10.0,0.0
9,40,500,75,46,0,25,3,26.0,0.0
9,40,500,60,40,1,5,1,6.0,10.703843240302303
9,40,500,65,36,1,7,1,8.0,4.47213595499958
9,40,500,60,39,0,0,0,0.0,0.0
9,40,500,75,37,0,25,3,26.0,0.0
9,40,500,60,41,1,9,1,10.0,17.29828634374842
9,40,500,70,46,0,0,0,0.0,0.0
9,39,3000,85,49,1,173,29,642.0,536.3967849621796
9,39,3000,90,49,0,165,23,500.0,0.0
9,39,3000,85,39,1,85,35,542.0,848.7033975557017
9,39,3000,85,41,0,119,31,670.0,0.0
9,39,3000,60,44,1,167,28,540.0,653.9571696554109
9,39,3000,60,47,0,149,22,472.0,0.0
9,39,3000,85,49,1,169,31,678.0,585.9030476625187
9,39,3000,70,39,1,111,32,636.0,721.9919274758254
9,39,3000,90,45,0,167,28,668.0,0.0
9,39,3000,90,39,0,221,36,770.0,0.0
9,39,3000,80,41,0,113,32,732.0,0.0
9,39,3000,85,46,1,145,26,570.0,365.02589323648016
9,39,3000,60,45,0,159,20,530.0,0.0
9,39,3000,60,49,1,111,18,452.0,329.5365623646771
9,39,3000,90,49,0,119,19,588.0,0.0
9,39,3000,90,49,1,107,19,432.0,348.1601687792171
9,39,3000,80,39,1,203,33,692.0,746.7927739662157
9,39,3000,75,39,0,177,34,970.0,0.0
9,39,3000,65,44,0,163,21,470.0,0.0
9,39,3000,85,43,0,117,30,722.0,0.0
9,39,3000,70,46,1,103,32,552.0,611.0873436179645
9,39,3000,65,50,1,157,23,478.0,631.0526935809607
9,39,3000,75,50,1,131,26,592.0,597.6054000739751
9,39,3000,85,36,1,113,38,554.0,518.697088058155
9,39,3000,75,39,0,219,36,638.0,0.0
9,39,3000,85,43,1,109,31,594.0,554.4099613940547
9,39,3000,80,46,0,173,25,774.0,0.0
9,39,3000,85,47,1,163,29,672.0,479.4356943259172
9,39,3000,80,48,0,171,22,694.0,0.0
9,39,3000,60,48,0,165,21,594.0,0.0
9,39,3000,90,36,0,109,36,616.0,0.0
9,39,3000,85,39,0,169,38,938.0,0.0
9,39,3000,80,40,1,171,29,674.0,513.476329784662
9,39,3000,90,41,0,169,35,818.0,0.0
9,39,3000,90,44,1,111,37,612.0,763.3110089021094
9,39,3000,65,45,1,81,26,420.0,569.3112544385625
9,39,3000,75,48,1,229,29,786.0,635.7693259669735
9,39,3000,75,39,0,283,32,850.0,0.0
9,39,3000,90,43,0,283,34,730.0,0.0
9,39,3000,75,43,1,175,27,696.0,538.2746224964797
9,39,3000,70,46,1,107,28,500.0,610.1702023669276
9,39,3000,60,48,1,101,26,422.0,470.8955191452816
9,39,3000,70,43,0,167,26,626.0,0.0
9,39,3000,85,49,0,175,18,556.0,0.0
9,39,3000,65,38,1,113,35,590.0,642.2386782851354
9,39,3000,70,38,0,163,33,734.0,0.0
9,39,3000,60,41,1,99,31,502.0,497.96098542477
9,39,3000,60,43,0,171,28,636.0,0.0
9,39,3000,65,46,1,165,25,672.0,349.05935484862584
9,39,3000,80,44,1,119,30,516.0,709.7252711968333
9,39,3000,85,47,0,169,21,592.0,0.0
9,39,3000,80,36,1,115,33,618.0,489.69387622769216
9,39,3000,65,43,0,279,33,926.0,0.0
9,39,3000,60,39,0,115,26,570.0,0.0
9,39,3000,65,46,0,119,24,770.0,0.0
9,39,3000,70,49,1,113,20,514.0,473.01089770855106
9,39,3000,75,42,0,163,30,766.0,0.0
9,39,3000,75,50,1,157,21,434.0,465.3778152746099
9,39,3000,70,40,0,115,34,698.0,0.0
9,39,3000,60,40,1,175,33,608.0,527.3972322815816
9,39,3000,90,38,1,79,36,470.0,436.6655972686638
9,39,3000,85,42,0,117,34,878.0,0.0
9,39,3000,75,36,1,109,35,630.0,554.1511167590056
9,39,3000,70,39,1,223,34,686.0,673.5958080400455
9,39,3000,90,40,1,117,29,616.0,332.42962544208393
9,39,3000,85,43,1,109,27,610.0,482.54730796625387
9,39,3000,70,48,0,225,26,584.0,0.0
9,39,3000,85,45,0,159,29,698.0,0.0
9,39,3000,65,38,1,111,35,548.0,640.4070509720722
9,39,3000,75,48,0,177,24,690.0,0.0
9,39,3000,60,50,0,171,14,466.0,0.0
9,39,3000,80,35,0,159,39,700.0,0.0
9,39,3000,80,38,0,155,36,706.0,0.0
9,39,3000,60,44,0,219,30,970.0,0.0
9,39,3000,80,45,1,89,27,484.0,479.72564615063516
9,39,3000,85,46,1,117,28,572.0,467.8368246175647
9,39,3000,65,41,1,161,29,682.0,578.132579590692
9,39,3000,85,43,0,115,29,690.0,0.0
9,39,3000,85,38,1,115,37,668.0,587.68603113298
9,39,3000,90,41,0,171,32,846.0,0.0
9,39,3000,85,41,0,223,36,802.0,0.0
9,39,3000,85,43,1,223,32,708.0,765.7728785965952
9,39,3000,85,37,1,115,36,572.0,495.354366496322
9,39,3000,70,48,1,119,19,522.0,470.29818919007
9,39,3000,75,47,0,171,17,406.0,0.0
9,39,3000,60,38,0,167,34,850.0,0.0
9,39,3000,90,36,1,111,39,582.0,579.1701892390724
9,39,3000,60,38,1,159,34,666.0,531.9079088144529
9,39,3000,80,38,1,83,38,532.0,527.4611882490718
9,39,3000,70,41,0,161,30,692.0,0.0
9,39,3000,60,42,0,167,29,816.0,0.0
9,39,3000,65,48,0,157,20,590.0,0.0
9,39,3000,90,40,1,95,35,508.0,626.2971290940922
9,39,3000,90,44,0,173,30,624.0,0.0
9,39,3000,85,49,1,109,28,516.0,357.5724372168762
9,39,3000,75,44,1,117,25,518.0,530.4320880539187
9,39,3000,85,49,0,173,20,690.0,0.0
9,39,3000,75,48,0,115,23,580.0,0.0
9,39,3000,75,41,0,145,31,542.0,0.0
9,39,3000,75,46,1,111,23,510.0,387.28254971983716
9,39,500,70,43,1,0,0,0.0,0.0
9,39,500,65,40,0,0,0,0.0,0.0
9,39,500,75,45,0,0,0,0.0,0.0
9,39,500,90,41,1,0,0,0.0,0.0
9,39,500,65,47,1,0,0,0.0,0.0
9,39,500,80,49,0,0,0,0.0,0.0
9,39,500,80,50,1,7,2,8.0,14.527339355254
9,39,500,60,42,1,9,1,10.0,14.25510670099825
9,39,500,80,43,0,0,0,0.0,0.0
9,39,500,75,43,0,9,1,10.0,0.0
9,39,500,80,49,0,0,0,0.0,0.0
9,39,500,70,44,1,3,1,4.0,9.0
9,39,500,80,38,0,9,1,10.0,0.0
9,39,500,75,49,1,0,0,0.0,0.0
9,39,500,85,50,0,0,0,0.0,0.0
9,39,500,70,40,0,9,2,18.0,0.0
9,39,500,75,48,1,0,0,0.0,0.0
9,39,500,85,42,1,9,2,10.0,17.99234743478869
9,39,500,60,42,0,3,1,4.0,0.0
9,39,500,75,50,1,15,2,16.0,46.76774709463268
9,39,500,80,39,0,0,0,0.0,0.0
9,39,500,90,38,1,0,0,0.0,0.0
9,39,500,60,46,0,0,0,0.0,0.0
9,39,500,65,38,0,0,0,0.0,0.0
9,39,500,70,36,1,17,4,24.0,19.982249116679963
9,39,500,80,50,1,7,1,8.0,15.0
9,39,500,60,44,0,0,0,0.0,0.0
9,39,500,70,49,1,0,0,0.0,0.0
9,39,500,75,39,0,0,0,0.0,0.0
9,39,500,65,39,1,7,1,8.0,15.0
9,39,500,75,36,1,9,1,10.0,2.8284271247461903
9,39,500,90,45,0,0,0,0.0,0.0
9,39,500,65,46,1,0,0,0.0,0.0
9,39,500,75,45,0,0,0,0.0,0.0
9,39,500,60,49,1,9,1,10.0,11.998422221399434
9,39,500,85,35,0,0,0,0.0,0.0
9,39,500,60,38,1,7,1,8.0,4.0
9,39,500,90,43,1,0,0,0.0,0.0
9,39,500,75,40,0,7,1,8.0,0.0
9,39,500,75,46,0,7,1,8.0,0.0
9,39,500,85,44,0,0,0,0.0,0.0
9,39,500,60,49,1,9,1,10.0,0.0
9,39,500,75,36,1,0,0,0.0,0.0
9,39,500,65,38,0,0,0,0.0,0.0
9,39,500,90,39,1,9,2,10.0,19.578672335510483
9,39,500,80,38,0,5,1,6.0,0.0
9,39,500,90,41,1,3,1,4.0,9.0
9,39,500,60,46,0,0,0,0.0,0.0
9,39,500,90,48,1,5,1,6.0,12.0
9,39,500,70,37,0,7,1,8.0,0.0
9,39,500,70,39,1,0,0,0.0,0.0
9,39,500,70,37,0,7,1,8.0,0.0
9,39,500,90,38,0,9,1,10.0,0.0
9,39,500,90,43,1,5,1,6.0,8.102804879489188
9,39,500,90,37,0,0,0,0.0,0.0
9,39,500,70,36,1,0,0,0.0,0.0
9,39,500,90,41,0,3,1,4.0,0.0
9,39,500,60,49,1,9,2,10.0,14.310183191966694
9,39,500,75,48,1,0,0,0.0,0.0
9,39,500,80,47,0,0,0,0.0,0.0
9,39,500,70,47,0,19,2,20.0,0.0
9,39,500,80,47,1,0,0,0.0,0.0
9,39,500,75,45,1,0,0,0.0,0.0
9,39,500,70,36,1,0,0,0.0,0.0
9,39,500,75,41,0,25,4,26.0,0.0
9,39,500,65,42,0,7,1,8.0,0.0
9,39,500,85,43,1,9,1,10.0,14.031804327331336
9,39,500,80,39,0,9,1,10.0,0.0
9,39,500,90,37,0,3,1,4.0,0.0
9,39,500,80,45,1,15,2,16.0,35.29122500481502
9,39,500,90,36,1,7,1,8.0,0.0
9,39,500,80,37,1,0,0,0.0,0.0
9,39,500,60,36,1,0,0,0.0,0.0
9,39,500,75,39,0,0,0,0.0,0.0
9,39,500,70,43,0,7,1,8.0,0.0
9,39,500,75,46,0,3,1,4.0,0.0
9,39,500,60,40,1,0,0,0.0,0.0
9,39,500,85,46,1,0,0,0.0,0.0
9,39,500,60,46,1,0,0,0.0,0.0
9,39,500,80,49,0,0,0,0.0,0.0
9,39,500,85,49,0,9,1,10.0,0.0
9,39,500,60,36,0,0,0,0.0,0.0
9,39,500,75,50,0,0,0,0.0,0.0
9,39,500,70,36,1,17,2,18.0,22.16231556363753
9,39,500,60,49,1,0,0,0.0,0.0
9,39,500,70,38,0,5,1,6.0,0.0
9,39,500,85,40,1,5,1,6.0,12.0
9,39,500,60,48,1,1,1,2.0,6.0
9,39,500,85,49,0,0,0,0.0,0.0
9,39,500,85,44,0,0,0,0.0,0.0
9,39,500,80,48,1,7,1,8.0,15.0
9,39,500,75,42,1,0,0,0.0,0.0
9,39,500,65,41,0,9,1,10.0,0.0
9,39,500,70,45,0,15,3,16.0,0.0
9,39,500,65,41,0,0,0,0.0,0.0
9,39,500,85,42,1,0,0,0.0,0.0
9,39,500,75,49,1,9,1,10.0,2.8284271247461903
9,39,500,70,42,0,3,1,4.0,0.0
9,39,500,75,43,0,0,0,0.0,0.0
9,38,3000,60,43,1,83,28,524.0,526.9013045982231
9,39,500,85,42,1,7,1,8.0,14.485375935196249
9,38,3000,70,35,0,117,35,750.0,0.0
9,38,3000,85,43,1,115,30,538.0,692.893689512356
9,38,3000,70,40,1,173,32,738.0,441.10882114333793
9,38,3000,60,44,0,161,20,542.0,0.0
9,38,3000,60,39,0,177,29,638.0,0.0
9,38,3000,75,41,1,199,34,844.0,829.5437893528893
9,38,3000,75,45,1,115,29,570.0,559.8301662015847
9,38,3000,85,45,0,217,30,636.0,0.0
9,38,3000,70,39,1,169,32,634.0,808.4520434777564
9,38,3000,60,42,0,237,26,832.0,0.0
9,38,3000,80,45,0,175,28,742.0,0.0
9,38,3000,85,43,1,167,31,768.0,545.3733527335884
9,38,3000,70,42,1,163,28,688.0,512.9944033563087
9,38,3000,70,42,1,103,29,548.0,611.7610195277223
9,38,3000,70,49,0,167,21,538.0,0.0
9,38,3000,80,37,1,155,33,656.0,462.8454179052609
9,38,3000,90,48,0,163,24,698.0,0.0
9,38,3000,85,49,0,115,21,602.0,0.0
9,38,3000,65,38,0,171,33,878.0,0.0
9,38,3000,70,37,0,157,30,620.0,0.0
9,38,3000,85,45,1,123,34,662.0,871.1285699393178
9,38,3000,75,47,1,163,27,600.0,460.8528152497739
9,38,3000,70,40,0,111,30,606.0,0.0
9,38,3000,85,48,0,171,24,620.0,0.0
9,38,3000,85,43,1,179,28,504.0,531.0294314166753
9,38,3000,75,36,1,95,38,516.0,516.263240771369
9,38,3000,65,49,1,149,30,736.0,637.9713341735302
9,38,3000,85,47,0,165,27,734.0,0.0
9,38,3000,70,43,0,157,24,540.0,0.0
9,38,3000,70,46,0,163,25,668.0,0.0
9,38,3000,90,45,1,117,30,648.0,632.0724257892429
9,38,3000,80,45,1,77,34,466.0,637.0305959573043
9,38,3000,70,41,1,85,30,460.0,631.3820102162199
9,38,3000,85,44,0,157,28,688.0,0.0
9,38,3000,65,36,0,229,35,778.0,0.0
9,38,3000,60,39,0,223,32,706.0,0.0
9,38,3000,80,49,0,163,24,648.0,0.0
9,38,3000,65,47,1,83,20,322.0,235.5970809725769
9,38,3000,75,48,1,115,26,646.0,717.9781821778108
9,38,3000,75,35,0,113,35,678.0,0.0
9,38,3000,85,36,0,155,36,658.0,0.0
9,38,3000,85,44,1,119,25,620.0,674.5879631846326
9,38,3000,60,46,1,159,32,602.0,569.7291743167038
9,38,3000,70,46,0,109,23,570.0,0.0
9,38,3000,70,50,1,167,21,632.0,619.8850613642617
9,38,3000,85,50,1,85,19,308.0,559.2574646066487
9,38,3000,75,37,0,169,34,800.0,0.0
9,38,3000,65,40,0,165,32,676.0,0.0
9,38,3000,65,43,1,173,26,564.0,431.14973368668194
9,38,3000,75,46,0,113,23,584.0,0.0
9,38,3000,90,46,1,167,25,706.0,471.40528298387727
9,38,3000,85,50,1,163,22,650.0,525.931254581488
9,38,3000,60,49,0,167,21,636.0,0.0
9,38,3000,65,35,0,113,31,558.0,0.0
9,38,3000,70,37,1,117,33,702.0,655.3693787097058
9,38,3000,70,39,0,119,28,656.0,0.0
9,38,3000,65,45,1,101,24,492.0,608.9441650320849
9,38,3000,80,37,0,217,35,674.0,0.0
9,38,3000,75,46,1,75,21,404.0,382.73096854537613
9,38,3000,70,39,1,123,34,638.0,637.1338449619859
9,38,3000,75,36,0,173,36,694.0,0.0
9,38,3000,60,37,0,155,30,756.0,0.0
9,38,3000,75,37,1,87,30,470.0,625.9416736383384
9,38,3000,65,41,1,287,33,794.0,675.7937479933753
9,38,3000,60,42,0,141,16,440.0,0.0
9,38,3000,70,42,0,167,26,702.0,0.0
9,38,3000,65,37,0,221,31,674.0,0.0
9,38,3000,70,37,0,145,27,504.0,0.0
9,38,3000,60,48,1,57,11,278.0,203.23896358607544
9,38,3000,75,42,1,115,33,602.0,493.8217083759169
9,38,3000,70,44,1,111,27,640.0,741.5647904289291
9,38,3000,60,49,0,113,13,428.0,0.0
9,38,3000,90,37,0,169,35,820.0,0.0
9,38,3000,70,36,1,115,35,590.0,551.0971971610137
9,38,3000,80,50,1,177,20,574.0,411.80593900685216
9,38,3000,90,44,1,227,33,678.0,646.5365887680857
9,38,3000,65,45,0,117,22,580.0,0.0
9,38,3000,75,47,1,135,28,680.0,526.827709568319
9,38,3000,60,37,1,103,30,588.0,430.30230435097417
9,38,3000,80,38,0,177,32,818.0,0.0
9,38,3000,90,49,0,117,18,560.0,0.0
9,38,3000,90,47,0,199,24,532.0,0.0
9,38,3000,75,45,1,103,29,526.0,591.4149140613231
9,38,3000,75,39,1,109,32,624.0,682.5740724165087
9,38,3000,80,50,1,115,21,428.0,557.8885060982195
9,38,3000,65,39,1,171,36,766.0,632.5923291049671
9,38,3000,85,41,0,151,33,762.0,0.0
9,38,3000,85,50,0,233,20,568.0,0.0
9,38,3000,60,45,0,109,21,392.0,0.0
9,38,3000,80,48,0,115,18,582.0,0.0
9,38,3000,70,43,1,161,21,730.0,400.709394223877
9,38,3000,85,48,1,105,24,528.0,521.0381787757295
9,38,3000,70,44,0,167,26,666.0,0.0
9,38,3000,80,44,1,117,23,560.0,472.5487636909724
9,38,3000,90,36,1,123,33,448.0,387.38954223228967
9,38,3000,65,47,0,177,22,670.0,0.0
9,38,3000,85,42,1,107,32,602.0,609.8027499303206
9,38,500,70,41,1,19,2,20.0,34.53930497724023
9,38,500,60,43,0,9,2,10.0,0.0
9,38,3000,60,50,0,173,19,618.0,0.0
9,38,500,65,39,1,0,0,0.0,0.0
9,38,3000,85,50,0,213,25,788.0,0.0
9,38,500,70,35,1,0,0,0.0,0.0
9,38,500,70,35,1,27,5,28.0,60.0778643934203
9,38,500,70,41,0,7,1,8.0,0.0
9,38,500,90,48,1,5,2,6.0,12.0
9,38,500,80,50,0,0,0,0.0,0.0
9,38,500,70,50,0,0,0,0.0,0.0
9,38,500,90,36,0,7,1,8.0,0.0
9,38,500,70,35,1,0,0,0.0,0.0
9,38,500,85,38,0,0,0,0.0,0.0
9,38,500,75,42,0,0,0,0.0,0.0
9,38,500,65,36,0,0,0,0.0,0.0
9,38,500,80,44,1,7,1,8.0,0.0
9,38,500,90,47,1,0,0,0.0,0.0
9,38,500,65,40,1,9,1,10.0,13.059304572139684
9,38,500,70,39,0,9,2,10.0,0.0
9,38,500,70,42,1,0,0,0.0,0.0
9,38,500,60,47,1,0,0,0.0,0.0
9,38,500,75,42,0,0,0,0.0,0.0
9,38,500,75,47,1,0,0,0.0,0.0
9,38,500,90,50,0,3,1,4.0,0.0
9,38,500,65,39,0,0,0,0.0,0.0
9,38,500,80,42,1,5,1,6.0,12.0
9,38,500,85,50,1,0,0,0.0,0.0
9,38,500,75,50,0,0,0,0.0,0.0
9,38,500,70,45,0,7,1,8.0,0.0
9,38,500,80,46,1,9,1,10.0,13.309828829241754
9,38,500,60,36,0,7,1,8.0,0.0
9,38,500,75,48,0,5,1,6.0,0.0
9,38,500,90,37,1,9,2,10.0,17.87631092245203
9,38,500,90,36,1,9,1,10.0,0.0
9,38,500,60,38,0,9,1,10.0,0.0
9,38,500,80,44,0,11,2,12.0,0.0
9,38,500,80,41,1,0,0,0.0,0.0
9,38,500,75,43,1,9,1,10.0,12.0
9,38,500,60,44,0,9,1,10.0,0.0
9,38,500,60,42,1,9,1,10.0,13.194508270706452
9,38,500,80,36,0,9,1,10.0,0.0
9,38,500,60,50,0,5,1,6.0,0.0
9,38,500,65,47,1,3,1,4.0,9.0
9,38,500,90,45,0,7,2,8.0,0.0
9,38,500,60,36,1,3,1,4.0,4.47213595499958
9,38,500,80,50,1,0,0,0.0,0.0
9,38,500,75,41,1,9,1,10.0,17.13201433673349
9,38,500,60,38,0,0,0,0.0,0.0
9,38,500,75,39,1,0,0,0.0,0.0
9,38,500,80,43,0,3,1,4.0,0.0
9,38,500,65,50,0,0,0,0.0,0.0
9,38,500,65,47,1,7,1,8.0,11.699817273934302
9,38,500,80,38,1,0,0,0.0,0.0
9,38,500,65,39,0,1,1,2.0,0.0
9,38,500,70,36,0,0,0,0.0,0.0
9,38,500,90,49,0,0,0,0.0,0.0
9,38,500,70,40,1,5,1,6.0,0.0
9,38,500,70,43,1,7,1,8.0,10.764310507165712
9,38,500,70,46,0,0,0,0.0,0.0
9,38,500,65,35,0,7,1,8.0,0.0
9,38,500,60,36,0,5,1,6.0,0.0
9,38,500,60,38,1,0,0,0.0,0.0
9,38,500,85,39,0,7,1,8.0,0.0
9,38,500,80,44,1,9,1,10.0,18.0
9,38,500,90,43,1,17,3,18.0,31.76391982982191
9,38,500,60,35,1,9,1,10.0,0.0
9,38,500,60,39,0,9,2,10.0,0.0
9,38,500,90,40,1,9,2,20.0,28.123546418260986
9,38,500,75,50,1,0,0,0.0,0.0
9,38,500,75,43,1,0,0,0.0,0.0
9,38,500,85,48,0,7,1,8.0,0.0
9,38,500,70,47,0,0,0,0.0,0.0
9,38,500,75,42,0,3,1,4.0,0.0
9,38,500,65,37,0,9,1,10.0,0.0
9,38,500,85,42,1,0,0,0.0,0.0
9,38,500,75,35,1,0,0,0.0,0.0
9,38,500,80,43,0,0,0,0.0,0.0
9,38,500,80,45,1,3,1,4.0,9.0
9,38,500,60,46,1,0,0,0.0,0.0
9,38,500,75,48,0,9,1,10.0,0.0
9,38,500,80,39,0,9,2,10.0,0.0
9,38,500,65,39,1,0,0,0.0,0.0
9,38,500,90,36,0,5,2,6.0,0.0
9,38,500,80,46,0,0,0,0.0,0.0
9,38,500,65,39,0,5,1,6.0,0.0
9,38,500,90,38,0,9,1,10.0,0.0
9,38,500,85,47,1,0,0,0.0,0.0
9,38,500,85,47,1,0,0,0.0,0.0
9,38,500,70,36,1,7,1,8.0,6.0
9,38,500,90,39,0,5,1,6.0,0.0
9,38,500,75,49,1,7,1,8.0,0.0
9,38,500,85,39,0,0,0,0.0,0.0
9,38,500,85,44,1,0,0,0.0,0.0
9,38,500,90,49,1,0,0,0.0,0.0
9,38,500,65,50,0,0,0,0.0,0.0
9,38,500,75,39,0,9,1,10.0,0.0
9,38,500,80,41,0,9,1,10.0,0.0
9,38,500,60,35,0,0,0,0.0,0.0
9,38,500,60,47,1,5,1,6.0,10.465144853423224
9,38,500,65,45,1,0,0,0.0,0.0
9,38,500,75,50,1,0,0,0.0,0.0
9,37,3000,85,36,0,169,35,670.0,0.0
9,37,3000,90,45,1,105,27,546.0,475.15853168294313
9,37,3000,60,38,1,111,33,488.0,555.6485157868769
9,37,3000,85,40,1,109,32,566.0,509.20390338314434
9,37,3000,60,35,1,95,37,596.0,454.84205167742783
9,37,3000,65,49,0,163,23,682.0,0.0
9,37,3000,85,50,0,165,23,698.0,0.0
9,37,3000,75,46,0,173,23,632.0,0.0
9,37,3000,70,36,0,171,35,710.0,0.0
9,37,3000,75,37,1,175,34,630.0,603.2868775036343
9,37,3000,85,37,1,155,36,602.0,567.6656757427222
9,37,3000,75,40,1,145,32,574.0,445.6535293505549
9,37,3000,65,38,0,163,30,628.0,0.0
9,37,3000,80,39,1,111,33,634.0,710.4582560328224
9,37,3000,60,49,0,103,17,496.0,0.0
9,37,3000,65,36,0,161,32,628.0,0.0
9,37,3000,65,41,1,109,27,542.0,470.76629076802715
9,37,3000,60,36,1,221,33,760.0,553.7905273977016
9,37,3000,90,45,0,169,29,734.0,0.0
9,37,3000,70,48,1,115,23,512.0,563.068760703152
9,37,3000,90,45,0,105,27,478.0,0.0
9,37,3000,90,49,0,153,25,698.0,0.0
9,37,3000,80,35,1,111,35,584.0,544.3574749685783
9,37,3000,70,39,1,85,32,524.0,487.7552541252201
9,37,3000,65,41,0,171,24,650.0,0.0
9,37,3000,80,41,0,171,33,790.0,0.0
9,37,3000,70,47,0,159,25,614.0,0.0
9,37,3000,65,48,1,117,10,372.0,198.1430346798401
9,37,3000,70,48,1,101,26,502.0,701.4462095445493
9,37,3000,75,42,1,115,35,610.0,680.2995806498598
9,37,3000,85,40,1,105,33,596.0,661.1673371732355
9,37,3000,90,48,0,227,20,666.0,0.0
9,37,3000,60,45,0,195,16,434.0,0.0
9,37,3000,80,40,0,225,26,624.0,0.0
9,37,3000,70,43,0,177,23,562.0,0.0
9,37,3000,75,40,0,217,36,1068.0,0.0
9,37,3000,65,39,1,113,23,498.0,640.9543231716426
9,37,3000,65,49,1,127,24,400.0,394.87412380178336
9,37,3000,70,37,0,117,29,540.0,0.0
9,37,3000,90,45,0,163,27,656.0,0.0
9,37,3000,80,48,1,105,24,448.0,602.524822514238
9,37,3000,70,50,1,119,26,568.0,764.9966441321694
9,37,3000,70,37,1,91,32,480.0,542.0526436145849
9,37,3000,60,38,1,125,33,764.0,548.4031675097352
9,37,3000,90,46,1,167,27,596.0,413.6583164185473
9,37,3000,90,41,0,165,31,622.0,0.0
9,37,3000,75,44,0,153,28,722.0,0.0
9,37,3000,60,48,0,109,20,476.0,0.0
9,37,3000,60,36,0,159,32,724.0,0.0
9,37,3000,80,49,1,173,19,498.0,321.0575364976942
9,37,3000,65,42,1,71,22,372.0,403.580420046193
9,37,3000,90,43,0,159,31,816.0,0.0
9,37,3000,70,47,0,107,23,598.0,0.0
9,37,3000,65,45,0,115,22,468.0,0.0
9,37,3000,90,48,1,117,24,708.0,473.9345891010717
9,37,3000,85,42,1,163,32,714.0,613.4649093679543
9,37,3000,75,49,1,109,29,538.0,462.98257543207376
9,37,3000,85,35,1,117,34,508.0,541.2612246386374
9,37,3000,80,35,1,103,35,550.0,605.7029633723484
9,37,3000,75,41,1,101,34,578.0,617.0394988715651
9,37,3000,70,43,0,175,28,708.0,0.0
9,37,3000,85,47,0,117,29,820.0,0.0
9,37,3000,85,47,0,227,23,656.0,0.0
9,37,3000,75,50,0,159,24,572.0,0.0
9,37,3000,80,37,1,129,37,632.0,570.1473366899409
9,37,3000,75,38,0,115,34,722.0,0.0
9,37,3000,85,42,0,233,28,844.0,0.0
9,37,3000,90,42,1,119,34,730.0,653.5558324669797
9,37,3000,80,38,1,173,35,768.0,557.9406787634141
9,37,3000,80,35,0,119,35,602.0,0.0
9,37,3000,70,39,1,113,36,596.0,700.753063913765
9,37,3000,75,38,1,81,33,572.0,555.6145436607061
9,37,3000,90,45,1,115,25,456.0,516.2605366734485
9,37,3000,70,46,0,165,23,652.0,0.0
9,37,3000,90,48,0,167,27,592.0,0.0
9,37,3000,85,50,0,119,21,536.0,0.0
9,37,3000,90,45,1,111,28,516.0,712.6742464799227
9,37,3000,65,39,0,173,29,916.0,0.0
9,37,3000,60,36,1,119,34,604.0,433.3605800546087
9,37,3000,70,41,0,113,24,646.0,0.0
9,37,3000,85,42,1,119,35,626.0,539.1194474699108
9,37,3000,80,41,0,157,29,820.0,0.0
9,37,3000,60,49,0,115,22,540.0,0.0
9,37,3000,90,47,1,169,25,498.0,472.24146227892305
9,37,3000,80,43,1,169,25,466.0,428.30603800619656
9,37,3000,75,41,1,121,33,734.0,716.6882785601115
9,37,3000,85,42,1,161,30,670.0,528.6057462868416
9,37,3000,60,42,0,173,24,772.0,0.0
9,37,3000,75,48,0,111,23,614.0,0.0
9,37,3000,70,49,0,157,19,574.0,0.0
9,37,3000,75,50,1,173,20,530.0,515.340963156205
9,37,3000,80,48,0,177,26,676.0,0.0
9,37,3000,70,40,1,149,33,578.0,645.4912102997592
9,37,3000,65,45,1,115,24,592.0,439.8514213468118
9,37,3000,90,37,0,115,23,408.0,0.0
9,37,3000,85,41,0,277,30,814.0,0.0
9,37,3000,80,48,0,163,22,706.0,0.0
9,37,3000,70,42,1,99,32,514.0,569.8987810762533
9,37,3000,60,50,1,115,15,470.0,476.54661421485497
9,37,500,60,38,0,13,2,14.0,0.0
9,37,500,60,45,1,0,0,0.0,0.0
9,37,3000,85,44,0,167,29,728.0,0.0
9,37,500,60,47,0,13,2,14.0,0.0
9,37,500,75,42,1,0,0,0.0,0.0
9,37,500,80,36,0,3,1,4.0,0.0
9,37,500,80,35,1,7,1,8.0,12.0
9,37,500,75,50,1,0,0,0.0,0.0
9,37,500,65,38,1,0,0,0.0,0.0
9,37,500,75,38,0,15,2,16.0,0.0
9,37,500,90,39,1,0,0,0.0,0.0
9,37,500,85,38,0,15,2,16.0,0.0
9,37,500,60,48,0,0,0,0.0,0.0
9,37,500,65,46,1,3,1,4.0,9.0
9,37,500,65,50,0,0,0,0.0,0.0
9,37,500,90,46,1,0,0,0.0,0.0
9,37,500,65,39,1,13,2,14.0,31.468893964099983
9,37,500,85,42,1,0,0,0.0,0.0
9,37,500,80,47,0,9,1,10.0,0.0
9,37,500,65,43,0,17,2,18.0,0.0
9,37,500,70,44,0,0,0,0.0,0.0
9,37,500,85,40,0,9,1,10.0,0.0
9,37,500,85,49,1,7,1,8.0,6.0
9,37,500,85,41,0,3,1,4.0,0.0
9,37,500,90,40,0,5,1,6.0,0.0
9,37,500,60,43,1,0,0,0.0,0.0
9,37,500,80,47,1,0,0,0.0,0.0
9,37,500,80,40,0,7,1,8.0,0.0
9,37,500,80,49,1,9,2,10.0,11.998777176555834
9,37,500,60,36,1,0,0,0.0,0.0
9,37,500,70,42,1,17,2,18.0,43.30143598483155
9,37,500,90,50,1,0,0,0.0,0.0
9,37,500,80,49,0,9,1,10.0,0.0
9,37,500,60,47,0,0,0,0.0,0.0
9,37,500,60,39,0,7,1,8.0,0.0
9,37,500,60,36,1,0,0,0.0,0.0
9,37,500,70,50,0,0,0,0.0,0.0
9,37,500,80,41,1,0,0,0.0,0.0
9,37,500,80,47,1,17,2,18.0,17.255630880585993
9,37,500,80,49,0,1,1,2.0,0.0
9,37,500,90,39,0,19,2,20.0,0.0
9,37,500,65,44,1,17,2,18.0,32.365577137687154
9,37,500,65,44,1,13,2,14.0,47.55796962030142
9,37,500,90,49,0,19,3,20.0,0.0
9,37,500,80,37,0,7,1,8.0,0.0
9,37,500,75,38,1,5,1,6.0,6.0
9,37,500,85,49,0,5,1,6.0,0.0
9,37,500,60,50,1,0,0,0.0,0.0
9,37,500,65,37,0,9,2,20.0,0.0
9,37,500,70,35,1,15,2,16.0,37.656043367935396
9,37,500,60,45,0,1,1,2.0,0.0
9,37,500,90,43,1,0,0,0.0,0.0
9,37,500,80,47,0,0,0,0.0,0.0
9,37,500,75,45,1,0,0,0.0,0.0
9,37,500,65,47,0,1,1,2.0,0.0
9,37,500,80,36,1,0,0,0.0,0.0
9,37,500,80,50,1,0,0,0.0,0.0
9,37,500,85,35,0,9,1,10.0,0.0
9,37,500,85,41,0,0,0,0.0,0.0
9,37,500,90,42,0,0,0,0.0,0.0
9,37,500,90,38,0,9,1,10.0,0.0
9,37,500,80,45,1,7,2,8.0,21.0
9,37,500,85,37,0,15,2,16.0,0.0
9,37,500,85,41,1,0,0,0.0,0.0
9,37,500,90,37,1,13,2,14.0,27.559545801804624
9,37,500,85,42,0,0,0,0.0,0.0
9,37,500,85,49,1,0,0,0.0,0.0
9,37,500,65,44,0,7,1,8.0,0.0
9,37,500,65,41,1,0,0,0.0,0.0
9,37,500,80,49,1,0,0,0.0,0.0
9,37,500,75,41,0,7,1,8.0,0.0
9,37,500,90,41,1,7,1,8.0,14.582719690321031
9,37,500,60,43,0,9,2,10.0,0.0
9,37,500,85,47,1,0,0,0.0,0.0
9,37,500,90,46,0,15,2,16.0,0.0
9,37,500,80,47,1,0,0,0.0,0.0
9,37,500,80,40,0,15,2,16.0,0.0
9,37,500,65,44,1,0,0,0.0,0.0
9,37,500,90,41,0,3,1,4.0,0.0
9,37,500,60,50,0,0,0,0.0,0.0
9,37,500,80,37,0,5,1,6.0,0.0
9,37,500,75,48,1,0,0,0.0,0.0
9,37,500,60,37,1,7,2,10.0,28.068019551714094
9,37,500,60,35,0,0,0,0.0,0.0
9,37,500,80,35,0,9,2,16.0,0.0
9,37,500,90,39,1,9,1,10.0,18.0
9,37,500,70,41,1,0,0,0.0,0.0
9,37,500,90,50,1,1,1,2.0,6.0
9,37,500,65,49,0,1,1,2.0,0.0
9,37,500,70,36,0,0,0,0.0,0.0
9,37,500,70,48,1,0,0,0.0,0.0
9,37,500,75,37,1,11,4,22.0,46.52117160845725
9,37,500,80,43,0,9,1,10.0,0.0
9,37,500,90,42,0,9,1,10.0,0.0
9,37,500,60,44,1,0,0,0.0,0.0
9,37,500,85,45,1,0,0,0.0,0.0
9,37,500,80,48,0,9,1,10.0,0.0
9,37,500,75,43,1,17,2,18.0,18.95355980146304
9,37,500,70,41,0,0,0,0.0,0.0
9,36,3000,65,44,0,113,19,558.0,0.0
9,36,3000,70,44,1,107,14,532.0,428.1929771405334
9,37,500,60,45,1,0,0,0.0,0.0
9,37,500,80,49,0,0,0,0.0,0.0
9,36,3000,65,37,1,81,32,562.0,474.3701627723523
9,36,3000,60,39,0,169,31,860.0,0.0
9,36,3000,85,50,1,103,18,506.0,569.7511017268953
9,36,3000,70,42,0,163,27,748.0,0.0
9,36,3000,90,49,0,111,27,676.0,0.0
9,36,3000,90,37,1,117,28,516.0,515.8631807486931
9,36,3000,80,35,0,113,34,596.0,0.0
9,36,3000,85,48,1,165,26,624.0,536.2786214340416
9,36,3000,70,35,1,225,33,670.0,517.4211840235255
9,36,3000,80,41,1,109,31,602.0,711.266892232911
9,36,3000,90,44,1,115,26,642.0,614.6215991651004
9,36,3000,75,44,0,169,29,844.0,0.0
9,36,3000,75,43,0,173,20,574.0,0.0
9,36,3000,65,48,0,167,25,840.0,0.0
9,36,3000,80,35,0,163,33,774.0,0.0
9,36,3000,75,50,1,113,17,594.0,584.8299023321708
9,36,3000,85,41,1,175,30,822.0,724.7742061923338
9,36,3000,70,41,1,109,31,608.0,579.4960964719564
9,36,3000,75,48,1,165,26,562.0,454.89627748338233
9,36,3000,75,50,0,161,19,560.0,0.0
9,36,3000,90,48,0,115,24,750.0,0.0
9,36,3000,90,37,0,113,35,628.0,0.0
9,36,3000,65,39,1,169,32,674.0,729.7110398384965
9,36,3000,65,43,0,169,21,710.0,0.0
9,36,3000,90,40,0,223,32,722.0,0.0
9,36,3000,90,40,0,167,25,588.0,0.0
9,36,3000,90,42,1,113,27,594.0,597.9183964281774
9,36,3000,90,48,1,153,24,604.0,681.2385669980456
9,36,3000,80,49,1,97,18,324.0,257.49468581600627
9,36,3000,75,35,0,115,34,570.0,0.0
9,36,3000,65,37,1,159,31,714.0,579.8776450624478
9,36,3000,60,39,0,153,27,720.0,0.0
9,36,3000,90,46,0,165,27,692.0,0.0
9,36,3000,75,41,1,175,35,694.0,666.0485665596858
9,36,3000,75,45,1,119,25,536.0,576.1661923682328
9,36,3000,90,35,1,117,35,648.0,428.62589504027403
9,36,3000,85,48,0,167,21,626.0,0.0
9,36,3000,65,40,0,119,31,632.0,0.0
9,36,3000,75,41,1,165,29,622.0,571.01810030222
9,36,3000,85,42,0,167,29,858.0,0.0
9,36,3000,60,40,1,165,29,694.0,537.0270862786272
9,36,3000,60,49,0,145,21,566.0,0.0
9,36,3000,65,40,0,115,27,668.0,0.0
9,36,3000,80,48,1,165,22,506.0,468.298028129781
9,36,3000,90,35,1,109,35,564.0,598.4553654195914
9,36,3000,75,40,0,165,32,830.0,0.0
9,36,3000,65,43,0,163,28,824.0,0.0
9,36,3000,85,43,1,165,23,568.0,483.6155780247685
9,36,3000,80,45,0,173,23,446.0,0.0
9,36,3000,75,37,0,163,29,638.0,0.0
9,36,3000,90,47,1,99,26,514.0,555.9177612788224
9,36,3000,65,45,1,155,21,456.0,494.6138800568176
9,36,3000,70,36,1,165,34,620.0,399.55927100913095
9,36,3000,90,44,0,169,31,668.0,0.0
9,36,3000,75,47,1,83,18,360.0,379.76156074624646
9,36,3000,75,43,0,119,27,600.0,0.0
9,36,3000,85,37,1,111,31,586.0,478.39146409772576
9,36,3000,70,42,1,113,30,640.0,538.3498364705479
9,36,3000,75,38,1,117,35,672.0,563.7027303054633
9,36,3000,90,45,0,171,26,624.0,0.0
9,36,3000,80,50,0,161,21,564.0,0.0
9,36,3000,60,46,0,211,21,474.0,0.0
9,36,3000,70,40,1,117,25,480.0,441.5039869348092
9,36,3000,80,49,0,175,26,752.0,0.0
9,36,3000,90,48,1,165,26,522.0,565.4910052789186
9,36,3000,70,36,0,135,31,756.0,0.0
9,36,3000,80,42,0,117,26,622.0,0.0
9,36,3000,60,45,1,73,24,472.0,578.6732708065485
9,36,3000,75,36,0,119,34,766.0,0.0
9,36,3000,65,39,1,103,30,598.0,675.6658650648772
9,36,3000,90,42,0,169,29,794.0,0.0
9,36,3000,60,48,0,205,17,530.0,0.0
9,36,3000,60,42,1,177,27,702.0,458.1186005289469
9,36,3000,70,39,1,219,30,812.0,604.8401708255226
9,36,3000,65,48,1,93,12,336.0,273.97879536926945
9,36,3000,80,36,0,173,32,684.0,0.0
9,36,3000,65,37,1,165,33,602.0,478.9543333022875
9,36,3000,75,44,1,117,31,664.0,606.8786152755096
9,36,3000,70,45,1,105,30,526.0,517.2937117111745
9,36,3000,70,37,1,97,31,468.0,486.664397096243
9,36,3000,65,44,0,169,20,468.0,0.0
9,36,3000,60,49,0,59,20,322.0,0.0
9,36,3000,85,49,0,169,26,746.0,0.0
9,36,3000,60,37,0,117,26,678.0,0.0
9,36,3000,70,38,1,111,31,572.0,445.4860776868297
9,36,3000,70,37,0,151,33,704.0,0.0
9,36,3000,65,43,0,117,26,574.0,0.0
9,36,3000,60,44,1,115,20,522.0,570.8924787979928
9,36,3000,75,47,0,113,22,524.0,0.0
9,36,3000,65,44,1,155,27,806.0,567.4461140956739
9,36,3000,85,48,1,173,23,568.0,362.78755730381516
9,36,3000,85,48,0,117,22,502.0,0.0
9,36,3000,65,35,0,173,34,750.0,0.0
9,36,3000,80,42,1,111,31,694.0,565.7502369127469
9,36,3000,65,41,0,161,30,748.0,0.0
9,36,3000,70,42,1,97,28,526.0,521.3989801290342
9,36,3000,80,44,0,157,21,698.0,0.0
9,36,3000,65,49,1,117,22,550.0,345.3429637749792
9,36,500,75,46,1,0,0,0.0,0.0
9,36,500,65,38,1,9,1,10.0,4.47213595499958
9,36,500,70,37,0,7,1,8.0,0.0
9,36,500,65,46,0,9,1,10.0,0.0
9,36,500,60,46,1,0,0,0.0,0.0
9,36,500,60,37,0,9,1,10.0,0.0
9,36,500,90,47,0,0,0,0.0,0.0
9,36,500,85,47,1,11,2,12.0,30.68049468151505
9,36,500,70,37,0,7,1,8.0,0.0
9,36,500,90,40,1,7,1,8.0,11.61388374592566
9,36,500,70,35,0,0,0,0.0,0.0
9,36,500,65,38,0,0,0,0.0,0.0
9,36,500,85,44,1,7,1,8.0,0.0
9,36,500,90,37,1,0,0,0.0,0.0
9,36,500,60,50,1,0,0,0.0,0.0
9,36,500,75,42,0,0,0,0.0,0.0
9,36,500,80,47,0,7,1,8.0,0.0
9,36,500,75,49,1,0,0,0.0,0.0
9,36,500,90,39,0,0,0,0.0,0.0
9,36,500,90,44,1,19,2,20.0,51.65340173432637
9,36,500,60,45,0,0,0,0.0,0.0
9,36,500,80,47,1,7,1,8.0,11.653305613543367
9,36,500,75,37,0,0,0,0.0,0.0
9,36,500,65,37,1,0,0,0.0,0.0
9,36,500,70,37,0,0,0,0.0,0.0
9,36,500,60,45,1,0,0,0.0,0.0
9,36,500,75,35,1,3,2,8.0,8.560094003529887
9,36,500,70,46,1,0,0,0.0,0.0
9,36,500,65,39,0,0,0,0.0,0.0
9,36,500,80,46,0,0,0,0.0,0.0
9,36,500,65,48,0,5,1,6.0,0.0
9,36,500,70,47,1,0,0,0.0,0.0
9,36,500,70,47,1,0,0,0.0,0.0
9,36,500,90,45,0,0,0,0.0,0.0
9,36,500,70,48,1,5,1,6.0,12.0
9,36,500,60,36,1,0,0,0.0,0.0
9,36,500,85,39,0,9,1,10.0,0.0
9,36,500,65,41,1,0,0,0.0,0.0
9,36,500,90,43,0,0,0,0.0,0.0
9,36,500,80,49,0,0,0,0.0,0.0
9,36,500,80,45,1,1,1,2.0,6.0
9,36,500,60,43,0,0,0,0.0,0.0
9,36,500,80,38,1,7,2,10.0,8.82842712474619
9,36,500,60,37,0,0,0,0.0,0.0
9,36,500,90,37,1,1,1,2.0,6.0
9,36,500,85,41,0,0,0,0.0,0.0
9,36,500,80,42,0,3,1,4.0,0.0
9,36,500,85,45,1,5,1,6.0,10.273701747631408
9,36,500,90,40,1,19,3,20.0,30.395599483442
9,36,500,75,39,0,31,4,32.0,0.0
9,36,500,80,35,1,19,3,20.0,30.12445176391243
9,36,500,80,37,1,0,0,0.0,0.0
9,36,500,60,46,1,0,0,0.0,0.0
9,36,500,70,41,0,9,1,10.0,0.0
9,36,500,90,45,0,17,2,18.0,0.0
9,36,500,85,45,0,9,1,10.0,0.0
9,36,500,65,43,1,0,0,0.0,0.0
9,36,500,65,37,1,1,1,2.0,6.0
9,36,500,60,37,1,0,0,0.0,0.0
9,36,500,60,48,0,7,1,8.0,0.0
9,36,500,60,43,0,0,0,0.0,0.0
9,36,500,65,46,0,0,0,0.0,0.0
9,36,500,75,46,1,9,2,12.0,31.34841688627658
9,36,500,90,43,0,9,1,10.0,0.0
9,36,500,60,36,1,11,3,12.0,4.47213595499958
9,36,500,80,38,1,0,0,0.0,0.0
9,36,500,75,44,1,0,0,0.0,0.0
9,36,500,65,37,1,3,1,4.0,9.0
9,36,500,85,45,0,0,0,0.0,0.0
9,36,500,60,45,0,0,0,0.0,0.0
9,36,500,70,47,0,9,1,10.0,0.0
9,36,500,80,42,0,5,1,6.0,0.0
9,36,500,60,36,1,9,1,10.0,7.668080071727271
9,36,500,60,40,0,0,0,0.0,0.0
9,36,500,75,42,1,0,0,0.0,0.0
9,36,500,85,45,1,0,0,0.0,0.0
9,36,500,75,43,0,9,2,16.0,0.0
9,36,500,65,39,1,0,0,0.0,0.0
9,36,500,75,50,0,0,0,0.0,0.0
9,36,500,90,37,1,0,0,0.0,0.0
9,36,500,60,39,1,29,3,30.0,91.2167258298491
9,36,500,65,35,1,0,0,0.0,0.0
9,36,500,90,38,0,0,0,0.0,0.0
9,36,500,65,42,0,0,0,0.0,0.0
9,36,500,75,37,0,9,1,10.0,0.0
9,36,500,65,49,0,0,0,0.0,0.0
9,36,500,70,37,1,15,2,16.0,34.346495740493694
9,36,500,75,37,0,1,1,2.0,0.0
9,36,500,75,40,1,0,0,0.0,0.0
9,36,500,75,44,1,17,3,18.0,46.25845118459334
9,36,500,80,43,0,11,2,12.0,0.0
9,36,500,60,46,0,0,0,0.0,0.0
9,36,500,80,36,1,9,2,10.0,9.013041721485319
9,36,500,70,49,1,0,0,0.0,0.0
9,36,500,65,44,0,0,0,0.0,0.0
9,36,500,85,41,0,0,0,0.0,0.0
9,36,500,85,41,0,1,1,2.0,0.0
9,35,3000,75,37,1,115,32,654.0,404.6280919073652
9,36,500,90,38,0,0,0,0.0,0.0
9,36,500,85,48,1,0,0,0.0,0.0
9,36,500,85,49,1,0,0,0.0,0.0
9,35,3000,60,47,1,131,24,480.0,627.8887292229662
9,35,3000,90,44,0,151,21,608.0,0.0
9,35,3000,80,49,0,205,20,624.0,0.0
9,35,3000,65,35,0,117,28,718.0,0.0
9,35,3000,80,39,1,91,32,502.0,592.5386596543559
9,35,3000,75,42,1,111,28,520.0,375.6503070958757
9,35,3000,90,37,0,119,32,724.0,0.0
9,35,3000,75,42,1,115,31,690.0,395.05333580521653
9,35,3000,70,38,0,117,29,688.0,0.0
9,35,3000,70,50,0,169,18,594.0,0.0
9,35,3000,75,40,1,149,35,644.0,644.889242012699
9,35,3000,65,48,1,231,25,646.0,610.776779038579
9,35,3000,85,50,0,117,20,494.0,0.0
9,35,3000,90,43,1,109,25,474.0,508.43327312768963
9,35,3000,65,45,1,117,26,640.0,642.5888998653267
9,35,3000,75,44,1,167,27,636.0,561.203161847586
9,35,3000,80,47,0,115,22,624.0,0.0
9,35,3000,60,49,0,153,10,412.0,0.0
9,35,3000,75,44,0,115,25,598.0,0.0
9,35,3000,80,36,1,173,33,722.0,627.4525707109063
9,35,3000,60,36,1,155,33,624.0,363.2575562577615
9,35,3000,65,39,1,113,33,642.0,628.5015735952862
9,35,3000,80,48,1,107,23,470.0,607.9143498279658
9,35,3000,80,44,0,167,25,754.0,0.0
9,35,3000,65,46,0,151,25,634.0,0.0
9,35,3000,80,48,0,161,21,590.0,0.0
9,35,3000,85,36,0,173,31,638.0,0.0
9,35,3000,65,37,1,163,30,562.0,605.5726001565032
9,35,3000,70,38,1,89,29,530.0,532.4093968710729
9,35,3000,90,42,0,117,26,706.0,0.0
9,35,3000,80,36,1,115,34,518.0,430.64196436024554
9,35,3000,60,42,0,157,25,710.0,0.0
9,35,3000,75,44,1,105,23,482.0,446.24003322207886
9,35,3000,75,45,0,165,21,510.0,0.0
9,35,3000,80,38,0,117,28,548.0,0.0
9,35,3000,70,37,0,171,25,648.0,0.0
9,35,3000,60,40,1,165,32,626.0,603.5744960450646
9,35,3000,85,43,0,119,26,616.0,0.0
9,35,3000,60,46,1,95,25,464.0,356.04174645907153
9,35,3000,85,48,1,223,23,808.0,624.974668769009
9,35,3000,70,49,0,171,23,630.0,0.0
9,35,3000,75,36,1,113,32,562.0,411.0755163540754
9,35,3000,80,39,1,77,33,496.0,636.0573202106342
9,35,3000,60,43,0,141,26,776.0,0.0
9,35,3000,60,45,1,107,18,468.0,490.01920494094503
9,35,3000,75,47,0,115,19,572.0,0.0
9,35,3000,80,37,0,235,34,724.0,0.0
9,35,3000,90,43,1,167,26,648.0,572.7988394535452
9,35,3000,65,42,0,211,22,568.0,0.0
9,35,3000,85,41,1,125,31,564.0,710.466373013905
9,35,3000,90,41,0,105,26,504.0,0.0
9,35,3000,65,41,0,165,20,598.0,0.0
9,35,3000,90,43,1,103,31,556.0,684.1311543793187
9,35,3000,60,38,0,161,19,556.0,0.0
9,35,3000,75,39,1,251,29,706.0,512.6483952866008
9,35,3000,75,43,0,165,25,764.0,0.0
9,35,3000,65,49,1,115,22,516.0,357.84790212936707
9,35,3000,80,44,1,143,27,574.0,526.0820504562738
9,35,3000,75,42,0,107,17,426.0,0.0
9,35,3000,60,44,1,115,22,560.0,530.2641616353274
9,35,3000,80,41,1,105,29,530.0,424.7908852074584
9,35,3000,80,46,0,159,25,666.0,0.0
9,35,3000,60,44,1,113,24,650.0,615.1842099312187
9,35,3000,65,46,0,159,22,668.0,0.0
9,35,3000,80,44,0,115,27,668.0,0.0
9,35,3000,85,43,0,117,27,630.0,0.0
9,35,3000,90,46,1,101,25,462.0,370.1555595893879
9,35,3000,70,35,1,171,34,604.0,511.6123752973811
9,35,3000,60,41,1,75,23,470.0,474.5598712631085
9,35,3000,80,42,0,115,30,600.0,0.0
9,35,3000,70,35,1,107,35,592.0,574.2456173039067
9,35,3000,85,37,0,109,29,590.0,0.0
9,35,3000,90,45,0,109,24,688.0,0.0
9,35,3000,70,45,1,125,31,630.0,596.0647774389031
9,35,3000,70,36,1,73,31,456.0,349.43240807678495
9,35,3000,75,42,0,107,26,580.0,0.0
9,35,3000,60,36,1,119,27,642.0,372.73977052477045
9,35,3000,85,35,1,131,35,524.0,493.24140043218625
9,35,3000,65,36,0,203,33,710.0,0.0
9,35,3000,80,48,0,159,22,556.0,0.0
9,35,3000,75,50,0,111,17,456.0,0.0
9,35,3000,65,37,1,177,30,682.0,420.31341963151385
9,35,3000,90,39,1,139,31,604.0,494.5089951469801
9,35,3000,70,47,0,117,18,536.0,0.0
9,35,3000,85,46,1,123,31,680.0,452.6970138079592
9,35,3000,90,46,0,165,20,660.0,0.0
9,35,3000,60,39,1,167,29,764.0,576.3032108293244
9,35,3000,85,40,0,155,30,630.0,0.0
9,35,3000,60,39,0,229,28,834.0,0.0
9,35,3000,60,44,0,211,26,838.0,0.0
9,35,3000,85,45,1,109,29,610.0,624.9235067411814
9,35,3000,65,49,1,117,21,572.0,517.1088505187098
9,35,3000,65,42,1,87,25,530.0,573.5859279552276
9,35,3000,75,44,0,111,22,604.0,0.0
9,35,3000,70,37,1,115,33,620.0,578.563999541568
9,35,3000,85,50,0,173,21,542.0,0.0
9,35,3000,85,43,0,157,27,676.0,0.0
9,35,3000,75,42,0,105,23,562.0,0.0
9,35,500,80,38,1,0,0,0.0,0.0
9,35,500,65,39,1,0,0,0.0,0.0
9,35,500,75,41,0,5,1,6.0,0.0
9,35,3000,75,45,1,119,25,526.0,517.5820317806041
9,35,500,60,43,1,0,0,0.0,0.0
9,35,500,60,40,0,3,1,4.0,0.0
9,35,500,85,35,1,5,2,12.0,20.597836367802497
9,35,500,90,41,1,0,0,0.0,0.0
9,35,500,75,50,0,0,0,0.0,0.0
9,35,500,60,42,0,0,0,0.0,0.0
9,35,500,80,43,1,0,0,0.0,0.0
9,35,500,80,50,0,0,0,0.0,0.0
9,35,500,75,35,0,15,3,26.0,0.0
9,35,500,80,37,0,0,0,0.0,0.0
9,35,500,60,39,1,0,0,0.0,0.0
9,35,500,65,44,0,0,0,0.0,0.0
9,35,500,70,43,1,0,0,0.0,0.0
9,35,500,90,44,1,0,0,0.0,0.0
9,35,500,60,41,0,9,1,10.0,0.0
9,35,500,70,42,1,0,0,0.0,0.0
9,35,500,85,39,0,0,0,0.0,0.0
9,35,500,65,39,0,9,2,10.0,0.0
9,35,500,90,38,1,3,1,4.0,0.0
9,35,500,60,35,1,0,0,0.0,0.0
9,35,500,85,45,0,0,0,0.0,0.0
9,35,500,90,45,1,9,1,10.0,0.0
9,35,500,70,40,0,0,0,0.0,0.0
9,35,500,90,35,1,9,2,10.0,19.032597233754117
9,35,500,65,38,1,13,3,14.0,15.65685424949238
9,35,500,90,37,1,9,1,10.0,13.782914430548619
9,35,500,85,46,0,0,0,0.0,0.0
9,35,500,65,48,0,3,1,4.0,0.0
9,35,500,60,49,0,0,0,0.0,0.0
9,35,500,80,37,0,9,1,10.0,0.0
9,35,500,90,48,1,0,0,0.0,0.0
9,35,500,80,37,0,0,0,0.0,0.0
9,35,500,80,49,0,0,0,0.0,0.0
9,35,500,85,47,1,0,0,0.0,0.0
9,35,500,65,45,1,5,1,6.0,10.329452247959775
9,35,500,90,44,0,5,2,6.0,0.0
9,35,500,80,36,0,5,1,6.0,0.0
9,35,500,60,36,1,15,2,16.0,13.324934321219649
9,35,500,75,49,1,0,0,0.0,0.0
9,35,500,60,38,1,0,0,0.0,0.0
9,35,500,80,39,1,5,1,6.0,12.0
9,35,500,90,36,1,13,4,14.0,23.545849048701413
9,35,500,65,48,0,7,1,8.0,0.0
9,35,500,60,45,0,0,0,0.0,0.0
9,35,500,90,40,0,7,1,8.0,0.0
9,35,500,85,43,0,7,1,8.0,0.0
9,35,500,90,44,1,15,2,16.0,47.65008928701569
9,35,500,80,44,1,0,0,0.0,0.0
9,35,500,90,39,1,9,1,10.0,17.92678104634205
9,35,500,80,45,0,1,1,2.0,0.0
9,35,500,80,35,1,0,0,0.0,0.0
9,35,500,75,46,0,0,0,0.0,0.0
9,35,500,80,38,0,0,0,0.0,0.0
9,35,500,75,42,0,7,1,8.0,0.0
9,35,500,90,44,1,15,2,16.0,0.0
9,35,500,60,38,1,7,1,8.0,8.258608585802621
9,35,500,65,36,1,0,0,0.0,0.0
9,35,500,70,35,0,9,1,10.0,0.0
9,35,500,60,37,1,9,1,10.0,13.782914430548619
9,35,500,60,41,0,0,0,0.0,0.0
9,35,500,80,43,0,19,2,20.0,0.0
9,35,500,70,43,1,0,0,0.0,0.0
9,35,500,80,37,1,13,3,14.0,22.49661534758615
9,35,500,75,50,0,0,0,0.0,0.0
9,35,500,75,36,0,19,2,20.0,0.0
9,35,500,80,36,0,0,0,0.0,0.0
9,35,500,60,41,1,7,1,8.0,15.0
9,35,500,60,44,0,0,0,0.0,0.0
9,35,500,80,46,0,5,1,6.0,0.0
9,35,500,65,47,1,0,0,0.0,0.0
9,35,500,85,49,1,0,0,0.0,0.0
9,35,500,65,46,1,0,0,0.0,0.0
9,35,500,90,37,1,7,1,8.0,0.0
9,35,500,85,39,0,5,1,6.0,0.0
9,35,500,60,38,0,17,2,18.0,0.0
9,35,500,80,40,1,0,0,0.0,0.0
9,35,500,60,47,0,0,0,0.0,0.0
9,35,500,60,43,1,0,0,0.0,0.0
9,35,500,80,50,0,0,0,0.0,0.0
9,35,500,60,35,0,0,0,0.0,0.0
9,35,500,70,37,1,0,0,0.0,0.0
9,35,500,90,38,0,0,0,0.0,0.0
9,35,500,75,42,1,0,0,0.0,0.0
9,35,500,70,39,1,0,0,0.0,0.0
9,35,500,90,42,0,5,1,6.0,0.0
9,35,500,75,46,1,0,0,0.0,0.0
9,35,500,85,37,1,1,1,2.0,6.0
9,35,500,85,38,0,0,0,0.0,0.0
9,35,500,70,35,0,7,2,8.0,0.0
9,35,500,85,40,0,9,1,10.0,0.0
9,35,500,85,48,1,9,1,10.0,18.0
9,35,500,90,47,0,0,0,0.0,0.0
9,35,500,85,39,1,0,0,0.0,0.0
9,35,500,90,50,1,0,0,0.0,0.0
8,40,3000,60,36,1,85,40,544.0,558.6162805821418
9,35,500,70,44,0,0,0,0.0,0.0
9,35,500,80,45,0,0,0,0.0,0.0
8,40,3000,70,35,0,117,32,590.0,0.0
9,35,500,75,46,1,0,0,0.0,0.0
8,40,3000,60,42,1,107,31,480.0,519.2985453828345
8,40,3000,80,35,1,111,38,628.0,653.5898436685627
8,40,3000,80,35,0,163,38,750.0,0.0
8,40,3000,85,40,0,113,30,694.0,0.0
8,40,3000,70,37,0,169,36,886.0,0.0
8,40,3000,80,41,1,105,38,568.0,636.5571203937486
8,40,3000,85,48,1,219,29,688.0,663.786348908389
8,40,3000,60,35,1,267,34,724.0,445.0520785456433
8,40,3000,80,39,0,177,33,694.0,0.0
8,40,3000,90,40,0,175,36,976.0,0.0
8,40,3000,70,48,1,109,25,586.0,650.26433925497
8,40,3000,65,47,1,111,28,590.0,507.52160386662655
8,40,3000,80,37,1,175,38,740.0,628.1948780693582
8,40,3000,75,44,0,177,25,598.0,0.0
8,40,3000,85,49,0,167,21,756.0,0.0
8,40,3000,80,42,1,95,39,568.0,489.9184513951897
8,40,3000,60,43,0,119,28,480.0,0.0
8,40,3000,60,38,1,115,39,628.0,835.7109560141541
8,40,3000,60,36,0,167,34,802.0,0.0
8,40,3000,60,48,1,161,21,558.0,529.1653456230825
8,40,3000,75,48,0,219,23,704.0,0.0
8,40,3000,90,44,0,161,30,672.0,0.0
8,40,3000,65,37,0,159,33,698.0,0.0
8,40,3000,70,37,1,215,38,726.0,504.7568248220921
8,40,3000,60,37,0,171,32,802.0,0.0
8,40,3000,80,37,1,83,39,540.0,570.7602384056144
8,40,3000,60,36,1,163,38,696.0,590.2980011603464
8,40,3000,70,41,0,215,28,858.0,0.0
8,40,3000,75,46,1,107,26,508.0,462.55574656422147
8,40,3000,75,42,0,171,32,858.0,0.0
8,40,3000,80,44,0,169,32,764.0,0.0
8,40,3000,90,44,1,163,33,634.0,660.8945932822139
8,40,3000,65,45,1,165,30,606.0,578.6124187609701
8,40,3000,60,44,0,165,26,620.0,0.0
8,40,3000,75,50,1,111,29,490.0,646.1687529547795
8,40,3000,90,48,0,117,31,654.0,0.0
8,40,3000,80,39,0,149,37,792.0,0.0
8,40,3000,70,46,1,163,26,640.0,490.2706417688067
8,40,3000,75,46,0,157,31,800.0,0.0
8,40,3000,85,47,1,161,27,664.0,391.50985467592085
8,40,3000,65,44,1,183,33,590.0,780.2356814394997
8,40,3000,70,48,0,227,27,906.0,0.0
8,40,3000,85,36,1,97,39,576.0,616.7739594358502
8,40,3000,70,35,0,171,39,824.0,0.0
8,40,3000,85,36,0,167,37,850.0,0.0
8,40,3000,60,40,0,111,24,534.0,0.0
8,40,3000,70,49,1,103,31,460.0,566.2924465460553
8,40,3000,75,43,1,103,31,522.0,650.9881691593775
8,40,3000,85,46,1,107,33,486.0,522.1351970466
8,40,3000,60,38,1,113,28,572.0,523.4505999932048
8,40,3000,80,42,0,229,31,844.0,0.0
8,40,3000,90,42,0,181,33,854.0,0.0
8,40,3000,75,47,0,113,22,510.0,0.0
8,40,3000,65,46,1,163,23,610.0,418.5104071954493
8,40,3000,75,43,1,117,32,648.0,654.3767635575143
8,40,3000,65,35,1,115,36,560.0,539.3074548105056
8,40,3000,75,48,0,225,22,658.0,0.0
8,40,3000,90,35,0,161,37,614.0,0.0
8,40,3000,75,42,0,115,30,586.0,0.0
8,40,3000,70,41,0,175,34,812.0,0.0
8,40,3000,90,43,1,287,37,894.0,666.901551187212
8,40,3000,90,48,1,129,34,630.0,881.1669191638666
8,40,3000,70,37,0,165,33,740.0,0.0
8,40,3000,60,48,1,159,29,516.0,649.4043932670775
8,40,3000,85,36,1,91,40,538.0,504.6893977741347
8,40,3000,75,40,1,119,31,610.0,576.2288618482191
8,40,3000,75,48,0,167,21,560.0,0.0
8,40,3000,65,46,0,279,22,846.0,0.0
8,40,3000,80,50,1,151,28,600.0,787.0733961556127
8,40,3000,90,37,0,111,32,526.0,0.0
8,40,3000,60,35,1,159,37,610.0,532.4721144704763
8,40,3000,65,36,1,115,33,518.0,427.37544222045705
8,40,3000,60,35,0,173,34,842.0,0.0
8,40,3000,70,39,0,165,34,726.0,0.0
8,40,3000,90,47,1,161,31,732.0,566.1985724277741
8,40,3000,75,48,0,177,24,758.0,0.0
8,40,3000,70,35,0,159,36,658.0,0.0
8,40,3000,75,49,1,79,19,382.0,300.58604502298573
8,40,3000,75,41,0,171,30,718.0,0.0
8,40,3000,85,36,1,113,38,544.0,581.5959261198042
8,40,3000,75,41,0,117,28,776.0,0.0
8,40,3000,85,39,1,131,38,580.0,755.1592944361153
8,40,3000,65,42,0,163,30,926.0,0.0
8,40,3000,60,49,1,131,27,438.0,358.504000082196
8,40,3000,75,50,1,173,28,640.0,624.1403870335814
8,40,3000,65,35,0,115,35,726.0,0.0
8,40,3000,85,37,0,169,36,762.0,0.0
8,40,3000,90,38,0,159,32,736.0,0.0
8,40,3000,80,41,1,167,34,648.0,763.7772811297791
8,40,3000,60,43,1,171,31,720.0,635.084937218157
8,40,3000,75,40,1,171,35,582.0,485.21558892289397
8,40,3000,75,42,0,119,29,786.0,0.0
8,40,3000,75,38,1,97,37,566.0,631.4848760055097
8,40,3000,60,41,0,163,17,536.0,0.0
8,40,3000,75,45,1,219,31,780.0,750.7936421472814
8,40,3000,90,43,0,109,31,624.0,0.0
8,40,3000,70,41,1,161,32,650.0,494.70452882829443
8,40,500,70,38,1,7,1,8.0,4.0
8,40,500,90,43,0,27,3,28.0,0.0
8,40,500,85,48,1,0,0,0.0,0.0
8,40,3000,60,48,0,113,16,426.0,0.0
8,40,500,85,40,0,7,2,8.0,0.0
8,40,500,85,49,0,7,1,8.0,0.0
8,40,500,85,35,0,9,2,10.0,0.0
8,40,500,80,47,1,9,1,10.0,13.958926163027355
8,40,500,90,40,0,9,2,10.0,0.0
8,40,500,60,42,1,7,1,8.0,14.610370231973963
8,40,500,75,44,1,9,2,16.0,37.25784504808148
8,40,500,65,37,0,15,2,16.0,0.0
8,40,500,60,38,1,3,1,4.0,2.8284271247461903
8,40,500,75,42,0,0,0,0.0,0.0
8,40,500,65,36,1,3,1,4.0,6.0
8,40,500,80,50,1,15,2,16.0,52.48483881252784
8,40,500,60,37,1,9,1,10.0,13.017074660256718
8,40,500,60,45,1,0,0,0.0,0.0
8,40,500,90,42,0,9,1,10.0,0.0
8,40,500,90,43,0,9,1,10.0,0.0
8,40,500,85,50,0,9,2,16.0,0.0
8,40,500,65,49,1,0,0,0.0,0.0
8,40,500,70,44,0,0,0,0.0,0.0
8,40,500,85,36,0,5,1,6.0,0.0
8,40,500,70,35,1,9,1,10.0,14.287756207621477
8,40,500,85,35,1,5,1,6.0,11.50563893886282
8,40,500,85,37,0,0,0,0.0,0.0
8,40,500,85,41,0,0,0,0.0,0.0
8,40,500,75,49,1,0,0,0.0,0.0
8,40,500,80,49,1,3,1,4.0,0.0
8,40,500,90,38,0,5,1,6.0,0.0
8,40,500,80,37,0,17,2,18.0,0.0
8,40,500,75,41,0,7,1,8.0,0.0
8,40,500,70,46,1,0,0,0.0,0.0
8,40,500,85,45,0,0,0,0.0,0.0
8,40,500,60,35,0,7,1,8.0,0.0
8,40,500,60,35,1,9,1,10.0,0.0
8,40,500,85,49,1,0,0,0.0,0.0
8,40,500,70,41,1,0,0,0.0,0.0
8,40,500,90,50,1,0,0,0.0,0.0
8,40,500,90,41,0,0,0,0.0,0.0
8,40,500,70,42,1,5,1,6.0,12.0
8,40,500,90,35,0,9,1,10.0,0.0
8,40,500,85,37,0,0,0,0.0,0.0
8,40,500,90,39,1,0,0,0.0,0.0
8,40,500,90,46,1,5,1,6.0,11.73763857019241
8,40,500,65,46,0,7,1,8.0,0.0
8,40,500,90,35,1,0,0,0.0,0.0
8,40,500,80,50,1,7,1,8.0,15.0
8,40,500,65,38,0,19,2,20.0,0.0
8,40,500,60,49,0,0,0,0.0,0.0
8,40,500,80,45,1,0,0,0.0,0.0
8,40,500,90,35,0,9,1,10.0,0.0
8,40,500,90,36,1,21,3,22.0,22.338478150655362
8,40,500,80,42,1,0,0,0.0,0.0
8,40,500,60,47,1,0,0,0.0,0.0
8,40,500,60,49,0,0,0,0.0,0.0
8,40,500,60,48,0,0,0,0.0,0.0
8,40,500,80,38,0,0,0,0.0,0.0
8,40,500,65,42,1,19,2,20.0,13.52875869755615
8,40,500,65,44,1,5,1,6.0,12.0
8,40,500,90,46,1,7,2,8.0,19.941269235406658
8,40,500,90,45,0,7,1,8.0,0.0
8,40,500,80,49,0,0,0,0.0,0.0
8,40,500,70,50,0,9,1,10.0,0.0
8,40,500,90,35,0,7,1,8.0,0.0
8,40,500,90,37,1,7,2,8.0,15.787369463213896
8,40,500,90,39,0,0,0,0.0,0.0
8,40,500,60,39,1,3,1,4.0,9.0
8,40,500,90,38,1,7,1,8.0,5.999999999999999
8,40,500,65,47,1,0,0,0.0,0.0
8,40,500,75,45,0,0,0,0.0,0.0
8,40,500,60,37,1,0,0,0.0,0.0
8,40,500,70,41,0,9,1,10.0,0.0
8,40,500,80,37,0,0,0,0.0,0.0
8,40,500,70,40,1,0,0,0.0,0.0
8,40,500,90,49,1,0,0,0.0,0.0
8,40,500,65,50,0,1,1,2.0,0.0
8,40,500,85,43,0,0,0,0.0,0.0
8,40,500,90,36,0,0,0,0.0,0.0
8,40,500,70,39,1,0,0,0.0,0.0
8,40,500,65,40,1,7,2,8.0,17.2155487846231
8,40,500,70,45,1,0,0,0.0,0.0
8,40,500,65,47,0,0,0,0.0,0.0
8,40,500,80,35,1,7,1,8.0,12.0
8,40,500,85,36,0,7,1,8.0,0.0
8,40,500,85,45,1,0,0,0.0,0.0
8,40,500,75,48,0,0,0,0.0,0.0
8,40,500,90,42,0,0,0,0.0,0.0
8,40,500,80,39,0,1,1,2.0,0.0
8,40,500,60,48,1,0,0,0.0,0.0
8,40,500,75,42,0,0,0,0.0,0.0
8,40,500,65,44,1,0,0,0.0,0.0
8,40,500,60,41,1,9,2,16.0,38.39503966423311
8,40,500,85,48,1,0,0,0.0,0.0
8,40,500,85,44,0,0,0,0.0,0.0
8,40,500,80,49,1,0,0,0.0,0.0
8,40,500,60,44,0,0,0,0.0,0.0
8,39,3000,75,36,1,105,36,588.0,476.77010746901516
8,40,500,90,38,0,9,1,10.0,0.0
8,39,3000,75,40,1,77,28,476.0,402.1034747069868
8,40,500,80,41,0,0,0,0.0,0.0
8,40,500,85,44,1,0,0,0.0,0.0
8,39,3000,70,43,0,205,25,812.0,0.0
8,39,3000,75,45,0,229,32,788.0,0.0
8,39,3000,70,35,1,99,38,572.0,736.3833274600713
8,39,3000,70,37,1,155,36,626.0,710.2096887188218
8,39,3000,65,44,0,175,24,646.0,0.0
8,39,3000,85,48,1,171,24,544.0,408.11154703616694
8,39,3000,90,45,0,161,24,574.0,0.0
8,39,3000,65,42,1,111,31,496.0,485.03373823961033
8,39,3000,80,43,0,113,29,730.0,0.0
8,39,3000,85,37,1,101,39,550.0,583.8913971096931
8,39,3000,90,38,0,173,39,780.0,0.0
8,39,3000,90,46,0,173,29,650.0,0.0
8,39,3000,90,45,0,121,26,526.0,0.0
8,39,3000,75,45,1,115,27,698.0,501.4900126047288
8,39,3000,90,47,1,219,28,662.0,552.683132780517
8,39,3000,75,49,0,91,17,408.0,0.0
8,39,3000,65,36,0,221,33,1072.0,0.0
8,39,3000,85,38,0,133,34,590.0,0.0
8,39,3000,65,44,1,129,22,456.0,681.9308866691521
8,39,3000,65,44,1,111,27,460.0,541.3545566334408
8,39,3000,90,45,1,161,24,534.0,681.5015129893071
8,39,3000,80,49,0,175,26,694.0,0.0
8,39,3000,85,50,1,167,26,496.0,743.3730729697968
8,39,3000,70,39,0,209,32,726.0,0.0
8,39,3000,60,41,1,93,28,384.0,526.5373941600665
8,39,3000,90,36,0,117,38,606.0,0.0
8,39,3000,80,42,1,167,34,604.0,519.3257522702021
8,39,3000,85,42,0,161,29,710.0,0.0
8,39,3000,85,48,0,281,34,1090.0,0.0
8,39,3000,75,50,1,165,26,586.0,845.9941614067296
8,39,3000,85,35,0,107,35,616.0,0.0
8,39,3000,65,43,1,219,29,664.0,440.9014550960682
8,39,3000,85,36,0,167,36,738.0,0.0
8,39,3000,65,40,1,115,30,618.0,563.7029812168179
8,39,3000,85,46,1,103,29,468.0,553.3328637113026
8,39,3000,75,46,1,113,28,534.0,480.08966387752383
8,39,3000,60,41,1,121,34,518.0,593.7151151018244
8,39,3000,70,50,0,157,21,576.0,0.0
8,39,3000,90,49,0,165,24,688.0,0.0
8,39,3000,75,35,0,107,35,620.0,0.0
8,39,3000,70,41,1,151,34,550.0,620.4416735503396
8,39,3000,90,44,1,91,31,490.0,850.9403689651864
8,39,3000,85,35,1,115,36,552.0,591.3426881314933
8,39,3000,75,46,0,167,23,634.0,0.0
8,39,3000,85,46,0,253,23,692.0,0.0
8,39,3000,85,48,1,171,26,670.0,640.1096108612078
8,39,3000,80,37,0,173,34,574.0,0.0
8,39,3000,80,50,0,113,23,582.0,0.0
8,39,3000,90,43,0,171,31,808.0,0.0
8,39,3000,80,40,1,165,38,656.0,714.9378695309953
8,39,3000,75,48,1,149,28,538.0,671.566668393984
8,39,3000,90,49,1,105,31,508.0,422.56895625952455
8,39,3000,90,50,0,113,27,654.0,0.0
8,39,3000,70,37,0,165,33,750.0,0.0
8,39,3000,85,44,1,105,32,612.0,632.5641653916753
8,39,3000,90,36,0,159,38,670.0,0.0
8,39,3000,75,43,1,119,25,538.0,573.549551198282
8,39,3000,75,48,0,161,27,776.0,0.0
8,39,3000,60,43,1,113,27,540.0,471.56665423171546
8,39,3000,85,43,1,139,29,550.0,596.7491114890989
8,39,3000,90,48,0,159,24,606.0,0.0
8,39,3000,80,46,0,155,22,644.0,0.0
8,39,3000,90,35,0,113,37,580.0,0.0
8,39,3000,90,35,1,75,39,504.0,652.7626859871323
8,39,3000,75,49,1,171,29,674.0,611.6992877033551
8,39,3000,90,46,1,149,28,510.0,575.1055988152883
8,39,3000,85,49,0,165,26,638.0,0.0
8,39,3000,75,45,1,107,28,696.0,528.391090780328
8,39,3000,80,47,0,171,22,688.0,0.0
8,39,3000,60,41,0,113,24,546.0,0.0
8,39,3000,90,36,1,115,39,556.0,444.5921527140358
8,39,3000,85,38,1,147,33,612.0,634.616588889773
8,39,3000,80,38,0,175,36,794.0,0.0
8,39,3000,75,45,0,175,26,846.0,0.0
8,39,3000,65,49,0,149,20,426.0,0.0
8,39,3000,80,50,1,115,26,526.0,724.6508597763544
8,39,3000,65,43,1,115,29,536.0,703.854639665027
8,39,3000,60,38,1,97,33,568.0,552.7724034667448
8,39,3000,85,37,0,211,32,682.0,0.0
8,39,3000,85,39,0,117,33,702.0,0.0
8,39,3000,85,46,0,175,26,656.0,0.0
8,39,3000,70,50,1,113,22,480.0,649.3215726184685
8,39,3000,85,49,0,167,20,512.0,0.0
8,39,3000,85,38,1,101,39,564.0,623.2711348503628
8,39,3000,90,47,1,107,27,474.0,551.2143921796895
8,39,3000,65,41,0,169,30,586.0,0.0
8,39,3000,80,36,1,177,37,594.0,466.3365704801469
8,39,3000,90,41,0,161,32,662.0,0.0
8,39,3000,90,45,0,159,26,792.0,0.0
8,39,3000,90,47,1,225,31,742.0,573.2944332487341
8,39,3000,70,45,0,149,20,424.0,0.0
8,39,3000,75,36,0,163,37,738.0,0.0
8,39,3000,60,50,1,269,21,560.0,546.7760252644173
8,39,3000,80,46,1,111,29,512.0,550.200637113375
8,39,500,80,39,1,0,0,0.0,0.0
8,39,3000,85,45,1,161,27,650.0,683.5833943714865
8,39,3000,70,48,1,119,25,634.0,657.1216825671937
8,39,3000,65,50,0,161,23,696.0,0.0
8,39,500,85,47,0,0,0,0.0,0.0
8,39,3000,70,48,0,201,25,684.0,0.0
8,39,500,85,35,0,0,0,0.0,0.0
8,39,500,90,48,1,0,0,0.0,0.0
8,39,500,80,37,1,9,2,10.0,27.965288195523033
8,39,500,60,42,1,17,3,18.0,42.96893346820259
8,39,500,90,44,0,9,1,10.0,0.0
8,39,500,85,44,0,17,2,18.0,0.0
8,39,500,65,47,1,5,1,6.0,10.243094635624692
8,39,500,85,37,1,7,1,8.0,11.267669441270126
8,39,500,85,39,0,0,0,0.0,0.0
8,39,500,75,49,0,0,0,0.0,0.0
8,39,500,65,42,1,0,0,0.0,0.0
8,39,500,90,45,1,13,2,14.0,35.41524854590324
8,39,500,90,41,0,5,1,6.0,0.0
8,39,500,80,39,0,0,0,0.0,0.0
8,39,500,90,39,1,0,0,0.0,0.0
8,39,500,80,49,1,0,0,0.0,0.0
8,39,500,90,49,0,0,0,0.0,0.0
8,39,500,90,40,1,0,0,0.0,0.0
8,39,500,75,46,0,9,1,10.0,0.0
8,39,500,90,47,0,9,2,10.0,0.0
8,39,500,80,41,0,0,0,0.0,0.0
8,39,500,85,44,1,0,0,0.0,0.0
8,39,500,75,48,1,7,1,8.0,15.0
8,39,500,60,49,0,0,0,0.0,0.0
8,39,500,65,45,0,9,1,10.0,0.0
8,39,500,60,39,1,9,1,10.0,17.864014325551953
8,39,500,60,36,0,3,1,4.0,0.0
8,39,500,90,50,1,0,0,0.0,0.0
8,39,500,85,36,1,0,0,0.0,0.0
8,39,500,70,37,1,9,1,10.0,14.450799115393874
8,39,500,75,45,0,13,2,14.0,0.0
8,39,500,70,38,1,0,0,0.0,0.0
8,39,500,70,40,0,0,0,0.0,0.0
8,39,500,80,38,1,13,2,14.0,12.0
8,39,500,90,38,0,0,0,0.0,0.0
8,39,500,85,44,1,5,1,6.0,12.0
8,39,500,90,41,0,1,1,2.0,0.0
8,39,500,65,40,1,15,2,16.0,34.932231971763905
8,39,500,85,43,0,3,1,4.0,0.0
8,39,500,90,38,0,17,5,34.0,0.0
8,39,500,70,36,0,0,0,0.0,0.0
8,39,500,80,37,1,5,1,6.0,10.22888948487787
8,39,500,60,48,0,3,1,4.0,0.0
8,39,500,75,48,1,0,0,0.0,0.0
8,39,500,65,35,0,7,1,8.0,0.0
8,39,500,75,41,0,0,0,0.0,0.0
8,39,500,90,42,1,9,1,10.0,14.038507878909785
8,39,500,80,45,1,0,0,0.0,0.0
8,39,500,75,47,0,7,1,8.0,0.0
8,39,500,90,46,1,0,0,0.0,0.0
8,39,500,85,36,0,7,1,8.0,0.0
8,39,500,80,38,0,0,0,0.0,0.0
8,39,500,85,39,1,15,2,16.0,53.55901853934985
8,39,500,65,46,1,0,0,0.0,0.0
8,39,500,85,35,1,11,3,12.0,33.582398697466544
8,39,500,60,46,0,15,2,16.0,0.0
8,39,500,75,43,1,13,2,14.0,25.932933182151487
8,39,500,75,36,1,17,3,18.0,11.934887874125424
8,39,500,75,37,0,5,1,6.0,0.0
8,39,500,65,42,0,7,2,10.0,0.0
8,39,500,60,40,1,0,0,0.0,0.0
8,39,500,80,48,0,3,1,4.0,0.0
8,39,500,90,50,1,0,0,0.0,0.0
8,39,500,65,40,0,3,1,4.0,0.0
8,39,500,70,45,1,0,0,0.0,0.0
8,39,500,70,42,0,7,1,8.0,0.0
8,39,500,75,40,1,7,1,8.0,11.742370048021318
8,39,500,65,44,1,3,1,4.0,9.0
8,39,500,65,35,0,0,0,0.0,0.0
8,39,500,60,44,0,0,0,0.0,0.0
8,39,500,75,45,1,5,1,6.0,10.363988906116415
8,39,500,60,49,0,0,0,0.0,0.0
8,39,500,70,36,0,13,2,14.0,0.0
8,39,500,75,40,1,7,1,8.0,11.81098902274006
8,39,500,70,44,1,0,0,0.0,0.0
8,39,500,70,36,1,7,2,8.0,9.147293409114278
8,39,500,90,44,1,0,0,0.0,0.0
8,39,500,90,40,0,0,0,0.0,0.0
8,39,500,75,46,0,0,0,0.0,0.0
8,39,500,70,46,1,0,0,0.0,0.0
8,39,500,90,49,0,0,0,0.0,0.0
8,39,500,80,43,0,17,2,18.0,0.0
8,39,500,70,36,0,7,1,8.0,0.0
8,39,500,60,39,0,9,1,10.0,0.0
8,39,500,90,41,0,0,0,0.0,0.0
8,39,500,75,45,1,0,0,0.0,0.0
8,39,500,85,40,1,15,3,16.0,33.919706814420294
8,39,500,70,43,1,0,0,0.0,0.0
8,39,500,90,48,1,5,2,6.0,18.0
8,39,500,85,35,1,27,3,28.0,44.06517674683084
8,39,500,80,42,1,7,1,8.0,14.523866711547544
8,39,500,75,40,0,0,0,0.0,0.0
8,39,500,90,42,1,0,0,0.0,0.0
8,39,500,90,46,0,0,0,0.0,0.0
8,39,500,60,50,0,0,0,0.0,0.0
8,39,500,90,47,0,0,0,0.0,0.0
8,38,3000,90,41,0,215,32,686.0,0.0
8,38,3000,60,38,1,231,32,728.0,431.08748909817155
8,38,3000,80,39,0,171,35,714.0,0.0
8,39,500,75,43,0,3,1,4.0,0.0
8,39,500,80,44,1,3,1,4.0,9.0
8,38,3000,65,40,1,111,35,644.0,671.3065536163564
8,38,3000,75,50,1,101,18,322.0,469.9389575240803
8,38,3000,65,36,1,97,36,496.0,461.0689720353768
8,38,3000,80,36,0,149,30,712.0,0.0
8,38,3000,80,47,1,171,26,660.0,388.1725686456095
8,38,3000,65,49,0,153,19,582.0,0.0
8,38,3000,85,41,1,171,33,652.0,849.0910004984157
8,38,3000,60,43,1,113,29,406.0,582.5986986356787
8,38,3000,70,48,0,149,19,480.0,0.0
8,38,3000,65,45,0,109,16,300.0,0.0
8,38,3000,75,50,0,155,16,490.0,0.0
8,38,3000,90,43,1,225,25,784.0,565.0333499233692
8,38,3000,80,49,0,169,20,596.0,0.0
8,38,3000,60,35,0,107,33,592.0,0.0
8,38,3000,85,41,1,113,33,576.0,509.8891658944288
8,38,3000,60,41,1,125,28,678.0,578.6681397493787
8,38,3000,85,42,0,175,28,824.0,0.0
8,38,3000,80,48,0,153,27,664.0,0.0
8,38,3000,90,47,1,145,26,520.0,442.4759613962743
8,38,3000,75,47,1,161,31,502.0,681.6013984659854
8,38,3000,60,36,0,177,33,784.0,0.0
8,38,3000,60,38,0,169,34,836.0,0.0
8,38,3000,70,39,0,209,30,774.0,0.0
8,38,3000,70,43,1,167,28,662.0,629.208180163743
8,38,3000,70,46,1,109,26,392.0,406.60477380866007
8,38,3000,90,42,0,149,32,776.0,0.0
8,38,3000,65,48,1,165,23,542.0,460.9644518194809
8,38,3000,60,39,0,131,26,638.0,0.0
8,38,3000,65,36,0,155,33,612.0,0.0
8,38,3000,80,46,1,111,24,526.0,427.8664319137238
8,38,3000,75,44,1,161,28,604.0,662.7399798772134
8,38,3000,70,44,1,167,26,746.0,409.98901261340785
8,38,3000,85,45,0,233,31,844.0,0.0
8,38,3000,60,49,1,107,23,462.0,389.73376682638076
8,38,3000,90,38,0,107,35,578.0,0.0
8,38,3000,75,36,0,153,34,660.0,0.0
8,38,3000,65,44,0,173,24,634.0,0.0
8,38,3000,80,41,1,111,35,540.0,792.3487768660203
8,38,3000,90,45,1,163,31,578.0,509.6458955548081
8,38,3000,85,47,0,171,24,668.0,0.0
8,38,3000,80,46,1,119,29,692.0,588.0034229959083
8,38,3000,75,37,1,231,34,700.0,387.05094060618364
8,38,3000,80,41,1,113,29,554.0,590.3965385310703
8,38,3000,75,44,0,343,28,712.0,0.0
8,38,3000,60,47,0,165,19,606.0,0.0
8,38,3000,90,48,0,167,25,744.0,0.0
8,38,3000,85,46,1,109,30,570.0,605.5586182842233
8,38,3000,85,49,1,225,29,582.0,408.24414427418037
8,38,3000,80,46,0,155,27,634.0,0.0
8,38,3000,75,39,1,165,31,684.0,679.657292390935
8,38,3000,90,35,0,119,35,714.0,0.0
8,38,3000,70,40,1,117,32,500.0,510.96521003294276
8,38,3000,85,35,1,87,36,488.0,529.9468632597678
8,38,3000,75,41,1,161,35,628.0,695.1191349943699
8,38,3000,65,47,0,225,22,786.0,0.0
8,38,3000,65,49,0,163,27,634.0,0.0
8,38,3000,70,35,1,65,36,440.0,530.5668027070925
8,38,3000,80,36,0,159,38,686.0,0.0
8,38,3000,60,41,0,175,24,710.0,0.0
8,38,3000,75,45,0,155,32,804.0,0.0
8,38,3000,60,43,1,101,27,522.0,529.2415251420094
8,38,3000,85,35,1,71,34,476.0,639.8060460241819
8,38,3000,90,43,0,117,27,680.0,0.0
8,38,3000,90,44,1,119,26,586.0,647.1750137391787
8,38,3000,90,39,0,169,35,764.0,0.0
8,38,3000,85,48,1,159,32,670.0,777.8790023427949
8,38,3000,80,35,0,163,37,752.0,0.0
8,38,3000,65,38,0,175,31,710.0,0.0
8,38,3000,85,39,1,85,38,524.0,664.9133697680355
8,38,3000,80,43,0,167,30,774.0,0.0
8,38,3000,60,41,1,109,36,570.0,794.6729497898615
8,38,3000,85,46,1,107,32,596.0,574.9820417041469
8,38,3000,90,39,1,127,33,490.0,563.2059467411447
8,38,3000,65,36,1,87,36,508.0,601.4739709946689
8,38,3000,80,41,0,173,26,654.0,0.0
8,38,3000,80,36,0,109,37,646.0,0.0
8,38,3000,60,36,0,165,32,838.0,0.0
8,38,3000,90,49,1,99,25,476.0,443.91867136449895
8,38,3000,75,50,0,127,22,606.0,0.0
8,38,3000,80,42,1,87,32,508.0,496.7029844476136
8,38,3000,80,37,0,115,36,638.0,0.0
8,38,3000,85,37,1,223,37,638.0,570.0252907677692
8,38,3000,80,39,1,115,35,530.0,622.253934480756
8,38,3000,85,41,0,225,33,720.0,0.0
8,38,3000,90,41,0,171,35,810.0,0.0
8,38,3000,60,48,1,141,19,464.0,490.74152844891086
8,38,3000,70,41,0,167,27,738.0,0.0
8,38,3000,65,42,1,111,28,542.0,414.1745120080587
8,38,3000,75,37,1,107,33,582.0,596.6711518114379
8,38,3000,90,40,0,227,33,902.0,0.0
8,38,3000,85,45,0,209,27,662.0,0.0
8,38,3000,70,46,0,115,22,480.0,0.0
8,38,3000,85,47,1,161,32,684.0,582.6791627669494
8,38,3000,90,41,1,117,35,650.0,625.1297444361534
8,38,3000,70,48,0,111,22,508.0,0.0
8,38,500,85,42,0,17,2,18.0,0.0
8,38,500,60,40,1,0,0,0.0,0.0
8,38,3000,80,43,1,105,32,590.0,591.6000459419876
8,38,500,75,49,0,9,1,10.0,0.0
8,38,500,60,49,1,0,0,0.0,0.0
8,38,3000,90,47,0,155,29,720.0,0.0
8,38,500,70,38,1,13,2,14.0,2.8284271247461903
8,38,500,75,38,0,25,3,26.0,0.0
8,38,500,85,42,1,0,0,0.0,0.0
8,38,500,70,41,0,0,0,0.0,0.0
8,38,500,60,42,0,0,0,0.0,0.0
8,38,500,75,44,1,3,1,4.0,9.0
8,38,500,65,38,0,7,2,14.0,0.0
8,38,500,80,41,1,0,0,0.0,0.0
8,38,500,75,50,1,0,0,0.0,0.0
8,38,500,75,46,0,9,1,10.0,0.0
8,38,500,85,37,1,9,1,10.0,14.605429972427734
8,38,500,60,44,0,1,1,2.0,0.0
8,38,500,60,35,1,3,1,4.0,0.0
8,38,500,75,41,1,0,0,0.0,0.0
8,38,500,60,44,1,0,0,0.0,0.0
8,38,500,65,45,0,9,1,10.0,0.0
8,38,500,90,50,1,0,0,0.0,0.0
8,38,500,65,49,0,9,1,10.0,0.0
8,38,500,85,48,0,0,0,0.0,0.0
8,38,500,60,40,0,0,0,0.0,0.0
8,38,500,70,42,0,9,2,10.0,0.0
8,38,500,65,45,1,0,0,0.0,0.0
8,38,500,75,39,0,0,0,0.0,0.0
8,38,500,80,44,0,0,0,0.0,0.0
8,38,500,80,47,1,9,1,10.0,13.27764738547698
8,38,500,65,46,1,0,0,0.0,0.0
8,38,500,75,36,0,0,0,0.0,0.0
8,38,500,85,39,0,17,3,18.0,0.0
8,38,500,85,41,0,0,0,0.0,0.0
8,38,500,85,49,1,0,0,0.0,0.0
8,38,500,80,47,1,0,0,0.0,0.0
8,38,500,70,36,0,5,1,6.0,0.0
8,38,500,80,37,1,7,1,8.0,10.327144617253062
8,38,500,80,45,1,0,0,0.0,0.0
8,38,500,90,44,0,5,1,6.0,0.0
8,38,500,80,50,1,0,0,0.0,0.0
8,38,500,65,37,1,7,1,8.0,10.008365230258583
8,38,500,80,39,0,0,0,0.0,0.0
8,38,500,65,37,0,0,0,0.0,0.0
8,38,500,85,45,1,0,0,0.0,0.0
8,38,500,75,47,0,0,0,0.0,0.0
8,38,500,90,45,1,0,0,0.0,0.0
8,38,500,85,49,1,5,1,6.0,0.0
8,38,500,60,43,1,0,0,0.0,0.0
8,38,500,75,36,1,0,0,0.0,0.0
8,38,500,85,47,0,17,2,18.0,0.0
8,38,500,85,37,1,9,1,10.0,13.292118317062815
8,38,500,75,43,1,7,1,8.0,10.764310507165712
8,38,500,65,46,0,0,0,0.0,0.0
8,38,500,65,45,0,0,0,0.0,0.0
8,38,500,70,45,0,15,2,16.0,0.0
8,38,500,80,45,0,0,0,0.0,0.0
8,38,500,65,37,1,9,2,16.0,30.791033723518463
8,38,500,80,37,0,9,1,10.0,0.0
8,38,500,65,41,0,1,1,2.0,0.0
8,38,500,70,37,0,13,2,14.0,0.0
8,38,500,75,42,1,0,0,0.0,0.0
8,38,500,70,41,1,0,0,0.0,0.0
8,38,500,90,50,1,5,1,6.0,12.0
8,38,500,85,40,0,0,0,0.0,0.0
8,38,500,60,43,1,0,0,0.0,0.0
8,38,500,85,43,1,19,2,20.0,17.955045340097417
8,38,500,85,43,0,9,1,10.0,0.0
8,38,500,60,43,0,0,0,0.0,0.0
8,38,500,60,47,1,23,4,34.0,69.05015076405856
8,38,500,90,48,0,9,1,10.0,0.0
8,38,500,90,37,0,0,0,0.0,0.0
8,38,500,60,35,1,9,2,10.0,16.50226990646741
8,38,500,90,36,0,5,1,6.0,0.0
8,38,500,80,43,1,5,1,6.0,9.0
8,38,500,60,46,1,0,0,0.0,0.0
8,38,500,75,41,0,0,0,0.0,0.0
8,38,500,75,41,1,9,1,10.0,0.0
8,38,500,60,37,1,0,0,0.0,0.0
8,38,500,75,39,0,0,0,0.0,0.0
8,38,500,75,42,1,5,1,6.0,12.0
8,38,500,90,40,0,3,1,4.0,0.0
8,38,500,65,45,0,7,1,8.0,0.0
8,38,500,70,43,1,11,2,12.0,17.67672827759245
8,38,500,90,48,0,9,1,10.0,0.0
8,38,500,80,35,1,0,0,0.0,0.0
8,38,500,75,39,0,13,2,14.0,0.0
8,38,500,85,39,1,0,0,0.0,0.0
8,38,500,70,47,1,19,2,20.0,13.369962048985947
8,38,500,75,48,0,7,1,8.0,0.0
8,38,500,85,48,0,5,1,6.0,0.0
8,38,500,80,48,1,0,0,0.0,0.0
8,38,500,80,37,1,25,3,26.0,49.25017003457536
8,38,500,65,39,1,0,0,0.0,0.0
8,38,500,80,39,0,0,0,0.0,0.0
8,38,500,65,43,0,0,0,0.0,0.0
8,38,500,70,47,1,0,0,0.0,0.0
8,38,500,75,47,0,11,2,12.0,0.0
8,38,500,90,50,0,0,0,0.0,0.0
8,38,500,80,37,1,0,0,0.0,0.0
8,37,3000,80,41,1,213,30,652.0,664.5241496340143
8,37,3000,85,41,0,221,32,710.0,0.0
8,38,500,85,40,0,0,0,0.0,0.0
8,37,3000,60,47,1,119,25,586.0,402.8750032274449
8,37,3000,65,43,0,167,27,518.0,0.0
8,37,3000,80,36,0,115,35,518.0,0.0
8,37,3000,75,45,1,177,27,542.0,533.1619666004868
8,37,3000,70,35,1,115,32,536.0,618.7773178792683
8,37,3000,85,37,0,173,36,790.0,0.0
8,37,3000,65,42,1,163,27,686.0,309.2274803757447
8,37,3000,85,36,0,155,32,628.0,0.0
8,37,3000,75,38,1,103,31,590.0,511.2801130425879
8,37,3000,85,46,0,171,26,836.0,0.0
8,37,3000,85,37,0,195,31,694.0,0.0
8,37,3000,80,36,1,81,36,500.0,392.87848811495644
8,37,3000,65,48,1,101,24,466.0,647.9527722757227
8,37,3000,60,42,1,91,28,460.0,369.6467942756433
8,37,3000,80,40,0,219,34,664.0,0.0
8,37,3000,90,47,0,171,30,770.0,0.0
8,37,3000,60,42,1,169,30,770.0,516.7785796435874
8,37,3000,70,41,0,113,26,708.0,0.0
8,37,3000,80,47,0,171,24,538.0,0.0
8,37,3000,90,45,1,85,28,438.0,537.8881153459272
8,37,3000,80,42,0,225,28,868.0,0.0
8,37,3000,65,42,1,235,29,694.0,423.6432526810585
8,37,3000,65,43,0,117,26,640.0,0.0
8,37,3000,65,49,1,109,14,346.0,212.34890147596604
8,37,3000,70,36,1,89,35,522.0,504.5272599576258
8,37,3000,80,37,0,223,34,768.0,0.0
8,37,3000,70,45,1,97,31,532.0,540.489242977131
8,37,3000,80,48,1,107,25,516.0,563.3682574520159
8,37,3000,90,50,0,227,26,696.0,0.0
8,37,3000,60,49,0,179,20,562.0,0.0
8,37,3000,70,50,1,159,25,516.0,581.7159404515253
8,37,3000,75,35,0,165,34,686.0,0.0
8,37,3000,80,36,0,163,36,652.0,0.0
8,37,3000,70,41,0,211,28,760.0,0.0
8,37,3000,75,45,1,153,25,552.0,646.3993545592274
8,37,3000,70,38,1,109,35,576.0,539.7554978046728
8,37,3000,65,35,1,81,34,516.0,555.2081269511458
8,37,3000,90,49,0,171,25,572.0,0.0
8,37,3000,80,49,1,79,19,508.0,313.28537896440565
8,37,3000,75,36,1,229,36,716.0,562.8652764329958
8,37,3000,75,38,0,155,31,690.0,0.0
8,37,3000,60,42,1,117,30,532.0,515.425078499653
8,37,3000,80,49,0,165,22,656.0,0.0
8,37,3000,90,39,1,213,36,762.0,583.4319337716843
8,37,3000,85,37,1,133,35,544.0,508.2385634726789
8,37,3000,70,39,0,167,30,678.0,0.0
8,37,3000,90,43,0,163,30,702.0,0.0
8,37,3000,75,46,0,163,28,724.0,0.0
8,37,3000,60,40,1,103,21,420.0,265.68733598844136
8,37,3000,80,37,0,275,31,736.0,0.0
8,37,3000,90,38,1,167,32,700.0,549.6898981957105
8,37,3000,75,35,0,159,32,652.0,0.0
8,37,3000,70,39,0,221,29,818.0,0.0
8,37,3000,80,41,1,119,35,540.0,839.7022604214711
8,37,3000,60,41,1,127,27,582.0,491.7988755116424
8,37,3000,90,41,0,171,29,694.0,0.0
8,37,3000,80,49,0,111,22,470.0,0.0
8,37,3000,75,46,1,107,25,530.0,457.81829654021755
8,37,3000,75,38,1,119,33,508.0,635.371411429328
8,37,3000,60,40,0,273,28,650.0,0.0
8,37,3000,65,40,1,157,29,590.0,453.4105513834938
8,37,3000,85,38,1,163,32,648.0,419.17630456780535
8,37,3000,90,39,0,177,33,746.0,0.0
8,37,3000,60,47,0,117,24,694.0,0.0
8,37,3000,85,46,1,165,32,530.0,603.8746941203498
8,37,3000,85,50,0,151,22,514.0,0.0
8,37,3000,90,37,1,97,35,494.0,555.3076032731414
8,37,3000,90,38,1,115,35,504.0,499.3767458355429
8,37,3000,75,38,1,169,34,622.0,592.771180151619
8,37,3000,70,43,0,145,23,530.0,0.0
8,37,3000,75,45,1,213,24,708.0,542.2304477270404
8,37,3000,90,45,0,177,25,718.0,0.0
8,37,3000,60,50,0,149,16,458.0,0.0
8,37,3000,75,37,1,115,35,580.0,581.9099674165885
8,37,3000,80,39,0,117,29,646.0,0.0
8,37,3000,60,41,0,171,27,714.0,0.0
8,37,3000,85,41,1,161,31,518.0,568.112737838323
8,37,3000,75,40,1,147,28,672.0,587.8045931113625
8,37,3000,80,41,0,153,30,576.0,0.0
8,37,3000,70,37,0,217,32,820.0,0.0
8,37,3000,80,40,1,113,34,508.0,434.6054332178655
8,37,3000,85,48,0,111,23,486.0,0.0
8,37,3000,70,45,1,99,27,514.0,507.893879958353
8,37,3000,65,43,1,99,28,514.0,508.9902386511511
8,37,3000,70,45,0,227,29,824.0,0.0
8,37,3000,90,46,0,167,26,666.0,0.0
8,37,3000,70,36,1,87,29,478.0,476.1326852963008
8,37,3000,80,40,1,133,34,590.0,668.8949283355249
8,37,3000,85,40,0,111,31,672.0,0.0
8,37,3000,90,39,1,111,31,568.0,673.8203222009652
8,37,3000,85,42,1,153,30,596.0,639.5175533445142
8,37,3000,80,49,0,109,23,524.0,0.0
8,37,3000,65,48,0,157,20,542.0,0.0
8,37,3000,65,44,0,115,22,662.0,0.0
8,37,3000,65,48,0,215,24,582.0,0.0
8,37,3000,80,45,1,173,28,572.0,680.9276271097181
8,37,3000,75,40,0,109,29,716.0,0.0
8,37,500,80,43,1,15,3,16.0,34.46610971773496
8,37,3000,60,50,1,165,25,742.0,591.908162506209
8,37,500,65,39,1,7,1,8.0,15.0
8,37,500,60,37,1,0,0,0.0,0.0
8,37,500,65,46,0,0,0,0.0,0.0
8,37,500,75,42,1,9,1,10.0,14.156722164679081
8,37,500,90,48,0,0,0,0.0,0.0
8,37,500,80,47,0,9,1,10.0,0.0
8,37,500,65,43,0,0,0,0.0,0.0
8,37,500,85,35,1,0,0,0.0,0.0
8,37,500,75,38,1,9,1,10.0,6.0
8,37,500,80,40,1,0,0,0.0,0.0
8,37,500,90,40,0,0,0,0.0,0.0
8,37,500,70,40,1,3,1,4.0,9.0
8,37,500,90,49,0,0,0,0.0,0.0
8,37,500,70,50,0,0,0,0.0,0.0
8,37,500,75,41,1,0,0,0.0,0.0
8,37,500,65,49,0,7,2,8.0,0.0
8,37,500,85,36,0,3,1,4.0,0.0
8,37,500,70,37,1,0,0,0.0,0.0
8,37,500,70,40,1,7,1,8.0,11.686762255445437
8,37,500,65,37,0,0,0,0.0,0.0
8,37,500,65,45,0,7,1,8.0,0.0
8,37,500,60,49,0,0,0,0.0,0.0
8,37,500,80,48,1,0,0,0.0,0.0
8,37,500,85,36,1,17,2,18.0,20.988260919043416
8,37,500,85,37,0,9,1,10.0,0.0
8,37,500,80,41,1,9,3,16.0,36.56477771050519
8,37,500,65,41,0,0,0,0.0,0.0
8,37,500,85,46,0,0,0,0.0,0.0
8,37,500,60,49,1,0,0,0.0,0.0
8,37,500,80,47,1,11,2,12.0,31.170906504648013
8,37,500,75,41,0,9,2,10.0,0.0
8,37,500,90,45,1,15,2,16.0,35.79458143008203
8,37,500,60,42,1,15,2,16.0,14.510613685532904
8,37,500,80,45,0,0,0,0.0,0.0
8,37,500,75,38,1,5,1,6.0,0.0
8,37,500,90,42,0,17,2,18.0,0.0
8,37,500,90,39,0,9,2,20.0,0.0
8,37,500,90,45,1,0,0,0.0,0.0
8,37,500,75,35,0,5,2,6.0,0.0
8,37,500,60,41,0,0,0,0.0,0.0
8,37,500,90,41,1,9,2,20.0,31.93085446022368
8,37,500,80,35,1,9,1,10.0,10.117522773668039
8,37,500,80,44,0,7,1,8.0,0.0
8,37,500,60,41,1,0,0,0.0,0.0
8,37,500,90,40,0,0,0,0.0,0.0
8,37,500,75,48,1,0,0,0.0,0.0
8,37,500,80,39,1,0,0,0.0,0.0
8,37,500,60,45,1,9,1,10.0,0.0
8,37,500,60,46,0,0,0,0.0,0.0
8,37,500,80,39,0,7,1,8.0,0.0
8,37,500,80,45,1,0,0,0.0,0.0
8,37,500,75,47,0,0,0,0.0,0.0
8,37,500,70,47,0,7,1,8.0,0.0
8,37,500,60,38,1,9,2,10.0,6.0
8,37,500,70,36,0,0,0,0.0,0.0
8,37,500,65,36,0,1,1,2.0,0.0
8,37,500,80,42,0,13,2,14.0,0.0
8,37,500,85,40,1,3,1,4.0,9.0
8,37,500,60,49,1,0,0,0.0,0.0
8,37,500,65,50,1,7,1,8.0,15.0
8,37,500,60,39,1,7,1,8.0,0.0
8,37,500,60,49,0,3,1,4.0,0.0
8,37,500,75,37,1,7,1,8.0,12.0
8,37,500,80,38,0,7,1,8.0,0.0
8,37,500,75,49,0,0,0,0.0,0.0
8,37,500,70,49,1,0,0,0.0,0.0
8,37,500,75,49,0,7,1,8.0,0.0
8,37,500,75,50,1,0,0,0.0,0.0
8,37,500,90,44,0,0,0,0.0,0.0
8,37,500,60,43,1,0,0,0.0,0.0
8,37,500,60,46,0,0,0,0.0,0.0
8,37,500,90,44,1,9,1,10.0,17.07561590224822
8,37,500,75,43,1,0,0,0.0,0.0
8,37,500,85,47,0,9,1,10.0,0.0
8,37,500,65,47,1,0,0,0.0,0.0
8,37,500,80,45,0,0,0,0.0,0.0
8,37,500,80,46,0,9,1,10.0,0.0
8,37,500,85,41,0,7,1,8.0,0.0
8,37,500,70,42,0,0,0,0.0,0.0
8,37,500,90,41,1,0,0,0.0,0.0
8,37,500,70,48,1,0,0,0.0,0.0
8,37,500,80,50,1,0,0,0.0,0.0
8,37,500,70,46,1,0,0,0.0,0.0
8,37,500,90,48,0,0,0,0.0,0.0
8,37,500,70,35,0,0,0,0.0,0.0
8,37,500,65,46,0,0,0,0.0,0.0
8,37,500,60,36,1,0,0,0.0,0.0
8,37,500,75,39,1,0,0,0.0,0.0
8,37,500,90,40,0,0,0,0.0,0.0
8,37,500,75,46,0,0,0,0.0,0.0
8,37,500,80,49,1,0,0,0.0,0.0
8,37,500,90,42,1,5,1,6.0,12.0
8,37,500,60,47,1,0,0,0.0,0.0
8,37,500,90,45,0,3,1,4.0,0.0
8,37,500,75,46,0,7,1,8.0,0.0
8,37,500,65,38,1,9,1,10.0,4.47213595499958
8,37,500,60,45,1,0,0,0.0,0.0
8,37,500,60,48,0,0,0,0.0,0.0
8,37,500,70,45,0,0,0,0.0,0.0
8,36,3000,70,35,0,165,33,652.0,0.0
8,36,3000,70,38,0,233,32,908.0,0.0
8,36,3000,60,38,1,165,27,550.0,367.6702356148077
8,36,3000,65,47,1,133,24,520.0,275.23895399305405
8,36,3000,80,46,1,117,19,482.0,296.74662972427853
8,36,3000,90,45,1,113,26,514.0,583.8118573963204
8,36,3000,75,49,0,111,17,460.0,0.0
8,36,3000,70,36,1,155,34,600.0,540.8087686867484
8,36,3000,90,42,0,167,27,744.0,0.0
8,36,3000,75,48,0,217,18,578.0,0.0
8,36,3000,60,47,0,169,17,482.0,0.0
8,36,3000,80,43,0,297,29,900.0,0.0
8,36,3000,65,49,1,77,26,440.0,425.75212073046555
8,36,3000,75,48,1,111,21,394.0,528.9671651430773
8,36,3000,80,38,1,109,35,668.0,567.6157129401233
8,36,3000,65,42,1,143,26,542.0,565.0302996703555
8,36,3000,60,43,0,115,24,554.0,0.0
8,36,3000,60,48,1,109,24,556.0,549.971120091806
8,36,3000,80,42,0,179,26,710.0,0.0
8,36,3000,75,47,0,173,18,620.0,0.0
8,36,3000,65,47,1,123,26,472.0,347.62053775633996
8,36,3000,85,35,1,107,36,502.0,467.70921325080013
8,36,3000,80,38,1,131,35,532.0,526.956919756018
8,36,3000,75,39,0,175,34,810.0,0.0
8,36,3000,80,38,0,161,32,694.0,0.0
8,36,3000,65,44,1,127,28,492.0,629.1340215284213
8,36,3000,70,39,0,119,25,710.0,0.0
8,36,3000,85,38,0,117,28,706.0,0.0
8,36,3000,60,38,0,117,25,542.0,0.0
8,36,3000,85,40,1,123,36,626.0,477.1342085030616
8,36,3000,85,39,0,287,35,830.0,0.0
8,36,3000,65,43,1,153,26,598.0,499.3447898553687
8,36,3000,70,44,0,175,20,738.0,0.0
8,36,3000,80,48,1,109,23,398.0,399.6028312047022
8,36,3000,70,42,1,227,29,668.0,433.9226987674793
8,36,3000,70,35,0,167,29,556.0,0.0
8,36,3000,80,40,0,219,29,818.0,0.0
8,36,3000,85,35,0,119,34,544.0,0.0
8,36,3000,85,44,1,225,32,780.0,765.3631118819377
8,36,3000,85,48,0,165,27,690.0,0.0
8,36,3000,60,44,1,115,22,538.0,503.0142285963029
8,36,3000,60,48,1,101,25,438.0,560.8737898796643
8,36,3000,65,36,1,77,33,444.0,588.4049573789658
8,36,3000,80,36,1,107,36,524.0,452.1338463664477
8,36,3000,85,41,0,115,28,708.0,0.0
8,36,3000,70,42,1,117,30,504.0,702.9856492587792
8,36,3000,80,40,1,115,30,532.0,449.2301950160545
8,36,3000,80,41,0,173,32,820.0,0.0
8,36,3000,65,44,0,221,25,742.0,0.0
8,36,3000,60,38,0,115,25,622.0,0.0
8,36,3000,90,35,0,105,34,486.0,0.0
8,36,3000,80,35,0,111,35,498.0,0.0
8,36,3000,90,41,1,173,33,716.0,742.8327509253809
8,36,3000,80,44,1,109,28,476.0,667.7586929705334
8,36,3000,80,46,0,175,28,662.0,0.0
8,36,3000,90,46,1,113,29,608.0,535.1499678597243
8,36,3000,75,39,1,109,31,552.0,753.0445732969206
8,36,3000,80,39,1,113,32,720.0,842.3673028450926
8,36,3000,70,46,1,109,29,582.0,468.0101260803849
8,36,3000,80,40,1,113,33,676.0,645.4978226095942
8,36,3000,85,44,0,205,29,628.0,0.0
8,36,3000,70,42,0,165,26,698.0,0.0
8,36,3000,70,49,0,177,20,648.0,0.0
8,36,3000,75,37,0,171,33,802.0,0.0
8,36,3000,60,36,1,117,31,544.0,412.42659965176887
8,36,3000,80,38,0,113,26,638.0,0.0
8,36,3000,85,38,0,229,36,914.0,0.0
8,36,3000,90,44,1,147,30,716.0,610.4387264286004
8,36,3000,65,45,0,105,20,430.0,0.0
8,36,3000,70,40,1,89,30,468.0,574.5657306428382
8,36,3000,65,35,1,81,35,432.0,494.1646452232044
8,36,3000,75,36,1,79,36,472.0,509.7303289052107
8,36,3000,85,37,0,111,32,534.0,0.0
8,36,3000,70,43,0,177,27,778.0,0.0
8,36,3000,60,44,0,105,21,466.0,0.0
8,36,3000,80,45,1,171,28,638.0,494.7954478552027
8,36,3000,70,48,1,107,15,398.0,317.1842273790079
8,36,3000,65,47,0,109,18,368.0,0.0
8,36,3000,80,36,0,101,34,524.0,0.0
8,36,3000,65,37,0,171,25,648.0,0.0
8,36,3000,70,40,1,129,32,658.0,520.8273033511357
8,36,3000,80,49,1,157,27,620.0,499.01916243428735
8,36,3000,85,50,1,165,25,360.0,520.0693639229464
8,36,3000,85,50,1,103,26,522.0,810.3659344364137
8,36,3000,85,50,0,165,20,558.0,0.0
8,36,3000,70,37,1,107,30,534.0,521.0787437826257
8,36,3000,60,39,0,167,25,660.0,0.0
8,36,3000,60,36,1,81,35,478.0,517.9020613189587
8,36,3000,90,45,0,209,24,680.0,0.0
8,36,3000,90,42,0,291,25,880.0,0.0
8,36,3000,70,42,0,165,31,678.0,0.0
8,36,3000,80,50,1,167,27,560.0,850.8669054302062
8,36,3000,75,41,0,273,33,896.0,0.0
8,36,3000,85,44,1,159,22,550.0,457.9814688475495
8,36,3000,75,48,1,221,22,578.0,540.8247584298659
8,36,3000,90,42,0,229,30,762.0,0.0
8,36,3000,65,47,0,167,20,614.0,0.0
8,36,3000,65,50,1,109,22,556.0,586.2022155123774
8,36,3000,75,37,0,159,28,596.0,0.0
8,36,500,75,38,1,0,0,0.0,0.0
8,36,500,65,37,1,7,1,8.0,10.987790632239069
8,36,500,75,36,0,0,0,0.0,0.0
8,36,3000,90,48,1,95,20,350.0,427.0425801913253
8,36,500,90,40,1,0,0,0.0,0.0
8,36,500,90,48,0,0,0,0.0,0.0
8,36,500,60,44,0,0,0,0.0,0.0
8,36,500,60,36,0,9,2,10.0,0.0
8,36,500,65,37,1,17,3,26.0,34.83868419484922
8,36,500,85,42,0,5,1,6.0,0.0
8,36,500,90,46,1,9,1,10.0,14.082493653046846
8,36,500,75,48,0,0,0,0.0,0.0
8,36,500,60,50,1,0,0,0.0,0.0
8,36,500,80,39,1,0,0,0.0,0.0
8,36,500,70,37,1,23,4,24.0,57.76416963745358
8,36,500,70,36,1,0,0,0.0,0.0
8,36,500,65,37,1,7,1,8.0,10.915867175631508
8,36,500,65,39,0,0,0,0.0,0.0
8,36,500,75,43,0,7,1,8.0,0.0
8,36,500,65,48,0,3,1,4.0,0.0
8,36,500,60,49,0,9,1,10.0,0.0
8,36,500,75,35,1,0,0,0.0,0.0
8,36,500,80,36,1,0,0,0.0,0.0
8,36,500,60,37,1,7,2,8.0,17.867732588974423
8,36,500,70,38,1,0,0,0.0,0.0
8,36,500,75,46,0,0,0,0.0,0.0
8,36,500,70,48,0,0,0,0.0,0.0
8,36,500,75,50,0,0,0,0.0,0.0
8,36,500,75,36,1,3,1,4.0,6.0
8,36,500,65,36,1,9,1,10.0,6.0
8,36,500,60,37,0,19,2,20.0,0.0
8,36,500,75,44,0,0,0,0.0,0.0
8,36,500,60,39,1,5,1,6.0,12.0
8,36,500,85,46,0,0,0,0.0,0.0
8,36,500,85,37,0,7,1,8.0,0.0
8,36,500,85,38,1,5,1,6.0,6.0
8,36,500,75,39,1,7,1,8.0,15.0
8,36,500,70,50,0,0,0,0.0,0.0
8,36,500,80,44,0,0,0,0.0,0.0
8,36,500,70,48,1,0,0,0.0,0.0
8,36,500,60,44,0,0,0,0.0,0.0
8,36,500,65,38,1,0,0,0.0,0.0
8,36,500,80,37,0,3,1,4.0,0.0
8,36,500,80,41,1,9,1,10.0,17.34147803296475
8,36,500,70,40,1,0,0,0.0,0.0
8,36,500,75,41,1,5,1,6.0,12.0
8,36,500,65,46,0,0,0,0.0,0.0
8,36,500,65,39,0,0,0,0.0,0.0
8,36,500,60,50,0,0,0,0.0,0.0
8,36,500,70,42,1,15,2,16.0,39.55035521734242
8,36,500,80,37,1,7,1,8.0,10.414213562373096
8,36,500,80,37,0,0,0,0.0,0.0
8,36,500,80,42,1,0,0,0.0,0.0
8,36,500,60,45,1,0,0,0.0,0.0
8,36,500,85,46,0,0,0,0.0,0.0
8,36,500,80,48,0,0,0,0.0,0.0
8,36,500,90,38,0,0,0,0.0,0.0
8,36,500,70,42,1,5,1,6.0,12.0
8,36,500,85,44,0,0,0,0.0,0.0
8,36,500,75,44,1,9,2,18.0,34.31500489245953
8,36,500,65,47,0,15,2,16.0,0.0
8,36,500,60,50,0,3,1,4.0,0.0
8,36,500,85,50,1,7,1,8.0,15.0
8,36,500,65,35,0,7,1,8.0,0.0
8,36,500,85,40,0,15,3,24.0,0.0
8,36,500,75,44,1,7,1,8.0,15.0
8,36,500,60,41,1,1,1,2.0,6.0
8,36,500,75,42,1,7,1,8.0,14.050172747350103
8,36,500,65,41,1,0,0,0.0,0.0
8,36,500,65,48,0,0,0,0.0,0.0
8,36,500,80,35,0,21,3,22.0,0.0
8,36,500,80,43,0,0,0,0.0,0.0
8,36,500,60,44,1,0,0,0.0,0.0
8,36,500,60,45,1,0,0,0.0,0.0
8,36,500,65,46,0,5,1,6.0,0.0
8,36,500,80,48,1,0,0,0.0,0.0
8,36,500,75,48,0,0,0,0.0,0.0
8,36,500,75,36,1,0,0,0.0,0.0
8,36,500,65,40,0,9,1,10.0,0.0
8,36,500,80,45,1,0,0,0.0,0.0
8,36,500,75,44,1,0,0,0.0,0.0
8,36,500,65,46,0,0,0,0.0,0.0
8,36,500,85,40,1,9,1,10.0,14.536344822642777
8,36,500,65,43,1,0,0,0.0,0.0
8,36,500,85,42,0,0,0,0.0,0.0
8,36,500,70,47,0,0,0,0.0,0.0
8,36,500,70,38,0,7,1,8.0,0.0
8,36,500,85,35,0,0,0,0.0,0.0
8,36,500,80,38,0,0,0,0.0,0.0
8,36,500,60,42,1,0,0,0.0,0.0
8,36,500,70,43,0,17,2,18.0,0.0
8,36,500,60,43,1,9,1,10.0,8.670398078928095
8,36,500,85,40,0,9,1,10.0,0.0
8,36,500,65,41,1,15,2,16.0,43.086174167012615
8,36,500,75,50,1,0,0,0.0,0.0
8,36,500,80,37,0,0,0,0.0,0.0
8,36,500,90,36,1,9,1,10.0,0.0
8,36,500,90,45,1,0,0,0.0,0.0
8,36,500,80,38,1,19,2,20.0,6.0
8,36,500,80,43,0,5,2,6.0,0.0
8,36,500,70,45,0,9,1,10.0,0.0
8,35,3000,80,45,1,109,20,532.0,396.20508198861734
8,35,3000,70,38,1,85,33,482.0,605.8748451153214
8,35,3000,90,43,0,215,29,642.0,0.0
8,35,3000,85,35,0,109,32,528.0,0.0
8,35,3000,85,39,1,109,34,498.0,588.2668006393807
8,35,3000,75,47,0,171,20,632.0,0.0
8,35,3000,70,41,0,107,24,510.0,0.0
8,35,3000,70,42,0,159,22,502.0,0.0
8,35,3000,60,45,1,165,18,598.0,473.25321919589373
8,35,3000,80,36,1,111,33,574.0,569.5539377011921
8,35,3000,85,49,1,115,25,558.0,410.2155698649662
8,35,3000,65,38,0,107,27,420.0,0.0
8,35,3000,85,36,1,161,34,554.0,454.1452622468652
8,35,3000,80,38,1,167,34,646.0,531.5578998791088
8,35,3000,90,43,0,113,29,532.0,0.0
8,35,3000,75,41,0,173,29,698.0,0.0
8,35,3000,70,40,1,101,32,552.0,600.3984187264019
8,35,3000,60,50,0,169,14,478.0,0.0
8,35,3000,70,37,1,167,29,738.0,560.0166237667474
8,35,3000,90,42,0,161,30,702.0,0.0
8,35,3000,85,44,1,139,26,634.0,690.0878990859236
8,35,3000,75,46,1,131,29,654.0,497.47493640874217
8,35,3000,85,46,0,111,25,534.0,0.0
8,35,3000,85,47,1,101,23,452.0,418.57713892165924
8,35,3000,90,48,0,133,24,690.0,0.0
8,35,3000,75,36,0,113,31,574.0,0.0
8,35,3000,80,40,0,139,31,664.0,0.0
8,35,3000,70,47,1,119,20,526.0,373.829431684179
8,35,3000,90,48,0,167,26,570.0,0.0
8,35,3000,65,48,0,99,16,474.0,0.0
8,35,3000,80,49,1,105,19,496.0,257.97641691846525
8,35,3000,70,50,1,111,16,488.0,581.7694507628263
8,35,3000,90,38,0,225,30,682.0,0.0
8,35,3000,60,44,1,125,30,550.0,629.8307462498146
8,35,3000,60,45,1,101,22,448.0,618.3252216669462
8,35,3000,70,47,0,269,22,584.0,0.0
8,35,3000,70,50,0,223,22,556.0,0.0
8,35,3000,65,46,1,103,20,504.0,318.22121958364437
8,35,3000,75,45,1,109,21,420.0,474.9195742422183
8,35,3000,75,35,0,155,33,646.0,0.0
8,35,3000,65,36,0,163,32,702.0,0.0
8,35,3000,75,44,1,119,30,496.0,627.9939283670558
8,35,3000,65,47,1,223,27,580.0,571.5824722515273
8,35,3000,70,48,0,113,21,468.0,0.0
8,35,3000,85,50,0,115,24,594.0,0.0
8,35,3000,70,49,1,105,21,466.0,389.55493900643256
8,35,3000,75,36,0,159,31,690.0,0.0
8,35,3000,85,38,1,107,34,590.0,447.6873771322684
8,35,3000,85,39,0,145,24,648.0,0.0
8,35,3000,60,41,1,153,25,656.0,535.4156448700734
8,35,3000,90,42,1,161,28,592.0,465.11467517287014
8,35,3000,90,46,1,121,31,536.0,540.0670523171763
8,35,3000,70,47,0,233,19,720.0,0.0
8,35,3000,85,35,0,165,32,684.0,0.0
8,35,3000,65,40,0,171,25,722.0,0.0
8,35,3000,70,45,1,115,23,528.0,562.1692995506814
8,35,3000,75,43,1,73,23,436.0,433.15193317984824
8,35,3000,75,47,0,117,23,670.0,0.0
8,35,3000,75,39,0,107,27,564.0,0.0
8,35,3000,85,47,0,107,19,590.0,0.0
8,35,3000,75,50,1,111,20,362.0,675.846533553927
8,35,3000,80,46,1,101,23,494.0,413.4026028481072
8,35,3000,65,45,1,169,25,612.0,633.9347842390001
8,35,3000,70,35,1,165,32,710.0,557.6121961840869
8,35,3000,80,38,1,109,32,592.0,488.91563535412047
8,35,3000,70,43,1,161,26,590.0,564.6581347768107
8,35,3000,85,38,0,111,31,694.0,0.0
8,35,3000,75,46,0,173,28,790.0,0.0
8,35,3000,65,41,0,155,29,740.0,0.0
8,35,3000,65,50,0,109,13,360.0,0.0
8,35,3000,80,43,1,99,24,500.0,364.28459326888117
8,35,3000,90,40,1,179,30,784.0,600.1864583602805
8,35,3000,70,46,1,113,26,582.0,381.944613437178
8,35,3000,75,44,1,117,29,512.0,598.9961170050003
8,35,3000,90,48,0,119,24,590.0,0.0
8,35,3000,80,47,0,163,24,808.0,0.0
8,35,3000,70,50,0,155,11,356.0,0.0
8,35,3000,90,35,1,111,35,516.0,549.1235986826915
8,35,3000,80,36,0,293,31,772.0,0.0
8,35,3000,75,38,1,167,35,626.0,598.1056451933842
8,35,3000,80,40,1,113,32,588.0,637.8518527690547
8,35,3000,85,43,1,141,31,644.0,624.3100776139125
8,35,3000,70,42,0,285,28,666.0,0.0
8,35,3000,60,46,0,165,23,718.0,0.0
8,35,3000,80,50,0,113,24,470.0,0.0
8,35,3000,70,41,1,109,25,516.0,548.198037018083
8,35,3000,80,43,0,215,27,682.0,0.0
8,35,3000,85,45,1,119,24,448.0,706.0766830240996
8,35,3000,90,43,0,215,29,678.0,0.0
8,35,3000,75,49,1,171,28,630.0,488.1271108899901
8,35,3000,60,45,0,263,22,666.0,0.0
8,35,3000,90,46,0,215,23,696.0,0.0
8,35,3000,90,38,1,111,30,498.0,500.96133364739524
8,35,3000,70,39,0,159,32,830.0,0.0
8,35,3000,80,39,0,143,30,582.0,0.0
8,35,3000,75,46,0,157,21,734.0,0.0
8,35,3000,90,38,0,117,32,600.0,0.0
8,35,500,75,38,1,0,0,0.0,0.0
8,35,3000,65,49,1,101,28,520.0,507.77024690679326
8,35,3000,60,50,1,121,9,296.0,167.9062991641003
8,35,3000,75,49,1,155,23,662.0,388.36800535437493
8,35,500,70,43,0,0,0,0.0,0.0
8,35,500,80,38,1,17,2,18.0,12.0
8,35,500,70,39,0,9,1,10.0,0.0
8,35,500,75,40,1,15,2,16.0,41.76483720297634
8,35,500,70,35,1,25,4,26.0,30.327510137260177
8,35,500,65,47,0,0,0,0.0,0.0
8,35,500,75,47,0,0,0,0.0,0.0
8,35,500,75,46,1,3,1,4.0,9.0
8,35,500,65,35,1,7,1,8.0,0.0
8,35,500,65,37,0,0,0,0.0,0.0
8,35,500,60,40,0,9,1,10.0,0.0
8,35,500,85,47,0,0,0,0.0,0.0
8,35,500,80,47,1,0,0,0.0,0.0
8,35,500,60,47,0,9,1,10.0,0.0
8,35,500,80,48,1,0,0,0.0,0.0
8,35,500,75,40,1,5,1,6.0,10.930854460223681
8,35,500,70,41,0,0,0,0.0,0.0
8,35,500,65,37,0,0,0,0.0,0.0
8,35,500,65,41,1,0,0,0.0,0.0
8,35,500,70,46,1,9,1,10.0,14.629148944084388
8,35,500,65,49,0,0,0,0.0,0.0
8,35,500,60,45,1,0,0,0.0,0.0
8,35,500,80,37,1,0,0,0.0,0.0
8,35,500,80,38,1,13,2,14.0,14.584281473619159
8,35,500,70,37,1,9,1,10.0,13.885129401271989
8,35,500,70,38,0,9,1,10.0,0.0
8,35,500,90,37,0,3,1,4.0,0.0
8,35,500,75,45,0,0,0,0.0,0.0
8,35,500,65,50,0,0,0,0.0,0.0
8,35,500,85,35,1,9,2,10.0,28.726466673506774
8,35,500,90,38,0,0,0,0.0,0.0
8,35,500,65,40,0,5,1,6.0,0.0
8,35,500,65,40,1,9,1,10.0,14.50563893886282
8,35,500,90,47,0,0,0,0.0,0.0
8,35,500,70,44,1,9,2,10.0,19.118102949476967
8,35,500,75,46,1,0,0,0.0,0.0
8,35,500,70,35,1,3,1,4.0,8.58191901358583
8,35,500,75,43,1,0,0,0.0,0.0
8,35,500,85,46,0,0,0,0.0,0.0
8,35,500,60,47,1,3,1,4.0,0.0
8,35,500,65,49,0,7,1,8.0,0.0
8,35,500,80,50,0,9,2,10.0,0.0
8,35,500,85,45,0,5,1,6.0,0.0
8,35,500,70,35,1,9,1,10.0,14.758523897087894
8,35,500,85,37,1,9,1,10.0,13.952086393521716
8,35,500,70,38,1,0,0,0.0,0.0
8,35,500,65,37,0,5,1,6.0,0.0
8,35,500,80,45,0,0,0,0.0,0.0
8,35,500,85,42,0,0,0,0.0,0.0
8,35,500,85,43,1,7,1,8.0,10.187578212082695
8,35,500,90,36,1,9,2,20.0,13.66808007172727
8,35,500,65,40,0,27,3,28.0,0.0
8,35,500,65,40,0,9,1,10.0,0.0
8,35,500,70,41,1,0,0,0.0,0.0
8,35,500,65,42,0,13,2,14.0,0.0
8,35,500,65,43,0,9,2,10.0,0.0
8,35,500,85,49,1,0,0,0.0,0.0
8,35,500,70,36,1,0,0,0.0,0.0
8,35,500,85,36,0,9,2,14.0,0.0
8,35,500,65,39,1,0,0,0.0,0.0
8,35,500,85,41,0,0,0,0.0,0.0
8,35,500,80,46,0,7,1,8.0,0.0
8,35,500,75,47,1,0,0,0.0,0.0
8,35,500,85,46,1,0,0,0.0,0.0
8,35,500,65,35,1,0,0,0.0,0.0
8,35,500,85,36,0,7,1,8.0,0.0
8,35,500,90,44,1,0,0,0.0,0.0
8,35,500,80,36,0,0,0,0.0,0.0
8,35,500,70,42,0,0,0,0.0,0.0
8,35,500,85,45,1,0,0,0.0,0.0
8,35,500,80,36,0,5,1,6.0,0.0
8,35,500,60,50,0,0,0,0.0,0.0
8,35,500,70,41,1,9,2,10.0,25.028354638940666
8,35,500,60,36,1,9,1,10.0,8.483423913005678
8,35,500,85,35,0,0,0,0.0,0.0
8,35,500,75,42,1,0,0,0.0,0.0
8,35,500,85,39,0,0,0,0.0,0.0
8,35,500,80,37,1,0,0,0.0,0.0
8,35,500,65,39,0,9,1,10.0,0.0
8,35,500,85,42,1,9,1,10.0,15.0
8,35,500,90,47,0,0,0,0.0,0.0
8,35,500,70,47,1,0,0,0.0,0.0
8,35,500,60,36,0,0,0,0.0,0.0
8,35,500,65,46,0,15,2,16.0,0.0
8,35,500,80,45,0,0,0,0.0,0.0
8,35,500,65,46,1,7,1,8.0,10.936516905920897
8,35,500,70,45,1,0,0,0.0,0.0
8,35,500,60,45,0,0,0,0.0,0.0
8,35,500,60,41,1,0,0,0.0,0.0
8,35,500,70,36,1,7,2,8.0,8.670398078928095
8,35,500,70,37,0,9,1,10.0,0.0
8,35,500,60,38,0,0,0,0.0,0.0
8,35,500,90,42,1,9,2,10.0,23.06464140867058
8,35,500,90,40,1,0,0,0.0,0.0
8,35,500,70,39,0,3,1,4.0,0.0
8,35,500,70,49,1,0,0,0.0,0.0
8,35,500,80,38,0,0,0,0.0,0.0
7,40,3000,60,38,1,107,38,594.0,588.8865471202744
8,35,500,75,39,0,7,1,8.0,0.0
7,40,3000,85,45,0,169,27,824.0,0.0
7,40,3000,60,49,0,163,27,622.0,0.0
8,35,500,80,50,1,0,0,0.0,0.0
7,40,3000,65,40,1,109,31,550.0,455.6259775719785
7,40,3000,90,50,1,115,27,466.0,666.9184976312206
7,40,3000,90,44,1,163,37,790.0,759.5376814651372
7,40,3000,90,35,1,121,40,542.0,598.8141788072635
7,40,3000,65,38,0,169,32,802.0,0.0
7,40,3000,85,39,0,219,35,736.0,0.0
7,40,3000,70,47,1,113,17,442.0,323.6363997808864
7,40,3000,80,50,0,163,21,654.0,0.0
7,40,3000,90,44,0,197,29,782.0,0.0
7,40,3000,75,48,1,119,29,620.0,632.8889449904209
7,40,3000,85,36,1,149,40,560.0,714.4457864675052
7,40,3000,80,41,0,215,31,642.0,0.0
7,40,3000,70,38,0,173,35,798.0,0.0
7,40,3000,80,36,0,163,38,788.0,0.0
7,40,3000,85,46,1,159,27,574.0,477.91775046766395
7,40,3000,60,49,1,157,18,508.0,246.77223890408555
7,40,3000,70,50,0,111,22,464.0,0.0
7,40,3000,85,39,1,105,34,532.0,608.6788173958703
7,40,3000,90,35,0,113,39,622.0,0.0
7,40,3000,60,43,1,117,22,516.0,434.7599751092408
7,40,3000,70,39,0,227,35,832.0,0.0
7,40,3000,75,42,0,205,26,680.0,0.0
7,40,3000,70,39,1,123,38,530.0,599.2883001781238
7,40,3000,65,47,1,155,21,570.0,343.40313638884766
7,40,3000,85,36,1,103,40,512.0,689.4387910856278
7,40,3000,80,37,1,227,38,626.0,704.0915434548126
7,40,3000,90,36,0,239,37,740.0,0.0
7,40,3000,70,40,0,283,29,796.0,0.0
7,40,3000,85,41,0,215,32,878.0,0.0
7,40,3000,80,35,1,89,32,420.0,520.0434828076143
7,40,3000,65,45,0,175,24,596.0,0.0
7,40,3000,85,50,1,113,20,478.0,478.47043633432423
7,40,3000,75,40,0,169,36,846.0,0.0
7,40,3000,90,43,1,109,32,654.0,543.7785504788138
7,40,3000,60,46,1,105,26,528.0,398.5401168372413
7,40,3000,80,45,0,169,24,666.0,0.0
7,40,3000,65,47,0,215,20,616.0,0.0
7,40,3000,90,47,0,167,29,718.0,0.0
7,40,3000,90,50,1,143,31,722.0,745.5174611227515
7,40,3000,85,43,0,211,33,742.0,0.0
7,40,3000,70,43,1,165,34,544.0,539.1440808151419
7,40,3000,90,43,1,107,36,544.0,614.8760427992346
7,40,3000,70,37,0,177,32,686.0,0.0
7,40,3000,70,50,0,223,26,664.0,0.0
7,40,3000,90,45,1,153,38,642.0,807.8562141630534
7,40,3000,70,50,1,171,25,514.0,552.7633744283967
7,40,3000,90,41,0,219,34,758.0,0.0
7,40,3000,65,35,1,209,39,666.0,694.3131916625812
7,40,3000,70,37,0,177,34,776.0,0.0
7,40,3000,70,42,0,213,27,724.0,0.0
7,40,3000,60,42,0,175,24,756.0,0.0
7,40,3000,65,43,1,125,31,540.0,589.6564934249486
7,40,3000,75,48,1,129,31,554.0,804.3559313662288
7,40,3000,65,40,0,165,29,550.0,0.0
7,40,3000,65,35,1,155,38,530.0,621.8346919689121
7,40,3000,75,39,0,165,34,666.0,0.0
7,40,3000,85,44,1,97,32,498.0,758.2233504274269
7,40,3000,80,42,0,223,33,880.0,0.0
7,40,3000,70,49,1,113,27,540.0,336.80157914679205
7,40,3000,80,50,1,87,19,332.0,434.37073089680206
7,40,3000,65,39,0,277,31,822.0,0.0
7,40,3000,90,43,0,171,34,558.0,0.0
7,40,3000,60,44,1,139,36,682.0,805.7421844981168
7,40,3000,70,36,0,169,37,592.0,0.0
7,40,3000,85,44,1,107,36,566.0,660.3923471053428
7,40,3000,65,46,0,173,10,444.0,0.0
7,40,3000,80,47,1,115,28,388.0,435.4043482438743
7,40,3000,80,38,1,95,40,508.0,631.3348673604825
7,40,3000,85,36,0,159,37,554.0,0.0
7,40,3000,75,46,0,169,24,716.0,0.0
7,40,3000,90,38,1,113,39,522.0,708.8154368366851
7,40,3000,85,49,1,147,25,570.0,459.07720871250945
7,40,3000,60,49,1,117,24,604.0,356.10565707776675
7,40,3000,80,49,0,227,30,814.0,0.0
7,40,3000,70,40,1,217,36,744.0,804.3656121859292
7,40,3000,75,41,0,173,32,750.0,0.0
7,40,3000,85,42,1,95,34,452.0,743.4471303110599
7,40,3000,85,45,0,167,28,672.0,0.0
7,40,3000,90,47,0,227,26,738.0,0.0
7,40,3000,65,45,0,167,24,536.0,0.0
7,40,3000,65,43,1,161,33,570.0,679.8616605020545
7,40,3000,60,35,1,123,38,532.0,644.3559651297152
7,40,3000,70,44,1,109,27,428.0,698.9414408681785
7,40,3000,70,42,0,221,32,812.0,0.0
7,40,3000,60,43,1,211,12,582.0,222.94758860956466
7,40,3000,90,41,0,165,32,744.0,0.0
7,40,3000,90,50,1,113,24,426.0,643.1403954870467
7,40,3000,70,50,0,179,22,564.0,0.0
7,40,3000,90,35,0,173,35,638.0,0.0
7,40,3000,75,35,1,109,40,556.0,546.578698978981
7,40,3000,60,37,0,215,34,714.0,0.0
7,40,3000,80,40,1,225,37,684.0,610.0375007884847
7,40,3000,70,42,1,171,33,662.0,606.5178410841575
7,40,3000,60,45,0,143,17,472.0,0.0
7,40,3000,60,47,0,163,17,464.0,0.0
7,40,3000,60,35,0,231,38,804.0,0.0
7,40,500,60,40,1,0,0,0.0,0.0
7,40,500,85,41,1,0,0,0.0,0.0
7,40,500,60,44,1,0,0,0.0,0.0
7,40,500,90,38,0,17,3,18.0,0.0
7,40,3000,80,44,1,175,27,708.0,732.8269594254576
7,40,500,65,49,0,0,0,0.0,0.0
7,40,500,85,38,0,7,2,8.0,0.0
7,40,500,75,40,1,7,1,8.0,10.005715806572836
7,40,500,80,42,0,9,1,10.0,0.0
7,40,500,85,46,0,5,1,6.0,0.0
7,40,500,80,47,0,0,0,0.0,0.0
7,40,500,60,48,1,0,0,0.0,0.0
7,40,500,75,45,1,0,0,0.0,0.0
7,40,500,65,38,0,0,0,0.0,0.0
7,40,500,65,38,1,7,1,8.0,8.483423913005678
7,40,500,80,39,1,13,3,14.0,30.0
7,40,500,85,41,1,9,1,10.0,15.0
7,40,500,80,39,1,3,1,4.0,9.0
7,40,500,85,46,0,0,0,0.0,0.0
7,40,500,85,47,0,7,2,8.0,0.0
7,40,500,65,39,1,7,1,8.0,15.0
7,40,500,90,39,1,9,1,10.0,18.0
7,40,500,75,41,0,7,1,8.0,0.0
7,40,500,80,44,0,0,0,0.0,0.0
7,40,500,80,41,0,0,0,0.0,0.0
7,40,500,85,48,0,3,1,4.0,0.0
7,40,500,90,49,1,0,0,0.0,0.0
7,40,500,85,39,0,0,0,0.0,0.0
7,40,500,65,37,1,9,3,16.0,34.97014841272282
7,40,500,80,37,1,7,1,8.0,12.0
7,40,500,70,39,1,9,1,10.0,18.0
7,40,500,80,42,0,9,2,10.0,0.0
7,40,500,80,41,0,17,2,18.0,0.0
7,40,500,75,44,1,0,0,0.0,0.0
7,40,500,70,37,1,9,3,10.0,22.92006656494882
7,40,500,60,40,0,7,2,8.0,0.0
7,40,500,85,41,1,7,1,8.0,15.0
7,40,500,60,44,1,0,0,0.0,0.0
7,40,500,80,45,0,7,1,8.0,0.0
7,40,500,65,48,0,3,2,4.0,0.0
7,40,500,60,50,0,0,0,0.0,0.0
7,40,500,60,37,0,7,1,8.0,0.0
7,40,500,80,39,1,0,0,0.0,0.0
7,40,500,65,37,1,35,4,36.0,66.52013614469915
7,40,500,65,41,0,15,2,16.0,0.0
7,40,500,60,37,1,5,1,6.0,8.597195113463396
7,40,500,70,44,1,0,0,0.0,0.0
7,40,500,75,44,0,0,0,0.0,0.0
7,40,500,80,35,1,13,2,14.0,30.540136321276453
7,40,500,65,38,0,19,2,20.0,0.0
7,40,500,75,41,1,0,0,0.0,0.0
7,40,500,60,45,0,0,0,0.0,0.0
7,40,500,75,47,1,0,0,0.0,0.0
7,40,500,80,36,0,9,1,10.0,0.0
7,40,500,80,42,0,7,2,8.0,0.0
7,40,500,85,38,1,19,2,20.0,19.286411897741267
7,40,500,90,38,1,0,0,0.0,0.0
7,40,500,80,40,0,7,2,8.0,0.0
7,40,500,80,43,1,0,0,0.0,0.0
7,40,500,70,44,1,0,0,0.0,0.0
7,40,500,85,44,0,7,1,8.0,0.0
7,40,500,90,47,0,0,0,0.0,0.0
7,40,500,85,40,1,9,1,10.0,13.037215066725002
7,40,500,70,38,0,0,0,0.0,0.0
7,40,500,90,42,0,15,2,16.0,0.0
7,40,500,85,48,1,0,0,0.0,0.0
7,40,500,90,48,0,0,0,0.0,0.0
7,40,500,60,49,1,9,1,10.0,6.0
7,40,500,70,43,0,9,1,10.0,0.0
7,40,500,60,39,1,0,0,0.0,0.0
7,40,500,90,38,0,0,0,0.0,0.0
7,40,500,75,40,1,9,1,10.0,13.994379230739174
7,40,500,85,44,1,1,1,2.0,6.0
7,40,500,75,46,0,0,0,0.0,0.0
7,40,500,85,45,1,7,1,8.0,10.08513165438691
7,40,500,70,50,0,9,1,10.0,0.0
7,40,500,75,37,0,9,1,10.0,0.0
7,40,500,70,37,1,7,1,8.0,10.936601661697235
7,40,500,70,36,0,0,0,0.0,0.0
7,40,500,65,43,1,0,0,0.0,0.0
7,40,500,75,45,0,0,0,0.0,0.0
7,40,500,65,37,1,7,1,8.0,10.015022154523253
7,40,500,70,47,0,0,0,0.0,0.0
7,40,500,80,42,1,9,1,10.0,13.717693898467253
7,40,500,60,46,1,0,0,0.0,0.0
7,40,500,90,50,0,7,1,8.0,0.0
7,40,500,80,38,0,7,1,8.0,0.0
7,40,500,90,38,1,15,3,16.0,20.310183191966694
7,40,500,75,43,0,0,0,0.0,0.0
7,40,500,85,44,1,0,0,0.0,0.0
7,40,500,85,46,1,9,2,14.0,31.60081514825389
7,40,500,80,50,0,0,0,0.0,0.0
7,40,500,75,43,0,9,1,10.0,0.0
7,40,500,85,36,0,9,3,20.0,0.0
7,40,500,60,46,1,0,0,0.0,0.0
7,40,500,70,36,1,0,0,0.0,0.0
7,40,500,60,35,0,7,3,8.0,0.0
7,39,3000,60,35,1,141,38,610.0,609.188971381365
7,40,500,60,39,1,0,0,0.0,0.0
7,40,500,80,39,1,0,0,0.0,0.0
7,40,500,65,38,0,9,2,10.0,0.0
7,39,3000,90,45,1,229,32,508.0,506.92504605219636
7,40,500,80,41,0,9,1,10.0,0.0
7,39,3000,65,48,0,161,20,530.0,0.0
7,39,3000,75,38,0,175,37,756.0,0.0
7,39,3000,85,37,0,165,36,860.0,0.0
7,39,3000,90,44,0,167,32,716.0,0.0
7,39,3000,90,39,1,105,34,488.0,568.1723854151969
7,39,3000,80,46,0,113,27,746.0,0.0
7,39,3000,65,45,1,123,34,580.0,817.2737592171131
7,39,3000,80,48,1,107,35,518.0,620.8668407194499
7,39,3000,60,37,1,137,35,602.0,488.72081749367015
7,39,3000,75,37,0,109,30,636.0,0.0
7,39,3000,90,39,1,109,33,416.0,626.1875620080309
7,39,3000,80,42,0,177,28,722.0,0.0
7,39,3000,70,46,1,185,26,668.0,408.85373226577747
7,39,3000,70,41,1,111,34,500.0,596.8337158112722
7,39,3000,60,48,0,141,22,554.0,0.0
7,39,3000,80,36,0,189,36,808.0,0.0
7,39,3000,80,39,1,89,37,474.0,905.5788394788616
7,39,3000,65,44,0,163,23,696.0,0.0
7,39,3000,85,45,0,169,27,594.0,0.0
7,39,3000,90,40,1,169,38,632.0,699.407686546167
7,39,3000,70,49,1,143,32,588.0,561.9415463121035
7,39,3000,85,45,0,213,29,700.0,0.0
7,39,3000,65,37,1,161,37,616.0,629.8366617944773
7,39,3000,60,40,1,163,32,600.0,450.64137295774447
7,39,3000,60,42,0,117,22,368.0,0.0
7,39,3000,85,44,1,175,31,592.0,659.5711194382617
7,39,3000,75,50,0,163,20,420.0,0.0
7,39,3000,70,42,0,229,29,710.0,0.0
7,39,3000,65,47,1,157,30,536.0,735.1551147395659
7,39,3000,80,38,0,221,38,936.0,0.0
7,39,3000,90,50,0,155,19,440.0,0.0
7,39,3000,75,44,0,219,28,758.0,0.0
7,39,3000,70,49,1,117,25,396.0,487.7759032556908
7,39,3000,80,49,1,115,19,366.0,199.009268590048
7,39,3000,60,48,0,201,25,766.0,0.0
7,39,3000,65,48,1,113,25,552.0,611.7217890558313
7,39,3000,90,44,0,169,28,786.0,0.0
7,39,3000,70,48,1,99,22,456.0,456.32634901092246
7,39,3000,65,35,1,159,38,640.0,581.9477425646221
7,39,3000,65,36,1,227,39,650.0,572.570546800056
7,39,3000,85,41,0,155,32,714.0,0.0
7,39,3000,80,47,1,117,21,570.0,326.12680458508925
7,39,3000,65,47,0,163,22,566.0,0.0
7,39,3000,80,40,1,115,31,500.0,522.9330475871095
7,39,3000,70,41,0,163,26,748.0,0.0
7,39,3000,65,37,0,279,35,672.0,0.0
7,39,3000,65,40,1,115,36,524.0,435.63836816835914
7,39,3000,80,44,0,171,29,618.0,0.0
7,39,3000,80,37,0,173,35,686.0,0.0
7,39,3000,60,39,1,169,35,646.0,680.3683640621767
7,39,3000,85,42,1,113,28,342.0,456.5591865640797
7,39,3000,80,38,0,171,33,718.0,0.0
7,39,3000,90,43,1,285,38,796.0,910.017301762064
7,39,3000,65,36,1,119,39,564.0,556.2465258909599
7,39,3000,80,47,0,175,22,664.0,0.0
7,39,3000,90,49,1,133,29,418.0,453.34219211353275
7,39,3000,85,45,0,163,24,632.0,0.0
7,39,3000,85,48,0,281,28,910.0,0.0
7,39,3000,85,43,1,111,29,582.0,612.185988439166
7,39,3000,90,39,0,227,30,842.0,0.0
7,39,3000,90,50,1,161,25,558.0,566.9870743669202
7,39,3000,90,35,1,89,39,502.0,614.193265667153
7,39,3000,85,36,0,169,37,630.0,0.0
7,39,3000,60,45,0,169,27,550.0,0.0
7,39,3000,75,35,0,155,36,700.0,0.0
7,39,3000,70,41,1,119,34,554.0,686.0031397645002
7,39,3000,65,42,1,151,38,624.0,655.8525556055039
7,39,3000,90,48,1,177,31,734.0,622.8538257465963
7,39,3000,65,47,0,159,22,662.0,0.0
7,39,3000,65,49,0,221,20,622.0,0.0
7,39,3000,60,48,1,165,27,682.0,658.2261506045063
7,39,3000,75,36,0,221,33,658.0,0.0
7,39,3000,65,40,0,229,28,714.0,0.0
7,39,3000,90,42,0,277,31,754.0,0.0
7,39,3000,85,42,1,119,34,622.0,542.789009456955
7,39,3000,75,44,1,139,38,622.0,698.8812758293233
7,39,3000,70,48,0,149,22,434.0,0.0
7,39,3000,75,47,1,175,24,562.0,419.03818333272653
7,39,3000,75,36,1,113,38,548.0,631.452459213757
7,39,3000,60,44,0,237,20,532.0,0.0
7,39,3000,70,45,1,103,23,450.0,483.5579788001792
7,39,3000,65,47,1,125,30,498.0,608.1954388938208
7,39,3000,70,49,1,131,27,436.0,366.4806814115674
7,39,3000,75,50,0,159,17,526.0,0.0
7,39,3000,80,46,0,231,26,654.0,0.0
7,39,3000,90,35,1,133,39,528.0,595.849608078878
7,39,3000,65,37,1,93,33,480.0,569.9095840000411
7,39,3000,75,37,1,115,39,498.0,624.4889391680649
7,39,3000,60,37,0,167,32,830.0,0.0
7,39,3000,60,40,0,203,26,596.0,0.0
7,39,3000,85,44,0,165,27,644.0,0.0
7,39,3000,60,46,0,173,20,452.0,0.0
7,39,3000,90,38,1,91,37,428.0,625.6712384203839
7,39,500,80,41,1,0,0,0.0,0.0
7,39,3000,70,43,0,175,26,622.0,0.0
7,39,3000,70,41,1,103,33,426.0,612.9755039476992
7,39,3000,70,41,0,221,18,460.0,0.0
7,39,3000,85,50,0,221,22,572.0,0.0
7,39,3000,85,50,1,163,28,644.0,570.8819206006168
7,39,500,75,37,0,9,1,10.0,0.0
7,39,500,85,39,1,0,0,0.0,0.0
7,39,500,75,46,0,0,0,0.0,0.0
7,39,500,75,44,0,15,2,16.0,0.0
7,39,500,75,45,1,0,0,0.0,0.0
7,39,500,90,49,0,0,0,0.0,0.0
7,39,500,85,49,1,0,0,0.0,0.0
7,39,500,65,41,0,0,0,0.0,0.0
7,39,500,75,43,1,0,0,0.0,0.0
7,39,500,90,44,0,5,1,6.0,0.0
7,39,500,90,44,1,9,1,10.0,18.0
7,39,500,90,45,1,19,2,20.0,13.127535650729625
7,39,500,70,46,0,0,0,0.0,0.0
7,39,500,80,46,1,0,0,0.0,0.0
7,39,500,75,38,1,9,1,10.0,6.0
7,39,500,60,46,0,0,0,0.0,0.0
7,39,500,65,43,0,9,1,10.0,0.0
7,39,500,75,48,0,0,0,0.0,0.0
7,39,500,85,49,1,9,2,10.0,19.05246472449462
7,39,500,75,49,0,5,1,6.0,0.0
7,39,500,60,47,1,0,0,0.0,0.0
7,39,500,80,39,1,7,2,8.0,18.0
7,39,500,65,44,0,7,1,8.0,0.0
7,39,500,80,46,0,0,0,0.0,0.0
7,39,500,80,45,1,0,0,0.0,0.0
7,39,500,90,48,1,11,4,22.0,57.0
7,39,500,65,48,1,0,0,0.0,0.0
7,39,500,65,46,0,9,2,20.0,0.0
7,39,500,70,45,0,0,0,0.0,0.0
7,39,500,70,35,0,0,0,0.0,0.0
7,39,500,75,37,1,0,0,0.0,0.0
7,39,500,85,39,0,7,1,8.0,0.0
7,39,500,65,41,0,0,0,0.0,0.0
7,39,500,90,42,1,9,1,10.0,13.440719037454242
7,39,500,60,37,1,0,0,0.0,0.0
7,39,500,85,40,1,0,0,0.0,0.0
7,39,500,60,36,0,9,2,10.0,0.0
7,39,500,90,36,1,3,1,4.0,4.3101831919666935
7,39,500,60,44,1,0,0,0.0,0.0
7,39,500,85,35,1,11,3,12.0,27.143520751856713
7,39,500,70,44,0,9,2,10.0,0.0
7,39,500,90,45,0,9,2,20.0,0.0
7,39,500,60,45,0,0,0,0.0,0.0
7,39,500,70,48,1,0,0,0.0,0.0
7,39,500,80,43,0,0,0,0.0,0.0
7,39,500,85,39,0,5,1,6.0,0.0
7,39,500,60,39,0,0,0,0.0,0.0
7,39,500,75,44,1,9,1,10.0,17.276238742037727
7,39,500,70,39,0,5,1,6.0,0.0
7,39,500,60,41,1,0,0,0.0,0.0
7,39,500,65,49,1,0,0,0.0,0.0
7,39,500,80,45,1,9,1,10.0,15.0
7,39,500,75,38,0,7,2,8.0,0.0
7,39,500,70,40,1,0,0,0.0,0.0
7,39,500,60,42,1,0,0,0.0,0.0
7,39,500,80,45,0,0,0,0.0,0.0
7,39,500,65,47,1,0,0,0.0,0.0
7,39,500,85,50,0,9,1,10.0,0.0
7,39,500,85,39,1,9,1,10.0,18.0
7,39,500,70,50,0,7,1,8.0,0.0
7,39,500,75,36,0,9,2,10.0,0.0
7,39,500,80,42,0,0,0,0.0,0.0
7,39,500,75,35,0,7,1,8.0,0.0
7,39,500,60,38,0,1,1,2.0,0.0
7,39,500,85,42,1,13,2,14.0,47.69372452439509
7,39,500,90,46,1,5,1,6.0,9.0
7,39,500,60,44,1,15,2,16.0,55.80426122822146
7,39,500,90,49,1,0,0,0.0,0.0
7,39,500,85,49,0,0,0,0.0,0.0
7,39,500,65,35,1,0,0,0.0,0.0
7,39,500,60,36,0,7,2,8.0,0.0
7,39,500,70,36,0,9,1,10.0,0.0
7,39,500,75,40,1,9,1,10.0,14.455815887821336
7,39,500,65,38,1,0,0,0.0,0.0
7,39,500,65,46,1,9,1,10.0,13.384485683694066
7,39,500,65,37,0,0,0,0.0,0.0
7,39,500,85,36,1,0,0,0.0,0.0
7,39,500,60,35,1,0,0,0.0,0.0
7,39,500,65,39,1,13,2,14.0,35.63539449304177
7,39,500,90,37,0,15,2,16.0,0.0
7,39,500,90,48,0,5,1,6.0,0.0
7,39,500,90,42,0,5,1,6.0,0.0
7,39,500,80,44,0,9,1,10.0,0.0
7,39,500,80,35,1,19,3,24.0,22.8122806865907
7,39,500,90,35,1,3,1,4.0,8.686762255445437
7,39,500,90,36,1,7,1,8.0,0.0
7,39,500,90,37,0,0,0,0.0,0.0
7,39,500,70,45,0,5,1,6.0,0.0
7,39,500,85,50,1,9,1,10.0,14.509395727008833
7,39,500,60,44,0,0,0,0.0,0.0
7,39,500,90,38,0,5,2,10.0,0.0
7,39,500,85,40,1,0,0,0.0,0.0
7,39,500,60,45,1,0,0,0.0,0.0
7,39,500,65,48,0,0,0,0.0,0.0
7,39,500,85,41,1,0,0,0.0,0.0
7,39,500,75,49,1,0,0,0.0,0.0
7,39,500,65,44,0,0,0,0.0,0.0
7,39,500,75,46,0,0,0,0.0,0.0
7,39,500,65,40,0,9,1,10.0,0.0
7,38,3000,65,36,1,77,24,374.0,422.56015614914037
7,38,3000,85,37,1,117,37,552.0,666.7164983612957
7,38,3000,70,42,0,217,24,778.0,0.0
7,38,3000,80,42,1,161,33,656.0,528.3016185959702
7,38,3000,70,49,0,115,17,420.0,0.0
7,38,3000,75,43,0,223,25,674.0,0.0
7,38,3000,75,43,0,169,28,630.0,0.0
7,38,3000,75,43,1,87,28,404.0,478.43371869233533
7,38,3000,85,48,1,99,29,472.0,664.8158381163265
7,38,3000,60,38,1,117,29,380.0,473.8617563785747
7,38,3000,70,44,0,113,25,608.0,0.0
7,38,3000,80,40,0,171,30,798.0,0.0
7,38,3000,60,48,0,153,21,512.0,0.0
7,38,3000,60,43,0,213,28,768.0,0.0
7,38,3000,80,44,1,165,32,652.0,756.4186730632956
7,38,3000,85,49,1,117,29,618.0,540.4288233282165
7,38,3000,75,36,1,89,38,442.0,491.9392275565787
7,38,3000,90,39,0,225,28,658.0,0.0
7,38,3000,70,37,1,107,38,550.0,724.4999771805044
7,38,3000,60,47,0,163,20,460.0,0.0
7,38,3000,60,47,0,225,17,554.0,0.0
7,38,3000,70,49,1,99,16,298.0,284.76819623303226
7,38,3000,60,49,0,201,20,512.0,0.0
7,38,3000,85,49,1,99,28,440.0,481.01641742655374
7,38,3000,65,50,1,173,17,460.0,441.309403195192
7,38,3000,85,38,0,171,33,708.0,0.0
7,38,3000,70,40,0,277,29,756.0,0.0
7,38,3000,80,41,0,283,29,680.0,0.0
7,38,3000,65,45,1,119,20,508.0,344.4262724289717
7,38,3000,65,48,1,171,28,456.0,685.6211451222797
7,38,3000,60,50,1,119,22,486.0,565.6885739359501
7,38,3000,65,50,0,161,19,532.0,0.0
7,38,3000,75,38,1,97,34,486.0,559.63023178762
7,38,3000,85,37,1,105,36,474.0,569.284018113896
7,38,3000,65,36,0,107,37,562.0,0.0
7,38,3000,80,40,0,161,30,642.0,0.0
7,38,3000,75,45,1,281,33,730.0,751.9695029877836
7,38,3000,90,45,1,165,32,610.0,671.1050496146391
7,38,3000,80,49,0,167,18,596.0,0.0
7,38,3000,70,43,0,171,27,744.0,0.0
7,38,3000,80,35,1,103,38,490.0,663.7866429932117
7,38,3000,70,37,1,127,33,564.0,541.2363702039595
7,38,3000,90,38,0,283,34,762.0,0.0
7,38,3000,60,41,0,223,31,676.0,0.0
7,38,3000,60,43,1,107,21,470.0,409.7681200071683
7,38,3000,70,45,0,115,21,540.0,0.0
7,38,3000,60,47,1,145,15,354.0,293.334313593031
7,38,3000,75,41,1,229,34,776.0,623.41163969136
7,38,3000,70,42,0,163,25,692.0,0.0
7,38,3000,90,46,0,157,21,644.0,0.0
7,38,3000,80,47,1,115,31,496.0,600.9335194881328
7,38,3000,90,47,0,161,24,562.0,0.0
7,38,3000,70,48,0,101,14,356.0,0.0
7,38,3000,70,47,1,85,21,330.0,359.65832358739306
7,38,3000,60,36,1,109,35,570.0,593.1217888164709
7,38,3000,80,35,0,229,36,752.0,0.0
7,38,3000,70,44,1,81,28,380.0,545.191616133706
7,38,3000,65,40,0,177,30,604.0,0.0
7,38,3000,60,45,0,151,21,510.0,0.0
7,38,3000,80,47,1,109,29,500.0,330.795910915613
7,38,3000,75,49,1,223,25,820.0,329.378983362823
7,38,3000,65,35,1,115,34,604.0,490.5553205837483
7,38,3000,65,40,0,173,28,798.0,0.0
7,38,3000,80,42,0,221,29,838.0,0.0
7,38,3000,90,35,0,163,36,488.0,0.0
7,38,3000,70,41,1,95,22,320.0,391.83008624260447
7,38,3000,90,46,0,209,29,690.0,0.0
7,38,3000,75,49,1,117,29,524.0,487.98794767456224
7,38,3000,70,38,1,171,34,766.0,513.3484682390143
7,38,3000,65,47,1,107,26,422.0,431.05699989183455
7,38,3000,75,46,0,219,26,644.0,0.0
7,38,3000,60,42,0,167,26,666.0,0.0
7,38,3000,70,48,0,159,14,412.0,0.0
7,38,3000,75,43,1,119,29,614.0,633.7284594000686
7,38,3000,85,46,1,129,29,676.0,515.2213053555878
7,38,3000,85,40,0,173,30,714.0,0.0
7,38,3000,80,39,0,173,30,632.0,0.0
7,38,3000,90,39,0,223,33,792.0,0.0
7,38,3000,60,46,1,181,26,686.0,457.439012977706
7,38,3000,90,49,0,169,23,606.0,0.0
7,38,3000,65,49,1,135,25,620.0,409.14047768901577
7,38,3000,90,50,1,173,29,788.0,737.8705190326565
7,38,3000,80,49,1,107,26,576.0,434.49202994543657
7,38,3000,85,35,1,79,38,484.0,543.0004302944589
7,38,3000,65,42,1,227,28,648.0,352.0091338698788
7,38,3000,60,41,1,107,28,564.0,475.0044111676595
7,38,3000,75,41,0,165,31,662.0,0.0
7,38,3000,65,41,0,219,27,572.0,0.0
7,38,3000,60,45,0,157,20,708.0,0.0
7,38,3000,70,48,0,117,24,610.0,0.0
7,38,3000,65,39,0,219,32,712.0,0.0
7,38,3000,65,43,1,169,30,518.0,607.8317022234728
7,38,3000,80,45,1,91,23,420.0,494.87966114592126
7,38,3000,60,45,0,163,27,712.0,0.0
7,38,3000,70,45,1,131,30,610.0,793.0958844549319
7,38,3000,80,43,0,163,21,714.0,0.0
7,38,3000,70,49,1,149,27,606.0,433.20014341884496
7,38,3000,85,36,1,171,33,632.0,553.4514452027411
7,38,500,85,40,0,0,0,0.0,0.0
7,38,3000,80,42,0,211,35,698.0,0.0
7,38,3000,85,45,0,221,27,832.0,0.0
7,38,500,75,44,0,7,1,8.0,0.0
7,38,500,60,49,1,3,1,4.0,6.0
7,38,500,65,49,1,0,0,0.0,0.0
7,38,500,65,39,1,13,2,14.0,31.276460914257505
7,38,500,80,43,1,0,0,0.0,0.0
7,38,500,75,35,1,3,1,4.0,8.602597848740308
7,38,500,80,41,0,9,1,10.0,0.0
7,38,500,85,41,1,0,0,0.0,0.0
7,38,500,70,43,0,0,0,0.0,0.0
7,38,500,60,49,0,0,0,0.0,0.0
7,38,500,60,38,0,0,0,0.0,0.0
7,38,500,70,41,1,9,1,10.0,15.0
7,38,500,70,42,0,0,0,0.0,0.0
7,38,500,70,38,1,9,1,10.0,4.47213595499958
7,38,500,75,35,1,3,1,4.0,8.686762255445437
7,38,500,80,40,0,0,0,0.0,0.0
7,38,500,70,42,0,0,0,0.0,0.0
7,38,500,65,45,1,0,0,0.0,0.0
7,38,500,75,45,0,0,0,0.0,0.0
7,38,500,70,45,1,0,0,0.0,0.0
7,38,500,70,35,1,7,1,8.0,10.376134336417774
7,38,500,80,38,1,0,0,0.0,0.0
7,38,500,90,40,0,15,2,16.0,0.0
7,38,500,80,44,0,9,1,10.0,0.0
7,38,500,80,40,1,5,1,6.0,10.859859841645196
7,38,500,75,45,0,0,0,0.0,0.0
7,38,500,90,41,1,0,0,0.0,0.0
7,38,500,65,50,0,0,0,0.0,0.0
7,38,500,90,37,0,1,1,2.0,0.0
7,38,500,70,40,1,0,0,0.0,0.0
7,38,500,85,48,0,0,0,0.0,0.0
7,38,500,90,47,0,0,0,0.0,0.0
7,38,500,90,47,1,0,0,0.0,0.0
7,38,500,60,49,1,11,2,12.0,16.781989345202014
7,38,500,80,50,0,0,0,0.0,0.0
7,38,500,70,43,1,0,0,0.0,0.0
7,38,500,80,41,0,0,0,0.0,0.0
7,38,500,65,47,1,17,3,18.0,32.49841177117021
7,38,500,75,50,0,3,1,4.0,0.0
7,38,500,90,46,0,5,1,6.0,0.0
7,38,500,65,50,1,3,1,4.0,9.0
7,38,500,90,50,1,0,0,0.0,0.0
7,38,500,90,38,0,0,0,0.0,0.0
7,38,500,90,35,0,0,0,0.0,0.0
7,38,500,65,38,1,0,0,0.0,0.0
7,38,500,80,37,0,9,1,10.0,0.0
7,38,500,75,37,1,9,2,20.0,28.015698816805543
7,38,500,60,44,1,7,1,8.0,15.0
7,38,500,70,49,0,0,0,0.0,0.0
7,38,500,60,35,0,7,1,8.0,0.0
7,38,500,70,44,1,0,0,0.0,0.0
7,38,500,75,50,0,0,0,0.0,0.0
7,38,500,85,50,1,0,0,0.0,0.0
7,38,500,90,47,1,7,2,8.0,17.833928400449093
7,38,500,85,48,0,0,0,0.0,0.0
7,38,500,70,48,1,7,1,8.0,0.0
7,38,500,60,36,0,9,1,10.0,0.0
7,38,500,90,37,1,7,1,8.0,10.45353068331827
7,38,500,75,36,0,0,0,0.0,0.0
7,38,500,65,35,0,17,4,28.0,0.0
7,38,500,80,42,1,3,1,4.0,9.0
7,38,500,70,48,0,7,2,12.0,0.0
7,38,500,65,49,1,0,0,0.0,0.0
7,38,500,60,40,1,0,0,0.0,0.0
7,38,500,85,38,0,0,0,0.0,0.0
7,38,500,60,37,1,0,0,0.0,0.0
7,38,500,65,40,0,0,0,0.0,0.0
7,38,500,75,46,0,0,0,0.0,0.0
7,38,500,80,48,1,3,1,4.0,9.0
7,38,500,70,44,1,9,1,10.0,17.419114476666664
7,38,500,70,38,0,3,1,4.0,0.0
7,38,500,80,35,1,1,1,2.0,6.0
7,38,500,70,38,0,15,2,16.0,0.0
7,38,500,60,39,1,5,1,6.0,12.0
7,38,500,60,38,1,0,0,0.0,0.0
7,38,500,75,42,0,0,0,0.0,0.0
7,38,500,80,48,1,15,2,16.0,56.33195632292929
7,38,500,70,46,0,7,1,8.0,0.0
7,38,500,90,35,0,0,0,0.0,0.0
7,38,500,90,44,1,0,0,0.0,0.0
7,38,500,85,44,0,19,2,20.0,0.0
7,38,500,75,41,1,0,0,0.0,0.0
7,38,500,75,42,0,0,0,0.0,0.0
7,38,500,80,44,0,7,1,8.0,0.0
7,38,500,80,45,1,3,1,4.0,9.0
7,38,500,65,38,0,0,0,0.0,0.0
7,38,500,70,38,1,17,2,18.0,15.013041721485319
7,38,500,90,47,0,7,1,8.0,0.0
7,38,500,60,47,1,9,1,10.0,15.0
7,38,500,70,39,1,0,0,0.0,0.0
7,38,500,85,36,1,9,1,10.0,8.278196206778567
7,38,500,75,47,1,0,0,0.0,0.0
7,38,500,90,42,0,9,2,10.0,0.0
7,38,500,80,45,0,5,1,6.0,0.0
7,38,500,60,49,0,3,1,4.0,0.0
7,38,500,90,50,1,0,0,0.0,0.0
7,38,500,70,41,1,5,1,6.0,12.0
7,38,500,70,45,0,5,1,6.0,0.0
7,38,500,70,44,0,0,0,0.0,0.0
7,37,3000,75,43,0,207,23,628.0,0.0
7,37,3000,80,49,1,107,29,548.0,638.4185968339895
7,37,3000,90,41,1,101,36,582.0,658.9362730770279
7,37,3000,60,41,1,79,23,398.0,506.1608118434835
7,37,3000,70,42,0,223,27,800.0,0.0
7,37,3000,85,43,0,229,27,768.0,0.0
7,37,3000,90,49,1,173,21,430.0,288.0270886939267
7,37,3000,65,37,0,277,31,854.0,0.0
7,37,3000,80,49,0,115,27,658.0,0.0
7,37,3000,80,48,1,119,22,528.0,524.5170589476053
7,37,3000,90,46,0,177,26,714.0,0.0
7,37,3000,65,37,1,167,37,604.0,494.1225925435489
7,37,3000,90,45,1,97,33,514.0,667.0960527692821
7,37,3000,60,49,1,111,20,494.0,295.9900377988295
7,37,3000,70,48,0,175,19,502.0,0.0
7,37,3000,60,39,0,171,26,708.0,0.0
7,37,3000,70,37,1,107,34,434.0,623.181100111374
7,37,3000,80,40,1,147,35,544.0,620.579493232503
7,37,3000,90,39,0,171,32,702.0,0.0
7,37,3000,60,45,1,105,32,506.0,711.1721615568335
7,37,3000,90,47,0,167,23,758.0,0.0
7,37,3000,65,47,0,117,11,374.0,0.0
7,37,3000,90,49,1,81,28,486.0,524.4078271864618
7,37,3000,65,43,0,169,26,754.0,0.0
7,37,3000,70,41,1,141,29,556.0,606.1881449524101
7,37,3000,75,43,1,115,31,518.0,588.2459955711539
7,37,3000,80,46,1,111,25,468.0,385.96879498066454
7,37,3000,80,47,0,227,12,440.0,0.0
7,37,3000,90,44,0,225,30,880.0,0.0
7,37,3000,60,47,0,115,14,332.0,0.0
7,37,3000,80,35,0,159,32,732.0,0.0
7,37,3000,90,36,1,81,37,464.0,517.6698171129285
7,37,3000,60,38,1,109,34,478.0,676.4808501954568
7,37,3000,75,35,1,111,34,526.0,537.2121735465147
7,37,3000,85,44,1,109,33,540.0,759.0698012873862
7,37,3000,85,49,0,167,22,558.0,0.0
7,37,3000,90,48,0,167,26,616.0,0.0
7,37,3000,60,36,0,169,26,582.0,0.0
7,37,3000,60,40,1,171,28,590.0,560.7811583308537
7,37,3000,90,39,0,113,31,706.0,0.0
7,37,3000,80,40,0,227,33,712.0,0.0
7,37,3000,60,46,1,163,15,454.0,207.95235071287658
7,37,3000,75,43,1,171,32,684.0,516.7045602448582
7,37,3000,75,43,0,163,26,736.0,0.0
7,37,3000,85,49,1,101,31,422.0,614.706153069544
7,37,3000,60,39,0,159,31,696.0,0.0
7,37,3000,80,35,1,93,35,398.0,533.0547781327467
7,37,3000,65,36,1,83,37,462.0,552.45846354704
7,37,3000,80,37,0,171,33,848.0,0.0
7,37,3000,65,37,0,173,28,678.0,0.0
7,37,3000,70,40,0,201,29,886.0,0.0
7,37,3000,85,40,1,113,35,602.0,591.5114106466822
7,37,3000,75,35,0,171,36,630.0,0.0
7,37,3000,60,44,1,161,30,558.0,594.1466287214246
7,37,3000,75,46,1,113,24,476.0,321.76049233143516
7,37,3000,85,45,1,167,25,478.0,663.8095854153534
7,37,3000,85,45,0,173,27,774.0,0.0
7,37,3000,85,49,1,99,26,484.0,379.02456128620645
7,37,3000,60,40,0,165,28,610.0,0.0
7,37,3000,60,47,0,159,20,556.0,0.0
7,37,3000,65,39,1,127,26,520.0,630.9653242997273
7,37,3000,65,38,1,83,36,456.0,549.2149484175727
7,37,3000,75,39,0,279,33,804.0,0.0
7,37,3000,60,45,1,165,25,396.0,503.21582840807906
7,37,3000,90,44,1,105,28,498.0,734.3575364831192
7,37,3000,80,47,0,115,25,558.0,0.0
7,37,3000,60,50,0,167,20,594.0,0.0
7,37,3000,80,35,0,107,37,490.0,0.0
7,37,3000,90,42,0,153,33,650.0,0.0
7,37,3000,90,46,1,163,27,684.0,477.1758352651875
7,37,3000,85,42,0,231,31,730.0,0.0
7,37,3000,70,48,1,161,20,410.0,298.91535220562525
7,37,3000,90,48,1,167,26,730.0,493.9401254691495
7,37,3000,60,43,0,223,24,776.0,0.0
7,37,3000,90,39,1,115,34,488.0,605.3647746978224
7,37,3000,75,39,0,111,26,680.0,0.0
7,37,3000,80,41,0,217,31,712.0,0.0
7,37,3000,70,39,1,89,29,438.0,573.8711431222085
7,37,3000,70,46,1,109,32,624.0,688.3541788251476
7,37,3000,60,50,0,161,14,362.0,0.0
7,37,3000,60,47,1,113,23,500.0,519.661197349305
7,37,3000,60,36,1,105,35,562.0,563.7220441071531
7,37,3000,65,39,0,167,27,706.0,0.0
7,37,3000,75,44,0,119,29,620.0,0.0
7,37,3000,65,43,1,203,30,636.0,645.8017579193174
7,37,3000,85,45,1,123,28,502.0,474.77679228950535
7,37,3000,70,48,0,165,16,516.0,0.0
7,37,3000,75,40,0,337,31,814.0,0.0
7,37,3000,70,36,0,229,35,866.0,0.0
7,37,3000,60,37,1,103,33,424.0,468.6762546296233
7,37,3000,80,39,1,179,36,560.0,697.7215179576938
7,37,3000,85,36,0,113,32,486.0,0.0
7,37,3000,85,46,1,109,26,418.0,397.381013248375
7,37,3000,70,47,1,123,27,476.0,391.7869861569881
7,37,3000,85,44,0,175,34,732.0,0.0
7,37,3000,90,44,1,117,33,516.0,764.4161360869077
7,37,500,75,39,1,17,4,18.0,52.62936780300196
7,37,500,90,45,0,0,0,0.0,0.0
7,37,3000,65,45,1,167,29,610.0,625.7816429094966
7,37,3000,75,46,0,281,26,750.0,0.0
7,37,3000,80,44,0,285,27,838.0,0.0
7,37,3000,85,48,0,111,23,696.0,0.0
7,37,500,65,36,0,0,0,0.0,0.0
7,37,500,85,41,1,0,0,0.0,0.0
7,37,500,90,42,1,5,1,6.0,12.0
7,37,500,75,42,0,0,0,0.0,0.0
7,37,500,90,42,1,15,3,16.0,13.058457733413892
7,37,500,80,47,1,7,1,8.0,0.0
7,37,500,75,46,0,0,0,0.0,0.0
7,37,500,60,37,0,17,2,18.0,0.0
7,37,500,65,45,0,19,3,20.0,0.0
7,37,500,85,36,1,9,2,18.0,11.65685424949238
7,37,500,70,43,1,0,0,0.0,0.0
7,37,500,90,45,1,0,0,0.0,0.0
7,37,500,70,44,0,7,2,8.0,0.0
7,37,500,90,49,0,0,0,0.0,0.0
7,37,500,75,42,1,0,0,0.0,0.0
7,37,500,80,35,1,0,0,0.0,0.0
7,37,500,65,37,0,0,0,0.0,0.0
7,37,500,65,44,0,9,2,10.0,0.0
7,37,500,90,48,0,0,0,0.0,0.0
7,37,500,60,42,1,5,1,6.0,12.0
7,37,500,65,49,1,0,0,0.0,0.0
7,37,500,70,48,0,0,0,0.0,0.0
7,37,500,65,38,0,5,1,6.0,0.0
7,37,500,70,39,0,0,0,0.0,0.0
7,37,500,90,50,0,3,1,4.0,0.0
7,37,500,70,48,1,9,1,10.0,18.0
7,37,500,60,46,1,5,1,6.0,8.73015900950087
7,37,500,70,50,1,0,0,0.0,0.0
7,37,500,85,42,1,27,5,28.0,52.06995638976577
7,37,500,60,39,1,15,2,16.0,53.92494743164348
7,37,500,70,36,0,7,2,8.0,0.0
7,37,500,80,39,1,29,3,30.0,106.95449615719984
7,37,500,70,44,0,0,0,0.0,0.0
7,37,500,80,47,1,3,1,4.0,9.0
7,37,500,60,50,0,3,1,4.0,0.0
7,37,500,70,48,0,7,1,8.0,0.0
7,37,500,70,40,1,9,1,10.0,13.439180517539606
7,37,500,80,37,0,15,3,20.0,0.0
7,37,500,65,39,1,0,0,0.0,0.0
7,37,500,90,35,0,0,0,0.0,0.0
7,37,500,65,38,1,5,1,6.0,4.47213595499958
7,37,500,90,41,0,0,0,0.0,0.0
7,37,500,70,50,1,0,0,0.0,0.0
7,37,500,70,40,1,0,0,0.0,0.0
7,37,500,80,35,1,33,6,34.0,60.0052935770616
7,37,500,65,38,1,0,0,0.0,0.0
7,37,500,90,46,0,0,0,0.0,0.0
7,37,500,60,49,0,0,0,0.0,0.0
7,37,500,90,44,0,9,1,10.0,0.0
7,37,500,90,49,0,13,2,14.0,0.0
7,37,500,70,35,1,0,0,0.0,0.0
7,37,500,70,36,0,9,1,10.0,0.0
7,37,500,90,36,0,13,3,14.0,0.0
7,37,500,80,44,0,17,3,18.0,0.0
7,37,500,75,38,1,11,2,12.0,5.656854249492381
7,37,500,85,37,1,7,2,8.0,16.355626594208893
7,37,500,90,40,0,7,1,8.0,0.0
7,37,500,70,40,1,0,0,0.0,0.0
7,37,500,80,44,1,7,1,8.0,15.0
7,37,500,60,36,1,0,0,0.0,0.0
7,37,500,85,37,0,0,0,0.0,0.0
7,37,500,90,40,0,0,0,0.0,0.0
7,37,500,65,39,0,19,3,20.0,0.0
7,37,500,70,44,1,15,3,16.0,39.37273296840215
7,37,500,90,46,1,0,0,0.0,0.0
7,37,500,80,49,0,0,0,0.0,0.0
7,37,500,75,35,1,0,0,0.0,0.0
7,37,500,60,44,0,0,0,0.0,0.0
7,37,500,80,46,1,0,0,0.0,0.0
7,37,500,65,48,1,0,0,0.0,0.0
7,37,500,60,43,1,0,0,0.0,0.0
7,37,500,90,43,0,0,0,0.0,0.0
7,37,500,85,42,0,7,1,8.0,0.0
7,37,500,75,35,1,0,0,0.0,0.0
7,37,500,90,35,0,0,0,0.0,0.0
7,37,500,75,41,1,9,1,10.0,14.47139683949823
7,37,500,75,44,1,0,0,0.0,0.0
7,37,500,60,48,0,5,1,6.0,0.0
7,37,500,90,50,0,0,0,0.0,0.0
7,37,500,90,50,0,0,0,0.0,0.0
7,37,500,90,40,0,7,2,8.0,0.0
7,37,500,70,45,1,0,0,0.0,0.0
7,37,500,85,35,1,7,1,8.0,10.68412100135871
7,37,500,90,37,1,0,0,0.0,0.0
7,37,500,90,42,0,3,1,4.0,0.0
7,37,500,80,40,0,5,1,6.0,0.0
7,37,500,80,44,1,0,0,0.0,0.0
7,37,500,65,46,1,0,0,0.0,0.0
7,37,500,80,47,0,3,1,4.0,0.0
7,37,500,80,35,1,7,1,8.0,10.465144853423224
7,37,500,65,39,0,0,0,0.0,0.0
7,37,500,70,40,0,0,0,0.0,0.0
7,37,500,70,40,1,0,0,0.0,0.0
7,37,500,85,42,0,19,2,20.0,0.0
7,37,500,85,45,1,17,2,18.0,33.43241176329833
7,37,500,90,48,0,0,0,0.0,0.0
7,37,500,70,39,1,7,1,8.0,15.0
7,37,500,80,37,0,0,0,0.0,0.0
7,36,3000,80,36,1,157,34,526.0,444.2999093468646
7,36,3000,65,44,0,169,24,616.0,0.0
7,36,3000,70,45,1,85,28,452.0,647.8911020495044
7,36,3000,65,49,0,113,20,576.0,0.0
7,36,3000,80,50,1,105,17,370.0,460.35211970924416
7,36,3000,65,45,1,177,23,574.0,330.04060429603527
7,36,3000,90,47,0,113,21,430.0,0.0
7,36,3000,70,36,1,83,35,454.0,379.4433747954063
7,36,3000,75,36,0,165,33,728.0,0.0
7,36,3000,65,46,0,149,24,586.0,0.0
7,36,3000,60,47,0,159,20,630.0,0.0
7,36,3000,65,50,1,111,24,514.0,602.3858946535341
7,36,3000,65,36,0,159,33,798.0,0.0
7,36,3000,90,38,0,229,33,754.0,0.0
7,36,3000,90,37,1,111,33,530.0,592.1456698482114
7,36,3000,60,39,0,207,23,604.0,0.0
7,36,3000,80,50,1,177,25,540.0,714.9486986741186
7,36,3000,65,50,1,169,18,598.0,646.0369433811975
7,36,3000,85,50,0,163,23,542.0,0.0
7,36,3000,85,50,1,83,23,370.0,457.1253058444026
7,36,3000,80,47,1,163,30,626.0,546.2521102763737
7,36,3000,85,48,0,171,29,732.0,0.0
7,36,3000,60,39,0,167,31,796.0,0.0
7,36,3000,60,37,1,165,33,728.0,514.2792735884547
7,36,3000,85,42,1,119,30,506.0,658.208430498327
7,36,3000,80,36,0,135,34,668.0,0.0
7,36,3000,85,36,0,173,35,642.0,0.0
7,36,3000,75,41,1,101,31,402.0,473.75766306678344
7,36,3000,65,47,0,99,16,218.0,0.0
7,36,3000,80,44,1,175,32,556.0,630.6783888666164
7,36,3000,70,41,0,169,31,834.0,0.0
7,36,3000,90,41,0,119,29,642.0,0.0
7,36,3000,80,40,1,151,30,608.0,509.91422104854695
7,36,3000,65,45,1,193,30,598.0,727.3434129143336
7,36,3000,75,48,1,127,23,460.0,440.7502448944555
7,36,3000,90,49,1,103,22,502.0,386.07407531687903
7,36,3000,85,49,1,109,23,482.0,429.7224824874116
7,36,3000,85,50,0,175,22,546.0,0.0
7,36,3000,65,49,0,179,15,386.0,0.0
7,36,3000,60,35,0,113,29,522.0,0.0
7,36,3000,60,42,1,129,27,522.0,427.5298885427927
7,36,3000,75,39,0,173,31,800.0,0.0
7,36,3000,80,42,0,171,27,670.0,0.0
7,36,3000,80,44,1,107,28,604.0,668.3983704099701
7,36,3000,60,45,1,99,22,306.0,457.0926929110967
7,36,3000,75,43,1,117,34,582.0,658.4336691965365
7,36,3000,85,47,0,113,23,610.0,0.0
7,36,3000,75,37,1,99,36,512.0,566.7228174406658
7,36,3000,90,37,0,175,33,732.0,0.0
7,36,3000,65,38,1,171,31,598.0,602.4481840612506
7,36,3000,80,39,0,213,33,770.0,0.0
7,36,3000,60,39,0,219,30,834.0,0.0
7,36,3000,80,45,1,139,27,416.0,409.2464358890232
7,36,3000,90,48,0,175,22,550.0,0.0
7,36,3000,75,39,1,107,31,538.0,642.5759982913783
7,36,3000,90,44,0,109,25,702.0,0.0
7,36,3000,90,41,1,109,32,544.0,596.0814839455222
7,36,3000,65,42,1,113,27,528.0,451.4472394370215
7,36,3000,85,44,1,115,32,526.0,634.5848653503679
7,36,3000,65,45,0,171,26,600.0,0.0
7,36,3000,70,47,0,201,28,692.0,0.0
7,36,3000,70,40,0,215,24,690.0,0.0
7,36,3000,90,40,0,163,32,770.0,0.0
7,36,3000,65,38,0,271,28,652.0,0.0
7,36,3000,85,45,1,97,30,454.0,635.9785989211215
7,36,3000,65,44,0,173,23,602.0,0.0
7,36,3000,60,41,1,85,23,388.0,444.54830962921346
7,36,3000,90,44,1,149,32,584.0,664.5349622114046
7,36,3000,60,48,1,105,24,372.0,561.4407679101615
7,36,3000,75,44,0,119,22,584.0,0.0
7,36,3000,85,35,0,111,36,574.0,0.0
7,36,3000,80,40,1,117,30,432.0,504.9458767140463
7,36,3000,60,42,1,81,19,332.0,384.6953475541859
7,36,3000,85,41,0,275,32,1054.0,0.0
7,36,3000,85,46,1,97,23,362.0,429.63786483118287
7,36,3000,90,49,0,171,25,728.0,0.0
7,36,3000,90,42,0,169,27,632.0,0.0
7,36,3000,80,41,0,117,29,730.0,0.0
7,36,3000,70,42,1,107,31,542.0,491.4966642386672
7,36,3000,85,46,1,115,24,582.0,575.2222324283634
7,36,3000,60,46,0,157,24,546.0,0.0
7,36,3000,90,47,1,203,23,586.0,384.64562768217974
7,36,3000,60,48,1,133,25,532.0,524.4241602956606
7,36,3000,85,39,0,117,31,622.0,0.0
7,36,3000,80,39,0,163,31,658.0,0.0
7,36,3000,60,42,1,119,23,452.0,359.1284540089038
7,36,3000,60,43,1,115,21,558.0,465.67249476672663
7,36,3000,70,40,0,283,28,812.0,0.0
7,36,3000,80,48,0,117,20,624.0,0.0
7,36,3000,60,49,1,137,24,574.0,397.977669756513
7,36,3000,90,39,1,87,35,440.0,702.7375721085037
7,36,3000,80,43,0,177,27,668.0,0.0
7,36,3000,70,45,1,99,24,424.0,496.08168362912403
7,36,3000,70,44,0,167,26,674.0,0.0
7,36,3000,70,48,1,89,21,406.0,548.4531017784669
7,36,3000,80,49,0,177,19,470.0,0.0
7,36,3000,90,50,1,109,17,480.0,538.2941097793032
7,36,3000,90,47,0,215,25,778.0,0.0
7,36,500,60,41,1,0,0,0.0,0.0
7,36,500,65,42,1,0,0,0.0,0.0
7,36,500,80,43,0,0,0,0.0,0.0
7,36,500,60,42,0,7,1,8.0,0.0
7,36,3000,60,49,1,85,17,376.0,270.21071870976135
7,36,3000,85,49,0,165,26,684.0,0.0
7,36,500,70,35,0,7,1,8.0,0.0
7,36,500,90,40,1,7,1,8.0,11.684880176835609
7,36,500,90,37,0,9,1,10.0,0.0
7,36,500,85,42,1,0,0,0.0,0.0
7,36,500,90,47,1,3,1,4.0,9.0
7,36,500,65,43,1,0,0,0.0,0.0
7,36,500,75,40,0,7,1,8.0,0.0
7,36,500,70,41,1,0,0,0.0,0.0
7,36,500,65,37,0,0,0,0.0,0.0
7,36,500,70,38,1,0,0,0.0,0.0
7,36,500,85,40,0,0,0,0.0,0.0
7,36,500,80,44,0,0,0,0.0,0.0
7,36,500,90,46,0,17,3,18.0,0.0
7,36,500,85,42,1,7,1,8.0,14.628023772634485
7,36,500,90,44,1,0,0,0.0,0.0
7,36,500,90,35,0,0,0,0.0,0.0
7,36,500,80,42,0,0,0,0.0,0.0
7,36,500,65,43,0,0,0,0.0,0.0
7,36,500,70,37,1,0,0,0.0,0.0
7,36,500,80,48,0,0,0,0.0,0.0
7,36,500,90,45,1,9,1,10.0,0.0
7,36,500,65,50,1,0,0,0.0,0.0
7,36,500,90,45,1,0,0,0.0,0.0
7,36,500,90,37,0,9,3,20.0,0.0
7,36,500,60,42,0,0,0,0.0,0.0
7,36,500,80,37,0,15,2,16.0,0.0
7,36,500,75,45,1,0,0,0.0,0.0
7,36,500,85,45,1,0,0,0.0,0.0
7,36,500,85,50,1,0,0,0.0,0.0
7,36,500,90,49,0,0,0,0.0,0.0
7,36,500,75,35,1,17,3,18.0,35.040420153632965
7,36,500,60,42,0,5,1,6.0,0.0
7,36,500,80,37,1,0,0,0.0,0.0
7,36,500,90,35,1,7,1,8.0,10.060913603229334
7,36,500,65,36,1,15,2,16.0,0.0
7,36,500,85,45,0,9,1,10.0,0.0
7,36,500,60,49,0,0,0,0.0,0.0
7,36,500,80,46,0,0,0,0.0,0.0
7,36,500,65,40,0,0,0,0.0,0.0
7,36,500,85,39,1,9,1,10.0,18.0
7,36,500,90,45,1,11,2,12.0,14.714655661377652
7,36,500,80,39,0,0,0,0.0,0.0
7,36,500,60,47,1,9,1,10.0,14.125000572682712
7,36,500,70,48,0,17,2,18.0,0.0
7,36,500,75,46,1,0,0,0.0,0.0
7,36,500,70,35,1,7,1,8.0,11.241454717517332
7,36,500,80,38,1,7,2,10.0,4.0
7,36,500,65,45,0,9,1,10.0,0.0
7,36,500,85,40,0,5,1,6.0,0.0
7,36,500,65,38,0,0,0,0.0,0.0
7,36,500,75,38,1,0,0,0.0,0.0
7,36,500,90,46,0,0,0,0.0,0.0
7,36,500,75,43,1,7,1,8.0,10.019122934420793
7,36,500,70,48,0,0,0,0.0,0.0
7,36,500,75,50,1,5,1,6.0,12.0
7,36,500,70,38,1,0,0,0.0,0.0
7,36,500,65,38,0,7,1,8.0,0.0
7,36,500,85,35,0,7,1,8.0,0.0
7,36,500,60,47,1,9,1,10.0,13.958926163027355
7,36,500,70,37,1,9,1,10.0,13.811503909604316
7,36,500,75,46,0,7,1,8.0,0.0
7,36,500,75,47,0,0,0,0.0,0.0
7,36,500,80,35,0,13,4,14.0,0.0
7,36,500,90,37,1,5,1,6.0,10.75120154397677
7,36,500,70,40,0,0,0,0.0,0.0
7,36,500,90,45,1,0,0,0.0,0.0
7,36,500,85,47,0,0,0,0.0,0.0
7,36,500,70,48,1,5,1,6.0,12.0
7,36,500,60,48,1,0,0,0.0,0.0
7,36,500,85,37,0,3,1,4.0,0.0
7,36,500,60,37,1,0,0,0.0,0.0
7,36,500,80,46,0,15,2,16.0,0.0
7,36,500,75,48,1,0,0,0.0,0.0
7,36,500,75,50,0,0,0,0.0,0.0
7,36,500,60,46,0,5,1,6.0,0.0
7,36,500,70,50,1,0,0,0.0,0.0
7,36,500,85,36,0,3,1,4.0,0.0
7,36,500,80,37,0,21,4,22.0,0.0
7,36,500,60,41,1,0,0,0.0,0.0
7,36,500,90,43,1,0,0,0.0,0.0
7,36,500,65,43,0,5,1,6.0,0.0
7,36,500,65,44,1,9,1,10.0,17.127479051890937
7,36,500,70,47,1,17,2,18.0,31.77560029459761
7,36,500,90,37,0,0,0,0.0,0.0
7,36,500,85,42,0,7,1,8.0,0.0
7,36,500,90,40,0,0,0,0.0,0.0
7,36,500,90,44,0,0,0,0.0,0.0
7,36,500,90,46,1,0,0,0.0,0.0
7,36,500,80,49,1,0,0,0.0,0.0
7,36,500,60,49,1,0,0,0.0,0.0
7,36,500,85,39,1,0,0,0.0,0.0
7,36,500,85,39,1,17,2,18.0,52.53505150025683
7,35,3000,75,41,0,159,24,642.0,0.0
7,36,500,85,45,0,11,2,12.0,0.0
7,36,500,75,42,1,15,2,16.0,43.70797134287856
7,36,500,90,44,0,0,0,0.0,0.0
7,36,500,90,46,0,23,3,24.0,0.0
7,35,3000,85,43,1,177,27,584.0,599.5515452126126
7,35,3000,60,43,1,125,22,418.0,461.09092316709274
7,35,3000,65,38,0,171,30,748.0,0.0
7,35,3000,90,38,0,169,34,676.0,0.0
7,35,3000,90,39,1,109,31,486.0,506.3425348953371
7,35,3000,65,46,0,189,22,684.0,0.0
7,35,3000,65,44,1,113,24,558.0,629.9739406372234
7,35,3000,70,44,0,169,24,738.0,0.0
7,35,3000,75,49,1,165,29,568.0,458.78340242077905
7,35,3000,65,41,1,111,30,590.0,534.2271418505928
7,35,3000,90,39,0,221,31,932.0,0.0
7,35,3000,70,39,1,151,29,542.0,653.8788744310112
7,35,3000,75,42,0,197,25,788.0,0.0
7,35,3000,80,47,1,113,30,590.0,696.6323461036951
7,35,3000,65,38,1,173,28,684.0,378.9702511434342
7,35,3000,70,44,0,167,27,684.0,0.0
7,35,3000,90,45,1,137,30,488.0,570.4712814271337
7,35,3000,85,49,0,163,17,456.0,0.0
7,35,3000,65,35,1,93,35,496.0,612.1021514606512
7,35,3000,80,37,0,147,32,696.0,0.0
7,35,3000,75,40,1,169,25,632.0,396.5194695408834
7,35,3000,90,37,1,91,35,474.0,616.8362445022276
7,35,3000,75,47,1,113,21,462.0,406.4108438841255
7,35,3000,70,50,0,173,23,698.0,0.0
7,35,3000,90,50,0,227,26,854.0,0.0
7,35,3000,80,50,0,141,19,632.0,0.0
7,35,3000,90,40,1,113,32,530.0,458.84980246485594
7,35,3000,70,40,1,99,30,544.0,421.6144164369245
7,35,3000,90,40,1,115,28,370.0,491.33644635777927
7,35,3000,75,44,0,169,23,588.0,0.0
7,35,3000,85,50,0,149,19,582.0,0.0
7,35,3000,90,50,0,141,21,478.0,0.0
7,35,3000,90,46,0,273,29,862.0,0.0
7,35,3000,90,42,1,111,28,532.0,453.9108146633337
7,35,3000,70,36,0,175,32,768.0,0.0
7,35,3000,70,38,0,163,31,652.0,0.0
7,35,3000,60,36,1,103,32,514.0,543.9804943834874
7,35,3000,90,39,1,109,35,556.0,683.5916037860342
7,35,3000,75,41,0,271,27,710.0,0.0
7,35,3000,60,46,1,113,14,362.0,165.7600890191733
7,35,3000,75,45,1,171,27,536.0,605.4602558549477
7,35,3000,70,49,0,161,18,546.0,0.0
7,35,3000,65,36,1,101,35,552.0,534.810783374892
7,35,3000,90,36,0,115,32,546.0,0.0
7,35,3000,80,45,0,235,25,638.0,0.0
7,35,3000,90,48,1,105,29,492.0,739.4767076671304
7,35,3000,80,49,0,203,17,500.0,0.0
7,35,3000,85,48,1,161,25,544.0,680.3182773400302
7,35,3000,90,50,0,105,16,416.0,0.0
7,35,3000,60,35,1,99,34,498.0,515.1199379569523
7,35,3000,80,35,1,81,35,454.0,580.0870308769248
7,35,3000,75,35,0,157,35,586.0,0.0
7,35,3000,65,47,1,121,26,506.0,467.6611450395701
7,35,3000,65,47,1,83,24,502.0,312.64973773490897
7,35,3000,90,44,0,269,27,660.0,0.0
7,35,3000,65,48,0,211,21,616.0,0.0
7,35,3000,85,36,0,215,33,746.0,0.0
7,35,3000,75,39,0,217,29,780.0,0.0
7,35,3000,65,38,1,177,28,678.0,449.2552429971652
7,35,3000,70,40,1,139,30,622.0,470.48984024126383
7,35,3000,90,38,0,219,32,756.0,0.0
7,35,3000,80,50,0,135,22,546.0,0.0
7,35,3000,90,42,1,167,33,714.0,498.6584421469876
7,35,3000,65,36,1,173,31,614.0,329.1282551476374
7,35,3000,70,37,0,169,33,750.0,0.0
7,35,3000,70,37,1,117,35,548.0,654.7282872735695
7,35,3000,80,45,0,99,21,420.0,0.0
7,35,3000,70,48,1,113,24,386.0,573.5978688173142
7,35,3000,70,50,0,163,19,526.0,0.0
7,35,3000,75,49,1,227,24,556.0,440.226628637622
7,35,3000,85,37,1,79,35,442.0,505.4188750684392
7,35,3000,90,39,1,159,31,544.0,717.8044262860083
7,35,3000,75,42,0,163,27,700.0,0.0
7,35,3000,85,50,0,153,16,418.0,0.0
7,35,3000,90,37,0,161,31,678.0,0.0
7,35,3000,75,50,1,125,21,448.0,477.8658633389702
7,35,3000,90,48,0,169,20,674.0,0.0
7,35,3000,75,40,1,97,29,414.0,538.0364436159784
7,35,3000,75,37,0,225,31,772.0,0.0
7,35,3000,80,42,1,119,31,566.0,510.0118834198001
7,35,3000,75,38,1,171,32,492.0,369.66900850551093
7,35,3000,90,39,0,223,31,800.0,0.0
7,35,3000,60,42,1,111,28,478.0,459.7942443880845
7,35,3000,85,50,0,219,23,622.0,0.0
7,35,3000,70,35,0,161,32,706.0,0.0
7,35,3000,85,37,0,167,31,652.0,0.0
7,35,3000,65,44,0,215,24,852.0,0.0
7,35,3000,60,39,1,227,24,602.0,560.927613313416
7,35,3000,75,44,1,75,28,466.0,563.2710014603076
7,35,3000,80,48,0,153,24,612.0,0.0
7,35,3000,65,50,1,165,18,436.0,439.4322229444796
7,35,3000,85,37,1,111,33,584.0,615.5792172992788
7,35,3000,65,38,0,207,27,624.0,0.0
7,35,3000,65,48,1,151,18,496.0,427.53624039382515
7,35,3000,80,50,1,159,19,524.0,451.98065138789394
7,35,3000,60,44,0,117,21,566.0,0.0
7,35,3000,75,49,0,59,10,220.0,0.0
7,35,3000,60,44,1,91,22,460.0,619.536080013247
7,35,500,80,36,1,0,0,0.0,0.0
7,35,3000,60,41,0,149,29,520.0,0.0
7,35,500,65,45,0,5,1,6.0,0.0
7,35,500,90,44,1,0,0,0.0,0.0
7,35,500,90,48,0,7,1,8.0,0.0
7,35,500,70,49,1,7,1,8.0,0.0
7,35,500,65,48,0,0,0,0.0,0.0
7,35,500,65,35,1,0,0,0.0,0.0
7,35,500,85,42,1,0,0,0.0,0.0
7,35,500,80,42,1,7,1,8.0,14.119931771706309
7,35,500,90,48,0,5,1,6.0,0.0
7,35,500,90,38,1,0,0,0.0,0.0
7,35,500,75,48,0,9,1,10.0,0.0
7,35,500,90,47,0,5,1,6.0,0.0
7,35,500,80,48,1,7,1,8.0,15.0
7,35,500,65,48,0,9,1,10.0,0.0
7,35,500,60,35,0,0,0,0.0,0.0
7,35,500,65,35,0,17,2,18.0,0.0
7,35,500,90,45,1,0,0,0.0,0.0
7,35,500,75,36,1,0,0,0.0,0.0
7,35,500,85,39,0,0,0,0.0,0.0
7,35,500,60,46,1,0,0,0.0,0.0
7,35,500,85,49,0,0,0,0.0,0.0
7,35,500,65,49,1,0,0,0.0,0.0
7,35,500,60,39,0,0,0,0.0,0.0
7,35,500,75,45,1,7,1,8.0,10.54311903598095
7,35,500,85,37,1,7,1,8.0,10.860821647261869
7,35,500,90,39,0,0,0,0.0,0.0
7,35,500,80,41,1,0,0,0.0,0.0
7,35,500,65,43,1,0,0,0.0,0.0
7,35,500,65,46,0,0,0,0.0,0.0
7,35,500,80,45,0,9,1,10.0,0.0
7,35,500,75,38,0,0,0,0.0,0.0
7,35,500,85,40,0,7,1,8.0,0.0
7,35,500,80,41,0,0,0,0.0,0.0
7,35,500,80,41,1,0,0,0.0,0.0
7,35,500,75,42,0,0,0,0.0,0.0
7,35,500,80,49,1,5,1,6.0,8.140696085219105
7,35,500,85,48,1,9,2,10.0,20.88084633242308
7,35,500,85,42,1,0,0,0.0,0.0
7,35,500,70,49,0,0,0,0.0,0.0
7,35,500,90,49,1,0,0,0.0,0.0
7,35,500,60,48,0,0,0,0.0,0.0
7,35,500,60,49,0,0,0,0.0,0.0
7,35,500,75,49,1,13,2,14.0,17.20771726691885
7,35,500,65,49,1,0,0,0.0,0.0
7,35,500,80,40,1,0,0,0.0,0.0
7,35,500,75,44,0,0,0,0.0,0.0
7,35,500,60,41,1,0,0,0.0,0.0
7,35,500,80,42,1,7,1,8.0,14.464633694523595
7,35,500,60,47,0,0,0,0.0,0.0
7,35,500,80,43,0,9,1,10.0,0.0
7,35,500,85,49,0,3,1,4.0,0.0
7,35,500,60,44,1,0,0,0.0,0.0
7,35,500,65,43,0,0,0,0.0,0.0
7,35,500,85,42,0,9,2,10.0,0.0
7,35,500,80,42,1,7,1,8.0,14.485375935196249
7,35,500,85,49,0,0,0,0.0,0.0
7,35,500,80,44,1,3,1,4.0,9.0
7,35,500,70,50,1,0,0,0.0,0.0
7,35,500,70,35,1,15,2,16.0,31.04486765241196
7,35,500,90,38,1,0,0,0.0,0.0
7,35,500,75,42,0,0,0,0.0,0.0
7,35,500,85,41,0,9,1,10.0,0.0
7,35,500,85,44,1,7,2,8.0,17.013370026913282
7,35,500,70,46,0,0,0,0.0,0.0
7,35,500,90,49,0,5,1,6.0,0.0
7,35,500,85,43,1,0,0,0.0,0.0
7,35,500,65,36,1,0,0,0.0,0.0
7,35,500,75,37,1,9,1,10.0,13.031395263372001
7,35,500,85,45,1,0,0,0.0,0.0
7,35,500,65,46,0,15,2,16.0,0.0
7,35,500,70,35,0,9,1,10.0,0.0
7,35,500,80,48,0,0,0,0.0,0.0
7,35,500,75,49,0,5,1,6.0,0.0
7,35,500,90,36,0,0,0,0.0,0.0
7,35,500,85,44,1,0,0,0.0,0.0
7,35,500,80,40,1,0,0,0.0,0.0
7,35,500,70,42,0,9,1,10.0,0.0
7,35,500,60,44,0,0,0,0.0,0.0
7,35,500,70,47,1,11,2,12.0,38.073232897608975
7,35,500,60,41,1,0,0,0.0,0.0
7,35,500,70,50,0,0,0,0.0,0.0
7,35,500,65,38,1,27,3,28.0,19.084967995218264
7,35,500,70,38,1,5,1,6.0,6.0
7,35,500,60,39,0,0,0,0.0,0.0
7,35,500,85,43,1,17,2,18.0,6.0
7,35,500,60,47,0,3,1,4.0,0.0
7,35,500,70,44,1,0,0,0.0,0.0
7,35,500,60,46,0,0,0,0.0,0.0
7,35,500,90,36,0,0,0,0.0,0.0
7,35,500,70,38,1,0,0,0.0,0.0
7,35,500,70,35,1,1,1,2.0,6.0
7,35,500,90,36,1,17,4,24.0,25.878115345846947
7,35,500,90,40,0,9,1,10.0,0.0
7,35,500,90,44,0,7,1,8.0,0.0
7,35,500,65,47,0,0,0,0.0,0.0
7,35,500,90,36,1,9,2,20.0,14.074009447944972
7,35,500,80,35,0,7,1,8.0,0.0
6,40,3000,65,44,1,239,33,582.0,712.7929136274578
7,35,500,85,37,1,0,0,0.0,0.0
6,40,3000,70,36,1,115,38,460.0,559.9431736367068
7,35,500,80,39,0,0,0,0.0,0.0
6,40,3000,70,46,0,265,27,824.0,0.0
6,40,3000,60,42,0,219,28,702.0,0.0
6,40,3000,90,37,1,173,36,544.0,611.0238895727538
6,40,3000,90,38,1,149,40,532.0,719.7642755082791
6,40,3000,75,39,0,175,34,896.0,0.0
6,40,3000,80,40,1,133,35,484.0,616.6571197191755
6,40,3000,75,36,1,97,40,470.0,579.0017809766197
6,40,3000,90,49,0,173,28,560.0,0.0
6,40,3000,65,49,0,165,25,624.0,0.0
6,40,3000,80,36,1,113,39,498.0,655.4478688573544
6,40,3000,85,41,0,227,36,936.0,0.0
6,40,3000,60,39,0,215,33,824.0,0.0
6,40,3000,60,42,0,161,23,684.0,0.0
6,40,3000,70,39,1,165,39,604.0,793.8029575097387
6,40,3000,80,46,0,175,25,616.0,0.0
6,40,3000,70,37,1,117,38,482.0,631.6806051260195
6,40,3000,65,48,1,203,30,736.0,716.7821805450435
6,40,3000,90,50,0,113,28,552.0,0.0
6,40,3000,70,37,1,113,39,514.0,595.5935686127956
6,40,3000,65,46,1,145,33,552.0,514.7098996360726
6,40,3000,85,37,0,227,38,824.0,0.0
6,40,3000,60,40,0,173,29,758.0,0.0
6,40,3000,65,46,1,105,34,422.0,762.3290154543942
6,40,3000,85,45,0,225,32,690.0,0.0
6,40,3000,90,40,0,235,33,786.0,0.0
6,40,3000,60,44,1,167,34,612.0,641.7510181358521
6,40,3000,85,36,1,97,40,480.0,642.2803694067777
6,40,3000,90,37,0,177,36,776.0,0.0
6,40,3000,70,47,1,127,27,508.0,488.0696572656017
6,40,3000,85,50,1,167,34,666.0,925.9551967554808
6,40,3000,65,50,0,143,18,516.0,0.0
6,40,3000,90,39,0,229,35,762.0,0.0
6,40,3000,65,44,0,257,22,570.0,0.0
6,40,3000,60,35,0,261,34,872.0,0.0
6,40,3000,65,41,1,223,33,676.0,392.51785404429705
6,40,3000,80,42,1,105,33,494.0,544.7613694372429
6,40,3000,60,43,1,145,39,598.0,782.6500716283963
6,40,3000,90,43,0,269,30,994.0,0.0
6,40,3000,90,37,0,173,35,772.0,0.0
6,40,3000,70,38,1,101,40,498.0,819.9044223274215
6,40,3000,75,38,0,271,33,820.0,0.0
6,40,3000,80,45,1,131,33,572.0,670.9099141470048
6,40,3000,75,48,0,349,30,806.0,0.0
6,40,3000,70,48,1,117,27,460.0,597.8375708462451
6,40,3000,80,49,1,155,32,626.0,543.4222187663688
6,40,3000,75,36,0,217,36,672.0,0.0
6,40,3000,65,41,0,171,32,792.0,0.0
6,40,3000,70,38,0,177,34,808.0,0.0
6,40,3000,85,45,1,135,33,602.0,552.4150972612412
6,40,3000,75,41,0,231,27,854.0,0.0
6,40,3000,90,49,1,171,28,554.0,547.0621306370587
6,40,3000,60,48,1,161,27,566.0,616.1887836031057
6,40,3000,75,47,1,159,20,504.0,291.49049525421924
6,40,3000,70,38,0,209,35,740.0,0.0
6,40,3000,65,35,1,171,39,564.0,636.1157131758582
6,40,3000,60,38,1,135,36,554.0,574.9531434379516
6,40,3000,60,41,0,221,30,794.0,0.0
6,40,3000,85,42,1,149,29,424.0,362.3708974523962
6,40,3000,75,41,0,223,30,670.0,0.0
6,40,3000,70,37,1,139,40,546.0,674.804288112912
6,40,3000,90,38,1,165,40,500.0,601.0720311657274
6,40,3000,65,50,0,315,20,632.0,0.0
6,40,3000,85,42,1,229,36,716.0,486.5573885811123
6,40,3000,75,49,0,167,26,676.0,0.0
6,40,3000,70,50,0,171,25,624.0,0.0
6,40,3000,60,41,0,231,23,634.0,0.0
6,40,3000,60,43,1,285,30,690.0,560.9924237734951
6,40,3000,65,43,1,127,37,584.0,752.4692216755685
6,40,3000,60,48,0,227,19,534.0,0.0
6,40,3000,85,46,0,227,29,822.0,0.0
6,40,3000,60,47,1,133,30,478.0,502.65927760059293
6,40,3000,85,50,0,117,23,440.0,0.0
6,40,3000,65,41,0,219,33,1068.0,0.0
6,40,3000,80,35,1,161,37,588.0,583.7660097999543
6,40,3000,65,44,1,115,35,502.0,721.5540503787048
6,40,3000,60,49,1,223,23,622.0,387.62777873204703
6,40,3000,60,40,0,163,30,634.0,0.0
6,40,3000,65,49,0,157,22,548.0,0.0
6,40,3000,60,47,1,115,27,442.0,447.8169942477769
6,40,3000,60,37,0,171,32,740.0,0.0
6,40,3000,80,36,1,95,38,436.0,547.0891698265642
6,40,3000,90,43,1,177,35,718.0,598.013241102124
6,40,3000,60,48,0,151,16,468.0,0.0
6,40,3000,65,47,0,199,23,614.0,0.0
6,40,3000,75,47,1,213,28,646.0,528.1224234075569
6,40,3000,65,50,0,207,26,676.0,0.0
6,40,3000,70,35,1,121,38,492.0,569.0887711422772
6,40,3000,80,36,1,107,40,492.0,491.71515967305646
6,40,3000,60,36,1,109,37,536.0,429.9721426632602
6,40,3000,65,40,0,221,35,876.0,0.0
6,40,3000,65,36,0,221,38,940.0,0.0
6,40,3000,70,43,1,147,33,450.0,488.5261797428455
6,40,3000,90,42,0,175,36,712.0,0.0
6,40,3000,85,37,0,211,38,674.0,0.0
6,40,500,70,41,1,17,3,18.0,45.950914537216725
6,40,3000,65,47,0,167,23,566.0,0.0
6,40,3000,60,47,1,135,22,430.0,340.3667961824968
6,40,500,70,46,0,9,1,10.0,0.0
6,40,3000,75,50,0,177,30,660.0,0.0
6,40,3000,85,49,1,121,31,384.0,590.8478221976477
6,40,500,85,36,0,9,1,10.0,0.0
6,40,500,70,35,0,0,0,0.0,0.0
6,40,500,75,40,1,3,1,4.0,9.0
6,40,500,60,41,1,3,1,4.0,9.0
6,40,500,60,38,1,7,1,8.0,6.0
6,40,500,65,44,0,9,1,10.0,0.0
6,40,500,80,42,1,13,2,14.0,45.30385630180419
6,40,500,85,36,1,9,1,10.0,4.0
6,40,500,80,36,0,19,3,20.0,0.0
6,40,500,90,39,0,0,0,0.0,0.0
6,40,500,70,44,1,7,1,8.0,15.0
6,40,500,65,49,0,0,0,0.0,0.0
6,40,500,65,46,1,0,0,0.0,0.0
6,40,500,60,50,0,17,3,18.0,0.0
6,40,500,65,39,1,5,1,6.0,12.0
6,40,500,75,39,1,3,1,4.0,0.0
6,40,500,90,38,1,13,3,14.0,13.324934321219649
6,40,500,65,44,0,0,0,0.0,0.0
6,40,500,75,46,1,0,0,0.0,0.0
6,40,500,60,44,0,0,0,0.0,0.0
6,40,500,60,50,0,1,1,2.0,0.0
6,40,500,60,37,0,11,2,12.0,0.0
6,40,500,80,39,0,9,2,10.0,0.0
6,40,500,60,40,0,9,1,10.0,0.0
6,40,500,75,40,0,7,2,16.0,0.0
6,40,500,85,45,1,5,1,6.0,10.716374662884755
6,40,500,60,45,1,0,0,0.0,0.0
6,40,500,75,49,1,5,1,6.0,2.8284271247461903
6,40,500,85,35,1,0,0,0.0,0.0
6,40,500,70,38,0,0,0,0.0,0.0
6,40,500,80,37,1,13,3,18.0,38.439428912267715
6,40,500,85,39,0,17,2,18.0,0.0
6,40,500,65,38,1,0,0,0.0,0.0
6,40,500,80,44,1,0,0,0.0,0.0
6,40,500,80,47,0,0,0,0.0,0.0
6,40,500,70,36,0,9,1,10.0,0.0
6,40,500,65,42,1,7,1,8.0,14.385095479316876
6,40,500,65,39,0,0,0,0.0,0.0
6,40,500,75,43,1,5,1,6.0,8.72029410174709
6,40,500,80,47,0,0,0,0.0,0.0
6,40,500,80,45,0,0,0,0.0,0.0
6,40,500,65,45,1,0,0,0.0,0.0
6,40,500,60,36,0,5,1,6.0,0.0
6,40,500,85,47,1,9,1,10.0,14.103301774566791
6,40,500,75,35,1,9,1,10.0,13.472467529827401
6,40,500,90,40,0,7,1,8.0,0.0
6,40,500,75,43,1,0,0,0.0,0.0
6,40,500,75,40,1,5,1,6.0,10.495163792201522
6,40,500,75,38,0,5,1,6.0,0.0
6,40,500,65,43,1,0,0,0.0,0.0
6,40,500,85,47,0,9,2,10.0,0.0
6,40,500,80,47,0,1,1,2.0,0.0
6,40,500,75,38,1,15,2,16.0,4.47213595499958
6,40,500,70,36,1,23,3,24.0,15.837882267736525
6,40,500,75,36,0,5,1,6.0,0.0
6,40,500,75,36,0,0,0,0.0,0.0
6,40,500,80,38,1,17,3,18.0,8.0
6,40,500,90,40,1,5,1,6.0,10.682080891128274
6,40,500,75,49,0,5,1,6.0,0.0
6,40,500,90,46,0,9,1,10.0,0.0
6,40,500,80,36,0,0,0,0.0,0.0
6,40,500,70,48,1,0,0,0.0,0.0
6,40,500,65,41,1,9,3,20.0,34.89916776213721
6,40,500,65,49,0,0,0,0.0,0.0
6,40,500,65,50,1,0,0,0.0,0.0
6,40,500,85,39,0,0,0,0.0,0.0
6,40,500,60,39,1,0,0,0.0,0.0
6,40,500,90,40,1,0,0,0.0,0.0
6,40,500,90,48,0,0,0,0.0,0.0
6,40,500,70,39,0,0,0,0.0,0.0
6,40,500,85,37,0,0,0,0.0,0.0
6,40,500,70,37,1,5,1,6.0,10.329452247959775
6,40,500,75,40,0,9,2,10.0,0.0
6,40,500,90,42,1,0,0,0.0,0.0
6,40,500,85,40,1,9,1,10.0,13.155090581160907
6,40,500,85,46,0,0,0,0.0,0.0
6,40,500,80,41,1,9,1,10.0,14.610116195754657
6,40,500,60,37,1,5,1,6.0,8.555620217491551
6,40,500,85,40,0,0,0,0.0,0.0
6,40,500,75,41,0,3,1,4.0,0.0
6,40,500,60,47,1,9,3,10.0,20.76930506627643
6,40,500,70,50,0,0,0,0.0,0.0
6,40,500,90,48,1,17,2,18.0,58.03453299396472
6,40,500,60,50,0,0,0,0.0,0.0
6,40,500,70,35,1,7,1,8.0,12.0
6,40,500,60,41,0,0,0,0.0,0.0
6,40,500,70,42,1,0,0,0.0,0.0
6,40,500,70,37,1,9,1,10.0,14.653305613543367
6,40,500,85,50,1,0,0,0.0,0.0
6,40,500,75,50,0,7,1,8.0,0.0
6,40,500,85,47,0,7,2,8.0,0.0
6,40,500,60,41,0,7,1,8.0,0.0
6,40,500,65,39,1,0,0,0.0,0.0
6,40,500,75,45,0,0,0,0.0,0.0
6,40,500,80,38,1,7,1,8.0,5.656854249492381
6,40,500,85,38,0,0,0,0.0,0.0
6,40,500,90,43,1,5,1,6.0,9.0
6,40,500,70,45,0,9,2,10.0,0.0
6,39,3000,60,35,0,225,29,748.0,0.0
6,39,3000,75,39,1,119,36,468.0,619.3368305316675
6,39,3000,60,41,1,111,26,482.0,564.7963820650959
6,39,3000,85,42,0,279,31,852.0,0.0
6,39,3000,75,49,1,171,34,608.0,650.8034563119081
6,39,3000,85,48,1,127,30,486.0,735.2459789680985
6,39,3000,65,41,0,185,27,684.0,0.0
6,39,3000,60,35,1,121,36,490.0,537.2135892939131
6,39,3000,70,38,0,177,33,738.0,0.0
6,39,3000,75,44,1,127,33,506.0,737.9025843433543
6,39,3000,90,35,0,171,38,630.0,0.0
6,39,3000,60,45,0,231,24,638.0,0.0
6,39,3000,80,48,0,277,26,646.0,0.0
6,39,3000,90,48,1,193,33,590.0,778.7853550634873
6,39,3000,60,37,1,123,38,560.0,729.7015868534808
6,39,3000,80,42,0,211,34,910.0,0.0
6,39,3000,80,44,1,115,29,510.0,402.94182086125454
6,39,3000,85,44,1,101,32,320.0,710.8288595786406
6,39,3000,70,44,0,225,30,904.0,0.0
6,39,3000,60,49,0,227,20,494.0,0.0
6,39,3000,85,49,1,209,29,718.0,446.9153754153054
6,39,3000,70,36,1,93,38,446.0,554.081388375096
6,39,3000,80,43,0,179,27,840.0,0.0
6,39,3000,80,41,0,171,25,648.0,0.0
6,39,3000,90,42,0,227,36,752.0,0.0
6,39,3000,90,46,1,99,31,416.0,564.4835153377957
6,39,3000,60,50,0,121,11,358.0,0.0
6,39,3000,70,50,1,107,25,394.0,519.8889057822379
6,39,3000,65,39,1,131,35,530.0,753.8768256528887
6,39,3000,60,38,1,181,33,754.0,466.1092267043165
6,39,3000,90,38,1,97,39,452.0,596.1705637815854
6,39,3000,60,40,1,103,39,542.0,741.0474689932531
6,39,3000,80,42,0,139,31,692.0,0.0
6,39,3000,75,47,0,165,23,566.0,0.0
6,39,3000,75,50,0,203,21,664.0,0.0
6,39,3000,75,35,1,99,39,460.0,520.6486179643229
6,39,3000,85,48,0,225,25,600.0,0.0
6,39,3000,85,43,1,219,32,704.0,570.2285785350446
6,39,3000,90,44,0,165,25,670.0,0.0
6,39,3000,65,39,0,275,29,760.0,0.0
6,39,3000,65,43,0,217,27,690.0,0.0
6,39,3000,80,47,1,181,38,644.0,704.5101323909565
6,39,3000,90,50,1,165,31,610.0,632.5603691147014
6,39,3000,70,50,0,169,18,608.0,0.0
6,39,3000,70,49,0,201,20,564.0,0.0
6,39,3000,60,45,1,219,26,714.0,587.5844560217429
6,39,3000,60,36,1,93,38,482.0,593.8491905076581
6,39,3000,85,36,0,213,37,730.0,0.0
6,39,3000,80,39,0,169,30,702.0,0.0
6,39,3000,80,44,1,171,28,510.0,484.7484491248183
6,39,3000,70,48,1,151,23,382.0,470.68857403462545
6,39,3000,85,46,0,165,27,710.0,0.0
6,39,3000,75,43,1,157,34,630.0,805.7401843524348
6,39,3000,70,39,0,211,32,864.0,0.0
6,39,3000,90,38,1,107,36,460.0,558.9300855360315
6,39,3000,75,37,0,171,33,822.0,0.0
6,39,3000,65,37,1,111,36,568.0,550.1284221345289
6,39,3000,70,42,0,183,35,694.0,0.0
6,39,3000,65,44,1,129,30,358.0,622.9100060271826
6,39,3000,65,43,1,173,24,460.0,434.0457863074683
6,39,3000,70,46,0,221,20,658.0,0.0
6,39,3000,70,37,1,97,36,474.0,704.7105048606211
6,39,3000,75,40,0,171,31,722.0,0.0
6,39,3000,75,39,0,171,28,756.0,0.0
6,39,3000,85,43,0,217,28,632.0,0.0
6,39,3000,85,44,1,221,31,674.0,609.7288100317181
6,39,3000,80,48,0,147,21,630.0,0.0
6,39,3000,85,48,1,153,16,542.0,349.9059279767085
6,39,3000,65,45,1,109,25,478.0,459.6411553086395
6,39,3000,70,44,0,173,26,796.0,0.0
6,39,3000,80,38,0,219,35,828.0,0.0
6,39,3000,60,44,1,191,32,746.0,722.4455693458125
6,39,3000,70,40,0,225,32,798.0,0.0
6,39,3000,60,42,1,113,34,530.0,522.2929891839797
6,39,3000,65,50,0,165,19,728.0,0.0
6,39,3000,85,49,1,179,30,570.0,524.186269074257
6,39,3000,70,50,1,105,18,476.0,371.8774391558674
6,39,3000,85,35,0,159,32,584.0,0.0
6,39,3000,75,37,1,111,38,476.0,623.2462694290284
6,39,3000,85,41,1,213,29,598.0,482.49914689864204
6,39,3000,65,44,1,159,26,506.0,556.8595863602237
6,39,3000,65,47,0,347,22,840.0,0.0
6,39,3000,85,45,0,151,24,646.0,0.0
6,39,3000,90,50,0,277,28,878.0,0.0
6,39,3000,75,36,1,103,39,484.0,671.5739063096603
6,39,3000,80,38,0,169,33,796.0,0.0
6,39,3000,85,38,0,169,36,760.0,0.0
6,39,3000,75,39,0,223,31,706.0,0.0
6,39,3000,70,40,1,83,34,450.0,451.22286750525615
6,39,3000,75,47,1,117,30,434.0,578.469537641341
6,39,3000,75,48,1,141,26,486.0,505.07744936227704
6,39,3000,65,37,1,113,38,474.0,727.1473418551391
6,39,3000,65,38,1,225,39,624.0,544.2167014625651
6,39,3000,60,44,0,167,28,754.0,0.0
6,39,3000,80,38,0,173,35,734.0,0.0
6,39,3000,90,43,1,107,38,496.0,816.7579862172383
6,39,3000,60,49,0,169,26,492.0,0.0
6,39,3000,80,47,0,171,28,768.0,0.0
6,39,3000,70,38,1,105,21,442.0,268.25526953424117
6,39,500,85,39,1,0,0,0.0,0.0
6,39,500,75,43,0,0,0,0.0,0.0
6,39,500,80,46,1,0,0,0.0,0.0
6,39,500,85,46,0,7,2,8.0,0.0
6,39,500,85,48,1,0,0,0.0,0.0
6,39,3000,70,40,0,165,28,644.0,0.0
6,39,500,85,37,0,7,1,8.0,0.0
6,39,500,90,45,1,7,1,8.0,10.495163792201522
6,39,500,90,42,1,0,0,0.0,0.0
6,39,500,65,45,1,0,0,0.0,0.0
6,39,500,85,49,0,0,0,0.0,0.0
6,39,500,70,47,0,7,1,8.0,0.0
6,39,500,65,50,1,0,0,0.0,0.0
6,39,500,75,48,0,0,0,0.0,0.0
6,39,500,75,40,0,0,0,0.0,0.0
6,39,500,80,35,1,5,1,6.0,9.0
6,39,500,60,37,0,9,1,10.0,0.0
6,39,500,60,43,0,0,0,0.0,0.0
6,39,500,75,41,0,3,1,4.0,0.0
6,39,500,60,42,1,7,1,8.0,14.531871841075398
6,39,500,70,45,1,0,0,0.0,0.0
6,39,500,70,45,1,0,0,0.0,0.0
6,39,500,65,50,0,9,1,10.0,0.0
6,39,500,60,39,1,0,0,0.0,0.0
6,39,500,80,37,0,0,0,0.0,0.0
6,39,500,85,39,1,5,1,6.0,12.0
6,39,500,60,45,0,0,0,0.0,0.0
6,39,500,85,46,1,0,0,0.0,0.0
6,39,500,70,47,0,0,0,0.0,0.0
6,39,500,90,48,0,7,1,8.0,0.0
6,39,500,90,50,1,13,2,14.0,15.0
6,39,500,75,37,1,3,1,4.0,9.0
6,39,500,90,35,1,19,3,28.0,50.978848414497115
6,39,500,80,35,0,0,0,0.0,0.0
6,39,500,90,38,0,9,1,10.0,0.0
6,39,500,85,41,1,3,1,4.0,9.0
6,39,500,85,43,0,0,0,0.0,0.0
6,39,500,75,46,0,5,1,6.0,0.0
6,39,500,70,47,1,9,1,10.0,13.85320378761378
6,39,500,85,47,1,0,0,0.0,0.0
6,39,500,70,39,1,9,2,10.0,17.280909039591766
6,39,500,90,38,0,15,2,16.0,0.0
6,39,500,85,40,0,9,1,10.0,0.0
6,39,500,60,43,0,5,1,6.0,0.0
6,39,500,80,42,0,3,1,4.0,0.0
6,39,500,70,49,1,7,1,8.0,0.0
6,39,500,70,49,1,0,0,0.0,0.0
6,39,500,85,35,1,0,0,0.0,0.0
6,39,500,75,38,1,9,1,10.0,0.0
6,39,500,65,36,0,9,1,10.0,0.0
6,39,500,75,45,1,0,0,0.0,0.0
6,39,500,75,39,1,0,0,0.0,0.0
6,39,500,65,43,0,0,0,0.0,0.0
6,39,500,75,50,0,0,0,0.0,0.0
6,39,500,80,35,1,17,2,18.0,28.44077272051361
6,39,500,75,35,1,0,0,0.0,0.0
6,39,500,65,37,0,0,0,0.0,0.0
6,39,500,90,37,0,17,2,18.0,0.0
6,39,500,90,42,0,9,1,10.0,0.0
6,39,500,90,45,1,17,3,18.0,34.45054289234806
6,39,500,60,50,0,5,1,6.0,0.0
6,39,500,85,36,0,7,3,12.0,0.0
6,39,500,65,38,1,0,0,0.0,0.0
6,39,500,60,42,0,0,0,0.0,0.0
6,39,500,60,44,1,0,0,0.0,0.0
6,39,500,90,39,0,7,1,8.0,0.0
6,39,500,90,37,1,7,1,8.0,10.977119787307242
6,39,500,80,46,1,0,0,0.0,0.0
6,39,500,70,38,1,0,0,0.0,0.0
6,39,500,90,41,0,0,0,0.0,0.0
6,39,500,65,43,0,5,2,6.0,0.0
6,39,500,80,45,0,0,0,0.0,0.0
6,39,500,65,44,1,9,1,10.0,0.0
6,39,500,65,45,1,3,1,4.0,9.0
6,39,500,90,46,0,9,2,10.0,0.0
6,39,500,70,37,1,0,0,0.0,0.0
6,39,500,65,38,0,9,1,10.0,0.0
6,39,500,85,45,0,0,0,0.0,0.0
6,39,500,70,46,1,0,0,0.0,0.0
6,39,500,65,46,1,7,1,8.0,10.877256256137297
6,39,500,65,46,0,0,0,0.0,0.0
6,39,500,90,48,1,0,0,0.0,0.0
6,39,500,75,35,0,9,1,10.0,0.0
6,39,500,80,38,0,5,1,6.0,0.0
6,39,500,75,38,0,0,0,0.0,0.0
6,39,500,80,41,1,0,0,0.0,0.0
6,39,500,70,44,1,0,0,0.0,0.0
6,39,500,75,47,1,0,0,0.0,0.0
6,39,500,75,48,0,0,0,0.0,0.0
6,39,500,85,40,1,0,0,0.0,0.0
6,39,500,75,41,1,7,1,8.0,14.757915521697797
6,39,500,90,46,1,0,0,0.0,0.0
6,39,500,80,49,0,5,1,6.0,0.0
6,39,500,60,47,0,0,0,0.0,0.0
6,39,500,60,49,0,0,0,0.0,0.0
6,39,500,85,50,1,9,1,10.0,16.093701737994202
6,39,500,70,37,0,1,1,2.0,0.0
6,38,3000,60,38,1,143,32,622.0,489.08529448924156
6,39,500,75,39,0,0,0,0.0,0.0
6,39,500,85,40,0,1,1,2.0,0.0
6,39,500,90,42,1,7,2,14.0,28.699011132421855
6,38,3000,85,40,0,217,30,802.0,0.0
6,39,500,70,50,1,7,2,8.0,15.0
6,38,3000,90,41,1,127,37,550.0,665.5221419963268
6,38,3000,80,40,1,121,37,576.0,744.607171027916
6,38,3000,65,41,1,173,34,678.0,621.8357975564177
6,38,3000,80,45,1,119,30,512.0,472.0970380404006
6,38,3000,70,48,0,221,23,854.0,0.0
6,38,3000,90,44,0,171,28,626.0,0.0
6,38,3000,85,47,0,171,26,736.0,0.0
6,38,3000,85,49,0,165,23,544.0,0.0
6,38,3000,85,35,1,89,38,412.0,544.7875037921311
6,38,3000,70,39,1,145,30,514.0,558.7005942192621
6,38,3000,80,43,1,181,35,612.0,666.6368681018403
6,38,3000,60,42,0,337,28,922.0,0.0
6,38,3000,85,48,0,231,30,866.0,0.0
6,38,3000,90,48,1,111,29,496.0,535.4874445029501
6,38,3000,80,48,0,169,22,552.0,0.0
6,38,3000,85,35,1,89,31,374.0,575.3741606661458
6,38,3000,85,36,0,223,35,742.0,0.0
6,38,3000,70,39,0,169,35,802.0,0.0
6,38,3000,70,39,0,229,35,680.0,0.0
6,38,3000,65,46,1,143,29,616.0,594.1519201209328
6,38,3000,85,49,1,159,29,428.0,456.4185163022187
6,38,3000,65,49,0,151,18,494.0,0.0
6,38,3000,65,36,1,165,37,644.0,441.2056947491551
6,38,3000,80,36,0,259,37,790.0,0.0
6,38,3000,90,40,1,109,35,514.0,557.355707937154
6,38,3000,70,42,1,167,36,598.0,674.6628783839342
6,38,3000,70,44,1,163,34,562.0,892.3971651589201
6,38,3000,90,46,0,221,26,756.0,0.0
6,38,3000,75,47,0,159,19,544.0,0.0
6,38,3000,65,42,0,215,26,634.0,0.0
6,38,3000,65,44,1,173,27,642.0,489.19112791805696
6,38,3000,75,47,0,169,21,608.0,0.0
6,38,3000,80,44,0,219,27,784.0,0.0
6,38,3000,75,46,0,177,24,470.0,0.0
6,38,3000,85,49,1,217,30,700.0,534.9055579779279
6,38,3000,90,50,1,171,24,644.0,514.107876655088
6,38,3000,75,38,1,99,31,468.0,408.5325185508178
6,38,3000,80,38,1,153,38,522.0,598.3643782318618
6,38,3000,75,46,1,135,31,520.0,608.1550393282438
6,38,3000,90,47,1,221,22,548.0,318.61404380101953
6,38,3000,60,47,0,173,25,702.0,0.0
6,38,3000,90,48,0,167,25,722.0,0.0
6,38,3000,70,48,0,163,20,544.0,0.0
6,38,3000,65,41,0,233,28,744.0,0.0
6,38,3000,70,40,1,119,35,538.0,626.1767739010238
6,38,3000,80,36,0,157,34,546.0,0.0
6,38,3000,75,39,1,113,34,506.0,816.9548544439501
6,38,3000,90,46,1,217,29,628.0,561.6042819142788
6,38,3000,85,49,1,117,30,516.0,411.3033683983313
6,38,3000,65,45,0,229,26,1008.0,0.0
6,38,3000,85,50,0,167,22,590.0,0.0
6,38,3000,65,48,0,175,16,468.0,0.0
6,38,3000,90,36,0,165,38,594.0,0.0
6,38,3000,65,37,1,141,35,640.0,518.3635610957351
6,38,3000,60,38,1,165,34,692.0,528.7137734780509
6,38,3000,70,39,0,131,26,634.0,0.0
6,38,3000,65,45,0,269,21,708.0,0.0
6,38,3000,90,46,1,143,35,620.0,600.0949813586847
6,38,3000,80,35,1,103,38,496.0,585.4168670014319
6,38,3000,60,48,1,149,18,364.0,466.99552598943734
6,38,3000,90,38,0,155,30,638.0,0.0
6,38,3000,80,37,1,139,38,534.0,631.5197753158881
6,38,3000,70,38,0,211,34,586.0,0.0
6,38,3000,90,44,0,225,28,766.0,0.0
6,38,3000,60,46,1,115,32,558.0,610.4831459581873
6,38,3000,85,40,1,103,38,514.0,719.4113479127589
6,38,3000,90,44,0,285,30,818.0,0.0
6,38,3000,60,40,0,159,31,702.0,0.0
6,38,3000,70,41,0,173,27,684.0,0.0
6,38,3000,65,43,0,175,28,610.0,0.0
6,38,3000,65,49,1,73,21,388.0,300.0745206015988
6,38,3000,60,46,1,161,31,622.0,648.5866413708841
6,38,3000,75,42,1,117,27,528.0,374.7226664770361
6,38,3000,80,39,1,129,38,476.0,795.3889680221661
6,38,3000,70,46,1,171,27,626.0,480.42943384977383
6,38,3000,85,46,0,213,24,676.0,0.0
6,38,3000,85,43,1,111,36,454.0,651.9972012300768
6,38,3000,60,46,0,135,21,516.0,0.0
6,38,3000,60,46,0,219,21,580.0,0.0
6,38,3000,75,40,0,205,32,816.0,0.0
6,38,3000,60,38,1,125,35,536.0,616.9159417849545
6,38,3000,90,44,0,215,30,762.0,0.0
6,38,3000,65,44,1,167,34,604.0,663.4110215501755
6,38,3000,65,44,0,213,21,650.0,0.0
6,38,3000,70,45,1,133,32,428.0,708.0545085178727
6,38,3000,80,47,0,223,19,664.0,0.0
6,38,3000,65,39,1,113,33,486.0,630.3151103501907
6,38,3000,70,38,1,119,35,552.0,780.2052353456976
6,38,3000,90,40,1,107,35,486.0,528.8603236714557
6,38,3000,80,41,0,155,33,626.0,0.0
6,38,3000,80,44,0,283,26,756.0,0.0
6,38,3000,80,35,0,171,36,660.0,0.0
6,38,3000,90,42,0,167,34,758.0,0.0
6,38,3000,80,50,1,109,23,492.0,526.8111215975382
6,38,3000,80,35,1,215,37,618.0,496.6021142323164
6,38,500,90,36,1,7,1,8.0,10.226607615338214
6,38,3000,65,47,1,215,27,634.0,427.0326869987988
6,38,3000,60,40,0,231,31,662.0,0.0
6,38,500,60,45,0,0,0,0.0,0.0
6,38,500,85,46,1,0,0,0.0,0.0
6,38,3000,85,45,0,233,29,972.0,0.0
6,38,500,85,43,0,0,0,0.0,0.0
6,38,500,75,35,0,0,0,0.0,0.0
6,38,500,85,38,0,0,0,0.0,0.0
6,38,500,80,38,1,0,0,0.0,0.0
6,38,500,70,36,1,7,3,14.0,22.721532634282262
6,38,500,75,36,0,19,2,20.0,0.0
6,38,500,80,45,1,0,0,0.0,0.0
6,38,500,75,50,1,0,0,0.0,0.0
6,38,500,85,35,1,0,0,0.0,0.0
6,38,500,85,49,0,0,0,0.0,0.0
6,38,500,90,44,0,0,0,0.0,0.0
6,38,500,60,37,1,19,2,20.0,28.798255041674988
6,38,500,75,39,0,11,3,12.0,0.0
6,38,500,65,42,1,0,0,0.0,0.0
6,38,500,70,47,0,3,1,4.0,0.0
6,38,500,85,43,1,0,0,0.0,0.0
6,38,500,80,39,0,13,2,14.0,0.0
6,38,500,80,36,0,15,2,16.0,0.0
6,38,500,60,36,0,7,1,8.0,0.0
6,38,500,60,40,1,5,1,6.0,10.847942411477515
6,38,500,70,50,1,9,1,10.0,16.059071660795826
6,38,500,90,47,1,0,0,0.0,0.0
6,38,500,65,43,0,9,2,10.0,0.0
6,38,500,65,43,1,0,0,0.0,0.0
6,38,500,80,36,0,9,1,10.0,0.0
6,38,500,65,36,1,5,1,6.0,2.8284271247461903
6,38,500,70,39,0,7,1,8.0,0.0
6,38,500,75,43,1,7,1,8.0,10.710014405983678
6,38,500,60,47,0,0,0,0.0,0.0
6,38,500,90,43,1,0,0,0.0,0.0
6,38,500,70,47,0,0,0,0.0,0.0
6,38,500,85,36,1,9,1,10.0,10.074009447944972
6,38,500,75,41,0,9,1,10.0,0.0
6,38,500,90,39,0,15,2,16.0,0.0
6,38,500,70,42,1,0,0,0.0,0.0
6,38,500,85,43,1,11,2,12.0,8.537319187990754
6,38,500,60,44,0,9,1,10.0,0.0
6,38,500,70,50,1,0,0,0.0,0.0
6,38,500,85,37,1,0,0,0.0,0.0
6,38,500,80,37,1,0,0,0.0,0.0
6,38,500,65,45,0,0,0,0.0,0.0
6,38,500,75,45,0,0,0,0.0,0.0
6,38,500,90,44,1,5,1,6.0,12.0
6,38,500,85,48,0,3,1,4.0,0.0
6,38,500,60,50,0,19,2,20.0,0.0
6,38,500,75,43,1,0,0,0.0,0.0
6,38,500,60,37,1,9,2,10.0,21.0
6,38,500,70,37,0,0,0,0.0,0.0
6,38,500,80,35,0,9,1,10.0,0.0
6,38,500,60,41,1,0,0,0.0,0.0
6,38,500,75,47,0,7,1,8.0,0.0
6,38,500,75,50,1,0,0,0.0,0.0
6,38,500,80,50,0,0,0,0.0,0.0
6,38,500,80,43,1,3,1,4.0,5.074009447944972
6,38,500,60,37,1,1,1,2.0,6.0
6,38,500,70,39,1,1,1,2.0,6.0
6,38,500,65,39,0,19,2,20.0,0.0
6,38,500,75,42,0,0,0,0.0,0.0
6,38,500,65,42,1,0,0,0.0,0.0
6,38,500,60,44,0,1,1,2.0,0.0
6,38,500,85,48,0,0,0,0.0,0.0
6,38,500,90,35,0,0,0,0.0,0.0
6,38,500,80,35,1,0,0,0.0,0.0
6,38,500,85,36,1,1,1,2.0,3.0
6,38,500,85,40,1,0,0,0.0,0.0
6,38,500,65,43,1,17,2,18.0,23.949967141285203
6,38,500,80,50,0,9,1,10.0,0.0
6,38,500,75,49,0,0,0,0.0,0.0
6,38,500,90,40,0,0,0,0.0,0.0
6,38,500,65,35,0,0,0,0.0,0.0
6,38,500,85,39,0,11,3,22.0,0.0
6,38,500,90,46,1,0,0,0.0,0.0
6,38,500,60,45,1,3,1,4.0,9.0
6,38,500,80,48,1,0,0,0.0,0.0
6,38,500,60,44,0,7,2,16.0,0.0
6,38,500,60,39,1,5,1,6.0,12.0
6,38,500,90,43,0,15,3,16.0,0.0
6,38,500,85,43,1,0,0,0.0,0.0
6,38,500,90,46,1,5,1,6.0,9.0
6,38,500,70,39,0,0,0,0.0,0.0
6,38,500,60,40,1,0,0,0.0,0.0
6,38,500,65,49,0,0,0,0.0,0.0
6,38,500,65,35,0,0,0,0.0,0.0
6,38,500,85,37,0,0,0,0.0,0.0
6,38,500,85,42,0,0,0,0.0,0.0
6,38,500,85,41,1,0,0,0.0,0.0
6,38,500,90,48,0,0,0,0.0,0.0
6,38,500,70,47,1,1,1,2.0,6.0
6,38,500,90,47,1,0,0,0.0,0.0
6,38,500,70,40,1,0,0,0.0,0.0
6,38,500,85,39,0,0,0,0.0,0.0
6,38,500,90,47,0,7,1,8.0,0.0
6,38,500,60,35,0,0,0,0.0,0.0
6,38,500,85,44,1,0,0,0.0,0.0
6,38,500,85,48,1,9,1,10.0,18.0
6,38,500,80,43,1,5,1,6.0,9.0
6,38,500,80,48,0,0,0,0.0,0.0
6,37,3000,90,37,0,155,35,690.0,0.0
6,37,3000,80,38,1,109,37,476.0,581.8743540006992
6,37,3000,85,48,1,111,30,506.0,644.0768535141566
6,37,3000,70,46,1,103,31,504.0,515.5931594109279
6,37,3000,90,47,1,125,28,568.0,574.2845865723567
6,37,3000,70,50,0,147,19,586.0,0.0
6,37,3000,65,49,0,327,18,586.0,0.0
6,37,3000,80,41,0,171,24,648.0,0.0
6,37,3000,65,41,0,229,28,710.0,0.0
6,37,3000,65,39,0,215,28,792.0,0.0
6,37,3000,90,42,1,149,34,564.0,705.993802537191
6,37,3000,60,44,0,175,25,752.0,0.0
6,37,3000,75,43,1,117,30,472.0,797.5921538412249
6,37,3000,90,49,1,221,26,552.0,468.92711095623457
6,37,3000,90,50,1,115,22,416.0,531.6059534526881
6,37,3000,70,46,0,173,26,646.0,0.0
6,37,3000,60,36,1,101,37,502.0,480.33632038818024
6,37,3000,70,38,0,175,31,694.0,0.0
6,37,3000,60,40,1,103,31,414.0,484.1224267078846
6,37,3000,70,40,0,171,27,570.0,0.0
6,37,3000,60,40,1,111,33,504.0,531.7904333617182
6,37,3000,80,43,0,147,16,378.0,0.0
6,37,3000,75,50,1,153,23,436.0,597.3887948564998
6,37,3000,85,35,0,147,35,648.0,0.0
6,37,3000,75,35,0,203,35,716.0,0.0
6,37,3000,80,39,1,109,33,436.0,695.0845727923934
6,37,3000,60,41,1,137,25,486.0,402.95602877161264
6,37,3000,90,38,1,105,37,462.0,603.2092346078364
6,37,3000,80,39,0,169,29,790.0,0.0
6,37,3000,85,47,0,225,22,554.0,0.0
6,37,3000,65,41,0,169,26,630.0,0.0
6,37,3000,60,41,1,167,35,634.0,690.667645744531
6,37,3000,70,45,1,147,34,564.0,739.551979833609
6,37,3000,80,42,1,219,29,594.0,506.31262138435375
6,37,3000,85,49,0,117,19,376.0,0.0
6,37,3000,75,47,1,167,21,668.0,273.661407014124
6,37,3000,70,43,0,109,24,560.0,0.0
6,37,3000,70,36,0,217,34,700.0,0.0
6,37,3000,60,37,1,115,30,452.0,449.6856282563304
6,37,3000,85,35,0,107,34,484.0,0.0
6,37,3000,75,42,0,169,31,862.0,0.0
6,37,3000,70,39,1,203,34,624.0,628.8189161922018
6,37,3000,65,44,0,169,26,622.0,0.0
6,37,3000,90,46,1,95,28,382.0,437.9258626576615
6,37,3000,70,50,1,135,17,426.0,391.1629278642167
6,37,3000,65,46,0,183,26,708.0,0.0
6,37,3000,80,37,1,97,34,462.0,524.9794806524737
6,37,3000,60,36,0,229,32,894.0,0.0
6,37,3000,85,37,0,159,34,682.0,0.0
6,37,3000,90,41,1,149,36,586.0,591.5257724310427
6,37,3000,65,41,1,99,33,400.0,417.88384986496146
6,37,3000,70,48,0,169,15,438.0,0.0
6,37,3000,60,49,0,149,20,472.0,0.0
6,37,3000,80,48,1,105,23,366.0,493.73428667253523
6,37,3000,90,44,1,133,28,522.0,591.771402648237
6,37,3000,90,37,0,223,29,620.0,0.0
6,37,3000,90,40,1,111,28,336.0,515.8893765887486
6,37,3000,85,41,1,113,34,506.0,763.4300735876617
6,37,3000,75,42,0,165,26,604.0,0.0
6,37,3000,90,40,1,175,36,544.0,468.47503250593434
6,37,3000,80,47,0,171,19,578.0,0.0
6,37,3000,60,48,0,169,26,664.0,0.0
6,37,3000,90,36,1,159,36,546.0,559.9143206907013
6,37,3000,85,37,0,167,35,790.0,0.0
6,37,3000,70,41,0,171,31,716.0,0.0
6,37,3000,90,41,0,137,34,610.0,0.0
6,37,3000,80,40,1,107,36,492.0,704.819655566432
6,37,3000,70,38,0,213,29,810.0,0.0
6,37,3000,60,38,1,113,33,544.0,495.9298542879103
6,37,3000,70,50,1,231,24,700.0,634.2826216705231
6,37,3000,90,48,1,151,27,510.0,693.3262562596278
6,37,3000,75,47,1,93,22,430.0,305.2600105472558
6,37,3000,60,50,0,157,19,532.0,0.0
6,37,3000,70,39,0,215,31,666.0,0.0
6,37,3000,75,38,1,107,37,472.0,749.8747389234392
6,37,3000,60,37,0,225,30,722.0,0.0
6,37,3000,90,43,1,171,36,608.0,814.913531218449
6,37,3000,60,43,1,97,32,512.0,658.1616165909958
6,37,3000,85,49,0,205,25,718.0,0.0
6,37,3000,80,47,0,191,19,582.0,0.0
6,37,3000,70,41,1,111,27,424.0,478.91773122034505
6,37,3000,75,39,0,171,31,794.0,0.0
6,37,3000,70,47,0,211,23,476.0,0.0
6,37,3000,75,50,1,165,27,522.0,721.4127994573528
6,37,3000,90,49,1,105,29,402.0,497.0244350523653
6,37,3000,60,48,1,175,20,438.0,493.1147818183828
6,37,3000,65,48,0,183,14,502.0,0.0
6,37,3000,60,48,0,171,23,660.0,0.0
6,37,3000,75,35,1,85,37,440.0,576.3158941675784
6,37,3000,80,44,0,227,31,738.0,0.0
6,37,3000,80,40,0,227,27,776.0,0.0
6,37,3000,75,39,0,223,27,716.0,0.0
6,37,3000,75,48,1,177,33,686.0,757.3980049739841
6,37,3000,80,45,1,109,29,456.0,686.4430111549432
6,37,3000,80,48,1,123,26,458.0,448.1614750728101
6,37,3000,75,47,0,285,26,876.0,0.0
6,37,3000,85,36,1,95,37,396.0,534.9867128736042
6,37,500,60,35,0,7,2,16.0,0.0
6,37,3000,60,38,0,169,31,660.0,0.0
6,37,500,90,47,1,0,0,0.0,0.0
6,37,3000,85,47,0,151,18,568.0,0.0
6,37,3000,90,47,1,109,30,500.0,559.1822531893436
6,37,500,85,45,1,15,2,16.0,34.84885546563568
6,37,500,90,50,0,3,1,4.0,0.0
6,37,500,80,36,0,0,0,0.0,0.0
6,37,500,65,38,1,7,2,8.0,12.0
6,37,500,60,38,0,9,2,16.0,0.0
6,37,500,75,40,0,0,0,0.0,0.0
6,37,500,65,43,1,0,0,0.0,0.0
6,37,500,70,42,1,7,1,8.0,14.216587104659624
6,37,500,80,35,0,0,0,0.0,0.0
6,37,500,65,38,1,9,1,10.0,6.0
6,37,500,90,43,0,0,0,0.0,0.0
6,37,500,65,45,1,7,1,8.0,10.155090581160907
6,37,500,70,45,1,9,2,10.0,30.363964554576295
6,37,500,80,44,0,9,1,10.0,0.0
6,37,500,90,49,1,0,0,0.0,0.0
6,37,500,75,38,0,0,0,0.0,0.0
6,37,500,75,37,0,0,0,0.0,0.0
6,37,500,60,36,1,5,1,6.0,7.414213562373095
6,37,500,85,45,0,0,0,0.0,0.0
6,37,500,65,46,1,0,0,0.0,0.0
6,37,500,75,45,1,0,0,0.0,0.0
6,37,500,85,50,1,0,0,0.0,0.0
6,37,500,60,49,0,0,0,0.0,0.0
6,37,500,65,37,1,9,2,14.0,31.488778191776348
6,37,500,60,43,0,0,0,0.0,0.0
6,37,500,85,40,0,9,1,10.0,0.0
6,37,500,75,42,1,3,1,4.0,9.0
6,37,500,70,44,0,0,0,0.0,0.0
6,37,500,60,50,1,0,0,0.0,0.0
6,37,500,75,48,0,0,0,0.0,0.0
6,37,500,80,36,0,11,2,12.0,0.0
6,37,500,90,42,1,0,0,0.0,0.0
6,37,500,85,44,1,15,2,16.0,52.48150323575048
6,37,500,65,44,1,0,0,0.0,0.0
6,37,500,60,40,0,0,0,0.0,0.0
6,37,500,65,37,0,9,2,10.0,0.0
6,37,500,80,45,1,0,0,0.0,0.0
6,37,500,60,39,0,0,0,0.0,0.0
6,37,500,75,39,0,9,1,10.0,0.0
6,37,500,75,40,1,0,0,0.0,0.0
6,37,500,65,42,0,3,1,4.0,0.0
6,37,500,85,40,1,19,3,20.0,34.7405025275941
6,37,500,80,41,1,3,1,4.0,9.0
6,37,500,80,49,0,0,0,0.0,0.0
6,37,500,60,38,0,0,0,0.0,0.0
6,37,500,75,38,0,0,0,0.0,0.0
6,37,500,70,40,1,0,0,0.0,0.0
6,37,500,75,41,1,0,0,0.0,0.0
6,37,500,75,43,1,9,2,14.0,23.481882593676513
6,37,500,60,49,0,0,0,0.0,0.0
6,37,500,70,49,1,9,1,10.0,2.8284271247461903
6,37,500,60,37,0,3,2,4.0,0.0
6,37,500,85,36,1,0,0,0.0,0.0
6,37,500,70,42,0,0,0,0.0,0.0
6,37,500,90,44,0,9,1,10.0,0.0
6,37,500,80,46,0,0,0,0.0,0.0
6,37,500,60,50,1,9,1,10.0,18.0
6,37,500,75,50,1,0,0,0.0,0.0
6,37,500,90,45,1,1,1,2.0,6.0
6,37,500,65,38,1,3,1,4.0,6.0
6,37,500,90,41,0,17,3,18.0,0.0
6,37,500,80,45,0,13,2,14.0,0.0
6,37,500,75,43,0,0,0,0.0,0.0
6,37,500,60,49,1,0,0,0.0,0.0
6,37,500,90,48,1,0,0,0.0,0.0
6,37,500,90,49,0,0,0,0.0,0.0
6,37,500,75,44,1,3,1,4.0,0.0
6,37,500,75,35,0,0,0,0.0,0.0
6,37,500,70,37,1,1,1,2.0,6.0
6,37,500,60,39,0,5,1,6.0,0.0
6,37,500,80,41,1,7,1,8.0,15.0
6,37,500,70,42,1,0,0,0.0,0.0
6,37,500,60,41,1,5,1,6.0,12.0
6,37,500,60,47,0,7,1,8.0,0.0
6,37,500,90,48,0,0,0,0.0,0.0
6,37,500,65,39,1,0,0,0.0,0.0
6,37,500,65,40,0,1,1,2.0,0.0
6,37,500,85,45,0,21,3,22.0,0.0
6,37,500,80,45,1,0,0,0.0,0.0
6,37,500,85,47,1,3,1,4.0,9.0
6,37,500,75,44,0,7,1,8.0,0.0
6,37,500,60,47,0,7,1,8.0,0.0
6,37,500,80,42,1,0,0,0.0,0.0
6,37,500,60,36,0,7,1,8.0,0.0
6,37,500,70,45,0,11,2,12.0,0.0
6,37,500,80,37,1,0,0,0.0,0.0
6,37,500,80,43,0,5,1,6.0,0.0
6,37,500,70,45,1,0,0,0.0,0.0
6,37,500,75,46,0,0,0,0.0,0.0
6,37,500,80,48,1,3,1,4.0,9.0
6,37,500,90,36,0,0,0,0.0,0.0
6,37,500,60,49,1,9,1,10.0,10.793612673292923
6,37,500,75,39,0,0,0,0.0,0.0
6,37,500,75,44,1,5,1,6.0,12.0
6,37,500,75,36,1,0,0,0.0,0.0
6,37,500,75,40,1,9,1,10.0,14.407902842583166
6,37,500,60,48,0,3,1,4.0,0.0
6,37,500,75,45,0,0,0,0.0,0.0
6,36,3000,90,39,1,113,36,516.0,568.9908241189145
6,36,3000,70,39,0,173,31,654.0,0.0
6,36,3000,80,36,0,109,32,622.0,0.0
6,36,3000,80,39,1,97,34,432.0,666.6741352516719
6,36,3000,75,44,1,135,30,490.0,727.6592102102223
6,36,3000,90,45,0,175,21,668.0,0.0
6,36,3000,75,48,1,111,24,490.0,611.3165963217936
6,36,3000,75,49,0,209,24,584.0,0.0
6,36,3000,80,39,1,127,33,586.0,540.5978895273653
6,36,3000,75,41,0,115,29,474.0,0.0
6,36,3000,65,45,1,153,27,608.0,502.9103382060034
6,36,3000,65,44,0,171,20,662.0,0.0
6,36,3000,65,48,1,105,26,516.0,577.1980826974152
6,36,3000,75,49,0,169,14,370.0,0.0
6,36,3000,75,39,1,229,35,654.0,915.5023813534966
6,36,3000,75,39,0,229,30,828.0,0.0
6,36,3000,80,35,1,115,32,484.0,408.68868860068073
6,36,3000,60,39,1,115,33,498.0,600.3124915325282
6,36,3000,75,37,1,95,33,414.0,633.7847451678537
6,36,3000,65,48,0,229,20,536.0,0.0
6,36,3000,70,42,0,169,25,682.0,0.0
6,36,3000,65,46,0,169,19,708.0,0.0
6,36,3000,60,42,0,207,29,764.0,0.0
6,36,3000,60,37,1,193,35,550.0,636.9114889651412
6,36,3000,85,50,1,171,28,516.0,697.3911785090513
6,36,3000,70,35,0,157,33,644.0,0.0
6,36,3000,70,41,1,167,32,618.0,556.211051628783
6,36,3000,75,44,0,173,32,618.0,0.0
6,36,3000,60,48,1,107,21,388.0,439.54813793913814
6,36,3000,75,48,0,143,17,468.0,0.0
6,36,3000,70,43,0,207,28,804.0,0.0
6,36,3000,70,40,1,155,31,544.0,603.2589329923792
6,36,3000,70,39,1,105,36,514.0,745.7540610296385
6,36,3000,65,41,0,231,30,794.0,0.0
6,36,3000,70,45,1,105,23,416.0,538.3006507585637
6,36,3000,60,49,0,107,19,344.0,0.0
6,36,3000,90,47,1,151,29,520.0,514.1099793630095
6,36,3000,70,36,0,113,30,644.0,0.0
6,36,3000,75,41,0,271,30,838.0,0.0
6,36,3000,85,39,1,127,35,508.0,886.3507391899093
6,36,3000,90,44,0,145,21,556.0,0.0
6,36,3000,80,48,1,105,24,440.0,603.688540545911
6,36,3000,70,45,0,227,23,544.0,0.0
6,36,3000,80,49,1,113,24,452.0,394.70099137992133
6,36,3000,90,38,0,161,31,594.0,0.0
6,36,3000,90,39,1,207,34,572.0,530.8372610386585
6,36,3000,85,40,1,121,33,584.0,577.4676386934448
6,36,3000,65,41,1,127,32,580.0,540.4154124918498
6,36,3000,85,40,0,175,33,706.0,0.0
6,36,3000,65,44,0,153,19,466.0,0.0
6,36,3000,65,49,1,197,27,600.0,495.15674627088254
6,36,3000,80,37,1,79,27,340.0,367.78946571017553
6,36,3000,75,39,0,149,20,484.0,0.0
6,36,3000,90,38,0,157,33,640.0,0.0
6,36,3000,75,36,1,161,36,576.0,488.5105766478504
6,36,3000,85,43,1,97,33,482.0,568.075948800416
6,36,3000,85,49,0,231,21,644.0,0.0
6,36,3000,80,50,0,233,24,842.0,0.0
6,36,3000,85,37,1,109,36,468.0,672.6675893540076
6,36,3000,75,40,1,159,28,580.0,503.45459963797356
6,36,3000,90,44,0,169,31,716.0,0.0
6,36,3000,60,47,1,119,25,364.0,450.1632555192616
6,36,3000,60,43,0,165,24,640.0,0.0
6,36,3000,85,47,0,173,22,558.0,0.0
6,36,3000,80,47,1,119,31,454.0,513.3103171248201
6,36,3000,75,35,1,159,36,488.0,490.7141619374532
6,36,3000,70,39,0,219,30,844.0,0.0
6,36,3000,60,42,0,225,27,660.0,0.0
6,36,3000,65,35,1,277,34,660.0,472.9531183927052
6,36,3000,70,44,1,167,26,660.0,544.013180690204
6,36,3000,85,44,0,219,29,720.0,0.0
6,36,3000,70,47,0,169,26,762.0,0.0
6,36,3000,90,38,0,209,33,792.0,0.0
6,36,3000,85,42,1,137,35,596.0,511.10552497085143
6,36,3000,70,46,1,217,16,484.0,250.80424080850344
6,36,3000,85,36,1,109,36,498.0,522.2350558353814
6,36,3000,70,44,0,97,18,394.0,0.0
6,36,3000,90,49,0,149,21,464.0,0.0
6,36,3000,70,47,1,199,9,364.0,210.34267994911576
6,36,3000,85,45,1,93,25,388.0,419.02729912674255
6,36,3000,70,36,0,119,32,642.0,0.0
6,36,3000,90,36,0,157,35,618.0,0.0
6,36,3000,60,43,1,141,20,404.0,551.3454879465735
6,36,3000,90,47,1,197,29,546.0,429.61568920714126
6,36,3000,70,46,0,225,24,726.0,0.0
6,36,3000,80,47,0,157,24,426.0,0.0
6,36,3000,80,41,0,173,30,832.0,0.0
6,36,3000,60,42,1,157,25,518.0,394.98605419534323
6,36,3000,65,41,0,173,26,742.0,0.0
6,36,3000,75,44,0,205,28,710.0,0.0
6,36,3000,85,47,1,129,31,502.0,667.4043881486645
6,36,3000,75,40,1,163,35,574.0,568.7736551091798
6,36,3000,60,50,1,173,22,582.0,600.784476617196
6,36,3000,65,36,0,173,35,760.0,0.0
6,36,3000,80,36,0,169,29,634.0,0.0
6,36,3000,60,40,0,235,32,1054.0,0.0
6,36,3000,85,47,1,173,32,612.0,730.9722800036702
6,36,3000,80,45,1,121,31,526.0,514.3694009239027
6,36,3000,70,45,0,223,21,558.0,0.0
6,36,3000,75,47,1,119,32,500.0,491.4823178785566
6,36,500,90,36,0,11,2,12.0,0.0
6,36,500,85,37,1,0,0,0.0,0.0
6,36,500,65,45,1,0,0,0.0,0.0
6,36,500,85,44,0,9,2,10.0,0.0
6,36,500,85,44,1,0,0,0.0,0.0
6,36,500,60,42,0,0,0,0.0,0.0
6,36,500,75,39,1,0,0,0.0,0.0
6,36,500,80,38,0,0,0,0.0,0.0
6,36,500,90,38,0,9,1,10.0,0.0
6,36,500,80,44,0,0,0,0.0,0.0
6,36,500,80,44,0,17,2,18.0,0.0
6,36,500,65,43,1,0,0,0.0,0.0
6,36,500,85,46,1,5,2,6.0,13.96679655251928
6,36,500,75,50,1,9,1,10.0,14.664871548380962
6,36,500,75,35,0,21,3,22.0,0.0
6,36,500,65,36,0,7,2,8.0,0.0
6,36,500,60,39,1,0,0,0.0,0.0
6,36,500,60,46,1,0,0,0.0,0.0
6,36,500,90,39,1,15,2,16.0,53.842677005940835
6,36,500,90,48,0,0,0,0.0,0.0
6,36,500,65,42,1,0,0,0.0,0.0
6,36,500,75,35,1,0,0,0.0,0.0
6,36,500,60,37,0,17,2,18.0,0.0
6,36,500,60,40,0,0,0,0.0,0.0
6,36,500,65,47,0,0,0,0.0,0.0
6,36,500,70,37,0,9,1,10.0,0.0
6,36,500,75,40,1,7,1,8.0,11.949344544024866
6,36,500,70,48,1,0,0,0.0,0.0
6,36,500,60,38,1,3,1,4.0,2.8284271247461903
6,36,500,60,39,1,0,0,0.0,0.0
6,36,500,70,43,0,0,0,0.0,0.0
6,36,500,85,44,1,9,1,10.0,17.133876318123875
6,36,500,60,47,0,0,0,0.0,0.0
6,36,500,75,46,1,9,2,10.0,25.28172258209519
6,36,500,65,50,0,21,3,22.0,0.0
6,36,500,65,43,0,0,0,0.0,0.0
6,36,500,90,39,0,0,0,0.0,0.0
6,36,500,85,44,1,0,0,0.0,0.0
6,36,500,90,44,1,0,0,0.0,0.0
6,36,500,60,45,1,9,2,10.0,21.051030256710114
6,36,500,90,44,0,7,1,8.0,0.0
6,36,500,90,50,0,0,0,0.0,0.0
6,36,500,70,48,1,0,0,0.0,0.0
6,36,500,60,43,0,7,2,8.0,0.0
6,36,500,60,39,1,0,0,0.0,0.0
6,36,500,65,41,1,0,0,0.0,0.0
6,36,500,80,40,0,3,1,4.0,0.0
6,36,500,60,42,0,0,0,0.0,0.0
6,36,500,90,45,1,0,0,0.0,0.0
6,36,500,60,49,0,0,0,0.0,0.0
6,36,500,70,46,1,7,1,8.0,10.369962048985947
6,36,500,75,43,0,9,1,10.0,0.0
6,36,500,60,43,1,0,0,0.0,0.0
6,36,500,60,35,0,0,0,0.0,0.0
6,36,500,70,46,1,7,1,8.0,10.286075719135312
6,36,500,80,45,0,0,0,0.0,0.0
6,36,500,90,41,0,3,1,4.0,0.0
6,36,500,70,47,1,0,0,0.0,0.0
6,36,500,60,37,0,9,1,10.0,0.0
6,36,500,65,40,0,5,1,6.0,0.0
6,36,500,75,38,1,7,1,8.0,0.0
6,36,500,60,41,1,0,0,0.0,0.0
6,36,500,65,50,0,9,1,10.0,0.0
6,36,500,80,44,1,9,2,18.0,34.44131209307897
6,36,500,70,50,1,7,2,8.0,16.50953214246826
6,36,500,70,36,0,0,0,0.0,0.0
6,36,500,80,35,0,0,0,0.0,0.0
6,36,500,65,44,0,0,0,0.0,0.0
6,36,500,90,47,1,7,1,8.0,10.919983716004067
6,36,500,75,49,1,5,1,6.0,7.155090581160907
6,36,500,60,49,1,0,0,0.0,0.0
6,36,500,85,49,0,0,0,0.0,0.0
6,36,500,75,40,0,3,1,4.0,0.0
6,36,500,65,48,1,0,0,0.0,0.0
6,36,500,60,38,1,0,0,0.0,0.0
6,36,500,80,41,0,0,0,0.0,0.0
6,36,500,80,41,0,5,1,6.0,0.0
6,36,500,80,39,1,9,1,10.0,17.898939666134194
6,36,500,60,42,1,19,2,20.0,27.34746873492112
6,36,500,70,49,0,0,0,0.0,0.0
6,36,500,80,43,1,0,0,0.0,0.0
6,36,500,90,36,0,3,1,4.0,0.0
6,36,500,65,42,0,0,0,0.0,0.0
6,36,500,80,36,1,0,0,0.0,0.0
6,36,500,90,47,0,0,0,0.0,0.0
6,36,500,85,41,1,0,0,0.0,0.0
6,36,500,60,47,0,5,1,6.0,0.0
6,36,500,85,48,1,0,0,0.0,0.0
6,36,500,90,35,0,0,0,0.0,0.0
6,36,500,60,37,1,0,0,0.0,0.0
6,36,500,60,44,0,0,0,0.0,0.0
6,36,500,75,45,1,0,0,0.0,0.0
6,36,500,85,50,1,5,1,6.0,0.0
6,36,500,60,46,0,11,2,12.0,0.0
6,36,500,80,42,0,5,1,6.0,0.0
6,36,500,60,50,1,0,0,0.0,0.0
6,36,500,75,49,1,0,0,0.0,0.0
6,36,500,75,36,0,0,0,0.0,0.0
6,35,3000,90,39,1,131,35,548.0,669.4809458884089
6,35,3000,80,41,0,293,27,664.0,0.0
6,35,3000,70,40,1,103,21,418.0,283.06212013583684
6,36,500,75,48,0,19,3,20.0,0.0
6,36,500,75,50,1,0,0,0.0,0.0
6,35,3000,75,49,1,135,23,436.0,356.1818145286533
6,35,3000,85,49,0,131,22,590.0,0.0
6,35,3000,70,44,1,133,30,608.0,768.1546193009806
6,35,3000,65,43,1,163,25,530.0,428.123835238261
6,35,3000,70,45,0,207,20,550.0,0.0
6,35,3000,70,45,0,215,27,712.0,0.0
6,35,3000,60,45,0,275,23,748.0,0.0
6,35,3000,80,47,1,225,22,514.0,395.3324771218102
6,35,3000,85,50,0,211,20,464.0,0.0
6,35,3000,75,37,0,171,30,768.0,0.0
6,35,3000,65,44,1,121,26,382.0,489.43929730484274
6,35,3000,60,36,0,231,29,852.0,0.0
6,35,3000,60,37,0,159,27,644.0,0.0
6,35,3000,70,39,1,107,27,382.0,565.3977025207321
6,35,3000,70,40,1,111,27,428.0,438.75956761832083
6,35,3000,60,45,1,157,25,584.0,531.6285686397953
6,35,3000,80,36,1,99,35,510.0,485.73404970647306
6,35,3000,85,38,0,211,29,672.0,0.0
6,35,3000,80,40,0,139,28,484.0,0.0
6,35,3000,65,37,1,279,34,688.0,614.0996690272647
6,35,3000,70,41,1,111,31,418.0,467.2157518960768
6,35,3000,85,45,0,159,27,598.0,0.0
6,35,3000,90,50,0,169,22,588.0,0.0
6,35,3000,90,38,1,131,32,530.0,631.067597717808
6,35,3000,75,41,1,141,31,464.0,533.7149815142398
6,35,3000,75,49,0,223,13,440.0,0.0
6,35,3000,80,44,1,109,29,550.0,592.5243361133776
6,35,3000,85,47,0,167,22,682.0,0.0
6,35,3000,90,38,1,159,32,612.0,670.1906135372789
6,35,3000,65,42,1,101,33,508.0,613.0397740178846
6,35,3000,85,45,0,177,25,624.0,0.0
6,35,3000,75,48,0,217,22,772.0,0.0
6,35,3000,60,37,0,169,32,784.0,0.0
6,35,3000,70,37,1,101,30,470.0,438.77524236162753
6,35,3000,90,38,0,157,29,548.0,0.0
6,35,3000,85,46,1,105,32,450.0,552.2185963136864
6,35,3000,75,42,1,107,32,490.0,691.8040941783665
6,35,3000,85,50,1,143,25,454.0,727.6518380519448
6,35,3000,60,48,0,169,14,466.0,0.0
6,35,3000,80,45,0,255,29,622.0,0.0
6,35,3000,80,38,0,223,26,610.0,0.0
6,35,3000,75,35,0,195,34,654.0,0.0
6,35,3000,65,38,1,93,33,426.0,518.7840520471102
6,35,3000,90,36,0,173,34,614.0,0.0
6,35,3000,65,38,1,167,34,534.0,518.5499371196825
6,35,3000,90,47,1,151,24,456.0,510.29354887771274
6,35,3000,70,46,0,281,24,812.0,0.0
6,35,3000,80,35,1,121,35,482.0,439.34158988278796
6,35,3000,90,35,1,91,35,432.0,628.3455361901003
6,35,3000,85,40,0,167,30,680.0,0.0
6,35,3000,65,40,0,165,29,676.0,0.0
6,35,3000,85,45,1,117,26,506.0,714.646991205896
6,35,3000,80,47,0,167,22,560.0,0.0
6,35,3000,80,47,1,141,25,512.0,369.0141822658082
6,35,3000,60,39,1,99,27,450.0,447.79627463181123
6,35,3000,60,36,0,217,33,656.0,0.0
6,35,3000,60,38,0,165,26,674.0,0.0
6,35,3000,85,45,1,221,30,674.0,574.9703865634496
6,35,3000,65,45,0,169,14,438.0,0.0
6,35,3000,65,44,1,161,27,628.0,587.3013465140518
6,35,3000,60,45,0,153,23,558.0,0.0
6,35,3000,90,37,0,223,32,672.0,0.0
6,35,3000,70,37,1,111,29,524.0,493.2344293488147
6,35,3000,75,40,0,173,23,630.0,0.0
6,35,3000,75,38,0,165,30,714.0,0.0
6,35,3000,65,47,1,159,25,568.0,506.9501979201933
6,35,3000,85,44,1,167,29,558.0,607.4929826027188
6,35,3000,65,44,1,137,24,536.0,532.2130516355664
6,35,3000,80,35,0,205,32,644.0,0.0
6,35,3000,70,36,0,205,32,658.0,0.0
6,35,3000,80,38,0,111,31,478.0,0.0
6,35,3000,60,35,0,175,31,826.0,0.0
6,35,3000,75,44,1,137,31,526.0,657.5823755676333
6,35,3000,70,45,1,149,25,460.0,467.02235052223665
6,35,3000,75,49,1,89,24,370.0,398.41040373078135
6,35,3000,65,46,1,179,28,646.0,624.6526032188385
6,35,3000,85,36,0,177,32,646.0,0.0
6,35,3000,75,37,1,173,31,498.0,462.0045534538919
6,35,3000,65,42,0,221,21,718.0,0.0
6,35,3000,90,42,0,223,29,674.0,0.0
6,35,3000,60,44,1,109,22,440.0,515.7061421747935
6,35,3000,65,42,1,157,27,508.0,409.26358713260174
6,35,3000,85,50,0,117,17,418.0,0.0
6,35,3000,80,37,0,213,28,688.0,0.0
6,35,3000,60,40,1,101,28,400.0,513.5518020157156
6,35,3000,80,44,0,159,30,718.0,0.0
6,35,3000,65,44,0,165,24,680.0,0.0
6,35,3000,85,45,1,177,24,548.0,472.14471305423984
6,35,3000,90,48,0,205,26,804.0,0.0
6,35,3000,65,50,1,109,17,394.0,417.6357758282535
6,35,3000,80,49,1,115,25,488.0,387.8192416430972
6,35,3000,80,44,1,101,31,524.0,764.4580599182461
6,35,3000,80,37,0,155,31,644.0,0.0
6,35,3000,90,44,0,217,24,706.0,0.0
6,35,500,80,47,1,0,0,0.0,0.0
6,35,3000,75,46,1,115,18,294.0,367.22622104784875
6,35,3000,80,47,1,173,25,548.0,361.4779834376677
6,35,3000,65,46,0,163,21,590.0,0.0
6,35,500,70,36,0,9,3,18.0,0.0
6,35,500,65,37,0,0,0,0.0,0.0
6,35,500,90,43,1,0,0,0.0,0.0
6,35,500,60,44,1,0,0,0.0,0.0
6,35,500,60,48,0,0,0,0.0,0.0
6,35,500,85,49,1,0,0,0.0,0.0
6,35,500,65,47,0,3,1,4.0,0.0
6,35,500,70,35,0,17,2,18.0,0.0
6,35,500,70,38,1,11,2,12.0,13.056417428618738
6,35,500,65,41,0,0,0,0.0,0.0
6,35,500,60,38,1,7,1,8.0,0.0
6,35,500,85,37,1,5,1,6.0,8.628806128438102
6,35,500,90,42,0,9,1,10.0,0.0
6,35,500,80,41,0,15,3,16.0,0.0
6,35,500,65,45,1,3,1,4.0,9.0
6,35,500,70,41,1,0,0,0.0,0.0
6,35,500,90,37,0,0,0,0.0,0.0
6,35,500,60,36,1,0,0,0.0,0.0
6,35,500,85,39,1,9,2,18.0,35.89034599342018
6,35,500,70,41,0,0,0,0.0,0.0
6,35,500,90,37,0,7,1,8.0,0.0
6,35,500,90,36,0,5,1,6.0,0.0
6,35,500,80,42,1,0,0,0.0,0.0
6,35,500,90,36,1,5,2,6.0,10.47213595499958
6,35,500,80,37,1,19,2,20.0,27.982465647488777
6,35,500,85,38,1,13,2,14.0,10.47213595499958
6,35,500,85,38,0,3,1,4.0,0.0
6,35,500,85,45,1,3,1,4.0,9.0
6,35,500,60,45,0,0,0,0.0,0.0
6,35,500,80,47,0,0,0,0.0,0.0
6,35,500,65,46,0,9,1,10.0,0.0
6,35,500,75,41,0,0,0,0.0,0.0
6,35,500,65,45,1,0,0,0.0,0.0
6,35,500,60,35,1,7,1,8.0,10.582355194006208
6,35,500,85,40,0,0,0,0.0,0.0
6,35,500,70,48,0,0,0,0.0,0.0
6,35,500,90,42,1,5,1,6.0,12.0
6,35,500,65,47,1,13,2,14.0,31.715786354244315
6,35,500,80,36,0,0,0,0.0,0.0
6,35,500,85,41,0,7,1,8.0,0.0
6,35,500,60,43,1,7,1,8.0,8.537319187990754
6,35,500,65,43,1,0,0,0.0,0.0
6,35,500,85,46,1,0,0,0.0,0.0
6,35,500,90,49,0,9,1,10.0,0.0
6,35,500,70,50,0,0,0,0.0,0.0
6,35,500,60,41,1,3,1,4.0,9.0
6,35,500,75,36,1,0,0,0.0,0.0
6,35,500,70,35,1,7,1,8.0,12.0
6,35,500,90,40,0,0,0,0.0,0.0
6,35,500,85,39,0,7,1,8.0,0.0
6,35,500,85,42,0,0,0,0.0,0.0
6,35,500,90,50,1,7,1,8.0,15.0
6,35,500,85,46,0,0,0,0.0,0.0
6,35,500,60,48,1,5,1,6.0,12.0
6,35,500,90,38,1,0,0,0.0,0.0
6,35,500,60,39,0,9,1,10.0,0.0
6,35,500,90,40,1,0,0,0.0,0.0
6,35,500,70,48,0,0,0,0.0,0.0
6,35,500,90,39,0,9,1,10.0,0.0
6,35,500,75,50,1,0,0,0.0,0.0
6,35,500,85,35,0,3,1,4.0,0.0
6,35,500,90,39,0,5,1,6.0,0.0
6,35,500,70,41,1,0,0,0.0,0.0
6,35,500,90,45,1,0,0,0.0,0.0
6,35,500,70,45,1,0,0,0.0,0.0
6,35,500,70,47,0,0,0,0.0,0.0
6,35,500,65,47,1,0,0,0.0,0.0
6,35,500,65,47,0,0,0,0.0,0.0
6,35,500,65,38,0,9,1,10.0,0.0
6,35,500,65,35,0,9,1,10.0,0.0
6,35,500,85,38,0,0,0,0.0,0.0
6,35,500,80,43,1,0,0,0.0,0.0
6,35,500,70,47,1,0,0,0.0,0.0
6,35,500,90,46,1,9,2,10.0,26.775160095452968
6,35,500,90,50,0,0,0,0.0,0.0
6,35,500,65,43,1,0,0,0.0,0.0
6,35,500,90,39,1,0,0,0.0,0.0
6,35,500,80,48,0,7,1,8.0,0.0
6,35,500,70,44,0,0,0,0.0,0.0
6,35,500,75,46,1,7,1,8.0,11.126999625515172
6,35,500,75,49,1,9,1,10.0,0.0
6,35,500,65,46,0,7,1,8.0,0.0
6,35,500,65,37,0,0,0,0.0,0.0
6,35,500,60,35,1,0,0,0.0,0.0
6,35,500,75,41,1,15,3,16.0,40.25870051851915
6,35,500,90,42,0,9,1,10.0,0.0
6,35,500,90,45,1,0,0,0.0,0.0
6,35,500,75,42,0,9,1,10.0,0.0
6,35,500,90,45,1,5,1,6.0,10.596542402896462
6,35,500,60,48,0,0,0,0.0,0.0
6,35,500,80,38,1,5,2,12.0,6.0
6,35,500,70,37,0,5,1,6.0,0.0
6,35,500,60,37,0,0,0,0.0,0.0
6,35,500,80,44,1,0,0,0.0,0.0
6,35,500,75,50,1,0,0,0.0,0.0
6,35,500,80,48,0,19,2,20.0,0.0
6,35,500,65,50,0,17,2,18.0,0.0
6,35,500,65,37,0,5,1,6.0,0.0
6,35,500,70,37,1,0,0,0.0,0.0
