num_evs,num_tasks,ev_range,maze_loop_percentage,maze_size,bms,timesteps,num_tasks_finished,ev_distance,drone_distance
10,40,3000,60,35,1,107,37,596.0,527.6604369642131
10,40,3000,80,37,1,115,40,608.0,706.96765726255
10,40,3000,85,41,1,169,35,792.0,626.5455792709205
10,40,3000,80,38,1,165,33,656.0,454.74235664872464
10,40,3000,75,40,1,77,37,522.0,461.7961923947114
10,40,3000,75,38,0,167,29,682.0,0.0
10,40,3000,80,46,0,169,21,704.0,0.0
10,40,3000,85,39,1,115,33,664.0,786.8224540744195
10,40,3000,60,48,0,59,17,368.0,0.0
10,40,3000,60,47,0,221,24,702.0,0.0
10,40,3000,90,50,0,177,21,538.0,0.0
10,40,3000,85,39,0,229,36,868.0,0.0
10,40,3000,75,36,1,115,37,736.0,511.8425010241195
10,40,3000,85,42,1,109,30,626.0,557.1563669021222
10,40,3000,90,37,1,119,38,648.0,725.1524576231864
10,40,3000,70,43,0,175,31,730.0,0.0
10,40,3000,70,44,0,117,25,476.0,0.0
10,40,3000,60,43,0,225,23,810.0,0.0
10,40,3000,85,45,1,155,31,624.0,569.7989841726526
10,40,3000,85,41,0,167,33,814.0,0.0
10,40,3000,85,44,0,119,32,790.0,0.0
10,40,3000,65,47,1,99,24,464.0,461.5248975561978
10,40,3000,80,41,0,175,33,814.0,0.0
10,40,3000,70,41,1,157,29,840.0,552.7032292594952
10,40,3000,60,35,0,163,33,756.0,0.0
10,40,3000,75,39,0,167,32,826.0,0.0
10,40,3000,65,50,1,107,19,648.0,475.05185362390654
10,40,3000,85,49,1,107,31,654.0,440.64487634390673
10,40,3000,90,40,1,83,34,610.0,550.2199548494895
10,40,3000,85,48,0,173,25,668.0,0.0
10,40,3000,75,39,1,177,31,850.0,637.1360325974936
10,40,3000,90,35,0,177,39,792.0,0.0
10,40,3000,75,37,0,213,35,888.0,0.0
10,40,3000,85,37,0,119,34,730.0,0.0
10,40,3000,85,40,1,163,36,716.0,755.7863854730979
10,40,3000,85,41,1,113,36,644.0,735.2506542995196
10,40,3000,80,44,1,95,33,556.0,756.3668204912226
10,40,3000,65,35,1,175,38,718.0,544.5757233103052
10,40,3000,60,50,0,169,20,606.0,0.0
10,40,2900,60,39,1,145,30,758.0,662.7090249800918
10,40,2900,75,40,1,129,36,708.0,617.6913468359219
10,40,2900,60,41,1,167,28,656.0,567.1271080106925
10,40,2900,90,40,0,221,36,768.0,0.0
10,40,2900,60,44,0,111,22,550.0,0.0
10,40,2900,60,46,1,199,18,452.0,309.4752108748008
10,40,2900,90,45,0,107,28,528.0,0.0
10,40,3000,65,49,0,145,15,518.0,0.0
10,40,2900,70,35,0,217,37,848.0,0.0
10,40,2900,80,36,1,89,36,534.0,529.0117310059169
10,40,2900,65,39,1,107,30,696.0,533.2862016864843
10,40,2900,90,37,0,149,35,730.0,0.0
10,40,2900,90,39,0,163,35,768.0,0.0
10,40,2900,60,46,0,151,16,506.0,0.0
10,40,2900,90,45,1,113,27,426.0,531.5599449975581
10,40,2900,90,48,1,123,20,516.0,501.63688908111277
10,40,2900,75,38,0,165,32,800.0,0.0
10,40,2900,85,39,1,109,35,794.0,618.9560140146565
10,40,2900,80,37,1,109,36,668.0,546.4241563701717
10,40,2900,85,40,0,113,29,646.0,0.0
10,40,2900,85,39,1,83,32,516.0,677.0059934821305
10,40,2900,65,39,0,105,28,660.0,0.0
10,40,2900,85,43,0,149,28,502.0,0.0
10,40,2900,70,43,1,109,31,552.0,547.1675898895173
10,40,2900,75,38,1,149,36,662.0,561.2893533916144
10,40,2900,80,42,0,161,29,718.0,0.0
10,40,2900,60,44,0,215,17,482.0,0.0
10,40,2900,75,45,1,79,23,446.0,517.3616335424698
10,40,2900,90,44,0,161,31,792.0,0.0
10,40,2900,70,45,1,105,25,564.0,604.6934994786643
10,40,2900,80,45,0,155,25,678.0,0.0
10,40,2900,90,50,1,159,25,730.0,686.6747015417119
10,40,2900,85,44,0,219,29,798.0,0.0
10,40,2900,65,47,1,141,27,698.0,372.1622353525781
10,40,2900,70,44,0,209,23,862.0,0.0
10,40,2900,65,44,1,105,33,632.0,702.8228751103757
10,40,2900,65,47,1,125,19,352.0,295.0408674722321
10,40,2900,75,47,0,171,20,502.0,0.0
10,40,2900,65,39,0,223,33,890.0,0.0
10,40,2800,60,39,1,199,31,820.0,683.4659351239019
10,40,2900,90,45,1,153,25,556.0,561.6548932720775
10,40,2900,85,49,0,115,17,572.0,0.0
10,40,2800,70,35,0,161,31,724.0,0.0
10,40,2800,70,38,1,107,28,620.0,417.28197712865693
10,40,2800,65,40,0,107,31,718.0,0.0
10,40,2800,65,45,0,163,20,620.0,0.0
10,40,2800,65,45,1,149,27,530.0,528.997151293894
10,40,2800,70,38,0,159,30,604.0,0.0
10,40,2800,65,44,1,105,28,510.0,787.8237586279366
10,40,2800,90,39,0,153,32,642.0,0.0
10,40,2800,75,41,0,159,30,764.0,0.0
10,40,2800,70,35,1,159,31,654.0,406.42235059851527
10,40,2800,85,43,1,195,32,772.0,561.3880586280901
10,40,2800,60,49,1,77,15,340.0,212.97063517988897
10,40,2800,65,50,1,93,19,314.0,443.2887323186265
10,40,2800,90,38,1,105,33,488.0,427.3534325135821
10,40,2800,65,50,0,99,10,340.0,0.0
10,40,2800,80,48,0,105,20,542.0,0.0
10,40,2800,80,43,0,103,21,620.0,0.0
10,40,2800,60,45,1,87,15,310.0,330.6378728838175
10,40,2800,65,38,0,163,31,828.0,0.0
10,40,2800,90,40,1,111,34,576.0,554.1077394964067
10,40,2800,60,39,0,159,25,640.0,0.0
10,40,2800,90,37,0,149,38,708.0,0.0
10,40,2800,90,47,0,141,24,626.0,0.0
10,40,2800,60,43,1,109,25,544.0,386.8476524573854
10,40,2800,60,49,1,97,12,324.0,156.18772018266813
10,40,2800,70,46,1,107,27,466.0,399.22776820283633
10,40,2800,60,39,0,109,23,486.0,0.0
10,40,2800,65,48,1,107,21,442.0,522.379848380284
10,40,2800,75,47,0,107,23,462.0,0.0
10,40,2800,70,36,0,143,40,774.0,0.0
10,40,2800,70,39,1,105,25,478.0,564.1880071104069
10,40,2800,70,40,1,135,36,590.0,614.6781469547193
10,40,2800,85,42,0,107,29,672.0,0.0
10,40,2800,80,36,0,161,39,882.0,0.0
10,40,2800,65,39,1,99,31,720.0,533.8627202106128
10,40,2800,80,47,1,161,21,376.0,323.279032041126
10,40,2800,70,43,1,99,25,458.0,370.94164316689364
10,40,2700,80,41,1,135,35,684.0,615.0793498385395
10,40,2800,75,43,0,203,31,814.0,0.0
10,40,2800,85,50,0,157,21,740.0,0.0
10,40,2700,60,43,1,101,24,410.0,474.0873457468454
10,40,2700,80,43,0,199,24,640.0,0.0
10,40,2700,65,37,0,137,31,694.0,0.0
10,40,2700,60,42,0,157,12,492.0,0.0
10,40,2700,65,39,1,61,26,354.0,411.3160949626956
10,40,2700,60,36,0,133,29,654.0,0.0
10,40,2700,80,38,1,103,30,496.0,467.2574393818627
10,40,2700,60,36,0,149,30,766.0,0.0
10,40,2700,60,41,1,93,24,466.0,467.1993871819887
10,40,2700,75,39,0,151,23,666.0,0.0
10,40,2700,90,45,1,155,32,584.0,739.2897522331028
10,40,2700,60,45,1,101,20,494.0,592.1159290739931
10,40,2700,70,43,0,99,21,376.0,0.0
10,40,2700,75,37,0,101,35,626.0,0.0
10,40,2700,80,46,1,89,21,362.0,442.62552355255974
10,40,2700,70,39,0,191,27,618.0,0.0
10,40,2700,60,46,1,89,16,390.0,259.52866349157927
10,40,2700,70,48,1,147,22,530.0,572.2686487705585
10,40,2700,80,46,1,73,20,362.0,228.0248354650186
10,40,2700,70,48,0,107,13,404.0,0.0
10,40,2700,75,42,0,157,22,534.0,0.0
10,40,2700,75,50,0,137,14,372.0,0.0
10,40,2700,80,36,0,105,34,730.0,0.0
10,40,2700,65,40,1,155,31,738.0,497.1773768654443
10,40,2700,75,44,1,105,22,568.0,399.5554711340452
10,40,2700,75,48,1,79,21,314.0,555.5591786890677
10,40,2700,65,43,0,153,23,634.0,0.0
10,40,2700,85,41,1,151,35,834.0,629.2839407508502
10,40,2700,80,46,1,153,28,534.0,452.6576882991114
10,40,2700,80,40,1,59,27,440.0,330.4858626185062
10,40,2700,80,35,1,111,38,532.0,481.88180655298623
10,40,2700,90,50,0,161,20,456.0,0.0
10,40,2700,90,40,1,141,31,526.0,430.04093270423715
10,40,2700,70,37,0,153,32,650.0,0.0
10,40,2700,80,38,0,187,33,806.0,0.0
10,40,2700,60,47,0,143,16,458.0,0.0
10,40,2700,70,46,0,139,13,286.0,0.0
10,40,2600,85,36,1,97,29,522.0,504.19847838271835
10,40,2600,90,38,1,93,32,552.0,546.7809600812188
10,40,2600,70,39,0,149,30,760.0,0.0
10,40,2600,85,40,0,153,28,764.0,0.0
10,40,2700,85,49,1,101,23,436.0,341.39458175797546
10,40,2700,85,44,0,103,26,530.0,0.0
10,40,2600,85,48,1,119,23,386.0,456.84033627003197
10,40,2600,90,49,0,121,18,364.0,0.0
10,40,2600,60,35,1,95,32,618.0,453.35497131042075
10,40,2600,70,42,0,131,27,622.0,0.0
10,40,2600,75,41,0,143,24,592.0,0.0
10,40,2600,90,41,1,149,28,480.0,546.5389728096825
10,40,2600,75,47,1,101,21,478.0,274.2724861119334
10,40,2600,90,35,1,99,34,482.0,576.1814953197241
10,40,2600,85,36,0,95,31,582.0,0.0
10,40,2600,90,49,0,135,16,412.0,0.0
10,40,2600,70,39,0,103,28,598.0,0.0
10,40,2600,60,50,1,65,16,276.0,521.597721845251
10,40,2600,85,49,0,99,15,352.0,0.0
10,40,2600,70,45,1,123,21,342.0,255.6468022007364
10,40,2600,70,36,0,143,29,634.0,0.0
10,40,2600,60,35,1,93,23,476.0,278.10617900757563
10,40,2600,70,36,1,149,36,616.0,421.5431410651686
10,40,2600,60,48,1,195,18,542.0,353.12461216268593
10,40,2600,75,41,0,151,25,560.0,0.0
10,40,2600,65,46,0,135,17,362.0,0.0
10,40,2600,90,41,1,87,29,398.0,557.521893576087
10,40,2600,60,42,0,193,19,548.0,0.0
10,40,2600,65,36,1,153,33,718.0,376.8838040300805
10,40,2600,70,50,1,103,18,344.0,414.1554250876859
10,40,2600,60,44,0,145,17,532.0,0.0
10,40,2600,75,35,1,95,33,596.0,458.05217432477605
10,40,2600,65,39,1,127,14,366.0,456.84530899603783
10,40,2600,85,48,0,95,14,374.0,0.0
10,40,2600,90,48,1,153,21,612.0,486.7631869336672
10,40,2600,80,44,0,95,21,422.0,0.0
10,40,2600,75,43,0,93,18,420.0,0.0
10,40,2600,85,49,1,149,18,308.0,266.22840869081523
10,40,2600,90,50,0,81,18,302.0,0.0
10,40,2600,80,35,0,151,30,530.0,0.0
10,40,2500,90,38,0,187,30,670.0,0.0
10,40,2600,80,43,1,143,19,430.0,399.23797969757373
10,40,2500,75,41,1,81,24,422.0,577.7291803424506
10,40,2600,70,47,0,103,12,454.0,0.0
10,40,2500,60,46,1,135,18,454.0,222.03113460139647
10,40,2500,75,49,1,71,19,308.0,184.35549914216807
10,40,2500,90,39,0,133,26,544.0,0.0
10,40,2500,85,49,0,129,17,382.0,0.0
10,40,2500,65,36,1,149,27,614.0,357.04616353318266
10,40,2500,70,38,1,93,27,380.0,468.48366093450545
10,40,2500,65,47,1,97,23,334.0,413.9239273964348
10,40,2500,65,38,1,67,18,312.0,257.0377914825373
10,40,2500,80,44,0,91,19,384.0,0.0
10,40,2500,65,49,0,143,20,682.0,0.0
10,40,2500,75,46,0,133,19,452.0,0.0
10,40,2500,90,42,0,97,25,638.0,0.0
10,40,2500,75,38,1,137,27,638.0,420.2908406910912
10,40,2500,75,35,0,173,28,644.0,0.0
10,40,2500,85,36,1,191,32,704.0,503.49414411425465
10,40,2500,75,40,0,95,27,588.0,0.0
10,40,2500,65,41,0,125,24,532.0,0.0
10,40,2500,85,43,0,137,21,504.0,0.0
10,40,2500,70,44,1,109,21,432.0,584.0223606925795
10,40,2500,85,48,1,83,17,322.0,397.05393463653525
10,40,2500,90,35,0,91,33,580.0,0.0
10,40,2500,75,35,1,137,33,558.0,331.7101212020143
10,40,2500,75,47,1,101,17,386.0,313.76504361910224
10,40,2500,75,41,0,95,27,686.0,0.0
10,40,2500,65,40,0,139,14,358.0,0.0
10,40,2500,60,47,1,89,22,424.0,354.65157394985414
10,40,2500,80,47,0,113,21,530.0,0.0
10,40,2500,60,35,1,157,30,458.0,331.4171815171841
10,40,2500,75,50,1,91,21,440.0,565.0842141509429
10,40,2500,90,35,1,89,33,566.0,525.4632382729524
10,40,2500,60,39,0,191,24,616.0,0.0
10,40,2500,75,42,0,99,18,438.0,0.0
10,40,2500,70,42,1,93,16,296.0,337.40324755081383
10,40,2500,90,39,1,135,28,516.0,642.753384167605
10,40,2500,65,44,0,91,16,320.0,0.0
10,40,2500,75,47,0,97,19,350.0,0.0
10,40,2500,90,37,0,141,31,692.0,0.0
10,40,2500,70,49,1,95,13,296.0,150.31945623197217
10,40,2400,70,40,1,79,23,370.0,370.07127445044273
10,40,2400,60,35,1,79,31,458.0,521.6816679972296
10,40,2400,90,36,1,87,29,498.0,316.25668525110746
10,40,2400,60,35,0,47,23,260.0,0.0
10,40,2400,75,37,1,117,27,474.0,430.2014802021185
10,40,2400,70,48,0,71,10,212.0,0.0
10,40,2400,90,49,0,77,7,160.0,0.0
10,40,2400,80,37,0,139,28,644.0,0.0
10,40,2400,85,43,1,91,22,420.0,509.22868561704934
10,40,2400,70,35,1,95,25,392.0,177.49896408328937
10,40,2400,90,46,1,81,22,392.0,263.36420426559715
10,40,2400,85,49,0,91,18,348.0,0.0
10,40,2400,65,42,0,119,11,296.0,0.0
10,40,2400,60,41,0,91,18,352.0,0.0
10,40,2400,90,38,0,91,27,512.0,0.0
10,40,2400,70,36,0,135,29,602.0,0.0
10,40,2400,90,41,1,127,25,508.0,458.44194848951474
10,40,2400,75,42,0,125,25,468.0,0.0
10,40,2400,85,49,1,107,22,378.0,407.7537416300532
10,40,2400,70,47,1,51,10,248.0,136.83371854134984
10,40,2400,60,50,1,83,10,196.0,270.65598868969164
10,40,2400,90,50,0,91,14,386.0,0.0
10,40,2400,90,38,1,135,27,568.0,421.48215136664794
10,40,2400,60,41,0,165,17,336.0,0.0
10,40,2400,85,45,1,75,21,338.0,314.7449550100303
10,40,2400,65,37,1,81,25,478.0,405.51159300580656
10,40,2400,70,43,0,133,17,486.0,0.0
10,40,2400,85,47,0,67,16,306.0,0.0
10,40,2400,65,48,1,89,8,230.0,296.3030161943892
10,40,2400,65,47,0,91,14,318.0,0.0
10,40,2400,60,45,1,89,16,260.0,300.05677036519455
10,40,2400,90,37,0,139,29,656.0,0.0
10,40,2400,70,35,1,133,28,584.0,443.61741211070193
10,40,2400,60,41,0,91,10,244.0,0.0
10,40,2400,80,43,1,111,23,410.0,442.5720337877813
10,40,2300,80,36,1,87,31,498.0,397.1536891565812
10,40,2400,75,39,0,83,22,404.0,0.0
10,40,2400,70,50,1,91,16,370.0,370.06461101407996
10,40,2400,90,48,0,141,16,504.0,0.0
10,40,2300,65,43,0,117,12,308.0,0.0
10,40,2400,60,47,1,69,14,308.0,158.03430298825538
10,40,2400,75,46,0,93,21,418.0,0.0
10,40,2300,85,35,0,157,27,748.0,0.0
10,40,2300,80,50,1,107,13,264.0,281.3196472397801
10,40,2300,80,37,1,115,26,486.0,475.3054343711162
10,40,2300,75,36,1,85,24,454.0,323.0025757969445
10,40,2300,65,41,0,119,11,240.0,0.0
10,40,2300,60,43,0,83,13,246.0,0.0
10,40,2300,65,44,1,65,17,204.0,360.3855823047591
10,40,2300,75,40,1,131,22,500.0,334.27697505825415
10,40,2300,70,41,1,71,20,292.0,335.0525542826183
10,40,2300,65,48,0,85,19,358.0,0.0
10,40,2300,75,35,0,81,28,506.0,0.0
10,40,2300,75,46,0,131,16,298.0,0.0
10,40,2300,75,47,1,43,10,142.0,112.68542315079843
10,40,2300,90,50,0,87,14,292.0,0.0
10,40,2300,75,44,1,113,24,432.0,478.79715299655317
10,40,2300,90,50,0,81,11,294.0,0.0
10,40,2300,70,38,1,79,18,384.0,269.75867872197773
10,40,2300,75,40,1,85,22,402.0,232.26363691007637
10,40,2300,90,49,1,79,12,306.0,160.57937114874835
10,40,2300,75,50,0,121,8,284.0,0.0
10,40,2300,75,48,0,113,13,282.0,0.0
10,40,2300,90,35,1,69,29,402.0,315.47868439540235
10,40,2300,90,38,0,119,24,530.0,0.0
10,40,2300,60,41,1,79,18,340.0,342.7156467952376
10,40,2300,90,47,1,61,10,144.0,143.18224002908954
10,40,2300,90,50,0,87,14,336.0,0.0
10,40,2300,70,50,0,89,13,404.0,0.0
10,40,2300,80,45,1,119,15,350.0,436.7433241479943
10,40,2300,70,50,0,119,11,236.0,0.0
10,40,2300,70,40,1,89,25,474.0,335.7853382201673
10,40,2300,65,36,0,169,20,496.0,0.0
10,40,2300,75,46,0,85,15,278.0,0.0
10,40,2300,75,46,1,71,15,232.0,201.18998948436098
10,40,2300,80,48,0,89,15,300.0,0.0
10,40,2300,85,44,1,75,18,292.0,416.23916586478117
10,40,2300,60,46,0,173,11,318.0,0.0
10,40,2300,65,50,1,57,11,152.0,191.83966789088865
10,40,2200,65,37,1,83,22,398.0,299.9263901679848
10,40,2200,70,43,0,115,15,390.0,0.0
10,40,2300,75,43,0,89,15,296.0,0.0
10,40,2200,65,43,1,83,20,368.0,423.55909654599674
10,40,2200,60,45,1,111,10,216.0,122.99121254857837
10,40,2200,85,45,0,87,18,392.0,0.0
10,40,2200,80,44,0,83,16,428.0,0.0
10,40,2200,70,50,1,85,17,286.0,355.99696545702056
10,40,2200,65,36,0,81,17,340.0,0.0
10,40,2200,60,41,1,73,14,330.0,407.4628792871082
10,40,2200,80,36,1,87,20,444.0,230.91192159454064
10,40,2200,80,36,0,123,26,592.0,0.0
10,40,2200,80,44,0,85,17,338.0,0.0
10,40,2200,70,46,1,53,10,214.0,140.25573932591774
10,40,2200,90,35,1,83,31,420.0,382.70945250830613
10,40,2200,85,49,0,109,15,212.0,0.0
10,40,2200,70,36,0,83,22,396.0,0.0
10,40,2200,70,38,0,85,17,358.0,0.0
10,40,2200,80,44,1,51,17,288.0,381.1935273055811
10,40,2200,60,42,0,79,12,304.0,0.0
10,40,2200,70,47,0,43,4,84.0,0.0
10,40,2200,60,43,1,79,11,252.0,212.5688577875775
10,40,2200,65,48,1,69,10,250.0,299.7632228636582
10,40,2200,85,44,1,121,21,416.0,329.6994352552966
10,40,2200,65,37,0,115,19,422.0,0.0
10,40,2200,60,37,0,125,18,412.0,0.0
10,40,2200,80,41,1,79,11,222.0,194.89409930744898
10,40,2200,80,43,1,75,11,280.0,257.1980814027628
10,40,2200,60,42,1,85,14,308.0,190.1817747529274
10,40,2200,65,43,1,59,13,184.0,208.95729226017014
10,40,2200,60,45,0,125,12,360.0,0.0
10,40,2200,65,48,0,95,12,280.0,0.0
10,40,2200,70,38,0,167,16,346.0,0.0
10,40,2200,75,39,0,73,14,296.0,0.0
10,40,2200,90,44,1,123,16,290.0,297.2628727972641
10,40,2200,90,47,1,125,12,308.0,182.83493946268618
10,40,2200,80,45,1,85,14,310.0,306.46659338850674
10,40,2200,65,50,1,69,9,144.0,154.1980014276789
10,40,2200,60,50,0,75,9,234.0,0.0
10,40,2200,90,50,0,77,14,356.0,0.0
10,40,2100,90,36,0,115,17,388.0,0.0
10,40,2100,70,39,0,71,10,212.0,0.0
10,40,2100,60,38,0,77,15,276.0,0.0
10,40,2100,65,40,1,71,22,412.0,279.97985724213265
10,40,2100,80,43,1,119,21,384.0,336.4207560251397
10,40,2200,60,45,0,87,12,220.0,0.0
10,40,2100,75,44,1,79,12,282.0,237.22494144873986
10,40,2100,70,50,1,111,7,260.0,203.68558441971956
10,40,2100,75,35,0,111,21,426.0,0.0
10,40,2100,65,41,1,63,14,262.0,265.17591374891873
10,40,2100,80,41,1,69,21,330.0,387.3987985761447
10,40,2100,90,40,0,77,13,270.0,0.0
10,40,2100,60,44,1,163,17,366.0,380.8014047503527
10,40,2100,60,47,0,77,15,258.0,0.0
10,40,2100,60,36,1,93,30,522.0,404.9271721769552
10,40,2100,65,50,0,41,9,116.0,0.0
10,40,2100,70,48,1,75,11,212.0,307.52942826172125
10,40,2100,90,44,0,83,11,278.0,0.0
10,40,2100,65,36,1,115,20,422.0,204.8083033967638
10,40,2100,70,43,1,79,15,282.0,293.4176458489727
10,40,2100,90,49,0,109,14,296.0,0.0
10,40,2100,85,49,0,117,17,348.0,0.0
10,40,2100,85,40,0,103,14,346.0,0.0
10,40,2100,75,35,1,147,26,398.0,323.0211236671844
10,40,2100,80,38,0,83,18,340.0,0.0
10,40,2100,85,36,1,117,21,360.0,267.9431334447807
10,40,2100,60,40,0,79,13,344.0,0.0
10,40,2100,90,46,1,115,17,352.0,276.21199858833415
10,40,2100,70,41,0,81,15,308.0,0.0
10,40,2100,75,47,0,125,12,272.0,0.0
10,40,2100,90,46,1,77,22,402.0,263.97586922808074
10,40,2100,70,35,1,65,26,300.0,323.94448923685513
10,40,2100,75,39,1,57,18,228.0,411.84552910037524
10,40,2100,75,37,1,115,21,478.0,337.1937739813421
10,40,2100,70,36,0,83,16,358.0,0.0
10,40,2100,90,44,0,77,15,260.0,0.0
10,40,2100,80,45,0,113,19,382.0,0.0
10,40,2100,85,44,0,77,16,286.0,0.0
10,40,2100,80,49,1,79,12,232.0,201.51348382345193
10,40,2100,85,38,0,115,19,310.0,0.0
10,40,2000,60,41,0,111,10,236.0,0.0
10,40,2000,70,37,0,103,17,388.0,0.0
10,40,2100,60,49,1,51,9,178.0,155.4970839367845
10,40,2000,60,45,1,75,6,136.0,122.47402696883242
10,40,2000,70,48,1,107,7,144.0,162.55804033067744
10,40,2000,80,44,0,79,10,290.0,0.0
10,40,2000,75,47,1,75,15,244.0,165.20955701134457
10,40,2000,60,35,0,39,19,286.0,0.0
10,40,2000,75,39,1,119,17,358.0,407.38788227992427
10,40,2000,65,45,1,93,10,168.0,230.21176441981228
10,40,2000,85,42,0,79,16,294.0,0.0
10,40,2000,65,42,1,71,14,180.0,200.31932802277208
10,40,2000,85,42,0,77,11,212.0,0.0
10,40,2000,65,46,1,51,7,126.0,81.51494556781034
10,40,2000,75,48,0,59,9,170.0,0.0
10,40,2000,85,42,1,71,15,258.0,255.64139236218224
10,40,2000,70,37,1,73,17,264.0,205.007728890106
10,40,2000,90,36,0,109,16,334.0,0.0
10,40,2000,65,41,1,107,7,198.0,131.66169694095532
10,40,2000,70,39,0,153,19,326.0,0.0
10,40,2000,85,44,0,71,10,194.0,0.0
10,40,2000,60,45,1,39,8,106.0,151.65040403545277
10,40,2000,65,36,0,113,13,370.0,0.0
10,40,2000,65,48,0,63,8,134.0,0.0
10,40,2000,65,50,1,65,12,190.0,257.64331451200195
10,40,2000,75,43,1,69,22,310.0,497.504723091019
10,40,2000,65,43,0,67,12,236.0,0.0
10,40,2000,90,46,1,73,16,222.0,228.08968323561928
10,40,2000,75,49,0,73,13,186.0,0.0
10,40,2000,85,45,1,73,14,258.0,296.8495930448424
10,40,2000,70,39,1,147,21,404.0,566.2775374861061
10,40,2000,75,44,0,111,16,292.0,0.0
10,40,2000,65,37,0,79,12,234.0,0.0
10,40,2000,60,38,0,77,15,340.0,0.0
10,40,2000,90,39,1,67,10,274.0,227.5478938518569
10,40,2000,60,41,0,131,10,280.0,0.0
10,40,2000,60,44,0,149,15,362.0,0.0
10,40,2000,85,46,1,71,14,220.0,185.04556187175683
10,40,2000,85,49,1,71,10,132.0,173.392033897259
10,40,2000,85,46,1,65,11,184.0,143.16039648928734
10,40,1900,75,39,1,109,21,360.0,460.8079736183838
10,40,1900,65,38,0,103,11,252.0,0.0
10,40,2000,65,42,0,79,10,262.0,0.0
10,40,1900,80,42,1,61,13,236.0,222.09233086956536
10,40,1900,60,38,0,109,15,268.0,0.0
10,40,1900,60,44,1,73,7,124.0,207.55665071829966
10,40,1900,80,49,0,61,11,184.0,0.0
10,40,1900,75,35,1,65,21,314.0,233.65661405830636
10,40,1900,70,47,1,75,8,188.0,108.82583311846078
10,40,1900,90,41,1,85,18,320.0,395.7806714625698
10,40,1900,60,48,0,47,6,76.0,0.0
10,40,1900,90,49,0,63,10,168.0,0.0
10,40,1900,75,46,0,71,8,136.0,0.0
10,40,1900,90,50,1,35,7,124.0,158.2734036338338
10,40,1900,70,39,1,63,10,208.0,291.760682519972
10,40,1900,90,49,0,101,13,202.0,0.0
10,40,1900,80,41,0,103,16,392.0,0.0
10,40,1900,85,43,0,103,12,258.0,0.0
10,40,1900,60,45,0,53,6,114.0,0.0
10,40,1900,70,50,1,73,10,136.0,217.54243849459743
10,40,1900,65,47,1,87,8,180.0,95.02551199878101
10,40,1900,60,46,1,53,7,154.0,106.5141303896842
10,40,1900,65,44,0,75,9,246.0,0.0
10,40,1900,85,44,1,65,11,158.0,242.96319448493225
10,40,1900,85,40,1,95,18,252.0,233.0079610494978
10,40,1900,60,48,0,53,5,92.0,0.0
10,40,1900,80,36,0,75,13,230.0,0.0
10,40,1900,70,43,0,59,3,60.0,0.0
10,40,1900,80,42,1,51,18,230.0,310.5583638011358
10,40,1900,80,49,1,75,11,296.0,190.389597956642
10,40,1900,75,35,1,71,21,396.0,273.1922763385769
10,40,1900,70,37,0,71,13,270.0,0.0
10,40,1900,75,49,0,91,15,314.0,0.0
10,40,1900,85,47,1,67,14,220.0,179.37549366565452
10,40,1900,90,42,0,105,11,212.0,0.0
10,40,1900,70,41,0,103,11,226.0,0.0
10,40,1900,60,42,1,47,11,232.0,187.63252048502815
10,40,1900,80,36,0,109,14,332.0,0.0
10,40,1900,80,48,1,95,14,274.0,353.467957476666
10,40,1900,80,39,0,59,15,194.0,0.0
10,40,1900,65,41,1,73,11,198.0,202.68002151524962
10,40,1800,65,44,0,67,6,168.0,0.0
10,40,1800,90,38,0,81,13,284.0,0.0
10,40,1800,70,41,1,91,11,198.0,213.37996202345042
10,40,1800,65,45,1,63,6,180.0,156.06745917987794
10,40,1800,70,50,1,59,7,100.0,206.0898207232982
10,40,1800,75,48,0,65,7,146.0,0.0
10,40,1800,90,42,1,89,14,230.0,175.62345251131063
10,40,1800,85,43,1,65,14,268.0,289.2182332784423
10,40,1800,70,49,0,35,12,114.0,0.0
10,40,1800,90,40,0,103,19,264.0,0.0
10,40,1800,90,39,0,71,15,312.0,0.0
10,40,1800,80,44,1,81,11,202.0,291.4491627988168
10,40,1800,75,48,0,55,7,84.0,0.0
10,40,1800,75,40,1,59,14,188.0,224.96254137584597
10,40,1800,90,35,0,67,9,158.0,0.0
10,40,1800,85,46,1,39,12,172.0,120.42961769881683
10,40,1800,85,35,0,103,16,314.0,0.0
10,40,1800,65,39,1,57,8,188.0,190.83336242667943
10,40,1800,70,37,1,67,15,230.0,217.06961139484883
10,40,1800,80,41,1,67,15,214.0,330.5628699618016
10,40,1800,60,37,1,103,11,282.0,201.47037288144054
10,40,1800,90,40,0,71,11,136.0,0.0
10,40,1800,85,41,0,95,14,246.0,0.0
10,40,1800,90,48,0,97,13,288.0,0.0
10,40,1800,90,44,0,57,8,192.0,0.0
10,40,1800,80,46,1,63,13,142.0,153.36473812855328
10,40,1800,80,46,1,95,6,166.0,80.31469981579374
10,40,1800,70,40,0,97,19,426.0,0.0
10,40,1800,80,44,0,95,13,292.0,0.0
10,40,1800,70,39,1,33,10,168.0,181.5261335695913
10,40,1800,60,35,1,31,5,58.0,76.76036844865911
10,40,1800,75,48,1,35,5,100.0,175.70293752970812
10,40,1800,65,45,0,67,9,170.0,0.0
10,40,1800,80,38,0,67,14,196.0,0.0
10,40,1800,65,48,0,35,5,102.0,0.0
10,40,1800,85,40,0,59,13,234.0,0.0
10,40,1800,75,46,0,35,6,124.0,0.0
10,40,1800,80,50,1,43,6,150.0,201.66792573363207
10,40,1700,70,37,0,29,7,114.0,0.0
10,40,1800,70,49,1,65,8,182.0,60.29548570610489
10,40,1700,75,48,1,57,8,130.0,250.09344801813157
10,40,1800,75,46,1,41,8,140.0,97.75941974560533
10,40,1700,75,42,1,33,6,122.0,131.96438041404866
10,40,1700,90,36,0,55,15,198.0,0.0
10,40,1700,80,44,1,45,9,132.0,212.3311414198155
10,40,1700,85,46,0,65,7,158.0,0.0
10,40,1700,65,43,1,77,9,110.0,119.09256619232488
10,40,1700,70,48,0,19,2,30.0,0.0
10,40,1700,65,47,1,37,4,50.0,64.80733549190496
10,40,1700,70,50,1,69,8,162.0,176.5548593137626
10,40,1700,80,35,1,47,23,280.0,317.37316916051634
10,40,1700,70,50,0,61,7,176.0,0.0
10,40,1700,75,40,0,59,6,126.0,0.0
10,40,1700,70,37,0,87,8,120.0,0.0
10,40,1700,70,40,1,67,13,168.0,203.20622088768872
10,40,1700,75,35,1,79,15,226.0,236.26653893630512
10,40,1700,70,39,0,91,12,278.0,0.0
10,40,1700,70,45,1,73,17,180.0,340.1668262239013
10,40,1700,60,47,0,45,4,70.0,0.0
10,40,1700,60,50,1,53,6,88.0,149.37708439009168
10,40,1700,80,50,0,31,4,60.0,0.0
10,40,1700,80,48,0,65,9,130.0,0.0
10,40,1700,65,50,1,65,7,136.0,91.08182420246433
10,40,1700,60,38,1,53,9,174.0,144.55181443483536
10,40,1700,65,40,0,63,8,176.0,0.0
10,40,1700,70,40,0,67,6,108.0,0.0
10,40,1700,75,41,0,85,8,154.0,0.0
10,40,1700,85,49,1,61,4,96.0,51.892506447784086
10,40,1700,75,50,0,29,3,58.0,0.0
10,40,1700,70,50,1,33,7,134.0,174.276954583602
10,40,1700,60,40,0,85,12,202.0,0.0
10,40,1700,65,44,1,65,5,100.0,103.38836667798846
10,40,1700,75,36,0,91,18,298.0,0.0
10,40,1700,85,40,0,63,13,210.0,0.0
10,40,1700,60,47,1,31,1,32.0,23.755826047187256
10,40,1700,90,49,1,79,6,112.0,60.73359686575635
10,40,1700,70,48,0,111,7,142.0,0.0
10,40,1700,80,42,1,71,9,148.0,113.21626411931642
10,40,1700,80,49,1,63,11,246.0,165.40360223898102
10,40,1600,80,39,0,77,11,160.0,0.0
10,40,1600,60,41,1,107,8,140.0,161.5926928525777
10,40,1600,75,42,1,49,12,166.0,245.64086130567554
10,40,1600,85,36,0,61,8,206.0,0.0
10,40,1600,85,50,0,31,3,32.0,0.0
10,40,1600,75,50,1,51,5,52.0,100.71914127103683
10,40,1700,85,50,0,27,3,70.0,0.0
10,40,1600,80,42,1,69,11,132.0,182.56646380076617
10,40,1600,85,37,0,91,7,144.0,0.0
10,40,1600,75,38,1,45,9,112.0,98.030684703175
10,40,1600,75,38,0,51,11,176.0,0.0
10,40,1600,90,39,1,47,15,136.0,348.4683357684825
10,40,1600,85,42,0,55,5,102.0,0.0
10,40,1600,70,44,0,31,5,112.0,0.0
10,40,1600,65,48,1,29,3,80.0,112.19673410323118
10,40,1600,60,50,1,39,4,74.0,133.6024197761688
10,40,1600,85,35,1,49,17,224.0,164.87610778670384
10,40,1600,80,35,0,63,8,160.0,0.0
10,40,1600,90,37,1,79,14,250.0,226.2436888880615
10,40,1600,65,39,1,39,8,92.0,247.09401436992488
10,40,1600,70,47,0,57,5,86.0,0.0
10,40,1600,80,35,1,45,19,184.0,203.81787996584146
10,40,1600,60,48,0,55,7,116.0,0.0
10,40,1600,90,49,0,49,8,112.0,0.0
10,40,1600,85,40,1,79,15,172.0,215.43400866915172
10,40,1600,60,43,0,85,9,172.0,0.0
10,40,1600,65,43,0,63,6,96.0,0.0
10,40,1600,70,36,1,45,10,118.0,96.41628141297892
10,40,1600,85,42,1,59,7,166.0,96.08519351642565
10,40,1600,75,46,0,47,6,164.0,0.0
10,40,1600,90,50,1,59,5,88.0,128.84584911636296
10,40,1600,60,48,0,59,4,98.0,0.0
10,40,1600,80,35,0,57,12,218.0,0.0
10,40,1600,85,38,0,59,12,174.0,0.0
10,40,1600,75,41,1,47,7,124.0,141.32798536507045
10,40,1600,75,43,1,71,13,152.0,116.53388600724588
10,40,1600,75,37,1,61,11,176.0,184.76808169469197
10,40,1600,90,44,0,53,8,114.0,0.0
10,40,1600,65,47,1,27,3,54.0,26.799136070276678
10,40,1600,85,40,0,57,7,144.0,0.0
10,40,1500,80,37,1,31,8,80.0,92.14146546255917
10,40,1500,65,37,0,43,8,158.0,0.0
10,40,1500,80,40,1,121,11,170.0,134.12258408635358
10,40,1500,60,40,1,55,6,112.0,48.22675971578404
10,40,1600,90,40,0,91,16,312.0,0.0
10,40,1500,60,48,0,83,6,114.0,0.0
10,40,1500,65,47,1,117,7,140.0,85.84343383703794
10,40,1500,80,46,0,47,4,48.0,0.0
10,40,1500,80,37,1,43,11,128.0,149.47078045924394
10,40,1500,60,35,1,53,14,138.0,107.97234223076528
10,40,1500,80,42,0,53,5,54.0,0.0
10,40,1500,80,46,0,55,5,80.0,0.0
10,40,1500,65,46,1,95,4,96.0,62.262791623613225
10,40,1500,75,44,1,27,4,78.0,99.27337906122375
10,40,1500,80,45,0,69,8,146.0,0.0
10,40,1500,70,50,0,39,4,70.0,0.0
10,40,1500,90,36,1,33,6,114.0,63.00157700360887
10,40,1500,70,41,1,51,7,148.0,149.95994797635177
10,40,1500,60,44,0,27,1,28.0,0.0
10,40,1500,75,45,1,77,10,156.0,109.35820797858861
10,40,1500,75,47,1,57,7,106.0,88.56891958005569
10,40,1500,90,46,0,39,4,64.0,0.0
10,40,1500,65,48,0,43,2,44.0,0.0
10,40,1500,75,50,0,49,4,68.0,0.0
10,40,1500,60,35,0,73,11,172.0,0.0
10,40,1500,70,35,0,57,6,156.0,0.0
10,40,1500,70,40,1,57,11,204.0,169.24931199449586
10,40,1500,85,41,0,83,9,184.0,0.0
10,40,1500,85,40,0,47,3,78.0,0.0
10,40,1500,75,39,1,85,9,172.0,211.60824671153992
10,40,1500,60,39,1,47,8,108.0,235.0566837269061
10,40,1500,60,50,1,69,8,120.0,248.03972799075265
10,40,1500,60,47,1,105,8,126.0,117.2202262534699
10,40,1500,80,42,0,141,11,192.0,0.0
10,40,1500,85,43,1,57,4,88.0,47.36806319413315
10,40,1500,75,46,0,55,7,108.0,0.0
10,40,1500,90,47,0,29,5,82.0,0.0
10,40,1500,90,44,0,47,3,48.0,0.0
10,40,1500,90,50,1,49,8,114.0,176.25063083144434
10,39,3000,90,35,0,115,37,784.0,0.0
10,40,1500,60,36,0,101,10,206.0,0.0
10,39,3000,75,38,1,117,35,620.0,507.0650138767255
10,40,1500,60,48,1,59,7,90.0,182.48388877578105
10,39,3000,75,42,0,175,33,878.0,0.0
10,39,3000,90,44,1,179,36,780.0,684.8865153086625
10,39,3000,80,41,1,105,32,614.0,594.9720236943284
10,39,3000,65,39,1,109,32,576.0,537.6357914538476
10,39,3000,85,44,1,115,23,752.0,433.8202366543264
10,39,3000,85,44,0,161,24,638.0,0.0
10,39,3000,90,45,1,157,33,662.0,609.9104556614301
10,39,3000,65,47,0,113,20,554.0,0.0
10,39,3000,60,47,0,213,21,576.0,0.0
10,39,3000,65,48,0,163,19,590.0,0.0
10,39,3000,85,38,1,81,37,572.0,579.2592809148086
10,39,3000,80,41,1,157,34,768.0,559.6821025044478
10,39,3000,80,36,1,119,39,616.0,586.3547128266136
10,39,3000,85,37,0,115,38,584.0,0.0
10,39,3000,85,39,1,79,31,424.0,544.6033532159515
10,39,3000,65,37,0,113,35,660.0,0.0
10,39,3000,80,48,0,171,26,694.0,0.0
10,39,3000,90,49,0,165,29,806.0,0.0
10,39,3000,90,43,1,71,25,412.0,407.85205430628474
10,39,3000,85,48,0,169,24,642.0,0.0
10,39,3000,75,35,0,157,36,654.0,0.0
10,39,3000,65,48,1,113,16,350.0,428.57660164431195
10,39,3000,80,39,1,167,31,564.0,685.8920188396983
10,39,3000,60,46,0,117,25,784.0,0.0
10,39,3000,60,47,1,119,28,660.0,568.8401796013114
10,39,3000,70,49,1,111,22,448.0,331.3333727304165
10,39,3000,80,50,0,235,29,754.0,0.0
10,39,3000,75,50,0,115,27,690.0,0.0
10,39,3000,90,37,0,105,38,676.0,0.0
10,39,3000,75,47,1,149,24,524.0,325.24331102481733
10,39,3000,75,44,1,113,22,432.0,539.2444667640634
10,39,3000,75,46,1,155,24,702.0,364.10072825853797
10,39,3000,90,42,0,153,26,574.0,0.0
10,39,3000,65,45,1,103,19,416.0,295.45965544236293
10,39,3000,85,47,0,165,24,566.0,0.0
10,39,3000,70,49,0,119,20,520.0,0.0
10,39,2900,90,39,0,159,32,692.0,0.0
10,39,2900,65,41,0,169,36,928.0,0.0
10,39,2900,80,42,1,87,31,434.0,503.8532942289683
10,39,3000,85,48,1,93,29,512.0,542.6067877714033
10,39,2900,90,45,1,155,25,532.0,481.15171330468155
10,39,2900,65,47,0,103,22,550.0,0.0
10,39,2900,90,48,1,169,26,532.0,700.8093684866918
10,39,3000,60,49,0,165,17,436.0,0.0
10,39,2900,80,39,1,91,35,604.0,632.7619726430725
10,39,2900,75,39,1,105,27,564.0,592.6962227371662
10,39,2900,85,42,1,89,27,450.0,463.41283278905036
10,39,2900,75,50,1,85,23,398.0,595.9618696436493
10,39,2900,60,43,0,107,18,530.0,0.0
10,39,2900,70,43,0,163,21,610.0,0.0
10,39,2900,65,46,0,109,21,504.0,0.0
10,39,2900,90,47,0,109,25,498.0,0.0
10,39,2900,70,36,1,221,34,808.0,474.20986381273946
10,39,2900,85,36,1,103,36,578.0,499.1105499860794
10,39,2900,70,39,0,165,32,740.0,0.0
10,39,2900,90,41,1,79,35,486.0,586.7263315351914
10,39,2900,70,44,1,93,17,384.0,319.0387658429124
10,39,2900,80,44,0,113,27,766.0,0.0
10,39,2900,65,40,1,131,34,740.0,529.9555684386895
10,39,2900,80,45,0,113,24,620.0,0.0
10,39,2900,85,45,0,157,26,652.0,0.0
10,39,2900,75,35,0,111,36,626.0,0.0
10,39,2900,60,40,1,113,30,656.0,552.7506751616272
10,39,2900,85,42,0,159,37,830.0,0.0
10,39,2900,85,45,0,111,27,656.0,0.0
10,39,2900,65,42,1,169,25,832.0,385.4530210846404
10,39,2900,60,48,0,153,21,624.0,0.0
10,39,2900,90,41,1,105,33,650.0,629.081843436405
10,39,2900,60,49,1,119,18,498.0,245.64239470300652
10,39,2900,70,36,1,111,35,668.0,511.18953725959034
10,39,2900,70,39,0,155,35,780.0,0.0
10,39,2900,65,48,1,103,21,466.0,432.67158648798943
10,39,2900,85,47,0,105,26,588.0,0.0
10,39,2900,80,47,0,161,23,584.0,0.0
10,39,2900,70,50,1,163,25,620.0,542.4537977515331
10,39,2900,75,50,0,143,17,532.0,0.0
10,39,2800,70,42,1,163,32,628.0,716.1509704006554
10,39,2900,70,50,1,113,28,638.0,625.0811128988504
10,39,2800,60,35,1,157,36,658.0,486.2371205173012
10,39,2800,85,37,0,101,29,544.0,0.0
10,39,2800,90,39,0,105,33,588.0,0.0
10,39,2900,70,50,0,111,21,468.0,0.0
10,39,2800,85,45,1,107,29,574.0,633.2905741336497
10,39,2800,90,43,0,211,27,720.0,0.0
10,39,2800,65,48,1,145,22,542.0,633.9047985131448
10,39,2800,85,41,0,147,30,712.0,0.0
10,39,2800,80,40,0,109,26,696.0,0.0
10,39,2800,60,46,0,95,15,534.0,0.0
10,39,2800,80,46,1,153,19,494.0,326.8634945108704
10,39,2800,65,46,1,103,20,456.0,299.35901694572914
10,39,2800,85,47,1,67,20,388.0,353.3569094489029
10,39,2800,80,40,1,107,33,538.0,336.69263868913777
10,39,2800,80,48,0,111,25,658.0,0.0
10,39,2800,65,39,0,143,28,716.0,0.0
10,39,2800,70,46,1,69,22,338.0,271.60521448452494
10,39,2800,60,45,1,93,26,534.0,587.7497603006962
10,39,2800,85,37,1,103,39,668.0,684.9534860189239
10,39,2800,80,48,0,153,19,514.0,0.0
10,39,2800,90,46,1,105,20,532.0,358.1561856052932
10,39,2800,80,48,0,111,19,454.0,0.0
10,39,2800,60,50,0,105,13,350.0,0.0
10,39,2800,85,37,1,89,33,538.0,650.4112910076778
10,39,2800,65,42,0,105,24,506.0,0.0
10,39,2800,75,45,0,105,25,634.0,0.0
10,39,2800,75,46,1,103,24,584.0,336.4802455516419
10,39,2800,75,47,1,109,15,498.0,271.72196031993604
10,39,2800,85,45,0,161,21,624.0,0.0
10,39,2800,70,48,0,109,25,580.0,0.0
10,39,2800,60,50,1,107,13,406.0,324.35780092497413
10,39,2800,70,40,0,107,26,514.0,0.0
10,39,2800,75,38,1,103,36,670.0,541.7333438687488
10,39,2800,60,41,0,207,22,512.0,0.0
10,39,2800,60,44,1,117,29,628.0,568.4643831873351
10,39,2800,90,35,1,101,33,618.0,500.5078762735189
10,39,2800,70,48,0,107,19,568.0,0.0
10,39,2800,70,44,0,101,28,512.0,0.0
10,39,2800,75,50,1,103,14,372.0,369.5924030536418
10,39,2800,75,41,0,155,31,794.0,0.0
10,39,2700,80,39,0,151,27,680.0,0.0
10,39,2700,70,42,1,83,22,404.0,319.173780983901
10,39,2700,65,46,1,87,18,442.0,289.1244944871218
10,39,2700,80,40,0,99,26,454.0,0.0
10,39,2700,60,44,1,99,13,336.0,277.62391495633864
10,39,2700,65,38,0,101,28,534.0,0.0
10,39,2700,90,37,1,103,34,610.0,425.08140531873
10,39,2700,85,50,0,151,23,606.0,0.0
10,39,2700,85,41,0,95,27,594.0,0.0
10,39,2700,65,35,0,105,24,582.0,0.0
10,39,2700,65,47,1,119,19,496.0,268.9791990689613
10,39,2700,80,44,1,153,23,638.0,462.4943381037545
10,39,2700,60,40,1,107,26,528.0,480.07270002406403
10,39,2700,70,41,1,107,25,490.0,448.6936713474231
10,39,2700,70,43,0,101,24,546.0,0.0
10,39,2700,90,41,0,159,26,612.0,0.0
10,39,2700,90,36,1,91,34,504.0,443.152491541228
10,39,2700,60,46,1,101,21,488.0,357.17907235310423
10,39,2700,60,39,0,201,28,742.0,0.0
10,39,2700,80,39,1,135,36,594.0,659.1790794093615
10,39,2700,80,45,0,153,20,630.0,0.0
10,39,2700,80,36,0,151,34,756.0,0.0
10,39,2700,80,44,1,103,20,654.0,501.6734982578141
10,39,2700,65,36,0,139,29,704.0,0.0
10,39,2700,70,35,1,117,32,616.0,485.34781412392766
10,39,2700,80,49,0,207,17,562.0,0.0
10,39,2700,90,44,1,147,26,610.0,561.1275237288471
10,39,2700,80,38,0,101,30,612.0,0.0
10,39,2700,80,38,1,97,28,384.0,394.2633187113718
10,39,2700,80,35,1,99,36,562.0,479.30177377933865
10,39,2700,60,47,0,91,19,412.0,0.0
10,39,2700,80,40,0,151,31,814.0,0.0
10,39,2700,90,40,0,151,26,610.0,0.0
10,39,2700,65,40,0,103,29,650.0,0.0
10,39,2700,90,43,1,93,31,456.0,558.9792682908273
10,39,2700,70,42,1,121,32,606.0,642.3145528791757
10,39,2700,85,44,0,101,28,462.0,0.0
10,39,2700,60,38,1,79,22,394.0,328.18270998806497
10,39,2700,65,50,1,83,13,336.0,342.062245963608
10,39,2600,90,35,1,75,34,438.0,482.7626538467044
10,39,2600,90,39,1,101,29,466.0,650.7889154912361
10,39,2600,85,36,1,97,29,468.0,378.0140069982375
10,39,2700,80,44,0,153,29,520.0,0.0
10,39,2600,60,47,0,103,14,326.0,0.0
10,39,2600,90,36,1,69,33,428.0,450.8480215274704
10,39,2600,75,46,0,145,21,416.0,0.0
10,39,2600,70,35,1,95,33,522.0,480.2516968232569
10,39,2600,70,47,0,83,16,304.0,0.0
10,39,2600,85,37,0,99,30,538.0,0.0
10,39,2600,65,38,0,153,29,744.0,0.0
10,39,2600,80,45,1,91,14,342.0,305.20552165395014
10,39,2600,65,44,0,179,20,588.0,0.0
10,39,2600,70,43,1,103,24,394.0,387.304963724308
10,39,2600,75,50,0,195,15,440.0,0.0
10,39,2600,85,37,0,149,28,630.0,0.0
10,39,2600,65,45,1,101,18,304.0,417.87974308060154
10,39,2600,65,39,1,101,30,546.0,682.4693321125848
10,39,2600,90,43,1,99,29,526.0,529.6459679821339
10,39,2600,85,37,0,153,36,722.0,0.0
10,39,2600,70,40,0,151,23,632.0,0.0
10,39,2600,90,45,1,77,17,332.0,392.16045218903884
10,39,2600,60,41,0,141,17,460.0,0.0
10,39,2600,85,40,0,97,29,512.0,0.0
10,39,2600,80,50,0,129,13,340.0,0.0
10,39,2600,70,44,1,137,27,664.0,692.8181166914949
10,39,2600,75,40,0,129,21,498.0,0.0
10,39,2600,70,42,1,63,25,444.0,518.5118001095676
10,39,2600,60,47,1,81,14,270.0,267.65493033096584
10,39,2600,65,47,1,85,12,236.0,150.7461797739587
10,39,2600,80,40,1,187,35,678.0,494.249715785295
10,39,2600,60,39,1,75,24,518.0,569.826706007158
10,39,2600,60,48,0,195,17,526.0,0.0
10,39,2600,80,47,1,103,28,478.0,380.32550741049886
10,39,2600,75,48,0,137,20,506.0,0.0
10,39,2600,65,36,1,79,33,548.0,504.23560101513226
10,39,2600,70,49,0,99,19,502.0,0.0
10,39,2600,90,49,0,91,17,390.0,0.0
10,39,2600,65,36,1,95,27,452.0,327.254670768741
10,39,2500,85,36,1,81,34,478.0,536.2871411254056
10,39,2500,65,37,0,137,24,604.0,0.0
10,39,2600,75,48,0,147,12,342.0,0.0
10,39,2500,80,42,0,95,18,454.0,0.0
10,39,2500,65,42,1,91,18,446.0,252.97770756989254
10,39,2500,80,45,1,141,19,460.0,537.8752425671425
10,39,2600,75,45,0,99,24,390.0,0.0
10,39,2500,80,50,0,77,14,344.0,0.0
10,39,2500,90,36,0,99,32,658.0,0.0
10,39,2500,70,35,1,109,32,570.0,547.4459934248708
10,39,2500,90,35,1,95,33,560.0,432.5216432277933
10,39,2500,85,39,0,83,24,430.0,0.0
10,39,2500,90,41,0,93,28,474.0,0.0
10,39,2500,60,49,1,95,13,384.0,242.46394977427852
10,39,2500,65,36,0,89,22,412.0,0.0
10,39,2500,60,49,1,105,15,318.0,163.63622428740808
10,39,2500,85,35,0,93,28,380.0,0.0
10,39,2500,90,39,0,99,22,488.0,0.0
10,39,2500,90,41,0,93,24,540.0,0.0
10,39,2500,90,42,1,83,24,388.0,337.4479795468102
10,39,2500,80,45,1,71,19,298.0,439.9068733606246
10,39,2500,90,39,1,95,30,560.0,683.5430643127902
10,39,2500,70,38,1,117,27,626.0,562.3576936765506
10,39,2500,85,44,0,189,26,754.0,0.0
10,39,2500,65,36,0,97,28,364.0,0.0
10,39,2500,90,50,1,79,16,366.0,447.1328429628428
10,39,2500,90,40,0,93,17,354.0,0.0
10,39,2500,85,42,1,111,29,506.0,453.7251132837953
10,39,2500,60,44,1,93,23,440.0,538.9295089562117
10,39,2500,80,38,1,87,29,484.0,403.9980064198185
10,39,2500,80,36,0,141,28,578.0,0.0
10,39,2500,90,46,0,97,15,492.0,0.0
10,39,2500,90,38,0,145,24,530.0,0.0
10,39,2500,80,36,0,135,31,808.0,0.0
10,39,2500,90,37,0,87,31,588.0,0.0
10,39,2500,75,47,1,91,17,402.0,392.5193228701141
10,39,2500,65,46,1,91,19,328.0,264.225037312459
10,39,2500,90,43,1,77,22,316.0,450.93999386668213
10,39,2500,85,42,1,137,23,480.0,404.4738705393
10,39,2500,80,47,0,185,14,348.0,0.0
10,39,2500,60,49,1,97,18,388.0,282.259299905954
10,39,2400,65,41,1,83,25,386.0,497.0656403544087
10,39,2400,65,41,0,173,19,452.0,0.0
10,39,2400,75,40,1,139,25,592.0,314.59165764590335
10,39,2400,70,45,1,81,13,276.0,255.50901155869448
10,39,2400,70,46,0,91,17,312.0,0.0
10,39,2400,75,41,0,177,25,598.0,0.0
10,39,2500,70,50,0,97,15,350.0,0.0
10,39,2400,65,35,1,123,32,542.0,305.4043117846953
10,39,2400,85,35,1,91,28,388.0,292.4416982750063
10,39,2400,60,37,1,89,22,418.0,465.0936143980805
10,39,2400,75,43,0,89,14,378.0,0.0
10,39,2400,75,43,1,87,19,380.0,380.720635953649
10,39,2400,70,44,1,87,27,392.0,619.1215359234466
10,39,2400,60,46,0,81,14,366.0,0.0
10,39,2400,90,43,0,133,18,362.0,0.0
10,39,2400,65,50,0,93,14,312.0,0.0
10,39,2400,60,35,0,131,29,490.0,0.0
10,39,2400,80,39,1,95,22,446.0,411.53616668049585
10,39,2400,75,40,0,181,19,492.0,0.0
10,39,2400,80,40,1,79,25,348.0,266.9923218147744
10,39,2400,90,43,1,91,17,430.0,317.0587675516839
10,39,2400,75,44,0,95,20,490.0,0.0
10,39,2400,75,46,0,127,16,420.0,0.0
10,39,2400,75,46,1,95,20,436.0,235.44541734001638
10,39,2400,70,36,1,139,29,592.0,364.13575996311715
10,39,2400,65,43,0,105,15,348.0,0.0
10,39,2400,75,43,1,81,18,326.0,340.7939085816483
10,39,2400,75,42,1,83,25,430.0,275.4195384416313
10,39,2400,85,41,1,135,30,508.0,642.8506598895816
10,39,2400,85,48,0,123,14,352.0,0.0
10,39,2400,85,49,0,131,18,472.0,0.0
10,39,2400,80,49,0,141,16,484.0,0.0
10,39,2400,65,36,0,83,21,386.0,0.0
10,39,2400,65,41,1,129,15,312.0,269.039803531921
10,39,2400,80,37,0,135,23,596.0,0.0
10,39,2400,65,45,1,113,15,350.0,281.97026337025125
10,39,2400,60,37,0,79,16,374.0,0.0
10,39,2400,75,48,0,91,15,256.0,0.0
10,39,2400,75,49,1,95,13,412.0,160.14339360710258
10,39,2400,60,50,1,131,14,298.0,312.0146104005835
10,39,2400,75,48,0,155,10,296.0,0.0
10,39,2300,90,35,1,87,27,436.0,373.1358231753544
10,39,2300,65,41,0,159,18,396.0,0.0
10,39,2300,90,40,1,87,22,406.0,265.0301041018322
10,39,2300,65,41,1,65,13,260.0,232.31756494394267
10,39,2300,85,35,1,73,31,466.0,411.68639816312316
10,39,2300,75,45,0,87,13,278.0,0.0
10,39,2300,70,43,0,87,17,396.0,0.0
10,39,2300,60,42,0,129,19,472.0,0.0
10,39,2300,80,36,0,87,28,598.0,0.0
10,39,2300,90,40,1,65,23,318.0,228.52493301259116
10,39,2300,60,49,0,81,13,306.0,0.0
10,39,2300,80,41,1,135,21,374.0,460.6435306597703
10,39,2300,80,50,1,123,16,308.0,314.13074610153564
10,39,2300,65,41,1,81,16,264.0,309.12511329964786
10,39,2300,60,38,0,121,19,334.0,0.0
10,39,2300,60,40,1,47,9,210.0,117.87487741686463
10,39,2300,85,45,0,89,15,386.0,0.0
10,39,2300,65,45,1,59,18,274.0,341.52588367411585
10,39,2300,70,47,0,75,12,228.0,0.0
10,39,2300,70,36,0,133,19,510.0,0.0
10,39,2300,60,46,1,67,14,254.0,190.810030845684
10,39,2300,90,40,1,91,22,386.0,261.63321423869616
10,39,2300,65,49,0,85,13,240.0,0.0
10,39,2300,65,35,1,73,24,294.0,327.6021870838026
10,39,2300,65,40,0,121,22,288.0,0.0
10,39,2300,75,50,0,83,15,308.0,0.0
10,39,2300,70,48,1,91,17,358.0,408.64728706395385
10,39,2300,65,41,0,131,16,408.0,0.0
10,39,2300,75,38,0,91,19,384.0,0.0
10,39,2300,80,45,0,71,15,298.0,0.0
10,39,2300,90,46,1,93,16,330.0,292.5173573269055
10,39,2300,65,35,0,123,27,680.0,0.0
10,39,2300,90,42,0,89,18,394.0,0.0
10,39,2300,90,44,1,173,19,432.0,375.1943981967295
10,39,2300,70,47,1,79,19,326.0,375.3735838314826
10,39,2300,85,50,1,83,17,238.0,454.52347983977234
10,39,2300,65,39,1,83,20,340.0,505.38009576926447
10,39,2300,70,39,0,87,13,340.0,0.0
10,39,2300,60,47,1,127,13,432.0,262.9831043156256
10,39,2200,80,38,1,69,21,256.0,350.8087117442026
10,39,2200,85,42,1,119,19,304.0,231.11854857614483
10,39,2200,60,40,0,107,15,310.0,0.0
10,39,2200,75,44,0,81,14,330.0,0.0
10,39,2300,60,48,0,113,11,276.0,0.0
10,39,2200,90,48,1,87,18,270.0,416.23909653755186
10,39,2200,70,50,0,87,9,172.0,0.0
10,39,2200,60,36,1,85,24,398.0,289.902998703503
10,39,2200,60,43,0,83,10,264.0,0.0
10,39,2200,90,42,0,83,19,274.0,0.0
10,39,2200,65,45,0,115,18,422.0,0.0
10,39,2200,70,49,1,55,10,222.0,123.65216363932794
10,39,2200,60,40,0,77,13,308.0,0.0
10,39,2200,75,48,1,73,8,144.0,155.10822352984053
10,39,2200,85,40,1,95,10,220.0,144.93968502063882
10,39,2200,65,37,1,53,20,272.0,279.4148357638917
10,39,2200,65,48,1,65,17,226.0,270.78062112775336
10,39,2200,75,42,1,65,15,176.0,228.07574585516684
10,39,2200,75,45,1,79,19,268.0,385.6785624469384
10,39,2200,80,49,0,39,7,112.0,0.0
10,39,2200,70,38,1,169,20,402.0,226.11774544504055
10,39,2200,85,46,0,83,13,340.0,0.0
10,39,2200,70,49,0,85,13,388.0,0.0
10,39,2200,85,44,0,125,17,438.0,0.0
10,39,2200,60,35,0,85,22,390.0,0.0
10,39,2200,85,36,0,165,26,626.0,0.0
10,39,2200,65,40,1,117,20,366.0,232.64291678104132
10,39,2200,85,40,1,85,24,332.0,272.5657500898091
10,39,2200,70,35,0,171,20,430.0,0.0
10,39,2200,70,38,1,75,17,330.0,246.9848926353642
10,39,2200,80,39,0,107,21,428.0,0.0
10,39,2200,60,35,1,85,17,390.0,206.5290325216235
10,39,2200,90,41,0,115,23,438.0,0.0
10,39,2200,90,39,0,119,23,480.0,0.0
10,39,2200,60,40,0,77,16,262.0,0.0
10,39,2200,70,41,1,85,16,278.0,279.00642965829684
10,39,2200,60,41,1,85,14,186.0,263.67825223800025
10,39,2200,80,44,1,123,12,298.0,248.90512989516813
10,39,2200,70,48,0,83,13,342.0,0.0
10,39,2200,60,50,1,63,5,148.0,81.18356948913645
10,39,2100,60,37,0,41,9,154.0,0.0
10,39,2100,75,39,1,151,21,390.0,520.3062033459099
10,39,2100,70,38,1,95,15,320.0,218.12790154676892
10,39,2200,75,39,0,127,18,486.0,0.0
10,39,2100,65,45,0,123,11,300.0,0.0
10,39,2100,85,41,1,79,11,224.0,156.58602063134177
10,39,2100,75,48,0,113,17,186.0,0.0
10,39,2100,60,46,1,79,7,182.0,104.34689889525161
10,39,2100,60,35,0,109,16,396.0,0.0
10,39,2100,75,41,1,49,10,226.0,209.1296712082112
10,39,2100,75,41,0,189,18,406.0,0.0
10,39,2100,60,39,1,77,15,318.0,417.19104553032366
10,39,2100,60,39,1,51,6,90.0,118.45335822583768
10,39,2100,90,48,1,81,15,288.0,329.52272588738987
10,39,2100,65,43,0,111,11,290.0,0.0
10,39,2100,80,46,0,41,6,112.0,0.0
10,39,2100,65,38,1,89,24,322.0,362.94494208381485
10,39,2100,90,35,0,119,23,528.0,0.0
10,39,2100,65,43,1,115,12,344.0,177.3719854062264
10,39,2100,70,43,1,77,16,278.0,296.7952706203984
10,39,2100,75,44,0,79,11,224.0,0.0
10,39,2100,85,46,1,53,16,206.0,242.70505602146343
10,39,2100,65,45,0,119,14,240.0,0.0
10,39,2100,60,36,1,45,17,244.0,183.0423627663295
10,39,2100,75,36,0,125,15,328.0,0.0
10,39,2100,60,50,0,69,9,220.0,0.0
10,39,2100,60,36,1,77,18,244.0,184.17045516772407
10,39,2100,80,36,1,51,21,290.0,304.88939756661665
10,39,2100,65,37,0,81,21,420.0,0.0
10,39,2100,85,37,0,109,18,288.0,0.0
10,39,2100,70,41,1,73,18,254.0,322.4429184522843
10,39,2100,65,46,1,61,14,224.0,196.17089294299262
10,39,2100,90,40,0,119,19,470.0,0.0
10,39,2100,90,50,0,111,15,300.0,0.0
10,39,2100,75,38,1,79,11,260.0,148.38180720950214
10,39,2100,90,38,1,79,30,368.0,440.6468114682638
10,39,2100,80,46,0,109,13,366.0,0.0
10,39,2100,70,37,1,83,16,304.0,254.76498764789568
10,39,2100,75,39,0,75,14,180.0,0.0
10,39,2100,85,47,0,113,15,320.0,0.0
10,39,2000,65,36,0,111,20,426.0,0.0
10,39,2000,85,39,0,75,14,240.0,0.0
10,39,2100,80,40,0,75,17,308.0,0.0
10,39,2000,70,46,1,143,14,276.0,181.33771132232886
10,39,2000,80,49,1,49,9,164.0,79.28693260708407
10,39,2000,85,39,0,113,18,446.0,0.0
10,39,2000,60,41,1,77,12,268.0,189.63808891207267
10,39,2000,65,50,1,69,10,230.0,260.88708867096506
10,39,2000,65,44,0,75,9,216.0,0.0
10,39,2000,85,40,0,57,13,168.0,0.0
10,39,2000,80,35,1,73,20,302.0,246.32505315708357
10,39,2000,90,47,0,39,10,142.0,0.0
10,39,2000,60,40,0,75,11,238.0,0.0
10,39,2000,65,49,1,47,6,112.0,76.45581824328009
10,39,2000,90,49,1,63,7,102.0,67.85152574530946
10,39,2000,80,44,1,79,16,268.0,289.0846345737855
10,39,2000,60,36,1,95,17,256.0,212.92749401361917
10,39,2000,60,41,0,109,17,360.0,0.0
10,39,2000,75,36,1,77,19,286.0,203.4632021823146
10,39,2000,90,40,1,69,11,254.0,224.70227451685662
10,39,2000,70,39,1,99,19,286.0,444.89904735800104
10,39,2000,70,46,0,93,14,276.0,0.0
10,39,2000,60,36,0,39,11,200.0,0.0
10,39,2000,75,42,1,71,14,258.0,214.03717388675383
10,39,2000,80,42,0,99,11,244.0,0.0
10,39,2000,85,50,0,39,8,138.0,0.0
10,39,2000,60,49,0,71,6,164.0,0.0
10,39,2000,75,35,1,59,21,322.0,317.9548984265478
10,39,2000,60,39,1,67,11,170.0,176.8726459653643
10,39,2000,65,36,0,113,15,294.0,0.0
10,39,2000,75,38,1,49,19,250.0,313.5884744274928
10,39,2000,60,45,0,101,7,184.0,0.0
10,39,2000,65,45,1,71,13,188.0,336.94451418151397
10,39,2000,85,41,0,79,15,254.0,0.0
10,39,2000,90,50,0,111,13,366.0,0.0
10,39,2000,75,47,0,117,7,172.0,0.0
10,39,2000,80,50,1,101,5,136.0,110.55273781661433
10,39,1900,65,38,1,65,15,270.0,212.73179665467703
10,39,1900,90,39,1,143,15,386.0,357.7416482379374
10,39,2000,60,40,1,73,14,194.0,160.1372409233978
10,39,2000,85,45,0,91,9,240.0,0.0
10,39,2000,75,46,0,111,17,396.0,0.0
10,39,1900,75,38,0,77,8,190.0,0.0
10,39,2000,70,47,1,77,8,148.0,104.26928196492591
10,39,1900,60,50,0,103,9,198.0,0.0
10,39,1900,90,36,0,101,19,276.0,0.0
10,39,1900,60,35,0,107,10,226.0,0.0
10,39,1900,70,37,1,43,12,180.0,153.9342959075528
10,39,1900,60,44,1,69,10,176.0,257.41143693017017
10,39,1900,65,38,0,65,10,166.0,0.0
10,39,1900,60,44,1,73,11,214.0,240.55364876844573
10,39,1900,75,44,0,59,12,198.0,0.0
10,39,1900,80,47,1,61,15,178.0,228.72190242886145
10,39,1900,80,45,0,51,11,166.0,0.0
10,39,1900,85,50,1,79,12,228.0,296.26153677532415
10,39,1900,70,38,1,73,16,260.0,231.4482376016261
10,39,1900,85,38,1,55,16,230.0,212.29279532895248
10,39,1900,75,40,0,59,12,228.0,0.0
10,39,1900,85,46,1,69,9,200.0,129.94185983611752
10,39,1900,90,47,0,131,11,282.0,0.0
10,39,1900,90,35,0,95,18,238.0,0.0
10,39,1900,85,50,0,63,12,196.0,0.0
10,39,1900,65,38,0,73,12,234.0,0.0
10,39,1900,85,36,1,107,21,312.0,267.4279009928432
10,39,1900,85,39,0,145,17,378.0,0.0
10,39,1900,70,44,1,89,15,244.0,386.43527456863933
10,39,1900,85,50,1,43,8,144.0,189.79915211788227
10,39,1900,60,44,1,57,9,84.0,136.88907168796322
10,39,1900,85,46,0,47,16,182.0,0.0
10,39,1900,70,47,1,69,13,170.0,115.43678954059685
10,39,1900,60,35,0,75,12,282.0,0.0
10,39,1900,60,39,0,69,12,242.0,0.0
10,39,1900,90,41,1,69,10,214.0,200.383643705001
10,39,1900,65,40,1,47,9,94.0,113.65776854832562
10,39,1900,60,41,0,93,12,278.0,0.0
10,39,1900,60,41,0,83,7,178.0,0.0
10,39,1900,90,41,1,63,20,328.0,357.6007271283285
10,39,1900,75,44,1,69,8,138.0,179.59530663514357
10,39,1800,70,41,1,71,16,196.0,324.3072455835858
10,39,1800,75,36,1,85,17,268.0,144.59633449206734
10,39,1800,65,44,0,91,14,292.0,0.0
10,39,1900,70,45,0,59,8,176.0,0.0
10,39,1900,65,48,1,35,5,126.0,119.3692781314036
10,39,1900,85,47,0,93,10,232.0,0.0
10,39,1800,70,48,0,61,3,86.0,0.0
10,39,1800,75,49,1,75,13,170.0,206.35471866575557
10,39,1800,70,39,0,93,9,148.0,0.0
10,39,1800,75,38,1,55,17,258.0,247.40597387089707
10,39,1800,70,38,1,61,10,210.0,153.9866420540693
10,39,1800,80,43,1,71,10,124.0,115.80855210723902
10,39,1800,65,44,1,53,4,54.0,87.86568682554056
10,39,1800,70,45,0,99,9,240.0,0.0
10,39,1800,90,50,0,27,2,54.0,0.0
10,39,1800,70,50,0,85,4,116.0,0.0
10,39,1800,85,44,0,93,15,294.0,0.0
10,39,1800,85,38,1,65,15,268.0,192.44251152270698
10,39,1800,75,48,1,49,13,180.0,348.16339399222795
10,39,1800,70,39,1,85,16,220.0,361.8969049043672
10,39,1800,65,48,0,99,6,128.0,0.0
10,39,1800,60,41,0,81,11,240.0,0.0
10,39,1800,90,38,1,69,14,132.0,138.1202904829025
10,39,1800,85,49,0,33,4,88.0,0.0
10,39,1800,80,50,1,67,10,170.0,191.43815023584
10,39,1800,60,50,0,49,5,104.0,0.0
10,39,1800,75,36,1,53,7,90.0,73.24010387750138
10,39,1800,75,39,0,95,12,254.0,0.0
10,39,1800,85,37,1,49,13,164.0,183.27381084034218
10,39,1800,80,41,1,69,12,204.0,106.0392932266248
10,39,1800,65,44,0,81,8,106.0,0.0
10,39,1800,90,44,0,93,8,124.0,0.0
10,39,1800,60,46,0,101,7,146.0,0.0
10,39,1800,70,42,1,35,7,98.0,110.7138460128305
10,39,1800,60,41,1,61,8,184.0,223.9678117343155
10,39,1800,80,40,0,71,15,288.0,0.0
10,39,1800,70,41,0,55,7,144.0,0.0
10,39,1800,65,44,0,35,5,88.0,0.0
10,39,1800,70,47,1,85,7,114.0,63.163224135581146
10,39,1800,70,45,0,67,7,102.0,0.0
10,39,1800,90,45,1,31,8,122.0,139.96377914886884
10,39,1800,90,49,1,49,6,84.0,84.12541871795172
10,39,1800,80,37,0,65,10,200.0,0.0
10,39,1700,75,39,0,69,13,188.0,0.0
10,39,1700,80,42,1,63,9,154.0,99.17580499010273
10,39,1700,90,43,1,65,14,190.0,155.1221012589661
10,39,1700,60,47,0,55,6,136.0,0.0
10,39,1700,80,46,1,57,14,202.0,153.56108602972463
10,39,1700,85,46,0,83,9,178.0,0.0
10,39,1700,65,39,0,87,7,154.0,0.0
10,39,1700,75,50,1,97,6,124.0,136.860840254777
10,39,1700,85,37,1,51,11,192.0,230.50878191527875
10,39,1700,70,38,0,81,9,210.0,0.0
10,39,1700,70,44,1,67,13,236.0,355.0224128447561
10,39,1700,75,46,0,51,6,106.0,0.0
10,39,1700,90,44,1,95,9,232.0,226.2722310666116
10,39,1700,90,46,0,31,2,52.0,0.0
10,39,1700,65,35,0,29,5,102.0,0.0
10,39,1700,70,35,1,117,12,276.0,151.7137093499298
10,39,1700,60,41,1,41,11,196.0,209.59528150056593
10,39,1700,90,36,0,33,11,148.0,0.0
10,39,1700,65,42,1,117,9,192.0,163.57081508452953
10,39,1700,60,49,0,57,4,58.0,0.0
10,39,1700,70,36,1,61,16,184.0,149.28428809324254
10,39,1700,60,49,1,49,5,86.0,57.11915135976422
10,39,1700,85,36,1,49,8,136.0,70.55931654893489
10,39,1700,70,36,0,93,13,270.0,0.0
10,39,1700,80,50,0,51,6,116.0,0.0
10,39,1700,85,40,1,63,12,254.0,248.92424762780428
10,39,1700,75,48,1,63,5,148.0,150.15202126086078
10,39,1700,70,50,0,75,6,104.0,0.0
10,39,1700,90,50,0,67,6,132.0,0.0
10,39,1700,85,46,0,91,5,114.0,0.0
10,39,1700,70,35,0,99,13,258.0,0.0
10,39,1700,85,35,0,59,12,214.0,0.0
10,39,1700,60,36,1,77,18,242.0,117.00330159726826
10,39,1700,60,43,1,35,6,66.0,83.9602885047844
10,39,1700,85,46,0,93,9,184.0,0.0
10,39,1700,60,48,1,47,4,76.0,74.79782283860676
10,39,1700,90,48,1,85,10,162.0,285.4265973842386
10,39,1600,65,40,0,29,7,104.0,0.0
10,39,1700,80,42,1,95,13,196.0,192.2299661231034
10,39,1700,85,48,0,87,8,148.0,0.0
10,39,1600,65,38,1,85,10,174.0,158.61061674448968
10,39,1600,80,44,1,71,9,144.0,221.26612468413953
10,39,1700,70,45,0,63,13,148.0,0.0
10,39,1600,75,44,1,79,9,150.0,254.76179462560992
10,39,1600,65,39,1,39,9,160.0,242.52495905590288
10,39,1600,85,48,0,57,6,132.0,0.0
10,39,1600,60,49,0,77,7,108.0,0.0
10,39,1600,85,36,1,45,12,146.0,81.34032994196575
10,39,1600,60,37,0,59,11,172.0,0.0
10,39,1600,85,43,1,55,7,116.0,92.78511825976004
10,39,1600,60,46,1,85,6,112.0,57.868123564184486
10,39,1600,65,48,0,119,11,180.0,0.0
10,39,1600,90,49,0,63,6,152.0,0.0
10,39,1600,80,43,0,81,6,164.0,0.0
10,39,1600,70,38,1,39,12,134.0,99.96213728968684
10,39,1600,85,42,0,57,7,126.0,0.0
10,39,1600,80,42,0,83,10,134.0,0.0
10,39,1600,80,48,0,49,6,94.0,0.0
10,39,1600,90,50,1,43,2,44.0,62.16099036219964
10,39,1600,85,44,1,61,6,104.0,141.55629939786752
10,39,1600,65,49,0,89,5,110.0,0.0
10,39,1600,60,50,1,59,6,108.0,122.49196644294952
10,39,1600,75,35,0,63,11,182.0,0.0
10,39,1600,80,36,1,51,9,130.0,86.17409329959197
10,39,1600,85,38,0,61,9,116.0,0.0
10,39,1600,75,42,1,63,4,96.0,65.07001090315195
10,39,1600,65,45,1,49,6,98.0,133.2719304188637
10,39,1600,85,44,0,29,3,60.0,0.0
10,39,1600,65,36,1,113,15,246.0,138.3061281104086
10,39,1600,75,46,0,75,11,230.0,0.0
10,39,1600,60,48,1,19,3,38.0,66.68346013644516
10,39,1600,90,40,0,59,10,168.0,0.0
10,39,1600,85,43,0,59,10,202.0,0.0
10,39,1600,60,44,1,59,10,136.0,220.15142787123722
10,39,1600,90,40,1,133,11,220.0,150.42436516521096
10,39,1600,85,46,0,75,9,200.0,0.0
10,39,1600,75,48,1,57,5,88.0,138.3329136290835
10,39,1600,75,46,0,59,8,116.0,0.0
10,39,1600,65,37,0,83,11,162.0,0.0
10,39,1500,65,38,1,41,11,106.0,138.988266232468
10,39,1500,80,39,0,99,8,154.0,0.0
10,39,1600,65,49,1,41,10,98.0,101.80801046763523
10,39,1500,60,42,1,25,2,26.0,23.89077779036869
10,39,1500,90,50,1,59,6,118.0,136.0673342293075
10,39,1500,80,43,0,85,11,170.0,0.0
10,39,1500,70,45,0,55,8,106.0,0.0
10,39,1500,70,40,0,93,8,178.0,0.0
10,39,1500,80,44,0,75,8,190.0,0.0
10,39,1500,80,48,1,113,12,186.0,338.6211728924301
10,39,1500,65,36,0,53,8,158.0,0.0
10,39,1500,75,46,1,25,4,46.0,43.96595418933737
10,39,1500,60,41,1,29,3,30.0,46.04709125677074
10,39,1500,85,42,0,77,10,224.0,0.0
10,39,1500,75,35,1,55,12,162.0,136.40072991665173
10,39,1500,90,42,1,81,9,148.0,141.83465754183305
10,39,1500,60,38,0,99,8,126.0,0.0
10,39,1500,65,37,1,63,15,182.0,234.76811678252344
10,39,1500,75,42,0,73,12,186.0,0.0
10,39,1500,70,38,1,33,7,114.0,80.65735550927687
10,39,1500,85,40,0,55,10,204.0,0.0
10,39,1500,85,50,1,27,4,68.0,55.641887569086414
10,39,1500,75,39,1,77,12,190.0,273.4726269665885
10,39,1500,90,35,0,53,11,160.0,0.0
10,39,1500,60,36,0,55,10,160.0,0.0
10,39,1500,80,41,1,51,6,122.0,134.5788396389097
10,39,1500,85,41,1,43,7,120.0,107.30795046581042
10,39,1500,80,45,1,35,4,66.0,58.00983522706264
10,39,1500,80,50,0,25,3,58.0,0.0
10,39,1500,70,49,0,43,3,68.0,0.0
10,39,1500,60,43,1,65,6,118.0,86.15332385574796
10,39,1500,60,48,0,29,4,60.0,0.0
10,39,1500,85,39,1,47,8,106.0,169.10483966215537
10,39,1500,85,36,1,51,6,116.0,72.16889377982106
10,39,1500,70,42,0,55,6,112.0,0.0
10,39,1500,65,35,0,55,6,110.0,0.0
10,39,1500,70,45,1,81,5,82.0,73.64799059382759
10,39,1500,70,46,0,81,9,136.0,0.0
10,39,1500,85,50,0,29,4,56.0,0.0
10,39,1500,90,49,1,37,5,66.0,59.5034624505904
10,39,1500,65,36,0,77,10,160.0,0.0
10,38,3000,80,36,1,71,37,592.0,557.9569972143793
10,38,3000,60,43,1,119,25,652.0,622.6455945830224
10,38,3000,60,40,0,161,25,730.0,0.0
10,38,3000,90,41,1,165,33,726.0,569.9598459898779
10,38,3000,60,37,0,155,27,638.0,0.0
10,38,3000,85,43,0,159,33,774.0,0.0
10,38,3000,80,43,1,169,31,694.0,513.097898716202
10,38,3000,75,46,0,115,28,612.0,0.0
10,38,3000,70,39,1,105,29,600.0,479.3772820262121
10,38,3000,85,42,1,231,32,706.0,658.4088232247282
10,38,3000,80,40,0,231,31,972.0,0.0
10,38,3000,60,46,1,113,19,596.0,299.38683701615105
10,38,3000,75,41,1,95,30,636.0,451.67692455821197
10,38,3000,65,49,0,169,21,648.0,0.0
10,38,3000,65,45,0,153,25,726.0,0.0
10,38,3000,70,43,0,113,24,554.0,0.0
10,38,3000,70,38,1,173,33,784.0,557.2400493596367
10,38,3000,70,37,1,111,36,672.0,623.8617409042637
10,38,3000,60,38,0,161,31,766.0,0.0
10,38,3000,80,35,1,109,37,606.0,589.0676545710563
10,38,3000,90,40,0,117,34,838.0,0.0
10,38,3000,80,44,1,171,29,712.0,697.593550817069
10,38,3000,80,50,0,167,15,468.0,0.0
10,38,3000,65,40,1,115,36,630.0,495.50438690666164
10,38,3000,60,43,0,175,25,798.0,0.0
10,38,3000,70,35,1,109,34,630.0,486.03716564476804
10,38,3000,80,37,1,235,37,908.0,674.3229657862058
10,38,3000,85,42,0,219,33,874.0,0.0
10,38,3000,70,42,0,117,28,660.0,0.0
10,38,3000,70,45,1,113,25,546.0,535.9747498942788
10,38,3000,85,40,1,235,33,714.0,603.0841753568715
10,38,3000,60,49,0,115,14,378.0,0.0
10,38,3000,70,44,0,207,23,600.0,0.0
10,38,3000,70,47,0,153,23,582.0,0.0
10,38,3000,75,36,0,163,36,560.0,0.0
10,38,3000,90,38,1,111,37,586.0,486.4472733252925
10,38,3000,70,43,1,109,31,586.0,517.6041293220918
10,38,3000,85,50,0,113,12,450.0,0.0
10,38,3000,75,50,1,101,23,426.0,564.2247438426723
10,38,2900,70,36,1,129,36,742.0,572.3870974210522
10,38,2900,90,44,1,109,29,602.0,602.8686995018192
10,38,2900,75,37,1,159,34,714.0,433.0851195927548
10,38,2900,85,50,0,115,18,412.0,0.0
10,38,3000,65,44,0,175,24,672.0,0.0
10,38,2900,70,44,0,159,27,700.0,0.0
10,38,2900,80,45,1,109,22,446.0,355.1176745519029
10,38,2900,85,48,0,153,20,540.0,0.0
10,38,2900,75,35,1,109,35,650.0,564.1331423695376
10,38,2900,65,37,1,107,38,654.0,555.4048023579464
10,38,2900,65,37,1,111,32,626.0,384.7194070441684
10,38,2900,65,44,0,157,20,610.0,0.0
10,38,2900,75,43,0,159,24,674.0,0.0
10,38,2900,85,37,1,113,36,656.0,554.4181765671073
10,38,2900,90,48,0,161,19,568.0,0.0
10,38,2900,85,50,0,169,27,754.0,0.0
10,38,2900,60,40,0,113,26,580.0,0.0
10,38,2900,70,43,0,115,29,736.0,0.0
10,38,2900,65,40,0,165,29,650.0,0.0
10,38,2900,80,45,1,161,27,762.0,612.797598358545
10,38,2900,90,45,1,101,25,546.0,556.0616893669463
10,38,2900,85,46,0,161,26,574.0,0.0
10,38,2900,70,42,1,205,28,594.0,547.3807104196201
10,38,2900,75,50,1,111,14,462.0,349.57345129526806
10,38,2900,70,42,1,115,26,634.0,538.2319172547501
10,38,2900,90,40,0,165,35,772.0,0.0
10,38,2900,70,36,1,163,34,608.0,505.7342634484868
10,38,2900,85,35,1,165,34,694.0,509.4968383356389
10,38,2900,75,43,0,145,26,616.0,0.0
10,38,2900,70,47,0,109,22,668.0,0.0
10,38,2900,85,42,0,115,29,692.0,0.0
10,38,2900,60,41,0,161,26,628.0,0.0
10,38,2900,75,47,1,113,27,504.0,438.4846281066562
10,38,2900,80,38,0,165,29,656.0,0.0
10,38,2900,65,44,0,113,19,580.0,0.0
10,38,2900,75,47,1,89,15,328.0,317.0658513266758
10,38,2900,60,42,1,107,21,482.0,340.69834572932297
10,38,2900,90,37,1,149,36,764.0,473.57449510966273
10,38,2800,60,37,1,131,28,576.0,450.80857053318897
10,38,2900,65,45,0,123,17,568.0,0.0
10,38,2800,90,37,1,103,34,616.0,538.1228400008823
10,38,2900,60,46,1,111,17,370.0,254.72361034145382
10,38,2900,75,47,0,167,30,716.0,0.0
10,38,2800,65,47,0,93,11,352.0,0.0
10,38,2800,70,49,1,109,23,530.0,384.1961417474226
10,38,2800,85,37,0,161,32,776.0,0.0
10,38,2800,60,48,0,109,14,362.0,0.0
10,38,2800,90,37,1,105,35,566.0,454.7769784117506
10,38,2800,80,35,0,101,35,572.0,0.0
10,38,2800,65,38,1,103,29,482.0,403.76678596148815
10,38,2800,75,45,0,105,21,506.0,0.0
10,38,2800,65,45,1,103,23,500.0,450.27620776629175
10,38,2800,75,47,0,107,21,504.0,0.0
10,38,2800,85,46,0,93,17,370.0,0.0
10,38,2800,85,48,1,105,18,460.0,522.5639318009318
10,38,2800,70,50,1,213,18,624.0,535.0897577411359
10,38,2800,70,35,1,107,31,498.0,309.6491457335876
10,38,2800,90,39,0,253,26,744.0,0.0
10,38,2800,60,35,0,99,26,556.0,0.0
10,38,2800,85,39,0,155,32,712.0,0.0
10,38,2800,85,39,1,91,28,442.0,596.912310260085
10,38,2800,65,47,1,77,27,490.0,360.7518303670373
10,38,2800,65,46,0,149,22,666.0,0.0
10,38,2800,85,49,1,89,28,522.0,491.6238646109832
10,38,2800,65,38,1,113,28,566.0,459.2488291667745
10,38,2800,60,38,1,111,30,692.0,567.8914821914154
10,38,2800,75,40,0,207,22,556.0,0.0
10,38,2800,60,44,0,107,19,496.0,0.0
10,38,2800,75,45,1,133,25,550.0,481.1218278359231
10,38,2800,85,38,0,103,33,646.0,0.0
10,38,2800,90,45,0,97,23,468.0,0.0
10,38,2800,80,46,1,87,22,422.0,352.9161917003762
10,38,2800,60,36,1,133,32,670.0,357.72135350583585
10,38,2800,60,36,0,147,31,716.0,0.0
10,38,2800,60,37,1,159,30,666.0,487.16499727341875
10,38,2800,85,41,1,145,30,578.0,515.7852589362561
10,38,2800,85,42,0,89,28,578.0,0.0
10,38,2800,70,43,0,105,22,462.0,0.0
10,38,2800,70,45,1,93,17,410.0,301.5299039703248
10,38,2800,80,46,0,105,20,470.0,0.0
10,38,2700,80,37,0,105,23,562.0,0.0
10,38,2700,90,37,1,99,29,460.0,411.28074209386807
10,38,2700,80,39,1,95,32,522.0,675.0314939737583
10,38,2700,85,43,1,87,21,438.0,422.07435442138427
10,38,2700,85,45,0,135,15,370.0,0.0
10,38,2700,70,43,0,141,22,570.0,0.0
10,38,2800,90,43,0,105,23,596.0,0.0
10,38,2700,60,45,1,103,21,564.0,479.04642311591806
10,38,2700,75,35,1,157,34,716.0,499.6734768075333
10,38,2700,65,35,1,95,33,514.0,404.35584936263626
10,38,2700,85,39,0,101,27,600.0,0.0
10,38,2700,65,43,1,107,20,482.0,462.32781695993464
10,38,2700,80,35,0,203,30,850.0,0.0
10,38,2700,80,43,0,147,28,656.0,0.0
10,38,2700,65,44,0,95,22,418.0,0.0
10,38,2700,70,42,1,143,32,620.0,684.0097072459447
10,38,2700,65,35,0,207,24,578.0,0.0
10,38,2700,75,42,1,153,23,466.0,397.5995387048018
10,38,2700,60,45,1,95,19,410.0,401.3459222623583
10,38,2700,80,48,1,93,21,416.0,455.1408640085241
10,38,2700,90,44,0,191,30,798.0,0.0
10,38,2700,60,49,0,139,20,518.0,0.0
10,38,2700,60,48,1,103,25,556.0,602.1204264831537
10,38,2700,85,49,0,101,18,422.0,0.0
10,38,2700,70,43,0,157,26,658.0,0.0
10,38,2700,85,45,1,115,25,550.0,516.4087886462704
10,38,2700,65,40,1,113,23,526.0,283.19068867938904
10,38,2700,80,44,1,147,28,534.0,596.2483989333726
10,38,2700,60,43,1,153,20,572.0,403.88856760204703
10,38,2700,75,35,1,93,35,554.0,563.9347008861313
10,38,2700,60,45,0,197,19,470.0,0.0
10,38,2700,75,48,0,143,18,470.0,0.0
10,38,2700,65,47,0,143,18,528.0,0.0
10,38,2700,70,47,0,97,13,314.0,0.0
10,38,2700,75,39,1,107,32,624.0,709.1364721100819
10,38,2700,70,41,0,105,22,518.0,0.0
10,38,2700,60,38,0,103,18,562.0,0.0
10,38,2700,90,41,1,97,30,532.0,496.17005711092315
10,38,2600,60,42,0,153,20,486.0,0.0
10,38,2700,80,43,1,105,24,484.0,418.43198043122356
10,38,2700,75,47,0,205,20,556.0,0.0
10,38,2600,90,43,1,97,30,610.0,660.6299727351566
10,38,2700,75,50,0,201,15,520.0,0.0
10,38,2600,65,39,1,73,22,356.0,498.5165177738404
10,38,2600,85,44,1,91,18,352.0,364.193226040876
10,38,2600,60,48,0,239,12,386.0,0.0
10,38,2600,75,39,1,95,24,468.0,512.6586997786266
10,38,2600,65,41,0,95,22,510.0,0.0
10,38,2600,65,39,1,97,19,350.0,403.0587026186663
10,38,2600,60,44,0,95,20,464.0,0.0
10,38,2600,85,42,1,95,27,474.0,492.62948557607757
10,38,2600,65,42,0,101,16,342.0,0.0
10,38,2600,65,35,1,95,29,528.0,341.90131144119914
10,38,2600,75,47,0,99,20,416.0,0.0
10,38,2600,90,49,1,103,20,498.0,398.248739336404
10,38,2600,60,45,0,99,20,508.0,0.0
10,38,2600,65,37,1,99,31,578.0,508.0035728218988
10,38,2600,65,38,1,125,33,538.0,578.9934841404723
10,38,2600,85,39,1,153,33,606.0,655.7073208751987
10,38,2600,85,43,0,143,21,596.0,0.0
10,38,2600,90,41,0,101,28,508.0,0.0
10,38,2600,60,47,0,89,12,360.0,0.0
10,38,2600,70,50,0,99,14,428.0,0.0
10,38,2600,65,49,1,73,16,280.0,268.350016456274
10,38,2600,80,38,1,95,35,550.0,540.1701753097096
10,38,2600,75,37,1,97,29,472.0,431.8735704759549
10,38,2600,90,42,0,101,27,686.0,0.0
10,38,2600,60,45,0,145,21,496.0,0.0
10,38,2600,70,41,1,143,30,676.0,503.2564594275426
10,38,2600,85,45,0,103,20,448.0,0.0
10,38,2600,90,47,1,59,22,368.0,411.5026605449848
10,38,2600,75,47,0,99,17,414.0,0.0
10,38,2600,80,37,1,159,34,722.0,514.0265470007287
10,38,2600,80,39,0,145,30,572.0,0.0
10,38,2600,90,40,1,191,31,554.0,384.6128073336695
10,38,2600,60,44,1,97,15,326.0,270.9674834945289
10,38,2600,80,45,0,151,21,484.0,0.0
10,38,2600,80,45,1,143,21,568.0,559.1368431003067
10,38,2600,90,43,0,147,23,562.0,0.0
10,38,2600,75,45,0,145,23,562.0,0.0
10,38,2500,65,35,1,69,27,374.0,422.28201254282726
10,38,2600,65,36,0,139,26,580.0,0.0
10,38,2500,60,38,0,117,19,502.0,0.0
10,38,2500,85,38,0,123,29,602.0,0.0
10,38,2500,60,45,1,87,14,360.0,241.35046427166893
10,38,2500,65,44,0,121,15,352.0,0.0
10,38,2500,80,48,1,87,16,362.0,393.01040570590203
10,38,2500,60,41,1,95,17,378.0,270.6383217667889
10,38,2500,90,47,1,99,21,410.0,337.06022377583724
10,38,2500,85,36,0,97,29,616.0,0.0
10,38,2500,90,42,0,135,25,598.0,0.0
10,38,2500,80,36,0,141,24,476.0,0.0
10,38,2500,60,45,1,49,14,336.0,277.8336572739164
10,38,2500,80,48,0,127,16,362.0,0.0
10,38,2500,85,49,1,79,13,264.0,166.2763274921146
10,38,2500,90,49,1,109,16,380.0,221.69187125319345
10,38,2500,80,41,0,143,25,478.0,0.0
10,38,2500,85,42,0,131,17,392.0,0.0
10,38,2500,60,43,1,83,19,396.0,363.1871295223662
10,38,2500,75,45,1,121,21,528.0,437.9571250103217
10,38,2500,75,49,0,85,14,262.0,0.0
10,38,2500,65,49,1,87,12,238.0,147.26534703205175
10,38,2500,80,47,0,133,13,348.0,0.0
10,38,2500,65,39,1,143,20,608.0,490.857162938634
10,38,2500,90,42,0,139,21,446.0,0.0
10,38,2500,70,45,0,143,17,466.0,0.0
10,38,2500,70,35,1,135,30,540.0,433.03674867782746
10,38,2500,60,48,1,175,12,314.0,285.61751024298013
10,38,2500,65,46,0,151,14,514.0,0.0
10,38,2500,75,41,0,131,19,432.0,0.0
10,38,2500,60,50,1,81,8,208.0,256.1485067321463
10,38,2500,60,50,1,93,10,306.0,174.47799774746923
10,38,2500,75,38,1,89,25,414.0,446.4539558168022
10,38,2500,75,36,0,145,23,504.0,0.0
10,38,2500,75,42,1,75,16,378.0,237.06348729697652
10,38,2500,60,48,0,131,13,302.0,0.0
10,38,2500,80,46,0,147,16,410.0,0.0
10,38,2500,80,48,0,99,17,408.0,0.0
10,38,2500,90,40,1,127,23,538.0,394.16962278665227
10,38,2500,65,48,1,137,16,396.0,456.9418885828816
10,38,2400,80,37,0,127,24,550.0,0.0
10,38,2400,65,38,1,95,26,586.0,352.09888829831397
10,38,2400,60,42,1,71,20,286.0,474.80680653648653
10,38,2400,90,37,0,95,26,504.0,0.0
10,38,2400,60,48,1,137,15,344.0,335.56857333099254
10,38,2500,70,49,0,129,16,402.0,0.0
10,38,2400,90,48,1,141,22,584.0,613.6495117643527
10,38,2400,90,50,0,47,14,250.0,0.0
10,38,2400,70,35,0,95,26,414.0,0.0
10,38,2400,65,35,1,77,26,468.0,347.96032774951954
10,38,2400,65,40,1,105,17,366.0,279.90252527311395
10,38,2400,75,41,1,93,17,360.0,310.7785069977163
10,38,2400,65,43,0,181,15,400.0,0.0
10,38,2400,70,49,0,137,10,350.0,0.0
10,38,2400,65,49,0,91,13,288.0,0.0
10,38,2400,90,49,1,73,14,270.0,172.03738679145602
10,38,2400,75,37,1,131,23,512.0,320.0114397231136
10,38,2400,75,38,1,83,30,352.0,439.79906471040067
10,38,2400,65,42,1,95,15,264.0,224.1347234523311
10,38,2400,80,35,0,135,32,722.0,0.0
10,38,2400,90,42,0,93,21,560.0,0.0
10,38,2400,65,42,1,137,16,340.0,191.9387981115866
10,38,2400,75,49,0,133,17,472.0,0.0
10,38,2400,60,49,0,87,9,212.0,0.0
10,38,2400,85,37,0,137,28,564.0,0.0
10,38,2400,90,38,1,81,19,444.0,338.7789006311516
10,38,2400,70,42,1,79,22,386.0,385.94661833478534
10,38,2400,70,40,0,125,21,552.0,0.0
10,38,2400,70,38,0,125,26,612.0,0.0
10,38,2400,90,38,1,107,26,442.0,354.01579507359264
10,38,2400,60,46,1,119,16,368.0,282.46463689038814
10,38,2400,80,47,0,113,14,372.0,0.0
10,38,2400,60,36,0,85,20,374.0,0.0
10,38,2400,70,37,0,135,21,582.0,0.0
10,38,2400,75,37,1,133,28,602.0,497.76754814241156
10,38,2400,80,41,1,143,27,450.0,587.1866885536932
10,38,2400,75,41,0,129,21,458.0,0.0
10,38,2400,75,35,1,83,28,412.0,349.3642575436443
10,38,2400,60,37,0,177,25,642.0,0.0
10,38,2400,75,49,1,81,14,366.0,268.55684478265465
10,38,2400,60,43,0,93,19,416.0,0.0
10,38,2300,60,39,0,85,15,364.0,0.0
10,38,2300,65,35,1,117,18,342.0,284.860954042075
10,38,2300,85,40,1,121,19,416.0,384.9355437193102
10,38,2300,75,40,0,173,17,456.0,0.0
10,38,2300,85,45,1,87,17,296.0,351.7016474898241
10,38,2300,65,42,0,111,20,424.0,0.0
10,38,2300,75,40,0,87,20,490.0,0.0
10,38,2300,80,39,1,87,19,492.0,413.40476417943745
10,38,2300,85,45,1,81,17,316.0,363.91920070978887
10,38,2300,85,49,0,121,9,294.0,0.0
10,38,2300,90,36,1,81,31,378.0,416.2351029156655
10,38,2300,80,35,0,85,30,562.0,0.0
10,38,2300,75,40,0,89,19,408.0,0.0
10,38,2300,90,46,1,49,15,270.0,164.73608669204432
10,38,2300,90,40,1,129,22,450.0,395.6502078955969
10,38,2300,90,39,0,89,23,366.0,0.0
10,38,2300,70,48,1,71,10,226.0,249.7085846193034
10,38,2300,85,37,0,123,27,458.0,0.0
10,38,2300,70,41,0,135,15,292.0,0.0
10,38,2300,60,42,1,55,19,236.0,298.42059730995953
10,38,2300,90,44,1,89,13,232.0,200.69746521391198
10,38,2300,65,43,0,139,10,318.0,0.0
10,38,2300,85,44,1,173,17,412.0,355.5962324549359
10,38,2300,70,43,1,83,19,350.0,265.92685380751925
10,38,2300,90,37,1,87,21,372.0,263.8202158117589
10,38,2300,65,50,0,91,13,348.0,0.0
10,38,2300,85,37,0,169,24,600.0,0.0
10,38,2300,75,39,1,71,20,294.0,572.7581275286248
10,38,2300,80,49,0,75,12,310.0,0.0
10,38,2300,65,43,1,57,14,234.0,195.0877485716629
10,38,2300,80,50,0,119,16,356.0,0.0
10,38,2300,60,36,0,77,18,284.0,0.0
10,38,2300,65,38,0,87,22,310.0,0.0
10,38,2300,70,41,0,123,18,428.0,0.0
10,38,2300,80,44,1,113,15,246.0,389.38215901717274
10,38,2300,90,36,0,125,31,558.0,0.0
10,38,2300,80,45,1,123,22,554.0,484.36855108911635
10,38,2300,70,42,1,77,19,300.0,259.8325332180377
10,38,2200,60,41,1,83,18,440.0,395.67818761524956
10,38,2300,90,49,1,85,18,374.0,252.5969394684783
10,38,2200,75,42,0,83,9,264.0,0.0
10,38,2200,80,36,1,127,25,482.0,388.64512427747025
10,38,2300,75,40,0,81,16,388.0,0.0
10,38,2200,65,47,1,141,16,322.0,240.59905002788972
10,38,2200,90,46,0,117,12,278.0,0.0
10,38,2200,60,45,0,83,12,340.0,0.0
10,38,2200,70,38,0,81,20,358.0,0.0
10,38,2200,70,39,0,173,22,490.0,0.0
10,38,2200,60,49,1,79,14,182.0,135.07949530934215
10,38,2200,70,40,1,71,18,260.0,274.97108020181247
10,38,2200,70,45,0,79,12,206.0,0.0
10,38,2200,80,46,1,89,12,248.0,137.8033844752671
10,38,2200,70,47,1,119,10,264.0,120.33908192743847
10,38,2200,60,35,0,81,17,386.0,0.0
10,38,2200,70,38,0,151,17,472.0,0.0
10,38,2200,65,47,1,127,14,320.0,238.24180439620187
10,38,2200,60,50,0,85,11,206.0,0.0
10,38,2200,90,38,1,81,22,476.0,339.04139345669046
10,38,2200,75,41,1,115,14,276.0,293.2635935766107
10,38,2200,65,46,1,167,16,456.0,199.92885291412435
10,38,2200,75,35,1,57,25,378.0,328.7678468907839
10,38,2200,60,38,0,113,17,276.0,0.0
10,38,2200,65,50,0,83,10,312.0,0.0
10,38,2200,90,40,0,85,20,474.0,0.0
10,38,2200,70,47,1,69,9,196.0,133.7652443863774
10,38,2200,70,50,0,123,9,244.0,0.0
10,38,2200,60,49,0,109,9,176.0,0.0
10,38,2200,90,49,1,51,13,226.0,166.52916234438408
10,38,2200,90,38,1,111,23,430.0,360.1628685075054
10,38,2200,60,40,1,79,12,234.0,157.24847661791972
10,38,2200,85,41,0,79,17,312.0,0.0
10,38,2200,85,43,1,95,18,402.0,381.88939243067824
10,38,2200,75,36,1,81,21,314.0,207.43723620868016
10,38,2200,80,43,0,67,19,324.0,0.0
10,38,2200,65,38,0,77,16,332.0,0.0
10,38,2200,65,37,1,73,28,396.0,315.6602248645919
10,38,2200,70,46,0,43,4,94.0,0.0
10,38,2200,70,43,0,113,16,320.0,0.0
10,38,2200,75,43,1,43,12,200.0,194.37699686364752
10,38,2200,85,38,0,87,20,360.0,0.0
10,38,2100,80,39,0,105,20,372.0,0.0
10,38,2100,60,40,1,45,9,204.0,137.0914352433714
10,38,2100,80,38,0,77,17,344.0,0.0
10,38,2100,80,41,1,79,22,346.0,503.40931488578127
10,38,2100,75,46,0,111,11,260.0,0.0
10,38,2100,85,46,1,41,8,156.0,128.84384592518404
10,38,2100,85,49,1,55,10,190.0,132.51179589583361
10,38,2100,90,37,1,75,22,378.0,377.0739278191939
10,38,2100,65,36,1,53,21,272.0,253.93733722767422
10,38,2100,65,37,1,75,17,284.0,265.80046206210733
10,38,2100,60,47,0,65,7,154.0,0.0
10,38,2100,75,45,0,115,10,272.0,0.0
10,38,2100,65,45,1,57,10,160.0,212.24624550151776
10,38,2100,90,48,0,125,12,292.0,0.0
10,38,2100,80,49,0,79,15,356.0,0.0
10,38,2100,60,41,0,77,12,234.0,0.0
10,38,2100,65,38,1,131,18,316.0,252.75697580374134
10,38,2100,70,41,0,115,12,282.0,0.0
10,38,2100,60,41,1,105,17,250.0,284.174367296831
10,38,2100,65,46,0,153,14,302.0,0.0
10,38,2100,60,43,1,73,15,342.0,271.37281657959664
10,38,2100,60,47,1,73,8,216.0,88.42043588174147
10,38,2100,65,46,0,101,13,254.0,0.0
10,38,2100,80,36,0,121,18,502.0,0.0
10,38,2100,60,41,1,83,10,188.0,237.92192853905726
10,38,2100,90,40,0,77,14,296.0,0.0
10,38,2100,60,41,0,79,13,222.0,0.0
10,38,2100,75,44,1,41,6,144.0,113.72726362165226
10,38,2100,80,49,0,75,20,260.0,0.0
10,38,2100,90,44,1,43,7,112.0,156.00260391673527
10,38,2100,60,49,1,69,9,162.0,70.99220438146314
10,38,2100,90,35,1,51,21,304.0,283.0565055255033
10,38,2100,75,39,0,97,20,350.0,0.0
10,38,2100,65,45,0,75,9,190.0,0.0
10,38,2100,80,42,0,105,12,294.0,0.0
10,38,2100,65,45,1,75,13,224.0,337.0062835072875
10,38,2100,65,47,1,89,8,162.0,96.48077152457157
10,38,2100,80,39,1,119,20,320.0,384.0211241857434
10,38,2100,75,47,0,65,8,168.0,0.0
10,38,2000,85,38,0,111,20,404.0,0.0
10,38,2000,60,36,0,79,12,214.0,0.0
10,38,2000,65,40,1,71,18,220.0,316.8838173630438
10,38,2000,70,44,1,67,15,248.0,370.8072446979423
10,38,2000,90,44,0,49,13,166.0,0.0
10,38,2000,80,43,1,69,9,188.0,96.31935856314655
10,38,2000,65,46,1,49,7,122.0,113.13404386774398
10,38,2100,85,47,0,117,13,340.0,0.0
10,38,2000,65,36,1,67,8,188.0,95.48852404953684
10,38,2000,80,38,1,115,18,328.0,146.76624071420804
10,38,2000,70,41,1,59,15,264.0,350.5403367623691
10,38,2000,85,41,0,115,14,338.0,0.0
10,38,2000,80,44,1,71,16,276.0,427.3201333865186
10,38,2000,70,49,0,75,8,206.0,0.0
10,38,2000,60,49,0,69,8,232.0,0.0
10,38,2000,85,47,0,77,13,278.0,0.0
10,38,2000,75,35,1,51,12,202.0,160.9210110769316
10,38,2000,60,37,1,65,9,136.0,91.18366026780251
10,38,2000,90,39,1,55,12,196.0,260.17975226171285
10,38,2000,75,43,0,77,14,236.0,0.0
10,38,2000,65,46,1,39,8,114.0,117.35619074423995
10,38,2000,90,47,0,77,11,248.0,0.0
10,38,2000,65,50,0,113,7,144.0,0.0
10,38,2000,90,48,0,103,11,210.0,0.0
10,38,2000,90,36,1,77,19,308.0,230.64057042836205
10,38,2000,90,36,0,99,18,364.0,0.0
10,38,2000,90,38,0,113,23,432.0,0.0
10,38,2000,75,41,1,125,13,230.0,213.92330763834298
10,38,2000,85,42,0,99,15,278.0,0.0
10,38,2000,65,35,0,87,18,384.0,0.0
10,38,2000,90,44,1,77,16,402.0,383.7774804629976
10,38,2000,70,45,1,75,16,274.0,312.72425587538436
10,38,2000,60,36,1,73,16,272.0,192.55826119723693
10,38,2000,85,38,1,61,17,172.0,193.77928653689295
10,38,2000,75,42,0,79,14,222.0,0.0
10,38,2000,90,46,0,145,10,238.0,0.0
10,38,2000,85,43,1,53,10,188.0,203.22510262430214
10,38,2000,70,46,0,65,6,156.0,0.0
10,38,2000,80,46,0,91,13,302.0,0.0
10,38,2000,60,50,1,37,4,68.0,89.52762091149835
10,38,1900,80,38,1,105,16,256.0,154.96309830079417
10,38,1900,80,42,1,65,11,192.0,215.73578357263767
10,38,1900,60,43,0,71,10,202.0,0.0
10,38,2000,75,44,0,69,10,212.0,0.0
10,38,1900,65,45,0,121,9,182.0,0.0
10,38,1900,60,46,1,43,4,44.0,41.103895800674294
10,38,1900,70,48,0,107,10,170.0,0.0
10,38,1900,85,35,1,141,21,540.0,247.35010801044606
10,38,1900,90,35,1,59,18,292.0,227.4450863327986
10,38,1900,85,49,1,83,10,156.0,116.73567016197973
10,38,1900,60,35,0,73,9,174.0,0.0
10,38,1900,75,39,1,139,19,276.0,366.1146874383086
10,38,1900,80,48,0,69,9,212.0,0.0
10,38,1900,70,47,0,75,9,184.0,0.0
10,38,1900,65,46,0,37,4,92.0,0.0
10,38,1900,85,35,1,71,22,330.0,360.93653773546663
10,38,1900,65,35,0,73,19,362.0,0.0
10,38,1900,85,35,1,57,10,188.0,104.77635422977175
10,38,1900,65,40,1,103,17,240.0,147.8834465035822
10,38,1900,70,36,0,71,14,162.0,0.0
10,38,1900,90,35,0,107,15,262.0,0.0
10,38,1900,85,44,0,71,8,166.0,0.0
10,38,1900,80,47,1,47,9,140.0,107.19249212358412
10,38,1900,85,49,1,71,9,204.0,103.77272099601271
10,38,1900,80,37,1,57,25,264.0,444.91792828338356
10,38,1900,75,36,0,73,12,292.0,0.0
10,38,1900,80,44,0,89,10,160.0,0.0
10,38,1900,90,37,1,107,21,302.0,277.38174886703257
10,38,1900,60,44,1,71,8,178.0,118.47177560785893
10,38,1900,70,49,0,37,2,38.0,0.0
10,38,1900,70,50,1,65,8,140.0,153.3918172270383
10,38,1900,70,50,0,61,11,168.0,0.0
10,38,1900,70,37,0,103,14,246.0,0.0
10,38,1900,90,40,0,105,15,342.0,0.0
10,38,1900,65,38,1,75,16,272.0,167.88336791260886
10,38,1900,85,43,0,137,12,204.0,0.0
10,38,1900,70,38,0,63,15,232.0,0.0
10,38,1900,90,45,1,121,11,300.0,180.1757649136615
10,38,1900,60,42,1,69,9,174.0,163.91641127950476
10,38,1900,65,50,1,73,8,178.0,174.69287619743724
10,38,1800,70,35,1,65,14,188.0,175.12101093353456
10,38,1800,80,35,0,93,14,260.0,0.0
10,38,1900,80,45,0,71,13,268.0,0.0
10,38,1800,75,45,0,85,10,146.0,0.0
10,38,1800,70,47,0,61,7,178.0,0.0
10,38,1800,80,49,1,55,7,120.0,52.382971749944865
10,38,1800,70,42,1,65,12,162.0,179.47113978212877
10,38,1800,85,50,1,65,15,230.0,314.208678986246
10,38,1800,65,37,1,49,17,232.0,330.7805177624982
10,38,1800,60,39,0,85,11,176.0,0.0
10,38,1800,85,37,1,53,18,258.0,279.74921324853364
10,38,1800,70,44,0,59,10,194.0,0.0
10,38,1800,70,42,1,97,14,248.0,248.85111669012264
10,38,1800,90,44,0,65,11,192.0,0.0
10,38,1800,90,45,1,59,8,140.0,206.57528851130178
10,38,1800,80,49,0,69,8,144.0,0.0
10,38,1800,75,36,1,99,10,208.0,78.90987294646926
10,38,1800,85,36,1,61,22,294.0,288.28997358416024
10,38,1800,80,39,0,65,19,300.0,0.0
10,38,1800,65,35,0,35,13,196.0,0.0
10,38,1800,60,45,1,121,10,238.0,205.12527836300833
10,38,1800,75,42,0,33,6,142.0,0.0
10,38,1800,75,50,0,85,8,120.0,0.0
10,38,1800,60,50,1,93,3,94.0,52.16166819394275
10,38,1800,80,38,1,63,16,226.0,213.24964456610562
10,38,1800,65,41,1,73,13,266.0,273.91969458829266
10,38,1800,90,36,0,133,20,370.0,0.0
10,38,1800,60,49,1,65,6,122.0,57.60118416885579
10,38,1800,75,46,0,35,5,90.0,0.0
10,38,1800,85,50,0,65,10,216.0,0.0
10,38,1800,90,48,0,119,6,148.0,0.0
10,38,1800,80,47,1,61,9,166.0,147.5804857564649
10,38,1800,65,40,0,67,11,156.0,0.0
10,38,1800,65,45,0,91,6,142.0,0.0
10,38,1800,75,39,0,97,17,276.0,0.0
10,38,1800,75,43,1,105,8,226.0,103.40802994545467
10,38,1800,85,48,0,93,11,292.0,0.0
10,38,1800,90,50,1,95,7,198.0,121.39177714580951
10,38,1800,75,46,1,57,8,142.0,90.5706929868581
10,38,1800,85,42,1,65,19,280.0,325.3897484108894
10,38,1800,70,38,0,91,8,160.0,0.0
10,38,1700,85,36,0,91,13,202.0,0.0
10,38,1700,60,36,0,59,11,192.0,0.0
10,38,1700,60,40,1,61,9,114.0,136.59785358777233
10,38,1700,70,36,0,65,13,144.0,0.0
10,38,1700,75,47,1,59,7,164.0,79.84971700474811
10,38,1700,60,38,1,61,10,132.0,100.42926679744438
10,38,1700,65,43,1,33,5,94.0,96.63916959771826
10,38,1700,90,43,1,91,10,234.0,130.48638877435576
10,38,1700,90,47,0,61,9,140.0,0.0
10,38,1700,65,41,1,47,9,116.0,140.3346731075923
10,38,1700,70,42,0,87,8,168.0,0.0
10,38,1700,70,44,0,145,10,224.0,0.0
10,38,1700,65,45,1,87,10,146.0,236.68667840517548
10,38,1700,75,38,1,61,13,170.0,183.12771619307304
10,38,1700,80,40,1,53,7,128.0,122.77775997335648
10,38,1700,75,39,0,91,10,178.0,0.0
10,38,1700,65,47,0,87,7,174.0,0.0
10,38,1700,90,42,1,51,7,104.0,96.73505512064399
10,38,1700,90,47,0,89,12,220.0,0.0
10,38,1700,90,42,0,63,11,228.0,0.0
10,38,1700,90,46,1,79,9,210.0,112.043127321244
10,38,1700,90,41,1,61,18,218.0,259.8332406284468
10,38,1700,65,49,0,33,4,60.0,0.0
10,38,1700,90,44,1,71,7,126.0,173.94649066390141
10,38,1700,90,43,0,99,10,166.0,0.0
10,38,1700,80,42,0,101,12,256.0,0.0
10,38,1700,65,36,0,65,16,268.0,0.0
10,38,1700,90,38,1,61,12,178.0,113.65665220852165
10,38,1700,65,40,1,35,7,98.0,76.57824066337025
10,38,1700,70,47,1,61,6,162.0,82.79619581485441
10,38,1700,65,45,0,93,7,152.0,0.0
10,38,1700,60,45,0,49,9,182.0,0.0
10,38,1700,60,39,0,57,9,184.0,0.0
10,38,1700,70,41,1,65,12,190.0,260.76912789985613
10,38,1700,85,46,1,57,7,124.0,76.85298093846126
10,38,1700,90,49,0,63,8,152.0,0.0
10,38,1700,75,41,1,59,14,144.0,237.35182613148328
10,38,1700,60,39,1,33,4,86.0,118.26760675707185
10,38,1700,65,42,0,87,6,164.0,0.0
10,38,1600,85,36,1,35,11,122.0,107.7649764250269
10,38,1600,80,43,0,87,6,142.0,0.0
10,38,1600,85,38,1,57,7,174.0,116.2967479164908
10,38,1600,60,43,1,27,3,28.0,41.98452177298136
10,38,1600,85,44,0,31,4,74.0,0.0
10,38,1700,60,44,0,33,7,102.0,0.0
10,38,1600,70,49,0,31,4,68.0,0.0
10,38,1600,90,50,1,31,4,92.0,125.2662378246873
10,38,1600,75,37,1,49,10,80.0,114.10488380559133
10,38,1600,90,38,1,53,15,172.0,114.08661754834309
10,38,1600,70,38,0,57,12,200.0,0.0
10,38,1600,85,38,0,53,10,168.0,0.0
10,38,1600,70,41,0,29,8,114.0,0.0
10,38,1600,70,44,1,57,8,156.0,223.45752552221103
10,38,1600,85,42,0,55,14,234.0,0.0
10,38,1600,65,36,1,43,11,84.0,51.56720717091681
10,38,1600,85,35,0,87,13,250.0,0.0
10,38,1600,70,37,1,63,14,232.0,167.28974722048213
10,38,1600,70,40,0,45,4,46.0,0.0
10,38,1600,90,40,0,117,10,208.0,0.0
10,38,1600,85,43,0,31,7,86.0,0.0
10,38,1600,80,40,1,57,4,100.0,63.51706365504068
10,38,1600,90,39,1,59,14,176.0,244.97880620557692
10,38,1600,60,50,1,95,9,126.0,187.37437163212837
10,38,1600,75,35,1,49,11,184.0,116.83801191142746
10,38,1600,85,44,1,83,10,204.0,269.6256998162844
10,38,1600,65,40,1,53,11,102.0,102.58667403635468
10,38,1600,90,46,0,73,6,92.0,0.0
10,38,1600,65,35,1,59,12,194.0,135.92917097721468
10,38,1600,80,35,0,45,12,134.0,0.0
10,38,1600,70,47,0,69,7,130.0,0.0
10,38,1600,85,50,0,45,4,88.0,0.0
10,38,1600,60,37,0,59,5,120.0,0.0
10,38,1600,75,39,0,31,5,88.0,0.0
10,38,1600,75,37,1,91,11,200.0,182.9911923991622
10,38,1600,70,41,1,51,7,126.0,114.92718248060544
10,38,1600,75,44,0,29,6,86.0,0.0
10,38,1600,75,46,1,29,7,82.0,103.55792160765003
10,38,1600,70,49,0,31,4,88.0,0.0
10,38,1600,80,37,0,77,8,168.0,0.0
10,38,1600,90,47,1,47,9,114.0,111.00695529316238
10,38,1500,80,35,0,55,10,144.0,0.0
10,38,1500,80,38,1,73,13,190.0,111.2507490453471
10,38,1500,60,39,0,51,7,174.0,0.0
10,38,1500,65,42,1,37,6,58.0,105.77039428371745
10,38,1500,90,48,1,53,9,84.0,190.2666247091079
10,38,1500,60,40,0,55,7,98.0,0.0
10,38,1500,65,36,1,29,5,78.0,28.495668546056773
10,38,1500,70,36,0,87,14,226.0,0.0
10,38,1500,70,35,1,39,9,98.0,110.78136371173944
10,38,1500,60,39,0,71,9,130.0,0.0
10,38,1500,80,50,0,57,6,100.0,0.0
10,38,1500,80,42,1,87,10,138.0,180.60605547971963
10,38,1500,85,46,1,43,8,94.0,85.27723796726669
10,38,1500,75,43,0,71,6,122.0,0.0
10,38,1500,75,49,1,25,3,52.0,29.942959743450576
10,38,1500,70,39,1,41,12,124.0,237.2366784654354
10,38,1500,60,44,0,49,5,76.0,0.0
10,38,1500,60,44,1,57,8,82.0,196.265677339819
10,38,1500,80,48,0,29,2,42.0,0.0
10,38,1500,75,38,1,63,13,182.0,171.819730341656
10,38,1500,65,42,0,47,5,64.0,0.0
10,38,1500,70,44,0,41,6,102.0,0.0
10,38,1500,70,43,1,45,6,120.0,74.72327641895471
10,38,1500,85,41,1,55,8,152.0,223.61173243722985
10,38,1500,65,43,0,43,3,58.0,0.0
10,38,1500,85,44,0,53,5,84.0,0.0
10,38,1500,75,43,1,49,6,144.0,90.48085374926141
10,38,1500,75,36,0,57,10,150.0,0.0
10,38,1500,85,38,1,53,7,100.0,35.97225942210697
10,38,1500,70,39,1,55,5,124.0,184.19091179990366
10,38,1500,70,40,0,37,5,96.0,0.0
10,38,1500,70,37,1,47,11,140.0,150.21421095119965
10,38,1500,90,46,1,45,4,46.0,44.1825775670898
10,38,1500,70,50,0,57,7,110.0,0.0
10,38,1500,90,44,0,77,10,126.0,0.0
10,38,1500,85,41,1,43,9,120.0,149.06171568684366
10,38,1500,60,49,0,29,2,50.0,0.0
10,38,1500,70,50,0,57,7,86.0,0.0
10,37,3000,85,35,1,155,35,744.0,502.00404028604225
10,37,3000,80,37,1,119,34,772.0,571.5138532721915
10,38,1500,80,39,0,77,11,206.0,0.0
10,37,3000,60,38,0,165,31,652.0,0.0
10,38,1500,85,48,1,65,7,114.0,192.63328635395513
10,37,3000,75,48,0,111,21,496.0,0.0
10,37,3000,60,46,1,119,19,604.0,372.6709018751067
10,37,3000,85,47,0,165,24,630.0,0.0
10,37,3000,80,35,0,115,35,690.0,0.0
10,37,3000,85,40,1,87,31,500.0,461.4647947229258
10,37,3000,65,41,0,107,28,654.0,0.0
10,37,3000,75,39,1,115,29,700.0,507.8838062159657
10,37,3000,70,49,1,161,28,774.0,511.85810910486816
10,37,3000,70,47,1,113,25,440.0,419.8544376617221
10,37,3000,65,40,1,113,31,694.0,543.1230882053726
10,37,3000,60,43,1,119,26,624.0,554.3013093911974
10,37,3000,85,39,0,169,33,786.0,0.0
10,37,3000,90,46,0,117,24,806.0,0.0
10,37,3000,60,44,0,163,31,750.0,0.0
10,37,3000,60,44,0,119,21,578.0,0.0
10,37,3000,60,44,1,115,23,578.0,510.0554386909345
10,37,3000,70,35,0,167,36,872.0,0.0
10,37,3000,90,36,1,109,33,546.0,360.8152303993599
10,37,3000,85,36,0,59,35,502.0,0.0
10,37,3000,65,43,1,155,27,620.0,596.2710857288852
10,37,3000,85,36,0,111,34,708.0,0.0
10,37,3000,70,43,1,167,32,808.0,559.1269628426609
10,37,3000,70,37,1,155,28,618.0,528.3644107907159
10,37,3000,60,50,0,99,12,460.0,0.0
10,37,3000,90,50,1,129,23,550.0,608.3969565043567
10,37,3000,90,50,0,115,20,540.0,0.0
10,37,3000,60,43,0,171,25,668.0,0.0
10,37,3000,90,35,0,113,35,606.0,0.0
10,37,3000,60,40,0,105,24,536.0,0.0
10,37,3000,75,42,0,165,27,748.0,0.0
10,37,3000,85,45,1,117,28,626.0,749.0720816897351
10,37,3000,90,49,1,119,25,560.0,367.181431903225
10,37,3000,60,50,0,113,20,454.0,0.0
10,37,3000,70,44,1,115,29,690.0,671.6306936582727
10,37,3000,90,48,1,173,27,660.0,618.3583689421706
10,37,3000,90,37,1,75,36,556.0,549.5194502713878
10,37,2900,80,40,1,111,35,566.0,582.9319178491188
10,37,3000,65,38,0,157,34,898.0,0.0
10,37,2900,70,38,1,165,34,668.0,578.4970038152501
10,37,2900,85,42,1,99,24,370.0,361.0055170894996
10,37,2900,75,50,0,147,22,590.0,0.0
10,37,2900,90,49,0,159,21,626.0,0.0
10,37,2900,80,48,0,189,15,524.0,0.0
10,37,2900,90,36,0,111,31,666.0,0.0
10,37,2900,75,40,1,223,29,800.0,566.0663787172743
10,37,2900,75,40,0,169,29,806.0,0.0
10,37,2900,80,42,1,99,27,448.0,444.8587193231793
10,37,2900,90,38,0,165,34,712.0,0.0
10,37,2900,70,48,1,87,25,456.0,684.8193813157542
10,37,2900,85,38,0,205,35,916.0,0.0
10,37,2900,80,39,1,101,35,538.0,711.4813583715738
10,37,2900,80,39,1,165,28,764.0,654.9363323189688
10,37,2900,75,38,0,161,33,832.0,0.0
10,37,2900,90,49,1,111,23,596.0,499.35183603653843
10,37,2900,65,47,0,169,21,570.0,0.0
10,37,2900,60,46,0,111,21,440.0,0.0
10,37,2900,80,43,1,79,28,398.0,506.6884355592174
10,37,2900,65,42,0,105,25,612.0,0.0
10,37,2900,65,44,1,111,18,392.0,478.3331053835385
10,37,2900,65,35,1,113,34,550.0,511.32474285893255
10,37,2900,60,42,0,109,23,624.0,0.0
10,37,2900,90,43,0,105,27,596.0,0.0
10,37,2900,85,47,0,113,20,610.0,0.0
10,37,2900,60,49,1,113,25,520.0,360.6439394679979
10,37,2900,90,46,1,107,27,608.0,392.25858185713264
10,37,2900,90,36,0,115,37,704.0,0.0
10,37,2900,90,50,1,149,22,584.0,524.4938903037869
10,37,2900,75,48,1,111,23,524.0,522.5210969023566
10,37,2900,70,35,1,67,34,518.0,521.7403728833324
10,37,2900,70,40,0,113,26,592.0,0.0
10,37,2900,60,47,0,163,22,634.0,0.0
10,37,2900,75,45,1,109,22,398.0,552.4970022918453
10,37,2900,90,38,0,107,33,686.0,0.0
10,37,2900,75,46,1,105,28,602.0,376.9027990410131
10,37,2900,75,50,0,107,13,388.0,0.0
10,37,2900,75,49,1,81,23,384.0,415.3038632261306
10,37,2900,80,39,0,153,31,702.0,0.0
10,37,2800,85,39,1,273,28,666.0,636.8753129150533
10,37,2800,85,38,0,153,31,854.0,0.0
10,37,2800,75,42,1,101,28,538.0,487.57179513283796
10,37,2800,85,40,0,143,28,688.0,0.0
10,37,2800,60,50,0,103,12,410.0,0.0
10,37,2800,80,48,1,167,15,412.0,383.6937119651941
10,37,2800,65,46,1,107,19,438.0,400.66868479202776
10,37,2800,85,46,0,137,22,636.0,0.0
10,37,2800,70,45,0,99,18,440.0,0.0
10,37,2800,70,35,0,147,28,776.0,0.0
10,37,2800,70,39,1,85,19,310.0,439.67576936172975
10,37,2800,65,45,0,143,24,448.0,0.0
10,37,2800,85,49,1,103,24,556.0,444.9946288439151
10,37,2800,90,41,1,103,28,600.0,453.2822092754324
10,37,2800,75,42,0,203,21,580.0,0.0
10,37,2800,65,36,1,101,31,504.0,422.3972867221731
10,37,2800,60,43,1,71,21,430.0,394.3816318357051
10,37,2800,70,35,1,163,37,716.0,518.4339147174237
10,37,2800,70,35,0,157,27,704.0,0.0
10,37,2800,85,45,0,153,26,678.0,0.0
10,37,2800,70,47,0,153,26,584.0,0.0
10,37,2800,65,50,0,107,12,346.0,0.0
10,37,2800,70,37,0,255,31,896.0,0.0
10,37,2800,65,50,1,81,20,374.0,533.5875074790828
10,37,2800,80,49,1,107,18,354.0,234.59268204762432
10,37,2800,60,47,1,147,10,314.0,145.24470156806552
10,37,2800,70,40,0,105,23,468.0,0.0
10,37,2800,80,41,1,151,31,672.0,586.9298697519312
10,37,2800,90,40,0,161,31,770.0,0.0
10,37,2800,60,49,0,155,18,496.0,0.0
10,37,2800,85,49,1,87,25,378.0,311.1714459981511
10,37,2800,90,45,1,163,25,534.0,544.5107295576191
10,37,2800,80,48,1,151,15,504.0,400.21505045931684
10,37,2800,80,41,0,107,21,562.0,0.0
10,37,2800,60,35,1,111,31,502.0,415.60352346347014
10,37,2800,85,39,0,157,29,712.0,0.0
10,37,2800,75,48,0,155,17,390.0,0.0
10,37,2800,90,50,1,111,27,608.0,587.027399373624
10,37,2700,85,42,1,103,28,626.0,391.17988925425504
10,37,2800,85,45,1,111,24,528.0,482.01613671476827
10,37,2800,65,42,0,159,24,660.0,0.0
10,37,2700,85,35,1,99,34,580.0,479.1023741083969
10,37,2700,80,37,0,97,27,518.0,0.0
10,37,2700,75,45,0,151,14,496.0,0.0
10,37,2700,80,48,0,95,22,458.0,0.0
10,37,2700,65,37,0,145,31,800.0,0.0
10,37,2700,85,40,1,73,28,500.0,432.51011589985427
10,37,2700,85,50,1,95,18,512.0,503.1774819401409
10,37,2700,85,46,0,145,27,602.0,0.0
10,37,2700,90,48,1,73,23,358.0,490.6113674870702
10,37,2700,65,39,0,153,32,786.0,0.0
10,37,2700,75,46,1,143,23,492.0,358.2604658609877
10,37,2700,75,44,0,101,12,338.0,0.0
10,37,2700,80,49,1,101,22,470.0,318.6247406396228
10,37,2700,80,41,0,153,23,638.0,0.0
10,37,2700,80,47,0,147,20,380.0,0.0
10,37,2700,80,46,1,75,24,368.0,502.0777916776539
10,37,2700,70,48,1,93,16,310.0,381.46574719294637
10,37,2700,85,39,1,155,27,548.0,556.7436836867564
10,37,2700,65,48,1,105,18,536.0,624.1513995141192
10,37,2700,75,50,0,105,18,436.0,0.0
10,37,2700,65,40,1,103,28,464.0,481.1810989752332
10,37,2700,70,35,0,143,32,684.0,0.0
10,37,2700,85,39,0,97,28,486.0,0.0
10,37,2700,70,39,1,63,22,326.0,387.0752371507376
10,37,2700,80,37,1,99,35,602.0,524.5278937693154
10,37,2700,80,44,0,157,28,850.0,0.0
10,37,2700,75,36,0,149,28,628.0,0.0
10,37,2700,80,37,0,141,29,566.0,0.0
10,37,2700,75,46,1,83,21,418.0,362.19457452981527
10,37,2700,90,37,0,141,33,734.0,0.0
10,37,2700,70,38,1,75,30,514.0,575.2507973067923
10,37,2700,85,46,1,105,29,484.0,462.7609459322223
10,37,2700,85,48,0,103,22,472.0,0.0
10,37,2700,90,50,0,207,22,662.0,0.0
10,37,2700,70,48,1,97,22,462.0,612.3804423232464
10,37,2700,80,41,0,153,31,648.0,0.0
10,37,2700,70,39,0,103,27,624.0,0.0
10,37,2700,90,38,1,73,29,502.0,491.28035555969313
10,37,2700,90,50,1,91,26,410.0,582.7391606133489
10,37,2600,65,35,0,147,27,542.0,0.0
10,37,2600,90,37,0,99,27,552.0,0.0
10,37,2600,85,48,1,59,16,270.0,446.30920129735483
10,37,2600,60,40,0,141,25,686.0,0.0
10,37,2600,70,42,1,73,20,326.0,309.6933207230042
10,37,2600,60,44,1,123,27,468.0,682.9550393208898
10,37,2600,70,42,1,93,15,370.0,313.1483170973445
10,37,2600,70,41,1,103,28,472.0,743.1591777567672
10,37,2600,60,44,0,125,14,352.0,0.0
10,37,2600,75,37,0,191,32,696.0,0.0
10,37,2600,60,48,0,131,13,442.0,0.0
10,37,2600,75,36,0,97,30,640.0,0.0
10,37,2600,65,50,1,53,16,380.0,461.5249227463187
10,37,2600,85,44,1,89,22,552.0,569.1262350451428
10,37,2600,85,47,1,101,22,436.0,344.7990730202012
10,37,2600,80,36,1,99,26,438.0,268.3521516373325
10,37,2600,85,42,1,69,22,354.0,296.02932459929866
10,37,2600,70,47,1,75,13,290.0,198.00460705805176
10,37,2600,70,42,0,145,20,410.0,0.0
10,37,2600,80,46,0,131,16,380.0,0.0
10,37,2600,90,45,0,103,22,636.0,0.0
10,37,2600,85,49,0,143,24,574.0,0.0
10,37,2600,80,50,1,101,17,426.0,499.72753710803426
10,37,2600,60,37,0,97,24,380.0,0.0
10,37,2600,65,38,1,151,24,476.0,422.22932813089653
10,37,2600,85,42,1,155,26,566.0,551.3886395262442
10,37,2600,90,38,0,141,30,572.0,0.0
10,37,2600,70,40,1,143,28,570.0,482.5261425218817
10,37,2600,65,43,0,103,24,506.0,0.0
10,37,2600,90,49,0,137,18,466.0,0.0
10,37,2600,80,45,0,135,25,500.0,0.0
10,37,2600,85,47,1,67,18,362.0,331.88945671701475
10,37,2600,90,44,1,145,26,540.0,509.1406985830573
10,37,2600,60,38,1,95,24,476.0,469.08151289456583
10,37,2600,70,40,0,99,22,506.0,0.0
10,37,2600,70,42,0,135,17,460.0,0.0
10,37,2600,75,47,1,97,15,352.0,183.29986863897156
10,37,2500,60,37,1,83,26,484.0,468.76352279944535
10,37,2600,75,48,0,131,21,438.0,0.0
10,37,2600,65,48,1,103,16,488.0,372.6865755783013
10,37,2600,85,45,0,97,20,520.0,0.0
10,37,2500,85,42,1,119,22,414.0,307.1159951281774
10,37,2500,60,39,0,181,20,438.0,0.0
10,37,2500,75,50,0,89,13,352.0,0.0
10,37,2500,65,36,0,99,24,406.0,0.0
10,37,2500,90,40,0,97,25,360.0,0.0
10,37,2500,90,42,1,95,21,558.0,403.19649743022643
10,37,2500,65,43,1,93,14,362.0,303.79338487603883
10,37,2500,80,44,0,143,20,542.0,0.0
10,37,2500,80,39,0,149,28,680.0,0.0
10,37,2500,70,46,1,143,12,264.0,242.56474334474638
10,37,2500,65,48,1,57,13,228.0,254.1179748218113
10,37,2500,60,39,1,139,26,498.0,544.540922473793
10,37,2500,80,36,0,81,27,422.0,0.0
10,37,2500,85,35,1,147,30,528.0,425.25089983809306
10,37,2500,90,40,1,135,25,482.0,207.77503790111626
10,37,2500,80,38,0,135,25,606.0,0.0
10,37,2500,70,41,0,89,22,472.0,0.0
10,37,2500,75,43,1,85,16,404.0,366.53995900134197
10,37,2500,60,35,1,141,28,606.0,444.40910676777054
10,37,2500,75,47,0,133,15,448.0,0.0
10,37,2500,70,45,1,93,14,346.0,342.77147189423874
10,37,2500,80,50,0,89,12,388.0,0.0
10,37,2500,75,43,0,95,24,558.0,0.0
10,37,2500,60,39,1,95,19,458.0,492.55545825705786
10,37,2500,80,45,1,81,18,268.0,412.18965981947144
10,37,2500,70,46,0,117,15,368.0,0.0
10,37,2500,65,40,1,93,29,460.0,396.3891884712175
10,37,2500,70,48,0,93,16,358.0,0.0
10,37,2500,90,44,1,89,19,358.0,394.9148066546331
10,37,2500,75,36,0,143,25,502.0,0.0
10,37,2500,85,49,0,141,15,382.0,0.0
10,37,2500,90,36,0,137,31,718.0,0.0
10,37,2500,65,44,1,125,19,506.0,483.34357864497304
10,37,2500,90,41,0,127,19,424.0,0.0
10,37,2500,80,38,0,97,22,562.0,0.0
10,37,2500,60,39,1,97,21,560.0,447.98726224270894
10,37,2500,85,38,1,87,24,448.0,378.4550171152894
10,37,2400,65,42,1,131,17,512.0,290.1166354689334
10,37,2500,70,47,0,87,12,366.0,0.0
10,37,2400,80,38,0,123,26,466.0,0.0
10,37,2400,70,41,0,93,24,418.0,0.0
10,37,2400,65,45,1,127,14,336.0,278.7244893502758
10,37,2500,85,50,1,143,18,500.0,435.0321716532633
10,37,2400,85,48,0,171,13,384.0,0.0
10,37,2400,75,35,1,95,25,480.0,380.540973460578
10,37,2400,80,50,1,91,13,272.0,403.05257727459946
10,37,2400,80,37,0,89,19,508.0,0.0
10,37,2400,75,36,1,85,34,494.0,432.7704131125014
10,37,2400,85,40,0,87,17,352.0,0.0
10,37,2400,70,40,1,123,19,370.0,245.30095300494298
10,37,2400,80,46,0,91,13,294.0,0.0
10,37,2400,80,35,1,89,26,456.0,362.70235876709967
10,37,2400,65,49,1,75,7,118.0,59.62332183919209
10,37,2400,70,38,0,125,26,520.0,0.0
10,37,2400,85,42,0,135,22,566.0,0.0
10,37,2400,60,39,1,175,24,484.0,552.5573230574513
10,37,2400,60,40,0,125,21,446.0,0.0
10,37,2400,85,50,0,107,11,222.0,0.0
10,37,2400,80,38,1,139,23,466.0,444.49040480526315
10,37,2400,65,48,1,51,14,280.0,227.2711177602409
10,37,2400,80,41,1,119,29,502.0,446.66681359597635
10,37,2400,90,50,0,79,11,302.0,0.0
10,37,2400,75,38,0,133,23,628.0,0.0
10,37,2400,60,41,1,59,15,292.0,352.90853398122937
10,37,2400,85,43,1,113,24,504.0,351.8685690163968
10,37,2400,80,41,0,83,19,374.0,0.0
10,37,2400,60,47,1,89,11,242.0,128.63759319365948
10,37,2400,80,49,0,89,14,290.0,0.0
10,37,2400,60,35,0,93,24,374.0,0.0
10,37,2400,80,46,1,79,16,230.0,202.0702468388206
10,37,2400,70,49,0,137,15,298.0,0.0
10,37,2400,65,43,0,81,14,306.0,0.0
10,37,2400,90,46,1,95,18,508.0,295.18674070606227
10,37,2400,65,48,1,91,8,232.0,96.21525725456785
10,37,2400,75,44,0,137,13,312.0,0.0
10,37,2400,75,49,1,59,10,156.0,102.22611547986472
10,37,2400,80,50,0,127,13,320.0,0.0
10,37,2400,85,46,1,95,16,342.0,227.64704061211907
10,37,2300,75,36,1,133,20,426.0,270.56804870507233
10,37,2300,80,35,0,81,18,504.0,0.0
10,37,2300,70,35,0,167,24,548.0,0.0
10,37,2400,80,42,0,95,16,418.0,0.0
10,37,2300,85,45,1,83,18,348.0,371.54575806306065
10,37,2300,65,41,1,89,21,524.0,403.0219450695918
10,37,2300,90,35,1,127,29,476.0,298.6931453603207
10,37,2300,90,43,0,125,20,426.0,0.0
10,37,2300,85,49,1,129,16,340.0,260.1227362457896
10,37,2300,65,43,1,87,13,332.0,190.04619519004265
10,37,2300,75,49,0,133,13,366.0,0.0
10,37,2300,75,50,0,111,15,310.0,0.0
10,37,2300,65,48,1,63,12,282.0,257.878858801481
10,37,2300,60,48,0,119,9,266.0,0.0
10,37,2300,60,35,0,89,18,350.0,0.0
10,37,2300,85,36,0,131,21,536.0,0.0
10,37,2300,60,38,1,85,19,336.0,294.42150290805375
10,37,2300,75,41,1,119,21,426.0,344.16688233271566
10,37,2300,70,43,0,89,15,342.0,0.0
10,37,2300,85,43,0,45,18,386.0,0.0
10,37,2300,65,48,1,59,16,190.0,391.1937430930425
10,37,2300,80,39,1,137,18,396.0,435.23227473691065
10,37,2300,75,36,0,119,19,454.0,0.0
10,37,2300,80,38,0,91,20,452.0,0.0
10,37,2300,80,41,0,131,13,250.0,0.0
10,37,2300,80,41,1,91,25,538.0,564.1008571874726
10,37,2300,90,38,1,131,25,470.0,414.5166260182429
10,37,2300,60,42,1,71,14,272.0,207.29289039860106
10,37,2300,90,44,1,89,19,438.0,538.1285584758344
10,37,2300,60,48,0,87,12,332.0,0.0
10,37,2300,65,37,0,89,22,456.0,0.0
10,37,2300,80,41,1,67,17,280.0,363.9673344603535
10,37,2300,65,40,0,87,15,368.0,0.0
10,37,2300,75,42,0,125,18,428.0,0.0
10,37,2300,90,37,0,89,20,500.0,0.0
10,37,2300,60,46,1,61,12,224.0,170.76393275700116
10,37,2300,90,47,1,81,15,312.0,226.53109342659803
10,37,2300,70,48,1,89,11,254.0,307.8022760301554
10,37,2300,75,37,1,85,16,380.0,280.58113767956104
10,37,2300,60,38,0,113,12,262.0,0.0
10,37,2300,70,38,0,87,15,386.0,0.0
10,37,2200,85,42,1,79,13,342.0,180.68795255095193
10,37,2200,60,39,1,87,16,302.0,393.87329111116014
10,37,2200,70,42,0,131,17,408.0,0.0
10,37,2200,80,43,0,121,13,262.0,0.0
10,37,2200,85,47,1,121,15,290.0,177.54890843129718
10,37,2200,90,47,1,59,18,282.0,284.2461177848472
10,37,2200,80,48,0,79,10,182.0,0.0
10,37,2200,70,37,1,75,24,346.0,392.98579015545874
10,37,2200,70,42,0,85,20,360.0,0.0
10,37,2200,75,45,1,83,15,322.0,302.50577061147345
10,37,2200,65,43,0,123,17,402.0,0.0
10,37,2200,65,40,0,159,20,400.0,0.0
10,37,2200,90,42,1,41,11,188.0,166.0221375786135
10,37,2200,65,47,0,75,14,268.0,0.0
10,37,2200,65,41,1,87,16,366.0,334.12230564907225
10,37,2200,75,40,0,43,13,210.0,0.0
10,37,2200,70,35,0,109,17,380.0,0.0
10,37,2200,90,45,1,59,15,270.0,369.24139359167134
10,37,2200,70,36,0,131,22,402.0,0.0
10,37,2200,70,39,1,105,22,416.0,533.4238049762617
10,37,2200,90,45,1,85,17,374.0,355.93500141416285
10,37,2200,65,47,1,95,18,304.0,295.4683763717529
10,37,2200,85,46,0,75,9,228.0,0.0
10,37,2200,70,40,0,83,14,342.0,0.0
10,37,2200,70,42,0,87,16,260.0,0.0
10,37,2200,85,43,1,43,15,230.0,250.778535944513
10,37,2200,85,46,0,113,15,352.0,0.0
10,37,2200,85,47,1,105,8,226.0,158.3587000223712
10,37,2200,65,47,1,59,13,206.0,165.6147206886266
10,37,2200,70,44,0,115,15,360.0,0.0
10,37,2200,85,48,1,79,13,218.0,332.4747722200636
10,37,2200,75,36,0,123,20,448.0,0.0
10,37,2200,75,35,1,81,29,398.0,411.54539559341174
10,37,2200,90,39,0,119,20,414.0,0.0
10,37,2200,75,40,1,65,17,262.0,294.16480803653144
10,37,2200,70,46,0,111,15,346.0,0.0
10,37,2200,70,46,1,83,13,302.0,155.01916375242322
10,37,2200,80,43,0,83,11,206.0,0.0
10,37,2200,60,49,1,47,6,126.0,68.16355529989463
10,37,2100,65,35,1,81,23,452.0,275.9316865523405
10,37,2200,70,38,0,87,17,454.0,0.0
10,37,2100,80,42,0,73,9,202.0,0.0
10,37,2100,75,40,1,89,19,418.0,410.570462552259
10,37,2100,65,40,0,77,17,200.0,0.0
10,37,2100,60,37,0,83,17,302.0,0.0
10,37,2100,90,44,1,81,17,278.0,441.0268115414881
10,37,2100,75,38,1,75,13,284.0,224.1809486435724
10,37,2100,80,47,0,75,14,234.0,0.0
10,37,2100,85,41,1,77,16,294.0,263.6966606385299
10,37,2100,70,37,0,71,10,158.0,0.0
10,37,2100,85,39,0,107,17,254.0,0.0
10,37,2100,90,50,1,73,12,258.0,255.23493195296382
10,37,2100,70,39,0,39,7,116.0,0.0
10,37,2100,70,44,1,105,7,168.0,188.53603151648957
10,37,2100,90,35,1,113,22,406.0,256.58612830871783
10,37,2100,70,46,1,109,10,258.0,183.03281461034342
10,37,2100,90,37,0,107,23,466.0,0.0
10,37,2100,70,38,0,67,20,352.0,0.0
10,37,2100,70,40,1,67,16,274.0,244.030149099181
10,37,2100,60,44,1,41,5,150.0,121.77673751408982
10,37,2100,85,50,0,41,9,156.0,0.0
10,37,2100,85,49,0,115,14,294.0,0.0
10,37,2100,75,37,0,153,23,428.0,0.0
10,37,2100,65,48,0,73,10,214.0,0.0
10,37,2100,90,47,0,123,9,234.0,0.0
10,37,2100,60,47,1,47,6,106.0,96.89062604762994
10,37,2100,60,49,1,41,7,140.0,55.39152495768475
10,37,2100,65,44,1,71,7,182.0,167.05981928022248
10,37,2100,60,50,1,105,10,214.0,208.67870518895205
10,37,2100,90,50,0,65,5,170.0,0.0
10,37,2100,85,35,0,125,25,536.0,0.0
10,37,2100,65,36,0,79,11,178.0,0.0
10,37,2100,90,43,1,119,16,352.0,258.92895749094606
10,37,2100,60,46,1,55,10,166.0,95.85735581229436
10,37,2100,85,44,0,81,18,402.0,0.0
10,37,2100,75,40,0,77,12,246.0,0.0
10,37,2100,60,50,1,97,7,140.0,168.18030647336235
10,37,2100,65,49,1,83,15,308.0,230.54389621208577
10,37,2000,65,36,1,113,18,286.0,197.66195107206372
10,37,2000,70,41,0,113,12,292.0,0.0
10,37,2100,90,46,0,77,13,286.0,0.0
10,37,2100,85,44,1,75,10,198.0,221.74793336532352
10,37,2000,65,45,1,63,16,260.0,464.2269696372651
10,37,2000,85,41,0,113,14,322.0,0.0
10,37,2000,75,43,0,49,9,222.0,0.0
10,37,2000,60,49,1,47,7,94.0,78.90028717044376
10,37,2000,90,43,1,63,10,214.0,175.08957778201582
10,37,2000,75,43,1,75,11,238.0,195.72626176761818
10,37,2000,60,45,0,63,9,204.0,0.0
10,37,2000,60,47,0,79,11,178.0,0.0
10,37,2000,75,36,1,113,21,410.0,304.9795150163005
10,37,2000,65,43,0,111,13,274.0,0.0
10,37,2000,90,47,1,65,17,228.0,255.8996003380091
10,37,2000,85,38,1,105,17,318.0,281.5790026856177
10,37,2000,75,45,0,79,13,340.0,0.0
10,37,2000,90,36,0,73,24,362.0,0.0
10,37,2000,65,37,1,77,16,328.0,237.61452874629933
10,37,2000,85,45,1,75,15,216.0,263.26772082098864
10,37,2000,75,45,1,73,13,262.0,294.920397337127
10,37,2000,65,47,0,69,9,178.0,0.0
10,37,2000,65,50,1,39,4,140.0,129.4543888792307
10,37,2000,60,49,0,97,7,162.0,0.0
10,37,2000,90,48,0,135,15,340.0,0.0
10,37,2000,70,36,0,113,20,402.0,0.0
10,37,2000,75,37,0,39,14,204.0,0.0
10,37,2000,65,38,1,53,14,180.0,207.53704275899486
10,37,2000,90,43,0,77,13,276.0,0.0
10,37,2000,65,44,1,31,3,56.0,79.72751488519951
10,37,2000,70,48,1,39,5,92.0,97.07901956795683
10,37,2000,70,47,0,75,8,214.0,0.0
10,37,2000,75,48,0,39,5,78.0,0.0
10,37,2000,90,50,1,93,14,246.0,372.2626021650458
10,37,2000,75,38,0,79,19,366.0,0.0
10,37,2000,75,39,0,71,9,238.0,0.0
10,37,2000,70,43,0,77,9,214.0,0.0
10,37,2000,85,46,1,57,13,192.0,222.75023965188652
10,37,2000,75,40,0,115,13,328.0,0.0
10,37,2000,60,48,1,59,10,176.0,294.6962112194803
10,37,2000,70,49,1,63,6,160.0,73.6193701911872
10,37,2000,80,49,1,41,8,176.0,122.13871937442586
10,37,1900,80,42,1,109,11,236.0,177.73066865266028
10,37,1900,70,37,0,61,13,234.0,0.0
10,37,1900,60,37,1,73,9,210.0,117.82046576230638
10,37,1900,70,43,0,91,10,230.0,0.0
10,37,1900,80,38,1,103,18,384.0,339.3603941932875
10,37,1900,70,47,0,37,6,146.0,0.0
10,37,1900,90,48,0,63,10,196.0,0.0
10,37,1900,70,49,1,31,3,90.0,37.756302787039424
10,37,1900,60,45,1,41,10,170.0,181.0970649548207
10,37,1900,85,37,1,49,16,232.0,258.19455842253313
10,37,1900,70,41,1,79,13,190.0,289.4397987741904
10,37,1900,75,43,0,67,13,228.0,0.0
10,37,1900,85,44,0,65,10,164.0,0.0
10,37,1900,60,45,0,53,6,156.0,0.0
10,37,1900,80,44,0,93,9,242.0,0.0
10,37,1900,75,49,1,69,10,168.0,81.5812355141458
10,37,1900,80,50,1,61,6,92.0,111.96189507004445
10,37,1900,65,44,0,63,10,170.0,0.0
10,37,1900,70,37,0,105,16,278.0,0.0
10,37,1900,60,37,0,69,9,208.0,0.0
10,37,1900,70,39,1,57,14,180.0,362.89667272947554
10,37,1900,65,38,1,63,10,206.0,164.232727343343
10,37,1900,75,37,1,67,24,328.0,326.5587282149779
10,37,1900,85,45,0,103,13,204.0,0.0
10,37,1900,70,45,0,65,8,130.0,0.0
10,37,1900,65,42,1,49,9,86.0,189.25140424715354
10,37,1900,80,37,0,75,5,148.0,0.0
10,37,1900,85,40,1,41,12,180.0,170.0397954714529
10,37,1900,65,39,1,73,15,284.0,391.26496948885443
10,37,1900,65,45,0,45,7,142.0,0.0
10,37,1900,60,45,0,91,8,152.0,0.0
10,37,1900,70,48,0,63,8,154.0,0.0
10,37,1900,90,35,1,67,13,240.0,141.64398049247006
10,37,1900,65,48,1,75,8,182.0,180.2512507533817
10,37,1900,65,41,1,137,15,302.0,254.75121416643773
10,37,1900,60,42,0,135,12,208.0,0.0
10,37,1900,70,38,1,73,8,182.0,73.86213746522637
10,37,1900,90,37,0,69,26,310.0,0.0
10,37,1800,80,38,0,103,14,294.0,0.0
10,37,1900,85,46,0,55,5,106.0,0.0
10,37,1800,65,35,1,67,16,212.0,152.96549568803877
10,37,1900,80,47,1,83,16,222.0,268.260536381571
10,37,1800,75,39,1,55,10,132.0,180.31134708465476
10,37,1800,65,37,1,65,14,198.0,210.11323142744456
10,37,1800,85,37,1,125,20,312.0,361.6780882811206
10,37,1800,90,35,0,71,19,318.0,0.0
10,37,1800,60,44,0,67,7,100.0,0.0
10,37,1800,65,45,0,65,9,190.0,0.0
10,37,1800,60,46,0,33,3,64.0,0.0
10,37,1800,80,50,1,43,6,78.0,89.4836322710634
10,37,1800,90,50,1,63,6,124.0,139.5429865078154
10,37,1800,80,44,0,131,16,288.0,0.0
10,37,1800,75,45,1,57,6,142.0,96.95444853840478
10,37,1800,65,39,1,87,11,264.0,356.99587805628795
10,37,1800,85,39,1,73,13,190.0,261.6483133347261
10,37,1800,70,42,0,67,10,226.0,0.0
10,37,1800,80,41,0,95,12,198.0,0.0
10,37,1800,70,47,0,63,5,132.0,0.0
10,37,1800,80,38,0,63,13,144.0,0.0
10,37,1800,60,45,1,67,10,168.0,216.42794340305218
10,37,1800,75,43,1,55,10,164.0,116.47488729472013
10,37,1800,65,39,1,63,15,176.0,323.0883595489315
10,37,1800,90,36,1,67,18,296.0,244.53054141944975
10,37,1800,90,39,1,35,13,198.0,259.074861579046
10,37,1800,85,39,0,71,12,290.0,0.0
10,37,1800,70,40,0,101,12,234.0,0.0
10,37,1800,80,49,0,55,3,92.0,0.0
10,37,1800,60,40,0,43,13,210.0,0.0
10,37,1800,90,50,1,57,4,90.0,103.35491246403069
10,37,1800,65,37,0,61,11,170.0,0.0
10,37,1800,70,35,1,93,12,214.0,145.57519172707296
10,37,1800,75,38,0,71,12,228.0,0.0
10,37,1800,70,40,1,41,8,102.0,76.69455390670934
10,37,1800,70,43,1,69,10,220.0,219.59210130493037
10,37,1800,90,37,0,67,11,202.0,0.0
10,37,1800,70,44,1,35,8,128.0,120.96683878265407
10,37,1800,85,39,0,67,10,194.0,0.0
10,37,1800,75,50,0,65,5,124.0,0.0
10,37,1800,75,38,1,47,13,214.0,240.59763647419348
10,37,1700,85,41,1,73,17,180.0,305.0015465448988
10,37,1700,75,39,1,35,11,100.0,279.33833013538634
10,37,1700,65,38,0,61,8,164.0,0.0
10,37,1700,60,47,0,67,5,116.0,0.0
10,37,1700,75,50,0,59,5,120.0,0.0
10,37,1700,75,49,1,63,8,116.0,81.13456950956581
10,37,1800,80,48,0,57,6,152.0,0.0
10,37,1700,80,47,1,93,10,220.0,148.76437393267622
10,37,1700,75,35,1,45,12,134.0,134.8364395893283
10,37,1700,80,38,0,33,3,96.0,0.0
10,37,1700,85,38,0,63,8,212.0,0.0
10,37,1700,70,42,1,89,6,180.0,118.20694191427086
10,37,1700,90,39,0,65,15,282.0,0.0
10,37,1700,70,41,1,53,11,134.0,169.57458646827973
10,37,1700,85,43,0,55,7,134.0,0.0
10,37,1700,65,39,1,39,7,104.0,179.98667661638973
10,37,1700,85,35,0,127,17,402.0,0.0
10,37,1700,65,35,1,55,8,170.0,81.91459961467821
10,37,1700,75,36,1,67,8,188.0,85.99528681616249
10,37,1700,75,44,0,65,6,94.0,0.0
10,37,1700,75,48,0,33,2,38.0,0.0
10,37,1700,75,46,1,127,13,238.0,146.67684925169877
10,37,1700,80,48,0,65,7,134.0,0.0
10,37,1700,85,49,1,67,7,68.0,67.3521758614072
10,37,1700,65,37,1,51,11,166.0,147.7938369130932
10,37,1700,65,36,1,33,9,164.0,87.97273058812631
10,37,1700,80,47,0,91,11,188.0,0.0
10,37,1700,65,42,1,41,5,102.0,99.81222765322201
10,37,1700,70,47,0,55,6,140.0,0.0
10,37,1700,65,46,0,31,3,58.0,0.0
10,37,1700,85,47,0,67,9,224.0,0.0
10,37,1700,85,46,1,67,9,160.0,165.14945328958927
10,37,1700,65,37,1,97,18,314.0,257.0945446710005
10,37,1700,70,38,0,53,9,172.0,0.0
10,37,1700,85,37,1,65,15,214.0,236.19944372407767
10,37,1700,60,43,1,33,7,152.0,80.95533578630625
10,37,1700,75,40,0,99,10,218.0,0.0
10,37,1700,90,45,0,63,13,246.0,0.0
10,37,1700,80,37,0,47,12,190.0,0.0
10,37,1700,90,50,1,43,7,86.0,187.2104903781173
10,37,1600,70,37,1,37,14,166.0,157.40430164489098
10,37,1600,75,40,1,29,7,108.0,78.1342189124454
10,37,1600,90,41,0,79,8,116.0,0.0
10,37,1600,85,35,0,59,14,190.0,0.0
10,37,1600,70,40,1,47,10,110.0,114.70089990360717
10,37,1600,60,37,0,55,7,104.0,0.0
10,37,1700,85,47,0,61,6,136.0,0.0
10,37,1600,70,49,1,55,9,104.0,107.3904616986846
10,37,1600,90,41,1,63,11,174.0,217.848908490511
10,37,1600,90,39,0,43,8,166.0,0.0
10,37,1600,65,45,0,93,5,94.0,0.0
10,37,1600,90,47,1,53,5,82.0,64.62274865105181
10,37,1600,60,49,0,79,8,164.0,0.0
10,37,1600,70,46,0,63,9,178.0,0.0
10,37,1600,80,50,1,37,6,74.0,97.12982202515903
10,37,1600,75,46,1,41,10,102.0,155.37479021396348
10,37,1600,85,37,0,31,4,116.0,0.0
10,37,1600,65,46,1,71,9,158.0,149.07527342240218
10,37,1600,80,42,0,31,9,112.0,0.0
10,37,1600,70,39,1,31,9,122.0,167.2017543111336
10,37,1600,80,43,1,59,5,104.0,76.0994491489769
10,37,1600,80,38,1,85,11,160.0,102.49367050846894
10,37,1600,90,41,0,87,13,192.0,0.0
10,37,1600,70,47,0,55,5,88.0,0.0
10,37,1600,75,37,0,59,16,234.0,0.0
10,37,1600,75,36,0,61,10,178.0,0.0
10,37,1600,80,42,1,39,4,70.0,106.58888885074236
10,37,1600,90,46,0,57,7,150.0,0.0
10,37,1600,80,46,1,35,4,36.0,37.93374119101922
10,37,1600,65,47,0,27,5,54.0,0.0
10,37,1600,60,43,1,23,2,34.0,27.755204224820574
10,37,1600,90,50,1,31,5,112.0,142.59176628847788
10,37,1600,75,35,1,41,9,132.0,68.57392171231388
10,37,1600,65,45,1,65,8,156.0,200.4368055212573
10,37,1600,85,40,1,55,10,170.0,159.98221053958358
10,37,1600,70,50,0,47,3,78.0,0.0
10,37,1600,60,50,0,29,3,30.0,0.0
10,37,1600,75,46,1,53,5,114.0,115.4498343947185
10,37,1600,60,48,0,57,3,58.0,0.0
10,37,1600,90,48,0,113,9,254.0,0.0
10,37,1500,75,37,1,29,3,58.0,23.69042429419877
10,37,1500,85,40,1,43,7,80.0,67.99298233737319
10,37,1500,85,41,0,47,4,76.0,0.0
10,37,1500,85,45,1,45,8,120.0,238.20939451852345
10,37,1600,70,41,0,51,5,102.0,0.0
10,37,1500,90,46,1,75,8,148.0,93.34033438538101
10,37,1500,60,45,0,59,8,164.0,0.0
10,37,1500,80,50,0,49,7,102.0,0.0
10,37,1500,60,37,1,65,7,148.0,107.5206380820602
10,37,1500,90,42,0,57,8,84.0,0.0
10,37,1500,60,40,1,75,8,114.0,101.85081777006724
10,37,1500,90,43,1,79,10,152.0,103.45952480252845
10,37,1500,60,45,0,49,3,50.0,0.0
10,37,1500,80,47,0,27,5,52.0,0.0
10,37,1500,70,48,0,29,7,84.0,0.0
10,37,1500,65,50,1,87,8,126.0,206.78408499867524
10,37,1500,70,39,1,49,7,108.0,191.17786520344387
10,37,1500,80,36,0,81,11,154.0,0.0
10,37,1500,90,38,0,85,12,192.0,0.0
10,37,1500,90,38,1,29,6,78.0,53.849937660442734
10,37,1500,65,47,0,57,5,88.0,0.0
10,37,1500,85,47,1,65,11,160.0,151.64839437822093
10,37,1500,85,47,1,55,8,96.0,104.377216707993
10,37,1500,75,50,0,49,3,68.0,0.0
10,37,1500,80,38,0,55,11,140.0,0.0
10,37,1500,85,35,1,81,12,236.0,101.98395530870917
10,37,1500,60,36,1,29,8,106.0,40.28091211194595
10,37,1500,80,39,0,29,3,56.0,0.0
10,37,1500,90,42,0,87,16,252.0,0.0
10,37,1500,60,49,1,53,3,54.0,27.45095459592977
10,37,1500,70,43,1,53,6,138.0,95.17404142987135
10,37,1500,75,48,0,5,1,6.0,0.0
10,37,1500,90,37,1,55,13,198.0,214.9854876143735
10,37,1500,85,40,1,29,7,104.0,63.380652794221376
10,37,1500,90,39,0,61,14,190.0,0.0
10,37,1500,70,42,0,53,4,84.0,0.0
10,37,1500,65,44,0,77,7,134.0,0.0
10,37,1500,85,46,1,45,9,142.0,101.48452760649324
10,37,1500,75,50,1,53,3,54.0,89.82291493422971
10,37,1500,80,50,0,23,2,42.0,0.0
10,36,3000,60,37,1,115,29,620.0,538.6598637899473
10,37,1500,80,37,0,51,9,118.0,0.0
10,36,3000,65,45,0,113,21,500.0,0.0
10,36,3000,75,46,0,169,27,708.0,0.0
10,36,3000,80,47,1,151,27,624.0,478.43713940998606
10,36,3000,75,49,0,107,17,436.0,0.0
10,36,3000,65,49,1,117,21,636.0,403.629938036619
10,36,3000,90,49,1,115,29,654.0,329.2518582043558
10,36,3000,65,43,1,101,24,480.0,504.5452715991401
10,36,3000,85,45,0,113,22,500.0,0.0
10,36,3000,85,42,0,165,29,754.0,0.0
10,36,3000,80,37,1,105,36,618.0,503.2561602895518
10,36,3000,75,43,0,115,25,738.0,0.0
10,36,3000,60,45,1,111,24,510.0,366.8314143927481
10,36,3000,65,43,0,117,23,756.0,0.0
10,36,3000,85,39,0,173,29,650.0,0.0
10,36,3000,65,44,1,175,23,662.0,491.07740354714707
10,36,3000,85,41,1,113,33,648.0,676.2834136411551
10,36,3000,75,40,1,107,31,606.0,505.1689131676002
10,36,3000,85,42,0,151,24,464.0,0.0
10,36,3000,85,43,0,175,30,764.0,0.0
10,36,3000,85,41,1,233,34,726.0,712.0396254788401
10,36,3000,65,45,0,167,24,546.0,0.0
10,36,3000,90,49,1,113,20,474.0,409.49372771420633
10,36,3000,90,43,0,169,32,756.0,0.0
10,36,3000,65,50,1,121,25,660.0,726.8081140613692
10,36,3000,90,36,1,111,35,632.0,446.0555456044673
10,36,3000,65,43,1,117,25,644.0,551.2768006514951
10,36,3000,70,45,0,115,22,560.0,0.0
10,36,3000,65,49,0,113,18,566.0,0.0
10,36,3000,65,39,0,105,29,636.0,0.0
10,36,3000,60,46,0,155,25,670.0,0.0
10,36,3000,85,48,1,79,25,500.0,590.3930973544645
10,36,3000,90,37,1,133,35,584.0,538.203006891602
10,36,3000,85,48,0,151,25,690.0,0.0
10,36,3000,90,49,1,167,27,722.0,294.0589339290242
10,36,3000,75,40,1,113,29,654.0,486.04695505119275
10,36,3000,60,42,0,117,32,760.0,0.0
10,36,3000,90,41,1,171,30,786.0,649.9683242308965
10,36,2900,80,35,1,79,36,572.0,521.2728317685749
10,36,3000,70,44,0,113,24,524.0,0.0
10,36,3000,65,39,0,171,30,684.0,0.0
10,36,2900,75,46,1,111,25,510.0,450.0627105624175
10,36,2900,70,50,0,105,18,482.0,0.0
10,36,2900,60,35,0,167,23,568.0,0.0
10,36,2900,60,35,1,75,29,552.0,441.6188857730436
10,36,2900,90,42,1,115,32,550.0,630.8548765481643
10,36,2900,75,36,0,165,35,780.0,0.0
10,36,2900,85,38,0,157,31,746.0,0.0
10,36,2900,65,36,0,161,31,682.0,0.0
10,36,2900,60,46,0,211,17,472.0,0.0
10,36,2900,75,43,1,115,27,564.0,549.1279661790644
10,36,2900,85,39,0,201,28,778.0,0.0
10,36,2900,70,38,1,97,32,508.0,653.9595459242714
10,36,2900,85,50,1,159,18,528.0,555.2635905505913
10,36,2900,65,37,1,131,33,638.0,582.2832118020409
10,36,2900,70,36,0,135,29,612.0,0.0
10,36,2900,80,46,0,153,23,618.0,0.0
10,36,2900,90,37,0,101,30,606.0,0.0
10,36,2900,90,37,1,105,28,460.0,349.0543817866383
10,36,2900,90,44,0,165,24,624.0,0.0
10,36,2900,60,45,1,105,17,378.0,386.23975369165134
10,36,2900,80,44,1,103,24,472.0,591.1125290342794
10,36,2900,80,48,1,159,16,480.0,371.20397389974937
10,36,2900,85,49,0,107,16,462.0,0.0
10,36,2900,75,38,1,107,27,572.0,492.9565071149263
10,36,2900,75,39,1,107,29,520.0,535.7231154182684
10,36,2900,75,40,0,163,28,704.0,0.0
10,36,2900,80,41,1,83,29,452.0,532.5987388995725
10,36,2900,70,40,0,205,23,606.0,0.0
10,36,2900,65,50,0,207,14,456.0,0.0
10,36,2900,70,44,1,93,24,482.0,562.9736446753267
10,36,2900,75,50,0,107,15,474.0,0.0
10,36,2900,85,35,1,105,35,682.0,573.520434290478
10,36,2900,60,35,1,113,28,578.0,382.3835730249525
10,36,2900,70,39,0,165,29,840.0,0.0
10,36,2900,80,48,0,147,23,676.0,0.0
10,36,2900,65,36,1,71,27,560.0,297.57723059464973
10,36,2900,60,45,0,217,22,610.0,0.0
10,36,2800,70,36,1,89,32,570.0,449.8172303145601
10,36,2800,65,35,0,151,33,752.0,0.0
10,36,2900,90,39,0,163,30,742.0,0.0
10,36,2800,65,40,1,125,20,372.0,379.29080520035103
10,36,2800,80,48,1,101,21,494.0,546.1998580209583
10,36,2800,65,39,0,153,26,636.0,0.0
10,36,2900,65,49,1,119,19,508.0,330.84309826306776
10,36,2800,65,37,1,105,29,544.0,469.3360133845953
10,36,2800,90,47,0,199,18,404.0,0.0
10,36,2800,70,42,1,165,27,576.0,473.0313026208315
10,36,2800,70,40,1,105,28,618.0,508.22181341949704
10,36,2800,85,46,0,211,27,722.0,0.0
10,36,2800,80,48,0,161,21,600.0,0.0
10,36,2800,85,38,1,83,31,526.0,459.7111715233105
10,36,2800,85,45,0,105,20,470.0,0.0
10,36,2800,70,39,0,163,26,590.0,0.0
10,36,2800,65,48,1,103,15,388.0,428.4022108045818
10,36,2800,70,35,0,105,28,602.0,0.0
10,36,2800,85,38,1,93,32,600.0,596.8425054589021
10,36,2800,90,40,0,155,27,542.0,0.0
10,36,2800,60,39,1,107,23,708.0,463.217657746027
10,36,2800,65,43,1,149,21,588.0,395.52385843435223
10,36,2800,75,43,0,155,24,758.0,0.0
10,36,2800,60,48,1,109,15,442.0,523.4518217756271
10,36,2800,90,43,0,141,23,614.0,0.0
10,36,2800,80,35,1,153,34,676.0,407.92109559169626
10,36,2800,60,37,1,101,23,424.0,380.222571990795
10,36,2800,85,43,1,157,24,598.0,478.898425472306
10,36,2800,60,45,0,101,15,390.0,0.0
10,36,2800,70,47,1,97,18,444.0,370.81095145942066
10,36,2800,85,47,0,103,19,442.0,0.0
10,36,2800,75,41,0,155,24,690.0,0.0
10,36,2800,85,50,0,105,18,552.0,0.0
10,36,2800,80,36,0,111,31,684.0,0.0
10,36,2800,80,36,0,167,32,674.0,0.0
10,36,2800,90,43,0,99,23,478.0,0.0
10,36,2800,80,46,1,67,19,292.0,304.5598051081133
10,36,2800,85,44,1,159,25,620.0,507.4169663834585
10,36,2800,60,46,1,77,14,242.0,204.53809052133198
10,36,2800,70,42,1,75,24,436.0,547.0406496561633
10,36,2800,65,50,0,165,26,820.0,0.0
10,36,2700,85,38,1,99,28,650.0,477.5778376068872
10,36,2800,75,36,0,109,32,636.0,0.0
10,36,2700,75,37,0,201,30,770.0,0.0
10,36,2700,60,40,0,151,18,612.0,0.0
10,36,2700,75,47,1,89,14,360.0,198.3215288011217
10,36,2700,85,41,1,73,25,370.0,463.17270166191844
10,36,2700,75,46,1,149,25,722.0,397.08926102795556
10,36,2700,85,48,0,95,16,438.0,0.0
10,36,2700,60,44,1,87,22,374.0,355.3592683611166
10,36,2700,75,37,1,85,22,332.0,392.1790370461799
10,36,2700,90,40,1,103,33,554.0,579.5687050509844
10,36,2700,80,44,0,145,22,662.0,0.0
10,36,2700,65,46,0,141,17,390.0,0.0
10,36,2700,70,50,0,95,18,452.0,0.0
10,36,2700,85,37,0,155,32,642.0,0.0
10,36,2700,75,45,1,149,16,650.0,286.71588356604576
10,36,2700,65,36,1,101,24,564.0,232.11300539696177
10,36,2700,85,35,0,159,27,616.0,0.0
10,36,2700,60,42,0,143,23,568.0,0.0
10,36,2700,80,35,0,91,32,422.0,0.0
10,36,2700,60,48,0,101,11,330.0,0.0
10,36,2700,75,45,1,97,25,536.0,598.353252509718
10,36,2700,75,47,1,65,13,226.0,190.3280132871182
10,36,2700,75,47,1,95,21,426.0,350.43852313227853
10,36,2700,85,39,1,191,28,604.0,595.95311121888
10,36,2700,90,39,1,105,33,576.0,571.0176026726524
10,36,2700,75,39,1,103,31,620.0,664.5376595725984
10,36,2700,85,41,0,53,24,452.0,0.0
10,36,2700,65,42,0,107,20,594.0,0.0
10,36,2700,80,48,0,153,21,518.0,0.0
10,36,2700,90,49,1,103,16,396.0,262.66728203397224
10,36,2700,85,50,0,97,18,414.0,0.0
10,36,2700,75,36,0,159,28,590.0,0.0
10,36,2700,70,37,0,159,19,602.0,0.0
10,36,2700,75,36,1,81,28,456.0,487.40209630469616
10,36,2700,60,41,1,127,25,602.0,574.655224144415
10,36,2700,65,41,1,65,22,428.0,490.76244285440515
10,36,2700,75,42,1,143,22,436.0,375.3183579208614
10,36,2700,70,39,0,141,23,610.0,0.0
10,36,2700,70,37,0,149,29,512.0,0.0
10,36,2600,65,39,1,103,20,540.0,490.0587935746291
10,36,2600,65,39,1,97,24,442.0,519.7058302692676
10,36,2600,80,43,0,101,16,340.0,0.0
10,36,2600,60,43,0,103,19,468.0,0.0
10,36,2700,60,42,0,99,17,320.0,0.0
10,36,2600,80,49,1,95,20,366.0,229.1888944807772
10,36,2600,75,48,1,101,21,462.0,627.0034775817542
10,36,2600,75,48,0,147,21,474.0,0.0
10,36,2600,80,36,0,95,30,612.0,0.0
10,36,2600,70,37,0,153,29,708.0,0.0
10,36,2600,70,36,0,137,30,704.0,0.0
10,36,2600,85,41,1,71,27,408.0,526.5415401093435
10,36,2600,75,44,1,51,15,328.0,349.88161520220837
10,36,2600,70,45,0,101,20,598.0,0.0
10,36,2600,75,36,1,69,27,446.0,347.2144788989669
10,36,2600,70,47,1,101,23,474.0,441.2779547796599
10,36,2600,85,41,1,155,21,590.0,461.4744474756391
10,36,2600,90,44,0,147,24,534.0,0.0
10,36,2600,80,37,1,99,24,598.0,338.62957542904235
10,36,2600,65,38,0,155,26,642.0,0.0
10,36,2600,75,50,0,93,14,376.0,0.0
10,36,2600,65,41,1,93,21,374.0,405.3270063015699
10,36,2600,75,45,0,143,20,502.0,0.0
10,36,2600,70,50,1,71,13,220.0,257.90975471617134
10,36,2600,65,37,1,149,23,486.0,437.30161361617235
10,36,2600,60,37,0,197,23,786.0,0.0
10,36,2600,60,36,1,101,25,530.0,331.69021081564995
10,36,2600,60,38,0,205,22,780.0,0.0
10,36,2600,60,41,0,99,15,398.0,0.0
10,36,2600,90,42,1,107,28,488.0,432.0221853302686
10,36,2600,85,44,0,95,24,514.0,0.0
10,36,2600,70,35,1,135,28,504.0,440.5876511046596
10,36,2600,80,47,1,95,15,288.0,195.954060726831
10,36,2600,90,36,1,75,31,438.0,413.457710232209
10,36,2600,80,40,0,201,26,590.0,0.0
10,36,2600,70,45,0,141,20,518.0,0.0
10,36,2600,80,44,0,149,19,452.0,0.0
10,36,2600,90,36,0,99,32,654.0,0.0
10,36,2600,85,46,1,103,20,446.0,399.97494718422814
10,36,2600,80,43,1,93,20,374.0,355.2682808507639
10,36,2600,70,37,0,149,27,604.0,0.0
10,36,2500,85,38,0,143,28,664.0,0.0
10,36,2500,85,37,0,95,26,436.0,0.0
10,36,2500,75,35,1,65,30,472.0,375.66405844081555
10,36,2500,80,43,1,95,19,326.0,368.83731073742194
10,36,2500,65,38,0,137,24,572.0,0.0
10,36,2500,85,48,1,79,22,334.0,463.7908819002101
10,36,2500,60,48,1,99,16,366.0,424.7112155654383
10,36,2500,80,36,1,89,20,414.0,291.5868314681217
10,36,2500,65,42,0,91,19,434.0,0.0
10,36,2500,70,36,0,95,25,446.0,0.0
10,36,2500,90,39,1,97,29,654.0,711.4854286676133
10,36,2500,85,49,0,133,14,330.0,0.0
10,36,2500,75,39,1,87,21,520.0,491.14198851798403
10,36,2500,60,41,1,193,25,640.0,403.9198140563506
10,36,2500,75,50,0,87,11,302.0,0.0
10,36,2500,85,36,0,95,31,522.0,0.0
10,36,2500,75,35,0,179,25,622.0,0.0
10,36,2500,60,40,1,99,22,378.0,276.43633253576655
10,36,2500,75,38,0,95,23,584.0,0.0
10,36,2500,65,45,0,131,15,456.0,0.0
10,36,2500,90,44,1,105,20,424.0,472.5996454554304
10,36,2500,60,44,1,101,15,248.0,319.64892539395436
10,36,2500,65,50,1,79,6,214.0,152.69327957898793
10,36,2500,85,35,0,139,32,664.0,0.0
10,36,2500,70,39,1,93,25,536.0,555.5042342542358
10,36,2500,85,42,0,197,16,482.0,0.0
10,36,2500,70,35,1,95,25,478.0,372.9219725238351
10,36,2500,65,49,0,97,15,330.0,0.0
10,36,2500,60,46,1,149,15,364.0,246.6043654195786
10,36,2500,70,47,1,73,19,268.0,280.7125167732477
10,36,2500,60,50,0,131,15,366.0,0.0
10,36,2500,60,37,1,97,20,314.0,353.3813491992043
10,36,2500,90,39,1,109,26,566.0,583.3695819961931
10,36,2500,80,42,0,95,23,482.0,0.0
10,36,2500,80,39,0,137,25,616.0,0.0
10,36,2500,70,46,1,95,17,458.0,284.10302280593834
10,36,2500,65,46,0,91,14,340.0,0.0
10,36,2500,60,47,1,111,20,444.0,343.1484444680525
10,36,2500,65,44,0,95,14,386.0,0.0
10,36,2400,65,37,0,91,24,396.0,0.0
10,36,2400,75,38,0,87,26,448.0,0.0
10,36,2400,70,38,1,87,21,412.0,414.47945464951795
10,36,2400,60,45,1,81,11,242.0,235.6385773902206
10,36,2400,85,47,1,65,11,250.0,215.64546254184998
10,36,2400,80,47,1,135,19,454.0,348.7081227083392
10,36,2400,75,50,0,83,8,258.0,0.0
10,36,2500,75,49,0,131,14,506.0,0.0
10,36,2400,65,35,0,141,20,442.0,0.0
10,36,2400,70,37,1,137,19,396.0,240.8877986766588
10,36,2400,80,42,1,63,22,352.0,350.37902102877683
10,36,2400,70,45,1,73,17,218.0,269.2032910712258
10,36,2400,80,48,1,129,19,412.0,410.1116882796821
10,36,2400,75,47,0,129,15,432.0,0.0
10,36,2400,90,49,0,91,16,400.0,0.0
10,36,2400,70,49,0,133,11,394.0,0.0
10,36,2400,70,35,0,121,23,514.0,0.0
10,36,2400,85,35,1,95,25,466.0,341.05618028515613
10,36,2400,90,36,1,91,22,434.0,227.17628484864315
10,36,2400,60,44,1,47,12,244.0,321.37096945815244
10,36,2400,70,44,0,143,15,448.0,0.0
10,36,2400,60,47,0,87,14,266.0,0.0
10,36,2400,85,43,0,91,13,304.0,0.0
10,36,2400,75,43,1,115,19,406.0,349.9025211012283
10,36,2400,85,36,1,63,29,358.0,431.5410346732108
10,36,2400,75,41,0,89,15,424.0,0.0
10,36,2400,70,42,1,45,10,186.0,137.75350698877554
10,36,2400,85,42,0,137,19,414.0,0.0
10,36,2400,90,39,1,83,27,384.0,406.75131515920907
10,36,2400,90,48,0,85,15,260.0,0.0
10,36,2400,75,49,0,93,13,354.0,0.0
10,36,2400,85,50,1,55,10,228.0,229.19388995051315
10,36,2400,85,39,1,77,25,362.0,557.1710046777391
10,36,2400,70,41,0,135,18,352.0,0.0
10,36,2400,65,40,0,141,20,548.0,0.0
10,36,2400,90,47,1,133,20,426.0,265.5655133158872
10,36,2400,90,48,1,83,16,290.0,302.39301900122575
10,36,2400,90,48,1,87,15,284.0,379.20271298871506
10,36,2400,80,50,0,45,12,258.0,0.0
10,36,2400,75,49,0,139,15,406.0,0.0
10,36,2300,75,37,0,167,24,568.0,0.0
10,36,2300,60,40,1,131,20,460.0,259.05084422973783
10,36,2300,75,40,0,127,19,422.0,0.0
10,36,2300,80,35,0,85,26,424.0,0.0
10,36,2400,80,41,0,87,18,430.0,0.0
10,36,2300,80,47,1,85,18,352.0,321.05866293382894
10,36,2300,65,46,1,87,15,246.0,259.92601559819275
10,36,2300,60,48,1,75,5,176.0,118.70994885307539
10,36,2300,70,35,0,113,25,486.0,0.0
10,36,2300,70,38,0,85,20,434.0,0.0
10,36,2300,70,39,0,135,23,648.0,0.0
10,36,2300,70,39,1,55,20,302.0,438.94640442935105
10,36,2300,60,46,1,67,11,218.0,147.873586593867
10,36,2300,60,49,1,83,12,282.0,159.00742815673385
10,36,2300,65,43,0,81,14,334.0,0.0
10,36,2300,70,49,1,83,10,222.0,152.2065729622138
10,36,2300,85,39,1,81,19,316.0,384.2737979255816
10,36,2300,85,40,0,87,19,370.0,0.0
10,36,2300,85,43,0,135,16,402.0,0.0
10,36,2300,65,35,1,91,22,492.0,371.4368549462804
10,36,2300,70,38,1,77,24,382.0,339.04887493075347
10,36,2300,65,49,1,55,8,98.0,84.38708823274364
10,36,2300,60,44,0,131,8,276.0,0.0
10,36,2300,80,43,0,109,17,338.0,0.0
10,36,2300,90,35,1,89,29,538.0,389.07808986297255
10,36,2300,60,41,0,131,13,322.0,0.0
10,36,2300,65,39,1,43,14,268.0,343.54010618079855
10,36,2300,75,49,0,87,9,286.0,0.0
10,36,2300,60,50,1,75,10,268.0,223.42365262280498
10,36,2300,90,42,1,117,25,372.0,481.99164569737064
10,36,2300,70,48,0,87,10,270.0,0.0
10,36,2300,85,50,0,111,15,366.0,0.0
10,36,2300,65,39,1,75,17,234.0,394.1607204593678
10,36,2300,85,41,0,131,20,534.0,0.0
10,36,2300,70,39,1,61,22,328.0,595.508217509471
10,36,2300,75,41,0,45,5,128.0,0.0
10,36,2300,75,36,0,109,19,330.0,0.0
10,36,2300,60,40,1,135,15,356.0,230.99961216958417
10,36,2300,85,42,1,81,14,256.0,223.80325774941517
10,36,2300,65,43,0,117,16,364.0,0.0
10,36,2200,65,35,0,171,22,412.0,0.0
10,36,2200,90,36,0,79,20,390.0,0.0
10,36,2200,85,37,1,77,21,314.0,329.123958101522
10,36,2200,75,41,1,125,13,350.0,210.23769201011444
10,36,2200,90,44,1,119,16,344.0,391.7833198756226
10,36,2300,85,37,0,89,22,424.0,0.0
10,36,2200,85,41,0,123,19,394.0,0.0
10,36,2200,85,50,1,93,10,180.0,200.88313701064993
10,36,2200,75,35,1,87,19,364.0,224.58078929820263
10,36,2200,90,40,1,57,18,284.0,221.08705007330687
10,36,2200,80,41,0,101,14,372.0,0.0
10,36,2200,80,41,0,81,14,406.0,0.0
10,36,2200,75,38,0,125,18,536.0,0.0
10,36,2200,80,45,1,79,14,276.0,229.95557362359872
10,36,2200,90,49,1,65,9,156.0,158.73541264506565
10,36,2200,90,49,0,113,12,288.0,0.0
10,36,2200,60,38,0,69,12,252.0,0.0
10,36,2200,80,40,0,113,16,342.0,0.0
10,36,2200,60,45,1,65,14,260.0,321.78041193172
10,36,2200,60,43,1,61,16,228.0,299.2496518857128
10,36,2200,65,40,0,111,12,332.0,0.0
10,36,2200,70,43,0,43,10,250.0,0.0
10,36,2200,65,48,1,85,7,128.0,231.55987368192558
10,36,2200,60,46,1,59,6,142.0,107.79177305943468
10,36,2200,80,39,0,71,11,228.0,0.0
10,36,2200,85,38,0,87,21,400.0,0.0
10,36,2200,90,40,0,85,18,398.0,0.0
10,36,2200,60,40,1,85,11,292.0,163.77389840012364
10,36,2200,60,48,0,83,10,240.0,0.0
10,36,2200,90,47,1,111,14,208.0,144.55202840755325
10,36,2200,90,48,1,169,13,266.0,351.0360406129558
10,36,2200,85,47,1,57,21,294.0,329.1744540505716
10,36,2200,70,44,0,85,13,270.0,0.0
10,36,2200,90,36,0,79,22,446.0,0.0
10,36,2200,60,39,1,89,18,264.0,435.4460874368099
10,36,2200,70,39,0,85,19,362.0,0.0
10,36,2200,70,41,1,85,16,338.0,278.84820154483157
10,36,2200,85,48,1,85,13,374.0,335.191634489351
10,36,2100,65,36,1,77,24,412.0,324.6476753972085
10,36,2100,85,40,0,79,11,308.0,0.0
10,36,2200,80,50,0,71,5,154.0,0.0
10,36,2200,90,37,1,71,17,278.0,304.54030074202535
10,36,2200,85,50,0,87,13,288.0,0.0
10,36,2100,70,38,1,57,17,248.0,236.28911858010463
10,36,2100,65,36,0,103,21,388.0,0.0
10,36,2100,65,42,0,111,15,318.0,0.0
10,36,2100,65,47,0,79,10,264.0,0.0
10,36,2100,60,46,1,75,11,178.0,182.47980557676337
10,36,2100,75,35,0,83,18,416.0,0.0
10,36,2100,60,49,1,51,8,92.0,174.78821208996905
10,36,2100,60,40,1,93,18,286.0,228.06359386544665
10,36,2100,75,44,1,83,12,314.0,349.28799564802495
10,36,2100,70,42,0,75,12,286.0,0.0
10,36,2100,70,39,1,115,20,446.0,495.28309707458754
10,36,2100,80,37,0,115,25,526.0,0.0
10,36,2100,70,37,1,55,17,208.0,185.27447290781984
10,36,2100,85,43,1,47,11,188.0,205.46468648194187
10,36,2100,65,36,1,117,14,406.0,174.1303378261736
10,36,2100,90,40,0,65,15,302.0,0.0
10,36,2100,90,44,0,71,12,210.0,0.0
10,36,2100,60,35,1,77,17,324.0,283.37787133185697
10,36,2100,75,49,0,77,8,214.0,0.0
10,36,2100,75,37,1,79,22,400.0,303.3338885618651
10,36,2100,80,39,0,113,15,388.0,0.0
10,36,2100,85,40,1,75,10,162.0,91.4862895178304
10,36,2100,85,44,1,93,8,146.0,169.08871148510153
10,36,2100,60,49,0,109,14,226.0,0.0
10,36,2100,80,38,0,83,21,392.0,0.0
10,36,2100,60,47,0,41,4,110.0,0.0
10,36,2100,85,35,0,81,20,440.0,0.0
10,36,2100,80,41,1,79,15,270.0,387.8051609718381
10,36,2100,80,49,1,71,9,214.0,125.16503339226774
10,36,2100,75,39,1,115,21,320.0,389.98974236133705
10,36,2100,85,35,0,113,18,322.0,0.0
10,36,2100,65,47,0,79,9,266.0,0.0
10,36,2100,85,48,0,39,11,188.0,0.0
10,36,2100,65,50,1,77,8,170.0,181.49478626263587
10,36,2100,70,35,0,105,17,396.0,0.0
10,36,2000,65,36,1,65,22,282.0,221.58961505933752
10,36,2100,90,41,1,117,22,414.0,403.3479179232073
10,36,2100,80,40,1,61,16,260.0,265.9403463259204
10,36,2000,75,44,1,71,14,242.0,373.74576756768187
10,36,2100,65,43,0,71,16,288.0,0.0
10,36,2000,80,46,0,63,12,212.0,0.0
10,36,2000,80,46,0,97,6,124.0,0.0
10,36,2000,70,36,0,77,17,366.0,0.0
10,36,2000,65,36,1,71,22,344.0,274.7165098905448
10,36,2000,65,46,1,51,10,236.0,164.35551951175216
10,36,2000,85,35,0,79,19,378.0,0.0
10,36,2000,90,39,1,57,15,196.0,323.773940598342
10,36,2000,75,36,1,67,16,324.0,203.9169087798403
10,36,2000,90,45,0,65,12,202.0,0.0
10,36,2000,70,45,1,53,13,176.0,265.09683355241907
10,36,2000,60,48,0,57,7,136.0,0.0
10,36,2000,65,38,1,107,15,276.0,259.92011206069293
10,36,2000,80,49,0,113,10,186.0,0.0
10,36,2000,70,38,1,39,10,172.0,150.41125348762523
10,36,2000,80,41,0,79,10,228.0,0.0
10,36,2000,60,38,0,79,15,264.0,0.0
10,36,2000,75,37,1,71,21,334.0,451.8355202932225
10,36,2000,70,39,0,101,18,322.0,0.0
10,36,2000,60,41,1,67,10,218.0,198.42719645118206
10,36,2000,85,44,1,79,15,290.0,335.43689329291897
10,36,2000,60,48,0,97,9,170.0,0.0
10,36,2000,80,42,1,73,9,234.0,160.74979195960194
10,36,2000,90,43,1,113,16,322.0,337.58878096058703
10,36,2000,75,46,0,75,7,148.0,0.0
10,36,2000,80,48,1,69,9,130.0,166.2321844065422
10,36,2000,85,47,0,105,11,290.0,0.0
10,36,2000,80,50,1,63,9,132.0,219.86654065976296
10,36,2000,80,45,0,119,15,248.0,0.0
10,36,2000,75,49,0,75,8,210.0,0.0
10,36,2000,85,38,0,73,13,246.0,0.0
10,36,2000,85,41,0,105,14,334.0,0.0
10,36,2000,85,45,0,39,11,136.0,0.0
10,36,2000,65,46,1,73,17,284.0,206.56287352391877
10,36,2000,70,47,1,53,7,100.0,129.6386954045002
10,36,2000,90,47,1,81,14,184.0,268.807661740411
10,36,2000,65,47,1,99,11,230.0,178.5509082556811
10,36,2000,90,41,0,103,14,310.0,0.0
10,36,1900,65,35,1,57,14,218.0,149.0060017769605
10,36,1900,65,41,1,47,9,154.0,147.3159916767247
10,36,1900,75,40,0,69,12,220.0,0.0
10,36,1900,80,44,1,71,9,202.0,207.3483290932762
10,36,1900,65,38,1,37,5,74.0,37.072790117063256
10,36,1900,90,49,0,135,11,206.0,0.0
10,36,2000,65,45,0,77,10,216.0,0.0
10,36,1900,65,50,0,103,11,240.0,0.0
10,36,1900,85,38,1,73,18,246.0,281.79108889158385
10,36,1900,65,39,1,53,12,170.0,301.04708423556343
10,36,1900,90,39,0,99,10,292.0,0.0
10,36,1900,85,41,1,67,7,192.0,145.67754598296878
10,36,1900,70,45,0,63,10,190.0,0.0
10,36,1900,85,46,1,65,13,234.0,119.77157205883961
10,36,1900,80,45,0,91,13,294.0,0.0
10,36,1900,80,49,0,99,10,196.0,0.0
10,36,1900,90,36,1,45,12,116.0,115.16691661194828
10,36,1900,60,39,0,57,6,134.0,0.0
10,36,1900,85,41,1,51,17,216.0,345.1489715430028
10,36,1900,60,41,1,105,10,226.0,235.86799283298504
10,36,1900,85,47,1,73,9,164.0,103.9178648241255
10,36,1900,70,44,0,109,15,382.0,0.0
10,36,1900,85,43,0,67,10,168.0,0.0
10,36,1900,75,50,0,75,6,138.0,0.0
10,36,1900,70,35,0,73,14,316.0,0.0
10,36,1900,60,36,0,101,10,190.0,0.0
10,36,1900,85,35,1,57,19,236.0,274.6923416954409
10,36,1900,65,42,1,69,11,128.0,187.49058956231846
10,36,1900,90,45,1,69,14,268.0,371.045463095862
10,36,1900,75,41,1,67,7,184.0,134.3737738919116
10,36,1900,85,44,0,75,7,106.0,0.0
10,36,1900,60,46,0,73,5,144.0,0.0
10,36,1900,60,36,0,69,15,296.0,0.0
10,36,1900,60,39,0,101,13,350.0,0.0
10,36,1900,80,35,0,105,19,308.0,0.0
10,36,1900,90,39,0,91,20,278.0,0.0
10,36,1900,75,43,1,69,8,176.0,124.36760571560508
10,36,1900,90,46,1,91,11,284.0,201.14361977124918
10,36,1900,90,50,1,37,9,168.0,254.46304130664146
10,36,1900,70,48,1,83,10,186.0,205.29645868417782
10,36,1800,90,36,1,49,17,216.0,143.7047844652401
10,36,1800,90,35,1,65,16,256.0,106.44943884382026
10,36,1800,60,36,0,105,13,270.0,0.0
10,36,1800,90,42,0,103,12,288.0,0.0
10,36,1800,85,47,1,117,10,252.0,170.25428233191855
10,36,1800,90,35,0,139,12,260.0,0.0
10,36,1800,75,36,1,61,11,208.0,137.02082581055382
10,36,1900,85,48,0,69,5,134.0,0.0
10,36,1800,70,37,1,65,16,274.0,279.1903217473037
10,36,1800,90,37,1,61,15,248.0,187.58616799888048
10,36,1800,65,43,0,61,2,62.0,0.0
10,36,1800,85,43,1,51,10,100.0,154.948159836282
10,36,1800,65,41,0,67,13,216.0,0.0
10,36,1800,65,43,0,77,10,148.0,0.0
10,36,1800,60,39,0,67,10,126.0,0.0
10,36,1800,85,44,1,61,11,208.0,267.64441135987937
10,36,1800,60,38,0,67,11,216.0,0.0
10,36,1800,75,43,1,65,14,240.0,194.15730085783767
10,36,1800,75,39,1,73,14,168.0,291.71846920469864
10,36,1800,70,43,0,91,12,286.0,0.0
10,36,1800,85,47,1,69,11,188.0,143.50926193430936
10,36,1800,70,46,1,47,7,108.0,59.92337577131623
10,36,1800,75,41,0,69,8,208.0,0.0
10,36,1800,90,46,0,69,9,160.0,0.0
10,36,1800,90,50,0,61,8,160.0,0.0
10,36,1800,75,49,1,63,7,160.0,72.52262664454597
10,36,1800,60,36,1,35,7,156.0,53.70204335552417
10,36,1800,70,36,1,71,9,230.0,55.806818066587766
10,36,1800,70,44,0,67,10,138.0,0.0
10,36,1800,90,37,1,65,14,240.0,151.35901328020054
10,36,1800,60,46,0,65,10,124.0,0.0
10,36,1800,70,43,0,95,10,178.0,0.0
10,36,1800,80,48,0,35,5,86.0,0.0
10,36,1800,65,36,1,53,13,206.0,137.09758520875252
10,36,1800,85,36,1,69,15,212.0,114.46852907745725
10,36,1800,75,40,0,91,8,214.0,0.0
10,36,1800,85,39,0,33,9,114.0,0.0
10,36,1800,75,49,0,93,9,124.0,0.0
10,36,1800,60,41,1,61,7,144.0,133.45958897516167
10,36,1800,65,40,1,99,13,248.0,164.83149841921738
10,36,1800,65,40,0,65,7,102.0,0.0
10,36,1700,65,36,1,59,19,232.0,188.8837524577033
10,36,1700,60,39,0,49,11,134.0,0.0
10,36,1700,70,36,0,121,11,208.0,0.0
10,36,1700,65,35,0,93,12,212.0,0.0
10,36,1700,65,49,1,63,9,108.0,103.41566933469882
10,36,1700,90,47,0,65,6,152.0,0.0
10,36,1700,70,47,1,43,9,110.0,110.60592055658479
10,36,1700,75,41,1,33,7,130.0,172.5997873171508
10,36,1700,80,35,1,65,10,190.0,93.86169562698704
10,36,1700,85,37,0,71,7,130.0,0.0
10,36,1700,60,39,0,121,11,200.0,0.0
10,36,1700,70,48,0,51,4,84.0,0.0
10,36,1700,60,47,1,33,8,94.0,97.78568847422962
10,36,1700,85,44,1,71,13,192.0,352.68719129266503
10,36,1700,65,49,1,81,4,116.0,44.182757260427486
10,36,1700,80,45,0,61,9,226.0,0.0
10,36,1700,70,36,0,57,5,90.0,0.0
10,36,1700,75,39,1,89,14,230.0,381.80150140645367
10,36,1700,80,41,0,61,9,186.0,0.0
10,36,1700,60,48,1,33,4,76.0,117.37170370089096
10,36,1700,80,39,1,125,9,244.0,315.74035667258823
10,36,1700,90,39,0,57,7,180.0,0.0
10,36,1700,60,42,1,73,12,182.0,200.18387456424438
10,36,1700,70,41,0,57,8,110.0,0.0
10,36,1700,90,45,1,65,7,126.0,171.65529498232786
10,36,1700,80,44,0,67,15,250.0,0.0
10,36,1700,60,42,1,57,5,100.0,82.69994304331426
10,36,1700,80,39,1,63,11,164.0,314.00945416954954
10,36,1700,90,41,0,85,11,258.0,0.0
10,36,1700,90,39,1,35,8,130.0,250.45901384634908
10,36,1700,60,40,1,69,7,132.0,109.97269161721756
10,36,1700,60,47,0,93,8,142.0,0.0
10,36,1700,90,37,0,79,11,236.0,0.0
10,36,1700,65,47,0,85,6,144.0,0.0
10,36,1700,80,42,1,31,8,86.0,131.24540540567975
10,36,1700,70,46,1,73,11,140.0,148.8473385828511
10,36,1700,90,44,0,61,5,150.0,0.0
10,36,1700,80,43,0,131,9,210.0,0.0
10,36,1700,60,38,0,61,6,120.0,0.0
10,36,1600,80,41,0,47,7,98.0,0.0
10,36,1700,85,49,1,39,6,80.0,53.84127147888943
10,36,1600,70,47,1,31,3,54.0,23.973053910807778
10,36,1600,85,35,1,63,18,288.0,307.558246418292
10,36,1600,80,36,0,63,10,186.0,0.0
10,36,1600,90,44,0,59,7,90.0,0.0
10,36,1600,65,35,1,61,14,238.0,181.11488355264643
10,36,1600,70,42,1,43,5,126.0,120.90700662671593
10,36,1600,60,35,1,37,7,92.0,68.1379649027349
10,36,1600,65,39,0,63,8,146.0,0.0
10,36,1600,90,38,1,61,9,148.0,102.94725743768724
10,36,1600,70,46,0,41,6,96.0,0.0
10,36,1600,75,49,1,53,8,134.0,92.79838725288035
10,36,1600,85,43,0,51,5,78.0,0.0
10,36,1600,75,44,1,69,8,116.0,198.14612815397453
10,36,1600,70,48,0,31,4,78.0,0.0
10,36,1600,90,36,0,85,12,198.0,0.0
10,36,1600,90,37,1,29,7,142.0,142.1104611551511
10,36,1600,80,46,1,47,8,110.0,63.571354833723845
10,36,1600,90,38,0,53,7,136.0,0.0
10,36,1600,85,41,1,85,8,154.0,145.5552128254468
10,36,1600,65,42,0,105,8,196.0,0.0
10,36,1600,85,44,0,55,10,182.0,0.0
10,36,1600,90,41,1,53,14,180.0,300.7255002043855
10,36,1600,85,36,1,75,14,204.0,159.093627768176
10,36,1600,60,41,0,21,2,22.0,0.0
10,36,1600,85,35,0,31,9,150.0,0.0
10,36,1600,90,48,1,31,7,116.0,155.82056705892845
10,36,1600,70,48,0,29,1,30.0,0.0
10,36,1600,60,45,0,43,4,44.0,0.0
10,36,1600,60,43,1,47,3,48.0,45.9419474145463
10,36,1600,60,45,1,39,7,70.0,150.99955569512514
10,36,1600,65,40,0,29,8,118.0,0.0
10,36,1600,60,38,1,31,8,82.0,88.51811435400572
10,36,1600,70,41,1,117,9,200.0,175.9460640958989
10,36,1600,75,45,0,61,8,176.0,0.0
10,36,1600,60,45,0,47,7,136.0,0.0
10,36,1600,60,50,1,39,7,128.0,143.76594477463243
10,36,1600,70,39,0,83,14,276.0,0.0
10,36,1600,65,44,1,31,4,52.0,80.77422388186804
10,36,1600,60,38,0,61,12,226.0,0.0
10,36,1500,80,37,1,81,13,230.0,171.56905268499597
10,36,1500,75,37,0,29,10,94.0,0.0
10,36,1500,85,43,1,29,4,78.0,52.898820182413004
10,36,1500,90,41,1,51,7,154.0,150.1902958665303
10,36,1500,65,38,0,73,7,102.0,0.0
10,36,1500,85,46,0,25,2,30.0,0.0
10,36,1500,75,50,1,53,5,126.0,134.94856847536718
10,36,1500,85,36,1,49,9,138.0,63.72555251116101
10,36,1500,65,41,0,41,7,94.0,0.0
10,36,1500,70,36,0,35,7,118.0,0.0
10,36,1500,75,38,0,57,5,108.0,0.0
10,36,1500,80,38,1,53,11,182.0,131.40408961820762
10,36,1500,65,43,0,55,7,132.0,0.0
10,36,1500,90,43,1,49,10,106.0,128.46180378433056
10,36,1500,75,48,1,55,6,86.0,185.12590734386617
10,36,1500,70,37,0,55,8,130.0,0.0
10,36,1500,70,41,1,43,8,106.0,137.4213428103651
10,36,1500,90,39,1,49,11,148.0,193.74577360628143
10,36,1500,85,48,1,51,7,146.0,219.1565969827935
10,36,1500,85,45,0,81,11,220.0,0.0
10,36,1500,80,50,0,21,2,22.0,0.0
10,36,1500,80,49,1,83,7,104.0,64.91759870503327
10,36,1500,70,47,0,53,5,54.0,0.0
10,36,1500,80,37,1,41,10,132.0,102.28212073625801
10,36,1500,60,39,0,41,5,120.0,0.0
10,36,1500,85,42,0,57,14,164.0,0.0
10,36,1500,90,35,0,113,13,198.0,0.0
10,36,1500,80,46,1,71,5,94.0,59.07858353338433
10,36,1500,60,45,0,25,3,46.0,0.0
10,36,1500,90,44,1,27,5,132.0,176.2892506813296
10,36,1500,85,42,1,57,8,120.0,122.70735842177594
10,36,1500,90,35,0,59,7,116.0,0.0
10,36,1500,65,37,0,57,12,222.0,0.0
10,36,1500,75,41,0,49,10,186.0,0.0
10,36,1500,75,42,0,87,8,166.0,0.0
10,36,1500,70,43,1,51,4,72.0,51.27682463265499
10,36,1500,65,49,1,57,4,112.0,55.19431533382938
10,36,1500,60,49,1,55,7,94.0,94.02944596346998
10,36,1500,80,42,1,29,6,84.0,101.3242378447713
10,35,3000,75,35,1,167,33,674.0,419.5031553047184
10,35,3000,90,39,0,165,30,622.0,0.0
10,36,1500,75,41,0,45,9,134.0,0.0
10,35,3000,85,39,1,109,26,570.0,511.32172035038695
10,35,3000,80,41,0,113,29,646.0,0.0
10,35,3000,90,40,1,165,29,566.0,483.25161703483644
10,35,3000,75,46,0,115,21,572.0,0.0
10,35,3000,60,39,1,177,30,744.0,700.4676644876561
10,35,3000,80,36,0,115,32,682.0,0.0
10,35,3000,70,35,1,85,29,472.0,484.4929104701686
10,35,3000,65,44,1,151,27,548.0,637.6028188053708
10,35,3000,65,48,0,117,16,490.0,0.0
10,35,3000,60,45,0,107,19,430.0,0.0
10,35,3000,80,41,1,111,24,552.0,709.9387376643044
10,35,3000,65,41,1,115,27,536.0,631.225705609145
10,35,3000,85,49,0,119,22,502.0,0.0
10,35,3000,60,38,0,117,30,644.0,0.0
10,35,3000,80,36,0,159,34,670.0,0.0
10,35,3000,90,35,0,161,34,716.0,0.0
10,35,3000,65,38,1,111,30,634.0,565.935590679076
10,35,3000,90,42,1,105,30,626.0,616.9677263001391
10,35,3000,90,47,1,169,25,594.0,616.0967870198261
10,35,3000,80,42,0,167,30,806.0,0.0
10,35,3000,90,38,1,103,28,608.0,473.5225693466578
10,35,3000,75,50,0,97,16,452.0,0.0
10,35,3000,85,37,1,129,34,696.0,530.7844102983385
10,35,3000,70,44,0,171,22,664.0,0.0
10,35,3000,90,39,1,117,31,522.0,496.62746152364286
10,35,3000,65,42,0,169,22,590.0,0.0
10,35,3000,65,40,0,215,26,644.0,0.0
10,35,3000,75,46,1,145,28,562.0,448.6803187726951
10,35,3000,65,38,1,79,27,478.0,437.2423698164145
10,35,3000,85,41,1,115,28,502.0,534.5922592056319
10,35,3000,60,47,1,155,26,672.0,534.135688749951
10,35,3000,65,49,0,109,20,420.0,0.0
10,35,3000,70,42,0,231,29,784.0,0.0
10,35,3000,60,49,0,153,20,516.0,0.0
10,35,3000,90,47,1,101,20,450.0,328.5614278272864
10,35,2900,75,35,1,57,32,460.0,411.10292276908706
10,35,3000,70,41,1,113,29,510.0,638.65237260271
10,35,3000,70,44,0,163,28,832.0,0.0
10,35,3000,80,37,0,111,31,562.0,0.0
10,35,2900,75,41,0,171,26,592.0,0.0
10,35,2900,80,49,0,163,23,548.0,0.0
10,35,2900,75,50,1,109,19,498.0,518.8891162986854
10,35,2900,90,37,1,69,31,408.0,518.611817169791
10,35,2900,80,38,0,145,32,680.0,0.0
10,35,2900,90,41,0,109,28,584.0,0.0
10,35,2900,75,41,1,151,29,608.0,654.9758289082015
10,35,2900,90,44,1,111,26,638.0,604.7139028120663
10,35,2900,70,46,0,91,19,458.0,0.0
10,35,2900,75,45,1,101,17,380.0,455.80153151768536
10,35,2900,60,43,1,113,18,386.0,394.5077280835871
10,35,2900,65,48,0,161,18,448.0,0.0
10,35,2900,70,47,1,141,20,418.0,412.8911672822416
10,35,2900,60,48,0,103,14,342.0,0.0
10,35,2900,85,47,0,163,21,516.0,0.0
10,35,2900,70,45,1,103,21,564.0,579.1760607735267
10,35,2900,80,50,0,85,14,228.0,0.0
10,35,2900,80,37,1,113,34,670.0,595.5552697852918
10,35,2900,90,37,0,161,32,650.0,0.0
10,35,2900,85,38,1,153,34,700.0,489.19802181304686
10,35,2900,60,43,0,167,18,532.0,0.0
10,35,2900,65,38,0,101,24,400.0,0.0
10,35,2900,60,46,1,77,22,422.0,387.51023065564095
10,35,2900,60,36,1,111,27,638.0,354.21015403381193
10,35,2900,60,43,0,159,20,644.0,0.0
10,35,2900,75,40,1,163,25,544.0,357.53855441373884
10,35,2900,60,49,1,105,18,414.0,230.25842035226808
10,35,2900,80,48,0,159,20,566.0,0.0
10,35,2900,90,49,0,95,18,424.0,0.0
10,35,2900,60,50,1,111,17,378.0,375.5116253554489
10,35,2900,80,50,0,113,21,468.0,0.0
10,35,2900,75,42,1,115,21,480.0,275.3386334642902
10,35,2900,70,38,1,109,27,616.0,370.18759393891
10,35,2900,70,39,0,165,33,720.0,0.0
10,35,2900,70,44,1,131,28,554.0,666.2327267173557
10,35,2900,65,44,0,167,21,766.0,0.0
10,35,2900,65,45,1,157,23,636.0,606.0905223239527
10,35,2900,60,50,0,107,12,394.0,0.0
10,35,2900,60,47,0,95,11,332.0,0.0
10,35,2800,70,41,1,89,23,342.0,531.3948712522115
10,35,2800,65,40,0,93,17,356.0,0.0
10,35,2800,85,41,1,107,27,498.0,494.1947230466195
10,35,2800,75,37,0,109,30,540.0,0.0
10,35,2800,65,41,1,85,29,500.0,523.4633166750776
10,35,2800,60,47,0,107,12,424.0,0.0
10,35,2800,75,46,1,109,24,432.0,428.4915341100061
10,35,2800,90,48,0,149,19,484.0,0.0
10,35,2800,70,50,1,141,22,414.0,384.62825760732204
10,35,2800,85,39,0,103,34,752.0,0.0
10,35,2800,90,44,1,95,23,440.0,597.0718597581531
10,35,2800,75,43,0,107,18,438.0,0.0
10,35,2800,85,46,1,97,22,480.0,354.96377306718944
10,35,2800,90,37,0,55,33,500.0,0.0
10,35,2800,85,35,1,101,30,508.0,490.18187845817863
10,35,2800,80,49,1,101,24,504.0,396.85838053330207
10,35,2800,65,46,0,97,12,308.0,0.0
10,35,2800,60,37,1,149,29,674.0,582.8895884048017
10,35,2800,65,42,0,111,21,496.0,0.0
10,35,2800,80,46,1,111,20,592.0,320.3794879857829
10,35,2800,75,47,0,105,13,392.0,0.0
10,35,2800,90,48,0,97,19,390.0,0.0
10,35,2800,70,40,1,213,31,798.0,572.0003395250279
10,35,2800,90,38,1,105,30,580.0,565.8845420084251
10,35,2800,80,35,1,161,31,642.0,505.48549192841995
10,35,2800,85,38,1,105,33,574.0,503.65904231889067
10,35,2800,75,44,0,99,21,580.0,0.0
10,35,2800,90,43,0,219,23,660.0,0.0
10,35,2800,65,48,0,105,18,440.0,0.0
10,35,2800,75,48,0,151,21,532.0,0.0
10,35,2800,75,50,1,93,16,304.0,337.59690733219395
10,35,2800,65,36,1,103,30,604.0,411.69874339604036
10,35,2800,60,43,1,95,14,344.0,311.77513416999614
10,35,2800,75,44,0,101,19,382.0,0.0
10,35,2800,85,46,0,107,29,574.0,0.0
10,35,2800,75,47,0,159,21,512.0,0.0
10,35,2800,70,47,0,105,19,510.0,0.0
10,35,2800,70,43,1,151,22,684.0,470.13666524023955
10,35,2800,80,45,1,155,27,594.0,708.4530514276803
10,35,2800,85,37,0,103,28,592.0,0.0
10,35,2700,90,40,1,105,30,628.0,568.5595010252284
10,35,2700,65,41,0,117,20,506.0,0.0
10,35,2700,60,35,1,203,29,776.0,535.4303095022208
10,35,2700,90,40,1,161,27,618.0,420.009449768212
10,35,2700,85,43,0,105,23,570.0,0.0
10,35,2700,65,43,1,111,15,330.0,252.98646684551025
10,35,2700,65,49,0,143,18,418.0,0.0
10,35,2700,70,38,0,151,23,592.0,0.0
10,35,2700,65,36,0,199,21,654.0,0.0
10,35,2700,70,40,1,103,22,538.0,385.40422742150736
10,35,2700,65,44,1,93,15,310.0,320.66097625511935
10,35,2700,60,46,0,99,12,310.0,0.0
10,35,2700,70,44,1,159,24,516.0,595.2967777636118
10,35,2700,75,43,0,157,20,612.0,0.0
10,35,2700,65,50,1,85,13,296.0,232.70936986814797
10,35,2700,85,37,0,107,30,734.0,0.0
10,35,2700,75,35,0,153,33,704.0,0.0
10,35,2700,65,36,0,145,26,602.0,0.0
10,35,2700,80,39,0,201,25,578.0,0.0
10,35,2700,75,42,1,91,19,392.0,235.47809263704738
10,35,2700,75,43,1,131,24,606.0,515.1609366485357
10,35,2700,85,50,1,153,24,516.0,629.9906603843704
10,35,2700,80,37,1,99,30,544.0,433.9959809255663
10,35,2700,70,39,0,105,25,554.0,0.0
10,35,2700,80,39,1,67,24,412.0,449.76806781146877
10,35,2700,70,42,1,67,25,430.0,390.71582200191006
10,35,2700,85,43,0,97,21,436.0,0.0
10,35,2700,70,44,1,97,20,392.0,390.6259799328008
10,35,2700,65,46,0,155,18,598.0,0.0
10,35,2700,90,48,1,97,18,312.0,324.4251945983241
10,35,2700,90,49,0,107,16,452.0,0.0
10,35,2700,70,47,0,139,21,528.0,0.0
10,35,2700,65,48,1,93,12,338.0,362.74997372061347
10,35,2700,60,41,0,151,18,464.0,0.0
10,35,2600,90,35,1,97,25,522.0,425.6701398093131
10,35,2700,70,40,0,129,15,408.0,0.0
10,35,2700,65,40,1,103,23,538.0,445.5275150970169
10,35,2700,80,50,1,99,20,530.0,496.49083723822514
10,35,2700,75,46,1,119,22,362.0,361.42634898041234
10,35,2700,75,48,0,117,13,294.0,0.0
10,35,2700,60,42,0,91,21,454.0,0.0
10,35,2600,60,35,0,101,22,416.0,0.0
10,35,2600,60,41,1,101,20,442.0,399.31938927550783
10,35,2600,75,45,1,97,14,382.0,360.0880326300353
10,35,2600,70,40,0,99,19,536.0,0.0
10,35,2600,85,46,0,101,14,308.0,0.0
10,35,2600,60,49,1,91,11,346.0,158.79964488227114
10,35,2600,90,49,1,93,19,356.0,272.56345269974145
10,35,2600,90,49,0,49,11,174.0,0.0
10,35,2600,80,39,0,103,22,612.0,0.0
10,35,2600,75,41,1,99,28,544.0,489.76765422882346
10,35,2600,70,35,1,99,32,548.0,431.3470803483254
10,35,2600,90,46,0,95,15,404.0,0.0
10,35,2600,85,37,0,115,29,770.0,0.0
10,35,2600,75,42,1,195,21,550.0,272.9468040840568
10,35,2600,90,49,0,95,16,464.0,0.0
10,35,2600,85,47,0,93,13,326.0,0.0
10,35,2600,90,48,1,91,15,342.0,345.96251987594985
10,35,2600,65,49,1,143,13,390.0,193.3240146252981
10,35,2600,70,35,0,197,27,524.0,0.0
10,35,2600,90,49,0,51,11,218.0,0.0
10,35,2600,70,39,0,151,25,658.0,0.0
10,35,2600,85,43,0,147,20,568.0,0.0
10,35,2600,60,46,1,99,19,386.0,321.3060770821423
10,35,2600,65,36,1,97,24,442.0,227.1761596346989
10,35,2600,80,48,1,65,15,246.0,311.32015141371284
10,35,2600,80,47,1,91,18,346.0,315.1432757037475
10,35,2600,70,37,1,97,27,542.0,500.1146072099504
10,35,2600,85,37,1,103,32,560.0,515.9371494893916
10,35,2600,75,39,0,141,19,508.0,0.0
10,35,2600,65,46,1,89,16,388.0,306.8948041239639
10,35,2600,80,47,0,93,12,324.0,0.0
10,35,2600,65,39,0,99,26,432.0,0.0
10,35,2600,75,45,0,143,24,618.0,0.0
10,35,2600,60,50,0,143,18,684.0,0.0
10,35,2600,90,47,1,107,20,362.0,304.02468711875696
10,35,2600,80,37,1,111,26,578.0,406.13020433651445
10,35,2500,60,36,0,87,25,478.0,0.0
10,35,2500,75,37,1,97,24,448.0,446.4095978131408
10,35,2600,80,46,0,95,16,376.0,0.0
10,35,2600,75,49,1,75,18,352.0,331.7480828809576
10,35,2600,75,44,0,149,17,466.0,0.0
10,35,2500,85,42,0,125,22,548.0,0.0
10,35,2500,75,49,1,59,10,234.0,132.3352980796405
10,35,2500,85,49,1,89,11,202.0,192.29995858257945
10,35,2500,60,35,0,129,24,562.0,0.0
10,35,2500,60,36,1,91,16,380.0,202.35023864896615
10,35,2500,90,40,1,227,27,872.0,460.5119841165518
10,35,2500,60,40,0,139,19,480.0,0.0
10,35,2500,60,42,0,135,20,546.0,0.0
10,35,2500,70,48,1,75,15,286.0,407.8691645740984
10,35,2500,90,44,0,87,15,352.0,0.0
10,35,2500,60,38,1,93,16,446.0,282.57153858145375
10,35,2500,60,40,0,139,19,574.0,0.0
10,35,2500,60,36,1,89,15,364.0,227.61378011891333
10,35,2500,60,37,1,81,18,370.0,239.83867219413904
10,35,2500,60,36,0,135,24,586.0,0.0
10,35,2500,85,43,1,89,20,306.0,341.40546326794646
10,35,2500,80,45,1,89,19,326.0,391.7151678842268
10,35,2500,85,35,1,63,30,418.0,425.36530607736375
10,35,2500,70,48,0,125,11,316.0,0.0
10,35,2500,90,50,0,47,12,216.0,0.0
10,35,2500,70,43,0,97,24,460.0,0.0
10,35,2500,85,40,1,93,26,504.0,307.39207621973225
10,35,2500,75,36,1,97,26,632.0,299.573377169814
10,35,2500,85,39,1,147,22,402.0,481.0138388138379
10,35,2500,85,41,0,139,19,514.0,0.0
10,35,2500,90,40,0,179,14,394.0,0.0
10,35,2500,75,49,1,95,16,394.0,274.32960339743863
10,35,2500,90,41,0,99,23,620.0,0.0
10,35,2500,75,48,0,139,15,400.0,0.0
10,35,2500,80,37,0,129,21,478.0,0.0
10,35,2500,75,42,0,125,18,574.0,0.0
10,35,2500,70,43,1,105,17,440.0,412.682129898711
10,35,2500,65,40,1,89,21,496.0,368.60902540028434
10,35,2500,90,48,1,77,19,282.0,404.80178369133034
10,35,2500,85,40,0,99,21,574.0,0.0
10,35,2500,75,50,1,71,12,246.0,383.8025009691768
10,35,2500,80,48,0,141,18,556.0,0.0
10,35,2500,85,35,0,145,25,516.0,0.0
10,35,2400,75,39,0,83,15,386.0,0.0
10,35,2400,60,45,0,163,12,324.0,0.0
10,35,2400,85,40,0,129,20,432.0,0.0
10,35,2400,90,44,1,91,15,356.0,391.1893729687834
10,35,2400,85,47,1,89,21,350.0,278.79211912122577
10,35,2400,65,42,1,85,17,294.0,264.9801015538632
10,35,2400,70,45,1,101,13,304.0,222.02844241258447
10,35,2400,65,35,0,89,17,342.0,0.0
10,35,2400,85,37,0,185,29,728.0,0.0
10,35,2400,65,43,0,83,18,344.0,0.0
10,35,2400,85,44,1,95,15,316.0,398.1839447763988
10,35,2400,85,36,1,93,24,492.0,341.2326341308047
10,35,2400,80,40,1,85,24,434.0,317.5611101397538
10,35,2400,60,46,1,73,17,328.0,289.2737875848846
10,35,2400,80,48,1,65,11,202.0,335.4169079951756
10,35,2400,75,44,0,91,13,262.0,0.0
10,35,2400,90,44,0,69,12,240.0,0.0
10,35,2400,75,44,0,129,19,510.0,0.0
10,35,2400,65,45,1,65,14,196.0,361.3627108761921
10,35,2400,90,40,0,133,20,524.0,0.0
10,35,2400,65,39,0,85,19,326.0,0.0
10,35,2400,65,43,1,93,21,374.0,509.22170133489504
10,35,2400,85,46,0,131,18,488.0,0.0
10,35,2400,80,49,1,65,13,222.0,249.2464925291171
10,35,2400,75,50,1,47,11,218.0,235.68460538716664
10,35,2400,80,35,0,137,26,582.0,0.0
10,35,2400,80,35,1,89,27,512.0,325.35242263858436
10,35,2400,70,44,1,133,16,442.0,524.9823131674357
10,35,2400,90,50,0,133,17,352.0,0.0
10,35,2400,75,49,1,63,15,232.0,169.24034368449628
10,35,2400,60,44,0,133,15,312.0,0.0
10,35,2400,70,48,1,83,14,252.0,323.5921082006878
10,35,2400,85,50,0,85,10,192.0,0.0
10,35,2400,65,36,1,87,23,462.0,269.9623752783701
10,35,2400,85,41,0,131,17,530.0,0.0
10,35,2400,65,38,1,69,23,276.0,342.88103527430087
10,35,2400,85,45,0,91,19,382.0,0.0
10,35,2300,90,38,1,91,21,430.0,350.2455173281608
10,35,2400,80,42,0,91,17,386.0,0.0
10,35,2400,65,47,1,83,16,288.0,309.8113129899453
10,35,2400,75,39,0,93,18,356.0,0.0
10,35,2300,75,38,0,137,20,434.0,0.0
10,35,2300,75,42,1,85,12,280.0,208.43824425748508
10,35,2300,75,37,1,89,20,396.0,317.63976578088733
10,35,2300,85,46,0,81,12,290.0,0.0
10,35,2300,80,37,1,91,16,316.0,272.82083017864534
10,35,2300,90,39,1,119,20,344.0,362.54925325969344
10,35,2300,65,45,0,117,11,290.0,0.0
10,35,2300,80,46,1,107,14,226.0,259.5864063512321
10,35,2300,60,45,0,91,19,444.0,0.0
10,35,2300,65,43,0,83,10,238.0,0.0
10,35,2300,65,37,1,63,22,316.0,445.59911914064816
10,35,2300,90,35,0,77,17,314.0,0.0
10,35,2300,60,39,0,89,22,476.0,0.0
10,35,2300,85,43,1,91,17,334.0,321.7771117719342
10,35,2300,65,41,1,77,16,278.0,274.715545869028
10,35,2300,70,46,0,77,11,290.0,0.0
10,35,2300,85,49,0,89,10,224.0,0.0
10,35,2300,90,49,0,87,15,244.0,0.0
10,35,2300,90,50,1,181,15,394.0,469.926104755539
10,35,2300,80,44,1,73,18,304.0,410.6215416985024
10,35,2300,75,44,1,59,14,274.0,416.3267348170628
10,35,2300,80,45,0,81,12,244.0,0.0
10,35,2300,75,40,1,127,22,426.0,340.87537752628555
10,35,2300,85,38,0,87,19,346.0,0.0
10,35,2300,70,43,0,81,9,152.0,0.0
10,35,2300,90,41,0,85,15,298.0,0.0
10,35,2300,65,35,1,115,25,484.0,297.57107563456043
10,35,2300,70,49,1,109,12,254.0,251.7772303680707
10,35,2300,80,37,0,123,22,408.0,0.0
10,35,2300,60,37,1,45,10,222.0,167.15379740723722
10,35,2300,80,43,0,73,17,292.0,0.0
10,35,2300,65,39,1,89,12,248.0,245.95373104275492
10,35,2300,65,42,1,121,16,378.0,271.62934526803707
10,35,2300,60,44,1,161,14,386.0,322.38246148309
10,35,2300,80,49,0,127,12,274.0,0.0
10,35,2300,90,40,0,119,19,532.0,0.0
10,35,2300,90,41,0,127,18,278.0,0.0
10,35,2200,85,41,0,81,10,248.0,0.0
10,35,2200,65,42,0,73,6,114.0,0.0
10,35,2200,60,44,1,85,15,338.0,390.3574465639511
10,35,2200,90,42,1,77,16,264.0,282.17720637624535
10,35,2300,70,43,0,133,22,576.0,0.0
10,35,2300,60,50,1,83,13,278.0,265.79380788249097
10,35,2200,85,45,0,95,12,244.0,0.0
10,35,2200,80,41,1,89,11,178.0,140.85516590365506
10,35,2200,65,35,1,79,20,408.0,185.04755121002893
10,35,2200,60,38,0,83,12,296.0,0.0
10,35,2200,65,43,1,83,11,208.0,237.9306603047256
10,35,2200,65,36,0,85,21,424.0,0.0
10,35,2200,90,41,0,125,21,404.0,0.0
10,35,2200,90,48,1,121,19,426.0,462.50591403888484
10,35,2200,75,37,0,115,15,298.0,0.0
10,35,2200,60,49,1,71,6,182.0,69.29302847413695
10,35,2200,85,40,1,119,15,364.0,220.43432218708375
10,35,2200,65,40,1,69,18,334.0,310.99315740982337
10,35,2200,65,41,1,77,18,292.0,399.8738984076913
10,35,2200,75,38,0,113,23,378.0,0.0
10,35,2200,85,40,1,55,18,262.0,289.0492158631008
10,35,2200,60,45,0,41,8,138.0,0.0
10,35,2200,60,42,0,75,11,210.0,0.0
10,35,2200,60,48,0,121,8,248.0,0.0
10,35,2200,60,42,1,125,12,300.0,139.54519649549997
10,35,2200,80,36,0,129,21,514.0,0.0
10,35,2200,85,41,0,87,17,276.0,0.0
10,35,2200,75,37,1,81,22,358.0,321.0630905842069
10,35,2200,80,38,0,85,14,410.0,0.0
10,35,2200,85,39,0,129,20,372.0,0.0
10,35,2200,75,45,1,59,14,262.0,399.2249750975028
10,35,2200,80,42,1,79,17,278.0,251.37263867789764
10,35,2200,85,36,1,115,23,606.0,314.289340125709
10,35,2200,75,36,1,121,25,558.0,367.7901904964389
10,35,2200,60,37,0,85,16,226.0,0.0
10,35,2200,75,39,0,115,11,222.0,0.0
10,35,2200,75,46,0,87,15,296.0,0.0
10,35,2200,65,48,0,105,6,186.0,0.0
10,35,2200,65,50,1,79,9,188.0,156.575335988763
10,35,2200,70,37,1,123,19,398.0,308.5847382165043
10,35,2200,75,49,1,87,15,180.0,224.74884874769612
10,35,2100,80,35,1,75,13,240.0,148.33608125955968
10,35,2100,80,37,0,75,21,342.0,0.0
10,35,2100,75,40,1,53,17,220.0,233.33092620070337
10,35,2100,60,41,1,65,12,178.0,177.08168096345435
10,35,2100,80,43,1,109,13,288.0,255.37103663265412
10,35,2100,65,47,0,73,10,244.0,0.0
10,35,2100,60,41,0,69,8,176.0,0.0
10,35,2200,85,47,0,79,12,312.0,0.0
10,35,2100,80,38,0,77,15,330.0,0.0
10,35,2100,75,39,1,97,18,298.0,371.9384475745419
10,35,2100,70,41,1,63,11,184.0,248.23318577514036
10,35,2100,70,47,0,81,10,224.0,0.0
10,35,2100,60,44,0,39,7,164.0,0.0
10,35,2100,75,43,0,115,15,434.0,0.0
10,35,2100,85,50,1,111,16,336.0,416.1257724430565
10,35,2100,60,50,1,71,8,164.0,214.18091039879394
10,35,2100,60,35,1,101,15,270.0,126.48370587180762
10,35,2100,80,36,0,71,20,328.0,0.0
10,35,2100,60,37,1,59,11,234.0,150.45323986963916
10,35,2100,75,39,0,41,15,258.0,0.0
10,35,2100,65,36,1,61,18,264.0,196.6571977479564
10,35,2100,65,47,0,77,8,224.0,0.0
10,35,2100,85,49,1,75,7,214.0,120.77457407994129
10,35,2100,65,49,0,81,10,224.0,0.0
10,35,2100,60,35,0,77,18,306.0,0.0
10,35,2100,90,35,0,119,23,500.0,0.0
10,35,2100,90,39,1,57,18,234.0,332.45657238410007
10,35,2100,75,37,1,81,19,332.0,215.75106743628288
10,35,2100,80,43,1,111,14,214.0,254.99224226473058
10,35,2100,65,44,0,113,8,150.0,0.0
10,35,2100,65,40,1,83,9,244.0,151.2665615667111
10,35,2100,90,50,0,115,15,370.0,0.0
10,35,2100,80,36,1,71,21,312.0,300.0286682956965
10,35,2100,65,38,1,77,18,336.0,272.41454626406636
10,35,2100,75,43,0,83,12,256.0,0.0
10,35,2100,75,44,0,41,7,224.0,0.0
10,35,2100,80,50,0,77,15,298.0,0.0
10,35,2100,60,47,1,39,8,88.0,93.23548237932354
10,35,2100,75,47,1,65,10,144.0,140.08741150921108
10,35,2100,85,37,0,81,17,344.0,0.0
10,35,2000,60,41,1,49,8,154.0,157.24421084311578
10,35,2000,70,43,1,71,12,192.0,132.0375994826666
10,35,2000,70,38,0,111,19,440.0,0.0
10,35,2000,70,45,0,73,11,222.0,0.0
10,35,2000,65,41,1,57,14,286.0,286.190905022848
10,35,2100,70,36,0,107,23,530.0,0.0
10,35,2000,80,40,1,55,17,236.0,287.49055859703867
10,35,2000,60,47,0,39,4,108.0,0.0
10,35,2000,70,36,1,115,15,256.0,191.06181058127024
10,35,2000,90,38,0,69,15,246.0,0.0
10,35,2000,85,38,1,115,13,264.0,180.7341725624951
10,35,2000,90,48,1,37,7,132.0,264.4606787339603
10,35,2000,90,46,1,109,11,202.0,129.8294544356807
10,35,2000,60,45,0,49,7,144.0,0.0
10,35,2000,60,41,0,99,15,266.0,0.0
10,35,2000,85,48,0,63,12,206.0,0.0
10,35,2000,90,37,1,77,17,304.0,249.17477699081897
10,35,2000,85,38,1,59,17,254.0,279.1659943377874
10,35,2000,70,37,1,49,15,246.0,171.06343354409964
10,35,2000,80,40,1,71,21,198.0,243.89450544114484
10,35,2000,80,37,0,107,13,316.0,0.0
10,35,2000,80,46,0,109,8,256.0,0.0
10,35,2000,90,48,0,39,10,154.0,0.0
10,35,2000,90,50,0,79,12,214.0,0.0
10,35,2000,75,39,0,75,9,230.0,0.0
10,35,2000,70,39,0,77,13,286.0,0.0
10,35,2000,85,38,1,59,9,182.0,117.7751283467076
10,35,2000,70,42,0,99,10,298.0,0.0
10,35,2000,85,44,1,75,9,224.0,310.2947483943011
10,35,2000,80,47,0,111,14,362.0,0.0
10,35,2000,85,41,1,53,11,202.0,209.0702613462863
10,35,2000,60,48,1,57,7,140.0,217.90888862993506
10,35,2000,80,39,0,77,12,216.0,0.0
10,35,2000,85,43,1,63,11,224.0,198.61818285802423
10,35,2000,85,45,1,73,15,252.0,307.91640182653765
10,35,2000,80,48,0,111,9,218.0,0.0
10,35,2000,75,46,1,75,9,290.0,143.55163224713178
10,35,2000,85,40,1,65,10,292.0,141.79496076585195
10,35,2000,65,48,0,39,6,130.0,0.0
10,35,2000,90,50,0,71,7,178.0,0.0
10,35,1900,80,42,0,101,12,246.0,0.0
10,35,2000,80,45,0,59,6,136.0,0.0
10,35,1900,80,45,1,111,12,286.0,268.45748856187464
10,35,1900,70,43,1,69,8,142.0,102.46267516473304
10,35,1900,60,44,0,139,6,212.0,0.0
10,35,1900,75,47,0,69,7,166.0,0.0
10,35,1900,75,47,1,109,9,232.0,125.7816068174642
10,35,1900,75,50,1,67,4,94.0,68.06411827437441
10,35,1900,75,36,1,71,13,276.0,103.54737248026447
10,35,1900,70,38,1,79,19,300.0,268.94466692793105
10,35,1900,70,41,0,71,7,208.0,0.0
10,35,1900,85,38,0,137,12,218.0,0.0
10,35,1900,85,46,1,51,10,128.0,92.06566244003028
10,35,1900,75,45,1,71,9,192.0,188.31467548817434
10,35,1900,75,50,0,31,3,50.0,0.0
10,35,1900,85,50,0,71,12,232.0,0.0
10,35,1900,80,38,1,71,14,332.0,178.06930668986737
10,35,1900,90,39,1,53,10,174.0,247.37009353978104
10,35,1900,70,37,0,67,8,184.0,0.0
10,35,1900,65,37,0,71,13,330.0,0.0
10,35,1900,70,42,1,53,11,166.0,176.77029064015355
10,35,1900,90,50,1,77,8,178.0,256.36727466699983
10,35,1900,65,49,0,97,7,162.0,0.0
10,35,1900,85,43,0,101,15,284.0,0.0
10,35,1900,70,36,1,73,13,216.0,123.25770052410866
10,35,1900,85,37,1,69,17,300.0,310.2445565315437
10,35,1900,60,38,1,55,15,210.0,240.39345816144598
10,35,1900,65,44,0,127,8,162.0,0.0
10,35,1900,70,45,1,63,12,202.0,261.04253943268213
10,35,1900,80,46,0,75,7,172.0,0.0
10,35,1900,65,47,0,55,8,164.0,0.0
10,35,1900,65,41,0,71,11,216.0,0.0
10,35,1900,70,35,1,101,14,316.0,166.42847762220816
10,35,1900,90,35,0,71,17,270.0,0.0
10,35,1900,70,39,0,55,10,152.0,0.0
10,35,1900,80,46,0,71,14,206.0,0.0
10,35,1900,90,43,0,75,11,206.0,0.0
10,35,1900,90,46,1,69,14,262.0,216.7372681491733
10,35,1900,75,48,1,83,6,166.0,143.69067246854877
10,35,1900,90,39,0,69,17,354.0,0.0
10,35,1900,70,48,1,73,10,132.0,209.2222697253839
10,35,1800,90,44,1,101,7,136.0,163.7542552154028
10,35,1800,80,35,1,55,19,242.0,235.1036764500462
10,35,1800,85,37,0,67,8,206.0,0.0
10,35,1800,65,42,0,67,11,222.0,0.0
10,35,1800,90,45,1,69,12,204.0,245.16958737899117
10,35,1800,75,47,0,57,6,78.0,0.0
10,35,1800,70,46,1,59,9,188.0,125.54024087694563
10,35,1800,75,39,1,63,16,300.0,344.6962156307802
10,35,1800,70,38,1,71,9,164.0,106.44036747219572
10,35,1800,60,37,0,65,14,288.0,0.0
10,35,1800,75,37,0,69,10,226.0,0.0
10,35,1800,75,37,0,93,12,246.0,0.0
10,35,1800,65,44,1,107,9,204.0,255.44299153476598
10,35,1800,75,41,1,81,13,262.0,267.53946946131106
10,35,1800,80,45,0,83,8,134.0,0.0
10,35,1800,80,38,0,133,18,358.0,0.0
10,35,1800,65,43,0,67,9,220.0,0.0
10,35,1800,75,41,1,99,14,256.0,281.6406468801931
10,35,1800,85,44,0,123,7,224.0,0.0
10,35,1800,60,41,1,41,7,112.0,133.21693707523406
10,35,1800,65,39,1,65,10,218.0,276.5104674224551
10,35,1800,60,44,0,63,6,160.0,0.0
10,35,1800,75,47,1,61,8,150.0,104.56033543456786
10,35,1800,70,39,1,61,19,236.0,418.06136561437967
10,35,1800,70,39,0,91,14,290.0,0.0
10,35,1800,65,42,0,63,12,192.0,0.0
10,35,1800,85,47,0,63,9,150.0,0.0
10,35,1800,60,41,1,67,11,202.0,228.30934352231273
10,35,1800,60,40,1,59,11,190.0,108.23213034697562
10,35,1800,65,43,0,97,10,186.0,0.0
10,35,1800,75,49,1,47,5,110.0,63.481478137217316
10,35,1800,75,37,0,93,15,224.0,0.0
10,35,1800,80,37,0,71,10,168.0,0.0
10,35,1800,60,37,0,121,10,278.0,0.0
10,35,1800,60,41,1,35,6,90.0,125.72849598159067
10,35,1800,65,42,0,63,6,110.0,0.0
10,35,1800,60,49,1,33,2,38.0,20.642355420457143
10,35,1800,80,41,1,57,12,206.0,245.2973496689858
10,35,1800,65,41,1,65,14,222.0,200.71418851704112
10,35,1700,60,38,1,35,7,96.0,59.816133561045376
10,35,1800,75,44,0,55,10,142.0,0.0
10,35,1700,80,43,0,61,8,106.0,0.0
10,35,1700,90,45,1,35,8,122.0,186.4311895614968
10,35,1700,65,49,1,45,9,132.0,100.03872537755726
10,35,1700,65,45,0,33,4,102.0,0.0
10,35,1700,60,47,0,63,7,188.0,0.0
10,35,1700,80,50,1,39,9,64.0,202.0768120235575
10,35,1700,65,35,1,97,15,222.0,167.02839661173388
10,35,1700,90,36,1,53,14,188.0,131.69618719091434
10,35,1700,70,39,0,65,7,152.0,0.0
10,35,1700,65,42,0,59,7,116.0,0.0
10,35,1700,75,41,0,65,10,160.0,0.0
10,35,1700,65,44,1,59,3,90.0,104.88944794930563
10,35,1700,70,47,0,61,10,160.0,0.0
10,35,1700,65,45,1,95,5,162.0,92.05028781781682
10,35,1700,70,42,1,85,14,206.0,198.0490026225805
10,35,1700,80,47,1,71,8,136.0,69.79555286827912
10,35,1700,65,48,1,71,5,106.0,161.59925381888957
10,35,1700,60,42,1,95,6,156.0,143.6883063362386
10,35,1700,60,46,0,93,9,182.0,0.0
10,35,1700,70,47,0,125,8,218.0,0.0
10,35,1700,75,39,0,95,12,218.0,0.0
10,35,1700,70,50,0,67,8,170.0,0.0
10,35,1700,80,36,0,95,13,218.0,0.0
10,35,1700,60,42,0,129,11,218.0,0.0
10,35,1700,65,43,0,103,12,166.0,0.0
10,35,1700,90,50,1,79,7,112.0,124.44013389493969
10,35,1700,90,47,1,131,8,168.0,108.36629137202462
10,35,1700,85,48,1,95,10,186.0,218.85098857162134
10,35,1700,85,46,0,97,9,188.0,0.0
10,35,1700,80,50,1,53,6,76.0,105.72204255688555
10,35,1700,70,36,0,69,9,180.0,0.0
10,35,1700,85,39,0,65,11,182.0,0.0
10,35,1700,60,40,0,83,10,166.0,0.0
10,35,1700,60,43,1,39,3,40.0,23.587001058956723
10,35,1700,75,47,0,63,9,174.0,0.0
10,35,1700,85,45,1,91,9,158.0,153.7650023581053
10,35,1700,70,50,1,57,9,142.0,213.53003535242937
10,35,1700,85,49,1,37,5,84.0,76.42051018318153
10,35,1600,85,35,1,59,15,242.0,159.40111742844974
10,35,1600,65,40,0,71,10,210.0,0.0
10,35,1600,85,37,1,51,7,132.0,107.55509851518764
10,35,1600,75,37,1,81,13,224.0,171.33813926248982
10,35,1700,90,38,0,65,17,224.0,0.0
10,35,1600,60,42,0,59,9,174.0,0.0
10,35,1600,75,41,1,59,11,190.0,242.9617414872333
10,35,1600,60,50,0,31,1,32.0,0.0
10,35,1600,70,36,0,37,5,94.0,0.0
10,35,1600,85,38,1,31,5,92.0,66.21538768038721
10,35,1600,90,40,1,33,9,134.0,109.03530117220463
10,35,1600,85,43,1,61,13,176.0,142.10129222131158
10,35,1600,65,47,0,31,5,76.0,0.0
10,35,1600,65,46,0,49,6,102.0,0.0
10,35,1600,80,43,0,49,6,92.0,0.0
10,35,1600,80,48,1,35,9,98.0,133.9248017480621
10,35,1600,75,36,0,53,8,112.0,0.0
10,35,1600,90,40,1,59,10,164.0,95.91690050899909
10,35,1600,85,42,1,49,9,112.0,104.99906128060816
10,35,1600,60,43,0,61,7,150.0,0.0
10,35,1600,90,40,1,61,11,164.0,121.30011484308788
10,35,1600,90,46,0,59,6,102.0,0.0
10,35,1600,85,41,1,63,17,198.0,272.3769779713415
10,35,1600,70,45,0,35,6,64.0,0.0
10,35,1600,80,36,0,63,12,200.0,0.0
10,35,1600,85,41,1,59,5,118.0,111.97251110753847
10,35,1600,75,39,1,25,6,72.0,138.70606708018022
10,35,1600,80,44,1,95,6,114.0,133.68441251817015
10,35,1600,80,46,1,37,6,70.0,94.87816457948114
10,35,1600,90,42,0,61,5,86.0,0.0
10,35,1600,60,49,0,31,5,64.0,0.0
10,35,1600,85,48,0,57,8,110.0,0.0
10,35,1600,80,37,1,49,16,166.0,177.8575722559816
10,35,1600,85,42,1,47,5,80.0,114.34831054460348
10,35,1600,65,39,1,83,9,136.0,217.7296577804983
10,35,1600,85,42,1,37,5,70.0,105.79422230008858
10,35,1600,80,41,0,99,8,160.0,0.0
10,35,1600,90,43,0,29,5,86.0,0.0
10,35,1600,90,50,0,99,8,160.0,0.0
10,35,1600,70,45,0,53,5,114.0,0.0
10,35,1500,75,36,0,53,6,120.0,0.0
10,35,1500,90,36,1,33,7,88.0,51.03126073409438
10,35,1600,90,39,0,91,7,160.0,0.0
10,35,1500,65,43,1,53,5,114.0,67.40163346188494
10,35,1500,60,46,1,59,2,60.0,9.65685424949238
10,35,1500,70,47,1,47,5,78.0,64.67411510212301
10,35,1500,90,49,0,47,5,76.0,0.0
10,35,1500,70,48,0,49,3,50.0,0.0
10,35,1500,75,35,0,57,11,190.0,0.0
10,35,1500,70,37,1,43,11,124.0,134.58109519212925
10,35,1500,75,39,0,59,11,204.0,0.0
10,35,1500,90,45,1,39,6,66.0,66.10649259431109
10,35,1500,85,39,1,83,7,162.0,207.08796105126802
10,35,1500,70,48,0,53,7,168.0,0.0
10,35,1500,75,42,0,49,5,106.0,0.0
10,35,1500,75,48,1,55,4,86.0,148.44654761109567
10,35,1500,65,36,1,73,9,206.0,76.47439772961594
10,35,1500,70,41,0,67,10,116.0,0.0
10,35,1500,60,41,0,43,5,68.0,0.0
10,35,1500,65,35,1,49,7,110.0,92.2919002703098
10,35,1500,80,41,0,55,3,76.0,0.0
10,35,1500,80,44,0,27,6,72.0,0.0
10,35,1500,70,42,1,85,8,114.0,113.86792395953559
10,35,1500,75,45,1,53,6,128.0,132.3595470061333
10,35,1500,65,37,1,55,7,166.0,94.13789297915558
10,35,1500,70,40,0,59,6,116.0,0.0
10,35,1500,80,42,0,65,7,92.0,0.0
10,35,1500,85,44,0,53,6,114.0,0.0
10,35,1500,65,46,1,57,6,100.0,121.13022912283226
10,35,1500,75,47,0,27,5,120.0,0.0
10,35,1500,60,49,1,73,12,154.0,133.0903998200457
10,35,1500,85,48,1,55,6,106.0,191.60206616407342
10,35,1500,60,36,0,53,4,102.0,0.0
10,35,1500,70,35,0,29,5,64.0,0.0
10,35,1500,85,36,0,29,5,84.0,0.0
10,35,1500,90,41,1,81,8,170.0,134.92318264134056
10,35,1500,65,35,1,47,4,62.0,30.399158218479055
10,35,1500,60,46,1,21,1,22.0,21.68289076819864
10,35,1500,80,39,0,81,10,182.0,0.0
10,35,1500,65,50,1,55,4,56.0,76.91791296091353
9,40,3000,85,37,1,119,39,666.0,695.7340280029472
9,40,3000,65,38,1,97,36,498.0,651.7510434071698
9,40,3000,70,43,0,167,24,738.0,0.0
9,40,3000,90,36,1,81,40,542.0,561.2118835349349
10,35,1500,70,46,0,41,4,64.0,0.0
9,40,3000,90,50,1,139,23,610.0,613.1700171816315
9,40,3000,70,50,0,165,13,470.0,0.0
9,40,3000,75,44,0,227,30,778.0,0.0
9,40,3000,65,39,0,173,30,760.0,0.0
9,40,3000,90,41,1,133,35,774.0,543.3861733579656
9,40,3000,70,45,1,79,26,392.0,785.9807182360717
9,40,3000,65,36,0,119,36,692.0,0.0
9,40,3000,70,47,1,105,24,550.0,424.2455709774799
9,40,3000,85,46,1,107,33,596.0,577.0759405278933
9,40,3000,85,50,0,105,19,558.0,0.0
9,40,3000,85,48,0,179,26,746.0,0.0
9,40,3000,85,47,0,177,24,624.0,0.0
9,40,3000,75,39,0,161,35,792.0,0.0
9,40,3000,80,45,1,119,27,548.0,582.708903126876
9,40,3000,85,37,1,117,40,648.0,684.3350248533094
9,40,3000,75,39,0,115,34,748.0,0.0
9,40,3000,65,44,0,227,24,826.0,0.0
9,40,3000,65,44,1,165,25,688.0,579.7454776513135
9,40,3000,70,47,1,165,26,642.0,490.4952570128801
9,40,3000,80,45,1,119,34,592.0,706.1880607581481
9,40,3000,90,42,0,155,32,476.0,0.0
9,40,3000,90,39,0,117,37,696.0,0.0
9,40,3000,90,35,0,167,39,810.0,0.0
9,40,3000,80,37,1,97,38,556.0,565.4078091961663
9,40,3000,75,43,0,217,36,862.0,0.0
9,40,3000,65,45,0,219,19,638.0,0.0
9,40,3000,70,50,1,145,22,398.0,581.7239915231783
9,40,3000,90,45,1,117,32,598.0,768.1261359302363
9,40,3000,70,47,1,111,19,482.0,310.772754644027
9,40,3000,90,48,0,109,27,620.0,0.0
9,40,3000,70,43,0,167,31,716.0,0.0
9,40,3000,65,50,1,119,21,502.0,616.8829715086133
9,40,3000,80,35,0,119,36,740.0,0.0
9,40,3000,85,37,0,163,37,790.0,0.0
9,40,3000,85,48,1,167,24,618.0,578.3423628733268
9,40,2900,85,39,1,115,36,704.0,685.7439564164183
9,40,3000,65,42,1,161,35,688.0,758.4541286579788
9,40,2900,85,47,1,109,14,330.0,195.01741735835458
9,40,2900,60,46,0,113,22,620.0,0.0
9,40,2900,80,50,0,161,26,592.0,0.0
9,40,2900,75,41,0,107,29,566.0,0.0
9,40,2900,80,41,1,143,29,642.0,596.4051544110811
9,40,2900,65,37,0,153,31,930.0,0.0
9,40,2900,60,38,1,125,32,696.0,488.7085397750122
9,40,2900,85,35,0,151,37,734.0,0.0
9,40,2900,70,35,1,163,38,768.0,478.1205416377548
9,40,2900,75,39,0,145,30,674.0,0.0
9,40,2900,80,47,1,225,27,844.0,372.0082215585253
9,40,2900,90,37,0,169,37,698.0,0.0
9,40,2900,70,37,1,163,36,694.0,464.30238258729236
9,40,2900,70,50,1,113,29,524.0,626.3653544215024
9,40,2900,75,37,0,137,32,642.0,0.0
9,40,2900,70,38,0,155,33,854.0,0.0
9,40,2900,60,38,1,103,34,618.0,598.0480302399408
9,40,2900,80,41,1,157,35,680.0,782.0744574665182
9,40,2900,75,47,0,107,19,556.0,0.0
9,40,2900,65,39,1,231,26,716.0,659.6018386260058
9,40,2900,65,47,0,153,19,456.0,0.0
9,40,2900,60,43,1,105,29,378.0,656.3654217066207
9,40,2900,65,35,1,111,36,550.0,448.2260518855803
9,40,2900,85,36,0,109,38,680.0,0.0
9,40,2900,75,35,0,157,34,768.0,0.0
9,40,2900,70,37,0,161,30,704.0,0.0
9,40,2900,75,42,0,111,28,660.0,0.0
9,40,2900,75,50,1,101,23,442.0,615.9058052378672
9,40,2900,65,47,1,141,23,446.0,448.02811575964245
9,40,2900,75,50,1,109,25,392.0,631.6871390668346
9,40,2900,65,43,1,113,32,574.0,560.1478173671139
9,40,2900,70,46,0,111,23,632.0,0.0
9,40,2900,70,45,0,149,25,508.0,0.0
9,40,2900,85,36,0,155,36,744.0,0.0
9,40,2900,70,39,1,125,35,508.0,601.0535510402485
9,40,2900,85,43,0,151,32,782.0,0.0
9,40,2800,85,37,1,105,33,598.0,548.6665878837036
9,40,2800,80,41,1,155,34,734.0,616.5632626268135
9,40,2900,70,47,1,99,21,340.0,279.0072084865609
9,40,2900,60,38,0,157,35,682.0,0.0
9,40,2900,65,50,1,75,15,336.0,373.998992423106
9,40,2800,65,41,0,159,22,400.0,0.0
9,40,2800,90,46,1,101,27,448.0,462.8745556839136
9,40,2800,90,50,0,161,27,774.0,0.0
9,40,2800,80,37,1,109,34,556.0,535.9783147025521
9,40,2800,90,36,0,155,35,602.0,0.0
9,40,2800,70,39,0,159,31,712.0,0.0
9,40,2800,80,42,0,149,28,730.0,0.0
9,40,2800,90,47,0,163,25,622.0,0.0
9,40,2800,65,46,1,101,24,452.0,438.0015136263319
9,40,2800,65,42,1,83,31,552.0,539.5737519155401
9,40,2800,70,47,0,155,28,734.0,0.0
9,40,2800,70,46,1,157,27,686.0,451.0540536231303
9,40,2800,60,35,0,151,34,720.0,0.0
9,40,2800,60,38,1,103,28,464.0,431.3639138249523
9,40,2800,70,40,1,155,30,600.0,483.83912741626165
9,40,2800,70,40,0,197,30,760.0,0.0
9,40,2800,85,41,1,215,27,704.0,562.147334887043
9,40,2800,80,42,1,111,33,694.0,668.5142009023897
9,40,2800,90,48,0,199,26,718.0,0.0
9,40,2800,65,48,0,155,22,666.0,0.0
9,40,2800,75,44,1,147,25,604.0,566.0583808077504
9,40,2800,90,35,1,91,36,466.0,493.2652741867169
9,40,2800,65,42,0,215,27,480.0,0.0
9,40,2800,80,44,1,103,27,642.0,650.9119692013655
9,40,2800,85,36,0,145,34,600.0,0.0
9,40,2800,60,40,1,207,29,628.0,472.0585278466437
9,40,2800,90,42,1,73,35,456.0,640.0364418437455
9,40,2800,80,45,0,155,25,626.0,0.0
9,40,2800,85,50,0,217,25,734.0,0.0
9,40,2800,80,35,0,159,32,672.0,0.0
9,40,2800,75,39,0,155,31,726.0,0.0
9,40,2800,85,35,0,107,34,652.0,0.0
9,40,2800,80,40,0,209,34,774.0,0.0
9,40,2800,80,39,1,103,33,504.0,752.7312342706181
9,40,2800,90,45,1,155,22,572.0,448.1608524438655
9,40,2800,80,49,1,95,25,452.0,370.8060061133271
9,40,2800,70,44,1,87,23,340.0,556.6418369977441
9,40,2700,85,35,1,67,38,460.0,470.31521186031506
9,40,2700,90,38,1,97,36,558.0,568.252319950618
9,40,2700,60,39,1,151,34,582.0,614.9284395230022
9,40,2700,80,43,0,153,18,530.0,0.0
9,40,2700,75,37,1,157,34,648.0,621.5046762390865
9,40,2700,65,43,0,153,18,590.0,0.0
9,40,2700,80,45,0,141,23,468.0,0.0
9,40,2800,80,44,0,93,23,448.0,0.0
9,40,2700,75,35,0,155,32,636.0,0.0
9,40,2700,85,40,0,147,31,690.0,0.0
9,40,2700,85,44,1,189,23,614.0,564.9096233892149
9,40,2700,90,46,0,149,22,574.0,0.0
9,40,2700,75,44,1,153,28,606.0,573.4948699159837
9,40,2700,80,49,1,147,27,520.0,404.656575102473
9,40,2700,75,49,0,141,20,548.0,0.0
9,40,2700,80,46,1,155,28,542.0,371.75014242100286
9,40,2700,80,35,0,263,36,688.0,0.0
9,40,2700,80,44,1,97,26,480.0,524.8532524114772
9,40,2700,85,47,0,143,17,484.0,0.0
9,40,2700,75,41,1,101,21,496.0,350.4136076504471
9,40,2700,65,46,1,73,22,326.0,287.8420751638936
9,40,2700,80,45,0,177,25,660.0,0.0
9,40,2700,65,49,1,115,20,344.0,232.35189732223893
9,40,2700,80,50,0,147,22,510.0,0.0
9,40,2700,85,38,1,105,38,554.0,494.95307380219566
9,40,2700,85,40,0,137,28,608.0,0.0
9,40,2700,70,40,0,207,27,694.0,0.0
9,40,2700,70,47,1,173,22,500.0,500.20317823809853
9,40,2700,65,40,0,157,27,808.0,0.0
9,40,2700,60,35,0,211,32,694.0,0.0
9,40,2700,75,44,0,155,19,606.0,0.0
9,40,2700,60,42,1,87,21,454.0,358.3722137180944
9,40,2700,75,40,1,123,30,610.0,624.255279188599
9,40,2700,90,39,0,151,28,684.0,0.0
9,40,2700,70,46,1,107,25,564.0,360.766076024095
9,40,2700,90,49,1,153,27,474.0,454.484179298387
9,40,2700,70,45,0,153,19,578.0,0.0
9,40,2700,70,37,0,159,32,658.0,0.0
9,40,2700,70,39,1,91,25,492.0,558.1878589040298
9,40,2700,75,36,1,101,37,596.0,483.6428851182188
9,40,2600,60,38,0,141,27,524.0,0.0
9,40,2600,65,42,1,69,21,334.0,379.7184677241055
9,40,2600,70,40,0,107,27,620.0,0.0
9,40,2700,75,38,0,155,33,708.0,0.0
9,40,2600,65,50,1,113,18,366.0,362.8695464376755
9,40,2600,80,38,0,133,29,638.0,0.0
9,40,2600,90,35,0,139,37,762.0,0.0
9,40,2600,60,40,1,63,21,352.0,340.40544229095104
9,40,2600,90,45,1,99,27,496.0,611.9164915198057
9,40,2600,80,46,0,201,23,644.0,0.0
9,40,2600,65,47,1,93,22,454.0,391.54865623077296
9,40,2600,85,39,0,139,30,626.0,0.0
9,40,2600,60,50,1,89,15,314.0,348.0362906919179
9,40,2600,60,42,1,101,23,508.0,401.8884677789935
9,40,2600,85,36,1,85,27,358.0,291.1614774192328
9,40,2600,70,38,1,115,28,578.0,445.44638668801514
9,40,2600,85,38,0,139,23,520.0,0.0
9,40,2600,75,46,0,89,14,412.0,0.0
9,40,2600,75,50,0,103,15,346.0,0.0
9,40,2600,85,49,0,97,18,504.0,0.0
9,40,2600,75,41,1,97,28,432.0,512.5489225087871
9,40,2600,75,37,0,99,26,544.0,0.0
9,40,2600,70,42,1,93,23,420.0,356.23401068922186
9,40,2600,70,43,1,97,17,408.0,378.797000443552
9,40,2600,90,39,0,181,28,732.0,0.0
9,40,2600,75,48,0,49,11,220.0,0.0
9,40,2600,80,49,1,147,17,326.0,238.73484421057051
9,40,2600,70,47,1,155,16,438.0,275.9679701716562
9,40,2600,75,46,0,99,19,346.0,0.0
9,40,2600,70,35,0,95,33,520.0,0.0
9,40,2600,60,42,1,185,24,570.0,404.58206298266117
9,40,2600,70,45,1,71,10,156.0,199.45212204249464
9,40,2600,60,44,1,103,21,386.0,444.4663306675996
9,40,2600,60,37,0,179,24,476.0,0.0
9,40,2600,90,43,0,103,22,446.0,0.0
9,40,2600,65,46,1,81,21,344.0,309.10739116061114
9,40,2600,80,49,0,153,24,596.0,0.0
9,40,2600,85,37,0,193,32,808.0,0.0
9,40,2600,90,37,1,141,33,572.0,415.3411616419708
9,40,2500,70,39,0,133,28,630.0,0.0
9,40,2500,65,38,0,141,25,644.0,0.0
9,40,2500,80,43,1,225,27,608.0,520.0007909041772
9,40,2600,70,45,0,183,21,646.0,0.0
9,40,2500,75,45,1,81,17,352.0,250.34626939445428
9,40,2600,60,50,1,91,11,260.0,301.8192558560557
9,40,2500,60,36,1,65,28,370.0,361.5291791634459
9,40,2500,75,42,0,97,21,376.0,0.0
9,40,2500,80,45,1,195,28,544.0,654.6669554397162
9,40,2500,85,44,0,95,25,444.0,0.0
9,40,2500,65,43,0,93,11,236.0,0.0
9,40,2500,65,50,1,83,17,308.0,416.2536462352689
9,40,2500,85,39,1,97,32,504.0,604.7067035081355
9,40,2500,85,48,0,125,21,434.0,0.0
9,40,2500,75,48,1,105,19,340.0,478.4684195237048
9,40,2500,75,35,0,97,25,484.0,0.0
9,40,2500,60,37,0,127,14,320.0,0.0
9,40,2500,80,39,1,109,32,548.0,627.6391471753665
9,40,2500,90,38,0,99,28,468.0,0.0
9,40,2500,65,43,1,139,14,384.0,224.3514142926871
9,40,2500,90,45,0,93,23,424.0,0.0
9,40,2500,75,46,1,97,21,454.0,374.7904731983395
9,40,2500,85,48,1,77,19,298.0,422.6145986907722
9,40,2500,85,50,0,93,18,354.0,0.0
9,40,2500,70,38,1,91,20,422.0,381.442982112846
9,40,2500,60,37,1,141,27,492.0,504.20859437979755
9,40,2500,70,41,1,135,15,290.0,419.31880484342963
9,40,2500,85,42,0,147,23,596.0,0.0
9,40,2500,65,46,0,131,21,400.0,0.0
9,40,2500,65,45,0,93,20,410.0,0.0
9,40,2500,60,39,1,93,24,392.0,538.3414653707329
9,40,2500,80,48,0,89,18,372.0,0.0
9,40,2500,65,35,1,137,28,686.0,395.8692111955942
9,40,2500,70,39,0,119,24,504.0,0.0
9,40,2500,80,39,0,143,31,734.0,0.0
9,40,2500,80,38,1,195,26,552.0,429.67117240593893
9,40,2500,75,49,0,95,16,346.0,0.0
9,40,2500,85,49,1,97,18,362.0,273.59802668765104
9,40,2500,60,47,1,83,15,226.0,184.25030308961604
9,40,2500,65,49,0,89,17,242.0,0.0
9,40,2500,65,38,1,191,25,464.0,311.2928852601119
9,40,2400,85,37,0,175,29,636.0,0.0
9,40,2500,90,37,0,137,29,432.0,0.0
9,40,2400,60,43,1,75,20,290.0,400.157753315943
9,40,2400,85,46,0,87,17,346.0,0.0
9,40,2400,65,47,0,93,16,442.0,0.0
9,40,2400,80,49,1,123,14,364.0,218.36599446643143
9,40,2400,65,48,1,67,11,156.0,275.604696094141
9,40,2400,65,37,1,85,24,356.0,333.7436790520088
9,40,2400,90,37,1,93,29,526.0,426.06230701946924
9,40,2400,70,40,0,131,20,462.0,0.0
9,40,2400,60,40,1,125,21,466.0,347.1022495705752
9,40,2400,65,41,0,89,18,456.0,0.0
9,40,2400,60,48,1,65,13,194.0,276.6676142184907
9,40,2400,65,49,0,127,12,368.0,0.0
9,40,2400,90,40,0,85,19,436.0,0.0
9,40,2400,90,35,1,93,33,498.0,499.14688527012356
9,40,2400,75,38,1,101,18,392.0,214.50728918163523
9,40,2400,60,39,0,177,26,556.0,0.0
9,40,2400,80,41,0,129,22,436.0,0.0
9,40,2400,75,42,1,115,18,342.0,300.1629788667027
9,40,2400,65,47,1,61,11,254.0,143.34966721204043
9,40,2400,75,44,0,89,17,446.0,0.0
9,40,2400,60,48,0,95,14,342.0,0.0
9,40,2400,75,49,1,55,9,188.0,158.4171336110767
9,40,2400,70,36,1,129,22,450.0,214.13699451908118
9,40,2400,90,38,0,137,25,478.0,0.0
9,40,2400,90,44,1,109,19,396.0,403.3709605269503
9,40,2400,85,46,0,131,17,464.0,0.0
9,40,2400,85,49,1,121,25,360.0,322.27838810893576
9,40,2400,60,49,1,87,6,244.0,119.22169764643775
9,40,2400,85,44,0,135,20,644.0,0.0
9,40,2400,90,49,0,123,15,456.0,0.0
9,40,2400,75,36,0,137,25,458.0,0.0
9,40,2400,90,43,0,83,18,418.0,0.0
9,40,2400,80,44,1,93,27,406.0,475.7649717860009
9,40,2400,90,43,0,141,21,486.0,0.0
9,40,2400,65,45,1,67,16,250.0,336.3556924375697
9,40,2400,65,49,1,83,14,326.0,185.22861466439818
9,40,2400,80,49,0,171,14,434.0,0.0
9,40,2400,60,49,1,111,10,304.0,150.15333558967902
9,40,2400,65,38,0,137,24,624.0,0.0
9,40,2300,80,40,1,67,13,356.0,206.75769707959054
9,40,2300,80,44,0,153,22,476.0,0.0
9,40,2300,90,44,0,139,19,478.0,0.0
9,40,2300,80,47,1,89,17,432.0,335.2830129323336
9,40,2300,75,45,1,93,20,274.0,404.9202900545075
9,40,2300,85,39,1,135,25,570.0,599.9715544973847
9,40,2300,65,50,0,151,11,310.0,0.0
9,40,2300,85,40,0,121,22,462.0,0.0
9,40,2300,90,42,1,83,19,410.0,402.202153127402
9,40,2300,60,43,0,163,14,414.0,0.0
9,40,2300,90,44,1,87,24,414.0,423.32744859861003
9,40,2300,60,44,0,87,14,320.0,0.0
9,40,2300,80,50,0,45,9,126.0,0.0
9,40,2300,75,48,1,65,17,250.0,357.97182385865966
9,40,2300,80,48,1,81,18,336.0,452.6390753563856
9,40,2300,75,49,0,75,8,138.0,0.0
9,40,2300,75,39,1,85,20,356.0,439.9251062341924
9,40,2300,90,37,0,87,22,456.0,0.0
9,40,2300,80,37,1,127,28,412.0,433.1922777624269
9,40,2300,85,39,1,77,20,370.0,448.2702016830569
9,40,2300,70,49,0,105,11,224.0,0.0
9,40,2300,80,43,1,125,20,302.0,349.02893249457316
9,40,2300,90,41,0,129,24,588.0,0.0
9,40,2300,80,46,0,123,13,310.0,0.0
9,40,2300,90,49,1,129,17,486.0,288.19918220959283
9,40,2300,75,39,1,73,25,330.0,493.2880027845856
9,40,2300,70,41,1,207,20,422.0,379.4497308757849
9,40,2300,70,46,0,87,15,334.0,0.0
9,40,2300,65,49,1,67,11,216.0,120.22327827393637
9,40,2300,80,48,0,89,12,244.0,0.0
9,40,2300,70,50,0,127,13,384.0,0.0
9,40,2300,90,43,0,75,16,336.0,0.0
9,40,2300,70,46,1,91,17,292.0,339.238923424172
9,40,2300,80,41,0,79,17,322.0,0.0
9,40,2300,75,40,1,91,24,462.0,389.02331178593937
9,40,2300,90,46,0,77,15,268.0,0.0
9,40,2200,75,42,1,79,18,310.0,257.6723173622826
9,40,2300,75,45,0,121,18,562.0,0.0
9,40,2300,90,45,0,131,26,502.0,0.0
9,40,2200,60,48,0,113,9,226.0,0.0
9,40,2300,60,45,1,75,13,264.0,368.9340569315422
9,40,2300,60,45,1,83,14,352.0,270.5941186065769
9,40,2200,80,35,0,87,21,498.0,0.0
9,40,2200,65,36,0,87,18,398.0,0.0
9,40,2200,85,37,0,151,24,508.0,0.0
9,40,2200,80,44,1,121,21,456.0,570.5113449841618
9,40,2200,65,46,1,115,12,332.0,212.52545638735077
9,40,2200,85,40,1,59,20,316.0,232.90882202952687
9,40,2200,85,47,1,115,12,264.0,130.55208145296524
9,40,2200,80,49,0,111,11,286.0,0.0
9,40,2200,70,40,0,163,17,384.0,0.0
9,40,2200,90,50,1,109,16,248.0,348.91263463161414
9,40,2200,60,40,1,109,15,260.0,206.53605956027374
9,40,2200,65,42,0,83,11,284.0,0.0
9,40,2200,70,42,0,119,15,360.0,0.0
9,40,2200,70,46,0,79,10,192.0,0.0
9,40,2200,75,45,0,107,9,214.0,0.0
9,40,2200,75,43,1,91,19,374.0,373.57294377063107
9,40,2200,75,47,1,41,8,192.0,104.35104205931734
9,40,2200,60,49,1,127,10,334.0,127.98529645269555
9,40,2200,75,40,0,125,17,344.0,0.0
9,40,2200,80,50,1,63,18,338.0,477.4040332878904
9,40,2200,85,36,0,121,22,480.0,0.0
9,40,2200,60,44,1,95,11,176.0,223.83752799636468
9,40,2200,70,45,0,83,10,262.0,0.0
9,40,2200,65,36,0,125,19,442.0,0.0
9,40,2200,65,42,1,75,13,292.0,138.64687619268034
9,40,2200,75,43,1,69,14,216.0,308.06790293784513
9,40,2200,60,47,1,113,15,290.0,127.89522116042411
9,40,2200,85,41,1,89,24,354.0,508.0072328105054
9,40,2200,60,41,1,125,14,370.0,201.22083319727685
9,40,2200,70,43,0,121,15,290.0,0.0
9,40,2200,65,44,1,67,14,232.0,347.879682467864
9,40,2200,85,48,0,85,12,294.0,0.0
9,40,2200,70,49,0,87,14,360.0,0.0
9,40,2200,90,50,0,73,9,184.0,0.0
9,40,2200,85,48,1,81,18,264.0,404.8177699894867
9,40,2200,65,47,0,87,15,326.0,0.0
9,40,2200,65,37,0,125,21,498.0,0.0
9,40,2100,80,39,1,75,19,246.0,436.6456381010469
9,40,2200,80,43,1,81,17,348.0,292.96965799994456
9,40,2100,70,40,1,83,15,230.0,222.9945462016371
9,40,2100,90,35,1,123,33,582.0,454.7864801237451
9,40,2100,85,38,0,79,21,414.0,0.0
9,40,2100,60,39,0,113,17,452.0,0.0
9,40,2100,80,35,1,117,21,414.0,226.3339041652914
9,40,2100,65,36,0,147,25,412.0,0.0
9,40,2100,65,36,1,81,19,314.0,155.15128843989444
9,40,2100,70,37,1,67,19,304.0,380.74565019454013
9,40,2100,70,39,1,117,22,332.0,560.5503278145214
9,40,2100,60,42,0,79,8,214.0,0.0
9,40,2100,75,39,0,157,24,516.0,0.0
9,40,2100,80,42,0,107,17,354.0,0.0
9,40,2100,85,37,1,79,23,268.0,310.098486742158
9,40,2100,60,42,0,155,13,314.0,0.0
9,40,2100,85,38,0,147,18,394.0,0.0
9,40,2100,60,36,0,111,20,398.0,0.0
9,40,2100,90,40,1,61,24,282.0,367.24267068715756
9,40,2100,80,46,1,69,9,142.0,135.73909485732395
9,40,2100,65,41,0,121,19,372.0,0.0
9,40,2100,60,45,1,73,15,234.0,284.65152958667795
9,40,2100,65,39,0,71,20,370.0,0.0
9,40,2100,85,38,1,65,26,376.0,383.3270885988138
9,40,2100,75,42,0,103,11,210.0,0.0
9,40,2100,65,38,0,155,13,364.0,0.0
9,40,2100,65,43,1,137,17,306.0,263.30934047038755
9,40,2100,70,48,1,77,16,172.0,305.1194080453512
9,40,2100,70,50,0,75,8,176.0,0.0
9,40,2100,90,47,1,121,21,412.0,308.45955164815075
9,40,2100,90,49,0,121,19,428.0,0.0
9,40,2100,70,35,0,79,22,374.0,0.0
9,40,2100,90,38,1,109,22,408.0,273.95806145665335
9,40,2100,90,41,0,73,17,290.0,0.0
9,40,2100,75,45,1,51,15,234.0,269.76936175038423
9,40,2100,75,47,1,83,12,192.0,146.6656472161433
9,40,2100,60,42,1,67,8,206.0,132.19178811905488
9,40,2100,90,47,0,111,15,228.0,0.0
9,40,2100,90,48,0,69,10,242.0,0.0
9,40,2100,70,43,1,77,7,248.0,95.34639012162877
9,40,2000,80,35,1,69,27,292.0,301.85933620062497
9,40,2000,65,39,1,77,16,236.0,312.9483827205262
9,40,2000,75,40,1,49,9,158.0,104.02083133423152
9,40,2100,60,46,0,159,10,266.0,0.0
9,40,2000,85,45,0,77,16,326.0,0.0
9,40,2000,70,41,1,57,13,190.0,332.20009346492196
9,40,2000,75,41,0,87,10,186.0,0.0
9,40,2000,80,46,0,59,7,126.0,0.0
9,40,2000,65,35,1,107,17,402.0,228.39701142289726
9,40,2000,60,37,0,75,16,302.0,0.0
9,40,2000,85,35,0,113,15,400.0,0.0
9,40,2000,90,42,1,53,11,130.0,132.58415998574867
9,40,2000,80,41,0,75,12,222.0,0.0
9,40,2000,70,41,0,77,13,290.0,0.0
9,40,2000,75,35,1,91,26,316.0,372.8590904712014
9,40,2000,65,43,1,85,17,280.0,263.9302962950154
9,40,2000,70,37,1,73,21,358.0,343.82544886545566
9,40,2000,75,38,0,95,16,272.0,0.0
9,40,2000,90,44,0,91,15,262.0,0.0
9,40,2000,60,42,0,151,12,330.0,0.0
9,40,2000,80,44,1,115,14,288.0,323.7622659526413
9,40,2000,60,49,0,53,6,138.0,0.0
9,40,2000,80,48,1,59,9,218.0,269.9723757517757
9,40,2000,60,45,1,65,11,174.0,251.92989465682797
9,40,2000,80,35,1,155,28,404.0,309.43609036068415
9,40,2000,70,39,1,55,22,234.0,368.31506757931055
9,40,2000,90,41,0,133,16,306.0,0.0
9,40,2000,85,41,0,113,15,310.0,0.0
9,40,2000,70,47,0,69,9,182.0,0.0
9,40,2000,60,49,0,39,5,110.0,0.0
9,40,2000,90,50,1,91,9,204.0,165.41856204116937
9,40,2000,85,46,1,105,14,246.0,155.15561828881576
9,40,2000,85,36,1,61,21,258.0,220.8788728978422
9,40,2000,60,36,0,91,16,360.0,0.0
9,40,2000,65,36,0,109,17,438.0,0.0
9,40,2000,70,38,0,73,16,366.0,0.0
9,40,2000,90,40,1,77,24,370.0,492.67571578795594
9,40,2000,75,46,1,77,13,272.0,222.12492553552016
9,40,2000,75,47,1,103,11,220.0,151.02500448388952
9,40,2000,60,49,0,75,9,180.0,0.0
9,40,1900,60,36,1,63,11,202.0,66.00843961466133
9,40,1900,80,39,1,137,17,258.0,406.3449474378105
9,40,1900,75,41,1,87,16,212.0,326.2531450626192
9,40,1900,75,44,1,61,10,178.0,251.20573021719883
9,40,2000,80,50,0,71,10,246.0,0.0
9,40,1900,70,49,0,69,8,176.0,0.0
9,40,1900,90,43,0,121,13,230.0,0.0
9,40,1900,75,47,0,49,7,160.0,0.0
9,40,1900,60,38,1,71,5,106.0,34.92706654576956
9,40,1900,70,42,0,101,15,288.0,0.0
9,40,1900,85,46,0,99,8,132.0,0.0
9,40,1900,75,47,0,109,10,250.0,0.0
9,40,1900,60,45,1,67,10,178.0,203.18455565332954
9,40,1900,60,50,1,49,5,86.0,74.56681554712736
9,40,1900,60,49,0,69,9,150.0,0.0
9,40,1900,75,48,1,71,5,152.0,172.1540393307217
9,40,1900,65,37,1,137,18,342.0,264.56294578357125
9,40,1900,90,42,1,85,13,216.0,207.37115200394385
9,40,1900,85,35,0,109,16,340.0,0.0
9,40,1900,75,36,0,95,14,280.0,0.0
9,40,1900,60,35,1,45,10,166.0,115.57146001364352
9,40,1900,70,39,0,91,15,286.0,0.0
9,40,1900,80,41,0,95,11,240.0,0.0
9,40,1900,85,45,1,73,11,186.0,190.20820047152236
9,40,1900,80,36,0,149,19,396.0,0.0
9,40,1900,75,37,0,61,14,238.0,0.0
9,40,1900,90,38,1,107,20,286.0,269.9144649671758
9,40,1900,75,40,1,73,11,172.0,117.26287980024517
9,40,1900,65,42,1,37,9,132.0,74.4790467058536
9,40,1900,90,42,0,99,12,238.0,0.0
9,40,1900,90,44,1,75,10,256.0,242.20854380137018
9,40,1900,65,49,0,123,12,224.0,0.0
9,40,1900,60,37,1,131,17,350.0,239.62110703521418
9,40,1900,60,35,0,105,20,340.0,0.0
9,40,1900,60,37,1,37,14,178.0,227.7218187598811
9,40,1900,85,47,0,65,8,176.0,0.0
9,40,1900,90,39,0,71,15,300.0,0.0
9,40,1900,65,47,1,97,9,158.0,121.07363488093196
9,40,1900,85,46,0,71,10,192.0,0.0
9,40,1900,65,45,1,43,6,110.0,96.96027693271671
9,40,1800,75,37,1,57,7,138.0,103.28846527696676
9,40,1800,80,40,1,67,16,228.0,317.04587571299004
9,40,1800,65,44,0,59,8,120.0,0.0
9,40,1800,75,43,0,85,13,204.0,0.0
9,40,1900,70,49,0,103,11,226.0,0.0
9,40,1800,75,45,1,55,12,164.0,261.802777111345
9,40,1800,85,50,1,93,12,184.0,253.3578994128474
9,40,1800,80,49,0,99,6,164.0,0.0
9,40,1800,90,36,1,95,15,230.0,198.26789218260322
9,40,1800,90,36,1,67,15,190.0,159.40764634423076
9,40,1800,75,40,0,55,12,212.0,0.0
9,40,1800,65,44,1,71,11,184.0,286.10163090811153
9,40,1800,85,41,0,67,13,184.0,0.0
9,40,1800,75,44,0,99,12,234.0,0.0
9,40,1800,80,42,0,71,10,170.0,0.0
9,40,1800,80,45,1,67,19,238.0,358.5068013589338
9,40,1800,60,42,0,103,13,238.0,0.0
9,40,1800,60,46,0,61,4,88.0,0.0
9,40,1800,80,42,1,81,13,204.0,243.2340107153531
9,40,1800,75,45,1,45,7,104.0,107.30878909885243
9,40,1800,70,48,0,33,5,66.0,0.0
9,40,1800,60,48,0,127,9,200.0,0.0
9,40,1800,85,50,1,61,7,62.0,152.72551437234728
9,40,1800,60,49,1,99,5,136.0,54.6009133771119
9,40,1800,90,35,0,91,19,294.0,0.0
9,40,1800,70,39,0,101,14,330.0,0.0
9,40,1800,90,47,0,41,6,110.0,0.0
9,40,1800,75,46,1,43,8,104.0,118.73289560123193
9,40,1800,65,48,1,53,7,104.0,183.57640907293433
9,40,1800,70,50,0,63,9,156.0,0.0
9,40,1800,65,50,1,69,6,140.0,113.21140955645167
9,40,1800,90,49,1,93,14,200.0,166.98942473995348
9,40,1800,85,36,0,69,12,236.0,0.0
9,40,1800,85,44,0,61,11,210.0,0.0
9,40,1800,80,44,1,49,15,164.0,287.72128172609433
9,40,1800,60,44,0,35,3,84.0,0.0
9,40,1800,70,47,1,69,12,228.0,150.93988073475234
9,40,1800,90,45,1,49,10,136.0,234.93561907419408
9,40,1800,85,46,0,63,9,198.0,0.0
9,40,1800,60,43,1,43,6,100.0,29.400300737131143
9,40,1800,75,47,0,35,7,118.0,0.0
9,40,1700,80,35,1,61,16,138.0,146.21097164583304
9,40,1700,85,36,1,61,16,222.0,163.77395236601345
9,40,1700,75,35,0,83,15,272.0,0.0
9,40,1700,85,40,0,67,15,262.0,0.0
9,40,1700,65,45,0,33,4,84.0,0.0
9,40,1700,60,41,1,65,10,182.0,158.00455123823474
9,40,1700,65,49,1,25,2,40.0,20.11343245095427
9,40,1700,80,48,0,57,6,108.0,0.0
9,40,1700,85,35,0,99,19,262.0,0.0
9,40,1700,75,41,1,53,10,110.0,192.04851081230788
9,40,1700,85,40,0,51,7,150.0,0.0
9,40,1700,65,41,1,59,10,172.0,159.81231125025286
9,40,1700,75,48,1,63,11,202.0,305.1169804499378
9,40,1700,65,48,1,57,8,132.0,206.30600051070513
9,40,1700,90,47,0,61,4,124.0,0.0
9,40,1700,75,49,0,87,9,202.0,0.0
9,40,1700,60,37,0,83,16,292.0,0.0
9,40,1700,75,42,1,75,15,206.0,226.93544409364867
9,40,1700,80,42,0,95,11,208.0,0.0
9,40,1700,60,45,0,65,6,160.0,0.0
9,40,1700,65,36,0,63,8,190.0,0.0
9,40,1700,80,38,1,39,15,170.0,165.7472683609802
9,40,1700,90,41,1,63,10,158.0,166.5142419033954
9,40,1700,65,48,0,65,9,160.0,0.0
9,40,1700,80,41,1,59,7,86.0,113.51090177373702
9,40,1700,75,48,1,37,7,122.0,182.54389046865182
9,40,1700,80,37,0,99,15,268.0,0.0
9,40,1700,60,39,0,33,4,82.0,0.0
9,40,1700,60,36,0,71,14,216.0,0.0
9,40,1700,85,48,1,33,2,64.0,72.01173309594873
9,40,1700,80,48,1,67,10,148.0,253.52095291262225
9,40,1700,90,37,1,55,10,148.0,117.65685965270954
9,40,1700,80,50,1,73,8,162.0,184.07256472912502
9,40,1700,90,44,0,95,10,224.0,0.0
9,40,1700,65,41,1,39,10,94.0,161.17618046038797
9,40,1600,70,37,0,69,11,180.0,0.0
9,40,1600,80,42,1,51,8,202.0,162.4599501277856
9,40,1700,85,46,1,61,11,184.0,100.97085502138023
9,40,1600,90,39,1,57,15,160.0,276.45700154092515
9,40,1700,75,49,0,33,5,64.0,0.0
9,40,1700,75,49,1,77,15,202.0,255.4657132265281
9,40,1700,70,50,0,33,2,56.0,0.0
9,40,1700,80,50,0,185,9,248.0,0.0
9,40,1600,70,36,0,61,12,182.0,0.0
9,40,1600,80,37,0,81,10,160.0,0.0
9,40,1600,65,39,1,47,13,146.0,332.6781657191877
9,40,1600,65,38,0,57,10,158.0,0.0
9,40,1600,65,42,1,81,6,126.0,91.8018974660848
9,40,1600,80,46,1,53,7,98.0,128.77960250202295
9,40,1600,70,49,1,63,10,104.0,84.99357884290637
9,40,1600,85,43,0,53,10,192.0,0.0
9,40,1600,75,35,0,161,14,218.0,0.0
9,40,1600,60,35,1,45,10,160.0,125.80742779733384
9,40,1600,65,41,1,31,5,92.0,116.71354998330449
9,40,1600,80,42,1,47,12,156.0,208.04350896996309
9,40,1600,60,42,0,53,8,102.0,0.0
9,40,1600,60,49,0,79,4,80.0,0.0
9,40,1600,80,36,1,51,21,224.0,261.2208482926375
9,40,1600,75,50,0,117,6,134.0,0.0
9,40,1600,75,40,0,91,8,124.0,0.0
9,40,1600,70,35,0,75,11,218.0,0.0
9,40,1600,60,36,1,71,9,158.0,65.93527632063271
9,40,1600,70,38,1,67,10,172.0,113.86113510115561
9,40,1600,80,41,0,91,12,266.0,0.0
9,40,1600,70,42,0,87,11,196.0,0.0
9,40,1600,80,35,1,59,17,148.0,200.2641386432818
9,40,1600,75,46,1,51,4,102.0,104.29257200359919
9,40,1600,70,44,0,87,9,172.0,0.0
9,40,1600,70,36,1,121,19,272.0,108.54882543731216
9,40,1600,90,39,1,59,13,160.0,259.8184189582189
9,40,1600,75,47,0,93,7,150.0,0.0
9,40,1600,60,46,1,47,9,128.0,139.76785855007054
9,40,1600,90,47,0,49,5,82.0,0.0
9,40,1600,60,44,0,51,10,112.0,0.0
9,40,1600,65,48,1,49,7,74.0,167.63174209460806
9,40,1600,80,44,0,53,6,110.0,0.0
9,40,1600,80,35,0,63,14,210.0,0.0
9,40,1600,60,36,1,53,11,180.0,88.73456759552113
9,40,1500,85,38,0,57,10,190.0,0.0
9,40,1500,80,39,0,47,7,98.0,0.0
9,40,1600,80,44,0,93,8,192.0,0.0
9,40,1500,70,36,0,55,9,142.0,0.0
9,40,1500,85,38,1,39,7,104.0,79.91487353809853
9,40,1500,70,48,1,49,6,96.0,159.66522424047005
9,40,1600,70,50,1,27,5,70.0,56.59690839100291
9,40,1500,80,49,1,23,3,54.0,29.477275117298166
9,40,1500,75,38,1,35,4,66.0,50.20626067889744
9,40,1500,65,35,0,55,10,146.0,0.0
9,40,1500,75,39,0,57,4,106.0,0.0
9,40,1500,85,40,1,95,7,170.0,82.12780853597395
9,40,1500,90,41,1,29,7,116.0,177.29874325157866
9,40,1500,65,45,1,33,4,64.0,77.82328894505804
9,40,1500,75,45,0,101,8,162.0,0.0
9,40,1500,70,43,0,101,12,266.0,0.0
9,40,1500,85,50,1,33,6,86.0,104.07811437772017
9,40,1500,65,35,0,115,12,196.0,0.0
9,40,1500,65,39,1,59,8,100.0,208.3623260261868
9,40,1500,90,40,0,51,8,132.0,0.0
9,40,1500,85,40,1,47,10,148.0,160.01501200964125
9,40,1500,65,48,0,25,1,26.0,0.0
9,40,1500,85,50,1,27,1,28.0,33.043866945056905
9,40,1500,80,43,0,105,10,180.0,0.0
9,40,1500,90,50,1,49,7,76.0,121.20431762889739
9,40,1500,90,35,0,81,15,254.0,0.0
9,40,1500,65,35,0,79,12,204.0,0.0
9,40,1500,85,38,1,83,9,174.0,95.37478053494064
9,40,1500,90,39,1,59,7,146.0,197.61974586044624
9,40,1500,65,36,1,59,13,222.0,102.08240940265206
9,40,1500,90,47,0,29,5,84.0,0.0
9,40,1500,65,49,0,51,3,52.0,0.0
9,40,1500,70,48,1,103,8,104.0,195.11742224684716
9,40,1500,70,39,1,101,4,102.0,107.70320269092377
9,40,1500,90,43,0,43,6,98.0,0.0
9,40,1500,75,35,1,81,10,228.0,137.20278885681432
9,40,1500,75,37,1,79,13,176.0,177.54617074267802
9,40,1500,85,38,0,85,14,216.0,0.0
9,40,1500,60,40,0,53,5,102.0,0.0
9,40,1500,85,39,1,43,10,128.0,215.04106499000397
9,40,1500,85,48,0,111,9,186.0,0.0
9,39,3000,60,35,1,99,33,538.0,519.7180142755082
9,39,3000,90,35,0,171,37,722.0,0.0
9,39,3000,85,39,1,229,38,958.0,672.5024867971375
9,39,3000,90,35,1,105,38,588.0,564.0609473266079
9,39,3000,60,46,0,151,27,632.0,0.0
9,40,1500,60,48,0,57,5,112.0,0.0
9,39,3000,65,48,0,163,20,520.0,0.0
9,39,3000,65,50,1,139,22,580.0,644.5507541991968
9,39,3000,65,35,0,231,34,818.0,0.0
9,39,3000,65,39,0,159,33,732.0,0.0
9,39,3000,60,36,1,107,38,586.0,571.5708621172163
9,39,3000,75,39,0,115,23,562.0,0.0
9,39,3000,70,36,0,149,35,836.0,0.0
9,39,3000,75,44,1,155,30,600.0,561.5809185379071
9,39,3000,70,47,1,193,29,642.0,529.0523429038881
9,39,3000,90,50,1,109,21,502.0,557.5268948643248
9,39,3000,80,40,1,77,34,522.0,588.4139986212544
9,39,3000,60,44,1,105,25,494.0,577.2338391550142
9,39,3000,85,47,0,169,30,748.0,0.0
9,39,3000,75,45,0,173,25,662.0,0.0
9,39,3000,60,49,0,229,25,710.0,0.0
9,39,3000,80,48,0,213,26,818.0,0.0
9,39,3000,80,48,1,177,27,624.0,517.5657704416576
9,39,3000,70,48,1,111,26,464.0,465.662329425545
9,39,3000,85,35,1,111,38,534.0,505.97573617943243
9,39,3000,90,41,0,169,32,846.0,0.0
9,39,3000,80,43,1,133,33,588.0,633.6967322436352
9,39,3000,80,49,1,105,23,470.0,377.85216020726915
9,39,3000,85,47,1,105,30,560.0,551.0150940832592
9,39,3000,75,49,0,117,26,558.0,0.0
9,39,3000,80,47,0,169,27,686.0,0.0
9,39,3000,75,44,0,165,24,622.0,0.0
9,39,3000,65,35,1,143,36,696.0,580.4935757322124
9,39,3000,75,35,1,109,38,570.0,490.10291543549096
9,39,3000,75,39,0,221,38,990.0,0.0
9,39,3000,85,45,1,177,30,692.0,742.1268334611294
9,39,3000,85,47,1,169,27,504.0,381.40548114368244
9,39,3000,65,46,0,115,25,866.0,0.0
9,39,3000,80,48,0,155,20,546.0,0.0
9,39,3000,75,49,0,113,22,524.0,0.0
9,39,2900,75,35,0,113,35,622.0,0.0
9,39,3000,60,35,0,175,34,876.0,0.0
9,39,2900,65,36,0,169,37,818.0,0.0
9,39,2900,70,44,1,105,31,536.0,605.3480158733578
9,39,2900,90,41,1,95,31,514.0,657.766776800646
9,39,2900,90,43,1,151,35,738.0,618.5971496517952
9,39,2900,60,41,0,167,29,576.0,0.0
9,39,2900,75,49,1,101,26,406.0,316.6668028122559
9,39,2900,70,38,1,157,32,610.0,542.0443043691992
9,39,2900,65,36,0,159,34,892.0,0.0
9,39,2900,60,42,1,123,32,704.0,501.61271998843597
9,39,2900,60,38,1,165,30,524.0,536.4748219299458
9,39,2900,90,41,0,111,34,698.0,0.0
9,39,2900,80,46,1,75,22,438.0,332.0083699439766
9,39,2900,80,48,0,169,22,668.0,0.0
9,39,2900,90,48,0,111,26,532.0,0.0
9,39,2900,85,35,0,161,38,776.0,0.0
9,39,2900,65,38,1,169,30,704.0,490.9089195018042
9,39,2900,90,42,0,215,27,770.0,0.0
9,39,2900,65,42,0,151,21,482.0,0.0
9,39,2900,85,48,1,109,26,560.0,586.3939361458279
9,39,2900,70,47,0,105,18,462.0,0.0
9,39,2900,85,40,1,109,35,612.0,543.6766400256292
9,39,2900,65,43,1,169,31,646.0,555.6481252551682
9,39,2900,90,35,0,147,34,582.0,0.0
9,39,2900,70,39,0,159,29,776.0,0.0
9,39,2900,60,41,1,165,27,554.0,501.5277208122899
9,39,2900,65,38,1,159,31,728.0,512.6469257110678
9,39,2900,85,45,0,157,28,640.0,0.0
9,39,2900,75,49,1,83,20,340.0,282.5878548225225
9,39,2900,80,44,0,215,20,402.0,0.0
9,39,2900,75,50,1,91,16,318.0,402.3690844728147
9,39,2900,70,35,0,165,37,800.0,0.0
9,39,2900,65,38,0,147,27,654.0,0.0
9,39,2900,75,38,1,155,33,610.0,612.6569590923633
9,39,2900,85,41,1,109,36,710.0,870.2727046585361
9,39,2900,80,45,1,107,31,622.0,565.0675861617898
9,39,2900,75,44,0,113,28,650.0,0.0
9,39,2900,70,42,0,163,29,848.0,0.0
9,39,2900,75,47,1,129,25,564.0,358.53751783890067
9,39,2800,60,49,1,195,23,478.0,275.60403007155065
9,39,2800,80,35,0,157,35,912.0,0.0
9,39,2800,65,39,1,103,27,526.0,543.8694291827163
9,39,2800,70,49,0,141,16,350.0,0.0
9,39,2900,90,47,0,109,24,554.0,0.0
9,39,2800,65,41,0,263,28,696.0,0.0
9,39,2800,80,38,1,157,33,770.0,692.6705164530815
9,39,2800,70,43,1,105,24,478.0,341.98920850637694
9,39,2800,60,36,0,163,29,574.0,0.0
9,39,2800,60,38,1,105,34,518.0,524.1134774584722
9,39,2800,60,39,0,149,23,628.0,0.0
9,39,2800,75,41,1,151,21,654.0,475.3862309470984
9,39,2800,90,40,1,105,28,658.0,497.8945695763109
9,39,2800,85,44,0,151,27,520.0,0.0
9,39,2800,70,50,1,109,18,414.0,425.51598523641786
9,39,2800,65,49,0,153,16,472.0,0.0
9,39,2800,90,42,1,65,27,496.0,534.0513429313081
9,39,2800,70,35,0,151,33,628.0,0.0
9,39,2800,60,40,1,105,22,562.0,393.6437494246852
9,39,2800,65,40,1,101,26,460.0,405.58359863897084
9,39,2800,65,43,1,153,22,444.0,436.87443473831087
9,39,2800,85,39,0,215,34,666.0,0.0
9,39,2800,90,44,0,157,30,572.0,0.0
9,39,2800,80,45,0,159,30,798.0,0.0
9,39,2800,60,36,0,109,25,596.0,0.0
9,39,2800,90,40,1,109,36,574.0,520.5291346297232
9,39,2800,75,46,1,111,23,430.0,253.77928963032826
9,39,2800,65,48,0,127,19,460.0,0.0
9,39,2800,75,48,1,101,20,394.0,573.9975248833698
9,39,2800,60,50,0,193,18,578.0,0.0
9,39,2800,85,46,0,199,24,700.0,0.0
9,39,2800,75,49,1,109,25,440.0,362.9476180233921
9,39,2800,75,36,0,111,32,600.0,0.0
9,39,2800,75,37,0,205,23,612.0,0.0
9,39,2800,75,44,0,153,28,662.0,0.0
9,39,2800,60,41,0,109,17,446.0,0.0
9,39,2800,85,42,1,97,26,484.0,410.2410732575485
9,39,2800,90,40,1,103,33,542.0,555.3938475026505
9,39,2800,65,47,1,153,14,386.0,267.286304565823
9,39,2800,85,48,1,93,22,494.0,539.9962965599786
9,39,2700,65,35,0,159,34,802.0,0.0
9,39,2700,85,36,1,97,34,506.0,526.5845722536421
9,39,2700,75,35,1,143,35,496.0,542.3134183393445
9,39,2700,65,39,1,67,30,424.0,634.7408845352235
9,39,2700,75,38,0,107,31,702.0,0.0
9,39,2800,80,45,0,103,22,456.0,0.0
9,39,2700,70,39,1,91,29,472.0,569.8553861742638
9,39,2700,75,49,0,103,15,438.0,0.0
9,39,2700,85,36,0,107,35,700.0,0.0
9,39,2700,70,36,1,143,32,682.0,426.93781710803876
9,39,2700,75,36,1,103,35,576.0,480.169357279755
9,39,2700,65,37,0,145,26,540.0,0.0
9,39,2700,75,41,1,153,32,716.0,496.1975932048279
9,39,2700,75,37,0,207,36,820.0,0.0
9,39,2700,75,49,1,69,16,372.0,159.12094261714947
9,39,2700,90,46,0,143,25,438.0,0.0
9,39,2700,65,49,0,153,16,528.0,0.0
9,39,2700,70,38,1,93,32,508.0,719.232446852417
9,39,2700,65,39,0,203,27,684.0,0.0
9,39,2700,80,46,0,151,16,406.0,0.0
9,39,2700,90,46,1,101,29,526.0,414.55504104016853
9,39,2700,65,50,0,131,19,404.0,0.0
9,39,2700,60,46,1,139,20,550.0,288.3214941770447
9,39,2700,70,48,1,99,17,376.0,518.9329265958155
9,39,2700,80,44,0,103,27,552.0,0.0
9,39,2700,75,40,1,203,31,774.0,578.9374291285311
9,39,2700,80,36,0,189,27,634.0,0.0
9,39,2700,80,36,0,151,32,778.0,0.0
9,39,2700,90,47,1,95,29,568.0,487.4059071488285
9,39,2700,75,42,0,107,28,636.0,0.0
9,39,2700,75,36,1,73,32,414.0,474.20088669769865
9,39,2700,80,40,1,159,31,620.0,452.73062035910436
9,39,2700,80,41,0,147,26,612.0,0.0
9,39,2700,70,46,1,137,23,456.0,307.1832783489874
9,39,2700,80,37,0,145,33,576.0,0.0
9,39,2700,75,38,1,73,31,440.0,473.54889171798567
9,39,2700,90,36,0,101,33,586.0,0.0
9,39,2700,70,41,1,97,22,374.0,348.52445974491036
9,39,2700,80,49,0,101,20,548.0,0.0
9,39,2700,75,42,1,99,25,430.0,316.40042680164333
9,39,2700,90,44,0,105,30,692.0,0.0
9,39,2600,85,38,1,97,34,488.0,550.9522721730776
9,39,2600,65,40,0,101,24,522.0,0.0
9,39,2600,65,44,1,99,23,454.0,668.5332124061971
9,39,2600,65,35,1,133,24,478.0,278.71608574986965
9,39,2600,85,39,0,147,33,640.0,0.0
9,39,2600,65,36,0,141,32,744.0,0.0
9,39,2600,80,43,0,101,30,624.0,0.0
9,39,2600,70,41,1,191,24,698.0,491.90260045108676
9,39,2600,80,45,1,181,22,440.0,533.2454275599207
9,39,2600,70,43,1,95,24,504.0,543.1989666730381
9,39,2600,90,46,0,149,24,592.0,0.0
9,39,2600,70,40,0,245,21,600.0,0.0
9,39,2600,90,39,1,95,31,584.0,578.3426126920975
9,39,2600,60,45,0,125,15,316.0,0.0
9,39,2600,70,48,0,97,12,372.0,0.0
9,39,2600,75,50,1,171,21,388.0,429.9483036927885
9,39,2600,60,48,1,77,8,266.0,186.388158452808
9,39,2600,65,46,1,203,21,598.0,247.96416095186177
9,39,2600,90,50,0,103,18,352.0,0.0
9,39,2600,75,37,0,201,27,642.0,0.0
9,39,2600,85,35,0,153,36,726.0,0.0
9,39,2600,85,36,0,147,32,828.0,0.0
9,39,2600,70,39,1,143,32,522.0,572.925330445209
9,39,2600,70,38,1,109,31,504.0,520.4703792746666
9,39,2600,90,38,0,101,26,552.0,0.0
9,39,2600,80,45,1,91,29,468.0,508.0674431986532
9,39,2600,60,45,0,99,14,358.0,0.0
9,39,2600,90,44,1,99,24,590.0,551.4931735601173
9,39,2600,70,37,1,145,30,566.0,445.2535348589114
9,39,2600,75,41,0,143,21,558.0,0.0
9,39,2600,70,46,0,95,13,350.0,0.0
9,39,2600,75,41,1,89,19,398.0,319.43755694830816
9,39,2600,70,41,0,153,29,718.0,0.0
9,39,2600,70,35,0,151,32,850.0,0.0
9,39,2600,70,48,1,97,23,412.0,599.4531927098973
9,39,2600,85,48,1,83,16,328.0,357.4758062803888
9,39,2600,75,37,0,151,29,594.0,0.0
9,39,2600,80,43,1,91,26,440.0,493.71163531383246
9,39,2500,90,40,1,137,32,568.0,548.7438253704231
9,39,2600,65,44,0,95,14,364.0,0.0
9,39,2600,70,46,1,89,19,282.0,278.8236252056686
9,39,2500,80,46,1,87,24,354.0,377.4529631498221
9,39,2500,80,45,0,143,17,426.0,0.0
9,39,2500,75,48,0,87,12,284.0,0.0
9,39,2500,70,37,1,93,27,500.0,428.6651365450898
9,39,2500,85,47,1,107,18,340.0,219.88737628121262
9,39,2500,85,42,0,91,18,448.0,0.0
9,39,2500,70,43,1,117,28,464.0,626.2291905632129
9,39,2500,90,47,0,85,14,356.0,0.0
9,39,2500,65,43,0,131,20,420.0,0.0
9,39,2500,90,47,1,99,23,492.0,419.69095969504616
9,39,2500,70,48,0,127,13,376.0,0.0
9,39,2500,60,41,1,99,19,404.0,331.4191106851608
9,39,2500,80,37,1,91,22,432.0,331.52235311492353
9,39,2500,70,46,1,111,19,426.0,329.33492105360494
9,39,2500,75,43,0,95,20,408.0,0.0
9,39,2500,65,48,0,87,19,366.0,0.0
9,39,2500,60,38,0,143,26,540.0,0.0
9,39,2500,75,50,0,81,12,250.0,0.0
9,39,2500,60,49,1,93,8,134.0,74.49549592808842
9,39,2500,65,44,1,83,17,300.0,330.436633012956
9,39,2500,60,39,0,143,19,436.0,0.0
9,39,2500,80,42,1,135,23,470.0,286.9737104747249
9,39,2500,65,36,0,175,25,700.0,0.0
9,39,2500,75,49,1,83,19,368.0,326.64047147885844
9,39,2500,80,40,0,147,21,514.0,0.0
9,39,2500,80,49,1,93,20,336.0,329.9913754469351
9,39,2500,70,49,0,95,12,314.0,0.0
9,39,2500,60,39,0,111,23,492.0,0.0
9,39,2500,70,43,1,95,24,486.0,499.436791957846
9,39,2500,65,37,0,93,24,542.0,0.0
9,39,2500,65,43,1,61,10,212.0,179.7253795240287
9,39,2500,70,45,1,79,17,354.0,319.0842840843445
9,39,2500,75,50,1,123,19,328.0,504.5292736076337
9,39,2500,85,43,0,119,23,436.0,0.0
9,39,2500,80,44,0,129,20,408.0,0.0
9,39,2500,85,43,1,79,23,410.0,465.52392948469344
9,39,2500,65,47,0,99,16,320.0,0.0
9,39,2500,65,39,0,99,19,532.0,0.0
9,39,2400,70,41,1,79,18,294.0,407.1436753848071
9,39,2400,65,42,0,87,15,264.0,0.0
9,39,2400,70,41,1,89,22,466.0,531.9317200763996
9,39,2400,90,45,1,85,20,340.0,290.758355015192
9,39,2500,90,49,1,93,11,352.0,154.84076659773072
9,39,2400,80,48,0,129,18,458.0,0.0
9,39,2400,80,46,0,85,14,260.0,0.0
9,39,2400,60,38,0,91,15,398.0,0.0
9,39,2400,80,39,0,123,23,552.0,0.0
9,39,2400,75,42,0,93,20,524.0,0.0
9,39,2400,60,41,0,121,18,332.0,0.0
9,39,2400,90,43,1,95,24,448.0,451.22382774662054
9,39,2400,85,45,1,89,18,328.0,296.2039131832482
9,39,2400,65,49,1,79,12,190.0,106.83460500115825
9,39,2400,80,49,1,95,21,386.0,369.79525643016063
9,39,2400,80,48,1,103,18,352.0,561.2146018124968
9,39,2400,80,42,1,93,19,352.0,254.2041245936206
9,39,2400,80,43,1,79,20,358.0,523.7402615113551
9,39,2400,60,40,0,133,19,482.0,0.0
9,39,2400,90,41,0,83,20,346.0,0.0
9,39,2400,70,45,0,85,15,372.0,0.0
9,39,2400,85,50,1,139,13,422.0,341.36595367486825
9,39,2400,85,49,1,121,23,512.0,325.462417216387
9,39,2400,70,48,0,125,15,386.0,0.0
9,39,2400,75,35,0,137,29,520.0,0.0
9,39,2400,60,36,1,119,26,506.0,308.97720383181843
9,39,2400,75,36,0,173,26,580.0,0.0
9,39,2400,75,40,1,95,11,226.0,166.28088486190504
9,39,2400,85,42,1,85,29,364.0,408.62633403259144
9,39,2400,80,45,0,189,20,434.0,0.0
9,39,2400,80,50,1,117,18,364.0,323.09844272348914
9,39,2400,70,46,0,123,16,414.0,0.0
9,39,2400,85,37,1,83,21,346.0,275.4453281613353
9,39,2400,70,40,1,95,19,386.0,332.00150766350856
9,39,2400,60,42,0,163,16,434.0,0.0
9,39,2400,75,44,1,77,17,296.0,390.59009161210963
9,39,2400,85,43,0,133,19,464.0,0.0
9,39,2400,70,47,1,79,18,246.0,222.53377154751865
9,39,2400,70,46,0,133,18,410.0,0.0
9,39,2400,70,48,0,141,15,414.0,0.0
9,39,2300,65,36,1,125,25,556.0,256.3852560283113
9,39,2300,80,38,1,81,20,334.0,311.43857070516066
9,39,2300,60,38,1,59,20,262.0,248.0083498178878
9,39,2300,90,43,0,179,20,478.0,0.0
9,39,2300,85,45,0,87,19,376.0,0.0
9,39,2300,65,42,1,95,20,344.0,298.3132897013571
9,39,2400,75,50,0,89,14,338.0,0.0
9,39,2300,70,47,0,87,15,338.0,0.0
9,39,2300,80,35,1,89,24,438.0,279.7450385954099
9,39,2300,90,38,1,75,22,462.0,387.03631604766787
9,39,2300,70,38,1,137,19,448.0,273.1812015909837
9,39,2300,70,45,0,85,16,284.0,0.0
9,39,2300,70,44,0,75,16,288.0,0.0
9,39,2300,90,47,1,73,22,304.0,283.8551952402755
9,39,2300,85,42,0,83,21,506.0,0.0
9,39,2300,60,50,0,79,11,210.0,0.0
9,39,2300,90,41,1,115,21,310.0,350.61300840587955
9,39,2300,80,35,0,83,24,436.0,0.0
9,39,2300,90,39,0,79,22,356.0,0.0
9,39,2300,65,38,1,87,24,410.0,468.8519869582152
9,39,2300,75,38,0,131,21,496.0,0.0
9,39,2300,60,43,0,119,13,330.0,0.0
9,39,2300,90,46,1,91,18,318.0,261.7671129251881
9,39,2300,85,49,1,95,13,270.0,132.33798992704357
9,39,2300,80,39,1,169,27,628.0,583.0490379782163
9,39,2300,80,35,0,85,25,490.0,0.0
9,39,2300,80,38,0,117,23,478.0,0.0
9,39,2300,70,45,1,123,16,312.0,314.50706494198437
9,39,2300,85,41,1,113,22,550.0,397.22806653436805
9,39,2300,75,46,0,177,21,564.0,0.0
9,39,2300,75,45,1,47,9,164.0,211.64074725782214
9,39,2300,85,50,0,115,19,464.0,0.0
9,39,2300,60,35,1,81,24,344.0,313.8446105987182
9,39,2300,65,42,0,131,18,592.0,0.0
9,39,2300,75,43,1,169,16,358.0,274.5545442734117
9,39,2300,75,45,1,129,13,388.0,291.9232861872562
9,39,2300,90,47,1,83,19,348.0,358.2707282025453
9,39,2300,60,47,0,85,9,202.0,0.0
9,39,2300,75,48,0,171,19,516.0,0.0
9,39,2300,65,47,0,87,16,392.0,0.0
9,39,2200,75,37,0,117,18,430.0,0.0
9,39,2200,85,40,1,105,22,354.0,372.6347812180231
9,39,2200,85,40,0,113,25,394.0,0.0
9,39,2200,75,46,1,57,6,136.0,122.38456790489646
9,39,2300,65,49,0,89,11,298.0,0.0
9,39,2200,90,43,1,87,18,268.0,313.4133378651243
9,39,2200,65,50,0,61,7,100.0,0.0
9,39,2200,75,45,1,83,13,258.0,297.28297638626583
9,39,2200,85,35,0,87,25,392.0,0.0
9,39,2200,75,43,0,41,5,128.0,0.0
9,39,2200,70,40,1,153,22,534.0,278.741689509796
9,39,2200,90,43,1,115,23,302.0,299.809280126816
9,39,2200,75,41,0,127,13,392.0,0.0
9,39,2200,90,50,0,83,16,278.0,0.0
9,39,2200,60,47,1,93,13,180.0,144.55650924685045
9,39,2200,85,50,1,63,15,210.0,263.800495959778
9,39,2200,85,39,0,123,25,532.0,0.0
9,39,2200,60,35,0,125,23,528.0,0.0
9,39,2200,65,44,1,87,16,338.0,528.6804837336963
9,39,2200,65,47,1,73,9,150.0,137.75905545406144
9,39,2200,90,47,0,115,12,386.0,0.0
9,39,2200,85,45,1,87,11,226.0,232.62822940783587
9,39,2200,70,48,0,107,10,246.0,0.0
9,39,2200,80,49,1,113,16,334.0,259.9707178249338
9,39,2200,60,38,0,145,24,402.0,0.0
9,39,2200,80,37,1,121,21,416.0,362.9406155977506
9,39,2200,80,37,0,95,24,406.0,0.0
9,39,2200,65,46,0,123,14,370.0,0.0
9,39,2200,80,48,1,71,19,254.0,374.80109995069677
9,39,2200,90,46,1,77,13,254.0,151.45596752981464
9,39,2200,90,49,1,57,9,228.0,88.80657603467257
9,39,2200,75,50,0,85,9,182.0,0.0
9,39,2200,65,35,0,111,22,466.0,0.0
9,39,2200,90,40,0,81,13,356.0,0.0
9,39,2200,60,41,1,83,19,378.0,457.36645375275947
9,39,2200,75,41,1,95,18,244.0,321.8363877742329
9,39,2200,85,45,0,79,14,278.0,0.0
9,39,2200,70,44,1,79,15,298.0,383.33996415908183
9,39,2200,80,45,0,85,18,338.0,0.0
9,39,2200,65,50,1,85,12,330.0,239.6390756916356
9,39,2100,75,35,0,149,18,412.0,0.0
9,39,2100,70,38,1,117,25,368.0,344.6470204998336
9,39,2100,60,40,0,113,16,364.0,0.0
9,39,2100,85,39,1,117,15,334.0,310.7245449197083
9,39,2100,75,38,1,75,24,338.0,476.84926864221853
9,39,2100,80,46,0,117,13,302.0,0.0
9,39,2200,85,49,0,123,15,328.0,0.0
9,39,2100,65,44,1,83,12,180.0,328.0231044615986
9,39,2100,80,35,1,151,19,402.0,199.27157945547015
9,39,2100,60,43,0,107,18,376.0,0.0
9,39,2100,90,37,1,111,21,342.0,314.06963370688027
9,39,2100,90,43,0,115,21,396.0,0.0
9,39,2100,65,48,1,75,18,220.0,462.11796807648795
9,39,2100,90,49,1,105,18,276.0,232.79850064110036
9,39,2100,85,49,0,75,8,222.0,0.0
9,39,2100,65,49,0,83,10,252.0,0.0
9,39,2100,60,37,1,119,22,348.0,393.18885957854275
9,39,2100,85,36,1,77,21,338.0,224.98956403006054
9,39,2100,65,38,0,113,19,392.0,0.0
9,39,2100,60,41,0,75,10,232.0,0.0
9,39,2100,65,41,0,79,10,256.0,0.0
9,39,2100,90,42,1,97,21,324.0,416.014485230476
9,39,2100,60,50,1,107,10,224.0,274.6077926971673
9,39,2100,60,43,0,123,12,360.0,0.0
9,39,2100,75,35,0,81,25,418.0,0.0
9,39,2100,70,40,0,111,16,268.0,0.0
9,39,2100,60,41,0,83,10,226.0,0.0
9,39,2100,60,46,1,111,11,240.0,190.96211039950188
9,39,2100,70,43,1,85,13,248.0,332.38680707532563
9,39,2100,65,45,1,71,13,186.0,279.49711377910245
9,39,2100,85,46,1,79,12,250.0,187.8566699396407
9,39,2100,90,48,0,65,10,248.0,0.0
9,39,2100,65,41,0,81,11,190.0,0.0
9,39,2100,90,43,1,71,15,200.0,259.5486155528278
9,39,2100,90,38,0,107,17,338.0,0.0
9,39,2100,70,45,1,63,13,246.0,324.88742126004877
9,39,2100,60,49,0,115,8,186.0,0.0
9,39,2100,85,50,1,117,13,256.0,295.959477811552
9,39,2100,85,47,0,119,12,228.0,0.0
9,39,2100,75,50,1,83,10,232.0,210.91175117253118
9,39,2100,90,38,0,107,17,400.0,0.0
9,39,2000,80,35,1,79,17,286.0,151.8227684535125
9,39,2000,60,35,1,67,14,194.0,124.51326520785406
9,39,2000,90,42,0,169,16,364.0,0.0
9,39,2000,60,35,0,77,18,332.0,0.0
9,39,2000,65,42,1,79,14,242.0,216.81394640206653
9,39,2000,85,42,0,111,8,192.0,0.0
9,39,2000,80,46,1,101,14,324.0,198.17156841218488
9,39,2000,70,50,0,115,12,228.0,0.0
9,39,2000,80,38,0,71,11,204.0,0.0
9,39,2000,85,49,1,77,13,222.0,171.7614275317167
9,39,2000,65,38,1,23,2,48.0,0.0
9,39,2000,85,44,0,77,14,308.0,0.0
9,39,2000,80,49,1,49,5,116.0,76.64505680387607
9,39,2000,90,38,1,81,19,352.0,232.104022976091
9,39,2000,70,47,0,75,10,182.0,0.0
9,39,2000,60,44,1,59,5,110.0,98.74598191559281
9,39,2000,75,50,0,99,7,162.0,0.0
9,39,2000,70,50,0,109,15,246.0,0.0
9,39,2000,80,36,1,105,15,326.0,176.61873998667448
9,39,2000,60,49,1,85,9,118.0,97.54702344098791
9,39,2000,85,47,0,99,17,360.0,0.0
9,39,2000,70,47,0,97,12,252.0,0.0
9,39,2000,90,48,1,61,15,212.0,383.02886503478857
9,39,2000,65,43,0,59,10,268.0,0.0
9,39,2000,90,49,0,109,15,330.0,0.0
9,39,2000,70,44,1,53,16,234.0,335.75365092604375
9,39,2000,90,44,1,61,12,202.0,231.94809273539323
9,39,2000,75,46,0,69,6,106.0,0.0
9,39,2000,70,35,0,111,18,396.0,0.0
9,39,2000,85,36,0,109,17,278.0,0.0
9,39,2000,70,40,1,101,12,228.0,146.89771400885036
9,39,2000,60,41,1,127,9,264.0,159.00936561666086
9,39,2000,75,41,0,101,18,310.0,0.0
9,39,2000,75,49,1,87,13,204.0,159.9674119490832
9,39,2000,75,50,1,101,12,302.0,313.2612735860597
9,39,2000,75,49,1,69,12,224.0,156.80918637946604
9,39,2000,75,50,0,147,10,292.0,0.0
9,39,1900,65,37,1,75,17,276.0,202.13057366690722
9,39,2000,60,39,1,69,11,238.0,302.55622897209963
9,39,2000,70,36,0,77,13,310.0,0.0
9,39,2000,85,41,0,99,12,276.0,0.0
9,39,1900,85,41,0,107,14,268.0,0.0
9,39,1900,85,47,1,53,12,200.0,102.55336729941524
9,39,1900,85,36,1,65,20,334.0,399.82453730454176
9,39,1900,65,50,0,97,8,188.0,0.0
9,39,1900,90,38,0,113,15,328.0,0.0
9,39,1900,65,39,1,75,6,208.0,147.4679277725452
9,39,1900,80,35,0,99,15,278.0,0.0
9,39,1900,70,38,0,99,12,198.0,0.0
9,39,1900,75,37,0,71,8,178.0,0.0
9,39,1900,80,38,0,107,14,282.0,0.0
9,39,1900,90,39,1,69,20,258.0,326.25893490802787
9,39,1900,75,50,1,111,10,190.0,271.57746369961717
9,39,1900,80,49,1,41,12,180.0,134.95574940648726
9,39,1900,75,48,1,77,11,184.0,314.20078901099737
9,39,1900,65,37,1,85,14,234.0,213.13680838973167
9,39,1900,65,36,0,71,11,250.0,0.0
9,39,1900,80,39,1,91,14,212.0,300.0521974825278
9,39,1900,65,41,0,71,11,238.0,0.0
9,39,1900,60,36,1,87,10,262.0,94.8349331563594
9,39,1900,65,40,0,97,12,308.0,0.0
9,39,1900,60,49,0,101,10,212.0,0.0
9,39,1900,65,49,1,95,9,198.0,93.68457764006355
9,39,1900,85,36,1,95,23,326.0,248.0909258100555
9,39,1900,90,41,0,103,17,278.0,0.0
9,39,1900,70,46,0,91,8,166.0,0.0
9,39,1900,75,44,0,115,8,204.0,0.0
9,39,1900,65,43,0,65,11,224.0,0.0
9,39,1900,60,41,1,45,8,178.0,163.22197414547864
9,39,1900,70,39,1,57,14,208.0,324.9607581588373
9,39,1900,80,47,1,63,10,116.0,110.68556084396965
9,39,1900,75,38,1,89,10,230.0,81.53922965689804
9,39,1900,70,39,0,93,11,160.0,0.0
9,39,1900,90,39,1,75,14,226.0,350.26202640881263
9,39,1900,65,40,1,93,13,190.0,129.59270350166503
9,39,1900,80,49,1,63,13,196.0,144.78361839562422
9,39,1900,60,49,0,57,10,194.0,0.0
9,39,1900,60,49,0,37,4,102.0,0.0
9,39,1900,70,49,0,105,14,242.0,0.0
9,39,1800,70,38,1,83,16,140.0,210.1700866618257
9,39,1800,65,37,1,57,16,236.0,225.67952465073816
9,39,1800,80,39,0,67,14,288.0,0.0
9,39,1900,85,44,0,101,15,334.0,0.0
9,39,1800,85,42,1,99,18,248.0,223.83977453790052
9,39,1800,60,43,1,63,9,158.0,129.93562947463906
9,39,1800,60,40,0,79,15,254.0,0.0
9,39,1800,85,49,0,103,11,184.0,0.0
9,39,1800,60,37,0,65,13,262.0,0.0
9,39,1800,80,41,1,31,7,136.0,176.96422488780192
9,39,1800,75,41,1,71,13,208.0,219.7014226651521
9,39,1800,90,43,1,91,12,220.0,230.45548860299937
9,39,1800,65,47,1,63,6,90.0,65.19232040803604
9,39,1800,85,45,0,101,19,322.0,0.0
9,39,1800,70,48,0,65,8,178.0,0.0
9,39,1800,75,46,0,73,8,110.0,0.0
9,39,1800,80,35,0,71,13,330.0,0.0
9,39,1800,85,38,1,71,16,242.0,194.8864870817255
9,39,1800,75,39,1,65,15,236.0,328.2165004463649
9,39,1800,70,43,1,63,14,164.0,180.2441346354027
9,39,1800,80,40,0,71,13,252.0,0.0
9,39,1800,85,39,0,131,16,340.0,0.0
9,39,1800,90,50,1,57,5,124.0,116.14424573170426
9,39,1800,80,49,0,57,5,142.0,0.0
9,39,1800,80,36,1,63,20,200.0,220.94219655347933
9,39,1800,70,37,0,91,12,264.0,0.0
9,39,1800,75,38,1,73,11,204.0,150.2387521053357
9,39,1800,70,40,0,63,5,98.0,0.0
9,39,1800,75,42,0,53,8,148.0,0.0
9,39,1800,75,48,0,93,14,284.0,0.0
9,39,1800,70,46,1,55,7,118.0,75.63124261179445
9,39,1800,65,49,1,59,3,84.0,36.279858149692004
9,39,1800,80,37,0,67,12,174.0,0.0
9,39,1800,80,40,1,61,18,170.0,192.29246393040006
9,39,1800,90,37,1,67,14,236.0,150.56520605879476
9,39,1800,80,40,0,69,13,208.0,0.0
9,39,1800,90,40,1,93,17,280.0,279.20164244101
9,39,1800,75,49,0,63,8,90.0,0.0
9,39,1800,75,47,1,37,7,128.0,112.41917624578211
9,39,1800,70,46,0,137,12,244.0,0.0
9,39,1700,80,37,1,89,13,292.0,173.34729366446214
9,39,1700,65,38,1,67,10,168.0,111.10538655480778
9,39,1700,65,41,0,63,8,124.0,0.0
9,39,1700,85,35,0,63,15,230.0,0.0
9,39,1700,65,41,1,65,9,164.0,148.1798059670501
9,39,1800,85,39,0,89,15,268.0,0.0
9,39,1700,60,50,0,33,1,34.0,0.0
9,39,1700,85,49,1,45,5,78.0,81.81953854766505
9,39,1700,70,35,1,105,18,316.0,169.99154035081895
9,39,1700,65,39,1,61,9,204.0,255.92008559701063
9,39,1700,80,40,1,77,13,224.0,186.0035880836927
9,39,1700,60,45,0,75,13,200.0,0.0
9,39,1700,60,42,1,95,13,300.0,282.38734690344603
9,39,1700,70,43,0,65,11,238.0,0.0
9,39,1700,90,46,0,63,5,102.0,0.0
9,39,1700,85,50,0,33,4,84.0,0.0
9,39,1700,65,35,1,51,12,216.0,115.29113570419473
9,39,1700,75,40,1,87,19,264.0,269.00224292002946
9,39,1700,75,43,0,57,9,160.0,0.0
9,39,1700,80,44,0,91,15,336.0,0.0
9,39,1700,90,38,0,83,9,212.0,0.0
9,39,1700,90,47,1,65,8,134.0,71.70242107454297
9,39,1700,60,48,1,63,6,132.0,166.47910948739658
9,39,1700,60,47,0,55,5,88.0,0.0
9,39,1700,85,36,0,121,15,376.0,0.0
9,39,1700,60,35,0,87,9,154.0,0.0
9,39,1700,75,37,0,65,10,112.0,0.0
9,39,1700,75,36,1,37,8,140.0,47.265214768113324
9,39,1700,80,45,1,129,15,248.0,321.39340602886983
9,39,1700,75,45,1,51,14,138.0,170.00845860157753
9,39,1700,80,44,0,115,10,212.0,0.0
9,39,1700,60,50,1,59,9,118.0,193.72439307977507
9,39,1700,60,35,0,67,11,214.0,0.0
9,39,1700,75,39,0,33,8,86.0,0.0
9,39,1700,65,39,0,63,7,156.0,0.0
9,39,1700,80,41,0,65,9,178.0,0.0
9,39,1700,85,44,1,119,9,246.0,261.1456547699985
9,39,1700,65,49,1,35,4,36.0,42.08229619993879
9,39,1700,65,40,1,63,13,178.0,165.12388049635987
9,39,1700,70,49,1,67,10,162.0,131.1094112105676
9,39,1600,60,40,0,31,6,106.0,0.0
9,39,1600,80,37,0,75,12,198.0,0.0
9,39,1600,90,36,0,77,14,264.0,0.0
9,39,1600,85,42,1,87,15,220.0,246.38232314454922
9,39,1700,80,42,0,59,9,218.0,0.0
9,39,1600,85,47,1,45,6,130.0,70.22853260200228
9,39,1600,90,50,1,57,8,142.0,216.49465562996696
9,39,1600,80,47,1,33,7,66.0,83.12911287846993
9,39,1600,70,37,0,63,4,124.0,0.0
9,39,1600,90,36,0,57,8,134.0,0.0
9,39,1600,80,45,0,47,4,106.0,0.0
9,39,1600,70,44,1,47,4,78.0,79.57587269137312
9,39,1600,70,48,1,49,7,146.0,274.65934303940094
9,39,1600,65,48,0,103,11,188.0,0.0
9,39,1600,75,47,1,31,3,80.0,65.25976352750047
9,39,1600,65,50,1,55,8,158.0,201.1938630904001
9,39,1600,70,37,0,103,9,168.0,0.0
9,39,1600,70,42,0,131,12,208.0,0.0
9,39,1600,90,41,1,63,8,138.0,135.13435258555836
9,39,1600,70,38,1,63,10,178.0,115.91341889028851
9,39,1600,85,49,0,201,11,202.0,0.0
9,39,1600,65,50,1,77,7,140.0,190.1072382024405
9,39,1600,90,39,1,59,10,150.0,211.6802102078113
9,39,1600,60,43,0,61,7,172.0,0.0
9,39,1600,90,37,0,93,7,124.0,0.0
9,39,1600,90,35,0,63,11,198.0,0.0
9,39,1600,60,37,0,75,10,210.0,0.0
9,39,1600,80,47,1,57,7,144.0,104.64017856450269
9,39,1600,90,48,0,47,4,74.0,0.0
9,39,1600,80,46,1,29,7,86.0,81.573786012703
9,39,1600,60,47,1,61,6,178.0,98.74782330086504
9,39,1600,90,44,1,83,8,186.0,201.65468165324086
9,39,1600,65,39,1,57,8,144.0,155.73743274932582
9,39,1600,90,36,1,51,16,182.0,133.33450521216793
9,39,1600,90,39,1,53,14,158.0,322.28233041891696
9,39,1600,85,49,0,113,12,234.0,0.0
9,39,1600,65,46,0,29,2,52.0,0.0
9,39,1600,75,45,0,65,6,98.0,0.0
9,39,1600,75,50,0,93,7,124.0,0.0
9,39,1600,60,49,1,55,8,106.0,87.8098473880389
9,39,1500,80,35,1,59,11,162.0,146.09303130251772
9,39,1500,80,36,0,57,12,202.0,0.0
9,39,1500,85,38,0,85,12,218.0,0.0
9,39,1500,90,40,0,81,8,152.0,0.0
9,39,1500,85,43,1,27,8,52.0,81.34316327997819
9,39,1500,85,46,1,65,8,130.0,109.15902985153008
9,39,1600,70,46,0,47,3,76.0,0.0
9,39,1500,60,44,1,79,9,80.0,237.96103638151098
9,39,1500,80,36,1,59,14,162.0,109.05892718327856
9,39,1500,65,40,0,57,11,184.0,0.0
9,39,1500,75,42,1,43,9,118.0,135.90816113937206
9,39,1500,70,45,1,27,5,54.0,92.36982346114596
9,39,1500,60,44,0,55,8,134.0,0.0
9,39,1500,80,50,0,29,5,100.0,0.0
9,39,1500,75,50,0,59,8,130.0,0.0
9,39,1500,85,48,1,5,1,6.0,12.0
9,39,1500,80,36,1,61,11,158.0,89.11086767771697
9,39,1500,85,39,1,75,5,128.0,160.59491734020892
9,39,1500,60,37,0,49,7,118.0,0.0
9,39,1500,65,37,0,57,11,136.0,0.0
9,39,1500,80,42,0,53,5,54.0,0.0
9,39,1500,70,43,1,37,8,102.0,99.99505893294484
9,39,1500,80,46,1,33,4,34.0,68.35646802578592
9,39,1500,85,40,0,85,12,192.0,0.0
9,39,1500,70,35,0,109,13,242.0,0.0
9,39,1500,75,35,0,81,9,160.0,0.0
9,39,1500,90,36,1,55,9,148.0,50.886934212017096
9,39,1500,75,37,0,85,11,166.0,0.0
9,39,1500,85,43,0,59,5,96.0,0.0
9,39,1500,60,35,1,93,15,186.0,144.42171537122272
9,39,1500,75,50,1,75,4,106.0,96.90518541795078
9,39,1500,90,44,1,29,3,54.0,72.80740401626248
9,39,1500,75,35,0,81,11,198.0,0.0
9,39,1500,90,44,1,65,7,124.0,191.07112074156677
9,39,1500,90,41,1,33,3,34.0,47.32626004107293
9,39,1500,70,48,0,45,6,76.0,0.0
9,39,1500,85,48,1,51,12,126.0,288.43193438772323
9,39,1500,80,46,0,23,2,24.0,0.0
9,39,1500,70,48,0,53,8,106.0,0.0
9,39,1500,70,43,1,87,11,180.0,152.2181058638574
9,38,3000,80,35,1,119,37,578.0,607.6833656532426
9,38,3000,60,39,0,161,26,774.0,0.0
9,38,3000,85,36,1,107,38,606.0,537.1232001339133
9,38,3000,75,41,0,167,29,736.0,0.0
9,38,3000,80,40,0,115,28,712.0,0.0
9,38,3000,80,47,1,105,27,440.0,444.6915472598534
9,39,1500,65,42,0,115,9,168.0,0.0
9,38,3000,65,41,1,223,24,662.0,405.86459485201476
9,38,3000,75,39,0,211,34,780.0,0.0
9,38,3000,60,43,1,159,26,680.0,570.8592086866993
9,38,3000,80,41,0,171,30,686.0,0.0
9,38,3000,75,42,1,113,32,694.0,691.5174258955504
9,38,3000,70,41,1,223,34,642.0,754.2183889239168
9,38,3000,65,42,0,165,34,792.0,0.0
9,38,3000,60,48,1,115,21,514.0,521.4570539555135
9,38,3000,75,46,0,119,19,556.0,0.0
9,38,3000,60,36,0,111,37,798.0,0.0
9,38,3000,65,42,0,165,31,764.0,0.0
9,38,3000,90,42,1,167,36,618.0,591.3511383426933
9,38,3000,60,41,0,115,28,740.0,0.0
9,38,3000,90,37,1,61,34,512.0,524.2458635911938
9,38,3000,80,45,0,167,24,688.0,0.0
9,38,3000,60,37,1,267,25,770.0,432.012748683061
9,38,3000,85,45,1,179,29,640.0,579.1664313656188
9,38,3000,75,36,1,177,35,732.0,453.255419913802
9,38,3000,85,41,1,145,34,586.0,788.3781980213853
9,38,3000,90,45,0,175,27,794.0,0.0
9,38,3000,85,48,1,109,26,532.0,633.7740980980553
9,38,3000,70,46,1,157,22,614.0,382.4707440744331
9,38,3000,90,47,0,165,22,534.0,0.0
9,38,3000,70,45,0,167,25,632.0,0.0
9,38,3000,75,48,0,177,27,772.0,0.0
9,38,3000,90,43,0,115,32,562.0,0.0
9,38,3000,75,45,0,173,28,844.0,0.0
9,38,3000,70,49,1,115,28,564.0,429.6537210666153
9,38,3000,70,50,0,197,24,766.0,0.0
9,38,3000,90,49,1,165,31,602.0,570.9938191577703
9,38,3000,75,50,1,149,19,394.0,480.6026489824724
9,38,3000,75,48,0,171,25,702.0,0.0
9,38,3000,60,49,1,137,21,462.0,324.44517081680397
9,38,2900,70,37,0,163,33,738.0,0.0
9,38,2900,90,36,1,107,36,572.0,505.3294119981748
9,38,2900,85,36,0,109,32,506.0,0.0
9,38,2900,80,39,1,107,32,496.0,581.6227523270081
9,38,2900,85,45,1,99,31,552.0,613.6471328757862
9,38,2900,65,42,0,173,28,708.0,0.0
9,38,2900,85,44,1,157,30,778.0,842.9223824295517
9,38,3000,75,49,0,113,18,456.0,0.0
9,38,2900,60,36,0,113,26,652.0,0.0
9,38,2900,70,36,0,115,37,730.0,0.0
9,38,2900,70,39,1,155,35,652.0,666.683654642665
9,38,2900,75,43,1,167,24,602.0,544.3383202665289
9,38,2900,65,43,0,163,26,632.0,0.0
9,38,2900,70,42,1,159,26,526.0,403.803773817183
9,38,2900,75,43,0,155,22,480.0,0.0
9,38,2900,80,48,1,101,19,350.0,457.85171935315253
9,38,2900,65,38,0,227,31,804.0,0.0
9,38,2900,60,41,0,149,29,604.0,0.0
9,38,2900,65,40,1,101,32,604.0,443.165153016262
9,38,2900,70,42,1,141,27,594.0,335.6903370786275
9,38,2900,80,43,0,159,24,728.0,0.0
9,38,2900,70,49,0,161,16,426.0,0.0
9,38,2900,65,48,1,163,23,600.0,734.1970958493899
9,38,2900,75,49,1,101,29,448.0,395.11086693789565
9,38,2900,75,38,1,173,32,738.0,599.2379574894899
9,38,2900,70,38,0,213,34,814.0,0.0
9,38,2900,80,39,0,153,33,712.0,0.0
9,38,2900,80,42,1,151,31,590.0,500.22234010733155
9,38,2900,90,47,1,165,25,630.0,404.69286772898477
9,38,2900,65,50,1,215,17,488.0,295.5155207198393
9,38,2900,80,49,0,113,23,594.0,0.0
9,38,2900,75,50,0,207,23,662.0,0.0
9,38,2900,85,38,0,169,34,732.0,0.0
9,38,2900,80,40,0,113,29,634.0,0.0
9,38,2900,60,40,1,85,30,436.0,494.7760920057657
9,38,2900,90,43,0,109,28,508.0,0.0
9,38,2900,80,43,1,109,27,556.0,529.471222132408
9,38,2900,70,41,1,95,27,520.0,466.9658461189985
9,38,2900,85,48,0,163,24,480.0,0.0
9,38,2900,90,49,1,91,27,426.0,473.0290384989949
9,38,2800,60,35,1,157,30,596.0,442.2441404443066
9,38,2800,60,40,1,151,34,560.0,619.3981346605035
9,38,2900,60,42,0,57,25,412.0,0.0
9,38,2800,80,41,1,97,28,556.0,481.6499876344113
9,38,2800,60,42,0,141,23,584.0,0.0
9,38,2800,80,45,1,149,23,538.0,400.58173777942915
9,38,2800,60,35,0,151,24,654.0,0.0
9,38,2800,70,43,0,157,28,758.0,0.0
9,38,2800,75,35,0,153,34,746.0,0.0
9,38,2800,90,38,0,101,32,626.0,0.0
9,38,2800,65,40,1,67,24,454.0,375.8431898902244
9,38,2800,85,40,0,109,25,624.0,0.0
9,38,2800,70,38,1,93,37,536.0,638.4449510366675
9,38,2800,60,41,0,159,30,830.0,0.0
9,38,2800,70,38,1,161,33,628.0,576.3964305709131
9,38,2800,60,42,1,151,22,664.0,373.1123854008672
9,38,2800,70,35,1,167,35,842.0,595.2271375427803
9,38,2800,70,38,0,161,32,714.0,0.0
9,38,2800,85,41,0,107,24,472.0,0.0
9,38,2800,60,47,0,101,11,270.0,0.0
9,38,2800,70,50,1,107,23,506.0,730.4147854868291
9,38,2800,80,45,0,153,22,456.0,0.0
9,38,2800,85,50,1,149,21,566.0,604.7722611757808
9,38,2800,75,43,1,205,30,720.0,579.2469757857195
9,38,2800,60,37,0,155,34,892.0,0.0
9,38,2800,65,36,1,113,34,604.0,569.6762984636479
9,38,2800,90,42,1,73,28,382.0,454.14056025691855
9,38,2800,60,38,0,99,20,490.0,0.0
9,38,2800,60,45,1,79,19,300.0,286.1654842895318
9,38,2800,65,48,0,201,16,658.0,0.0
9,38,2800,85,41,1,73,27,438.0,443.4138852790867
9,38,2800,90,49,0,161,23,738.0,0.0
9,38,2800,80,44,0,105,27,700.0,0.0
9,38,2800,90,35,0,107,34,562.0,0.0
9,38,2800,80,36,1,91,35,526.0,430.87406717979894
9,38,2800,70,39,1,103,30,590.0,642.2589539026345
9,38,2800,80,40,1,101,31,582.0,568.6609940308367
9,38,2800,65,36,1,159,34,732.0,551.8817234207186
9,38,2800,70,35,0,101,27,672.0,0.0
9,38,2800,75,50,0,113,15,486.0,0.0
9,38,2800,65,44,0,99,16,464.0,0.0
9,38,2700,75,41,0,103,21,418.0,0.0
9,38,2700,65,42,1,87,19,438.0,376.1361327902896
9,38,2700,65,41,0,157,29,672.0,0.0
9,38,2700,80,40,1,95,25,458.0,402.764580681883
9,38,2700,70,43,1,97,28,508.0,472.31022773068065
9,38,2700,90,46,1,103,30,488.0,454.8274474558778
9,38,2700,60,39,0,143,23,600.0,0.0
9,38,2700,90,40,0,207,29,686.0,0.0
9,38,2700,60,37,1,153,28,534.0,499.7868810299854
9,38,2700,75,36,0,153,33,712.0,0.0
9,38,2700,70,38,1,103,29,546.0,628.179803676799
9,38,2700,75,39,0,153,19,476.0,0.0
9,38,2700,65,43,1,97,21,498.0,424.5901288579583
9,38,2700,80,45,1,127,26,486.0,500.9383575218568
9,38,2700,75,44,0,149,25,694.0,0.0
9,38,2700,75,40,1,147,32,684.0,619.3855637303595
9,38,2700,80,42,0,105,25,590.0,0.0
9,38,2700,65,36,0,157,27,554.0,0.0
9,38,2700,85,36,1,119,33,608.0,452.3743413109952
9,38,2700,85,36,1,83,36,496.0,477.2630361297983
9,38,2700,65,36,1,103,31,562.0,414.35582740451287
9,38,2700,60,44,1,99,13,354.0,281.5595692918726
9,38,2700,90,46,0,103,20,510.0,0.0
9,38,2700,60,50,0,97,11,288.0,0.0
9,38,2700,85,39,0,149,29,500.0,0.0
9,38,2700,85,44,0,155,25,618.0,0.0
9,38,2700,70,45,1,95,19,270.0,389.8689408113061
9,38,2700,80,41,1,97,26,392.0,389.25456870509055
9,38,2700,90,44,0,137,21,578.0,0.0
9,38,2700,80,45,0,99,15,446.0,0.0
9,38,2700,90,44,1,155,24,556.0,599.6917636973122
9,38,2700,65,48,1,77,14,290.0,380.45499139780975
9,38,2700,80,40,0,103,19,548.0,0.0
9,38,2700,85,49,0,137,16,430.0,0.0
9,38,2700,65,48,1,99,17,324.0,397.25285077793126
9,38,2700,70,36,0,247,33,872.0,0.0
9,38,2700,75,42,0,97,19,372.0,0.0
9,38,2700,85,43,1,101,22,454.0,457.87007760673885
9,38,2600,90,39,1,91,32,498.0,536.3812134192091
9,38,2600,75,41,1,151,15,464.0,402.2881504935473
9,38,2700,90,46,1,157,20,594.0,359.08937685327885
9,38,2700,70,40,0,103,28,610.0,0.0
9,38,2600,85,36,0,145,31,610.0,0.0
9,38,2600,80,36,0,99,30,558.0,0.0
9,38,2600,90,38,1,149,31,582.0,519.4354783375751
9,38,2600,75,39,0,153,26,664.0,0.0
9,38,2600,80,35,0,141,33,694.0,0.0
9,38,2600,60,44,0,149,15,482.0,0.0
9,38,2600,80,45,1,143,23,494.0,480.9619271973862
9,38,2600,70,46,0,147,16,420.0,0.0
9,38,2600,75,46,1,103,21,382.0,324.5006549560327
9,38,2600,75,39,0,189,25,654.0,0.0
9,38,2600,70,41,1,97,21,506.0,505.40922412162263
9,38,2600,70,37,1,95,31,608.0,503.34336970672973
9,38,2600,85,35,1,97,33,486.0,410.6925059021614
9,38,2600,65,35,1,95,28,532.0,370.2769796040681
9,38,2600,60,43,0,95,16,376.0,0.0
9,38,2600,85,44,0,153,17,380.0,0.0
9,38,2600,85,43,0,143,25,622.0,0.0
9,38,2600,60,47,1,63,11,266.0,158.7034608891455
9,38,2600,65,49,1,107,15,452.0,262.68097100889935
9,38,2600,85,35,1,87,37,462.0,505.5755669606431
9,38,2600,80,39,1,93,24,424.0,443.43119352170174
9,38,2600,65,40,0,143,24,606.0,0.0
9,38,2600,70,45,0,143,9,330.0,0.0
9,38,2600,85,50,0,85,13,352.0,0.0
9,38,2600,60,45,1,99,15,482.0,237.61037984496917
9,38,2600,70,37,1,107,33,642.0,451.7972711911545
9,38,2600,75,39,0,141,24,528.0,0.0
9,38,2600,80,42,1,103,26,528.0,394.86573047973405
9,38,2600,75,43,0,175,16,518.0,0.0
9,38,2600,80,45,0,97,16,380.0,0.0
9,38,2600,80,46,1,147,26,566.0,426.9539922818689
9,38,2600,80,48,1,55,12,178.0,281.73081263525654
9,38,2600,75,48,0,139,18,456.0,0.0
9,38,2600,85,45,0,101,22,564.0,0.0
9,38,2600,70,40,0,151,24,680.0,0.0
9,38,2600,75,39,1,103,28,568.0,527.1588193236904
9,38,2600,85,36,1,145,33,626.0,464.9548375618949
9,38,2500,60,37,1,137,27,736.0,445.8906575927524
9,38,2600,60,37,0,137,18,456.0,0.0
9,38,2500,70,42,0,95,20,422.0,0.0
9,38,2500,90,42,1,139,22,464.0,377.4449359103176
9,38,2500,70,45,0,91,14,330.0,0.0
9,38,2500,60,45,0,139,17,564.0,0.0
9,38,2500,75,47,1,95,17,334.0,284.2969148635114
9,38,2500,75,45,1,63,16,228.0,308.82224427735946
9,38,2500,75,42,1,131,16,344.0,216.70697348783966
9,38,2500,85,41,0,135,20,520.0,0.0
9,38,2500,65,41,1,141,19,580.0,358.5180587401944
9,38,2500,80,49,0,189,20,504.0,0.0
9,38,2500,65,50,0,145,13,404.0,0.0
9,38,2500,90,39,0,145,24,480.0,0.0
9,38,2500,75,37,1,91,23,352.0,304.65187188190333
9,38,2500,65,41,1,91,18,348.0,403.595827843811
9,38,2500,60,38,0,175,18,438.0,0.0
9,38,2500,85,40,0,93,20,480.0,0.0
9,38,2500,85,40,0,241,22,592.0,0.0
9,38,2500,80,42,1,139,22,370.0,357.69104322197575
9,38,2500,90,42,1,99,26,440.0,452.8776292093352
9,38,2500,80,41,1,97,23,484.0,344.5856165093799
9,38,2500,75,43,0,165,16,498.0,0.0
9,38,2500,60,44,1,143,19,510.0,294.6941022863569
9,38,2500,70,36,1,135,30,554.0,342.01327381719227
9,38,2500,85,37,0,91,30,588.0,0.0
9,38,2500,60,46,0,45,11,200.0,0.0
9,38,2500,80,48,1,87,16,388.0,399.2834740221587
9,38,2500,85,42,1,129,22,426.0,288.26229876514054
9,38,2500,85,45,0,135,17,456.0,0.0
9,38,2500,60,39,1,95,20,496.0,531.4664509169838
9,38,2500,80,49,0,135,17,456.0,0.0
9,38,2500,60,42,0,135,20,620.0,0.0
9,38,2500,70,41,0,145,22,570.0,0.0
9,38,2500,70,42,1,75,20,364.0,358.70320672963925
9,38,2500,75,43,1,95,16,314.0,328.785187427827
9,38,2500,85,42,0,97,15,264.0,0.0
9,38,2500,90,43,0,97,19,472.0,0.0
9,38,2500,85,43,1,145,25,420.0,397.59841979952637
9,38,2500,60,41,1,81,20,326.0,432.4220414299766
9,38,2400,70,37,1,113,30,466.0,415.88313367804477
9,38,2400,60,37,1,79,24,322.0,305.8690732936924
9,38,2400,80,38,0,137,22,532.0,0.0
9,38,2500,80,40,0,91,20,408.0,0.0
9,38,2400,90,45,1,107,22,392.0,430.6007154089846
9,38,2400,65,49,1,47,7,168.0,93.71243469501097
9,38,2400,85,49,0,121,13,298.0,0.0
9,38,2400,60,50,0,93,9,356.0,0.0
9,38,2400,70,37,1,87,25,300.0,329.76539980840664
9,38,2400,65,37,1,101,27,520.0,414.9859074298313
9,38,2400,75,43,0,119,19,466.0,0.0
9,38,2400,65,46,0,79,7,192.0,0.0
9,38,2400,80,46,0,87,18,386.0,0.0
9,38,2400,80,41,0,209,21,494.0,0.0
9,38,2400,75,47,1,89,23,350.0,340.02559921783063
9,38,2400,60,45,1,135,12,370.0,234.40670065421213
9,38,2400,80,37,0,135,27,550.0,0.0
9,38,2400,80,38,0,135,23,606.0,0.0
9,38,2400,85,47,0,179,18,476.0,0.0
9,38,2400,75,44,1,89,17,346.0,346.7073560753381
9,38,2400,75,50,1,69,10,200.0,305.44443858042825
9,38,2400,80,49,1,59,16,262.0,169.36576396525717
9,38,2400,85,46,1,97,22,392.0,337.66790684093746
9,38,2400,90,50,0,139,11,414.0,0.0
9,38,2400,75,41,0,89,17,424.0,0.0
9,38,2400,85,40,0,221,21,486.0,0.0
9,38,2400,85,41,1,71,23,328.0,479.25241614176895
9,38,2400,70,35,1,83,24,366.0,353.19105966492253
9,38,2400,90,44,1,131,18,392.0,428.52481856389596
9,38,2400,65,44,1,89,22,454.0,591.3937713342576
9,38,2400,60,40,0,95,23,418.0,0.0
9,38,2400,90,49,0,87,15,412.0,0.0
9,38,2400,75,41,1,89,24,500.0,402.62584807962736
9,38,2400,90,46,0,119,14,310.0,0.0
9,38,2400,75,38,1,99,27,476.0,433.97445159602756
9,38,2400,85,37,1,87,31,424.0,377.3915621855128
9,38,2400,60,40,1,135,20,496.0,341.5351669084634
9,38,2400,60,38,0,135,14,452.0,0.0
9,38,2300,70,42,1,161,21,420.0,309.19524125926057
9,38,2400,90,38,0,183,22,586.0,0.0
9,38,2400,70,47,0,173,18,528.0,0.0
9,38,2400,90,47,0,127,19,374.0,0.0
9,38,2300,65,42,0,81,14,288.0,0.0
9,38,2300,75,35,0,117,22,418.0,0.0
9,38,2300,60,42,1,79,14,248.0,214.01318728799205
9,38,2300,80,42,1,129,20,476.0,371.98317701152905
9,38,2300,65,37,0,85,15,346.0,0.0
9,38,2300,80,46,0,121,11,284.0,0.0
9,38,2300,85,50,0,81,13,316.0,0.0
9,38,2300,75,50,1,91,11,232.0,197.91086189530998
9,38,2300,85,48,1,125,17,400.0,413.85105249546604
9,38,2300,60,41,0,121,20,374.0,0.0
9,38,2300,75,40,0,175,17,450.0,0.0
9,38,2300,65,42,0,119,15,286.0,0.0
9,38,2300,75,39,1,83,27,468.0,481.1131917551179
9,38,2300,60,44,1,53,14,208.0,377.5421999184023
9,38,2300,65,50,1,97,9,232.0,206.39805113971724
9,38,2300,85,42,1,77,19,266.0,396.87697429015645
9,38,2300,65,43,0,125,12,290.0,0.0
9,38,2300,70,38,0,87,21,300.0,0.0
9,38,2300,90,40,1,81,23,384.0,372.8359250940239
9,38,2300,85,44,1,125,20,388.0,388.75107535318176
9,38,2300,90,43,1,133,19,334.0,381.0630730173534
9,38,2300,60,50,1,49,9,144.0,264.99759312010053
9,38,2300,80,41,0,127,20,484.0,0.0
9,38,2300,65,46,0,83,10,274.0,0.0
9,38,2300,75,43,0,89,19,348.0,0.0
9,38,2300,75,43,1,91,23,420.0,400.2361991794857
9,38,2300,75,44,1,71,21,320.0,386.4861842429123
9,38,2300,60,38,0,87,19,400.0,0.0
9,38,2300,60,46,0,91,16,408.0,0.0
9,38,2300,85,35,0,133,27,630.0,0.0
9,38,2300,60,46,1,113,14,328.0,117.51451609245296
9,38,2300,60,47,1,85,7,212.0,76.02894990965169
9,38,2300,90,48,0,125,17,378.0,0.0
9,38,2300,90,41,1,89,21,368.0,390.0463927205035
9,38,2200,80,45,1,147,16,316.0,308.6534764602284
9,38,2300,60,46,1,83,13,204.0,274.2665317254071
9,38,2300,85,44,1,79,24,466.0,570.1232816008006
9,38,2300,65,44,0,85,11,230.0,0.0
9,38,2300,60,41,0,169,15,458.0,0.0
9,38,2200,85,40,0,149,20,430.0,0.0
9,38,2300,70,47,0,135,13,454.0,0.0
9,38,2200,85,35,1,57,23,316.0,317.49918492052115
9,38,2200,90,37,0,157,25,554.0,0.0
9,38,2200,65,40,0,85,19,382.0,0.0
9,38,2200,70,44,1,95,18,292.0,445.28599437750654
9,38,2200,65,36,0,75,19,350.0,0.0
9,38,2200,85,43,1,87,19,336.0,358.43376503332655
9,38,2200,90,50,1,63,13,232.0,335.3763738773295
9,38,2200,60,41,0,117,12,300.0,0.0
9,38,2200,75,38,0,83,19,368.0,0.0
9,38,2200,90,38,0,85,22,344.0,0.0
9,38,2200,85,38,1,85,28,462.0,398.9141433755035
9,38,2200,80,45,0,105,14,348.0,0.0
9,38,2200,60,45,0,79,12,314.0,0.0
9,38,2200,80,49,1,71,17,224.0,220.03117711736255
9,38,2200,85,48,1,89,17,358.0,365.50021348985194
9,38,2200,80,48,1,117,16,334.0,307.1674244756573
9,38,2200,80,43,0,85,13,262.0,0.0
9,38,2200,65,36,0,85,18,320.0,0.0
9,38,2200,90,47,1,81,18,406.0,375.6911896028432
9,38,2200,60,36,1,113,24,414.0,261.16920114866264
9,38,2200,75,39,0,75,19,314.0,0.0
9,38,2200,75,42,0,87,18,352.0,0.0
9,38,2200,70,45,1,85,14,262.0,303.71347231099276
9,38,2200,60,47,1,83,9,166.0,125.37776259466081
9,38,2200,60,48,1,81,15,194.0,291.62552114114476
9,38,2200,70,44,0,119,13,186.0,0.0
9,38,2200,60,44,1,81,15,366.0,490.9112475817532
9,38,2200,60,35,1,85,13,316.0,193.87835436355482
9,38,2200,80,39,1,123,19,328.0,358.9295037301594
9,38,2200,90,41,1,53,10,204.0,222.5726307627722
9,38,2200,85,36,0,127,25,600.0,0.0
9,38,2200,60,39,0,121,18,402.0,0.0
9,38,2200,90,43,0,121,15,386.0,0.0
9,38,2200,90,40,0,111,23,490.0,0.0
9,38,2200,60,36,1,69,14,246.0,112.57520815187912
9,38,2200,90,35,1,77,27,382.0,291.96439404134816
9,38,2100,75,37,1,119,16,294.0,228.38840058161642
9,38,2100,85,42,1,71,15,252.0,277.6152277747077
9,38,2200,85,38,0,169,23,502.0,0.0
9,38,2200,75,37,0,103,20,410.0,0.0
9,38,2100,75,47,0,73,11,142.0,0.0
9,38,2100,60,47,0,73,11,210.0,0.0
9,38,2100,90,50,1,125,17,440.0,488.6098241861877
9,38,2100,75,35,0,75,16,324.0,0.0
9,38,2100,75,36,1,131,22,438.0,261.03001978476743
9,38,2100,80,40,1,95,15,306.0,203.02062608494185
9,38,2100,90,39,1,77,13,210.0,245.0341006383593
9,38,2100,70,46,0,81,11,312.0,0.0
9,38,2100,90,36,0,77,11,254.0,0.0
9,38,2100,90,37,1,65,25,266.0,333.13399495516313
9,38,2100,60,41,0,73,7,138.0,0.0
9,38,2100,75,35,1,49,15,182.0,195.90461495814608
9,38,2100,75,35,1,67,25,318.0,281.2763432693629
9,38,2100,85,35,0,79,20,414.0,0.0
9,38,2100,75,37,0,109,17,280.0,0.0
9,38,2100,70,41,0,73,11,254.0,0.0
9,38,2100,90,37,0,121,27,496.0,0.0
9,38,2100,90,42,1,59,17,298.0,307.7117285177828
9,38,2100,65,49,1,87,13,188.0,242.6467907226051
9,38,2100,60,36,1,81,24,382.0,265.904671289113
9,38,2100,90,43,1,151,18,348.0,238.66607997435966
9,38,2100,75,46,0,41,7,154.0,0.0
9,38,2100,75,47,0,97,9,220.0,0.0
9,38,2100,75,46,1,73,10,210.0,136.4343268641258
9,38,2100,70,47,0,73,9,194.0,0.0
9,38,2100,80,49,1,75,12,212.0,157.6723683145421
9,38,2100,90,40,0,107,11,244.0,0.0
9,38,2100,75,35,0,77,20,290.0,0.0
9,38,2100,80,39,1,81,9,166.0,190.71634664731423
9,38,2100,60,40,1,69,12,186.0,115.80006727525719
9,38,2100,80,42,0,113,17,344.0,0.0
9,38,2100,85,36,0,111,22,434.0,0.0
9,38,2100,70,45,0,111,13,336.0,0.0
9,38,2100,85,40,1,71,22,350.0,356.5990399913148
9,38,2100,70,40,1,71,16,270.0,272.4658267099836
9,38,2100,70,47,0,93,15,214.0,0.0
9,38,2000,75,35,1,97,20,392.0,267.28763650609517
9,38,2000,75,38,0,73,16,282.0,0.0
9,38,2100,75,40,0,117,14,336.0,0.0
9,38,2100,90,46,1,69,20,292.0,343.6249224663995
9,38,2000,85,41,0,105,19,364.0,0.0
9,38,2000,60,49,0,103,11,258.0,0.0
9,38,2000,65,50,1,49,9,194.0,284.5580712562379
9,38,2000,70,48,1,75,8,206.0,247.0355885185298
9,38,2000,70,39,1,107,17,304.0,358.78412254142216
9,38,2000,90,42,1,43,11,230.0,218.62155257440554
9,38,2000,65,40,0,117,18,366.0,0.0
9,38,2000,75,45,0,107,16,236.0,0.0
9,38,2000,65,45,0,39,14,212.0,0.0
9,38,2000,60,45,0,145,7,178.0,0.0
9,38,2000,90,47,1,71,12,196.0,128.02771861445254
9,38,2000,70,48,1,73,5,102.0,186.0996898386004
9,38,2000,65,35,1,81,13,228.0,147.03504036409183
9,38,2000,75,40,1,151,16,320.0,245.6335246804158
9,38,2000,80,37,0,109,9,246.0,0.0
9,38,2000,60,37,0,119,17,412.0,0.0
9,38,2000,65,40,0,75,16,266.0,0.0
9,38,2000,85,45,0,107,16,262.0,0.0
9,38,2000,65,37,1,97,17,246.0,176.79580509666494
9,38,2000,85,49,1,81,14,196.0,198.77411516471471
9,38,2000,85,36,1,81,15,198.0,131.9033925931581
9,38,2000,70,35,0,109,18,308.0,0.0
9,38,2000,80,40,0,117,19,440.0,0.0
9,38,2000,60,41,1,69,12,190.0,195.99384174246154
9,38,2000,90,47,1,79,12,204.0,122.9328943608108
9,38,2000,80,47,1,35,8,106.0,118.24725286561156
9,38,2000,70,44,0,105,13,226.0,0.0
9,38,2000,65,50,0,101,7,176.0,0.0
9,38,2000,60,47,1,71,11,166.0,186.25562470426684
9,38,2000,90,38,0,107,17,364.0,0.0
9,38,2000,70,40,1,107,12,234.0,215.19996318435165
9,38,2000,65,39,1,39,12,202.0,335.3270008924527
9,38,2000,75,41,1,55,11,176.0,152.5629553516455
9,38,2000,70,48,0,105,12,282.0,0.0
9,38,2000,85,42,1,57,13,228.0,236.20096678232355
9,38,2000,85,49,0,71,12,276.0,0.0
9,38,2000,85,48,0,99,9,166.0,0.0
9,38,1900,65,36,0,177,20,442.0,0.0
9,38,1900,80,38,1,37,8,106.0,75.73317834933339
9,38,1900,65,38,1,77,21,182.0,191.5067948243173
9,38,1900,65,38,0,95,19,368.0,0.0
9,38,1900,80,39,0,135,18,410.0,0.0
9,38,1900,75,39,1,77,19,278.0,410.34947455308435
9,38,2000,80,40,0,161,14,316.0,0.0
9,38,1900,60,49,1,159,7,228.0,65.00677549118332
9,38,1900,60,35,1,49,14,162.0,145.37056773992668
9,38,1900,75,37,0,73,13,244.0,0.0
9,38,1900,65,35,1,103,10,244.0,131.31037344365808
9,38,1900,85,43,0,139,12,266.0,0.0
9,38,1900,85,47,1,57,10,152.0,190.24343372392045
9,38,1900,65,45,0,67,9,198.0,0.0
9,38,1900,85,43,0,73,12,216.0,0.0
9,38,1900,75,47,1,67,7,144.0,102.21046970167347
9,38,1900,80,36,0,101,18,348.0,0.0
9,38,1900,60,38,1,47,8,132.0,99.05657685100853
9,38,1900,70,42,1,49,5,150.0,95.60416193535119
9,38,1900,60,42,0,69,9,200.0,0.0
9,38,1900,75,44,1,67,11,200.0,341.8656485926817
9,38,1900,70,45,0,73,10,166.0,0.0
9,38,1900,75,39,1,71,17,282.0,329.0276592643381
9,38,1900,85,49,0,61,9,186.0,0.0
9,38,1900,90,35,0,71,14,276.0,0.0
9,38,1900,75,35,0,95,19,328.0,0.0
9,38,1900,90,39,0,67,14,242.0,0.0
9,38,1900,75,40,1,93,17,210.0,170.61362946545447
9,38,1900,65,45,1,65,7,100.0,126.38645942097048
9,38,1900,85,46,1,89,10,90.0,171.34521302186423
9,38,1900,65,43,0,107,14,238.0,0.0
9,38,1900,75,48,1,101,7,164.0,210.33796929884912
9,38,1900,80,36,0,73,18,396.0,0.0
9,38,1900,70,43,1,67,9,216.0,180.05116174468722
9,38,1900,80,37,0,77,12,366.0,0.0
9,38,1900,85,43,0,65,11,166.0,0.0
9,38,1900,60,40,1,67,15,262.0,211.78238483015977
9,38,1900,65,41,0,171,13,228.0,0.0
9,38,1900,65,41,0,65,7,128.0,0.0
9,38,1900,65,49,1,69,5,162.0,39.19167296083441
9,38,1900,60,49,1,53,9,134.0,58.83162065040694
9,38,1800,90,38,1,71,14,304.0,208.56388534921706
9,38,1800,65,38,0,87,11,156.0,0.0
9,38,1800,75,42,0,71,10,136.0,0.0
9,38,1800,90,41,1,57,11,160.0,140.5421116971255
9,38,1800,75,35,0,57,6,90.0,0.0
9,38,1800,75,40,0,57,9,164.0,0.0
9,38,1800,80,41,1,61,8,152.0,150.33175030382097
9,38,1800,90,45,1,69,9,184.0,114.1043650601985
9,38,1800,70,46,1,79,6,110.0,45.749425969491675
9,38,1800,60,41,0,69,12,262.0,0.0
9,38,1800,85,42,0,67,8,170.0,0.0
9,38,1800,65,42,1,93,15,328.0,279.79513808331643
9,38,1800,60,37,1,101,11,216.0,186.18370672693808
9,38,1800,90,41,0,69,7,168.0,0.0
9,38,1800,65,43,1,53,12,152.0,155.63652253431434
9,38,1800,85,46,1,99,9,180.0,158.6588365344467
9,38,1800,90,48,0,59,6,92.0,0.0
9,38,1800,90,49,1,55,12,144.0,102.6765229593056
9,38,1800,70,44,0,65,6,108.0,0.0
9,38,1800,90,37,1,51,17,240.0,326.33183339311574
9,38,1800,65,40,0,131,16,268.0,0.0
9,38,1800,75,37,0,51,9,124.0,0.0
9,38,1800,60,37,0,73,10,188.0,0.0
9,38,1800,60,41,1,65,13,248.0,264.2922329599262
9,38,1800,65,49,1,51,14,166.0,120.88971870143482
9,38,1800,85,40,1,53,16,214.0,293.95102301655527
9,38,1800,70,48,0,59,5,120.0,0.0
9,38,1800,60,38,1,67,14,218.0,111.11963620305121
9,38,1800,80,38,1,63,16,246.0,142.09504992657176
9,38,1800,85,38,0,113,13,268.0,0.0
9,38,1800,65,36,0,67,14,244.0,0.0
9,38,1800,65,41,0,81,12,182.0,0.0
9,38,1800,80,45,1,59,10,176.0,189.22898475136193
9,38,1800,85,44,0,63,9,202.0,0.0
9,38,1800,90,49,1,93,8,94.0,112.66038733470711
9,38,1800,60,42,0,35,6,114.0,0.0
9,38,1700,70,37,1,59,14,192.0,171.25600026013254
9,38,1700,60,42,1,63,10,148.0,177.6626814400945
9,38,1800,70,43,0,71,11,160.0,0.0
9,38,1800,90,42,1,71,16,224.0,264.8387614979188
9,38,1800,90,44,0,81,10,154.0,0.0
9,38,1800,90,38,1,105,16,322.0,208.44263958532994
9,38,1700,60,48,0,77,5,110.0,0.0
9,38,1700,85,35,0,63,11,150.0,0.0
9,38,1700,65,36,0,63,14,226.0,0.0
9,38,1700,85,37,0,65,12,256.0,0.0
9,38,1700,60,39,1,55,9,140.0,211.32921867930142
9,38,1700,80,43,0,67,7,152.0,0.0
9,38,1700,80,43,1,53,12,138.0,128.198952653186
9,38,1700,75,47,0,97,9,156.0,0.0
9,38,1700,90,42,1,57,6,138.0,96.12984631957363
9,38,1700,75,46,1,43,8,116.0,94.33919342486017
9,38,1700,65,36,0,31,5,64.0,0.0
9,38,1700,90,39,0,47,5,70.0,0.0
9,38,1700,85,46,0,91,7,170.0,0.0
9,38,1700,65,48,1,49,6,114.0,122.93455164636602
9,38,1700,80,48,1,91,8,164.0,250.46536237410356
9,38,1700,80,49,0,149,9,232.0,0.0
9,38,1700,60,49,1,93,9,194.0,101.96630622984074
9,38,1700,70,50,1,99,10,204.0,259.5124564548343
9,38,1700,90,36,1,45,11,192.0,147.00432622416946
9,38,1700,65,40,0,63,12,182.0,0.0
9,38,1700,70,42,1,71,9,114.0,164.4200463460769
9,38,1700,70,44,0,57,4,114.0,0.0
9,38,1700,90,42,1,59,16,204.0,272.92810471401
9,38,1700,85,49,0,53,8,178.0,0.0
9,38,1700,85,46,1,39,8,98.0,119.77847867749767
9,38,1700,65,44,0,67,9,190.0,0.0
9,38,1700,80,36,1,127,14,284.0,96.47973773319859
9,38,1700,80,35,0,67,7,138.0,0.0
9,38,1700,75,39,0,117,13,262.0,0.0
9,38,1700,60,42,0,61,5,118.0,0.0
9,38,1700,80,44,0,47,3,48.0,0.0
9,38,1700,75,41,1,57,13,232.0,197.79699065087883
9,38,1700,70,38,1,29,4,58.0,59.3674570904273
9,38,1700,65,39,1,87,15,250.0,294.7084627446039
9,38,1700,70,35,1,65,10,146.0,99.87854313679884
9,38,1700,80,36,1,55,15,158.0,87.50851207658721
9,38,1600,65,40,0,63,11,176.0,0.0
9,38,1700,90,46,0,91,11,152.0,0.0
9,38,1600,80,37,1,55,9,188.0,117.2057088682708
9,38,1700,60,50,0,55,5,80.0,0.0
9,38,1600,80,48,0,109,9,160.0,0.0
9,38,1600,90,48,1,59,5,90.0,127.03848248097137
9,38,1600,65,35,0,45,6,92.0,0.0
9,38,1600,90,36,1,59,20,180.0,179.49335176800815
9,38,1600,75,36,1,59,11,142.0,96.45196089679212
9,38,1600,70,43,0,53,7,110.0,0.0
9,38,1600,90,36,0,59,8,182.0,0.0
9,38,1600,75,50,1,45,9,90.0,176.60593754306063
9,38,1600,70,46,1,85,9,148.0,121.36246899492863
9,38,1600,90,45,0,83,8,134.0,0.0
9,38,1600,80,46,1,57,12,158.0,174.70504419066754
9,38,1600,90,35,0,29,5,86.0,0.0
9,38,1600,75,35,0,57,9,166.0,0.0
9,38,1600,70,40,1,61,12,112.0,224.16830580065772
9,38,1600,90,43,0,89,11,206.0,0.0
9,38,1600,80,47,0,57,9,142.0,0.0
9,38,1600,85,44,1,37,4,70.0,121.27330267755984
9,38,1600,70,45,1,81,10,134.0,179.7963555842853
9,38,1600,85,46,0,27,3,28.0,0.0
9,38,1600,65,49,1,109,8,142.0,103.2957581722686
9,38,1600,85,37,1,29,8,112.0,65.3066530782582
9,38,1600,80,40,0,79,10,160.0,0.0
9,38,1600,70,42,1,67,7,68.0,96.81578043500211
9,38,1600,65,43,0,49,5,100.0,0.0
9,38,1600,80,43,1,65,11,244.0,171.0134781996906
9,38,1600,75,47,0,53,7,134.0,0.0
9,38,1600,80,44,1,79,7,140.0,175.39192485978447
9,38,1600,90,49,0,81,9,184.0,0.0
9,38,1600,60,35,0,45,8,72.0,0.0
9,38,1600,70,35,1,59,11,178.0,79.69510034379061
9,38,1600,90,39,1,55,4,108.0,160.27928735180427
9,38,1600,80,41,1,43,6,106.0,134.63153759955895
9,38,1600,60,45,0,59,5,84.0,0.0
9,38,1600,85,43,1,31,7,138.0,128.77972736101717
9,38,1600,80,42,0,63,8,180.0,0.0
9,38,1600,65,50,0,59,6,118.0,0.0
9,38,1600,85,35,1,53,18,210.0,188.18481832647396
9,38,1500,80,38,1,29,5,50.0,22.33350971249201
9,38,1500,70,41,0,51,5,92.0,0.0
9,38,1500,85,40,0,53,6,72.0,0.0
9,38,1500,65,41,0,51,7,132.0,0.0
9,38,1500,65,45,1,37,5,90.0,142.47357893195837
9,38,1500,90,41,1,27,6,80.0,128.44782246075783
9,38,1600,75,48,0,55,4,78.0,0.0
9,38,1500,75,49,1,59,9,92.0,127.94131580082659
9,38,1500,75,37,0,87,13,218.0,0.0
9,38,1500,85,37,1,33,8,116.0,105.75727761557592
9,38,1500,75,38,0,67,9,138.0,0.0
9,38,1500,75,43,1,41,6,68.0,32.20012021147201
9,38,1500,80,44,0,53,8,118.0,0.0
9,38,1500,80,39,0,29,5,60.0,0.0
9,38,1500,70,43,1,41,8,124.0,134.06460564756705
9,38,1500,70,50,1,75,5,76.0,147.7114331770068
9,38,1500,75,37,0,81,11,180.0,0.0
9,38,1500,70,36,1,43,12,132.0,68.24089533511247
9,38,1500,85,40,1,51,10,102.0,90.57345135698924
9,38,1500,90,40,0,77,9,134.0,0.0
9,38,1500,90,40,1,57,17,276.0,279.8643281849594
9,38,1500,90,42,1,75,8,188.0,128.08372079497568
9,38,1500,60,50,0,39,5,60.0,0.0
9,38,1500,85,49,0,49,4,104.0,0.0
9,38,1500,80,38,0,53,6,110.0,0.0
9,38,1500,85,39,1,57,9,174.0,295.468931436913
9,38,1500,65,45,1,57,7,132.0,168.05175836478
9,38,1500,80,50,0,29,4,54.0,0.0
9,38,1500,90,50,0,29,3,60.0,0.0
9,38,1500,70,50,0,47,4,76.0,0.0
9,38,1500,80,50,1,47,4,78.0,86.66071677943496
9,38,1500,85,42,1,79,13,130.0,240.4169845020475
9,38,1500,90,37,1,57,10,152.0,120.11357312083481
9,38,1500,75,38,0,43,9,122.0,0.0
9,38,1500,75,40,0,21,2,40.0,0.0
9,38,1500,80,46,1,27,4,68.0,26.658615458061867
9,38,1500,80,40,0,43,5,102.0,0.0
9,38,1500,60,50,1,109,5,110.0,134.59411296514867
9,38,1500,80,48,1,51,7,96.0,196.0970612680747
9,38,1500,70,50,0,17,2,18.0,0.0
9,37,3000,80,35,0,171,35,754.0,0.0
9,37,3000,90,35,1,91,34,536.0,420.19905315617933
9,37,3000,75,43,0,119,32,756.0,0.0
9,37,3000,75,39,1,145,37,692.0,698.3473066174195
9,38,1500,60,42,0,29,4,52.0,0.0
9,37,3000,70,35,1,91,37,516.0,625.3678756279453
9,37,3000,75,47,0,155,24,684.0,0.0
9,37,3000,85,44,1,131,31,560.0,759.8992012535164
9,37,3000,80,36,0,113,36,698.0,0.0
9,37,3000,70,39,0,167,25,562.0,0.0
9,37,3000,85,42,1,119,28,526.0,520.9389857111473
9,37,3000,70,48,1,163,23,622.0,451.0525217305205
9,37,3000,60,50,0,93,15,340.0,0.0
9,37,3000,85,47,1,109,27,516.0,513.3219475317823
9,37,3000,65,45,0,163,23,630.0,0.0
9,37,3000,65,50,1,161,23,714.0,682.6180981506635
9,37,3000,85,40,1,77,33,564.0,569.2459812851594
9,37,3000,75,38,0,155,35,754.0,0.0
9,37,3000,85,47,0,113,19,430.0,0.0
9,37,3000,90,37,0,165,31,740.0,0.0
9,37,3000,65,47,0,163,24,852.0,0.0
9,37,3000,80,49,1,93,33,456.0,513.8006983593896
9,37,3000,75,44,1,75,31,416.0,463.3836777029211
9,37,3000,85,49,1,113,22,516.0,308.2411408868228
9,37,3000,70,36,0,169,29,748.0,0.0
9,37,3000,65,36,1,107,32,576.0,448.86082314216753
9,37,3000,85,36,1,71,34,512.0,517.003158127596
9,37,3000,85,45,0,167,25,694.0,0.0
9,37,3000,80,35,0,167,35,746.0,0.0
9,37,3000,80,45,0,159,31,746.0,0.0
9,37,3000,90,38,0,211,32,866.0,0.0
9,37,3000,80,43,1,97,33,512.0,666.7635856336983
9,37,3000,80,37,1,87,34,532.0,614.7043642031416
9,37,3000,70,39,0,215,31,684.0,0.0
9,37,3000,60,38,0,117,30,754.0,0.0
9,37,3000,60,40,0,167,33,712.0,0.0
9,37,3000,90,42,1,123,33,540.0,677.0207676316232
9,37,2900,60,41,1,101,19,328.0,398.4597983053949
9,37,3000,85,44,1,173,32,760.0,789.8979024830113
9,37,3000,85,49,1,117,23,504.0,413.26669021279895
9,37,3000,70,49,1,129,22,542.0,341.48218801772157
9,37,3000,70,50,0,139,15,540.0,0.0
9,37,2900,85,40,0,107,28,628.0,0.0
9,37,2900,75,37,0,105,33,490.0,0.0
9,37,2900,80,35,1,105,34,548.0,492.71977137273404
9,37,2900,70,42,0,171,23,758.0,0.0
9,37,2900,75,49,1,125,22,450.0,400.394256523367
9,37,2900,65,43,0,109,24,460.0,0.0
9,37,2900,60,49,1,151,22,502.0,314.31384305420227
9,37,2900,65,47,0,155,16,422.0,0.0
9,37,2900,80,49,1,87,26,470.0,485.8279311693582
9,37,2900,70,40,1,161,35,668.0,708.9576832520402
9,37,2900,65,38,0,169,25,784.0,0.0
9,37,2900,85,41,0,149,29,534.0,0.0
9,37,2900,85,38,0,215,30,710.0,0.0
9,37,2900,90,46,1,111,26,588.0,531.3048375655237
9,37,2900,90,37,0,109,36,720.0,0.0
9,37,2900,65,44,1,159,24,518.0,630.0617989574353
9,37,2900,65,42,1,81,27,352.0,320.1678427503723
9,37,2900,90,49,1,103,24,442.0,349.3506385858736
9,37,2900,65,41,1,111,27,582.0,604.1020648879438
9,37,2900,75,41,1,85,25,390.0,485.2538070260499
9,37,2900,65,45,0,115,21,568.0,0.0
9,37,2900,60,47,1,105,20,470.0,432.2957861764574
9,37,2900,90,46,0,161,25,462.0,0.0
9,37,2900,65,48,0,161,16,414.0,0.0
9,37,2900,85,48,0,163,24,742.0,0.0
9,37,2900,85,44,1,137,19,516.0,302.7692891541345
9,37,2900,60,35,0,203,24,832.0,0.0
9,37,2900,85,36,1,161,33,734.0,489.7600722922046
9,37,2900,65,46,0,155,16,480.0,0.0
9,37,2900,60,38,1,99,24,542.0,449.1385118220415
9,37,2900,85,38,0,111,32,630.0,0.0
9,37,2900,75,41,0,163,32,788.0,0.0
9,37,2900,65,49,1,139,22,436.0,374.8560111151894
9,37,2900,70,48,1,95,25,326.0,520.5515250072489
9,37,2900,85,50,0,111,20,518.0,0.0
9,37,2800,65,36,0,213,28,702.0,0.0
9,37,2800,85,40,1,99,29,474.0,565.7421670676638
9,37,2900,85,35,0,115,36,646.0,0.0
9,37,2800,65,43,1,103,23,592.0,514.4702381078879
9,37,2900,80,48,1,135,23,530.0,747.1035654205549
9,37,2900,80,50,1,165,29,790.0,772.9594156067599
9,37,2800,80,39,0,103,32,720.0,0.0
9,37,2900,90,48,0,113,24,592.0,0.0
9,37,2800,60,36,0,111,23,566.0,0.0
9,37,2800,80,38,1,205,34,796.0,553.84154882416
9,37,2800,80,39,1,159,29,560.0,568.0396686453987
9,37,2800,90,40,1,107,34,594.0,643.5947804528302
9,37,2800,90,41,0,151,26,744.0,0.0
9,37,2800,60,42,0,159,22,600.0,0.0
9,37,2800,85,44,1,109,27,494.0,593.3676039753741
9,37,2800,80,48,0,97,18,346.0,0.0
9,37,2800,65,35,1,115,30,632.0,446.7229339230338
9,37,2800,70,35,0,137,32,664.0,0.0
9,37,2800,80,36,1,107,31,484.0,423.3370098107527
9,37,2800,70,42,1,107,29,480.0,434.8403635577084
9,37,2800,75,45,1,145,23,540.0,573.0813848031003
9,37,2800,70,44,0,165,24,768.0,0.0
9,37,2800,70,48,0,159,19,596.0,0.0
9,37,2800,65,42,0,161,21,546.0,0.0
9,37,2800,90,36,1,103,32,458.0,454.7222838506007
9,37,2800,70,45,0,211,20,692.0,0.0
9,37,2800,90,46,1,87,25,374.0,413.3148586061412
9,37,2800,60,47,0,99,16,408.0,0.0
9,37,2800,90,50,1,143,15,422.0,370.55677796526004
9,37,2800,85,50,0,105,19,404.0,0.0
9,37,2800,65,39,1,161,27,620.0,559.77283443938
9,37,2800,85,44,0,109,25,636.0,0.0
9,37,2800,65,49,1,103,21,356.0,344.0968137879496
9,37,2800,65,42,0,207,20,530.0,0.0
9,37,2800,70,35,0,153,30,772.0,0.0
9,37,2800,70,37,1,163,31,600.0,560.4891654775879
9,37,2800,90,40,0,161,31,836.0,0.0
9,37,2800,60,48,1,77,12,198.0,278.18685844069796
9,37,2800,70,49,1,75,14,258.0,221.00875514668618
9,37,2800,60,49,1,65,14,196.0,233.74972851756553
9,37,2800,60,45,0,205,18,516.0,0.0
9,37,2800,60,36,0,157,24,594.0,0.0
9,37,2800,70,35,1,141,36,594.0,531.8886592432139
9,37,2700,80,44,1,139,24,426.0,499.26346818038405
9,37,2700,70,45,0,153,22,576.0,0.0
9,37,2700,85,45,1,141,19,466.0,385.8082980601062
9,37,2800,60,50,0,165,14,464.0,0.0
9,37,2700,80,41,0,133,22,558.0,0.0
9,37,2700,65,48,1,61,10,262.0,215.48390941492315
9,37,2700,90,43,1,79,29,418.0,496.0320630375318
9,37,2700,65,38,1,151,20,520.0,316.62386404149356
9,37,2700,65,46,1,147,24,538.0,457.28377992612303
9,37,2700,85,48,0,141,20,648.0,0.0
9,37,2700,90,38,0,91,27,452.0,0.0
9,37,2700,70,45,0,155,22,502.0,0.0
9,37,2700,80,49,1,91,20,452.0,364.1605955286975
9,37,2700,90,47,0,99,12,318.0,0.0
9,37,2700,70,48,0,107,22,558.0,0.0
9,37,2700,75,37,0,151,29,654.0,0.0
9,37,2700,75,40,1,95,26,472.0,377.5658861792761
9,37,2700,75,44,1,95,20,492.0,495.247916015795
9,37,2700,60,41,0,197,23,720.0,0.0
9,37,2700,60,43,1,105,27,530.0,556.896932071391
9,37,2700,90,46,0,129,23,492.0,0.0
9,37,2700,90,45,0,197,23,478.0,0.0
9,37,2700,60,48,1,103,23,552.0,555.4300966788503
9,37,2700,90,39,0,103,23,528.0,0.0
9,37,2700,90,39,1,105,36,562.0,657.4311231253237
9,37,2700,70,43,1,71,21,384.0,403.72419816384286
9,37,2700,70,43,0,181,17,536.0,0.0
9,37,2700,75,43,0,151,22,536.0,0.0
9,37,2700,70,48,1,101,21,464.0,480.32781467307865
9,37,2700,60,46,0,145,21,630.0,0.0
9,37,2700,60,44,1,101,16,400.0,399.3847823340977
9,37,2700,65,35,1,103,25,380.0,440.30979004736605
9,37,2700,65,43,1,115,27,496.0,615.9882106744178
9,37,2700,90,37,1,97,33,508.0,404.07131305137307
9,37,2700,90,39,1,199,29,586.0,634.2424354375407
9,37,2700,65,40,0,105,22,580.0,0.0
9,37,2700,65,48,0,97,10,300.0,0.0
9,37,2700,70,42,0,161,23,604.0,0.0
9,37,2700,90,50,0,149,17,514.0,0.0
9,37,2600,80,35,1,103,36,596.0,450.68433262898344
9,37,2600,60,37,0,103,29,572.0,0.0
9,37,2600,90,35,1,103,33,526.0,443.7692717085026
9,37,2700,65,36,0,153,31,746.0,0.0
9,37,2700,65,36,1,77,30,452.0,437.57433763076773
9,37,2600,70,47,0,51,9,232.0,0.0
9,37,2600,80,49,0,153,16,478.0,0.0
9,37,2600,60,49,1,139,18,466.0,280.42133256033674
9,37,2600,90,35,1,149,34,530.0,509.09436824448403
9,37,2600,70,40,1,65,23,450.0,385.6320955156891
9,37,2600,60,42,1,129,20,310.0,256.3501265505172
9,37,2600,75,37,0,91,28,538.0,0.0
9,37,2600,70,44,0,149,17,438.0,0.0
9,37,2600,70,47,1,129,16,292.0,171.52443693921472
9,37,2600,65,50,0,175,17,444.0,0.0
9,37,2600,75,49,0,131,12,320.0,0.0
9,37,2600,70,43,1,143,25,560.0,423.15435529417414
9,37,2600,60,35,1,73,32,466.0,422.8145846689405
9,37,2600,80,35,1,131,28,524.0,433.3038427271615
9,37,2600,85,35,1,103,36,642.0,570.1133376136589
9,37,2600,60,39,0,129,20,404.0,0.0
9,37,2600,65,44,0,103,14,440.0,0.0
9,37,2600,75,48,0,97,15,260.0,0.0
9,37,2600,75,50,1,95,13,304.0,324.57443336366913
9,37,2600,80,47,0,149,20,548.0,0.0
9,37,2600,90,36,1,183,32,500.0,441.9968222067601
9,37,2600,80,38,1,93,29,448.0,441.3679547620511
9,37,2600,85,43,0,93,18,368.0,0.0
9,37,2600,90,36,1,139,31,572.0,429.25306808060236
9,37,2600,75,46,0,149,17,440.0,0.0
9,37,2600,85,40,0,151,22,502.0,0.0
9,37,2600,85,49,0,189,18,500.0,0.0
9,37,2600,70,49,1,169,22,464.0,338.8682817504343
9,37,2600,85,35,1,95,33,508.0,530.5181665014909
9,37,2600,65,43,1,87,24,366.0,331.83182254365664
9,37,2600,75,41,1,97,20,374.0,512.264539140951
9,37,2600,85,44,0,101,20,376.0,0.0
9,37,2600,80,46,0,137,16,446.0,0.0
9,37,2600,75,48,0,141,14,422.0,0.0
9,37,2600,85,49,1,95,15,364.0,279.59424382122677
9,37,2600,90,50,0,149,16,454.0,0.0
9,37,2500,80,35,1,115,31,566.0,439.5370658341054
9,37,2500,90,35,1,99,27,456.0,358.1805358884014
9,37,2500,70,37,0,95,23,530.0,0.0
9,37,2500,60,42,0,91,16,308.0,0.0
9,37,2500,85,49,1,85,21,396.0,339.3514955680402
9,37,2500,60,46,0,181,13,358.0,0.0
9,37,2500,85,49,1,137,17,362.0,225.97340035305135
9,37,2600,85,50,0,87,15,386.0,0.0
9,37,2500,75,37,0,141,28,674.0,0.0
9,37,2500,90,41,1,95,25,428.0,511.98130297212
9,37,2500,70,36,0,147,25,652.0,0.0
9,37,2500,80,43,1,113,22,488.0,489.925114826667
9,37,2500,65,43,0,167,20,430.0,0.0
9,37,2500,75,45,1,95,15,342.0,291.5472801998673
9,37,2500,60,46,1,93,17,374.0,244.19166637451926
9,37,2500,70,46,0,139,17,342.0,0.0
9,37,2500,85,39,1,181,27,664.0,531.1638261269882
9,37,2500,90,41,1,99,24,516.0,425.0033998297691
9,37,2500,70,45,0,197,17,552.0,0.0
9,37,2500,60,44,1,91,16,340.0,421.5355916583564
9,37,2500,85,47,1,141,24,468.0,329.9563299684793
9,37,2500,80,44,0,89,19,452.0,0.0
9,37,2500,60,39,0,119,20,420.0,0.0
9,37,2500,70,48,0,147,15,342.0,0.0
9,37,2500,90,38,1,87,30,486.0,561.7980087049831
9,37,2500,65,35,0,127,25,494.0,0.0
9,37,2500,70,46,1,139,20,404.0,382.31794695052855
9,37,2500,70,38,0,97,13,312.0,0.0
9,37,2500,60,38,0,199,24,608.0,0.0
9,37,2500,60,48,0,91,8,222.0,0.0
9,37,2500,85,49,1,85,16,282.0,213.0847952098926
9,37,2500,75,46,1,85,23,326.0,375.7991613008821
9,37,2500,80,35,1,183,30,648.0,510.35933237783104
9,37,2500,90,35,1,97,35,640.0,483.8836377492924
9,37,2500,80,42,1,73,22,326.0,456.2838143949648
9,37,2500,75,47,0,125,21,432.0,0.0
9,37,2500,65,43,1,93,18,304.0,322.86436383861985
9,37,2500,75,44,0,95,18,470.0,0.0
9,37,2500,65,49,0,139,14,394.0,0.0
9,37,2500,70,46,0,129,15,372.0,0.0
9,37,2400,85,35,1,79,30,380.0,369.7629446149443
9,37,2400,75,36,1,133,25,492.0,338.68623787408194
9,37,2400,85,39,1,141,31,574.0,612.0648740391991
9,37,2400,65,50,0,81,12,320.0,0.0
9,37,2400,80,43,1,79,21,464.0,497.7541120804232
9,37,2400,85,46,0,91,22,386.0,0.0
9,37,2500,80,41,0,99,20,450.0,0.0
9,37,2400,70,47,0,125,16,388.0,0.0
9,37,2400,70,36,1,89,27,458.0,357.6629179567768
9,37,2400,90,40,0,139,26,498.0,0.0
9,37,2400,90,42,0,113,19,504.0,0.0
9,37,2400,65,44,1,91,12,266.0,304.0281756254677
9,37,2400,65,45,1,93,18,422.0,431.8916363817165
9,37,2400,85,45,0,93,14,378.0,0.0
9,37,2400,70,46,1,143,15,400.0,252.7269147862474
9,37,2400,60,49,0,131,16,406.0,0.0
9,37,2400,65,38,0,85,23,444.0,0.0
9,37,2400,65,39,1,131,26,538.0,486.2553170043895
9,37,2400,70,36,0,171,25,652.0,0.0
9,37,2400,85,41,0,129,20,548.0,0.0
9,37,2400,75,47,1,137,17,366.0,244.2944150344322
9,37,2400,85,45,0,131,16,390.0,0.0
9,37,2400,60,47,1,63,18,314.0,328.8295033490205
9,37,2400,65,50,1,91,11,256.0,235.04585409428236
9,37,2400,65,40,0,109,13,334.0,0.0
9,37,2400,60,36,0,127,17,514.0,0.0
9,37,2400,65,39,0,137,19,466.0,0.0
9,37,2400,90,40,1,65,27,346.0,373.48721463213803
9,37,2400,80,39,1,129,21,534.0,492.9547184644566
9,37,2400,85,46,1,85,14,250.0,184.82359603161814
9,37,2400,65,38,1,95,17,318.0,199.7400443663104
9,37,2400,60,47,0,113,11,318.0,0.0
9,37,2400,85,37,1,131,24,532.0,338.01520736802985
9,37,2400,80,41,0,113,15,318.0,0.0
9,37,2400,90,37,1,87,29,476.0,492.6608048850034
9,37,2400,80,45,1,79,15,272.0,268.2041066985013
9,37,2400,70,50,0,123,19,400.0,0.0
9,37,2400,80,41,1,83,21,368.0,392.9743263636517
9,37,2400,65,49,0,83,12,340.0,0.0
9,37,2400,85,49,0,139,14,362.0,0.0
9,37,2300,65,38,1,89,22,390.0,315.84301389041667
9,37,2300,80,35,0,83,24,378.0,0.0
9,37,2400,60,39,0,129,12,296.0,0.0
9,37,2300,90,47,1,67,9,174.0,77.20238712602554
9,37,2300,75,47,0,87,10,348.0,0.0
9,37,2300,90,48,0,119,18,394.0,0.0
9,37,2300,60,47,1,77,12,190.0,157.82209055826758
9,37,2300,90,49,1,53,13,152.0,150.53669497575885
9,37,2300,80,39,0,173,20,434.0,0.0
9,37,2300,80,41,1,83,21,300.0,370.0497213920218
9,37,2300,80,44,0,83,17,274.0,0.0
9,37,2300,60,47,1,171,15,384.0,194.28873444940865
9,37,2300,70,42,1,95,15,290.0,181.10183711195583
9,37,2300,90,41,0,85,22,466.0,0.0
9,37,2300,70,50,1,117,12,296.0,326.97328910240714
9,37,2300,85,50,0,123,15,358.0,0.0
9,37,2300,70,35,1,91,22,412.0,325.9798633316967
9,37,2300,60,35,0,85,27,494.0,0.0
9,37,2300,60,39,1,89,22,374.0,459.21953089329384
9,37,2300,80,41,1,129,26,584.0,503.691099694677
9,37,2300,80,45,1,69,12,314.0,361.9977129680135
9,37,2300,65,46,0,91,18,436.0,0.0
9,37,2300,90,46,0,87,8,158.0,0.0
9,37,2300,70,50,0,91,9,164.0,0.0
9,37,2300,90,37,1,67,19,374.0,298.05097918275965
9,37,2300,70,38,0,135,23,508.0,0.0
9,37,2300,85,41,1,91,14,300.0,130.67922517769497
9,37,2300,75,40,1,83,22,340.0,291.8007639676468
9,37,2300,60,39,0,87,22,368.0,0.0
9,37,2300,75,44,0,129,21,594.0,0.0
9,37,2300,90,50,1,45,10,182.0,163.45450599072421
9,37,2300,85,46,0,131,15,360.0,0.0
9,37,2300,80,37,1,167,20,502.0,235.22831529224737
9,37,2300,65,36,1,111,15,332.0,179.59831906388047
9,37,2300,60,40,0,169,18,572.0,0.0
9,37,2300,90,45,1,91,18,416.0,484.9823564216504
9,37,2300,70,41,1,87,15,368.0,284.5845150541006
9,37,2300,70,43,0,45,13,218.0,0.0
9,37,2300,60,47,0,81,13,270.0,0.0
9,37,2300,60,49,0,85,10,246.0,0.0
9,37,2200,60,38,1,123,21,340.0,284.89991839050043
9,37,2200,75,41,1,119,16,380.0,306.36650755845994
9,37,2200,70,44,0,71,17,278.0,0.0
9,37,2200,90,44,0,109,12,296.0,0.0
9,37,2200,80,44,1,79,15,316.0,347.08485098800656
9,37,2300,65,49,0,89,7,218.0,0.0
9,37,2200,65,47,0,77,12,274.0,0.0
9,37,2200,70,48,1,47,13,220.0,338.78566845937723
9,37,2200,70,39,1,77,24,346.0,490.78647183713906
9,37,2200,60,39,1,107,11,320.0,243.01820911119955
9,37,2200,75,42,1,87,15,264.0,336.1753272119584
9,37,2200,70,43,0,59,12,248.0,0.0
9,37,2200,90,42,0,155,24,486.0,0.0
9,37,2200,65,45,1,39,6,148.0,183.96265908206502
9,37,2200,65,44,0,75,10,248.0,0.0
9,37,2200,85,47,0,83,14,314.0,0.0
9,37,2200,60,39,1,127,17,406.0,389.2502310415047
9,37,2200,70,42,1,125,13,314.0,240.26465256057716
9,37,2200,65,44,0,127,17,452.0,0.0
9,37,2200,90,47,1,79,10,240.0,109.71258630119279
9,37,2200,85,49,1,83,11,312.0,98.76961894602401
9,37,2200,85,49,0,121,14,224.0,0.0
9,37,2200,60,49,0,105,7,216.0,0.0
9,37,2200,65,50,0,57,6,168.0,0.0
9,37,2200,70,37,0,119,23,506.0,0.0
9,37,2200,65,41,0,83,19,300.0,0.0
9,37,2200,80,41,0,127,16,326.0,0.0
9,37,2200,80,42,1,73,18,226.0,208.2114646349835
9,37,2200,60,40,0,121,14,390.0,0.0
9,37,2200,75,46,1,87,13,182.0,164.88775518930225
9,37,2200,60,47,1,99,16,306.0,150.92003817773008
9,37,2200,65,47,1,105,11,198.0,119.33402360374014
9,37,2200,65,35,1,87,21,396.0,225.6885166406882
9,37,2200,85,37,0,83,23,360.0,0.0
9,37,2200,80,44,0,83,10,296.0,0.0
9,37,2200,60,40,1,105,19,414.0,259.66343441850375
9,37,2200,80,35,0,119,25,462.0,0.0
9,37,2200,60,39,1,113,13,222.0,248.85093990428973
9,37,2200,60,41,0,69,8,238.0,0.0
9,37,2200,65,48,1,69,12,202.0,232.54614580380502
9,37,2100,70,36,1,189,22,350.0,272.37611605546925
9,37,2100,60,38,0,101,14,244.0,0.0
9,37,2100,85,38,1,77,23,406.0,419.39565795706613
9,37,2100,75,37,1,69,17,270.0,265.0520561602773
9,37,2100,70,38,0,143,14,304.0,0.0
9,37,2200,65,46,0,85,11,252.0,0.0
9,37,2100,60,43,1,65,14,188.0,158.17190603671094
9,37,2100,60,48,0,73,5,146.0,0.0
9,37,2100,60,36,0,103,23,402.0,0.0
9,37,2100,75,40,1,79,23,296.0,325.78553710762964
9,37,2100,75,45,1,75,13,238.0,245.77629397952964
9,37,2100,80,46,0,77,13,268.0,0.0
9,37,2100,85,37,1,105,26,374.0,493.8674616121962
9,37,2100,60,39,1,73,11,252.0,242.8712144753568
9,37,2100,75,44,0,79,12,238.0,0.0
9,37,2100,65,45,0,113,10,282.0,0.0
9,37,2100,65,46,0,41,5,142.0,0.0
9,37,2100,85,39,1,81,17,332.0,382.8525109507511
9,37,2100,70,39,0,79,15,272.0,0.0
9,37,2100,60,44,1,77,8,148.0,193.04195607759365
9,37,2100,60,47,1,83,14,224.0,194.46352535652497
9,37,2100,75,46,0,113,13,304.0,0.0
9,37,2100,90,47,0,83,15,324.0,0.0
9,37,2100,70,44,0,107,9,218.0,0.0
9,37,2100,60,46,1,77,6,158.0,27.83301818624891
9,37,2100,65,35,0,117,23,416.0,0.0
9,37,2100,85,36,1,99,22,438.0,254.50509147291703
9,37,2100,85,37,1,107,24,332.0,363.1714977977396
9,37,2100,85,40,1,81,13,264.0,218.22100434409649
9,37,2100,80,36,0,79,16,406.0,0.0
9,37,2100,80,47,0,57,8,242.0,0.0
9,37,2100,80,47,0,95,10,192.0,0.0
9,37,2100,70,48,1,73,9,182.0,211.5953075857368
9,37,2100,60,36,0,117,18,462.0,0.0
9,37,2100,65,40,1,81,20,276.0,229.71665804578856
9,37,2100,80,44,0,79,15,340.0,0.0
9,37,2100,80,40,0,81,18,348.0,0.0
9,37,2100,85,38,1,63,23,336.0,313.40640987676466
9,37,2100,80,39,0,155,17,390.0,0.0
9,37,2100,80,49,1,105,9,212.0,143.11029697655707
9,37,2100,65,49,1,47,6,88.0,80.28813575076575
9,37,2000,85,35,0,65,17,254.0,0.0
9,37,2000,80,39,1,69,17,314.0,371.26684060669544
9,37,2000,80,39,1,75,14,278.0,306.97463044879015
9,37,2000,75,37,1,145,21,412.0,223.22605156892476
9,37,2000,60,46,0,35,5,98.0,0.0
9,37,2000,60,43,1,55,14,178.0,172.62366399337057
9,37,2000,85,39,0,71,12,246.0,0.0
9,37,2000,75,43,0,73,11,202.0,0.0
9,37,2000,75,38,0,105,23,444.0,0.0
9,37,2000,90,37,0,73,17,296.0,0.0
9,37,2000,70,41,0,213,17,442.0,0.0
9,37,2000,90,45,1,75,13,256.0,268.94539600979476
9,37,2000,85,45,0,61,9,236.0,0.0
9,37,2000,60,46,1,61,9,166.0,105.80962864471638
9,37,2000,85,42,1,73,16,274.0,354.67397845111816
9,37,2000,90,46,1,69,13,164.0,102.87382228485534
9,37,2000,70,49,1,49,7,102.0,76.53187406323065
9,37,2000,60,39,0,77,17,352.0,0.0
9,37,2000,80,38,1,51,14,226.0,220.06524549405006
9,37,2000,80,41,0,75,14,284.0,0.0
9,37,2000,85,46,0,145,9,248.0,0.0
9,37,2000,60,41,1,73,14,306.0,369.83748602988464
9,37,2000,70,44,1,71,7,168.0,254.24447624436982
9,37,2000,65,50,1,99,4,136.0,99.432967664797
9,37,2000,70,42,0,75,10,216.0,0.0
9,37,2000,90,48,0,79,9,290.0,0.0
9,37,2000,85,35,0,77,22,360.0,0.0
9,37,2000,80,36,1,77,16,298.0,179.03005389485975
9,37,2000,60,37,1,53,11,174.0,167.8950466086543
9,37,2000,70,37,0,101,17,396.0,0.0
9,37,2000,75,41,1,77,17,296.0,319.83987177965815
9,37,2000,75,41,0,39,9,150.0,0.0
9,37,2000,75,49,0,95,6,176.0,0.0
9,37,2000,80,37,1,87,16,268.0,192.99743168485864
9,37,2000,90,41,0,101,17,300.0,0.0
9,37,2000,85,42,1,155,15,322.0,247.76130718203723
9,37,2000,70,44,0,141,10,320.0,0.0
9,37,1900,70,36,1,47,13,190.0,116.10478564410751
9,37,2000,60,39,1,75,16,288.0,396.66162456493197
9,37,2000,65,46,1,59,9,120.0,91.74415210500504
9,37,2000,85,44,0,109,15,366.0,0.0
9,37,1900,85,48,0,61,6,120.0,0.0
9,37,1900,90,43,1,71,15,234.0,302.07573074125014
9,37,1900,60,45,0,97,12,252.0,0.0
9,37,1900,80,36,0,101,13,224.0,0.0
9,37,1900,85,49,0,91,8,158.0,0.0
9,37,1900,70,50,1,59,7,152.0,164.76226635908438
9,37,1900,70,49,1,71,10,208.0,144.76074165071094
9,37,1900,65,44,1,45,10,144.0,231.09015643218413
9,37,1900,65,49,0,97,9,184.0,0.0
9,37,1900,80,40,1,75,11,280.0,180.9391204768992
9,37,1900,65,40,0,103,11,232.0,0.0
9,37,1900,85,38,1,57,15,154.0,166.5329487631963
9,37,1900,70,42,0,69,10,206.0,0.0
9,37,1900,65,41,0,59,10,132.0,0.0
9,37,1900,90,45,1,61,13,182.0,273.06178849246714
9,37,1900,90,45,1,39,8,136.0,187.198730263826
9,37,1900,80,47,0,55,7,122.0,0.0
9,37,1900,80,45,1,63,13,186.0,192.34273096888134
9,37,1900,85,38,0,105,12,296.0,0.0
9,37,1900,60,40,1,45,11,120.0,127.82111953058535
9,37,1900,90,35,0,69,19,318.0,0.0
9,37,1900,70,39,1,63,18,196.0,298.17817678341993
9,37,1900,60,38,0,107,12,236.0,0.0
9,37,1900,85,48,0,73,13,216.0,0.0
9,37,1900,90,47,1,45,7,136.0,104.67682153500944
9,37,1900,80,36,0,107,17,300.0,0.0
9,37,1900,60,50,1,35,5,94.0,150.9833983821646
9,37,1900,75,45,1,101,8,232.0,172.5879001831639
9,37,1900,70,40,0,109,10,254.0,0.0
9,37,1900,65,42,1,47,12,148.0,243.42133780477346
9,37,1900,65,40,1,67,15,188.0,249.87782530027567
9,37,1900,75,45,1,65,5,128.0,94.08114533250848
9,37,1900,70,46,0,121,7,194.0,0.0
9,37,1900,75,48,0,77,10,218.0,0.0
9,37,1900,85,47,1,89,9,162.0,100.07795565854411
9,37,1900,60,47,0,37,5,96.0,0.0
9,37,1800,85,35,0,65,16,274.0,0.0
9,37,1900,75,37,0,61,15,210.0,0.0
9,37,1800,90,38,1,91,17,286.0,247.99415917433262
9,37,1800,60,42,1,95,13,212.0,275.3983346655067
9,37,1900,65,42,1,65,6,170.0,95.57412523561179
9,37,1800,90,45,1,45,5,116.0,101.91521134431576
9,37,1900,85,49,0,69,10,140.0,0.0
9,37,1800,90,49,0,79,8,178.0,0.0
9,37,1800,85,35,0,63,21,260.0,0.0
9,37,1800,70,39,1,105,13,228.0,327.3432617401715
9,37,1800,60,40,0,97,9,198.0,0.0
9,37,1800,65,38,0,59,13,220.0,0.0
9,37,1800,75,43,1,95,11,250.0,224.48572729781796
9,37,1800,80,36,1,57,12,156.0,93.65160960135496
9,37,1800,85,48,0,57,6,126.0,0.0
9,37,1800,60,42,1,83,8,140.0,151.53513730521613
9,37,1800,80,45,0,71,10,166.0,0.0
9,37,1800,80,36,0,101,14,270.0,0.0
9,37,1800,70,42,1,107,10,178.0,176.44139930105746
9,37,1800,60,46,0,53,5,88.0,0.0
9,37,1800,75,39,0,53,11,186.0,0.0
9,37,1800,70,48,1,67,7,144.0,178.4951397258364
9,37,1800,90,48,1,35,8,96.0,142.4171846265262
9,37,1800,75,48,1,43,7,104.0,169.8337077660743
9,37,1800,60,45,0,53,5,82.0,0.0
9,37,1800,60,35,0,101,11,278.0,0.0
9,37,1800,75,36,0,103,14,250.0,0.0
9,37,1800,65,37,0,87,16,286.0,0.0
9,37,1800,80,47,1,57,10,168.0,175.138834110456
9,37,1800,65,44,1,65,9,196.0,227.7497209407984
9,37,1800,80,38,0,101,13,280.0,0.0
9,37,1800,80,38,1,89,15,220.0,225.85127828913988
9,37,1800,65,48,1,115,13,216.0,279.37504315825555
9,37,1800,75,37,1,57,17,208.0,251.51095875648687
9,37,1800,70,35,0,153,18,440.0,0.0
9,37,1800,60,45,0,21,1,22.0,0.0
9,37,1800,75,42,1,31,6,94.0,96.61871036553818
9,37,1800,65,46,0,83,8,176.0,0.0
9,37,1800,80,44,1,63,10,214.0,247.48503055087303
9,37,1800,90,39,0,99,11,234.0,0.0
9,37,1800,70,46,1,75,11,172.0,172.33441777934067
9,37,1800,90,37,1,65,15,276.0,225.71431018872124
9,37,1700,60,40,1,71,14,194.0,202.9128979828274
9,37,1700,85,40,0,51,5,114.0,0.0
9,37,1700,75,36,0,51,9,124.0,0.0
9,37,1700,75,45,1,61,5,104.0,105.62908494168167
9,37,1800,75,47,0,77,9,134.0,0.0
9,37,1700,70,49,0,57,6,116.0,0.0
9,37,1700,65,45,1,93,4,124.0,80.57909155904547
9,37,1700,65,38,1,57,12,174.0,89.05855771179463
9,37,1700,60,40,1,89,9,200.0,108.05768689429244
9,37,1700,70,36,0,63,8,148.0,0.0
9,37,1700,85,44,0,99,8,186.0,0.0
9,37,1700,75,49,1,37,4,38.0,36.07067458857888
9,37,1700,75,47,1,69,7,104.0,92.48747155271417
9,37,1700,70,48,0,65,7,158.0,0.0
9,37,1700,60,46,0,65,6,100.0,0.0
9,37,1700,75,37,1,95,13,180.0,164.26652292077193
9,37,1700,80,39,0,97,12,284.0,0.0
9,37,1700,90,44,1,87,6,118.0,106.92582229690704
9,37,1700,75,44,1,43,8,106.0,206.7126901603668
9,37,1700,60,45,1,29,4,68.0,72.24460464040415
9,37,1700,75,40,0,87,12,208.0,0.0
9,37,1700,65,49,0,59,8,180.0,0.0
9,37,1700,65,50,0,89,8,184.0,0.0
9,37,1700,90,37,0,59,11,208.0,0.0
9,37,1700,65,40,1,59,11,126.0,116.15750956119498
9,37,1700,90,42,1,43,6,98.0,105.8804184685033
9,37,1700,90,39,1,61,14,232.0,393.81551457215807
9,37,1700,85,42,0,105,11,200.0,0.0
9,37,1700,75,36,1,73,20,238.0,178.997579286521
9,37,1700,75,46,1,33,2,52.0,7.668080071727269
9,37,1700,65,47,0,63,9,134.0,0.0
9,37,1700,70,45,0,95,10,180.0,0.0
9,37,1700,90,43,0,57,8,114.0,0.0
9,37,1700,85,36,1,103,16,206.0,168.0054299076997
9,37,1700,70,35,0,99,15,346.0,0.0
9,37,1700,90,41,1,91,7,182.0,86.05803141708202
9,37,1700,65,44,0,83,13,200.0,0.0
9,37,1700,60,44,1,67,5,146.0,134.6575340817386
9,37,1700,65,47,1,79,3,80.0,42.53130168970962
9,37,1700,80,47,0,65,11,178.0,0.0
9,37,1700,90,42,0,93,13,174.0,0.0
9,37,1600,60,35,0,77,8,188.0,0.0
9,37,1600,85,42,1,63,10,134.0,157.79288137601884
9,37,1600,80,37,0,61,6,178.0,0.0
9,37,1600,80,46,1,31,4,60.0,85.95338381542678
9,37,1600,90,45,1,55,9,186.0,153.05475101496907
9,37,1600,75,43,0,53,4,70.0,0.0
9,37,1600,85,43,0,77,10,156.0,0.0
9,37,1600,80,50,1,59,7,106.0,194.91887616031946
9,37,1600,80,38,0,41,8,146.0,0.0
9,37,1600,75,44,1,51,14,152.0,205.55413199926505
9,37,1600,80,37,0,95,15,240.0,0.0
9,37,1600,90,38,0,55,11,168.0,0.0
9,37,1600,80,48,1,31,3,70.0,77.65106773346587
9,37,1600,85,44,1,109,7,134.0,198.08705906113792
9,37,1600,80,35,1,47,15,216.0,112.30505961616284
9,37,1600,80,46,0,51,7,114.0,0.0
9,37,1600,60,38,1,85,13,208.0,145.8442415285007
9,37,1600,85,39,0,55,11,136.0,0.0
9,37,1600,75,36,1,63,6,160.0,40.09507754179402
9,37,1600,75,44,0,85,6,114.0,0.0
9,37,1600,65,49,1,47,4,84.0,56.843456358423865
9,37,1600,60,46,0,81,9,206.0,0.0
9,37,1600,75,35,1,51,14,142.0,150.49392812696732
9,37,1600,75,42,0,55,12,164.0,0.0
9,37,1600,85,41,1,35,8,112.0,173.53155462752903
9,37,1600,60,41,1,85,11,196.0,215.7377576877133
9,37,1600,60,45,0,73,7,100.0,0.0
9,37,1600,70,45,0,79,9,214.0,0.0
9,37,1600,90,48,1,37,7,38.0,130.768013204796
9,37,1600,75,45,0,87,8,176.0,0.0
9,37,1600,65,36,0,91,8,218.0,0.0
9,37,1600,90,45,1,59,10,170.0,136.33607764590056
9,37,1600,65,39,0,61,10,148.0,0.0
9,37,1600,85,38,1,63,14,160.0,145.36843540549896
9,37,1600,65,39,1,27,3,54.0,74.08660293987812
9,37,1600,65,41,1,31,5,112.0,142.3509476846288
9,37,1600,65,42,1,57,8,156.0,136.24683742838027
9,37,1600,85,42,0,51,8,138.0,0.0
9,37,1600,90,49,0,93,5,150.0,0.0
9,37,1600,70,46,0,87,5,120.0,0.0
9,37,1500,65,45,1,63,8,88.0,158.21172118124622
9,37,1500,90,43,1,75,9,158.0,107.00351519123222
9,37,1500,85,46,0,99,6,156.0,0.0
9,37,1500,65,50,1,37,4,52.0,74.5500960767906
9,37,1500,90,47,0,75,8,128.0,0.0
9,37,1500,70,49,1,25,2,26.0,11.954381456574916
9,37,1500,80,49,0,55,8,140.0,0.0
9,37,1500,60,48,0,29,1,30.0,0.0
9,37,1500,80,37,1,45,10,102.0,113.91060822695992
9,37,1500,90,35,1,77,19,234.0,171.90121712491387
9,37,1500,65,38,0,75,13,192.0,0.0
9,37,1500,80,41,1,35,13,118.0,219.05414493995937
9,37,1500,75,40,1,55,6,138.0,40.98128896174958
9,37,1500,75,37,0,83,11,136.0,0.0
9,37,1500,75,38,0,81,10,232.0,0.0
9,37,1500,65,37,1,45,10,122.0,134.17328733876062
9,37,1500,85,47,0,55,9,146.0,0.0
9,37,1500,80,35,1,73,16,196.0,184.03866493731272
9,37,1500,70,37,1,51,6,120.0,92.9585463764599
9,37,1500,90,36,0,77,13,266.0,0.0
9,37,1500,65,41,0,85,10,202.0,0.0
9,37,1500,75,46,1,49,4,72.0,38.45360149715353
9,37,1500,90,39,0,83,13,220.0,0.0
9,37,1500,70,41,0,59,5,116.0,0.0
9,37,1500,65,45,1,71,8,126.0,141.52540868049775
9,37,1500,85,36,0,53,8,156.0,0.0
9,37,1500,90,36,0,43,4,44.0,0.0
9,37,1500,75,45,0,57,12,190.0,0.0
9,37,1500,85,44,1,55,10,168.0,249.34670254374518
9,37,1500,80,42,1,49,9,128.0,190.7131263526449
9,37,1500,75,39,0,85,7,152.0,0.0
9,37,1500,85,38,1,55,10,190.0,138.08521948252212
9,37,1500,85,43,1,37,9,128.0,91.19619408820166
9,37,1500,90,49,1,25,3,50.0,26.0394230030093
9,37,1500,75,43,0,27,5,84.0,0.0
9,37,1500,75,42,0,57,4,84.0,0.0
9,37,1500,75,46,1,77,7,108.0,103.67740969743686
9,37,1500,85,39,1,77,9,170.0,298.34673039840897
9,37,1500,70,43,0,85,9,138.0,0.0
9,36,3000,65,41,0,113,25,684.0,0.0
9,37,1500,80,49,0,89,10,138.0,0.0
9,36,3000,65,47,0,117,20,546.0,0.0
9,36,3000,90,47,1,109,28,644.0,432.61344415101144
9,36,3000,60,42,1,111,26,632.0,478.7077640766208
9,36,3000,75,44,0,173,24,606.0,0.0
9,36,3000,80,41,0,105,30,506.0,0.0
9,36,3000,80,46,1,229,28,582.0,517.9941723297402
9,36,3000,75,37,1,79,29,530.0,508.9770505050372
9,36,3000,75,41,0,113,27,622.0,0.0
9,36,3000,85,41,1,117,27,642.0,583.2083299410765
9,36,3000,60,46,1,111,25,620.0,447.723382959491
9,36,3000,70,50,0,219,22,804.0,0.0
9,36,3000,70,45,1,165,26,458.0,431.55715513778887
9,36,3000,65,39,0,145,32,690.0,0.0
9,36,3000,75,47,0,117,23,530.0,0.0
9,36,3000,75,43,0,177,28,864.0,0.0
9,36,3000,70,46,1,177,27,844.0,504.15880190196293
9,36,3000,65,49,1,113,17,450.0,299.490746786663
9,36,3000,70,45,1,117,28,680.0,669.9347518936016
9,36,3000,80,50,0,117,19,526.0,0.0
9,36,3000,85,50,1,115,25,692.0,694.6645370861581
9,36,3000,60,43,0,115,18,592.0,0.0
9,36,3000,85,46,1,223,27,728.0,369.7565123942604
9,36,3000,90,38,1,111,33,486.0,518.7475876968488
9,36,3000,65,44,1,115,20,580.0,404.00322385513323
9,36,3000,75,46,0,107,21,408.0,0.0
9,36,3000,65,45,1,161,25,626.0,549.2821196914952
9,36,3000,85,49,0,167,20,508.0,0.0
9,36,3000,80,43,0,173,24,584.0,0.0
9,36,3000,80,37,1,119,34,576.0,502.3115635143289
9,36,3000,85,37,0,113,32,516.0,0.0
9,36,3000,80,37,1,111,32,570.0,516.8925065432891
9,36,3000,80,44,0,201,30,860.0,0.0
9,36,3000,75,46,0,173,22,552.0,0.0
9,36,3000,85,46,1,91,29,496.0,521.9600785139163
9,36,3000,80,41,1,121,34,556.0,656.234291204226
9,36,3000,75,48,0,165,23,794.0,0.0
9,36,3000,60,46,0,97,20,518.0,0.0
9,36,3000,60,40,1,111,34,572.0,534.7653065095402
9,36,2900,90,41,0,159,30,696.0,0.0
9,36,2900,85,42,0,161,25,636.0,0.0
9,36,2900,60,49,1,77,21,318.0,280.62305118381926
9,36,2900,75,45,1,109,24,442.0,491.1336946880372
9,36,3000,85,45,0,159,23,544.0,0.0
9,36,2900,60,41,1,113,31,616.0,483.89261172324416
9,36,2900,85,49,0,151,21,520.0,0.0
9,36,2900,90,50,1,109,16,336.0,432.9283684155364
9,36,2900,85,37,1,111,32,558.0,529.4371202953985
9,36,2900,65,43,0,213,19,624.0,0.0
9,36,2900,70,37,1,77,32,508.0,541.2924347158419
9,36,2900,85,43,0,111,24,538.0,0.0
9,36,2900,60,47,0,113,11,420.0,0.0
9,36,2900,75,35,1,109,34,492.0,508.5672515219516
9,36,2900,75,50,0,191,17,504.0,0.0
9,36,2900,90,39,1,109,35,638.0,728.2277272808668
9,36,2900,75,41,0,113,27,466.0,0.0
9,36,2900,90,45,0,107,24,546.0,0.0
9,36,2900,80,45,1,161,34,708.0,599.3509741389184
9,36,2900,80,48,0,111,22,590.0,0.0
9,36,2900,60,42,1,91,23,478.0,481.9972518035145
9,36,2900,90,37,1,105,31,600.0,639.0964948502537
9,36,2900,90,45,0,149,26,552.0,0.0
9,36,2900,65,35,1,139,34,712.0,513.512832330264
9,36,2900,75,35,0,167,31,750.0,0.0
9,36,2900,75,41,0,275,29,774.0,0.0
9,36,2900,60,42,1,109,27,596.0,458.0937044848168
9,36,2900,90,48,0,115,22,604.0,0.0
9,36,2900,80,47,0,139,23,520.0,0.0
9,36,2900,75,35,1,95,34,510.0,388.22553582786986
9,36,2900,90,45,1,153,24,584.0,594.1366844319161
9,36,2900,60,42,1,107,20,472.0,322.29764030058504
9,36,2900,85,41,0,155,27,530.0,0.0
9,36,2900,60,42,1,169,23,558.0,381.5529116288644
9,36,2900,70,39,0,147,28,678.0,0.0
9,36,2900,75,38,1,79,30,450.0,618.3267066732586
9,36,2900,65,47,0,113,15,450.0,0.0
9,36,2900,60,50,0,105,15,342.0,0.0
9,36,2900,65,48,1,111,20,466.0,518.0619322549128
9,36,2900,90,50,1,67,18,370.0,625.5883609091358
9,36,2800,90,40,0,143,29,640.0,0.0
9,36,2800,70,40,1,125,28,560.0,476.9003052250935
9,36,2800,70,47,1,99,21,444.0,469.4674947930939
9,36,2900,65,49,0,113,20,514.0,0.0
9,36,2800,75,47,1,105,23,426.0,321.81031253158005
9,36,2800,85,50,0,205,19,542.0,0.0
9,36,2800,85,42,1,83,23,452.0,462.0680521426882
9,36,2800,90,39,0,161,28,742.0,0.0
9,36,2800,70,35,1,165,30,508.0,428.26444960699104
9,36,2800,60,40,1,159,29,556.0,616.9152029045975
9,36,2800,85,38,0,105,27,598.0,0.0
9,36,2800,75,45,1,159,23,538.0,437.75380315056907
9,36,2800,60,45,0,163,12,404.0,0.0
9,36,2800,70,43,0,153,19,514.0,0.0
9,36,2800,65,43,1,163,28,666.0,557.9876398017105
9,36,2800,90,43,0,211,29,816.0,0.0
9,36,2800,70,36,1,95,33,488.0,381.9640051873096
9,36,2800,85,42,1,207,28,756.0,536.2729725594568
9,36,2800,85,44,1,205,27,816.0,602.5897104765952
9,36,2800,90,49,0,95,18,360.0,0.0
9,36,2800,80,48,1,153,25,520.0,546.5619313898544
9,36,2800,65,48,0,153,13,454.0,0.0
9,36,2800,90,49,0,103,15,400.0,0.0
9,36,2800,70,46,0,105,18,474.0,0.0
9,36,2800,65,35,0,107,30,542.0,0.0
9,36,2800,85,36,0,167,32,928.0,0.0
9,36,2800,85,43,1,103,27,470.0,537.1730499443565
9,36,2800,75,42,0,163,29,704.0,0.0
9,36,2800,75,45,0,105,21,458.0,0.0
9,36,2800,75,49,1,79,23,370.0,398.2018693583592
9,36,2800,60,47,1,127,19,402.0,310.8600538343587
9,36,2800,70,41,1,105,27,574.0,574.4589743237411
9,36,2800,60,38,1,99,24,586.0,353.43115867164175
9,36,2800,70,40,1,203,22,474.0,244.49116323561384
9,36,2800,80,44,0,151,20,542.0,0.0
9,36,2800,65,46,0,139,9,342.0,0.0
9,36,2800,85,46,0,147,19,602.0,0.0
9,36,2800,85,48,0,211,19,660.0,0.0
9,36,2800,80,41,1,173,27,510.0,550.168646988864
9,36,2800,85,48,1,159,22,516.0,484.8075673062451
9,36,2700,70,37,1,115,31,546.0,461.6952830544616
9,36,2700,60,46,0,155,18,590.0,0.0
9,36,2700,60,37,1,105,30,530.0,368.5713390083291
9,36,2800,70,39,0,161,31,684.0,0.0
9,36,2700,65,46,0,159,16,492.0,0.0
9,36,2700,75,47,1,143,27,476.0,534.571899063675
9,36,2700,65,43,0,105,16,480.0,0.0
9,36,2700,60,49,1,59,9,274.0,148.6322958247986
9,36,2700,65,37,1,203,29,664.0,338.4686118309254
9,36,2700,70,38,0,155,19,482.0,0.0
9,36,2700,80,43,0,151,24,678.0,0.0
9,36,2700,70,49,1,93,20,350.0,289.59957965190733
9,36,2700,80,49,1,201,24,608.0,358.8116238846484
9,36,2700,80,50,0,97,15,334.0,0.0
9,36,2700,80,50,1,61,12,258.0,245.01019688493705
9,36,2700,75,38,1,151,31,574.0,386.66950587207197
9,36,2700,85,43,0,145,22,528.0,0.0
9,36,2700,85,37,1,147,30,574.0,428.3731201606125
9,36,2700,65,35,0,105,24,578.0,0.0
9,36,2700,80,37,1,99,29,448.0,420.71281694203975
9,36,2700,75,45,0,127,21,502.0,0.0
9,36,2700,70,49,0,147,19,582.0,0.0
9,36,2700,80,48,0,135,19,356.0,0.0
9,36,2700,85,41,1,103,21,492.0,354.2575529612542
9,36,2700,60,36,0,195,24,494.0,0.0
9,36,2700,90,37,0,91,27,556.0,0.0
9,36,2700,70,42,1,195,25,730.0,472.90511385085927
9,36,2700,80,44,1,107,23,494.0,504.16724628407445
9,36,2700,70,48,1,103,24,490.0,540.3859486193737
9,36,2700,75,43,0,95,24,472.0,0.0
9,36,2700,75,38,1,103,27,622.0,458.63743458175924
9,36,2700,75,41,1,69,19,298.0,280.2386045983749
9,36,2700,90,43,1,93,24,478.0,373.6079118065637
9,36,2700,65,41,0,147,17,442.0,0.0
9,36,2700,65,47,1,147,25,504.0,344.17336571166084
9,36,2700,65,39,0,151,26,632.0,0.0
9,36,2700,75,38,0,107,25,684.0,0.0
9,36,2700,90,48,0,145,24,646.0,0.0
9,36,2700,70,39,0,143,20,474.0,0.0
9,36,2600,85,49,0,133,18,354.0,0.0
9,36,2600,70,46,1,101,18,400.0,293.5454557116878
9,36,2700,80,48,1,155,19,400.0,488.6864943093522
9,36,2600,75,47,1,83,20,340.0,324.8217568187969
9,36,2700,65,48,0,53,17,294.0,0.0
9,36,2600,75,43,1,109,20,398.0,409.6428909810363
9,36,2600,75,48,0,91,17,314.0,0.0
9,36,2600,70,39,0,131,27,590.0,0.0
9,36,2600,80,42,1,71,24,278.0,310.3553167933562
9,36,2600,70,41,1,95,20,380.0,385.11801052909493
9,36,2600,80,43,0,97,21,644.0,0.0
9,36,2600,70,47,0,91,22,386.0,0.0
9,36,2600,65,46,1,95,11,362.0,170.97819193818395
9,36,2600,60,43,1,97,16,396.0,279.9042566272404
9,36,2600,60,39,0,147,24,576.0,0.0
9,36,2600,85,37,1,81,32,470.0,539.4463431394387
9,36,2600,80,37,0,97,28,468.0,0.0
9,36,2600,90,39,1,99,29,462.0,493.17231379074116
9,36,2600,65,44,0,151,22,628.0,0.0
9,36,2600,90,45,0,145,15,470.0,0.0
9,36,2600,80,46,0,191,20,534.0,0.0
9,36,2600,60,50,1,71,12,256.0,401.7722117845298
9,36,2600,85,36,1,97,31,508.0,451.7228776609492
9,36,2600,85,36,0,141,33,610.0,0.0
9,36,2600,90,35,1,75,30,394.0,442.5210979444573
9,36,2600,90,40,0,135,21,484.0,0.0
9,36,2600,85,41,1,75,24,366.0,412.2310403869901
9,36,2600,60,49,0,99,16,428.0,0.0
9,36,2600,70,45,1,135,18,406.0,370.1442114548453
9,36,2600,70,38,0,133,22,582.0,0.0
9,36,2600,75,45,1,107,16,392.0,366.5724833536492
9,36,2600,90,36,1,151,33,604.0,549.3221182826084
9,36,2600,80,35,0,149,27,594.0,0.0
9,36,2600,80,36,1,151,33,616.0,436.02787039320583
9,36,2600,75,43,0,113,14,402.0,0.0
9,36,2600,80,46,1,103,22,462.0,310.83105698419973
9,36,2600,80,49,0,95,17,374.0,0.0
9,36,2600,65,45,0,85,14,240.0,0.0
9,36,2600,60,35,1,99,22,496.0,346.2208357366761
9,36,2600,85,37,0,99,27,612.0,0.0
9,36,2500,65,36,0,175,24,508.0,0.0
9,36,2500,70,38,1,95,19,422.0,254.48337398913446
9,36,2600,85,37,1,105,31,574.0,444.56819537735805
9,36,2500,85,38,0,97,25,516.0,0.0
9,36,2500,60,44,1,77,13,262.0,340.25363839244733
9,36,2500,70,46,0,135,15,466.0,0.0
9,36,2500,65,43,1,91,17,306.0,234.957639341877
9,36,2600,90,37,0,149,27,662.0,0.0
9,36,2500,70,36,0,93,21,404.0,0.0
9,36,2500,80,39,1,139,18,510.0,443.743076925578
9,36,2500,70,40,0,93,19,496.0,0.0
9,36,2500,65,40,0,91,17,398.0,0.0
9,36,2500,60,41,0,167,17,428.0,0.0
9,36,2500,70,47,1,93,13,284.0,241.9044567938278
9,36,2500,70,42,1,95,24,458.0,594.4791812943611
9,36,2500,70,48,1,93,13,448.0,379.198415756724
9,36,2500,75,36,1,77,24,370.0,321.5313985165677
9,36,2500,70,43,0,93,17,476.0,0.0
9,36,2500,75,40,0,99,21,478.0,0.0
9,36,2500,70,37,1,95,19,370.0,506.36796973441113
9,36,2500,90,47,0,129,14,344.0,0.0
9,36,2500,90,50,1,93,15,400.0,356.61470779392795
9,36,2500,85,48,0,127,13,332.0,0.0
9,36,2500,65,48,1,87,10,254.0,268.7759830152953
9,36,2500,90,36,1,137,32,632.0,467.4665158981036
9,36,2500,75,37,0,147,25,552.0,0.0
9,36,2500,60,42,0,139,15,486.0,0.0
9,36,2500,80,44,1,91,20,380.0,473.66187460037696
9,36,2500,65,37,1,79,22,340.0,329.2939099035483
9,36,2500,65,42,0,183,21,694.0,0.0
9,36,2500,75,45,1,93,20,364.0,381.889860489404
9,36,2500,85,38,0,95,22,478.0,0.0
9,36,2500,85,41,1,99,17,390.0,389.1706996446563
9,36,2500,75,45,0,93,21,456.0,0.0
9,36,2500,70,45,1,131,19,298.0,512.8545508204188
9,36,2500,85,46,1,143,18,508.0,307.4399521406851
9,36,2500,60,49,0,79,8,196.0,0.0
9,36,2500,80,45,0,141,23,536.0,0.0
9,36,2500,85,42,0,137,14,364.0,0.0
9,36,2500,60,45,1,127,18,448.0,356.35284356723963
9,36,2500,80,41,0,97,21,516.0,0.0
9,36,2400,75,42,0,91,15,400.0,0.0
9,36,2500,60,45,1,99,19,444.0,443.5397765442537
9,36,2400,80,49,0,137,8,234.0,0.0
9,36,2400,90,40,1,75,26,314.0,344.59196686298725
9,36,2400,75,42,1,61,16,222.0,232.7450746515326
9,36,2400,80,35,1,135,28,562.0,304.1540645544984
9,36,2400,75,35,0,91,20,378.0,0.0
9,36,2400,65,39,0,137,20,410.0,0.0
9,36,2400,75,45,1,89,18,280.0,379.45617499357047
9,36,2400,75,38,0,173,24,612.0,0.0
9,36,2400,90,45,0,91,19,332.0,0.0
9,36,2400,80,48,1,87,11,358.0,252.01114947999548
9,36,2400,60,42,1,85,15,276.0,273.18824154664406
9,36,2400,60,41,1,89,16,310.0,253.63634917923434
9,36,2400,60,48,0,79,7,188.0,0.0
9,36,2400,90,35,1,135,30,544.0,411.72581607906744
9,36,2400,60,37,1,125,20,300.0,289.06161002633894
9,36,2400,90,44,0,131,18,426.0,0.0
9,36,2400,60,44,0,91,15,272.0,0.0
9,36,2400,85,42,1,121,13,294.0,188.84200291905455
9,36,2400,90,43,0,83,13,240.0,0.0
9,36,2400,80,49,1,123,15,366.0,213.48794108871994
9,36,2400,90,50,0,87,14,332.0,0.0
9,36,2400,75,41,1,89,22,438.0,492.759093592328
9,36,2400,75,36,1,95,28,490.0,422.77479543097905
9,36,2400,85,38,1,81,25,324.0,427.8627965784891
9,36,2400,70,38,0,183,22,484.0,0.0
9,36,2400,80,45,1,87,20,362.0,484.064389577911
9,36,2400,60,49,0,57,8,104.0,0.0
9,36,2400,75,46,0,127,15,330.0,0.0
9,36,2400,90,45,1,91,17,312.0,341.74487564558774
9,36,2400,75,47,0,183,15,426.0,0.0
9,36,2400,60,36,1,85,23,288.0,224.58788966786167
9,36,2400,70,37,0,133,22,422.0,0.0
9,36,2400,70,37,1,85,22,468.0,363.9697792163855
9,36,2400,75,39,0,85,19,330.0,0.0
9,36,2400,90,37,0,133,21,418.0,0.0
9,36,2400,60,49,1,125,14,268.0,125.73321107584759
9,36,2400,80,37,0,139,19,396.0,0.0
9,36,2400,65,38,1,91,28,458.0,396.8885879263337
9,36,2300,65,36,1,87,25,376.0,410.47986420463525
9,36,2300,70,42,1,75,14,258.0,263.29678304458
9,36,2400,65,38,0,125,22,544.0,0.0
9,36,2300,80,41,1,85,22,386.0,458.95029005991296
9,36,2300,60,46,0,85,10,244.0,0.0
9,36,2300,70,48,0,89,14,308.0,0.0
9,36,2300,90,36,0,89,20,416.0,0.0
9,36,2300,65,49,1,111,13,258.0,254.37386396174495
9,36,2300,70,43,0,127,16,402.0,0.0
9,36,2300,70,45,1,69,16,250.0,420.33836352377745
9,36,2300,85,44,0,135,16,342.0,0.0
9,36,2300,85,42,1,67,10,172.0,169.65618162392659
9,36,2300,75,47,1,83,14,364.0,206.24377435041137
9,36,2300,90,49,0,75,7,190.0,0.0
9,36,2300,65,36,0,121,15,370.0,0.0
9,36,2300,75,45,1,129,19,362.0,351.78249121117096
9,36,2300,80,38,0,117,26,486.0,0.0
9,36,2300,75,35,0,91,22,460.0,0.0
9,36,2300,70,37,1,133,27,622.0,340.65610844084927
9,36,2300,65,40,1,61,13,188.0,193.01882037596667
9,36,2300,65,39,1,81,22,382.0,527.471838549088
9,36,2300,60,46,1,169,18,440.0,307.62268590211045
9,36,2300,80,47,0,81,12,260.0,0.0
9,36,2300,85,48,0,71,10,234.0,0.0
9,36,2300,75,37,0,123,18,414.0,0.0
9,36,2300,60,36,1,83,25,366.0,342.50310521773406
9,36,2300,80,36,0,177,26,744.0,0.0
9,36,2300,80,47,1,59,11,230.0,177.0839603925859
9,36,2300,75,47,1,83,15,210.0,247.9818690893826
9,36,2300,80,48,0,127,14,366.0,0.0
9,36,2300,85,49,0,87,8,268.0,0.0
9,36,2300,90,38,1,129,26,460.0,438.7537253831824
9,36,2300,60,47,0,89,10,258.0,0.0
9,36,2300,65,45,0,87,11,214.0,0.0
9,36,2300,75,47,1,95,14,188.0,145.7618804540634
9,36,2300,60,35,0,129,21,474.0,0.0
9,36,2300,90,38,1,133,28,586.0,368.3454388427054
9,36,2200,60,41,1,83,14,308.0,182.34649820650822
9,36,2300,60,43,1,129,16,392.0,347.5891056411238
9,36,2300,65,39,0,133,21,550.0,0.0
9,36,2300,65,41,0,87,19,366.0,0.0
9,36,2300,85,46,1,85,13,238.0,189.01178634810185
9,36,2200,65,44,1,83,14,296.0,380.2134513147069
9,36,2200,65,37,0,127,13,298.0,0.0
9,36,2200,85,36,0,127,21,416.0,0.0
9,36,2200,90,36,1,83,25,420.0,295.31617163873506
9,36,2200,85,41,0,123,18,372.0,0.0
9,36,2200,85,50,1,61,10,112.0,203.95313027431357
9,36,2200,60,48,0,119,9,222.0,0.0
9,36,2200,90,47,1,83,16,352.0,269.2845354792526
9,36,2200,75,45,0,81,15,314.0,0.0
9,36,2200,75,42,1,53,13,208.0,250.40099293309365
9,36,2200,60,41,0,161,20,396.0,0.0
9,36,2200,85,40,0,123,15,404.0,0.0
9,36,2200,65,48,1,55,10,208.0,232.18823290125934
9,36,2200,80,42,1,81,17,258.0,330.97137866325505
9,36,2200,60,43,1,75,13,222.0,223.93457754661225
9,36,2200,85,50,1,55,8,184.0,254.0335675333873
9,36,2200,65,36,0,105,20,388.0,0.0
9,36,2200,85,47,0,147,17,474.0,0.0
9,36,2200,65,39,1,103,20,382.0,440.8905029057949
9,36,2200,75,42,0,77,16,202.0,0.0
9,36,2200,70,48,0,113,14,340.0,0.0
9,36,2200,85,47,1,79,14,296.0,177.7316628953287
9,36,2200,60,49,1,79,7,176.0,121.93312189982119
9,36,2200,60,50,0,75,9,304.0,0.0
9,36,2200,75,36,1,87,24,444.0,242.2822094240717
9,36,2200,80,37,0,109,17,374.0,0.0
9,36,2200,80,50,0,43,8,152.0,0.0
9,36,2200,75,50,1,89,15,214.0,257.9038625614813
9,36,2200,75,35,0,53,14,208.0,0.0
9,36,2200,65,41,1,69,13,194.0,239.48813597844637
9,36,2200,80,42,1,67,16,242.0,240.56376001869307
9,36,2200,75,42,0,77,16,304.0,0.0
9,36,2200,70,45,1,77,10,202.0,210.496565664534
9,36,2200,80,45,1,121,19,444.0,364.239561731049
9,36,2200,60,42,0,77,12,346.0,0.0
9,36,2200,80,50,0,113,15,356.0,0.0
9,36,2100,65,35,0,67,20,298.0,0.0
9,36,2100,75,40,1,73,22,364.0,383.8332159995082
9,36,2200,85,41,0,87,17,362.0,0.0
9,36,2100,85,43,1,65,10,194.0,144.10679765357352
9,36,2100,65,50,0,111,11,216.0,0.0
9,36,2200,70,41,1,117,13,290.0,255.09537122370187
9,36,2200,70,49,0,63,6,182.0,0.0
9,36,2100,70,49,1,55,9,164.0,129.25923221043573
9,36,2100,75,35,0,75,20,364.0,0.0
9,36,2100,70,38,0,119,15,362.0,0.0
9,36,2100,85,40,1,77,14,294.0,169.6104989039419
9,36,2100,75,38,1,155,21,430.0,246.24616707481678
9,36,2100,65,46,0,63,9,216.0,0.0
9,36,2100,90,47,0,105,16,356.0,0.0
9,36,2100,85,47,1,117,9,188.0,89.15345543267236
9,36,2100,75,46,1,77,14,216.0,239.86958916069534
9,36,2100,85,35,0,77,10,252.0,0.0
9,36,2100,75,38,1,77,12,318.0,141.5841794595447
9,36,2100,80,36,0,109,18,416.0,0.0
9,36,2100,60,43,1,75,13,256.0,235.8665870186777
9,36,2100,65,40,1,87,15,288.0,193.67796642324038
9,36,2100,85,45,1,73,11,240.0,225.183864719748
9,36,2100,70,35,0,77,17,308.0,0.0
9,36,2100,65,44,0,57,7,172.0,0.0
9,36,2100,80,41,0,65,10,220.0,0.0
9,36,2100,90,47,1,103,17,234.0,224.51875672378793
9,36,2100,70,47,1,71,9,218.0,155.5870941654778
9,36,2100,70,43,0,105,16,334.0,0.0
9,36,2100,65,49,0,75,7,176.0,0.0
9,36,2100,65,45,1,107,12,250.0,251.30079491720065
9,36,2100,60,43,1,81,16,382.0,296.5819650536498
9,36,2100,90,47,0,75,14,296.0,0.0
9,36,2100,65,35,1,81,18,274.0,201.15023840199538
9,36,2100,70,36,0,101,22,424.0,0.0
9,36,2100,90,43,0,99,11,276.0,0.0
9,36,2100,80,46,0,111,15,324.0,0.0
9,36,2100,80,44,0,41,11,228.0,0.0
9,36,2100,90,40,1,77,21,334.0,315.58157116295104
9,36,2100,90,49,1,61,12,184.0,155.7607575252186
9,36,2100,75,37,0,79,19,380.0,0.0
9,36,2100,65,41,1,83,14,260.0,352.0884396048928
9,36,2000,85,43,1,65,17,170.0,316.5629399647706
9,36,2100,75,43,0,149,12,332.0,0.0
9,36,2000,80,46,0,69,11,136.0,0.0
9,36,2000,70,49,1,71,11,248.0,124.80506137568804
9,36,2000,80,48,0,71,8,154.0,0.0
9,36,2100,85,36,1,77,16,312.0,180.6083725612544
9,36,2000,70,37,0,105,18,308.0,0.0
9,36,2000,65,38,1,61,11,230.0,116.60628938730729
9,36,2000,75,40,0,67,14,194.0,0.0
9,36,2000,80,42,0,79,11,222.0,0.0
9,36,2000,65,46,1,77,7,126.0,94.59893389335838
9,36,2000,85,44,1,109,15,376.0,387.24750135535635
9,36,2000,90,40,1,75,18,236.0,198.10274693482458
9,36,2000,85,49,0,105,13,258.0,0.0
9,36,2000,85,35,1,123,22,390.0,232.6048683571057
9,36,2000,85,40,1,75,13,196.0,112.79297583512933
9,36,2000,75,44,0,71,12,262.0,0.0
9,36,2000,65,44,0,77,5,186.0,0.0
9,36,2000,65,49,0,65,10,190.0,0.0
9,36,2000,80,48,1,113,11,238.0,289.2066293559496
9,36,2000,70,49,1,91,16,220.0,219.59001827053564
9,36,2000,80,50,1,109,10,198.0,251.60219136555966
9,36,2000,80,47,0,65,8,142.0,0.0
9,36,2000,70,42,0,99,11,238.0,0.0
9,36,2000,75,39,1,73,15,222.0,334.5679379719989
9,36,2000,70,47,0,77,11,206.0,0.0
9,36,2000,60,49,0,67,6,174.0,0.0
9,36,2000,90,42,1,71,16,220.0,270.5625528381263
9,36,2000,85,50,0,55,10,124.0,0.0
9,36,2000,60,50,1,153,12,312.0,340.2144448974119
9,36,2000,60,49,1,109,7,196.0,142.4636274037601
9,36,2000,90,41,0,79,10,194.0,0.0
9,36,2000,65,37,1,67,10,268.0,203.97363056023525
9,36,2000,60,42,1,79,13,214.0,194.34112562825416
9,36,2000,90,39,1,85,16,288.0,425.19071204048
9,36,2000,60,41,0,111,14,316.0,0.0
9,36,2000,60,48,0,73,12,230.0,0.0
9,36,2000,80,39,0,105,14,270.0,0.0
9,36,2000,85,44,1,81,14,302.0,306.9759868929712
9,36,2000,85,41,0,109,16,268.0,0.0
9,36,2000,75,37,1,119,16,304.0,141.972560083579
9,36,2000,75,41,0,77,12,208.0,0.0
9,36,1900,85,42,0,73,10,230.0,0.0
9,36,1900,70,44,1,61,11,158.0,246.23276917603872
9,36,1900,65,45,1,61,10,202.0,180.99523597578195
9,36,1900,65,36,1,55,20,228.0,186.6054148501518
9,36,1900,80,41,0,65,7,166.0,0.0
9,36,1900,70,50,1,33,2,34.0,34.6904335451785
9,36,1900,80,35,1,51,21,248.0,198.75245451071734
9,36,1900,85,36,0,113,12,314.0,0.0
9,36,1900,80,38,0,105,12,286.0,0.0
9,36,1900,70,43,1,89,14,268.0,247.52895765685116
9,36,1900,85,38,0,141,17,306.0,0.0
9,36,1900,65,50,0,69,4,124.0,0.0
9,36,1900,80,50,0,71,7,226.0,0.0
9,36,1900,85,49,1,67,9,188.0,150.4060794262163
9,36,1900,90,38,1,69,13,200.0,172.08069858112046
9,36,1900,75,35,0,37,11,252.0,0.0
9,36,1900,65,37,1,91,15,286.0,175.14820206662236
9,36,1900,60,42,0,73,9,212.0,0.0
9,36,1900,75,46,1,53,10,120.0,133.01726218961628
9,36,1900,65,49,0,107,10,206.0,0.0
9,36,1900,75,38,1,53,13,248.0,208.6959649040438
9,36,1900,85,44,0,55,11,258.0,0.0
9,36,1900,60,47,1,61,3,94.0,56.4330699075083
9,36,1900,85,35,1,53,12,186.0,171.6423923180324
9,36,1900,65,38,0,131,10,230.0,0.0
9,36,1900,80,39,0,107,13,310.0,0.0
9,36,1900,60,42,0,75,7,208.0,0.0
9,36,1900,80,45,0,51,9,202.0,0.0
9,36,1900,75,47,1,43,9,88.0,102.43557921626706
9,36,1900,70,48,1,71,11,244.0,314.6916234227892
9,36,1900,70,48,1,69,5,162.0,182.43463003059242
9,36,1900,70,37,1,63,17,218.0,345.8140346412168
9,36,1900,90,38,1,55,7,154.0,101.94630356292036
9,36,1900,90,45,0,107,10,210.0,0.0
9,36,1900,85,43,0,55,9,124.0,0.0
9,36,1900,85,50,0,73,5,168.0,0.0
9,36,1900,75,44,0,63,10,194.0,0.0
9,36,1900,60,40,1,61,11,128.0,120.65858944382582
9,36,1900,70,45,1,67,14,232.0,255.53060577155938
9,36,1800,60,35,0,67,7,160.0,0.0
9,36,1800,80,42,0,101,10,262.0,0.0
9,36,1800,65,44,1,67,8,202.0,217.4853129052005
9,36,1800,65,47,1,65,7,140.0,112.58021219316915
9,36,1800,75,39,0,69,9,242.0,0.0
9,36,1800,85,37,1,61,17,206.0,237.77867047038532
9,36,1900,65,38,0,63,10,156.0,0.0
9,36,1800,80,41,1,45,8,110.0,118.89125367086922
9,36,1800,65,37,1,113,12,208.0,173.3207634412294
9,36,1800,60,42,0,99,6,166.0,0.0
9,36,1800,85,43,1,55,11,160.0,192.37312364909872
9,36,1800,70,36,1,33,6,102.0,60.26855717252873
9,36,1800,85,44,0,67,10,136.0,0.0
9,36,1800,90,48,1,45,6,144.0,252.2702744140748
9,36,1800,65,46,0,59,6,118.0,0.0
9,36,1800,60,49,0,33,3,68.0,0.0
9,36,1800,65,37,1,71,9,136.0,133.42579784668374
9,36,1800,65,37,1,41,11,172.0,175.11440782106615
9,36,1800,75,40,0,63,6,152.0,0.0
9,36,1800,90,39,1,75,19,292.0,442.9557690802996
9,36,1800,80,43,0,93,9,218.0,0.0
9,36,1800,85,46,1,61,4,126.0,57.39966044776406
9,36,1800,85,41,0,89,9,246.0,0.0
9,36,1800,65,41,0,121,12,368.0,0.0
9,36,1800,80,36,0,71,11,218.0,0.0
9,36,1800,75,38,0,93,13,252.0,0.0
9,36,1800,75,36,0,103,14,360.0,0.0
9,36,1800,80,42,0,79,9,174.0,0.0
9,36,1800,75,49,1,51,7,82.0,60.93140672399139
9,36,1800,60,45,1,35,5,94.0,100.28753835234471
9,36,1800,75,45,1,65,8,150.0,208.22760976052527
9,36,1800,75,44,1,47,12,186.0,272.7503763321127
9,36,1800,80,37,1,89,15,220.0,163.98362917231282
9,36,1800,60,42,1,61,9,112.0,167.22631728040534
9,36,1800,75,40,1,65,11,156.0,159.60620685652083
9,36,1800,90,44,0,33,4,104.0,0.0
9,36,1800,65,48,0,55,3,56.0,0.0
9,36,1800,90,44,0,65,11,214.0,0.0
9,36,1800,90,46,1,97,11,232.0,149.45025108408896
9,36,1800,60,41,0,139,13,306.0,0.0
9,36,1800,80,39,0,93,10,214.0,0.0
9,36,1700,70,41,1,55,9,138.0,200.24970021351328
9,36,1700,75,45,0,87,11,206.0,0.0
9,36,1700,75,43,1,33,4,82.0,57.133136915377946
9,36,1700,90,43,0,45,6,134.0,0.0
9,36,1700,70,46,1,69,7,98.0,66.42555104296905
9,36,1700,70,47,0,31,3,64.0,0.0
9,36,1700,90,39,1,67,14,168.0,251.04462218925815
9,36,1700,75,41,0,59,7,118.0,0.0
9,36,1700,85,39,0,45,7,140.0,0.0
9,36,1700,90,42,1,61,9,130.0,133.53088464574782
9,36,1700,65,45,1,45,5,110.0,89.44727118455516
9,36,1700,60,46,0,101,7,134.0,0.0
9,36,1700,80,49,0,63,5,88.0,0.0
9,36,1700,70,48,1,45,5,46.0,155.26540695607824
9,36,1700,90,44,1,51,6,134.0,170.78270758099308
9,36,1700,65,37,1,35,3,36.0,30.584207573713762
9,36,1700,80,39,0,101,12,238.0,0.0
9,36,1700,75,41,0,147,11,242.0,0.0
9,36,1700,80,39,0,51,7,114.0,0.0
9,36,1700,75,46,0,147,8,192.0,0.0
9,36,1700,60,48,1,9,1,10.0,0.0
9,36,1700,65,37,1,33,8,148.0,198.4730560809798
9,36,1700,90,44,1,37,8,104.0,108.30775978791554
9,36,1700,60,36,0,65,8,150.0,0.0
9,36,1700,85,42,0,61,8,126.0,0.0
9,36,1700,60,48,1,77,8,134.0,199.3795262725695
9,36,1700,90,49,1,55,4,82.0,38.00538136188219
9,36,1700,80,49,1,101,10,190.0,73.19692726125712
9,36,1700,80,49,0,63,9,160.0,0.0
9,36,1700,90,46,1,39,12,198.0,145.69736519731094
9,36,1700,90,50,0,33,6,118.0,0.0
9,36,1700,90,36,0,99,16,290.0,0.0
9,36,1700,80,38,0,85,16,228.0,0.0
9,36,1700,90,35,0,63,15,254.0,0.0
9,36,1700,80,45,1,43,9,126.0,195.7270824386525
9,36,1700,85,40,1,63,10,204.0,111.83068793375523
9,36,1700,90,50,0,77,7,140.0,0.0
9,36,1700,70,44,1,79,11,198.0,243.57571833014262
9,36,1700,65,50,1,47,6,116.0,162.74264886831267
9,36,1600,90,36,1,87,11,196.0,88.58866461118673
9,36,1700,85,40,0,89,10,242.0,0.0
9,36,1600,90,39,0,87,13,206.0,0.0
9,36,1600,85,41,1,43,10,138.0,238.07169738365323
9,36,1600,80,39,1,43,10,136.0,193.80156087838427
9,36,1600,75,47,0,21,2,32.0,0.0
9,36,1600,65,37,1,45,8,104.0,86.04723792266246
9,36,1600,60,40,0,59,4,90.0,0.0
9,36,1600,60,35,0,81,14,176.0,0.0
9,36,1600,65,36,1,69,10,166.0,79.41726678395936
9,36,1600,65,44,1,37,5,62.0,155.6164872091602
9,36,1600,60,41,0,31,4,84.0,0.0
9,36,1600,80,49,0,83,10,148.0,0.0
9,36,1600,75,48,1,45,4,78.0,141.45713689818783
9,36,1600,60,47,0,59,5,82.0,0.0
9,36,1600,70,49,1,61,7,112.0,52.64303422615413
9,36,1600,80,39,0,29,7,88.0,0.0
9,36,1600,75,43,0,87,12,238.0,0.0
9,36,1600,65,37,0,89,12,216.0,0.0
9,36,1600,70,42,1,49,7,84.0,103.22444975693027
9,36,1600,90,45,1,39,5,72.0,68.99787730818196
9,36,1600,75,44,1,81,9,154.0,237.8974164011753
9,36,1600,90,37,1,61,8,164.0,97.21564459470301
9,36,1600,80,49,0,31,2,60.0,0.0
9,36,1600,70,35,1,41,14,202.0,170.92896637857223
9,36,1600,85,37,1,53,11,116.0,119.00867393018423
9,36,1600,80,47,0,61,8,118.0,0.0
9,36,1600,65,41,1,31,2,56.0,60.020057490843485
9,36,1600,90,47,0,31,4,86.0,0.0
9,36,1600,60,49,0,61,5,88.0,0.0
9,36,1600,60,44,1,57,5,132.0,98.7802652388734
9,36,1600,65,46,0,97,8,158.0,0.0
9,36,1600,75,39,1,59,11,160.0,260.1464602773887
9,36,1600,70,40,1,29,5,84.0,52.48219030532572
9,36,1600,80,41,1,41,11,142.0,187.46776551831778
9,36,1600,85,45,0,51,5,78.0,0.0
9,36,1600,60,48,0,55,6,106.0,0.0
9,36,1600,85,50,0,25,4,72.0,0.0
9,36,1600,65,46,0,73,8,164.0,0.0
9,36,1600,75,36,1,61,11,152.0,78.351176004146
9,36,1500,75,37,1,39,9,100.0,169.41818794592882
9,36,1500,60,36,1,27,4,42.0,17.619429364113856
9,36,1600,75,45,0,29,5,82.0,0.0
9,36,1500,75,48,0,29,2,40.0,0.0
9,36,1500,60,47,1,49,3,50.0,29.888332962631882
9,36,1500,90,48,0,47,6,76.0,0.0
9,36,1500,65,50,0,29,4,50.0,0.0
9,36,1500,80,47,1,87,11,140.0,109.9619014164217
9,36,1500,60,35,0,81,6,110.0,0.0
9,36,1500,70,36,0,41,7,114.0,0.0
9,36,1500,85,39,0,103,12,212.0,0.0
9,36,1500,70,45,1,57,5,58.0,46.844014058347994
9,36,1500,85,48,0,83,8,138.0,0.0
9,36,1500,80,49,1,59,9,160.0,141.5776959016982
9,36,1500,70,46,1,47,3,48.0,46.51786301548326
9,36,1500,70,48,1,51,5,106.0,142.48944669946118
9,36,1500,60,35,0,57,9,132.0,0.0
9,36,1500,70,37,1,43,11,108.0,170.39277301700398
9,36,1500,85,36,1,51,9,154.0,92.28498014128358
9,36,1500,60,44,0,75,6,130.0,0.0
9,36,1500,65,49,0,27,3,74.0,0.0
9,36,1500,75,49,1,55,5,136.0,82.426222115708
9,36,1500,90,38,1,83,15,198.0,179.2977289997209
9,36,1500,65,46,0,117,11,168.0,0.0
9,36,1500,65,35,0,29,9,108.0,0.0
9,36,1500,90,38,0,99,9,202.0,0.0
9,36,1500,70,38,1,59,4,80.0,34.26933423219751
9,36,1500,90,36,1,49,8,98.0,59.652823551379676
9,36,1500,90,38,0,59,10,162.0,0.0
9,36,1500,90,43,1,73,7,110.0,89.81721666527987
9,36,1500,85,46,0,77,7,136.0,0.0
9,36,1500,60,40,1,29,5,78.0,82.115312214781
9,36,1500,65,42,1,49,5,90.0,79.0742868310637
9,36,1500,60,44,1,53,7,106.0,150.38119167918705
9,36,1500,70,45,0,55,8,156.0,0.0
9,36,1500,60,48,0,73,7,160.0,0.0
9,36,1500,65,46,1,23,3,42.0,59.76049421443097
9,36,1500,75,45,0,29,3,58.0,0.0
9,36,1500,70,39,0,83,16,268.0,0.0
9,36,1500,75,47,1,55,4,86.0,49.00300243338336
9,35,3000,85,42,0,109,29,546.0,0.0
9,35,3000,80,44,1,111,25,636.0,552.1502911494312
9,35,3000,85,43,0,155,30,764.0,0.0
9,35,3000,85,42,0,219,32,768.0,0.0
9,35,3000,60,50,1,99,16,404.0,437.25245118126713
9,35,3000,90,50,1,163,21,404.0,424.02939317864514
9,35,3000,75,35,1,75,35,548.0,403.8503511681857
9,36,1500,75,48,0,21,4,40.0,0.0
9,35,3000,90,37,0,115,32,644.0,0.0
9,35,3000,75,41,1,103,27,492.0,576.3147676270592
9,35,3000,65,42,0,105,23,534.0,0.0
9,35,3000,65,50,1,113,20,540.0,678.7101200078193
9,35,3000,70,50,1,97,18,486.0,520.7279889968099
9,35,3000,90,47,1,109,30,590.0,490.7733330064767
9,35,3000,80,49,0,149,15,482.0,0.0
9,35,3000,60,45,0,163,20,512.0,0.0
9,35,3000,65,36,1,115,33,678.0,427.874550571217
9,35,3000,90,38,0,119,29,604.0,0.0
9,35,3000,65,39,0,113,28,728.0,0.0
9,35,3000,80,40,0,111,31,770.0,0.0
9,35,3000,75,44,1,171,24,598.0,484.50541883240936
9,35,3000,60,49,1,91,13,242.0,163.9003890597759
9,35,3000,85,49,0,119,18,538.0,0.0
9,35,3000,65,38,1,83,28,502.0,546.2940374717897
9,35,3000,70,35,0,119,30,464.0,0.0
9,35,3000,80,36,0,103,31,482.0,0.0
9,35,3000,85,49,1,157,22,642.0,442.4349200417998
9,35,3000,65,48,1,149,22,554.0,570.4535343134604
9,35,3000,65,40,1,163,25,680.0,401.7526511808662
9,35,3000,75,35,0,115,35,704.0,0.0
9,35,3000,65,35,0,173,32,772.0,0.0
9,35,3000,65,39,1,95,32,486.0,697.2530484673005
9,35,3000,65,40,0,111,28,706.0,0.0
9,35,3000,80,46,1,115,27,634.0,422.8301645157535
9,35,3000,80,47,1,95,21,468.0,397.6967043349224
9,35,3000,65,48,1,109,25,426.0,780.5836698626247
9,35,3000,75,48,0,171,19,532.0,0.0
9,35,3000,65,46,0,115,16,564.0,0.0
9,35,3000,90,49,0,147,24,606.0,0.0
9,35,3000,65,49,1,79,19,322.0,202.70260132710123
9,35,3000,90,43,0,153,29,632.0,0.0
9,35,2900,70,41,1,163,27,710.0,547.0414142636487
9,35,2900,60,39,1,101,24,504.0,505.9748334820671
9,35,2900,85,45,0,207,27,784.0,0.0
9,35,2900,90,39,1,161,31,790.0,617.0254199025563
9,35,2900,80,46,0,109,18,466.0,0.0
9,35,2900,65,49,1,171,20,656.0,302.44288965365104
9,35,2900,80,50,0,109,15,316.0,0.0
9,35,2900,60,43,1,149,29,676.0,508.6470578065803
9,35,2900,75,40,0,101,28,564.0,0.0
9,35,2900,75,37,1,151,34,642.0,497.07400939248043
9,35,2900,90,41,1,107,28,552.0,582.1755770721672
9,35,2900,60,39,0,161,24,710.0,0.0
9,35,2900,75,46,1,77,26,426.0,512.4038865559978
9,35,2900,90,48,0,165,23,574.0,0.0
9,35,2900,80,45,0,201,22,602.0,0.0
9,35,2900,70,47,0,151,18,526.0,0.0
9,35,2900,75,40,0,161,27,668.0,0.0
9,35,2900,70,42,1,103,25,510.0,435.2328074414487
9,35,2900,75,37,1,75,28,508.0,463.76654893044264
9,35,2900,70,37,0,103,27,572.0,0.0
9,35,2900,70,40,0,159,27,718.0,0.0
9,35,2900,60,47,0,107,19,504.0,0.0
9,35,2900,65,44,1,107,28,492.0,610.1407969606149
9,35,2900,70,45,1,213,25,580.0,510.223401447548
9,35,2900,75,44,1,107,23,490.0,501.47105316660515
9,35,2900,85,48,0,99,16,452.0,0.0
9,35,2900,70,41,1,109,27,644.0,471.1392846671197
9,35,2900,90,36,0,277,32,808.0,0.0
9,35,2900,65,38,1,169,30,800.0,558.6357098979328
9,35,2900,65,40,1,137,28,508.0,498.40358506126915
9,35,2900,70,46,1,215,23,612.0,383.1367721197552
9,35,2900,60,42,0,141,18,464.0,0.0
9,35,2900,65,43,0,109,18,476.0,0.0
9,35,2900,85,41,1,113,28,694.0,591.8765118256154
9,35,2800,90,37,1,109,33,578.0,501.65992188330483
9,35,2900,75,36,1,111,34,606.0,476.2460058284905
9,35,2900,70,37,1,113,28,542.0,533.1567187448421
9,35,2900,65,39,0,159,27,654.0,0.0
9,35,2900,85,41,0,225,28,820.0,0.0
9,35,2900,70,44,0,157,22,586.0,0.0
9,35,2900,80,43,0,109,26,638.0,0.0
9,35,2800,60,35,1,107,31,592.0,469.1889588294295
9,35,2800,70,36,1,99,27,576.0,423.70972030714995
9,35,2800,70,35,0,151,31,486.0,0.0
9,35,2800,60,35,1,153,32,522.0,398.7967346501756
9,35,2800,90,37,0,105,31,624.0,0.0
9,35,2800,65,37,0,109,21,520.0,0.0
9,35,2800,90,41,0,147,23,520.0,0.0
9,35,2800,65,35,1,155,32,592.0,515.363896585318
9,35,2800,70,35,0,159,33,644.0,0.0
9,35,2800,65,42,0,191,23,690.0,0.0
9,35,2800,60,39,0,157,23,614.0,0.0
9,35,2800,80,46,1,107,22,552.0,417.93236995289044
9,35,2800,65,48,1,103,24,448.0,485.8171870625462
9,35,2800,70,44,0,143,22,522.0,0.0
9,35,2800,80,47,1,77,24,412.0,363.9057260240467
9,35,2800,75,44,0,159,23,612.0,0.0
9,35,2800,90,37,1,157,30,490.0,532.6464158668656
9,35,2800,90,40,0,191,26,456.0,0.0
9,35,2800,75,39,1,95,30,464.0,697.6141464881225
9,35,2800,75,39,0,161,28,724.0,0.0
9,35,2800,80,48,1,93,23,352.0,478.12374751906657
9,35,2800,90,48,0,105,19,422.0,0.0
9,35,2800,90,40,1,111,32,620.0,568.5302397715702
9,35,2800,75,41,1,145,18,402.0,280.2248217405338
9,35,2800,85,40,1,97,30,510.0,444.6023147240062
9,35,2800,90,38,0,105,31,530.0,0.0
9,35,2800,60,45,0,111,22,526.0,0.0
9,35,2800,65,41,1,107,26,520.0,583.967350316216
9,35,2800,60,37,1,157,27,552.0,420.0750518056697
9,35,2800,65,38,1,109,22,368.0,379.9626888704496
9,35,2800,85,40,0,149,27,642.0,0.0
9,35,2800,65,41,0,101,22,616.0,0.0
9,35,2800,85,50,0,111,16,456.0,0.0
9,35,2800,90,49,1,109,24,482.0,401.1893267156203
9,35,2800,90,37,1,155,29,626.0,437.20554883727533
9,35,2800,75,36,0,111,32,706.0,0.0
9,35,2800,90,43,0,103,27,502.0,0.0
9,35,2800,75,45,1,101,17,466.0,318.75832251377716
9,35,2700,80,37,1,105,31,696.0,546.9182402060064
9,35,2800,60,40,0,103,21,380.0,0.0
9,35,2700,80,44,1,147,21,386.0,432.782267222683
9,35,2700,65,47,1,95,17,414.0,287.9670662637788
9,35,2700,70,41,0,149,27,514.0,0.0
9,35,2700,75,42,0,203,22,726.0,0.0
9,35,2700,75,37,0,157,28,672.0,0.0
9,35,2700,60,40,1,105,25,438.0,362.0347869300571
9,35,2700,90,44,1,143,26,494.0,626.1722567344577
9,35,2700,60,37,0,145,19,500.0,0.0
9,35,2700,75,41,0,101,24,456.0,0.0
9,35,2700,80,48,0,157,21,480.0,0.0
9,35,2700,75,50,1,145,13,334.0,326.0268700598443
9,35,2700,70,49,0,99,18,374.0,0.0
9,35,2700,90,40,1,75,29,408.0,482.1965887021009
9,35,2700,70,39,0,153,28,662.0,0.0
9,35,2700,90,36,0,133,29,638.0,0.0
9,35,2700,85,36,1,105,29,558.0,369.6351924862837
9,35,2700,65,38,1,105,22,494.0,365.6646858987305
9,35,2700,70,48,1,67,20,362.0,431.9165471758524
9,35,2700,85,35,0,147,33,716.0,0.0
9,35,2700,60,38,1,143,24,652.0,333.0282348138194
9,35,2700,85,48,0,149,18,456.0,0.0
9,35,2700,65,49,1,109,17,430.0,220.34337005668874
9,35,2700,75,36,1,153,22,498.0,316.52895238479334
9,35,2700,75,38,1,103,30,610.0,520.7763509595695
9,35,2700,65,40,0,157,27,690.0,0.0
9,35,2700,75,40,0,103,23,436.0,0.0
9,35,2700,70,47,0,103,13,338.0,0.0
9,35,2700,75,44,1,147,21,548.0,430.76513864638673
9,35,2700,75,49,0,175,20,468.0,0.0
9,35,2700,85,49,1,109,17,406.0,177.4160030370546
9,35,2700,60,35,1,141,25,538.0,372.6106014668605
9,35,2700,60,37,0,201,27,586.0,0.0
9,35,2700,85,41,1,101,22,480.0,447.5363803268678
9,35,2700,60,42,1,73,23,370.0,471.0330534598508
9,35,2700,65,46,1,55,17,350.0,262.0874178045069
9,35,2700,60,49,0,131,12,344.0,0.0
9,35,2700,75,41,0,101,22,494.0,0.0
9,35,2700,75,49,0,99,17,438.0,0.0
9,35,2600,90,35,0,189,27,668.0,0.0
9,35,2600,85,39,0,101,19,418.0,0.0
9,35,2600,90,38,1,95,26,518.0,287.0296387634247
9,35,2700,70,40,0,145,19,488.0,0.0
9,35,2600,80,42,1,97,24,454.0,493.9311453141707
9,35,2600,70,46,1,63,10,182.0,178.0912852156589
9,35,2600,75,41,0,99,24,526.0,0.0
9,35,2600,60,46,1,139,16,356.0,230.17087052532713
9,35,2600,75,36,1,83,28,476.0,342.31705649318945
9,35,2600,90,35,0,153,28,506.0,0.0
9,35,2600,80,38,1,121,28,550.0,471.56234908428513
9,35,2600,90,47,0,91,16,328.0,0.0
9,35,2600,70,49,1,81,16,268.0,197.78225502736925
9,35,2600,90,48,1,121,21,400.0,506.4582403022642
9,35,2600,90,36,0,153,27,682.0,0.0
9,35,2600,80,45,0,97,20,506.0,0.0
9,35,2600,60,36,1,95,29,524.0,470.2115865858455
9,35,2600,85,38,0,97,25,488.0,0.0
9,35,2600,70,38,0,103,25,424.0,0.0
9,35,2600,85,44,1,63,23,338.0,469.0337945325089
9,35,2600,60,44,1,181,21,460.0,396.3336420294101
9,35,2600,85,45,0,139,19,474.0,0.0
9,35,2600,90,39,0,101,24,448.0,0.0
9,35,2600,80,46,1,139,18,556.0,325.7740833050003
9,35,2600,65,41,1,103,26,510.0,535.3127477376977
9,35,2600,90,41,1,111,22,466.0,395.1761712148591
9,35,2600,60,43,0,193,18,534.0,0.0
9,35,2600,60,39,0,103,17,432.0,0.0
9,35,2600,80,45,1,115,20,456.0,467.46695451249667
9,35,2600,60,42,1,193,21,496.0,343.43050367223884
9,35,2600,90,35,0,141,30,524.0,0.0
9,35,2600,80,42,0,99,20,424.0,0.0
9,35,2600,60,35,1,95,30,574.0,509.15752497643757
9,35,2600,65,36,0,101,23,574.0,0.0
9,35,2600,70,40,0,183,22,598.0,0.0
9,35,2600,65,38,1,129,19,508.0,328.64684846543366
9,35,2600,80,44,0,145,20,384.0,0.0
9,35,2600,75,48,1,69,17,268.0,328.27422433125935
9,35,2600,90,40,1,81,27,478.0,372.2017748222961
9,35,2600,75,39,0,133,19,600.0,0.0
9,35,2500,85,43,0,187,17,466.0,0.0
9,35,2500,65,43,1,105,24,460.0,470.80131007657127
9,35,2500,90,44,1,103,19,358.0,486.5257751408604
9,35,2500,90,43,0,133,19,552.0,0.0
9,35,2500,75,46,1,65,12,210.0,192.267127607103
9,35,2600,70,48,0,143,19,502.0,0.0
9,35,2500,65,38,1,117,22,420.0,427.138222034939
9,35,2500,85,39,0,137,25,480.0,0.0
9,35,2500,90,36,1,115,27,546.0,405.93645295827315
9,35,2500,85,38,0,95,23,448.0,0.0
9,35,2500,80,36,0,125,24,410.0,0.0
9,35,2500,85,38,0,143,29,678.0,0.0
9,35,2500,90,42,0,91,23,422.0,0.0
9,35,2500,85,50,1,109,20,378.0,459.10836630841175
9,35,2500,70,45,1,59,13,242.0,291.16928805633114
9,35,2500,85,50,1,127,21,414.0,463.0108544603433
9,35,2500,80,36,1,99,32,616.0,396.34692988854783
9,35,2500,75,37,0,143,29,542.0,0.0
9,35,2500,60,37,1,99,24,504.0,329.0217085693006
9,35,2500,85,42,1,91,22,336.0,314.82006614956475
9,35,2500,90,38,1,83,29,400.0,400.77168094998444
9,35,2500,60,41,0,91,21,420.0,0.0
9,35,2500,90,46,0,171,21,546.0,0.0
9,35,2500,75,49,0,85,10,248.0,0.0
9,35,2500,60,36,1,81,21,440.0,212.97963940042578
9,35,2500,90,42,0,99,21,496.0,0.0
9,35,2500,85,43,0,113,19,496.0,0.0
9,35,2500,65,44,0,95,18,452.0,0.0
9,35,2500,90,47,1,95,14,330.0,258.65534465992624
9,35,2500,85,46,1,95,20,358.0,305.0400205698401
9,35,2500,65,46,0,89,13,336.0,0.0
9,35,2500,65,45,1,93,13,302.0,324.4093068380866
9,35,2500,70,37,0,99,23,514.0,0.0
9,35,2500,75,42,1,143,18,396.0,303.8386129470394
9,35,2500,75,46,1,79,22,334.0,348.3234683228174
9,35,2500,90,47,1,97,21,376.0,378.44489068009693
9,35,2500,80,49,0,139,13,348.0,0.0
9,35,2500,80,49,0,175,11,420.0,0.0
9,35,2500,70,37,0,129,25,674.0,0.0
9,35,2500,80,48,1,73,14,320.0,476.5407552119705
9,35,2400,80,35,1,133,23,396.0,267.4372537198482
9,35,2400,70,43,1,91,15,284.0,253.34809983382235
9,35,2400,90,41,1,91,23,402.0,481.09209416725855
9,35,2400,75,49,0,71,10,162.0,0.0
9,35,2400,75,47,1,69,16,212.0,160.4882146930005
9,35,2500,65,42,0,139,14,408.0,0.0
9,35,2400,70,50,0,63,7,152.0,0.0
9,35,2400,90,35,0,87,26,436.0,0.0
9,35,2400,65,37,1,171,20,408.0,433.18300406082346
9,35,2400,65,36,1,137,16,554.0,220.84447550680466
9,35,2400,75,37,0,129,27,554.0,0.0
9,35,2400,75,40,0,135,22,440.0,0.0
9,35,2400,70,47,0,89,11,214.0,0.0
9,35,2400,65,48,0,129,13,268.0,0.0
9,35,2400,70,48,1,129,11,278.0,297.5845215126669
9,35,2400,80,48,1,121,15,266.0,315.06162878160455
9,35,2400,75,39,1,95,23,402.0,500.4817606141062
9,35,2400,90,44,1,87,20,470.0,376.440584991536
9,35,2400,90,46,0,135,17,334.0,0.0
9,35,2400,85,45,0,65,11,218.0,0.0
9,35,2400,65,41,1,141,14,406.0,245.60879406957622
9,35,2400,80,44,0,91,12,302.0,0.0
9,35,2400,65,50,0,131,7,264.0,0.0
9,35,2400,80,45,1,135,13,442.0,374.0737009968048
9,35,2400,80,40,0,137,17,502.0,0.0
9,35,2400,90,41,1,107,21,320.0,500.4892526330546
9,35,2400,90,44,0,187,24,630.0,0.0
9,35,2400,80,43,1,83,20,296.0,412.12962772730356
9,35,2400,80,44,0,139,22,526.0,0.0
9,35,2400,65,47,0,93,16,390.0,0.0
9,35,2400,75,48,1,93,14,354.0,209.65724564216742
9,35,2400,90,44,1,61,19,290.0,412.91401675398583
9,35,2400,80,39,0,151,25,472.0,0.0
9,35,2400,60,38,0,137,22,602.0,0.0
9,35,2400,65,40,1,67,15,284.0,269.60898232910824
9,35,2400,75,45,0,137,17,408.0,0.0
9,35,2400,80,44,1,49,13,268.0,282.0341716087267
9,35,2400,65,40,0,87,17,430.0,0.0
9,35,2400,60,44,1,93,12,330.0,298.9114118388075
9,35,2400,90,46,1,127,16,236.0,146.3189538843861
9,35,2300,80,36,1,57,26,280.0,316.29745017619575
9,35,2300,70,40,0,91,18,372.0,0.0
9,35,2300,60,43,0,89,18,494.0,0.0
9,35,2300,60,44,1,83,16,258.0,315.3434346685394
9,35,2400,80,44,0,121,19,444.0,0.0
9,35,2300,75,45,1,85,12,268.0,221.7333197363442
9,35,2300,75,37,0,81,21,358.0,0.0
9,35,2300,75,46,1,63,11,164.0,132.2960420725581
9,35,2300,65,38,1,59,22,302.0,294.3975464392693
9,35,2300,90,41,0,91,19,356.0,0.0
9,35,2300,60,43,0,69,12,314.0,0.0
9,35,2300,60,43,1,89,12,220.0,187.2666767827371
9,35,2300,65,47,0,71,4,162.0,0.0
9,35,2300,85,47,1,95,13,236.0,149.76555103506425
9,35,2300,80,48,1,87,17,354.0,369.2349677957218
9,35,2300,85,45,0,133,15,440.0,0.0
9,35,2300,65,35,1,83,19,308.0,172.35574446327712
9,35,2300,75,36,0,121,23,444.0,0.0
9,35,2300,70,37,1,177,20,464.0,324.1501002446963
9,35,2300,90,42,0,167,18,426.0,0.0
9,35,2300,90,42,0,157,18,404.0,0.0
9,35,2300,65,48,0,45,5,86.0,0.0
9,35,2300,90,35,1,123,32,484.0,432.25310108033426
9,35,2300,90,47,1,133,19,344.0,319.618837635929
9,35,2300,60,37,1,91,19,404.0,264.85602210146857
9,35,2300,90,41,0,89,20,388.0,0.0
9,35,2300,70,42,0,83,12,240.0,0.0
9,35,2300,75,46,1,87,12,228.0,204.55398432587123
9,35,2300,60,47,1,61,7,144.0,127.85285680639078
9,35,2300,90,41,0,91,17,402.0,0.0
9,35,2300,70,42,1,81,16,334.0,371.16268179214313
9,35,2300,70,46,0,89,18,352.0,0.0
9,35,2300,85,35,0,91,28,526.0,0.0
9,35,2300,85,36,0,127,26,498.0,0.0
9,35,2300,70,37,1,69,23,348.0,430.0894516114868
9,35,2300,90,38,0,135,25,576.0,0.0
9,35,2300,85,46,1,83,20,402.0,239.708238552096
9,35,2300,90,50,1,81,8,144.0,148.5733637583528
9,35,2300,80,38,1,81,19,356.0,394.6930062922052
9,35,2300,90,40,0,87,17,422.0,0.0
9,35,2200,60,37,0,125,17,432.0,0.0
9,35,2200,80,41,1,73,17,184.0,382.56769428001485
9,35,2200,60,39,1,123,23,480.0,555.5808015334492
9,35,2200,60,46,0,103,10,282.0,0.0
9,35,2200,60,46,0,87,8,204.0,0.0
9,35,2300,75,48,0,109,9,180.0,0.0
9,35,2200,85,42,1,85,18,344.0,320.1289799873652
9,35,2200,75,49,1,83,13,248.0,161.1200892728567
9,35,2200,60,41,1,73,14,212.0,243.11695494927935
9,35,2200,75,45,0,85,10,206.0,0.0
9,35,2200,85,47,1,61,15,148.0,169.9038017972766
9,35,2200,70,49,1,77,10,258.0,137.0897614417627
9,35,2200,70,45,0,43,7,150.0,0.0
9,35,2200,65,47,0,81,8,206.0,0.0
9,35,2200,70,47,1,69,10,178.0,110.46128579289153
9,35,2200,90,47,0,71,12,226.0,0.0
9,35,2200,70,38,1,77,20,368.0,263.5813794298685
9,35,2200,80,45,0,111,8,198.0,0.0
9,35,2200,60,46,1,81,14,180.0,166.80930284955613
9,35,2200,70,46,0,87,9,240.0,0.0
9,35,2200,80,45,0,169,12,374.0,0.0
9,35,2200,85,47,1,75,12,232.0,145.09905211083765
9,35,2200,80,44,0,123,11,266.0,0.0
9,35,2200,80,48,1,121,13,256.0,295.015491458281
9,35,2200,65,41,1,99,11,244.0,156.3986074637435
9,35,2200,65,40,0,79,11,282.0,0.0
9,35,2200,65,42,1,53,16,246.0,163.38121651088477
9,35,2200,60,44,0,87,12,272.0,0.0
9,35,2200,60,44,0,69,11,246.0,0.0
9,35,2200,90,45,1,69,10,140.0,133.3957274174166
9,35,2200,90,38,1,121,21,410.0,325.06941263270585
9,35,2200,85,43,0,117,12,260.0,0.0
9,35,2200,65,37,1,83,25,484.0,354.8919742765777
9,35,2200,70,38,0,79,10,216.0,0.0
9,35,2200,70,43,1,81,16,320.0,321.8678361402971
9,35,2200,80,43,0,77,17,260.0,0.0
9,35,2200,75,47,0,81,15,306.0,0.0
9,35,2200,70,48,1,43,6,188.0,218.99426240176373
9,35,2200,60,44,1,71,10,212.0,202.3792146974855
9,35,2200,60,47,0,107,12,266.0,0.0
9,35,2200,60,36,0,119,17,442.0,0.0
9,35,2100,80,37,0,77,16,306.0,0.0
9,35,2100,80,37,1,83,21,374.0,283.3717191110452
9,35,2100,65,39,1,75,14,214.0,251.35794076239196
9,35,2100,60,43,0,107,10,220.0,0.0
9,35,2100,90,42,1,77,17,290.0,243.98083772377638
9,35,2100,65,48,1,47,8,116.0,202.94791278688606
9,35,2100,80,48,0,97,10,170.0,0.0
9,35,2100,60,43,0,79,10,256.0,0.0
9,35,2100,75,35,1,119,22,454.0,277.834007309531
9,35,2100,85,40,0,59,10,156.0,0.0
9,35,2100,80,42,1,83,18,316.0,367.8838150737926
9,35,2100,85,42,1,77,17,294.0,224.12281467084512
9,35,2100,90,50,0,107,13,260.0,0.0
9,35,2100,65,50,1,67,8,248.0,138.51538787962272
9,35,2100,65,44,0,121,12,288.0,0.0
9,35,2100,90,37,0,79,16,332.0,0.0
9,35,2100,90,38,1,81,18,380.0,274.8089742374032
9,35,2100,65,42,1,61,19,332.0,327.64693813340716
9,35,2100,70,39,1,81,20,296.0,417.119675323084
9,35,2100,60,43,0,73,10,184.0,0.0
9,35,2100,85,44,0,77,10,180.0,0.0
9,35,2100,60,44,0,71,6,138.0,0.0
9,35,2100,65,49,1,105,8,266.0,179.50981693417882
9,35,2100,65,36,0,81,18,286.0,0.0
9,35,2100,80,37,1,75,21,310.0,348.7350542986607
9,35,2100,85,38,1,59,20,256.0,343.878344411529
9,35,2100,60,40,0,81,10,232.0,0.0
9,35,2100,60,40,0,83,13,312.0,0.0
9,35,2100,60,39,1,81,22,402.0,518.1732317107715
9,35,2100,80,39,0,73,15,232.0,0.0
9,35,2100,60,46,1,81,6,184.0,160.6882202465125
9,35,2100,85,36,0,79,15,246.0,0.0
9,35,2100,60,41,1,45,8,138.0,123.52564463303979
9,35,2100,80,42,0,117,15,408.0,0.0
9,35,2100,75,47,1,77,10,198.0,143.87834484810062
9,35,2100,60,47,0,95,15,362.0,0.0
9,35,2100,80,45,1,111,11,200.0,219.58915200786905
9,35,2100,75,38,0,77,14,336.0,0.0
9,35,2100,80,36,1,71,17,240.0,176.38025881848864
9,35,2100,90,41,0,77,14,350.0,0.0
9,35,2000,75,40,1,87,17,334.0,149.59282190688094
9,35,2000,90,44,0,77,11,216.0,0.0
9,35,2000,85,45,1,65,14,152.0,271.95867666637105
9,35,2000,65,49,0,111,10,190.0,0.0
9,35,2000,90,46,1,77,14,316.0,207.94907735466586
9,35,2000,90,46,1,65,7,98.0,105.513366475586
9,35,2000,85,37,0,109,14,280.0,0.0
9,35,2000,70,36,1,147,17,336.0,201.4119547910729
9,35,2000,65,37,0,39,10,152.0,0.0
9,35,2000,90,40,1,135,13,316.0,228.55725530277417
9,35,2000,60,39,0,111,13,282.0,0.0
9,35,2000,90,42,0,63,10,194.0,0.0
9,35,2000,85,42,0,77,14,260.0,0.0
9,35,2000,85,47,1,75,6,150.0,71.79313774863705
9,35,2000,60,35,1,75,15,236.0,149.9627328951535
9,35,2000,85,39,0,101,18,328.0,0.0
9,35,2000,60,38,1,59,9,164.0,174.168151542383
9,35,2000,85,42,0,67,13,240.0,0.0
9,35,2000,70,42,0,103,14,336.0,0.0
9,35,2000,80,48,0,39,4,112.0,0.0
9,35,2000,85,50,1,39,5,80.0,147.248420218974
9,35,2000,65,41,1,149,15,382.0,363.40160092654685
9,35,2000,85,35,1,101,25,382.0,352.06644749664804
9,35,2000,65,39,0,77,13,214.0,0.0
9,35,2000,85,40,0,107,9,224.0,0.0
9,35,2000,75,39,1,69,13,208.0,353.3698720732253
9,35,2000,70,42,1,81,12,232.0,217.28738418849696
9,35,2000,75,42,1,73,13,194.0,199.16208756307748
9,35,2000,75,41,0,77,16,306.0,0.0
9,35,2000,60,40,0,75,9,194.0,0.0
9,35,2000,60,35,1,71,19,232.0,208.54474717370024
9,35,2000,65,37,0,95,11,206.0,0.0
9,35,2000,60,36,1,69,14,272.0,172.05161570426364
9,35,2000,80,40,0,75,12,232.0,0.0
9,35,2000,75,41,1,65,12,204.0,246.8158943503806
9,35,2000,60,49,1,49,6,112.0,64.3282337185964
9,35,2000,70,45,0,71,8,194.0,0.0
9,35,2000,80,42,0,67,10,180.0,0.0
9,35,2000,85,44,1,79,14,286.0,324.96309054252623
9,35,1900,75,36,1,91,15,266.0,185.04660760886637
9,35,2000,70,43,0,69,9,192.0,0.0
9,35,1900,80,39,1,67,13,270.0,378.9257620886549
9,35,1900,75,41,0,69,12,200.0,0.0
9,35,1900,65,45,0,123,8,136.0,0.0
9,35,1900,75,47,0,57,3,88.0,0.0
9,35,1900,75,50,1,51,7,122.0,213.58047498441073
9,35,1900,90,35,0,73,21,298.0,0.0
9,35,1900,65,36,1,105,16,278.0,171.04580366153033
9,35,1900,90,35,1,53,20,216.0,221.3994439513638
9,35,1900,75,39,0,103,11,232.0,0.0
9,35,1900,75,41,0,57,6,94.0,0.0
9,35,1900,80,49,1,55,10,178.0,132.6040665358953
9,35,1900,60,50,0,73,8,174.0,0.0
9,35,1900,70,50,1,57,5,76.0,110.14033849716233
9,35,1900,90,43,1,35,9,162.0,144.7640527828287
9,35,1900,70,37,0,103,23,308.0,0.0
9,35,1900,60,43,1,85,10,184.0,126.4811113404856
9,35,1900,75,40,1,67,11,170.0,135.88254446970984
9,35,1900,90,47,0,49,8,154.0,0.0
9,35,1900,65,47,1,73,11,282.0,172.11162199451036
9,35,1900,85,49,0,99,11,240.0,0.0
9,35,1900,80,46,0,99,11,230.0,0.0
9,35,1900,60,47,1,87,7,162.0,115.85466678292624
9,35,1900,60,35,0,73,18,318.0,0.0
9,35,1900,90,37,0,91,15,264.0,0.0
9,35,1900,60,38,0,141,15,272.0,0.0
9,35,1900,70,43,1,47,8,126.0,150.16281089415014
9,35,1900,85,44,0,37,8,130.0,0.0
9,35,1900,75,47,1,87,12,208.0,185.3920112345227
9,35,1900,80,45,1,41,11,184.0,246.68478907296839
9,35,1900,75,49,1,67,9,164.0,98.01180314307487
9,35,1900,60,37,0,35,11,188.0,0.0
9,35,1900,85,38,0,73,13,202.0,0.0
9,35,1900,60,41,1,43,8,156.0,125.49146387429211
9,35,1900,65,47,0,55,4,116.0,0.0
9,35,1900,85,48,1,91,8,142.0,155.49613459652377
9,35,1900,70,50,0,59,3,88.0,0.0
9,35,1900,90,50,1,71,8,146.0,308.4198780595321
9,35,1900,75,49,1,139,10,276.0,85.76960250171221
9,35,1800,90,35,1,99,17,348.0,198.2908254096917
9,35,1800,85,37,1,69,16,208.0,135.5021328436142
9,35,1800,90,38,0,105,17,328.0,0.0
9,35,1800,60,41,1,69,8,130.0,138.15064832803844
9,35,1900,65,47,0,89,8,184.0,0.0
9,35,1800,70,40,1,51,12,196.0,135.61373425536252
9,35,1800,85,43,0,69,9,200.0,0.0
9,35,1800,65,49,0,35,4,98.0,0.0
9,35,1800,70,38,0,53,6,136.0,0.0
9,35,1800,90,41,1,37,10,156.0,169.05673865236832
9,35,1800,65,43,0,35,9,134.0,0.0
9,35,1800,65,47,1,33,7,64.0,75.26352524698822
9,35,1800,75,45,1,93,13,206.0,221.33304611615333
9,35,1800,65,49,0,67,6,146.0,0.0
9,35,1800,80,45,1,101,10,238.0,176.52522036059318
9,35,1800,70,48,0,143,11,242.0,0.0
9,35,1800,75,39,0,97,12,184.0,0.0
9,35,1800,85,39,0,69,11,226.0,0.0
9,35,1800,70,40,0,59,6,152.0,0.0
9,35,1800,65,44,1,75,10,76.0,206.97433476600406
9,35,1800,65,48,1,59,10,124.0,173.40968880926678
9,35,1800,70,48,0,125,8,154.0,0.0
9,35,1800,65,46,1,57,4,102.0,37.8315403461598
9,35,1800,65,48,1,79,10,180.0,242.14474336020362
9,35,1800,80,42,0,97,13,238.0,0.0
9,35,1800,65,42,0,69,12,200.0,0.0
9,35,1800,75,46,1,63,8,170.0,101.888588465618
9,35,1800,65,44,0,63,9,162.0,0.0
9,35,1800,65,47,1,61,9,182.0,129.5453418339073
9,35,1800,60,48,0,61,8,162.0,0.0
9,35,1800,60,50,1,61,4,132.0,114.98053011106282
9,35,1800,65,48,1,35,2,72.0,59.53921893309929
9,35,1800,75,36,1,51,13,210.0,131.1199112454927
9,35,1800,60,36,0,65,10,164.0,0.0
9,35,1800,85,37,0,69,13,296.0,0.0
9,35,1800,75,41,1,67,11,196.0,257.92279467431035
9,35,1800,70,41,1,49,8,116.0,173.97510309885698
9,35,1800,65,39,1,53,11,170.0,220.3370800990577
9,35,1800,70,43,0,71,5,126.0,0.0
9,35,1800,75,40,0,35,6,134.0,0.0
9,35,1700,70,36,1,65,9,160.0,83.74052409481355
9,35,1700,65,43,1,61,7,90.0,100.70440778636653
9,35,1700,65,43,0,163,9,184.0,0.0
9,35,1700,65,44,1,87,7,88.0,138.91641342932843
9,35,1800,85,43,0,85,10,218.0,0.0
9,35,1700,70,47,0,61,12,148.0,0.0
9,35,1700,80,40,0,65,7,132.0,0.0
9,35,1700,90,46,1,33,7,144.0,89.93957877795378
9,35,1700,85,36,1,73,13,230.0,151.15865620769682
9,35,1700,80,38,1,35,10,132.0,59.44026548496948
9,35,1700,85,39,0,59,8,186.0,0.0
9,35,1700,60,38,0,29,4,100.0,0.0
9,35,1700,80,41,0,65,10,158.0,0.0
9,35,1700,80,44,1,31,6,86.0,140.5196678102049
9,35,1700,75,40,1,93,18,308.0,232.05839879507366
9,35,1700,85,47,0,83,14,268.0,0.0
9,35,1700,65,38,1,89,7,150.0,85.59702330069723
9,35,1700,65,43,1,45,2,46.0,38.681232781237426
9,35,1700,80,44,0,49,6,82.0,0.0
9,35,1700,75,46,0,57,7,128.0,0.0
9,35,1700,85,50,0,33,1,34.0,0.0
9,35,1700,70,50,0,33,2,62.0,0.0
9,35,1700,90,48,1,61,8,158.0,183.54349277805375
9,35,1700,65,47,1,69,8,100.0,132.1960359428855
9,35,1700,75,37,0,87,11,150.0,0.0
9,35,1700,60,39,0,61,9,176.0,0.0
9,35,1700,65,45,0,47,7,98.0,0.0
9,35,1700,70,41,1,89,13,232.0,301.15072403118813
9,35,1700,75,46,1,57,9,120.0,109.36948601888392
9,35,1700,75,43,1,35,9,186.0,127.33127849845074
9,35,1700,85,48,0,55,6,108.0,0.0
9,35,1700,75,50,1,53,3,54.0,76.90052516989644
9,35,1700,65,37,0,49,8,116.0,0.0
9,35,1700,75,37,0,61,9,188.0,0.0
9,35,1700,85,42,1,59,12,176.0,201.89723729268738
9,35,1700,60,41,0,87,8,166.0,0.0
9,35,1700,85,43,1,99,14,240.0,188.47252769591435
9,35,1700,60,49,0,147,11,270.0,0.0
9,35,1700,75,48,0,33,6,164.0,0.0
9,35,1700,80,38,1,57,12,178.0,166.73501906476696
9,35,1700,75,50,1,31,4,64.0,50.37163529219777
9,35,1600,70,35,0,93,11,174.0,0.0
9,35,1600,90,37,0,61,11,176.0,0.0
9,35,1600,70,39,0,31,5,88.0,0.0
9,35,1600,70,39,1,57,12,162.0,385.12884662250156
9,35,1600,70,42,1,55,8,98.0,114.7374864887678
9,35,1600,75,50,1,57,3,84.0,43.181460115686946
9,35,1600,90,42,0,117,10,204.0,0.0
9,35,1600,90,46,1,39,4,62.0,49.554105701470476
9,35,1600,85,37,1,51,12,180.0,178.40738646282952
9,35,1600,85,41,1,41,6,94.0,138.26134431728366
9,35,1600,90,38,0,89,9,174.0,0.0
9,35,1600,65,36,0,49,3,78.0,0.0
9,35,1600,75,44,0,63,8,150.0,0.0
9,35,1600,70,50,0,31,3,58.0,0.0
9,35,1600,70,43,1,61,9,130.0,169.95723623661266
9,35,1600,75,47,1,83,8,164.0,118.45948479465387
9,35,1600,75,35,0,31,8,118.0,0.0
9,35,1600,70,37,1,41,12,106.0,93.16857529929077
9,35,1600,60,38,0,89,11,236.0,0.0
9,35,1600,80,42,1,55,3,82.0,67.91649239342223
9,35,1600,70,47,0,31,2,54.0,0.0
9,35,1600,65,46,1,45,6,92.0,59.741928807533284
9,35,1600,75,48,0,91,11,166.0,0.0
9,35,1600,60,50,1,45,6,104.0,108.33309268379485
9,35,1600,80,50,1,41,5,70.0,56.71330727632581
9,35,1600,90,35,0,85,12,174.0,0.0
9,35,1600,75,41,1,53,8,118.0,167.371217701389
9,35,1600,60,44,1,39,4,40.0,108.66804037023898
9,35,1600,75,43,0,49,4,82.0,0.0
9,35,1600,70,37,1,61,5,144.0,31.907012175312403
9,35,1600,60,43,0,91,9,138.0,0.0
9,35,1600,60,42,1,59,12,184.0,284.29149086365675
9,35,1600,90,42,0,57,9,134.0,0.0
9,35,1600,90,35,0,59,11,228.0,0.0
9,35,1600,90,40,1,41,12,172.0,172.61397697772833
9,35,1500,65,37,1,47,9,114.0,65.7977198197609
9,35,1600,75,38,1,53,9,154.0,101.91257033654094
9,35,1600,70,44,0,59,5,108.0,0.0
9,35,1600,80,40,0,55,9,138.0,0.0
9,35,1600,80,45,0,55,7,86.0,0.0
9,35,1600,70,50,1,39,5,66.0,102.57216044043855
9,35,1500,75,40,0,53,9,162.0,0.0
9,35,1500,70,36,1,53,5,98.0,36.95665039829845
9,35,1500,85,36,1,45,12,166.0,80.20574603279532
9,35,1500,90,36,0,81,9,180.0,0.0
9,35,1500,90,40,0,59,7,118.0,0.0
9,35,1500,60,42,1,49,5,108.0,75.18199575389183
9,35,1500,70,49,1,57,5,142.0,59.16231675542872
9,35,1500,70,44,0,75,6,132.0,0.0
9,35,1500,80,37,0,75,11,154.0,0.0
9,35,1500,90,40,1,43,12,118.0,220.2256051907363
9,35,1500,90,42,1,27,3,72.0,66.5971946301659
9,35,1500,80,43,1,51,7,78.0,60.57510716992759
9,35,1500,80,47,1,83,7,128.0,87.31892549207167
9,35,1500,65,47,0,55,7,134.0,0.0
9,35,1500,80,49,0,13,1,14.0,0.0
9,35,1500,85,37,0,83,10,152.0,0.0
9,35,1500,65,35,1,29,2,48.0,26.04323253800145
9,35,1500,70,41,0,55,6,110.0,0.0
9,35,1500,65,43,1,29,3,30.0,51.84891837619121
9,35,1500,60,43,0,29,4,84.0,0.0
9,35,1500,65,47,1,53,5,98.0,56.78393231892136
9,35,1500,70,44,1,57,5,106.0,98.87968832122273
9,35,1500,90,35,0,51,12,134.0,0.0
9,35,1500,80,45,0,29,4,68.0,0.0
9,35,1500,80,47,0,93,9,172.0,0.0
9,35,1500,80,36,0,31,3,54.0,0.0
9,35,1500,85,36,0,57,7,130.0,0.0
9,35,1500,90,44,1,83,8,170.0,285.15336912692555
9,35,1500,90,45,1,53,7,106.0,33.19291229187526
9,35,1500,80,44,0,27,4,80.0,0.0
9,35,1500,90,46,0,55,7,142.0,0.0
9,35,1500,65,48,1,57,7,128.0,203.30705855844673
9,35,1500,80,48,1,77,4,78.0,124.19317138303599
9,35,1500,80,49,1,53,5,80.0,33.402202504399604
9,35,1500,85,36,1,51,10,100.0,87.1470089235329
8,40,3000,60,39,1,161,29,682.0,591.7182432679878
8,40,3000,85,36,0,115,38,640.0,0.0
9,35,1500,80,40,0,71,6,130.0,0.0
9,35,1500,70,48,1,97,5,128.0,187.53227639505553
9,35,1500,85,47,0,45,4,68.0,0.0
9,35,1500,85,50,0,21,1,22.0,0.0
8,40,3000,80,35,1,161,40,650.0,556.7356982643701
8,40,3000,65,37,1,151,35,602.0,555.925035136753
8,40,3000,80,42,1,169,32,560.0,560.9876504330613
8,40,3000,90,43,1,89,29,424.0,591.657249698448
8,40,3000,80,43,0,167,23,460.0,0.0
8,40,3000,70,42,1,291,36,814.0,730.3005045615597
8,40,3000,60,41,0,179,28,898.0,0.0
8,40,3000,85,43,0,177,31,610.0,0.0
8,40,3000,90,48,0,171,22,706.0,0.0
8,40,3000,85,36,0,167,39,732.0,0.0
8,40,3000,90,39,1,115,38,562.0,728.3112302883615
8,40,3000,75,45,1,109,26,504.0,635.8100154220273
8,40,3000,80,46,1,105,30,530.0,489.265748863543
8,40,3000,80,50,1,221,27,708.0,742.2905667864277
8,40,3000,60,50,0,153,21,534.0,0.0
8,40,3000,70,50,0,109,13,418.0,0.0
8,40,3000,90,44,0,177,36,904.0,0.0
8,40,3000,85,35,1,97,39,534.0,634.9605426664575
8,40,3000,60,39,0,265,27,842.0,0.0
8,40,3000,65,40,0,223,32,806.0,0.0
8,40,3000,85,40,1,105,37,546.0,746.7517176782142
8,40,3000,90,43,1,121,36,592.0,573.5785606738784
8,40,3000,75,38,1,115,32,580.0,529.266821699035
8,40,3000,80,41,0,219,35,912.0,0.0
8,40,3000,75,35,0,119,36,656.0,0.0
8,40,3000,70,36,0,163,35,700.0,0.0
8,40,3000,65,45,1,165,31,758.0,608.8277637134513
8,40,3000,90,38,0,213,38,808.0,0.0
8,40,3000,60,41,0,101,22,498.0,0.0
8,40,3000,80,35,1,163,37,612.0,481.80539756015685
8,40,3000,80,47,1,167,27,610.0,506.1887740070886
8,40,3000,85,40,0,161,34,658.0,0.0
8,40,3000,60,47,0,217,18,594.0,0.0
8,40,3000,70,50,1,175,27,482.0,675.5454006398647
8,40,3000,65,38,0,173,30,734.0,0.0
8,40,2900,65,39,1,137,30,528.0,681.602584366223
8,40,3000,80,36,0,157,34,770.0,0.0
8,40,2900,70,43,0,169,25,628.0,0.0
8,40,3000,85,48,1,159,27,500.0,552.7720007436463
8,40,2900,90,50,0,187,20,558.0,0.0
8,40,3000,60,50,1,119,17,412.0,412.53853361398114
8,40,2900,65,49,1,99,19,370.0,298.0905863851688
8,40,2900,80,49,1,85,23,382.0,373.0115070087772
8,40,2900,80,41,1,125,25,490.0,453.7191957899115
8,40,2900,80,38,0,173,34,720.0,0.0
8,40,2900,90,41,0,113,29,668.0,0.0
8,40,2900,60,44,1,103,28,486.0,437.0221419022519
8,40,2900,85,48,1,113,28,540.0,831.5618067028265
8,40,2900,90,46,0,149,16,570.0,0.0
8,40,2900,70,49,1,109,25,434.0,363.87103227941543
8,40,2900,65,48,0,113,17,514.0,0.0
8,40,2900,85,35,0,153,39,742.0,0.0
8,40,2900,60,35,1,163,37,686.0,510.77173912585437
8,40,2900,80,37,0,151,40,640.0,0.0
8,40,2900,65,36,1,99,35,488.0,505.6136357186251
8,40,2900,70,47,0,153,27,648.0,0.0
8,40,2900,90,43,1,141,31,484.0,701.3977806999742
8,40,2900,85,44,1,135,32,608.0,729.7265462267499
8,40,2900,85,45,0,219,31,762.0,0.0
8,40,2900,85,35,0,153,36,728.0,0.0
8,40,2900,60,40,1,105,34,572.0,404.16324347810496
8,40,2900,85,38,0,159,34,700.0,0.0
8,40,2900,85,46,0,161,28,672.0,0.0
8,40,2900,70,37,1,147,38,614.0,694.9820669702054
8,40,2900,85,45,0,211,34,768.0,0.0
8,40,2900,80,50,1,91,26,470.0,745.8120337520627
8,40,2900,70,45,1,213,25,564.0,562.7257438058226
8,40,2900,70,38,0,205,33,872.0,0.0
8,40,2900,75,36,0,229,39,672.0,0.0
8,40,2900,80,48,1,91,22,428.0,542.0908721557528
8,40,2900,85,50,1,111,25,526.0,553.939776138144
8,40,2900,70,38,1,167,33,776.0,556.9493848244352
8,40,2900,90,46,0,209,30,960.0,0.0
8,40,2900,60,48,1,83,22,390.0,448.0545735123563
8,40,2900,60,50,0,101,15,502.0,0.0
8,40,2800,60,39,0,203,27,608.0,0.0
8,40,2900,85,41,0,167,32,878.0,0.0
8,40,2800,85,46,1,87,29,368.0,410.47160952783645
8,40,2900,75,43,0,165,23,740.0,0.0
8,40,2800,90,40,1,159,34,662.0,595.2206991221159
8,40,2900,90,47,1,129,31,520.0,495.0084905291192
8,40,2800,60,45,1,77,20,380.0,427.1299004359622
8,40,2800,70,50,0,151,17,504.0,0.0
8,40,2800,90,37,1,149,35,526.0,598.541965244053
8,40,2800,85,38,0,159,33,780.0,0.0
8,40,2800,65,39,1,97,29,508.0,629.2047964852391
8,40,2800,80,40,0,151,33,668.0,0.0
8,40,2800,65,48,0,123,17,414.0,0.0
8,40,2800,85,44,1,107,31,450.0,640.2155077380578
8,40,2800,70,49,0,111,23,462.0,0.0
8,40,2800,70,47,1,79,21,380.0,298.941398921254
8,40,2800,65,36,0,161,26,650.0,0.0
8,40,2800,70,40,1,109,29,594.0,387.3057036226636
8,40,2800,75,40,1,161,36,682.0,542.4427864144453
8,40,2800,80,45,0,153,24,666.0,0.0
8,40,2800,60,42,0,105,24,504.0,0.0
8,40,2800,80,49,0,105,20,394.0,0.0
8,40,2800,70,44,1,95,29,426.0,515.6283615075154
8,40,2800,65,50,1,137,16,338.0,275.5108850420504
8,40,2800,60,36,1,125,38,630.0,582.6651031166684
8,40,2800,60,39,0,161,25,578.0,0.0
8,40,2800,75,42,0,159,24,552.0,0.0
8,40,2800,80,43,0,163,29,664.0,0.0
8,40,2800,60,41,1,271,32,722.0,581.2200423431078
8,40,2800,80,45,1,105,23,454.0,529.0868223196608
8,40,2800,75,47,1,109,24,432.0,365.16671694148084
8,40,2800,90,44,0,157,31,768.0,0.0
8,40,2800,75,38,0,167,32,826.0,0.0
8,40,2800,90,41,0,147,32,584.0,0.0
8,40,2800,70,44,0,153,21,510.0,0.0
8,40,2800,60,46,0,141,21,598.0,0.0
8,40,2800,75,47,1,113,23,340.0,332.46110481808
8,40,2800,80,49,1,101,19,408.0,296.8337794716972
8,40,2800,70,50,1,143,28,486.0,725.6359461997805
8,40,2800,70,46,1,129,22,562.0,410.7697050248808
8,40,2700,65,35,1,77,37,496.0,529.7023526251569
8,40,2800,75,38,0,163,32,620.0,0.0
8,40,2800,65,40,0,105,31,662.0,0.0
8,40,2700,60,40,0,101,24,440.0,0.0
8,40,2700,80,43,1,99,23,408.0,491.5454887883615
8,40,2700,70,47,1,147,25,568.0,411.5365222414601
8,40,2700,85,49,0,137,25,610.0,0.0
8,40,2800,80,50,1,139,17,428.0,441.2303658664024
8,40,2700,80,41,1,101,27,428.0,424.4298301489012
8,40,2700,75,41,1,105,31,576.0,569.829099592348
8,40,2700,70,48,1,105,13,284.0,328.1807214878903
8,40,2700,65,41,0,107,19,520.0,0.0
8,40,2700,85,41,0,155,33,824.0,0.0
8,40,2700,75,50,0,169,25,652.0,0.0
8,40,2700,75,50,0,133,19,528.0,0.0
8,40,2700,90,44,1,145,24,486.0,582.8341092910687
8,40,2700,85,40,1,149,30,582.0,416.3300984649772
8,40,2700,60,41,0,103,21,546.0,0.0
8,40,2700,65,43,1,75,26,410.0,594.2283811255293
8,40,2700,90,43,0,97,28,552.0,0.0
8,40,2700,80,45,0,145,20,534.0,0.0
8,40,2700,90,48,1,101,25,442.0,549.358022158885
8,40,2700,60,42,0,197,25,648.0,0.0
8,40,2700,70,49,1,105,17,484.0,236.47959164773727
8,40,2700,70,37,0,143,27,666.0,0.0
8,40,2700,70,40,0,137,25,564.0,0.0
8,40,2700,60,38,1,241,31,630.0,426.9979980741063
8,40,2700,70,40,0,103,25,516.0,0.0
8,40,2700,60,37,1,93,30,532.0,481.35812300947185
8,40,2700,90,42,1,151,33,642.0,582.7965549805257
8,40,2700,60,43,1,97,21,434.0,383.38922301739694
8,40,2700,85,48,0,151,18,548.0,0.0
8,40,2700,75,37,1,91,36,516.0,635.337539361959
8,40,2700,85,41,0,171,27,772.0,0.0
8,40,2700,60,40,0,137,25,600.0,0.0
8,40,2700,65,43,1,111,29,474.0,559.6759619373105
8,40,2700,60,48,0,127,20,402.0,0.0
8,40,2700,80,50,0,179,14,468.0,0.0
8,40,2700,75,47,1,153,26,528.0,452.1110808691055
8,40,2700,60,46,1,105,14,348.0,243.1004663909699
8,40,2700,90,37,0,155,30,612.0,0.0
8,40,2600,75,36,0,97,29,628.0,0.0
8,40,2600,70,39,1,141,31,550.0,544.9353608706184
8,40,2600,60,41,0,103,26,520.0,0.0
8,40,2600,60,42,1,121,16,350.0,302.1720337399908
8,40,2700,75,42,1,105,28,542.0,466.53318333049265
8,40,2700,80,50,0,101,19,430.0,0.0
8,40,2600,60,50,1,139,13,258.0,343.478189502885
8,40,2600,70,47,0,141,25,602.0,0.0
8,40,2600,65,38,1,93,22,294.0,398.1769840109169
8,40,2600,80,42,1,81,28,450.0,439.1754186806221
8,40,2600,85,42,1,95,29,506.0,496.95842071689026
8,40,2600,65,46,0,91,17,366.0,0.0
8,40,2600,60,45,0,199,22,640.0,0.0
8,40,2600,65,47,0,101,16,332.0,0.0
8,40,2600,80,48,1,139,23,414.0,441.41804576378365
8,40,2600,65,48,0,129,17,478.0,0.0
8,40,2600,60,35,0,151,28,586.0,0.0
8,40,2600,70,44,0,243,16,464.0,0.0
8,40,2600,60,43,0,101,20,392.0,0.0
8,40,2600,90,49,1,119,20,468.0,361.6945620559241
8,40,2600,75,40,0,135,22,600.0,0.0
8,40,2600,65,43,1,103,23,448.0,398.8172616658444
8,40,2600,80,37,1,101,31,536.0,478.4218516392044
8,40,2600,90,48,1,93,23,392.0,448.1290534673177
8,40,2600,75,41,1,91,32,510.0,596.4550883643144
8,40,2600,65,41,1,107,23,372.0,465.67059034972135
8,40,2600,70,43,0,95,19,450.0,0.0
8,40,2600,80,44,0,85,19,348.0,0.0
8,40,2600,80,41,1,125,26,532.0,466.72978908744386
8,40,2600,60,43,0,147,20,482.0,0.0
8,40,2600,85,47,0,149,21,516.0,0.0
8,40,2600,90,49,1,99,22,380.0,345.6250151848574
8,40,2600,65,37,0,151,22,666.0,0.0
8,40,2600,65,37,1,135,27,572.0,466.1735736028504
8,40,2600,65,45,0,227,17,554.0,0.0
8,40,2600,90,44,1,89,25,386.0,490.51224518311
8,40,2600,65,48,0,93,14,376.0,0.0
8,40,2600,65,47,1,143,21,392.0,393.5856623929791
8,40,2600,75,42,0,189,25,622.0,0.0
8,40,2600,60,45,1,87,20,306.0,456.18012349454096
8,40,2500,80,35,1,161,37,594.0,517.3303185779648
8,40,2500,80,40,1,139,25,538.0,430.87333488501315
8,40,2500,80,44,0,93,11,268.0,0.0
8,40,2600,65,50,0,149,15,368.0,0.0
8,40,2500,90,41,1,101,31,438.0,640.8490037348266
8,40,2600,70,43,1,97,23,350.0,448.1543737999967
8,40,2500,65,45,0,97,19,376.0,0.0
8,40,2500,90,50,0,127,12,310.0,0.0
8,40,2500,70,35,0,143,28,622.0,0.0
8,40,2500,60,40,0,187,24,732.0,0.0
8,40,2500,60,37,0,97,20,480.0,0.0
8,40,2500,65,48,1,89,16,320.0,258.60482254143324
8,40,2500,85,42,1,97,19,462.0,334.55608390352205
8,40,2500,85,49,0,93,13,274.0,0.0
8,40,2500,75,50,1,97,16,372.0,369.3074849097539
8,40,2500,80,50,1,179,14,438.0,301.44894157216214
8,40,2500,65,43,1,131,28,476.0,557.0280683267699
8,40,2500,60,42,0,125,16,342.0,0.0
8,40,2500,80,42,1,105,24,428.0,539.6070681455105
8,40,2500,65,47,0,243,17,502.0,0.0
8,40,2500,80,49,0,89,9,222.0,0.0
8,40,2500,60,49,1,141,11,274.0,141.7023750244321
8,40,2500,85,50,1,131,15,444.0,287.47992691063
8,40,2500,65,47,0,139,16,352.0,0.0
8,40,2500,65,37,0,187,23,638.0,0.0
8,40,2500,85,43,1,111,22,488.0,456.1625480058511
8,40,2500,65,44,1,83,18,362.0,302.9653878135255
8,40,2500,65,50,0,75,8,258.0,0.0
8,40,2500,60,42,1,89,19,352.0,416.9675694551712
8,40,2500,80,41,0,173,25,540.0,0.0
8,40,2500,75,47,1,111,24,500.0,418.6435862775719
8,40,2500,80,50,0,79,14,254.0,0.0
8,40,2500,60,35,0,131,25,588.0,0.0
8,40,2500,85,36,0,145,31,676.0,0.0
8,40,2500,80,38,0,191,32,686.0,0.0
8,40,2500,80,39,1,77,25,414.0,586.4876779516503
8,40,2500,90,43,1,105,25,410.0,402.4828169737388
8,40,2500,90,43,1,77,23,264.0,411.6161567277522
8,40,2500,70,47,0,117,9,258.0,0.0
8,40,2500,65,49,1,77,14,242.0,217.3566922811672
8,40,2400,90,39,1,85,32,518.0,693.6064954736562
8,40,2500,70,38,0,145,28,534.0,0.0
8,40,2400,75,40,1,81,18,262.0,301.4895997534042
8,40,2500,90,43,1,69,21,318.0,366.75377379102076
8,40,2400,85,40,0,135,27,560.0,0.0
8,40,2400,70,46,1,85,13,272.0,168.14321628593544
8,40,2400,80,42,0,83,12,314.0,0.0
8,40,2400,70,49,0,141,19,498.0,0.0
8,40,2400,80,37,1,141,21,520.0,255.3354467975096
8,40,2400,90,42,1,69,21,290.0,283.1770185930787
8,40,2400,85,39,0,139,22,492.0,0.0
8,40,2400,75,42,1,105,20,404.0,331.46799125938594
8,40,2400,60,44,0,87,15,294.0,0.0
8,40,2400,70,35,0,133,26,524.0,0.0
8,40,2400,90,40,1,91,29,456.0,377.09116085105825
8,40,2400,65,43,0,89,21,406.0,0.0
8,40,2400,65,36,0,127,23,580.0,0.0
8,40,2400,65,41,1,85,25,408.0,426.2586720357903
8,40,2400,85,41,0,113,24,456.0,0.0
8,40,2400,65,42,1,87,22,372.0,424.2215346779266
8,40,2400,85,42,0,89,15,312.0,0.0
8,40,2400,60,45,0,93,15,410.0,0.0
8,40,2400,85,46,1,113,20,332.0,246.91784042973606
8,40,2400,85,50,1,89,13,286.0,311.5593557038304
8,40,2400,85,37,0,141,32,626.0,0.0
8,40,2400,80,40,0,173,22,422.0,0.0
8,40,2400,80,41,1,87,23,372.0,357.0552980780569
8,40,2400,80,44,1,83,22,286.0,530.1569776284936
8,40,2400,80,42,0,87,15,434.0,0.0
8,40,2400,85,40,0,119,21,462.0,0.0
8,40,2400,85,49,1,85,14,226.0,179.59232216542276
8,40,2400,90,42,1,177,24,516.0,395.9195826098976
8,40,2400,60,35,1,115,26,470.0,364.7111152153317
8,40,2400,70,42,0,131,23,586.0,0.0
8,40,2400,90,35,1,133,34,538.0,493.61241313882755
8,40,2400,80,42,1,87,21,244.0,337.6853307973304
8,40,2400,85,43,0,127,15,328.0,0.0
8,40,2400,90,48,1,91,20,252.0,451.2451797479918
8,40,2400,90,44,0,119,24,518.0,0.0
8,40,2400,65,49,0,125,12,322.0,0.0
8,40,2400,85,39,1,93,20,408.0,541.276195070555
8,40,2300,90,35,0,117,28,514.0,0.0
8,40,2300,60,35,1,67,24,288.0,288.09325811456773
8,40,2300,60,37,0,165,24,526.0,0.0
8,40,2300,85,43,1,83,16,238.0,269.8077145415922
8,40,2300,70,35,1,87,35,458.0,518.0828481858075
8,40,2400,85,48,0,183,17,446.0,0.0
8,40,2300,80,49,1,79,7,196.0,98.82024725455537
8,40,2300,65,48,0,171,9,300.0,0.0
8,40,2300,75,36,0,215,26,554.0,0.0
8,40,2300,85,37,1,87,24,324.0,330.3656180897166
8,40,2300,85,38,1,109,23,484.0,302.87065642990007
8,40,2300,85,35,0,115,29,488.0,0.0
8,40,2300,60,46,1,107,7,194.0,56.980358862295084
8,40,2300,85,49,1,91,23,300.0,337.37447921007885
8,40,2300,60,43,0,133,13,366.0,0.0
8,40,2300,80,49,0,67,11,188.0,0.0
8,40,2300,90,35,1,89,20,238.0,205.6667155269983
8,40,2300,70,37,1,121,18,404.0,220.16134358517792
8,40,2300,70,37,0,87,15,282.0,0.0
8,40,2300,85,36,0,173,26,796.0,0.0
8,40,2300,60,40,0,133,21,486.0,0.0
8,40,2300,80,42,0,125,19,354.0,0.0
8,40,2300,90,49,1,113,16,266.0,182.4165100954032
8,40,2300,75,50,1,71,9,172.0,231.83907954315035
8,40,2300,65,39,0,169,19,554.0,0.0
8,40,2300,85,36,0,129,27,670.0,0.0
8,40,2300,70,41,1,65,16,272.0,244.6790835803664
8,40,2300,65,45,1,109,17,300.0,277.89004159142365
8,40,2300,70,43,0,83,8,212.0,0.0
8,40,2300,75,44,0,169,27,680.0,0.0
8,40,2300,60,37,1,91,18,280.0,168.19480453851352
8,40,2300,90,49,1,87,15,330.0,212.18585055792946
8,40,2300,90,39,0,89,24,376.0,0.0
8,40,2300,90,39,0,87,24,444.0,0.0
8,40,2300,65,42,1,87,9,186.0,176.00984893309348
8,40,2300,65,46,0,75,10,226.0,0.0
8,40,2300,90,48,1,93,13,294.0,255.79946386721588
8,40,2300,60,50,1,91,16,292.0,451.98599850333454
8,40,2300,75,47,0,129,18,474.0,0.0
8,40,2300,75,49,1,89,15,244.0,223.1067999214225
8,40,2200,70,36,0,121,20,464.0,0.0
8,40,2200,75,45,1,43,8,174.0,169.93219069875283
8,40,2200,90,38,1,123,31,450.0,494.31812140069974
8,40,2300,65,39,0,131,24,402.0,0.0
8,40,2200,75,39,0,121,21,380.0,0.0
8,40,2200,85,38,0,173,27,584.0,0.0
8,40,2200,60,44,1,87,11,174.0,236.96010627556282
8,40,2200,85,49,1,117,13,298.0,197.80877341713017
8,40,2200,90,35,0,167,25,488.0,0.0
8,40,2200,80,43,1,101,12,180.0,164.03024740893306
8,40,2200,85,41,0,119,20,420.0,0.0
8,40,2200,70,47,0,87,13,302.0,0.0
8,40,2200,70,49,1,77,12,258.0,125.04964747077594
8,40,2200,90,44,1,61,17,288.0,365.6342552605394
8,40,2200,65,50,0,121,11,224.0,0.0
8,40,2200,90,49,1,87,21,284.0,225.1684383704259
8,40,2200,80,35,1,63,23,272.0,226.47667451661061
8,40,2200,80,41,0,125,21,482.0,0.0
8,40,2200,85,50,1,83,12,220.0,320.99187059738244
8,40,2200,80,49,1,81,8,204.0,90.95498547918237
8,40,2200,80,49,0,157,21,448.0,0.0
8,40,2200,70,48,1,75,9,266.0,254.23159683777865
8,40,2200,65,50,0,85,8,208.0,0.0
8,40,2200,65,50,0,53,11,180.0,0.0
8,40,2200,70,38,0,131,16,336.0,0.0
8,40,2200,60,41,0,107,15,284.0,0.0
8,40,2200,85,44,1,75,14,232.0,364.6283208854813
8,40,2200,80,40,0,81,20,396.0,0.0
8,40,2200,65,42,1,101,22,370.0,426.2032711122853
8,40,2200,90,49,0,115,12,310.0,0.0
8,40,2200,90,49,1,63,15,284.0,213.84882504332188
8,40,2200,85,48,1,119,16,370.0,399.95700721123
8,40,2200,75,36,0,165,24,418.0,0.0
8,40,2200,75,38,1,157,26,546.0,444.0397845174379
8,40,2200,75,37,0,85,14,300.0,0.0
8,40,2200,70,43,1,65,11,182.0,191.038780578116
8,40,2200,90,40,0,75,16,318.0,0.0
8,40,2200,70,44,1,121,19,378.0,447.1331111919515
8,40,2200,60,47,0,87,14,276.0,0.0
8,40,2200,60,40,1,79,14,284.0,195.7836083425986
8,40,2100,60,40,0,159,17,430.0,0.0
8,40,2100,60,36,1,105,19,310.0,223.36358569080215
8,40,2100,60,49,1,73,11,170.0,210.96010750566126
8,40,2100,80,46,0,119,16,354.0,0.0
8,40,2100,75,46,1,101,16,382.0,235.77374498045864
8,40,2200,70,49,0,117,10,268.0,0.0
8,40,2100,85,50,0,145,15,302.0,0.0
8,40,2100,85,47,1,63,10,138.0,116.09021497544329
8,40,2100,80,35,1,121,22,398.0,272.7522845006835
8,40,2100,60,35,1,87,24,334.0,327.27889982389894
8,40,2100,90,37,0,119,25,404.0,0.0
8,40,2100,90,47,1,61,7,132.0,96.19132632450442
8,40,2100,85,39,1,101,16,354.0,426.00340111650496
8,40,2100,80,35,0,113,23,388.0,0.0
8,40,2100,60,48,0,39,6,140.0,0.0
8,40,2100,80,50,0,117,12,250.0,0.0
8,40,2100,90,35,0,155,26,526.0,0.0
8,40,2100,75,37,0,105,18,376.0,0.0
8,40,2100,75,37,1,81,24,384.0,297.88416891007233
8,40,2100,70,39,1,111,16,348.0,317.50715685030406
8,40,2100,90,47,0,109,11,264.0,0.0
8,40,2100,65,44,1,95,14,284.0,345.98286700316737
8,40,2100,80,50,0,117,14,418.0,0.0
8,40,2100,65,50,1,83,7,136.0,156.82326713421247
8,40,2100,70,38,1,89,29,382.0,547.8327636170178
8,40,2100,70,43,1,95,16,202.0,263.88246477531857
8,40,2100,65,46,1,119,13,322.0,206.34989955460588
8,40,2100,65,48,0,39,6,136.0,0.0
8,40,2100,70,50,0,145,7,202.0,0.0
8,40,2100,90,48,1,83,15,234.0,302.529619263782
8,40,2100,85,49,0,75,8,186.0,0.0
8,40,2100,70,49,0,115,17,330.0,0.0
8,40,2100,60,37,0,77,19,328.0,0.0
8,40,2100,65,41,0,141,17,366.0,0.0
8,40,2100,85,39,0,103,17,342.0,0.0
8,40,2100,65,43,1,111,18,272.0,372.3095456969846
8,40,2100,85,43,1,85,20,342.0,374.620514040121
8,40,2100,65,45,1,111,14,294.0,335.85007759429055
8,40,2100,80,46,1,151,4,152.0,21.894238464753656
8,40,2100,85,47,0,81,9,220.0,0.0
8,40,2000,75,35,1,79,18,316.0,276.40207455070004
8,40,2100,80,36,0,107,19,382.0,0.0
8,40,2000,85,41,0,101,19,346.0,0.0
8,40,2000,60,42,1,59,13,142.0,247.9751039097074
8,40,2000,90,39,0,133,19,314.0,0.0
8,40,2000,70,49,1,81,16,278.0,180.5326843004505
8,40,2000,70,44,1,141,11,258.0,361.87978771450986
8,40,2000,65,50,0,79,8,190.0,0.0
8,40,2000,85,36,0,101,25,400.0,0.0
8,40,2000,90,40,0,101,14,280.0,0.0
8,40,2000,75,38,0,69,17,276.0,0.0
8,40,2000,85,46,0,109,11,254.0,0.0
8,40,2000,90,50,1,107,12,252.0,276.44979243062164
8,40,2000,65,48,1,61,11,230.0,327.03800865890855
8,40,2000,75,50,1,47,7,126.0,114.57465852608088
8,40,2000,70,50,1,71,8,158.0,202.79562890198227
8,40,2000,75,37,1,73,23,320.0,312.11151049175703
8,40,2000,70,42,0,75,12,182.0,0.0
8,40,2000,85,49,1,55,9,206.0,120.82021513385297
8,40,2000,90,38,0,117,18,298.0,0.0
8,40,2000,85,47,1,109,20,274.0,259.981835717648
8,40,2000,75,48,0,71,9,216.0,0.0
8,40,2000,80,48,1,77,11,218.0,263.7495785663371
8,40,2000,65,45,0,99,12,256.0,0.0
8,40,2000,75,37,1,79,20,304.0,281.81002993396316
8,40,2000,90,50,0,73,5,74.0,0.0
8,40,2000,60,48,1,79,13,194.0,356.2013984302457
8,40,2000,75,48,0,117,12,286.0,0.0
8,40,2000,65,46,1,75,9,192.0,132.32029981331883
8,40,2000,65,37,0,127,19,398.0,0.0
8,40,2000,80,43,1,151,17,410.0,388.8566755062188
8,40,2000,75,39,0,105,18,386.0,0.0
8,40,2000,90,42,1,89,25,334.0,502.29831421972847
8,40,2000,85,46,0,71,12,210.0,0.0
8,40,2000,70,44,1,71,11,212.0,291.3489350382283
8,40,2000,70,35,0,107,11,252.0,0.0
8,40,2000,70,39,0,101,16,304.0,0.0
8,40,2000,80,50,0,109,10,220.0,0.0
8,40,2000,60,39,1,45,9,142.0,209.2325240438198
8,40,2000,70,40,1,71,14,214.0,192.12755179758503
8,40,2000,60,48,0,115,7,210.0,0.0
8,40,1900,90,45,1,109,12,256.0,252.08057112908378
8,40,1900,70,36,1,65,12,176.0,127.52843219989975
8,40,1900,80,39,1,67,11,176.0,257.01204337768263
8,40,1900,85,45,1,77,10,160.0,212.9696920164351
8,40,1900,90,40,0,93,14,216.0,0.0
8,40,1900,65,40,0,69,10,196.0,0.0
8,40,1900,65,43,1,37,5,100.0,73.66709901113924
8,40,1900,75,35,0,147,14,352.0,0.0
8,40,1900,85,39,0,109,12,314.0,0.0
8,40,1900,85,37,1,67,22,264.0,278.62520424704326
8,40,1900,80,36,0,67,18,302.0,0.0
8,40,1900,60,43,0,73,9,184.0,0.0
8,40,1900,80,39,0,95,12,232.0,0.0
8,40,1900,70,41,1,99,9,176.0,149.45998440878938
8,40,1900,85,50,1,61,13,184.0,322.3217306476951
8,40,1900,65,46,1,71,7,148.0,111.43624858453799
8,40,1900,90,48,0,65,11,158.0,0.0
8,40,1900,75,38,1,93,17,234.0,154.3508626299457
8,40,1900,75,35,0,75,21,348.0,0.0
8,40,1900,90,45,1,71,15,256.0,294.057901620974
8,40,1900,80,35,0,103,18,376.0,0.0
8,40,1900,80,45,0,81,9,228.0,0.0
8,40,1900,65,45,0,67,6,96.0,0.0
8,40,1900,70,42,1,65,14,188.0,221.5017901744572
8,40,1900,90,40,1,83,17,308.0,206.10390919996553
8,40,1900,80,38,0,111,21,284.0,0.0
8,40,1900,75,46,1,65,10,204.0,96.0616241699439
8,40,1900,70,49,1,67,17,162.0,174.00926453648268
8,40,1900,85,38,1,91,14,264.0,205.27741897334258
8,40,1900,80,42,1,93,13,160.0,225.8640538783772
8,40,1900,80,36,0,103,16,266.0,0.0
8,40,1900,75,37,0,111,23,394.0,0.0
8,40,1900,75,45,0,73,8,160.0,0.0
8,40,1900,75,36,1,43,14,242.0,133.7277744411575
8,40,1900,85,36,0,67,17,256.0,0.0
8,40,1900,75,45,0,75,12,210.0,0.0
8,40,1900,70,37,1,65,19,268.0,288.2936354053709
8,40,1800,80,46,1,109,11,200.0,191.16039563355187
8,40,1900,70,35,0,75,14,244.0,0.0
8,40,1900,80,44,1,57,12,188.0,278.9223572979887
8,40,1800,85,35,0,87,15,216.0,0.0
8,40,1900,75,47,0,75,9,214.0,0.0
8,40,1800,90,40,0,69,16,360.0,0.0
8,40,1800,90,42,1,65,16,166.0,234.92246891052525
8,40,1800,60,41,0,87,7,178.0,0.0
8,40,1800,80,40,1,69,9,154.0,107.89606358361307
8,40,1800,65,43,1,137,11,238.0,146.67940785591577
8,40,1800,65,49,0,97,8,146.0,0.0
8,40,1800,85,42,1,131,14,240.0,181.86901933782684
8,40,1800,60,45,0,35,7,194.0,0.0
8,40,1800,80,49,1,77,8,110.0,93.77075158926837
8,40,1800,75,37,0,99,14,298.0,0.0
8,40,1800,90,46,0,73,7,170.0,0.0
8,40,1800,70,44,0,65,8,158.0,0.0
8,40,1800,60,46,1,75,9,188.0,138.54245615304896
8,40,1800,60,45,0,81,8,184.0,0.0
8,40,1800,65,42,1,49,8,176.0,114.75014734288739
8,40,1800,85,44,1,101,9,204.0,236.72203908803345
8,40,1800,75,35,0,81,10,178.0,0.0
8,40,1800,60,37,0,89,17,326.0,0.0
8,40,1800,60,37,0,131,14,250.0,0.0
8,40,1800,60,41,1,45,7,104.0,133.2214121061145
8,40,1800,75,49,1,57,6,92.0,85.02043069336716
8,40,1800,65,48,1,93,7,150.0,194.90251450067862
8,40,1800,85,39,1,99,14,334.0,317.9103453835307
8,40,1800,85,48,0,99,7,194.0,0.0
8,40,1800,65,42,0,67,8,168.0,0.0
8,40,1800,80,46,0,97,7,182.0,0.0
8,40,1800,60,41,1,201,12,298.0,209.0815841359738
8,40,1800,75,46,1,65,8,164.0,174.86227467645554
8,40,1800,70,41,0,61,7,160.0,0.0
8,40,1800,90,48,1,69,13,202.0,239.54183765013232
8,40,1800,65,48,0,57,8,160.0,0.0
8,40,1800,60,49,1,59,9,194.0,146.56333126348008
8,40,1800,90,40,1,49,10,184.0,106.4089226744989
8,40,1800,70,37,1,103,15,264.0,217.3758743266806
8,40,1800,75,44,1,47,14,184.0,333.56373996162796
8,40,1800,85,44,0,93,18,378.0,0.0
8,40,1800,80,35,0,103,21,370.0,0.0
8,40,1800,90,35,0,105,18,386.0,0.0
8,40,1700,75,37,1,67,10,166.0,103.78421567510435
8,40,1700,85,45,0,91,9,210.0,0.0
8,40,1700,60,35,1,55,11,150.0,146.52011089576934
8,40,1700,75,38,0,87,10,208.0,0.0
8,40,1700,65,39,0,63,10,242.0,0.0
8,40,1700,65,37,1,65,12,266.0,132.39590092549517
8,40,1700,80,44,1,67,10,206.0,175.2645620520516
8,40,1700,75,47,1,55,7,150.0,92.15507417003144
8,40,1700,80,42,0,97,11,256.0,0.0
8,40,1700,65,50,0,81,7,82.0,0.0
8,40,1700,90,37,0,89,12,252.0,0.0
8,40,1700,70,39,0,57,8,122.0,0.0
8,40,1700,70,44,0,53,6,110.0,0.0
8,40,1700,75,44,0,111,10,202.0,0.0
8,40,1700,90,49,1,77,7,112.0,75.50608048626087
8,40,1700,60,45,1,31,3,92.0,64.2178825449749
8,40,1700,75,35,1,63,20,266.0,174.2588000108353
8,40,1700,85,44,1,61,12,166.0,243.045638996881
8,40,1700,65,46,0,93,11,158.0,0.0
8,40,1700,90,44,0,63,6,128.0,0.0
8,40,1700,65,42,1,59,9,176.0,138.02792691807454
8,40,1700,90,37,0,65,16,258.0,0.0
8,40,1700,65,37,1,93,17,286.0,177.51001587169424
8,40,1700,75,38,0,33,3,82.0,0.0
8,40,1700,75,41,1,57,16,196.0,187.07978779032803
8,40,1700,75,47,1,99,10,216.0,145.8245129234467
8,40,1700,85,49,1,61,8,132.0,112.9008225312922
8,40,1700,70,38,1,63,12,226.0,153.92701896131717
8,40,1700,75,37,0,89,14,296.0,0.0
8,40,1700,75,44,1,59,2,60.0,27.068804687015927
8,40,1700,75,42,0,53,5,110.0,0.0
8,40,1700,65,46,0,69,8,156.0,0.0
8,40,1700,90,50,0,33,5,64.0,0.0
8,40,1700,75,49,1,65,4,92.0,60.70342429401585
8,40,1700,90,37,0,101,9,166.0,0.0
8,40,1600,90,37,0,93,18,312.0,0.0
8,40,1700,85,44,0,63,9,192.0,0.0
8,40,1700,60,45,1,67,11,222.0,238.7817189862254
8,40,1700,85,43,1,61,12,210.0,174.26291030817674
8,40,1600,85,46,1,147,9,226.0,128.6358856921454
8,40,1700,75,48,1,89,8,146.0,210.27314259020872
8,40,1700,75,48,0,31,3,60.0,0.0
8,40,1600,80,36,1,59,14,212.0,108.64515259816912
8,40,1600,60,43,1,57,11,112.0,93.82455293284022
8,40,1600,70,45,0,59,8,174.0,0.0
8,40,1600,85,47,1,53,14,166.0,172.50803582733832
8,40,1600,60,45,1,37,5,100.0,142.49048917540392
8,40,1600,75,48,0,31,3,64.0,0.0
8,40,1600,65,45,0,95,6,96.0,0.0
8,40,1600,90,49,0,97,8,126.0,0.0
8,40,1600,85,37,0,31,8,122.0,0.0
8,40,1600,75,37,0,63,11,226.0,0.0
8,40,1600,90,39,0,49,6,102.0,0.0
8,40,1600,65,41,0,59,7,114.0,0.0
8,40,1600,90,46,1,47,9,126.0,116.79479678121452
8,40,1600,75,44,1,57,7,58.0,158.15408813050448
8,40,1600,60,49,1,45,5,70.0,63.824945567783395
8,40,1600,75,43,1,31,6,64.0,53.882101876229626
8,40,1600,90,36,0,59,14,178.0,0.0
8,40,1600,75,42,1,81,12,200.0,190.20419295646877
8,40,1600,85,45,0,91,9,152.0,0.0
8,40,1600,60,48,0,39,6,96.0,0.0
8,40,1600,70,48,1,31,5,84.0,109.04656040350501
8,40,1600,80,49,1,55,6,130.0,87.1003786745938
8,40,1600,70,50,1,55,6,126.0,84.96286268329575
8,40,1600,80,49,0,31,5,98.0,0.0
8,40,1600,90,41,1,77,15,242.0,246.2993467196434
8,40,1600,65,36,1,31,4,128.0,52.17069588941944
8,40,1600,60,37,1,113,9,242.0,147.31280008499118
8,40,1600,75,44,0,75,7,128.0,0.0
8,40,1600,70,35,0,83,13,262.0,0.0
8,40,1600,80,38,1,55,12,178.0,158.13187254232867
8,40,1600,80,50,0,59,6,156.0,0.0
8,40,1600,65,42,0,93,10,176.0,0.0
8,40,1600,70,46,1,47,7,80.0,107.73888985944517
8,40,1500,85,38,1,57,10,158.0,98.18284124647923
8,40,1600,65,40,0,99,8,176.0,0.0
8,40,1600,80,40,0,119,9,210.0,0.0
8,40,1500,65,39,1,37,7,82.0,167.24694498790572
8,40,1600,70,46,1,45,6,78.0,80.85136430374654
8,40,1600,65,49,1,49,3,80.0,45.14273819341374
8,40,1500,85,45,0,57,5,112.0,0.0
8,40,1600,90,43,0,81,10,154.0,0.0
8,40,1500,80,36,0,75,12,158.0,0.0
8,40,1500,75,37,0,107,10,180.0,0.0
8,40,1500,75,38,0,49,6,108.0,0.0
8,40,1500,90,37,1,67,12,166.0,149.26272351430538
8,40,1500,65,49,1,49,4,70.0,36.3504537229679
8,40,1500,75,43,1,59,7,100.0,100.89751149188797
8,40,1500,75,48,1,57,9,168.0,306.12887145532136
8,40,1500,75,49,0,107,10,216.0,0.0
8,40,1500,65,50,0,27,3,52.0,0.0
8,40,1500,60,38,1,73,9,154.0,86.80034681465038
8,40,1500,90,45,0,111,7,166.0,0.0
8,40,1500,90,45,1,43,9,92.0,137.48580695275376
8,40,1500,65,48,0,47,3,76.0,0.0
8,40,1500,85,49,0,87,9,134.0,0.0
8,40,1500,70,41,0,85,12,242.0,0.0
8,40,1500,85,40,1,77,12,186.0,150.92447669975442
8,40,1500,85,44,1,51,7,100.0,153.99898151137438
8,40,1500,65,50,1,27,1,28.0,28.999652302132944
8,40,1500,90,36,0,85,17,272.0,0.0
8,40,1500,80,44,1,87,12,206.0,263.42692372452535
8,40,1500,60,38,0,47,8,126.0,0.0
8,40,1500,75,40,1,27,3,68.0,56.20251106697382
8,40,1500,70,42,0,45,7,92.0,0.0
8,40,1500,60,36,0,83,14,238.0,0.0
8,40,1500,80,48,1,51,4,70.0,153.12292511941493
8,40,1500,60,50,1,35,4,36.0,76.76670377752183
8,40,1500,80,35,1,51,6,100.0,78.08135080431722
8,40,1500,80,46,0,29,5,58.0,0.0
8,40,1500,85,35,1,43,12,134.0,125.1083085222387
8,40,1500,85,37,0,81,13,214.0,0.0
8,40,1500,90,39,0,81,16,186.0,0.0
8,40,1500,60,42,1,47,11,108.0,216.95608170228934
8,40,1500,75,39,1,89,9,176.0,299.29214349408886
8,40,1500,75,41,0,29,10,142.0,0.0
8,40,1500,75,41,1,59,13,150.0,207.031505591973
8,40,1500,75,47,0,29,5,56.0,0.0
8,39,3000,90,36,1,77,39,506.0,653.4377343624355
8,39,3000,70,37,0,157,35,654.0,0.0
8,39,3000,75,40,1,169,34,674.0,694.7484423347083
8,40,1500,75,44,0,55,7,112.0,0.0
8,39,3000,75,44,0,275,31,952.0,0.0
8,39,3000,60,44,0,159,30,646.0,0.0
8,39,3000,75,38,1,207,37,632.0,606.1675329073703
8,39,3000,65,50,1,171,16,578.0,422.9334194217114
8,39,3000,85,36,1,91,37,424.0,487.6329468690658
8,39,3000,75,38,1,159,38,680.0,584.7088858814401
8,39,3000,65,44,1,117,26,578.0,564.5436315713262
8,39,3000,75,42,0,221,28,752.0,0.0
8,39,3000,75,45,0,113,25,702.0,0.0
8,39,3000,85,47,0,159,22,566.0,0.0
8,39,3000,65,49,1,169,23,680.0,450.78841547956443
8,39,3000,75,50,0,175,18,672.0,0.0
8,39,3000,90,35,0,117,35,652.0,0.0
8,39,3000,75,36,0,117,32,744.0,0.0
8,39,3000,70,36,1,111,37,618.0,509.0010027886543
8,39,3000,80,45,1,85,30,432.0,833.6249506380012
8,39,3000,60,46,1,103,34,612.0,591.89334972231
8,39,3000,85,49,0,163,23,596.0,0.0
8,39,3000,85,49,0,215,24,654.0,0.0
8,39,3000,80,50,1,185,27,650.0,656.1078722049116
8,39,3000,70,35,1,119,21,398.0,364.6762438389618
8,39,3000,75,38,0,161,28,726.0,0.0
8,39,3000,80,38,1,111,37,548.0,651.2052236989781
8,39,3000,65,41,1,165,36,694.0,513.184811711913
8,39,3000,85,42,0,167,30,654.0,0.0
8,39,3000,75,44,0,195,28,924.0,0.0
8,39,3000,70,49,1,85,28,490.0,413.94950699686524
8,39,3000,80,50,0,167,22,654.0,0.0
8,39,3000,90,35,1,73,38,500.0,527.0552302173515
8,39,3000,60,36,0,159,36,742.0,0.0
8,39,3000,65,37,0,155,37,658.0,0.0
8,39,3000,80,36,1,113,37,574.0,493.32154727148975
8,39,3000,80,38,0,165,31,814.0,0.0
8,39,3000,80,43,1,111,35,544.0,689.5056821976867
8,39,3000,75,48,0,111,22,568.0,0.0
8,39,3000,80,50,1,169,25,592.0,652.138670864446
8,39,2900,60,35,0,199,32,804.0,0.0
8,39,2900,75,41,1,161,34,696.0,393.62906314817167
8,39,2900,75,43,1,149,32,558.0,597.0080193376962
8,39,3000,80,48,0,169,22,556.0,0.0
8,39,2900,65,44,1,161,27,654.0,642.3665508676817
8,39,2900,60,48,1,115,21,598.0,377.4845516769055
8,39,2900,65,44,0,209,22,540.0,0.0
8,39,2900,65,46,0,157,17,608.0,0.0
8,39,2900,75,36,0,143,30,598.0,0.0
8,39,2900,90,38,1,93,36,450.0,563.2068272794833
8,39,2900,80,38,1,109,37,582.0,645.4852088909109
8,39,2900,85,43,1,109,31,546.0,616.1230959139597
8,39,2900,60,47,0,227,23,766.0,0.0
8,39,2900,85,38,0,113,31,670.0,0.0
8,39,2900,80,43,1,153,29,576.0,616.1179775587514
8,39,2900,90,47,0,163,19,454.0,0.0
8,39,2900,75,36,0,107,36,584.0,0.0
8,39,2900,75,37,1,95,38,572.0,684.4711883234967
8,39,2900,90,41,1,113,32,554.0,520.5606089440084
8,39,2900,80,39,1,161,34,536.0,612.6663518216991
8,39,2900,90,41,0,167,29,606.0,0.0
8,39,2900,90,47,0,221,23,702.0,0.0
8,39,2900,85,46,0,135,19,576.0,0.0
8,39,2900,75,50,1,157,21,542.0,558.3065824931119
8,39,2900,70,37,1,153,35,502.0,645.3030096231332
8,39,2900,70,40,1,75,29,438.0,481.5330260128328
8,39,2900,80,38,0,195,35,806.0,0.0
8,39,2900,60,44,1,107,24,500.0,534.1212009391922
8,39,2900,60,47,1,145,16,426.0,242.74603490431448
8,39,2900,85,47,0,107,22,572.0,0.0
8,39,2900,70,50,0,111,21,474.0,0.0
8,39,2900,80,49,0,215,21,534.0,0.0
8,39,2900,60,35,0,165,28,784.0,0.0
8,39,2900,85,37,0,151,35,632.0,0.0
8,39,2900,70,39,1,131,34,722.0,686.0782519730514
8,39,2900,85,41,1,161,31,706.0,626.2011224039833
8,39,2900,80,41,1,161,31,646.0,608.4377517279322
8,39,2900,65,48,1,109,21,532.0,508.80272406551904
8,39,2900,70,50,0,153,20,634.0,0.0
8,39,2900,60,50,0,143,15,420.0,0.0
8,39,2800,80,35,1,69,33,422.0,524.1422913562058
8,39,2800,70,38,0,205,31,776.0,0.0
8,39,2800,65,42,0,217,27,648.0,0.0
8,39,2800,90,40,1,161,32,864.0,607.4043389520272
8,39,2900,60,43,0,209,31,764.0,0.0
8,39,2800,70,42,0,161,29,820.0,0.0
8,39,2800,85,45,1,125,24,518.0,491.1946255986912
8,39,2800,90,47,1,201,25,654.0,466.26448188285656
8,39,2800,85,37,1,155,36,660.0,578.5394567813465
8,39,2800,60,38,0,109,33,704.0,0.0
8,39,2800,65,42,1,185,31,584.0,565.2590080572608
8,39,2800,80,40,0,159,29,784.0,0.0
8,39,2800,85,43,0,203,28,806.0,0.0
8,39,2800,90,45,1,209,30,754.0,650.2440341195435
8,39,2800,85,41,0,135,27,662.0,0.0
8,39,2800,60,45,1,155,19,508.0,421.91942630854925
8,39,2800,90,37,1,107,36,562.0,553.8447115510284
8,39,2800,85,42,1,153,29,576.0,487.3958372739817
8,39,2800,80,44,1,157,20,446.0,457.74131966347284
8,39,2800,85,44,0,161,29,668.0,0.0
8,39,2800,85,45,0,259,27,780.0,0.0
8,39,2800,70,48,1,99,15,308.0,401.4605006629331
8,39,2800,65,48,0,147,22,648.0,0.0
8,39,2800,80,44,0,111,24,410.0,0.0
8,39,2800,75,39,1,75,24,488.0,482.66714321675107
8,39,2800,75,40,1,107,28,472.0,461.8174966660037
8,39,2800,60,42,0,105,19,418.0,0.0
8,39,2800,80,43,1,125,30,532.0,536.433520774506
8,39,2800,80,45,0,159,26,604.0,0.0
8,39,2800,75,47,0,105,23,550.0,0.0
8,39,2800,90,41,1,105,31,566.0,678.7876883462538
8,39,2800,80,50,0,155,19,518.0,0.0
8,39,2800,90,36,0,155,34,792.0,0.0
8,39,2800,60,41,1,109,26,520.0,522.476569173949
8,39,2800,70,39,1,169,29,596.0,765.2598012101571
8,39,2800,90,39,0,157,33,764.0,0.0
8,39,2800,60,41,0,151,18,542.0,0.0
8,39,2800,60,42,1,101,31,520.0,633.6589325962836
8,39,2800,70,48,0,149,17,512.0,0.0
8,39,2800,80,49,1,153,23,468.0,317.87159651466015
8,39,2700,90,36,0,159,27,556.0,0.0
8,39,2700,70,36,1,147,28,544.0,359.3247273001097
8,39,2700,80,36,0,147,31,688.0,0.0
8,39,2700,60,39,0,193,32,668.0,0.0
8,39,2800,60,41,0,151,25,610.0,0.0
8,39,2700,65,46,1,151,19,350.0,379.7382695009307
8,39,2700,85,44,1,107,21,602.0,443.6378190565747
8,39,2700,80,44,1,249,27,710.0,613.2901992755883
8,39,2700,80,36,1,125,39,540.0,516.0573777013416
8,39,2700,60,36,1,99,32,664.0,365.2137018742141
8,39,2700,75,38,0,205,31,852.0,0.0
8,39,2700,75,42,0,145,28,580.0,0.0
8,39,2700,75,38,0,195,28,722.0,0.0
8,39,2700,60,47,0,145,18,440.0,0.0
8,39,2700,75,49,1,141,21,482.0,257.3369450270536
8,39,2700,90,43,1,143,21,426.0,408.4955373099987
8,39,2700,90,35,0,143,30,604.0,0.0
8,39,2700,90,38,1,103,36,554.0,571.6117382703765
8,39,2700,80,37,0,145,35,784.0,0.0
8,39,2700,70,43,0,155,27,596.0,0.0
8,39,2700,60,48,1,89,12,356.0,293.50977079409785
8,39,2700,65,44,0,101,21,552.0,0.0
8,39,2700,90,45,1,115,29,506.0,616.1321011490485
8,39,2700,70,43,1,139,23,490.0,436.67391016718983
8,39,2700,75,35,1,109,31,486.0,541.713206210316
8,39,2700,90,37,1,73,35,376.0,431.01760706667403
8,39,2700,75,41,0,211,29,680.0,0.0
8,39,2700,75,41,0,211,23,626.0,0.0
8,39,2700,75,45,1,137,18,488.0,329.24022552846867
8,39,2700,70,46,0,143,24,670.0,0.0
8,39,2700,80,48,1,111,24,370.0,503.09669491183854
8,39,2700,60,38,0,197,26,684.0,0.0
8,39,2700,65,40,0,143,25,608.0,0.0
8,39,2700,85,40,1,95,27,520.0,477.49694275127445
8,39,2700,90,43,0,139,21,502.0,0.0
8,39,2700,65,40,0,183,27,724.0,0.0
8,39,2700,75,50,1,107,14,422.0,259.18803535013564
8,39,2700,70,47,1,117,22,420.0,509.62818115521543
8,39,2700,90,49,1,75,19,388.0,312.3900272591673
8,39,2700,65,50,0,201,19,584.0,0.0
8,39,2600,70,36,1,101,23,418.0,322.0871060020371
8,39,2600,90,35,0,183,35,718.0,0.0
8,39,2600,75,37,1,111,35,526.0,523.0897831668507
8,39,2600,80,45,1,149,24,364.0,387.1405986050297
8,39,2600,65,47,0,227,19,474.0,0.0
8,39,2700,70,49,0,227,21,488.0,0.0
8,39,2600,75,50,1,93,19,412.0,536.8019669205266
8,39,2600,90,50,0,95,16,410.0,0.0
8,39,2600,65,35,0,201,30,726.0,0.0
8,39,2600,90,41,0,93,25,408.0,0.0
8,39,2600,60,41,1,125,23,376.0,462.85807111053856
8,39,2600,60,48,1,99,17,354.0,400.4365466912272
8,39,2600,85,40,0,197,31,734.0,0.0
8,39,2600,85,50,0,145,23,516.0,0.0
8,39,2600,70,46,1,97,20,394.0,398.8351759821292
8,39,2600,85,48,1,195,25,512.0,601.935358181597
8,39,2600,70,38,1,99,24,542.0,350.68606105878575
8,39,2600,75,42,1,69,19,322.0,239.01887441220325
8,39,2600,80,40,0,191,28,710.0,0.0
8,39,2600,75,40,0,99,25,562.0,0.0
8,39,2600,85,45,1,75,20,414.0,470.4510984391131
8,39,2600,70,46,0,139,20,552.0,0.0
8,39,2600,85,45,0,141,24,502.0,0.0
8,39,2600,90,47,1,139,25,476.0,412.4043705562871
8,39,2600,90,35,0,151,33,660.0,0.0
8,39,2600,85,37,1,97,31,482.0,486.4669546155974
8,39,2600,70,40,0,99,23,516.0,0.0
8,39,2600,60,38,1,101,23,380.0,344.21704562424407
8,39,2600,80,42,1,75,30,436.0,609.9982665946102
8,39,2600,65,47,0,91,11,360.0,0.0
8,39,2600,85,42,1,147,27,534.0,456.5961448783582
8,39,2600,60,47,0,235,22,600.0,0.0
8,39,2600,80,39,1,183,36,530.0,509.3322391240255
8,39,2600,75,40,0,139,19,526.0,0.0
8,39,2600,80,45,1,143,29,560.0,577.2580929064083
8,39,2600,70,44,0,151,19,510.0,0.0
8,39,2600,75,44,1,71,24,458.0,534.9421044981885
8,39,2600,65,48,0,101,14,414.0,0.0
8,39,2600,65,41,1,121,33,516.0,665.2779597612159
8,39,2600,70,49,0,141,17,456.0,0.0
8,39,2500,65,39,1,145,24,530.0,543.678957557168
8,39,2600,80,41,0,147,23,526.0,0.0
8,39,2500,60,40,0,135,22,518.0,0.0
8,39,2500,75,49,1,143,26,472.0,355.2588935856859
8,39,2500,60,46,1,91,19,424.0,291.28112312986065
8,39,2500,65,48,1,117,20,334.0,400.0131320642557
8,39,2500,60,41,0,137,18,394.0,0.0
8,39,2500,80,49,0,95,17,428.0,0.0
8,39,2500,80,38,0,143,25,484.0,0.0
8,39,2500,80,43,1,85,17,298.0,448.0895632834847
8,39,2500,85,45,0,91,11,316.0,0.0
8,39,2500,85,46,1,125,18,310.0,258.6717246245466
8,39,2500,85,47,1,93,24,340.0,330.32244291130985
8,39,2500,65,41,0,167,19,514.0,0.0
8,39,2500,75,39,1,107,25,444.0,608.514731109483
8,39,2500,70,40,0,145,22,584.0,0.0
8,39,2500,80,36,1,89,23,474.0,311.99385342136196
8,39,2500,60,39,0,133,21,512.0,0.0
8,39,2500,75,42,0,93,20,314.0,0.0
8,39,2500,60,43,1,99,25,510.0,414.8706493659837
8,39,2500,85,44,0,135,22,446.0,0.0
8,39,2500,85,47,0,137,19,506.0,0.0
8,39,2500,85,47,1,141,20,446.0,325.634183757359
8,39,2500,80,49,1,95,21,348.0,306.414301637719
8,39,2500,85,35,1,83,27,472.0,341.3642578750999
8,39,2500,75,39,1,99,25,326.0,541.0443822185016
8,39,2500,85,38,0,141,28,622.0,0.0
8,39,2500,80,45,0,121,20,434.0,0.0
8,39,2500,70,39,1,93,29,464.0,533.6522520254633
8,39,2500,65,42,0,139,19,454.0,0.0
8,39,2500,80,44,1,137,18,396.0,374.98044541836987
8,39,2500,65,45,0,91,13,352.0,0.0
8,39,2500,75,40,0,129,23,516.0,0.0
8,39,2500,75,40,1,97,32,520.0,502.5025735895946
8,39,2500,80,42,0,137,15,338.0,0.0
8,39,2500,60,42,1,125,19,342.0,282.83645247748143
8,39,2500,70,44,1,109,24,450.0,599.627988522322
8,39,2500,70,48,0,141,21,462.0,0.0
8,39,2500,70,42,0,95,20,462.0,0.0
8,39,2500,85,48,1,93,22,350.0,433.668778153339
8,39,2500,90,41,0,185,27,656.0,0.0
8,39,2400,80,35,0,177,32,638.0,0.0
8,39,2400,65,42,0,127,22,430.0,0.0
8,39,2400,80,41,1,89,22,336.0,443.83605674691717
8,39,2400,65,44,1,95,14,284.0,331.381075643931
8,39,2400,85,45,0,117,16,302.0,0.0
8,39,2400,85,35,0,95,31,518.0,0.0
8,39,2400,85,46,1,83,18,246.0,275.76501727863143
8,39,2400,90,43,1,175,22,552.0,454.2737817122818
8,39,2400,65,41,1,83,14,276.0,234.52069259154723
8,39,2400,85,37,0,125,22,572.0,0.0
8,39,2400,70,41,1,131,23,466.0,480.4235185907491
8,39,2400,60,44,1,73,23,364.0,465.98009435711816
8,39,2400,60,50,0,83,5,200.0,0.0
8,39,2400,65,35,1,83,25,340.0,284.20687269558994
8,39,2400,60,41,0,129,19,364.0,0.0
8,39,2400,85,45,1,123,24,440.0,376.137046924424
8,39,2400,65,46,0,89,12,218.0,0.0
8,39,2400,90,48,0,45,14,242.0,0.0
8,39,2400,90,35,1,137,36,562.0,520.9726692738602
8,39,2400,80,43,1,77,21,308.0,368.8557717457286
8,39,2400,75,37,1,133,25,510.0,374.0909032604023
8,39,2400,65,42,1,89,20,422.0,258.93200037518886
8,39,2400,65,38,1,129,21,372.0,319.81966186239407
8,39,2400,60,48,0,91,8,140.0,0.0
8,39,2400,65,45,0,91,9,300.0,0.0
8,39,2400,70,48,0,85,12,316.0,0.0
8,39,2400,80,46,0,129,17,384.0,0.0
8,39,2400,60,39,0,161,19,464.0,0.0
8,39,2400,65,36,0,133,27,572.0,0.0
8,39,2400,75,37,1,71,33,394.0,464.7846184826372
8,39,2400,65,39,0,173,24,520.0,0.0
8,39,2400,90,48,0,129,16,384.0,0.0
8,39,2400,85,47,1,81,16,388.0,217.0428822441841
8,39,2400,75,49,1,69,14,226.0,247.55160893472927
8,39,2400,85,49,1,101,22,366.0,307.4730565820025
8,39,2400,85,50,0,133,19,382.0,0.0
8,39,2400,60,37,1,99,23,396.0,335.9446390712415
8,39,2300,60,36,1,91,24,368.0,322.5627316100083
8,39,2300,90,41,0,129,26,418.0,0.0
8,39,2300,75,41,0,91,17,424.0,0.0
8,39,2400,75,47,0,165,18,426.0,0.0
8,39,2300,65,49,1,67,16,278.0,238.81061795531093
8,39,2400,70,48,1,109,14,258.0,268.668519806281
8,39,2400,75,47,0,87,13,222.0,0.0
8,39,2300,90,35,1,85,32,416.0,476.44964927187766
8,39,2300,65,36,0,131,8,290.0,0.0
8,39,2300,90,37,1,123,32,466.0,519.4407944739487
8,39,2300,70,38,1,73,26,350.0,451.51756627174944
8,39,2300,75,46,0,127,14,400.0,0.0
8,39,2300,65,46,0,129,19,404.0,0.0
8,39,2300,85,47,0,133,19,392.0,0.0
8,39,2300,85,49,1,79,14,226.0,196.96318088366857
8,39,2300,85,46,1,77,19,324.0,348.6706561636738
8,39,2300,75,38,1,89,27,350.0,396.41614003590314
8,39,2300,60,36,0,123,19,380.0,0.0
8,39,2300,65,47,0,113,13,318.0,0.0
8,39,2300,60,49,0,129,11,196.0,0.0
8,39,2300,65,45,1,99,16,320.0,285.5822182569083
8,39,2300,70,50,1,89,7,258.0,240.05330458502485
8,39,2300,85,49,0,129,18,522.0,0.0
8,39,2300,70,50,1,77,15,218.0,306.7100095366977
8,39,2300,65,35,1,125,22,416.0,249.19269269625994
8,39,2300,80,35,1,73,28,326.0,362.9863164134817
8,39,2300,75,37,0,101,22,398.0,0.0
8,39,2300,75,40,0,123,22,454.0,0.0
8,39,2300,90,37,1,115,31,536.0,531.8801675689069
8,39,2300,85,39,0,113,23,538.0,0.0
8,39,2300,70,38,0,79,19,388.0,0.0
8,39,2300,75,46,1,69,12,238.0,180.66195700547115
8,39,2300,75,41,1,129,24,424.0,470.99069967817684
8,39,2300,70,42,0,89,15,312.0,0.0
8,39,2300,85,44,1,73,10,156.0,139.7087484428728
8,39,2300,85,44,1,111,25,384.0,408.89750280383356
8,39,2300,70,42,1,69,23,390.0,450.2041514074777
8,39,2300,65,46,0,89,12,250.0,0.0
8,39,2300,75,47,0,91,11,254.0,0.0
8,39,2300,85,41,0,117,22,444.0,0.0
8,39,2200,60,36,1,79,17,274.0,189.80885382563937
8,39,2300,60,38,0,111,20,390.0,0.0
8,39,2300,75,39,1,75,25,364.0,568.0084905581937
8,39,2200,90,35,0,103,22,392.0,0.0
8,39,2300,70,41,0,83,15,202.0,0.0
8,39,2200,85,48,1,105,16,292.0,379.57398032983997
8,39,2200,90,36,0,85,23,436.0,0.0
8,39,2200,75,36,1,87,18,296.0,122.95580782155258
8,39,2200,70,38,1,77,23,302.0,306.3357806145074
8,39,2200,90,36,1,79,23,368.0,308.5123764638152
8,39,2200,85,38,1,85,17,296.0,241.38307261988098
8,39,2200,80,47,1,73,10,178.0,168.8708217179307
8,39,2200,80,48,0,75,16,260.0,0.0
8,39,2200,60,50,0,111,16,306.0,0.0
8,39,2200,60,48,0,107,10,236.0,0.0
8,39,2200,90,47,0,151,14,370.0,0.0
8,39,2200,70,37,0,109,24,412.0,0.0
8,39,2200,90,41,0,147,20,464.0,0.0
8,39,2200,90,43,0,83,12,274.0,0.0
8,39,2200,75,46,1,49,12,210.0,123.28614845732827
8,39,2200,65,45,1,157,15,344.0,303.0464770217369
8,39,2200,80,38,1,167,21,412.0,376.171895380956
8,39,2200,70,36,0,127,19,498.0,0.0
8,39,2200,75,41,1,105,16,304.0,275.7076874790997
8,39,2200,65,35,1,87,20,302.0,233.49751936465393
8,39,2200,80,37,0,209,21,516.0,0.0
8,39,2200,90,37,0,191,27,612.0,0.0
8,39,2200,75,38,0,127,23,470.0,0.0
8,39,2200,60,47,1,79,9,204.0,137.2745597834142
8,39,2200,75,47,1,129,14,176.0,198.0898288580351
8,39,2200,75,49,1,65,15,264.0,266.4958739437512
8,39,2200,70,47,0,167,14,344.0,0.0
8,39,2200,75,37,1,95,27,412.0,479.29661361324105
8,39,2200,85,38,1,75,23,338.0,434.1670043960145
8,39,2200,90,38,1,79,29,404.0,441.72316676761636
8,39,2200,75,39,0,125,22,480.0,0.0
8,39,2200,80,43,0,111,20,370.0,0.0
8,39,2200,85,47,0,115,17,298.0,0.0
8,39,2200,75,47,0,155,18,494.0,0.0
8,39,2200,65,50,1,87,13,200.0,315.19149136662696
8,39,2100,70,35,0,83,19,414.0,0.0
8,39,2100,85,35,1,115,25,328.0,297.4791191179797
8,39,2200,90,35,0,169,28,506.0,0.0
8,39,2200,70,40,0,85,17,276.0,0.0
8,39,2100,65,35,1,101,27,408.0,344.40679900472935
8,39,2200,90,47,1,141,17,280.0,186.70708415068358
8,39,2100,80,41,1,73,21,344.0,429.4020046896123
8,39,2100,70,44,0,71,12,214.0,0.0
8,39,2100,65,37,0,83,16,354.0,0.0
8,39,2100,85,35,0,121,29,510.0,0.0
8,39,2100,60,46,1,53,6,118.0,58.9875586289634
8,39,2100,80,42,0,125,11,352.0,0.0
8,39,2100,70,46,1,101,13,270.0,222.64470725453626
8,39,2100,85,44,1,121,19,358.0,393.84981297581686
8,39,2100,65,38,1,77,19,320.0,282.2360391249874
8,39,2100,70,44,0,71,11,172.0,0.0
8,39,2100,80,35,0,93,20,406.0,0.0
8,39,2100,70,35,1,73,23,304.0,302.5271569733717
8,39,2100,80,38,0,161,21,498.0,0.0
8,39,2100,65,42,1,91,15,276.0,196.88434519411334
8,39,2100,75,48,1,61,9,150.0,225.51269023291044
8,39,2100,65,43,1,131,12,270.0,262.23293512143516
8,39,2100,75,40,0,77,7,184.0,0.0
8,39,2100,60,47,0,61,11,240.0,0.0
8,39,2100,70,46,0,91,10,208.0,0.0
8,39,2100,65,49,1,97,7,98.0,86.98088990489826
8,39,2100,60,40,0,75,11,178.0,0.0
8,39,2100,80,38,1,83,19,346.0,225.9729705388554
8,39,2100,85,42,1,111,17,288.0,249.54956253698407
8,39,2100,65,39,1,111,15,402.0,368.5908702532424
8,39,2100,85,43,0,151,15,346.0,0.0
8,39,2100,70,38,1,115,20,342.0,223.30149072386436
8,39,2100,75,38,0,113,22,486.0,0.0
8,39,2100,65,47,0,119,14,308.0,0.0
8,39,2100,75,37,1,73,22,364.0,297.1128718152896
8,39,2100,70,38,0,79,16,274.0,0.0
8,39,2100,70,45,0,113,13,260.0,0.0
8,39,2100,80,46,0,117,11,226.0,0.0
8,39,2100,60,50,1,99,13,232.0,266.72838604756583
8,39,2100,80,48,1,61,13,158.0,318.0156316119299
8,39,2100,90,47,0,71,11,240.0,0.0
8,39,2100,75,41,1,83,13,186.0,208.06748804183775
8,39,2100,70,36,0,107,19,328.0,0.0
8,39,2000,60,36,1,77,17,362.0,178.701925906344
8,39,2000,80,49,0,65,7,140.0,0.0
8,39,2000,75,43,1,63,8,146.0,187.77328784180253
8,39,2000,70,42,0,99,13,314.0,0.0
8,39,2000,75,42,1,63,18,252.0,351.1592476813272
8,39,2000,90,44,1,111,17,378.0,438.5149202192826
8,39,2000,85,48,0,71,6,172.0,0.0
8,39,2000,60,35,0,149,19,366.0,0.0
8,39,2000,70,38,1,97,16,296.0,236.7171670394738
8,39,2000,80,45,0,119,12,264.0,0.0
8,39,2000,60,45,0,111,8,186.0,0.0
8,39,2000,90,43,0,115,17,410.0,0.0
8,39,2000,75,50,1,73,12,224.0,302.84849576942435
8,39,2000,85,50,1,93,15,220.0,285.7727734361027
8,39,2000,75,46,1,91,12,244.0,121.36694254116694
8,39,2000,85,35,0,111,18,340.0,0.0
8,39,2000,70,37,0,103,19,326.0,0.0
8,39,2000,90,39,0,103,20,346.0,0.0
8,39,2000,85,45,1,97,15,246.0,377.6150635166594
8,39,2000,70,46,1,89,19,332.0,200.66351039007873
8,39,2000,65,44,1,81,19,278.0,397.49737995683887
8,39,2000,60,48,1,93,8,206.0,234.41177314048682
8,39,2000,75,50,0,77,11,262.0,0.0
8,39,2000,60,39,0,115,16,340.0,0.0
8,39,2000,75,36,0,89,14,264.0,0.0
8,39,2000,90,40,1,69,16,194.0,128.88716770589366
8,39,2000,90,49,1,61,10,118.0,128.18243736616876
8,39,2000,60,45,1,75,8,144.0,212.90896126380278
8,39,2000,75,50,0,39,4,74.0,0.0
8,39,2000,65,43,1,101,7,174.0,129.9681066503063
8,39,2000,60,49,0,89,11,232.0,0.0
8,39,2000,65,35,0,109,17,336.0,0.0
8,39,2000,80,38,1,59,20,296.0,269.4352262570979
8,39,2000,65,36,0,107,16,364.0,0.0
8,39,2000,90,37,1,73,18,272.0,228.96006392343006
8,39,2000,65,39,0,137,14,376.0,0.0
8,39,2000,60,50,1,101,6,112.0,119.4422972493081
8,39,2000,80,50,0,91,8,198.0,0.0
8,39,2000,80,48,1,57,7,144.0,198.9209870773669
8,39,1900,70,35,1,65,15,284.0,154.1865094338705
8,39,2000,90,38,0,153,20,454.0,0.0
8,39,1900,90,40,1,59,22,240.0,317.3667692656498
8,39,1900,85,39,1,73,17,264.0,409.09705170687295
8,39,1900,85,42,0,177,15,380.0,0.0
8,39,1900,75,47,0,69,7,140.0,0.0
8,39,1900,80,49,0,107,11,206.0,0.0
8,39,1900,85,43,1,105,9,176.0,101.34094771820313
8,39,1900,80,36,0,109,16,342.0,0.0
8,39,1900,70,36,0,111,18,344.0,0.0
8,39,1900,75,39,1,89,16,306.0,300.01743232295723
8,39,1900,65,44,1,69,9,172.0,290.1796792067516
8,39,1900,75,46,1,73,10,178.0,116.60797793477482
8,39,1900,90,42,0,69,13,232.0,0.0
8,39,1900,85,48,1,81,11,218.0,236.4295501102462
8,39,1900,60,49,0,99,9,184.0,0.0
8,39,1900,65,35,0,135,18,420.0,0.0
8,39,1900,65,37,0,35,10,124.0,0.0
8,39,1900,60,44,1,37,6,104.0,165.00707917941267
8,39,1900,60,45,1,137,10,204.0,152.89606431581188
8,39,1900,60,38,0,95,15,310.0,0.0
8,39,1900,60,42,1,95,16,314.0,238.50928396896296
8,39,1900,60,49,0,75,8,212.0,0.0
8,39,1900,60,48,1,109,8,190.0,231.22092448645915
8,39,1900,80,35,0,107,22,340.0,0.0
8,39,1900,85,35,1,69,20,278.0,198.0613963749756
8,39,1900,75,35,1,67,15,218.0,200.32529709006243
8,39,1900,70,44,1,75,7,184.0,201.7041641588637
8,39,1900,80,39,1,69,6,162.0,198.45469802492548
8,39,1900,90,43,0,103,11,214.0,0.0
8,39,1900,65,47,0,89,6,158.0,0.0
8,39,1900,70,41,0,67,13,230.0,0.0
8,39,1900,60,37,0,61,13,212.0,0.0
8,39,1900,70,38,1,103,13,264.0,149.79325269594003
8,39,1900,75,40,1,67,12,232.0,163.05384001563795
8,39,1900,90,42,0,71,10,172.0,0.0
8,39,1900,90,42,1,55,21,204.0,343.33238703361076
8,39,1900,90,50,0,163,10,266.0,0.0
8,39,1900,70,37,1,69,13,132.0,152.26947599469707
8,39,1900,60,47,0,139,10,312.0,0.0
8,39,1800,85,39,1,65,9,188.0,196.74161238130432
8,39,1800,70,42,1,53,7,86.0,101.6570768427892
8,39,1800,60,43,0,109,6,110.0,0.0
8,39,1800,75,46,0,75,6,112.0,0.0
8,39,1800,85,42,1,133,13,242.0,185.83109558052888
8,39,1900,80,49,0,73,4,106.0,0.0
8,39,1800,85,46,1,81,13,186.0,175.7221720511299
8,39,1800,60,47,0,67,8,154.0,0.0
8,39,1800,85,37,0,97,10,202.0,0.0
8,39,1800,75,41,0,105,15,232.0,0.0
8,39,1800,80,43,1,103,14,248.0,226.35064370057668
8,39,1800,85,38,0,69,14,314.0,0.0
8,39,1800,70,36,0,121,16,332.0,0.0
8,39,1800,80,50,1,79,10,136.0,159.38333721673888
8,39,1800,60,50,1,41,5,76.0,119.6457114182391
8,39,1800,60,47,1,95,10,180.0,128.33171488841305
8,39,1800,80,35,1,83,20,276.0,160.08705392894353
8,39,1800,60,40,0,85,7,150.0,0.0
8,39,1800,80,38,1,131,17,324.0,214.88966025141337
8,39,1800,75,39,1,123,19,324.0,429.85735832229534
8,39,1800,75,40,0,131,18,302.0,0.0
8,39,1800,85,49,0,91,5,92.0,0.0
8,39,1800,80,46,1,35,6,98.0,52.6795179315778
8,39,1800,75,43,0,97,11,254.0,0.0
8,39,1800,75,37,1,81,16,194.0,284.2231624658669
8,39,1800,80,44,0,95,12,248.0,0.0
8,39,1800,75,35,0,63,16,236.0,0.0
8,39,1800,70,47,0,67,7,166.0,0.0
8,39,1800,60,48,0,115,11,212.0,0.0
8,39,1800,90,48,1,69,12,178.0,282.67094018146474
8,39,1800,75,50,1,81,6,118.0,168.2636998870376
8,39,1800,90,48,1,101,11,184.0,197.58667071883204
8,39,1800,70,39,0,57,10,168.0,0.0
8,39,1800,70,40,1,65,11,130.0,160.46429626136143
8,39,1800,80,43,1,47,12,188.0,190.39065067081873
8,39,1800,90,43,0,67,10,126.0,0.0
8,39,1800,80,43,0,29,3,58.0,0.0
8,39,1800,80,46,0,101,9,194.0,0.0
8,39,1800,75,48,1,45,8,88.0,133.48163162154785
8,39,1800,85,49,1,47,6,112.0,87.12392757899332
8,39,1800,85,45,0,63,7,202.0,0.0
8,39,1700,65,35,1,63,10,132.0,116.64614511892839
8,39,1700,70,39,0,99,10,180.0,0.0
8,39,1700,75,45,1,49,8,106.0,106.99835054698454
8,39,1700,60,42,0,67,6,146.0,0.0
8,39,1700,60,46,1,21,2,24.0,29.939920898165074
8,39,1700,60,46,1,67,12,174.0,146.97230584985306
8,39,1700,80,47,0,107,8,136.0,0.0
8,39,1700,80,49,0,79,4,80.0,0.0
8,39,1700,70,36,0,99,12,228.0,0.0
8,39,1700,70,36,1,53,10,154.0,97.49727947854402
8,39,1700,65,38,1,43,9,140.0,94.30904112740683
8,39,1700,75,40,0,53,8,124.0,0.0
8,39,1700,60,41,0,81,9,164.0,0.0
8,39,1700,75,42,0,121,13,236.0,0.0
8,39,1700,65,47,1,33,7,86.0,96.2336077517936
8,39,1700,80,50,1,109,9,180.0,186.51242909907776
8,39,1700,90,46,0,89,10,174.0,0.0
8,39,1700,80,35,1,49,22,266.0,276.2310012844554
8,39,1700,75,41,1,97,17,300.0,279.9226018815628
8,39,1700,90,36,0,95,14,264.0,0.0
8,39,1700,90,41,0,123,13,242.0,0.0
8,39,1700,85,49,1,117,10,200.0,127.87038493460923
8,39,1700,75,48,1,51,7,104.0,153.5295253378485
8,39,1700,80,49,0,27,2,28.0,0.0
8,39,1700,80,38,0,65,11,126.0,0.0
8,39,1700,75,50,1,55,6,56.0,104.70804760269284
8,39,1700,70,42,1,61,8,116.0,163.71233035494092
8,39,1700,70,40,0,99,10,126.0,0.0
8,39,1700,90,46,1,63,14,152.0,173.98278408130102
8,39,1700,80,39,0,101,17,270.0,0.0
8,39,1700,70,43,0,97,9,186.0,0.0
8,39,1700,90,50,1,81,7,172.0,144.7510201042882
8,39,1700,65,47,1,67,7,162.0,115.59069682842637
8,39,1700,65,37,1,61,18,244.0,229.52269042837673
8,39,1700,85,44,0,33,7,128.0,0.0
8,39,1700,70,41,1,83,13,206.0,198.13001917036465
8,39,1700,60,47,1,33,4,96.0,69.8791393661943
8,39,1700,85,36,0,47,8,168.0,0.0
8,39,1700,90,41,0,51,13,192.0,0.0
8,39,1600,90,40,1,55,11,192.0,160.6301114737516
8,39,1700,65,38,0,97,12,266.0,0.0
8,39,1600,90,40,1,47,15,168.0,182.01780036826264
8,39,1600,65,37,1,77,11,196.0,153.75800910011276
8,39,1600,90,42,1,75,5,108.0,80.98800621942232
8,39,1600,60,42,0,61,8,120.0,0.0
8,39,1600,75,45,0,59,4,60.0,0.0
8,39,1600,90,38,1,81,14,228.0,212.65335727825936
8,39,1600,80,49,0,91,8,182.0,0.0
8,39,1600,60,47,0,79,9,158.0,0.0
8,39,1600,85,35,1,65,16,210.0,223.3469164128198
8,39,1600,75,45,0,27,5,96.0,0.0
8,39,1600,85,43,0,85,11,198.0,0.0
8,39,1600,70,50,1,61,8,144.0,203.34862817027684
8,39,1600,80,48,1,59,8,92.0,240.82634151575252
8,39,1600,85,45,0,55,7,100.0,0.0
8,39,1600,70,44,1,95,6,124.0,180.47132792874655
8,39,1600,75,50,0,43,5,66.0,0.0
8,39,1600,60,47,1,53,5,80.0,86.07778497369439
8,39,1600,60,49,0,83,9,138.0,0.0
8,39,1600,60,43,0,55,10,164.0,0.0
8,39,1600,80,49,0,53,6,80.0,0.0
8,39,1600,60,50,1,65,4,90.0,92.84918374269617
8,39,1600,65,35,1,69,10,156.0,102.02118605253442
8,39,1600,90,41,0,81,8,114.0,0.0
8,39,1600,75,35,1,91,17,144.0,157.64161017998148
8,39,1600,70,35,0,119,16,274.0,0.0
8,39,1600,65,41,1,73,8,176.0,160.60997621449545
8,39,1600,70,43,1,45,8,108.0,153.74617574572054
8,39,1600,85,37,0,31,8,108.0,0.0
8,39,1600,65,42,1,45,10,102.0,152.39316996409895
8,39,1600,60,44,1,47,5,68.0,141.04856151554517
8,39,1600,90,45,0,87,8,142.0,0.0
8,39,1600,90,41,0,145,13,264.0,0.0
8,39,1600,60,36,1,131,14,256.0,163.38102399575584
8,39,1600,65,41,0,77,8,108.0,0.0
8,39,1500,75,47,1,45,10,90.0,136.29855295577144
8,39,1600,80,36,1,53,9,118.0,71.18264863800384
8,39,1600,85,44,0,63,10,216.0,0.0
8,39,1600,85,47,0,25,3,26.0,0.0
8,39,1600,80,44,0,51,4,52.0,0.0
8,39,1600,65,44,1,53,6,78.0,163.00343026751946
8,39,1500,60,36,1,53,7,106.0,54.535930199482756
8,39,1500,70,42,0,29,1,30.0,0.0
8,39,1500,80,43,0,51,8,100.0,0.0
8,39,1500,75,38,1,41,6,82.0,72.4237854062348
8,39,1500,80,36,1,45,7,98.0,49.97019293705982
8,39,1500,80,47,0,73,6,74.0,0.0
8,39,1500,70,40,1,59,7,102.0,128.9850262069206
8,39,1500,85,41,0,55,9,110.0,0.0
8,39,1500,75,50,0,53,5,104.0,0.0
8,39,1500,60,46,1,35,5,54.0,51.070473317549464
8,39,1500,65,38,0,51,8,160.0,0.0
8,39,1500,65,40,1,23,3,36.0,71.26605883595647
8,39,1500,75,36,0,49,4,80.0,0.0
8,39,1500,60,50,0,19,1,20.0,0.0
8,39,1500,70,49,0,25,2,52.0,0.0
8,39,1500,60,49,1,53,5,130.0,72.35069416319288
8,39,1500,70,46,1,75,9,140.0,86.96022693342192
8,39,1500,65,37,1,79,8,180.0,111.27731607882842
8,39,1500,60,44,0,85,6,104.0,0.0
8,39,1500,75,43,1,53,8,104.0,128.12615843218637
8,39,1500,70,47,0,55,5,112.0,0.0
8,39,1500,80,39,0,81,14,150.0,0.0
8,39,1500,65,49,1,29,1,30.0,21.749982225580887
8,39,1500,65,49,1,69,3,70.0,33.863472546546106
8,39,1500,65,49,0,47,4,64.0,0.0
8,39,1500,60,40,0,55,7,114.0,0.0
8,39,1500,90,37,0,75,10,130.0,0.0
8,39,1500,85,50,1,49,8,126.0,242.0133063820523
8,39,1500,70,43,1,35,6,94.0,85.90068198222107
8,39,1500,80,36,1,57,11,128.0,108.2831144462718
8,39,1500,80,36,0,55,9,142.0,0.0
8,39,1500,90,47,0,85,6,140.0,0.0
8,39,1500,80,50,1,69,9,122.0,209.49257265252365
8,39,1500,65,35,0,107,15,232.0,0.0
